0.000000 0.000000 0.000000 0.000000 0.000000 0.000000 0.000000 0.000000 0.000000 0.000000 0.000000 0.000000 0.000000 0.000000 0.000000 0.000000 0.000000 0.000000 0.000000 0.000000 0.000000 0.000000 0.000000 0.000000 0.000000 0.000000 0.000000 0.000000 0.000000 0.000000 0.000000 0.000000 0.000000 0.000000 0.000000 0.000000 0.000000 0.000000 0.000000 0.000000 0.000000 0.000000 0.000000 0.000000 0.000000 0.000000 0.000000 0.000000 0.000000 0.000000 0.000000 0.000000 0.000000 0.000000 0.000000 0.000000 0.000000 0.000000 0.000000 0.000000 0.000000 0.000000 0.000000 0.000000 0.000000 0.000000 0.000000 0.000000 0.000000 0.000000 0.000000 0.000000 0.000000 0.000000 0.000000 0.000000 0.000000 0.000000 0.000000 0.000000 0.000000 0.000000 0.000000 0.000000 0.000000 0.000000 0.000000 0.000000 0.000000 0.000000 0.000000 0.000000 0.000000 0.000000 0.000000 0.000000 0.000000 0.000000 0.000000 0.000000 0.000000 0.000000 0.000000 0.000000 0.000000 0.000000 0.000000 0.000000 0.000000 0.000000 0.000000 0.000000 0.000000 0.000000 0.000000 0.000000 0.000000 0.000000 0.000000 0.000000 0.000000 0.000000 0.000000 0.000000 0.000000 0.000000 0.000000 0.000000 0.000000 0.000000 0.000000 0.000000 0.000000 0.000000 0.000000 0.000000 0.000000 0.000000 0.000000 0.000000 0.000000 0.000000 0.000000 0.000000 0.000000 0.000000 0.000000 0.000000 0.000000 0.000000 0.000000 0.000000 0.000000 0.000000 0.000000 0.000000 0.000000 0.000000 0.000000 0.000000 0.000000 0.000000 0.000000 0.000000 0.000000 0.000000 0.000000 0.000000 0.000000 0.000000 0.000000 0.000000 0.000000 0.000000 0.000000 0.000000 0.000000 0.000000 0.000000 0.000000 0.000000 0.000000 0.000000 0.000000 0.000000 0.000000 0.000000 0.000000 0.000000 0.000000 0.000000 0.000000 0.000000 0.000000 0.000000 0.000000 0.000000 0.000000 0.000000 0.000000 0.000000 0.000000 0.000000 0.000000 0.000000 0.000000 0.000000 0.000000 0.000000 0.000000 0.000000 0.000000 0.000000 0.000000 0.000000 0.000000 0.000000 0.000000 0.000000 0.000000 0.000000 0.000000 0.000000 0.000000 0.000000 0.000000 0.000000 0.000000 0.000000 0.000000 0.000000 0.000000 0.000000 0.000000 0.000000 0.000000 0.000000 0.000000 0.000000 0.000000 0.000000 0.000000 0.000000 0.000000 0.000000 0.000000 0.000000 0.000000 0.000000 0.000000 0.000000 0.000000 0.000000 0.000000 0.000000 0.000000 0.000000 0.000000 0.000000 0.000000 0.000000 0.000000 0.000000 0.000000 0.000000 0.000000 0.000000 0.000000 0.000000 0.000000 0.000000 0.000000 0.000000 0.000000 0.000000 0.000000 0.000000 0.000000 0.000000 0.000000
0.000000 0.000000 0.000000 0.000000 0.000000 0.000000 0.000000 0.000000 0.000000 0.000000 0.000000 0.000000 0.000000 0.000000 0.000000 0.000000 0.000000 0.000000 0.000000 0.000000 0.000000 0.000000 0.000000 0.000000 0.000000 0.000000 0.000000 0.000000 0.000000 0.000000 0.000000 0.000000 0.000000 0.000000 0.000000 0.000000 0.000000 0.000000 0.000000 0.000000 0.000000 0.000000 0.000000 0.000000 0.000000 0.000000 0.000000 0.000000 0.000000 0.000000 0.000000 0.000000 0.000000 0.000000 0.000000 0.000000 0.000000 0.000000 0.000000 0.000000 0.000000 0.000000 0.000000 0.000000 0.000000 0.000000 0.000000 0.000000 0.000000 0.000000 0.000000 0.000000 0.000000 0.000000 0.000000 0.000000 0.000000 0.000000 0.000000 0.000000 0.000000 0.000000 0.000000 0.000000 0.000000 0.000000 0.000000 0.000000 0.000000 0.000000 0.000000 0.000000 0.000000 0.000000 0.000000 0.000000 0.000000 0.000000 0.000000 0.000000 0.000000 0.000000 0.000000 0.000000 0.000000 0.000000 0.000000 0.000000 0.000000 0.000000 0.000000 0.000000 0.000000 0.000000 0.000000 0.000000 0.000000 0.000000 0.000000 0.000000 0.000000 0.000000 0.000000 0.000000 0.000000 0.000000 0.000000 0.000000 0.000000 0.000000 0.000000 0.000000 0.000000 0.000000 0.000000 0.000000 0.000000 0.000000 0.000000 0.000000 0.000000 0.000000 0.000000 0.000000 0.000000 0.000000 0.000000 0.000000 0.000000 0.000000 0.000000 0.000000 0.000000 0.000000 0.000000 0.000000 0.000000 0.000000 0.000000 0.000000 0.000000 0.000000 0.000000 0.000000 0.000000 0.000000 0.000000 0.000000 0.000000 0.000000 0.000000 0.000000 0.000000 0.000000 0.000000 0.000000 0.000000 0.000000 0.000000 0.000000 0.000000 0.000000 0.000000 0.000000 0.000000 0.000000 0.000000 0.000000 0.000000 0.000000 0.000000 0.000000 0.000000 0.000000 0.000000 0.000000 0.000000 0.000000 0.000000 0.000000 0.000000 0.000000 0.000000 0.000000 0.000000 0.000000 0.000000 0.000000 0.000000 0.000000 0.000000 0.000000 0.000000 0.000000 0.000000 0.000000 0.000000 0.000000 0.000000 0.000000 0.000000 0.000000 0.000000 0.000000 0.000000 0.000000 0.000000 0.000000 0.000000 0.000000 0.000000 0.000000 0.000000 0.000000 0.000000 0.000000 0.000000 0.000000 0.000000 0.000000 0.000000 0.000000 0.000000 0.000000 0.000000 0.000000 0.000000 0.000000 0.000000 0.000000 0.000000 0.000000 0.000000 0.000000 0.000000 0.000000 0.000000 0.000000 0.000000 0.000000 0.000000 0.000000 0.000000 0.000000 0.000000 0.000000 0.000000 0.000000 0.000000 0.000000 0.000000 0.000000 0.000000 0.000000 0.000000 0.000000 0.000000 0.000000 0.000000 0.000000
0.000000 0.000000 0.000000 0.000000 0.000000 0.000000 0.000000 0.000000 0.000000 0.000000 0.000000 0.000000 0.000000 0.000000 0.000000 0.000000 0.000000 0.000000 0.000000 0.000000 0.000000 0.000000 0.000000 0.000000 0.000000 0.000000 0.000000 0.000000 0.000000 0.000000 0.000000 0.000000 0.000000 0.000000 0.000000 0.000000 0.000000 0.000000 0.000000 0.000000 0.000000 0.000000 0.000000 0.000000 0.000000 0.000000 0.000000 0.000000 0.000000 0.000000 0.000000 0.000000 0.000000 0.000000 0.000000 0.000000 0.000000 0.000000 0.000000 0.000000 0.000000 0.000000 0.000000 0.000000 0.000000 0.000000 0.000000 0.000000 0.000000 0.000000 0.000000 0.000000 0.000000 0.000000 0.000000 0.000000 0.000000 0.000000 0.000000 0.000000 0.000000 0.000000 0.000000 0.000000 0.000000 0.000000 0.000000 0.000000 0.000000 0.000000 0.000000 0.000000 0.000000 0.000000 0.000000 0.000000 0.000000 0.000000 0.000000 0.000000 0.000000 0.000000 0.000000 0.000000 0.000000 0.000000 0.000000 0.000000 0.000000 0.000000 0.000000 0.000000 0.000000 0.000000 0.000000 0.000000 0.000000 0.000000 0.000000 0.000000 0.000000 0.000000 0.000000 0.000000 0.000000 0.000000 0.000000 0.000000 0.000000 0.000000 0.000000 0.000000 0.000000 0.000000 0.000000 0.000000 0.000000 0.000000 0.000000 0.000000 0.000000 0.000000 0.000000 0.000000 0.000000 0.000000 0.000000 0.000000 0.000000 0.000000 0.000000 0.000000 0.000000 0.000000 0.000000 0.000000 0.000000 0.000000 0.000000 0.000000 0.000000 0.000000 0.000000 0.000000 0.000000 0.000000 0.000000 0.000000 0.000000 0.000000 0.000000 0.000000 0.000000 0.000000 0.000000 0.000000 0.000000 0.000000 0.000000 0.000000 0.000000 0.000000 0.000000 0.000000 0.000000 0.000000 0.000000 0.000000 0.000000 0.000000 0.000000 0.000000 0.000000 0.000000 0.000000 0.000000 0.000000 0.000000 0.000000 0.000000 0.000000 0.000000 0.000000 0.000000 0.000000 0.000000 0.000000 0.000000 0.000000 0.000000 0.000000 0.000000 0.000000 0.000000 0.000000 0.000000 0.000000 0.000000 0.000000 0.000000 0.000000 0.000000 0.000000 0.000000 0.000000 0.000000 0.000000 0.000000 0.000000 0.000000 0.000000 0.000000 0.000000 0.000000 0.000000 0.000000 0.000000 0.000000 0.000000 0.000000 0.000000 0.000000 0.000000 0.000000 0.000000 0.000000 0.000000 0.000000 0.000000 0.000000 0.000000 0.000000 0.000000 0.000000 0.000000 0.000000 0.000000 0.000000 0.000000 0.000000 0.000000 0.000000 0.000000 0.000000 0.000000 0.000000 0.000000 0.000000 0.000000 0.000000 0.000000 0.000000 0.000000 0.000000 0.000000 0.000000 0.000000 0.000000 0.000000 0.000000
0.000000 0.000000 0.000000 0.000000 0.000000 0.000000 0.000000 0.000000 0.000000 0.000000 0.000000 0.000000 0.000000 0.000000 0.000000 0.000000 0.000000 0.000000 0.000000 0.000000 0.000000 0.000000 0.000000 0.000000 0.000000 0.000000 0.000000 0.000000 0.000000 0.000000 0.000000 0.000000 0.000000 0.000000 0.000000 0.000000 0.000000 0.000000 0.000000 0.000000 0.000000 0.000000 0.000000 0.000000 0.000000 0.000000 0.000000 0.000000 0.000000 0.000000 0.000000 0.000000 0.000000 0.000000 0.000000 0.000000 0.000000 0.000000 0.000000 0.000000 0.000000 0.000000 0.000000 0.000000 0.000000 0.000000 0.000000 0.000000 0.000000 0.000000 0.000000 0.000000 0.000000 0.000000 0.000000 0.000000 0.000000 0.000000 0.000000 0.000000 0.000000 0.000000 0.000000 0.000000 0.000000 0.000000 0.000000 0.000000 0.000000 0.000000 0.000000 0.000000 0.000000 0.000000 0.000000 0.000000 0.000000 0.000000 0.000000 0.000000 0.000000 0.000000 0.000000 0.000000 0.000000 0.000000 0.000000 0.000000 0.000000 0.000000 0.000000 0.000000 0.000000 0.000000 0.000000 0.000000 0.000000 0.000000 0.000000 0.000000 0.000000 0.000000 0.000000 0.000000 0.000000 0.000000 0.000000 0.000000 0.000000 0.000000 0.000000 0.000000 0.000000 0.000000 0.000000 0.000000 0.000000 0.000000 0.000000 0.000000 0.000000 0.000000 0.000000 0.000000 0.000000 0.000000 0.000000 0.000000 0.000000 0.000000 0.000000 0.000000 0.000000 0.000000 0.000000 0.000000 0.000000 0.000000 0.000000 0.000000 0.000000 0.000000 0.000000 0.000000 0.000000 0.000000 0.000000 0.000000 0.000000 0.000000 0.000000 0.000000 0.000000 0.000000 0.000000 0.000000 0.000000 0.000000 0.000000 0.000000 0.000000 0.000000 0.000000 0.000000 0.000000 0.000000 0.000000 0.000000 0.000000 0.000000 0.000000 0.000000 0.000000 0.000000 0.000000 0.000000 0.000000 0.000000 0.000000 0.000000 0.000000 0.000000 0.000000 0.000000 0.000000 0.000000 0.000000 0.000000 0.000000 0.000000 0.000000 0.000000 0.000000 0.000000 0.000000 0.000000 0.000000 0.000000 0.000000 0.000000 0.000000 0.000000 0.000000 0.000000 0.000000 0.000000 0.000000 0.000000 0.000000 0.000000 0.000000 0.000000 0.000000 0.000000 0.000000 0.000000 0.000000 0.000000 0.000000 0.000000 0.000000 0.000000 0.000000 0.000000 0.000000 0.000000 0.000000 0.000000 0.000000 0.000000 0.000000 0.000000 0.000000 0.000000 0.000000 0.000000 0.000000 0.000000 0.000000 0.000000 0.000000 0.000000 0.000000 0.000000 0.000000 0.000000 0.000000 0.000000 0.000000 0.000000 0.000000 0.000000 0.000000 0.000000 0.000000 0.000000 0.000000 0.000000 0.000000 0.000000
0.000000 0.000000 0.000000 0.000000 0.000000 0.000000 0.000000 0.000000 0.000000 0.000000 0.000000 0.000000 0.000000 0.000000 0.000000 0.000000 0.000000 0.000000 0.000000 0.000000 0.000000 0.000000 0.000000 0.000000 0.000000 0.000000 0.000000 0.000000 0.000000 0.000000 0.000000 0.000000 0.000000 0.000000 0.000000 0.000000 0.000000 0.000000 0.000000 0.000000 0.000000 0.000000 0.000000 0.000000 0.000000 0.000000 0.000000 0.000000 0.000000 0.000000 0.000000 0.000000 0.000000 0.000000 0.000000 0.000000 0.000000 0.000000 0.000000 0.000000 0.000000 0.000000 0.000000 0.000000 0.000000 0.000000 0.000000 0.000000 0.000000 0.000000 0.000000 0.000000 0.000000 0.000000 0.000000 0.000000 0.000000 0.000000 0.000000 0.000000 0.000000 0.000000 0.000000 0.000000 0.000000 0.000000 0.000000 0.000000 0.000000 0.000000 0.000000 0.000000 0.000000 0.000000 0.000000 0.000000 0.000000 0.000000 0.000000 0.000000 0.000000 0.000000 0.000000 0.000000 0.000000 0.000000 0.000000 0.000000 0.000000 0.000000 0.000000 0.000000 0.000000 0.000000 0.000000 0.000000 0.000000 0.000000 0.000000 0.000000 0.000000 0.000000 0.000000 0.000000 0.000000 0.000000 0.000000 0.000000 0.000000 0.000000 0.000000 0.000000 0.000000 0.000000 0.000000 0.000000 0.000000 0.000000 0.000000 0.000000 0.000000 0.000000 0.000000 0.000000 0.000000 0.000000 0.000000 0.000000 0.000000 0.000000 0.000000 0.000000 0.000000 0.000000 0.000000 0.000000 0.000000 0.000000 0.000000 0.000000 0.000000 0.000000 0.000000 0.000000 0.000000 0.000000 0.000000 0.000000 0.000000 0.000000 0.000000 0.000000 0.000000 0.000000 0.000000 0.000000 0.000000 0.000000 0.000000 0.000000 0.000000 0.000000 0.000000 0.000000 0.000000 0.000000 0.000000 0.000000 0.000000 0.000000 0.000000 0.000000 0.000000 0.000000 0.000000 0.000000 0.000000 0.000000 0.000000 0.000000 0.000000 0.000000 0.000000 0.000000 0.000000 0.000000 0.000000 0.000000 0.000000 0.000000 0.000000 0.000000 0.000000 0.000000 0.000000 0.000000 0.000000 0.000000 0.000000 0.000000 0.000000 0.000000 0.000000 0.000000 0.000000 0.000000 0.000000 0.000000 0.000000 0.000000 0.000000 0.000000 0.000000 0.000000 0.000000 0.000000 0.000000 0.000000 0.000000 0.000000 0.000000 0.000000 0.000000 0.000000 0.000000 0.000000 0.000000 0.000000 0.000000 0.000000 0.000000 0.000000 0.000000 0.000000 0.000000 0.000000 0.000000 0.000000 0.000000 0.000000 0.000000 0.000000 0.000000 0.000000 0.000000 0.000000 0.000000 0.000000 0.000000 0.000000 0.000000 0.000000 0.000000 0.000000 0.000000 0.000000 0.000000 0.000000 0.000000 0.000000
0.000000 0.000000 0.000000 0.000000 0.000000 0.000000 0.000000 0.000000 0.000000 0.000000 0.000000 0.000000 0.000000 0.000000 0.000000 0.000000 0.000000 0.000000 0.000000 0.000000 0.000000 0.000000 0.000000 0.000000 0.000000 0.000000 0.000000 0.000000 0.000000 0.000000 0.000000 0.000000 0.000000 0.000000 0.000000 0.000000 0.000000 0.000000 0.000000 0.000000 0.000000 0.000000 0.000000 0.000000 0.000000 0.000000 0.000000 0.000000 0.000000 0.000000 0.000000 0.000000 0.000000 0.000000 0.000000 0.000000 0.000000 0.000000 0.000000 0.000000 0.000000 0.000000 0.000000 0.000000 0.000000 0.000000 0.000000 0.000000 0.000000 0.000000 0.000000 0.000000 0.000000 0.000000 0.000000 0.000000 0.000000 0.000000 0.000000 0.000000 0.000000 0.000000 0.000000 0.000000 0.000000 0.000000 0.000000 0.000000 0.000000 0.000000 0.000000 0.000000 0.000000 0.000000 0.000000 0.000000 0.000000 0.000000 0.000000 0.000000 0.000000 0.000000 0.000000 0.000000 0.000000 0.000000 0.000000 0.000000 0.000000 0.000000 0.000000 0.000000 0.000000 0.000000 0.000000 0.000000 0.000000 0.000000 0.000000 0.000000 0.000000 0.000000 0.000000 0.000000 0.000000 0.000000 0.000000 0.000000 0.000000 0.000000 0.000000 0.000000 0.000000 0.000000 0.000000 0.000000 0.000000 0.000000 0.000000 0.000000 0.000000 0.000000 0.000000 0.000000 0.000000 0.000000 0.000000 0.000000 0.000000 0.000000 0.000000 0.000000 0.000000 0.000000 0.000000 0.000000 0.000000 0.000000 0.000000 0.000000 0.000000 0.000000 0.000000 0.000000 0.000000 0.000000 0.000000 0.000000 0.000000 0.000000 0.000000 0.000000 0.000000 0.000000 0.000000 0.000000 0.000000 0.000000 0.000000 0.000000 0.000000 0.000000 0.000000 0.000000 0.000000 0.000000 0.000000 0.000000 0.000000 0.000000 0.000000 0.000000 0.000000 0.000000 0.000000 0.000000 0.000000 0.000000 0.000000 0.000000 0.000000 0.000000 0.000000 0.000000 0.000000 0.000000 0.000000 0.000000 0.000000 0.000000 0.000000 0.000000 0.000000 0.000000 0.000000 0.000000 0.000000 0.000000 0.000000 0.000000 0.000000 0.000000 0.000000 0.000000 0.000000 0.000000 0.000000 0.000000 0.000000 0.000000 0.000000 0.000000 0.000000 0.000000 0.000000 0.000000 0.000000 0.000000 0.000000 0.000000 0.000000 0.000000 0.000000 0.000000 0.000000 0.000000 0.000000 0.000000 0.000000 0.000000 0.000000 0.000000 0.000000 0.000000 0.000000 0.000000 0.000000 0.000000 0.000000 0.000000 0.000000 0.000000 0.000000 0.000000 0.000000 0.000000 0.000000 0.000000 0.000000 0.000000 0.000000 0.000000 0.000000 0.000000 0.000000 0.000000 0.000000 0.000000 0.000000 0.000000
0.000000 0.000000 0.000000 0.000000 0.000000 0.000000 0.000000 0.000000 0.000000 0.000000 0.000000 0.000000 0.000000 0.000000 0.000000 0.000000 0.000000 0.000000 0.000000 0.000000 0.000000 0.000000 0.000000 0.000000 0.000000 0.000000 0.000000 0.000000 0.000000 0.000000 0.000000 0.000000 0.000000 0.000000 0.000000 0.000000 0.000000 0.000000 0.000000 0.000000 0.000000 0.000000 0.000000 0.000000 0.000000 0.000000 0.000000 0.000000 0.000000 0.000000 0.000000 0.000000 0.000000 0.000000 0.000000 0.000000 0.000000 0.000000 0.000000 0.000000 0.000000 0.000000 0.000000 0.000000 0.000000 0.000000 0.000000 0.000000 0.000000 0.000000 0.000000 0.000000 0.000000 0.000000 0.000000 0.000000 0.000000 0.000000 0.000000 0.000000 0.000000 0.000000 0.000000 0.000000 0.000000 0.000000 0.000000 0.000000 0.000000 0.000000 0.000000 0.000000 0.000000 0.000000 0.000000 0.000000 0.000000 0.000000 0.000000 0.000000 0.000000 0.000000 0.000000 0.000000 0.000000 0.000000 0.000000 0.000000 0.000000 0.000000 0.000000 0.000000 0.000000 0.000000 0.000000 0.000000 0.000000 0.000000 0.000000 0.000000 0.000000 0.000000 0.000000 0.000000 0.000000 0.000000 0.000000 0.000000 0.000000 0.000000 0.000000 0.000000 0.000000 0.000000 0.000000 0.000000 0.000000 0.000000 0.000000 0.000000 0.000000 0.000000 0.000000 0.000000 0.000000 0.000000 0.000000 0.000000 0.000000 0.000000 0.000000 0.000000 0.000000 0.000000 0.000000 0.000000 0.000000 0.000000 0.000000 0.000000 0.000000 0.000000 0.000000 0.000000 0.000000 0.000000 0.000000 0.000000 0.000000 0.000000 0.000000 0.000000 0.000000 0.000000 0.000000 0.000000 0.000000 0.000000 0.000000 0.000000 0.000000 0.000000 0.000000 0.000000 0.000000 0.000000 0.000000 0.000000 0.000000 0.000000 0.000000 0.000000 0.000000 0.000000 0.000000 0.000000 0.000000 0.000000 0.000000 0.000000 0.000000 0.000000 0.000000 0.000000 0.000000 0.000000 0.000000 0.000000 0.000000 0.000000 0.000000 0.000000 0.000000 0.000000 0.000000 0.000000 0.000000 0.000000 0.000000 0.000000 0.000000 0.000000 0.000000 0.000000 0.000000 0.000000 0.000000 0.000000 0.000000 0.000000 0.000000 0.000000 0.000000 0.000000 0.000000 0.000000 0.000000 0.000000 0.000000 0.000000 0.000000 0.000000 0.000000 0.000000 0.000000 0.000000 0.000000 0.000000 0.000000 0.000000 0.000000 0.000000 0.000000 0.000000 0.000000 0.000000 0.000000 0.000000 0.000000 0.000000 0.000000 0.000000 0.000000 0.000000 0.000000 0.000000 0.000000 0.000000 0.000000 0.000000 0.000000 0.000000 0.000000 0.000000 0.000000 0.000000 0.000000 0.000000 0.000000 0.000000
0.000000 0.000000 0.000000 0.000000 0.000000 0.000000 0.000000 0.000000 0.000000 0.000000 0.000000 0.000000 0.000000 0.000000 0.000000 0.000000 0.000000 0.000000 0.000000 0.000000 0.000000 0.000000 0.000000 0.000000 0.000000 0.000000 0.000000 0.000000 0.000000 0.000000 0.000000 0.000000 0.000000 0.000000 0.000000 0.000000 0.000000 0.000000 0.000000 0.000000 0.000000 0.000000 0.000000 0.000000 0.000000 0.000000 0.000000 0.000000 0.000000 0.000000 0.000000 0.000000 0.000000 0.000000 0.000000 0.000000 0.000000 0.000000 0.000000 0.000000 0.000000 0.000000 0.000000 0.000000 0.000000 0.000000 0.000000 0.000000 0.000000 0.000000 0.000000 0.000000 0.000000 0.000000 0.000000 0.000000 0.000000 0.000000 0.000000 0.000000 0.000000 0.000000 0.000000 0.000000 0.000000 0.000000 0.000000 0.000000 0.000000 0.000000 0.000000 0.000000 0.000000 0.000000 0.000000 0.000000 0.000000 0.000000 0.000000 0.000000 0.000000 0.000000 0.000000 0.000000 0.000000 0.000000 0.000000 0.000000 0.000000 0.000000 0.000000 0.000000 0.000000 0.000000 0.000000 0.000000 0.000000 0.000000 0.000000 0.000000 0.000000 0.000000 0.000000 0.000000 0.000000 0.000000 0.000000 0.000000 0.000000 0.000000 0.000000 0.000000 0.000000 0.000000 0.000000 0.000000 0.000000 0.000000 0.000000 0.000000 0.000000 0.000000 0.000000 0.000000 0.000000 0.000000 0.000000 0.000000 0.000000 0.000000 0.000000 0.000000 0.000000 0.000000 0.000000 0.000000 0.000000 0.000000 0.000000 0.000000 0.000000 0.000000 0.000000 0.000000 0.000000 0.000000 0.000000 0.000000 0.000000 0.000000 0.000000 0.000000 0.000000 0.000000 0.000000 0.000000 0.000000 0.000000 0.000000 0.000000 0.000000 0.000000 0.000000 0.000000 0.000000 0.000000 0.000000 0.000000 0.000000 0.000000 0.000000 0.000000 0.000000 0.000000 0.000000 0.000000 0.000000 0.000000 0.000000 0.000000 0.000000 0.000000 0.000000 0.000000 0.000000 0.000000 0.000000 0.000000 0.000000 0.000000 0.000000 0.000000 0.000000 0.000000 0.000000 0.000000 0.000000 0.000000 0.000000 0.000000 0.000000 0.000000 0.000000 0.000000 0.000000 0.000000 0.000000 0.000000 0.000000 0.000000 0.000000 0.000000 0.000000 0.000000 0.000000 0.000000 0.000000 0.000000 0.000000 0.000000 0.000000 0.000000 0.000000 0.000000 0.000000 0.000000 0.000000 0.000000 0.000000 0.000000 0.000000 0.000000 0.000000 0.000000 0.000000 0.000000 0.000000 0.000000 0.000000 0.000000 0.000000 0.000000 0.000000 0.000000 0.000000 0.000000 0.000000 0.000000 0.000000 0.000000 0.000000 0.000000 0.000000 0.000000 0.000000 0.000000 0.000000 0.000000 0.000000 0.000000
0.000000 0.000000 0.000000 0.000000 0.000000 0.000000 0.000000 0.000000 0.000000 0.000000 0.000000 0.000000 0.000000 0.000000 0.000000 0.000000 0.000000 0.000000 0.000000 0.000000 0.000000 0.000000 0.000000 0.000000 0.000000 0.000000 0.000000 0.000000 0.000000 0.000000 0.000000 0.000000 0.000000 0.000000 0.000000 0.000000 0.000000 0.000000 0.000000 0.000000 0.000000 0.000000 0.000000 0.000000 0.000000 0.000000 0.000000 0.000000 0.000000 0.000000 0.000000 0.000000 0.000000 0.000000 0.000000 0.000000 0.000000 0.000000 0.000000 0.000000 0.000000 0.000000 0.000000 0.000000 0.000000 0.000000 0.000000 0.000000 0.000000 0.000000 0.000000 0.000000 0.000000 0.000000 0.000000 0.000000 0.000000 0.000000 0.000000 0.000000 0.000000 0.000000 0.000000 0.000000 0.000000 0.000000 0.000000 0.000000 0.000000 0.000000 0.000000 0.000000 0.000000 0.000000 0.000000 0.000000 0.000000 0.000000 0.000000 0.000000 0.000000 0.000000 0.000000 0.000000 0.000000 0.000000 0.000000 0.000000 0.000000 0.000000 0.000000 0.000000 0.000000 0.000000 0.000000 0.000000 0.000000 0.000000 0.000000 0.000000 0.000000 0.000000 0.000000 0.000000 0.000000 0.000000 0.000000 0.000000 0.000000 0.000000 0.000000 0.000000 0.000000 0.000000 0.000000 0.000000 0.000000 0.000000 0.000000 0.000000 0.000000 0.000000 0.000000 0.000000 0.000000 0.000000 0.000000 0.000000 0.000000 0.000000 0.000000 0.000000 0.000000 0.000000 0.000000 0.000000 0.000000 0.000000 0.000000 0.000000 0.000000 0.000000 0.000000 0.000000 0.000000 0.000000 0.000000 0.000000 0.000000 0.000000 0.000000 0.000000 0.000000 0.000000 0.000000 0.000000 0.000000 0.000000 0.000000 0.000000 0.000000 0.000000 0.000000 0.000000 0.000000 0.000000 0.000000 0.000000 0.000000 0.000000 0.000000 0.000000 0.000000 0.000000 0.000000 0.000000 0.000000 0.000000 0.000000 0.000000 0.000000 0.000000 0.000000 0.000000 0.000000 0.000000 0.000000 0.000000 0.000000 0.000000 0.000000 0.000000 0.000000 0.000000 0.000000 0.000000 0.000000 0.000000 0.000000 0.000000 0.000000 0.000000 0.000000 0.000000 0.000000 0.000000 0.000000 0.000000 0.000000 0.000000 0.000000 0.000000 0.000000 0.000000 0.000000 0.000000 0.000000 0.000000 0.000000 0.000000 0.000000 0.000000 0.000000 0.000000 0.000000 0.000000 0.000000 0.000000 0.000000 0.000000 0.000000 0.000000 0.000000 0.000000 0.000000 0.000000 0.000000 0.000000 0.000000 0.000000 0.000000 0.000000 0.000000 0.000000 0.000000 0.000000 0.000000 0.000000 0.000000 0.000000 0.000000 0.000000 0.000000 0.000000 0.000000 0.000000 0.000000 0.000000 0.000000 0.000000
0.000000 0.000000 0.000000 0.000000 0.000000 0.000000 0.000000 0.000000 0.000000 0.000000 0.000000 0.000000 0.000000 0.000000 0.000000 0.000000 0.000000 0.000000 0.000000 0.000000 0.000000 0.000000 0.000000 0.000000 0.000000 0.000000 0.000000 0.000000 0.000000 0.000000 0.000000 0.000000 0.000000 0.000000 0.000000 0.000000 0.000000 0.000000 0.000000 0.000000 0.000000 0.000000 0.000000 0.000000 0.000000 0.000000 0.000000 0.000000 0.000000 0.000000 0.000000 0.000000 0.000000 0.000000 0.000000 0.000000 0.000000 0.000000 0.000000 0.000000 0.000000 0.000000 0.000000 0.000000 0.000000 0.000000 0.000000 0.000000 0.000000 0.000000 0.000000 0.000000 0.000000 0.000000 0.000000 0.000000 0.000000 0.000000 0.000000 0.000000 0.000000 0.000000 0.000000 0.000000 0.000000 0.000000 0.000000 0.000000 0.000000 0.000000 0.000000 0.000000 0.000000 0.000000 0.000000 0.000000 0.000000 0.000000 0.000000 0.000000 0.000000 0.000000 0.000000 0.000000 0.000000 0.000000 0.000000 0.000000 0.000000 0.000000 0.000000 0.000000 0.000000 0.000000 0.000000 0.000000 0.000000 0.000000 0.000000 0.000000 0.000000 0.000000 0.000000 0.000000 0.000000 0.000000 0.000000 0.000000 0.000000 0.000000 0.000000 0.000000 0.000000 0.000000 0.000000 0.000000 0.000000 0.000000 0.000000 0.000000 0.000000 0.000000 0.000000 0.000000 0.000000 0.000000 0.000000 0.000000 0.000000 0.000000 0.000000 0.000000 0.000000 0.000000 0.000000 0.000000 0.000000 0.000000 0.000000 0.000000 0.000000 0.000000 0.000000 0.000000 0.000000 0.000000 0.000000 0.000000 0.000000 0.000000 0.000000 0.000000 0.000000 0.000000 0.000000 0.000000 0.000000 0.000000 0.000000 0.000000 0.000000 0.000000 0.000000 0.000000 0.000000 0.000000 0.000000 0.000000 0.000000 0.000000 0.000000 0.000000 0.000000 0.000000 0.000000 0.000000 0.000000 0.000000 0.000000 0.000000 0.000000 0.000000 0.000000 0.000000 0.000000 0.000000 0.000000 0.000000 0.000000 0.000000 0.000000 0.000000 0.000000 0.000000 0.000000 0.000000 0.000000 0.000000 0.000000 0.000000 0.000000 0.000000 0.000000 0.000000 0.000000 0.000000 0.000000 0.000000 0.000000 0.000000 0.000000 0.000000 0.000000 0.000000 0.000000 0.000000 0.000000 0.000000 0.000000 0.000000 0.000000 0.000000 0.000000 0.000000 0.000000 0.000000 0.000000 0.000000 0.000000 0.000000 0.000000 0.000000 0.000000 0.000000 0.000000 0.000000 0.000000 0.000000 0.000000 0.000000 0.000000 0.000000 0.000000 0.000000 0.000000 0.000000 0.000000 0.000000 0.000000 0.000000 0.000000 0.000000 0.000000 0.000000 0.000000 0.000000 0.000000 0.000000 0.000000 0.000000
0.000000 0.000000 0.000000 0.000000 0.000000 0.000000 0.000000 0.000000 0.000000 0.000000 0.000000 0.000000 0.000000 0.000000 0.000000 0.000000 0.000000 0.000000 0.000000 0.000000 0.000000 0.000000 0.000000 0.000000 0.000000 0.000000 0.000000 0.000000 0.000000 0.000000 0.000000 0.000000 0.000000 0.000000 0.000000 0.000000 0.000000 0.000000 0.000000 0.000000 0.000000 0.000000 0.000000 0.000000 0.000000 0.000000 0.000000 0.000000 0.000000 0.000000 0.000000 0.000000 0.000000 0.000000 0.000000 0.000000 0.000000 0.000000 0.000000 0.000000 0.000000 0.000000 0.000000 0.000000 0.000000 0.000000 0.000000 0.000000 0.000000 0.000000 0.000000 0.000000 0.000000 0.000000 0.000000 0.000000 0.000000 0.000000 0.000000 0.000000 0.000000 0.000000 0.000000 0.000000 0.000000 0.000000 0.000000 0.000000 0.000000 0.000000 0.000000 0.000000 0.000000 0.000000 0.000000 0.000000 0.000000 0.000000 0.000000 0.000000 0.000000 0.000000 0.000000 0.000000 0.000000 0.000000 0.000000 0.000000 0.000000 0.000000 0.000000 0.000000 0.000000 0.000000 0.000000 0.000000 0.000000 0.000000 0.000000 0.000000 0.000000 0.000000 0.000000 0.000000 0.000000 0.000000 0.000000 0.000000 0.000000 0.000000 0.000000 0.000000 0.000000 0.000000 0.000000 0.000000 0.000000 0.000000 0.000000 0.000000 0.000000 0.000000 0.000000 0.000000 0.000000 0.000000 0.000000 0.000000 0.000000 0.000000 0.000000 0.000000 0.000000 0.000000 0.000000 0.000000 0.000000 0.000000 0.000000 0.000000 0.000000 0.000000 0.000000 0.000000 0.000000 0.000000 0.000000 0.000000 0.000000 0.000000 0.000000 0.000000 0.000000 0.000000 0.000000 0.000000 0.000000 0.000000 0.000000 0.000000 0.000000 0.000000 0.000000 0.000000 0.000000 0.000000 0.000000 0.000000 0.000000 0.000000 0.000000 0.000000 0.000000 0.000000 0.000000 0.000000 0.000000 0.000000 0.000000 0.000000 0.000000 0.000000 0.000000 0.000000 0.000000 0.000000 0.000000 0.000000 0.000000 0.000000 0.000000 0.000000 0.000000 0.000000 0.000000 0.000000 0.000000 0.000000 0.000000 0.000000 0.000000 0.000000 0.000000 0.000000 0.000000 0.000000 0.000000 0.000000 0.000000 0.000000 0.000000 0.000000 0.000000 0.000000 0.000000 0.000000 0.000000 0.000000 0.000000 0.000000 0.000000 0.000000 0.000000 0.000000 0.000000 0.000000 0.000000 0.000000 0.000000 0.000000 0.000000 0.000000 0.000000 0.000000 0.000000 0.000000 0.000000 0.000000 0.000000 0.000000 0.000000 0.000000 0.000000 0.000000 0.000000 0.000000 0.000000 0.000000 0.000000 0.000000 0.000000 0.000000 0.000000 0.000000 0.000000 0.000000 0.000000 0.000000 0.000000 0.000000
0.000000 0.000000 0.000000 0.000000 0.000000 0.000000 0.000000 0.000000 0.000000 0.000000 0.000000 0.000000 0.000000 0.000000 0.000000 0.000000 0.000000 0.000000 0.000000 0.000000 0.000000 0.000000 0.000000 0.000000 0.000000 0.000000 0.000000 0.000000 0.000000 0.000000 0.000000 0.000000 0.000000 0.000000 0.000000 0.000000 0.000000 0.000000 0.000000 0.000000 0.000000 0.000000 0.000000 0.000000 0.000000 0.000000 0.000000 0.000000 0.000000 0.000000 0.000000 0.000000 0.000000 0.000000 0.000000 0.000000 0.000000 0.000000 0.000000 0.000000 0.000000 0.000000 0.000000 0.000000 0.000000 0.000000 0.000000 0.000000 0.000000 0.000000 0.000000 0.000000 0.000000 0.000000 0.000000 0.000000 0.000000 0.000000 0.000000 0.000000 0.000000 0.000000 0.000000 0.000000 0.000000 0.000000 0.000000 0.000000 0.000000 0.000000 0.000000 0.000000 0.000000 0.000000 0.000000 0.000000 0.000000 0.000000 0.000000 0.000000 0.000000 0.000000 0.000000 0.000000 0.000000 0.000000 0.000000 0.000000 0.000000 0.000000 0.000000 0.000000 0.000000 0.000000 0.000000 0.000000 0.000000 0.000000 0.000000 0.000000 0.000000 0.000000 0.000000 0.000000 0.000000 0.000000 0.000000 0.000000 0.000000 0.000000 0.000000 0.000000 0.000000 0.000000 0.000000 0.000000 0.000000 0.000000 0.000000 0.000000 0.000000 0.000000 0.000000 0.000000 0.000000 0.000000 0.000000 0.000000 0.000000 0.000000 0.000000 0.000000 0.000000 0.000000 0.000000 0.000000 0.000000 0.000000 0.000000 0.000000 0.000000 0.000000 0.000000 0.000000 0.000000 0.000000 0.000000 0.000000 0.000000 0.000000 0.000000 0.000000 0.000000 0.000000 0.000000 0.000000 0.000000 0.000000 0.000000 0.000000 0.000000 0.000000 0.000000 0.000000 0.000000 0.000000 0.000000 0.000000 0.000000 0.000000 0.000000 0.000000 0.000000 0.000000 0.000000 0.000000 0.000000 0.000000 0.000000 0.000000 0.000000 0.000000 0.000000 0.000000 0.000000 0.000000 0.000000 0.000000 0.000000 0.000000 0.000000 0.000000 0.000000 0.000000 0.000000 0.000000 0.000000 0.000000 0.000000 0.000000 0.000000 0.000000 0.000000 0.000000 0.000000 0.000000 0.000000 0.000000 0.000000 0.000000 0.000000 0.000000 0.000000 0.000000 0.000000 0.000000 0.000000 0.000000 0.000000 0.000000 0.000000 0.000000 0.000000 0.000000 0.000000 0.000000 0.000000 0.000000 0.000000 0.000000 0.000000 0.000000 0.000000 0.000000 0.000000 0.000000 0.000000 0.000000 0.000000 0.000000 0.000000 0.000000 0.000000 0.000000 0.000000 0.000000 0.000000 0.000000 0.000000 0.000000 0.000000 0.000000 0.000000 0.000000 0.000000 0.000000 0.000000 0.000000 0.000000 0.000000
0.000000 0.000000 0.000000 0.000000 0.000000 0.000000 0.000000 0.000000 0.000000 0.000000 0.000000 0.000000 0.000000 0.000000 0.000000 0.000000 0.000000 0.000000 0.000000 0.000000 0.000000 0.000000 0.000000 0.000000 0.000000 0.000000 0.000000 0.000000 0.000000 0.000000 0.000000 0.000000 0.000000 0.000000 0.000000 0.000000 0.000000 0.000000 0.000000 0.000000 0.000000 0.000000 0.000000 0.000000 0.000000 0.000000 0.000000 0.000000 0.000000 0.000000 0.000000 0.000000 0.000000 0.000000 0.000000 0.000000 0.000000 0.000000 0.000000 0.000000 0.000000 0.000000 0.000000 0.000000 0.000000 0.000000 0.000000 0.000000 0.000000 0.000000 0.000000 0.000000 0.000000 0.000000 0.000000 0.000000 0.000000 0.000000 0.000000 0.000000 0.000000 0.000000 0.000000 0.000000 0.000000 0.000000 0.000000 0.000000 0.000000 0.000000 0.000000 0.000000 0.000000 0.000000 0.000000 0.000000 0.000000 0.000000 0.000000 0.000000 0.000000 0.000000 0.000000 0.000000 0.000000 0.000000 0.000000 0.000000 0.000000 0.000000 0.000000 0.000000 0.000000 0.000000 0.000000 0.000000 0.000000 0.000000 0.000000 0.000000 0.000000 0.000000 0.000000 0.000000 0.000000 0.000000 0.000000 0.000000 0.000000 0.000000 0.000000 0.000000 0.000000 0.000000 0.000000 0.000000 0.000000 0.000000 0.000000 0.000000 0.000000 0.000000 0.000000 0.000000 0.000000 0.000000 0.000000 0.000000 0.000000 0.000000 0.000000 0.000000 0.000000 0.000000 0.000000 0.000000 0.000000 0.000000 0.000000 0.000000 0.000000 0.000000 0.000000 0.000000 0.000000 0.000000 0.000000 0.000000 0.000000 0.000000 0.000000 0.000000 0.000000 0.000000 0.000000 0.000000 0.000000 0.000000 0.000000 0.000000 0.000000 0.000000 0.000000 0.000000 0.000000 0.000000 0.000000 0.000000 0.000000 0.000000 0.000000 0.000000 0.000000 0.000000 0.000000 0.000000 0.000000 0.000000 0.000000 0.000000 0.000000 0.000000 0.000000 0.000000 0.000000 0.000000 0.000000 0.000000 0.000000 0.000000 0.000000 0.000000 0.000000 0.000000 0.000000 0.000000 0.000000 0.000000 0.000000 0.000000 0.000000 0.000000 0.000000 0.000000 0.000000 0.000000 0.000000 0.000000 0.000000 0.000000 0.000000 0.000000 0.000000 0.000000 0.000000 0.000000 0.000000 0.000000 0.000000 0.000000 0.000000 0.000000 0.000000 0.000000 0.000000 0.000000 0.000000 0.000000 0.000000 0.000000 0.000000 0.000000 0.000000 0.000000 0.000000 0.000000 0.000000 0.000000 0.000000 0.000000 0.000000 0.000000 0.000000 0.000000 0.000000 0.000000 0.000000 0.000000 0.000000 0.000000 0.000000 0.000000 0.000000 0.000000 0.000000 0.000000 0.000000 0.000000 0.000000 0.000000
0.000000 0.000000 0.000000 0.000000 0.000000 0.000000 0.000000 0.000000 0.000000 0.000000 0.000000 0.000000 0.000000 0.000000 0.000000 0.000000 0.000000 0.000000 0.000000 0.000000 0.000000 0.000000 0.000000 0.000000 0.000000 0.000000 0.000000 0.000000 0.000000 0.000000 0.000000 0.000000 0.000000 0.000000 0.000000 0.000000 0.000000 0.000000 0.000000 0.000000 0.000000 0.000000 0.000000 0.000000 0.000000 0.000000 0.000000 0.000000 0.000000 0.000000 0.000000 0.000000 0.000000 0.000000 0.000000 0.000000 0.000000 0.000000 0.000000 0.000000 0.000000 0.000000 0.000000 0.000000 0.000000 0.000000 0.000000 0.000000 0.000000 0.000000 0.000000 0.000000 0.000000 0.000000 0.000000 0.000000 0.000000 0.000000 0.000000 0.000000 0.000000 0.000000 0.000000 0.000000 0.000000 0.000000 0.000000 0.000000 0.000000 0.000000 0.000000 0.000000 0.000000 0.000000 0.000000 0.000000 0.000000 0.000000 0.000000 0.000000 0.000000 0.000000 0.000000 0.000000 0.000000 0.000000 0.000000 0.000000 0.000000 0.000000 0.000000 0.000000 0.000000 0.000000 0.000000 0.000000 0.000000 0.000000 0.000000 0.000000 0.000000 0.000000 0.000000 0.000000 0.000000 0.000000 0.000000 0.000000 0.000000 0.000000 0.000000 0.000000 0.000000 0.000000 0.000000 0.000000 0.000000 0.000000 0.000000 0.000000 0.000000 0.000000 0.000000 0.000000 0.000000 0.000000 0.000000 0.000000 0.000000 0.000000 0.000000 0.000000 0.000000 0.000000 0.000000 0.000000 0.000000 0.000000 0.000000 0.000000 0.000000 0.000000 0.000000 0.000000 0.000000 0.000000 0.000000 0.000000 0.000000 0.000000 0.000000 0.000000 0.000000 0.000000 0.000000 0.000000 0.000000 0.000000 0.000000 0.000000 0.000000 0.000000 0.000000 0.000000 0.000000 0.000000 0.000000 0.000000 0.000000 0.000000 0.000000 0.000000 0.000000 0.000000 0.000000 0.000000 0.000000 0.000000 0.000000 0.000000 0.000000 0.000000 0.000000 0.000000 0.000000 0.000000 0.000000 0.000000 0.000000 0.000000 0.000000 0.000000 0.000000 0.000000 0.000000 0.000000 0.000000 0.000000 0.000000 0.000000 0.000000 0.000000 0.000000 0.000000 0.000000 0.000000 0.000000 0.000000 0.000000 0.000000 0.000000 0.000000 0.000000 0.000000 0.000000 0.000000 0.000000 0.000000 0.000000 0.000000 0.000000 0.000000 0.000000 0.000000 0.000000 0.000000 0.000000 0.000000 0.000000 0.000000 0.000000 0.000000 0.000000 0.000000 0.000000 0.000000 0.000000 0.000000 0.000000 0.000000 0.000000 0.000000 0.000000 0.000000 0.000000 0.000000 0.000000 0.000000 0.000000 0.000000 0.000000 0.000000 0.000000 0.000000 0.000000 0.000000 0.000000 0.000000 0.000000 0.000000
0.000000 0.000000 0.000000 0.000000 0.000000 0.000000 0.000000 0.000000 0.000000 0.000000 0.000000 0.000000 0.000000 0.000000 0.000000 0.000000 0.000000 0.000000 0.000000 0.000000 0.000000 0.000000 0.000000 0.000000 0.000000 0.000000 0.000000 0.000000 0.000000 0.000000 0.000000 0.000000 0.000000 0.000000 0.000000 0.000000 0.000000 0.000000 0.000000 0.000000 0.000000 0.000000 0.000000 0.000000 0.000000 0.000000 0.000000 0.000000 0.000000 0.000000 0.000000 0.000000 0.000000 0.000000 0.000000 0.000000 0.000000 0.000000 0.000000 0.000000 0.000000 0.000000 0.000000 0.000000 0.000000 0.000000 0.000000 0.000000 0.000000 0.000000 0.000000 0.000000 0.000000 0.000000 0.000000 0.000000 0.000000 0.000000 0.000000 0.000000 0.000000 0.000000 0.000000 0.000000 0.000000 0.000000 0.000000 0.000000 0.000000 0.000000 0.000000 0.000000 0.000000 0.000000 0.000000 0.000000 0.000000 0.000000 0.000000 0.000000 0.000000 0.000000 0.000000 0.000000 0.000000 0.000000 0.000000 0.000000 0.000000 0.000000 0.000000 0.000000 0.000000 0.000000 0.000000 0.000000 0.000000 0.000000 0.000000 0.000000 0.000000 0.000000 0.000000 0.000000 0.000000 0.000000 0.000000 0.000000 0.000000 0.000000 0.000000 0.000000 0.000000 0.000000 0.000000 0.000000 0.000000 0.000000 0.000000 0.000000 0.000000 0.000000 0.000000 0.000000 0.000000 0.000000 0.000000 0.000000 0.000000 0.000000 0.000000 0.000000 0.000000 0.000000 0.000000 0.000000 0.000000 0.000000 0.000000 0.000000 0.000000 0.000000 0.000000 0.000000 0.000000 0.000000 0.000000 0.000000 0.000000 0.000000 0.000000 0.000000 0.000000 0.000000 0.000000 0.000000 0.000000 0.000000 0.000000 0.000000 0.000000 0.000000 0.000000 0.000000 0.000000 0.000000 0.000000 0.000000 0.000000 0.000000 0.000000 0.000000 0.000000 0.000000 0.000000 0.000000 0.000000 0.000000 0.000000 0.000000 0.000000 0.000000 0.000000 0.000000 0.000000 0.000000 0.000000 0.000000 0.000000 0.000000 0.000000 0.000000 0.000000 0.000000 0.000000 0.000000 0.000000 0.000000 0.000000 0.000000 0.000000 0.000000 0.000000 0.000000 0.000000 0.000000 0.000000 0.000000 0.000000 0.000000 0.000000 0.000000 0.000000 0.000000 0.000000 0.000000 0.000000 0.000000 0.000000 0.000000 0.000000 0.000000 0.000000 0.000000 0.000000 0.000000 0.000000 0.000000 0.000000 0.000000 0.000000 0.000000 0.000000 0.000000 0.000000 0.000000 0.000000 0.000000 0.000000 0.000000 0.000000 0.000000 0.000000 0.000000 0.000000 0.000000 0.000000 0.000000 0.000000 0.000000 0.000000 0.000000 0.000000 0.000000 0.000000 0.000000 0.000000 0.000000 0.000000 0.000000
0.000000 0.000000 0.000000 0.000000 0.000000 0.000000 0.000000 0.000000 0.000000 0.000000 0.000000 0.000000 0.000000 0.000000 0.000000 0.000000 0.000000 0.000000 0.000000 0.000000 0.000000 0.000000 0.000000 0.000000 0.000000 0.000000 0.000000 0.000000 0.000000 0.000000 0.000000 0.000000 0.000000 0.000000 0.000000 0.000000 0.000000 0.000000 0.000000 0.000000 0.000000 0.000000 0.000000 0.000000 0.000000 0.000000 0.000000 0.000000 0.000000 0.000000 0.000000 0.000000 0.000000 0.000000 0.000000 0.000000 0.000000 0.000000 0.000000 0.000000 0.000000 0.000000 0.000000 0.000000 0.000000 0.000000 0.000000 0.000000 0.000000 0.000000 0.000000 0.000000 0.000000 0.000000 0.000000 0.000000 0.000000 0.000000 0.000000 0.000000 0.000000 0.000000 0.000000 0.000000 0.000000 0.000000 0.000000 0.000000 0.000000 0.000000 0.000000 0.000000 0.000000 0.000000 0.000000 0.000000 0.000000 0.000000 0.000000 0.000000 0.000000 0.000000 0.000000 0.000000 0.000000 0.000000 0.000000 0.000000 0.000000 0.000000 0.000000 0.000000 0.000000 0.000000 0.000000 0.000000 0.000000 0.000000 0.000000 0.000000 0.000000 0.000000 0.000000 0.000000 0.000000 0.000000 0.000000 0.000000 0.000000 0.000000 0.000000 0.000000 0.000000 0.000000 0.000000 0.000000 0.000000 0.000000 0.000000 0.000000 0.000000 0.000000 0.000000 0.000000 0.000000 0.000000 0.000000 0.000000 0.000000 0.000000 0.000000 0.000000 0.000000 0.000000 0.000000 0.000000 0.000000 0.000000 0.000000 0.000000 0.000000 0.000000 0.000000 0.000000 0.000000 0.000000 0.000000 0.000000 0.000000 0.000000 0.000000 0.000000 0.000000 0.000000 0.000000 0.000000 0.000000 0.000000 0.000000 0.000000 0.000000 0.000000 0.000000 0.000000 0.000000 0.000000 0.000000 0.000000 0.000000 0.000000 0.000000 0.000000 0.000000 0.000000 0.000000 0.000000 0.000000 0.000000 0.000000 0.000000 0.000000 0.000000 0.000000 0.000000 0.000000 0.000000 0.000000 0.000000 0.000000 0.000000 0.000000 0.000000 0.000000 0.000000 0.000000 0.000000 0.000000 0.000000 0.000000 0.000000 0.000000 0.000000 0.000000 0.000000 0.000000 0.000000 0.000000 0.000000 0.000000 0.000000 0.000000 0.000000 0.000000 0.000000 0.000000 0.000000 0.000000 0.000000 0.000000 0.000000 0.000000 0.000000 0.000000 0.000000 0.000000 0.000000 0.000000 0.000000 0.000000 0.000000 0.000000 0.000000 0.000000 0.000000 0.000000 0.000000 0.000000 0.000000 0.000000 0.000000 0.000000 0.000000 0.000000 0.000000 0.000000 0.000000 0.000000 0.000000 0.000000 0.000000 0.000000 0.000000 0.000000 0.000000 0.000000 0.000000 0.000000 0.000000 0.000000 0.000000
0.000000 0.000000 0.000000 0.000000 0.000000 0.000000 0.000000 0.000000 0.000000 0.000000 0.000000 0.000000 0.000000 0.000000 0.000000 0.000000 0.000000 0.000000 0.000000 0.000000 0.000000 0.000000 0.000000 0.000000 0.000000 0.000000 0.000000 0.000000 0.000000 0.000000 0.000000 0.000000 0.000000 0.000000 0.000000 0.000000 0.000000 0.000000 0.000000 0.000000 0.000000 0.000000 0.000000 0.000000 0.000000 0.000000 0.000000 0.000000 0.000000 0.000000 0.000000 0.000000 0.000000 0.000000 0.000000 0.000000 0.000000 0.000000 0.000000 0.000000 0.000000 0.000000 0.000000 0.000000 0.000000 0.000000 0.000000 0.000000 0.000000 0.000000 0.000000 0.000000 0.000000 0.000000 0.000000 0.000000 0.000000 0.000000 0.000000 0.000000 0.000000 0.000000 0.000000 0.000000 0.000000 0.000000 0.000000 0.000000 0.000000 0.000000 0.000000 0.000000 0.000000 0.000000 0.000000 0.000000 0.000000 0.000000 0.000000 0.000000 0.000000 0.000000 0.000000 0.000000 0.000000 0.000000 0.000000 0.000000 0.000000 0.000000 0.000000 0.000000 0.000000 0.000000 0.000000 0.000000 0.000000 0.000000 0.000000 0.000000 0.000000 0.000000 0.000000 0.000000 0.000000 0.000000 0.000000 0.000000 0.000000 0.000000 0.000000 0.000000 0.000000 0.000000 0.000000 0.000000 0.000000 0.000000 0.000000 0.000000 0.000000 0.000000 0.000000 0.000000 0.000000 0.000000 0.000000 0.000000 0.000000 0.000000 0.000000 0.000000 0.000000 0.000000 0.000000 0.000000 0.000000 0.000000 0.000000 0.000000 0.000000 0.000000 0.000000 0.000000 0.000000 0.000000 0.000000 0.000000 0.000000 0.000000 0.000000 0.000000 0.000000 0.000000 0.000000 0.000000 0.000000 0.000000 0.000000 0.000000 0.000000 0.000000 0.000000 0.000000 0.000000 0.000000 0.000000 0.000000 0.000000 0.000000 0.000000 0.000000 0.000000 0.000000 0.000000 0.000000 0.000000 0.000000 0.000000 0.000000 0.000000 0.000000 0.000000 0.000000 0.000000 0.000000 0.000000 0.000000 0.000000 0.000000 0.000000 0.000000 0.000000 0.000000 0.000000 0.000000 0.000000 0.000000 0.000000 0.000000 0.000000 0.000000 0.000000 0.000000 0.000000 0.000000 0.000000 0.000000 0.000000 0.000000 0.000000 0.000000 0.000000 0.000000 0.000000 0.000000 0.000000 0.000000 0.000000 0.000000 0.000000 0.000000 0.000000 0.000000 0.000000 0.000000 0.000000 0.000000 0.000000 0.000000 0.000000 0.000000 0.000000 0.000000 0.000000 0.000000 0.000000 0.000000 0.000000 0.000000 0.000000 0.000000 0.000000 0.000000 0.000000 0.000000 0.000000 0.000000 0.000000 0.000000 0.000000 0.000000 0.000000 0.000000 0.000000 0.000000 0.000000 0.000000 0.000000 0.000000
0.000000 0.000000 0.000000 0.000000 0.000000 0.000000 0.000000 0.000000 0.000000 0.000000 0.000000 0.000000 0.000000 0.000000 0.000000 0.000000 0.000000 0.000000 0.000000 0.000000 0.000000 0.000000 0.000000 0.000000 0.000000 0.000000 0.000000 0.000000 0.000000 0.000000 0.000000 0.000000 0.000000 0.000000 0.000000 0.000000 0.000000 0.000000 0.000000 0.000000 0.000000 0.000000 0.000000 0.000000 0.000000 0.000000 0.000000 0.000000 0.000000 0.000000 0.000000 0.000000 0.000000 0.000000 0.000000 0.000000 0.000000 0.000000 0.000000 0.000000 0.000000 0.000000 0.000000 0.000000 0.000000 0.000000 0.000000 0.000000 0.000000 0.000000 0.000000 0.000000 0.000000 0.000000 0.000000 0.000000 0.000000 0.000000 0.000000 0.000000 0.000000 0.000000 0.000000 0.000000 0.000000 0.000000 0.000000 0.000000 0.000000 0.000000 0.000000 0.000000 0.000000 0.000000 0.000000 0.000000 0.000000 0.000000 0.000000 0.000000 0.000000 0.000000 0.000000 0.000000 0.000000 0.000000 0.000000 0.000000 0.000000 0.000000 0.000000 0.000000 0.000000 0.000000 0.000000 0.000000 0.000000 0.000000 0.000000 0.000000 0.000000 0.000000 0.000000 0.000000 0.000000 0.000000 0.000000 0.000000 0.000000 0.000000 0.000000 0.000000 0.000000 0.000000 0.000000 0.000000 0.000000 0.000000 0.000000 0.000000 0.000000 0.000000 0.000000 0.000000 0.000000 0.000000 0.000000 0.000000 0.000000 0.000000 0.000000 0.000000 0.000000 0.000000 0.000000 0.000000 0.000000 0.000000 0.000000 0.000000 0.000000 0.000000 0.000000 0.000000 0.000000 0.000000 0.000000 0.000000 0.000000 0.000000 0.000000 0.000000 0.000000 0.000000 0.000000 0.000000 0.000000 0.000000 0.000000 0.000000 0.000000 0.000000 0.000000 0.000000 0.000000 0.000000 0.000000 0.000000 0.000000 0.000000 0.000000 0.000000 0.000000 0.000000 0.000000 0.000000 0.000000 0.000000 0.000000 0.000000 0.000000 0.000000 0.000000 0.000000 0.000000 0.000000 0.000000 0.000000 0.000000 0.000000 0.000000 0.000000 0.000000 0.000000 0.000000 0.000000 0.000000 0.000000 0.000000 0.000000 0.000000 0.000000 0.000000 0.000000 0.000000 0.000000 0.000000 0.000000 0.000000 0.000000 0.000000 0.000000 0.000000 0.000000 0.000000 0.000000 0.000000 0.000000 0.000000 0.000000 0.000000 0.000000 0.000000 0.000000 0.000000 0.000000 0.000000 0.000000 0.000000 0.000000 0.000000 0.000000 0.000000 0.000000 0.000000 0.000000 0.000000 0.000000 0.000000 0.000000 0.000000 0.000000 0.000000 0.000000 0.000000 0.000000 0.000000 0.000000 0.000000 0.000000 0.000000 0.000000 0.000000 0.000000 0.000000 0.000000 0.000000 0.000000 0.000000 0.000000
0.000000 0.000000 0.000000 0.000000 0.000000 0.000000 0.000000 0.000000 0.000000 0.000000 0.000000 0.000000 0.000000 0.000000 0.000000 0.000000 0.000000 0.000000 0.000000 0.000000 0.000000 0.000000 0.000000 0.000000 0.000000 0.000000 0.000000 0.000000 0.000000 0.000000 0.000000 0.000000 0.000000 0.000000 0.000000 0.000000 0.000000 0.000000 0.000000 0.000000 0.000000 0.000000 0.000000 0.000000 0.000000 0.000000 0.000000 0.000000 0.000000 0.000000 0.000000 0.000000 0.000000 0.000000 0.000000 0.000000 0.000000 0.000000 0.000000 0.000000 0.000000 0.000000 0.000000 0.000000 0.000000 0.000000 0.000000 0.000000 0.000000 0.000000 0.000000 0.000000 0.000000 0.000000 0.000000 0.000000 0.000000 0.000000 0.000000 0.000000 0.000000 0.000000 0.000000 0.000000 0.000000 0.000000 0.000000 0.000000 0.000000 0.000000 0.000000 0.000000 0.000000 0.000000 0.000000 0.000000 0.000000 0.000000 0.000000 0.000000 0.000000 0.000000 0.000000 0.000000 0.000000 0.000000 0.000000 0.000000 0.000000 0.000000 0.000000 0.000000 0.000000 0.000000 0.000000 0.000000 0.000000 0.000000 0.000000 0.000000 0.000000 0.000000 0.000000 0.000000 0.000000 0.000000 0.000000 0.000000 0.000000 0.000000 0.000000 0.000000 0.000000 0.000000 0.000000 0.000000 0.000000 0.000000 0.000000 0.000000 0.000000 0.000000 0.000000 0.000000 0.000000 0.000000 0.000000 0.000000 0.000000 0.000000 0.000000 0.000000 0.000000 0.000000 0.000000 0.000000 0.000000 0.000000 0.000000 0.000000 0.000000 0.000000 0.000000 0.000000 0.000000 0.000000 0.000000 0.000000 0.000000 0.000000 0.000000 0.000000 0.000000 0.000000 0.000000 0.000000 0.000000 0.000000 0.000000 0.000000 0.000000 0.000000 0.000000 0.000000 0.000000 0.000000 0.000000 0.000000 0.000000 0.000000 0.000000 0.000000 0.000000 0.000000 0.000000 0.000000 0.000000 0.000000 0.000000 0.000000 0.000000 0.000000 0.000000 0.000000 0.000000 0.000000 0.000000 0.000000 0.000000 0.000000 0.000000 0.000000 0.000000 0.000000 0.000000 0.000000 0.000000 0.000000 0.000000 0.000000 0.000000 0.000000 0.000000 0.000000 0.000000 0.000000 0.000000 0.000000 0.000000 0.000000 0.000000 0.000000 0.000000 0.000000 0.000000 0.000000 0.000000 0.000000 0.000000 0.000000 0.000000 0.000000 0.000000 0.000000 0.000000 0.000000 0.000000 0.000000 0.000000 0.000000 0.000000 0.000000 0.000000 0.000000 0.000000 0.000000 0.000000 0.000000 0.000000 0.000000 0.000000 0.401978 0.391389 0.000000 0.000000 0.000000 0.000000 0.000000 0.000000 0.000000 0.000000 0.000000 0.000000 0.000000 0.000000 0.000000 0.000000 0.000000 0.000000 0.000000
0.000000 0.000000 0.000000 0.000000 0.000000 0.000000 0.000000 0.000000 0.000000 0.000000 0.000000 0.000000 0.000000 0.000000 0.000000 0.000000 0.000000 0.000000 0.000000 0.000000 0.000000 0.000000 0.000000 0.000000 0.000000 0.000000 0.000000 0.000000 0.000000 0.000000 0.000000 0.000000 0.000000 0.000000 0.000000 0.000000 0.000000 0.000000 0.000000 0.000000 0.000000 0.000000 0.000000 0.000000 0.000000 0.000000 0.000000 0.000000 0.000000 0.000000 0.000000 0.000000 0.000000 0.000000 0.000000 0.000000 0.000000 0.000000 0.000000 0.000000 0.000000 0.000000 0.000000 0.000000 0.000000 0.000000 0.000000 0.000000 0.000000 0.000000 0.000000 0.000000 0.000000 0.000000 0.000000 0.000000 0.000000 0.000000 0.000000 0.000000 0.000000 0.000000 0.000000 0.000000 0.000000 0.000000 0.000000 0.000000 0.000000 0.000000 0.000000 0.000000 0.000000 0.000000 0.000000 0.000000 0.000000 0.000000 0.000000 0.000000 0.000000 0.000000 0.000000 0.000000 0.000000 0.000000 0.000000 0.000000 0.000000 0.000000 0.000000 0.000000 0.000000 0.000000 0.000000 0.000000 0.000000 0.000000 0.000000 0.000000 0.000000 0.000000 0.000000 0.000000 0.000000 0.000000 0.000000 0.000000 0.000000 0.000000 0.000000 0.000000 0.000000 0.000000 0.000000 0.000000 0.000000 0.000000 0.000000 0.000000 0.000000 0.000000 0.000000 0.000000 0.000000 0.000000 0.000000 0.000000 0.000000 0.000000 0.000000 0.000000 0.000000 0.000000 0.000000 0.000000 0.000000 0.000000 0.000000 0.000000 0.000000 0.000000 0.000000 0.000000 0.000000 0.000000 0.000000 0.000000 0.000000 0.000000 0.000000 0.000000 0.000000 0.000000 0.000000 0.000000 0.000000 0.000000 0.000000 0.000000 0.000000 0.000000 0.000000 0.000000 0.000000 0.000000 0.000000 0.000000 0.000000 0.000000 0.000000 0.000000 0.000000 0.000000 0.000000 0.000000 0.000000 0.000000 0.000000 0.000000 0.000000 0.000000 0.000000 0.000000 0.000000 0.000000 0.000000 0.000000 0.000000 0.000000 0.000000 0.000000 0.000000 0.000000 0.000000 0.000000 0.000000 0.000000 0.000000 0.000000 0.000000 0.000000 0.000000 0.000000 0.000000 0.000000 0.000000 0.000000 0.000000 0.000000 0.000000 0.000000 0.000000 0.000000 0.000000 0.000000 0.000000 0.000000 0.000000 0.000000 0.000000 0.000000 0.000000 0.000000 0.000000 0.000000 0.000000 0.000000 0.000000 0.000000 0.000000 0.000000 0.000000 0.000000 0.000000 0.000000 0.000000 0.000000 0.000000 0.000000 0.391347 0.424766 0.422928 0.000000 0.000000 0.000000 0.000000 0.000000 0.000000 0.000000 0.000000 0.000000 0.000000 0.000000 0.000000 0.000000 0.000000 0.000000 0.000000 0.000000
0.000000 0.000000 0.000000 0.000000 0.000000 0.000000 0.000000 0.000000 0.000000 0.000000 0.000000 0.000000 0.000000 0.000000 0.000000 0.000000 0.000000 0.000000 0.000000 0.000000 0.000000 0.000000 0.000000 0.000000 0.000000 0.000000 0.000000 0.000000 0.000000 0.000000 0.000000 0.000000 0.000000 0.000000 0.000000 0.000000 0.000000 0.000000 0.000000 0.000000 0.000000 0.000000 0.000000 0.000000 0.000000 0.000000 0.000000 0.000000 0.000000 0.000000 0.000000 0.000000 0.000000 0.000000 0.000000 0.000000 0.000000 0.000000 0.000000 0.000000 0.000000 0.000000 0.000000 0.000000 0.000000 0.000000 0.000000 0.000000 0.000000 0.000000 0.000000 0.000000 0.000000 0.000000 0.000000 0.000000 0.000000 0.000000 0.000000 0.000000 0.000000 0.000000 0.000000 0.000000 0.000000 0.000000 0.000000 0.000000 0.000000 0.000000 0.000000 0.000000 0.000000 0.000000 0.000000 0.000000 0.000000 0.000000 0.000000 0.000000 0.000000 0.000000 0.000000 0.000000 0.000000 0.000000 0.000000 0.000000 0.000000 0.000000 0.000000 0.000000 0.000000 0.000000 0.000000 0.000000 0.000000 0.000000 0.000000 0.000000 0.000000 0.000000 0.000000 0.000000 0.000000 0.000000 0.000000 0.000000 0.000000 0.000000 0.000000 0.000000 0.000000 0.000000 0.000000 0.000000 0.000000 0.000000 0.000000 0.000000 0.000000 0.000000 0.000000 0.000000 0.000000 0.000000 0.000000 0.000000 0.000000 0.000000 0.000000 0.000000 0.000000 0.000000 0.000000 0.000000 0.000000 0.000000 0.000000 0.000000 0.000000 0.000000 0.000000 0.000000 0.000000 0.000000 0.000000 0.000000 0.000000 0.000000 0.000000 0.000000 0.000000 0.000000 0.000000 0.000000 0.000000 0.000000 0.000000 0.000000 0.000000 0.000000 0.000000 0.000000 0.000000 0.000000 0.000000 0.000000 0.000000 0.000000 0.000000 0.000000 0.000000 0.000000 0.000000 0.000000 0.000000 0.000000 0.000000 0.000000 0.000000 0.000000 0.000000 0.000000 0.000000 0.000000 0.000000 0.000000 0.000000 0.000000 0.000000 0.000000 0.000000 0.000000 0.000000 0.000000 0.000000 0.000000 0.000000 0.000000 0.000000 0.000000 0.000000 0.000000 0.000000 0.000000 0.000000 0.000000 0.000000 0.000000 0.000000 0.000000 0.000000 0.000000 0.000000 0.000000 0.000000 0.000000 0.000000 0.000000 0.000000 0.000000 0.000000 0.000000 0.000000 0.000000 0.000000 0.000000 0.000000 0.000000 0.000000 0.000000 0.000000 0.000000 0.000000 0.000000 0.000000 0.000000 0.000000 0.000000 0.431865 0.467109 0.456154 0.401830 0.000000 0.000000 0.000000 0.000000 0.000000 0.000000 0.000000 0.000000 0.000000 0.000000 0.000000 0.000000 0.000000 0.000000 0.000000 0.000000
0.000000 0.000000 0.000000 0.000000 0.000000 0.000000 0.000000 0.000000 0.000000 0.000000 0.000000 0.000000 0.000000 0.000000 0.000000 0.000000 0.000000 0.000000 0.000000 0.000000 0.000000 0.000000 0.000000 0.000000 0.000000 0.000000 0.000000 0.000000 0.000000 0.000000 0.000000 0.000000 0.000000 0.000000 0.000000 0.000000 0.000000 0.000000 0.000000 0.000000 0.000000 0.000000 0.000000 0.000000 0.000000 0.000000 0.000000 0.000000 0.000000 0.000000 0.000000 0.000000 0.000000 0.000000 0.000000 0.000000 0.000000 0.000000 0.000000 0.000000 0.000000 0.000000 0.000000 0.000000 0.000000 0.000000 0.000000 0.000000 0.000000 0.000000 0.000000 0.000000 0.000000 0.000000 0.000000 0.000000 0.000000 0.000000 0.000000 0.000000 0.000000 0.000000 0.000000 0.000000 0.000000 0.000000 0.000000 0.000000 0.000000 0.000000 0.000000 0.000000 0.000000 0.000000 0.000000 0.000000 0.000000 0.000000 0.000000 0.000000 0.000000 0.000000 0.000000 0.000000 0.000000 0.000000 0.000000 0.000000 0.000000 0.000000 0.000000 0.000000 0.000000 0.000000 0.000000 0.000000 0.000000 0.000000 0.000000 0.000000 0.000000 0.000000 0.000000 0.000000 0.000000 0.000000 0.000000 0.000000 0.000000 0.000000 0.000000 0.000000 0.000000 0.000000 0.000000 0.000000 0.000000 0.000000 0.000000 0.000000 0.000000 0.000000 0.000000 0.000000 0.000000 0.000000 0.000000 0.000000 0.000000 0.000000 0.000000 0.000000 0.000000 0.000000 0.000000 0.000000 0.000000 0.000000 0.000000 0.000000 0.000000 0.000000 0.000000 0.000000 0.000000 0.000000 0.000000 0.000000 0.000000 0.000000 0.000000 0.000000 0.000000 0.000000 0.000000 0.000000 0.000000 0.000000 0.000000 0.000000 0.000000 0.000000 0.000000 0.000000 0.000000 0.000000 0.000000 0.000000 0.000000 0.000000 0.000000 0.000000 0.000000 0.000000 0.000000 0.000000 0.000000 0.000000 0.000000 0.000000 0.000000 0.000000 0.000000 0.000000 0.000000 0.000000 0.000000 0.000000 0.000000 0.000000 0.000000 0.000000 0.000000 0.000000 0.000000 0.000000 0.000000 0.000000 0.000000 0.000000 0.000000 0.000000 0.000000 0.000000 0.000000 0.000000 0.000000 0.000000 0.000000 0.000000 0.000000 0.000000 0.000000 0.000000 0.000000 0.000000 0.000000 0.000000 0.000000 0.000000 0.000000 0.000000 0.000000 0.000000 0.000000 0.000000 0.000000 0.000000 0.000000 0.000000 0.000000 0.000000 0.000000 0.000000 0.000000 0.000000 0.000000 0.000000 0.000000 0.395058 0.494830 0.505735 0.466620 0.396338 0.000000 0.000000 0.000000 0.000000 0.000000 0.000000 0.000000 0.000000 0.000000 0.000000 0.000000 0.000000 0.000000 0.000000 0.000000 0.000000
0.000000 0.000000 0.000000 0.000000 0.000000 0.000000 0.000000 0.000000 0.000000 0.000000 0.000000 0.000000 0.000000 0.000000 0.000000 0.000000 0.000000 0.000000 0.000000 0.000000 0.000000 0.000000 0.000000 0.000000 0.000000 0.000000 0.000000 0.000000 0.000000 0.000000 0.000000 0.000000 0.000000 0.000000 0.000000 0.000000 0.000000 0.000000 0.000000 0.000000 0.000000 0.000000 0.000000 0.000000 0.000000 0.000000 0.000000 0.000000 0.000000 0.000000 0.000000 0.000000 0.000000 0.000000 0.000000 0.000000 0.000000 0.000000 0.000000 0.000000 0.000000 0.000000 0.000000 0.000000 0.000000 0.000000 0.000000 0.000000 0.000000 0.000000 0.000000 0.000000 0.000000 0.000000 0.000000 0.000000 0.000000 0.000000 0.000000 0.000000 0.000000 0.000000 0.000000 0.000000 0.000000 0.000000 0.000000 0.000000 0.000000 0.000000 0.000000 0.000000 0.000000 0.000000 0.000000 0.000000 0.000000 0.000000 0.000000 0.000000 0.000000 0.000000 0.000000 0.000000 0.000000 0.000000 0.000000 0.000000 0.000000 0.000000 0.000000 0.000000 0.000000 0.000000 0.000000 0.000000 0.000000 0.000000 0.000000 0.000000 0.000000 0.000000 0.000000 0.000000 0.000000 0.000000 0.000000 0.000000 0.000000 0.000000 0.000000 0.000000 0.000000 0.000000 0.000000 0.000000 0.000000 0.000000 0.000000 0.000000 0.000000 0.000000 0.000000 0.000000 0.000000 0.000000 0.000000 0.000000 0.000000 0.000000 0.000000 0.000000 0.000000 0.000000 0.000000 0.000000 0.000000 0.000000 0.000000 0.000000 0.000000 0.000000 0.000000 0.000000 0.000000 0.000000 0.000000 0.000000 0.000000 0.000000 0.000000 0.000000 0.000000 0.000000 0.000000 0.000000 0.000000 0.000000 0.000000 0.000000 0.000000 0.000000 0.000000 0.000000 0.000000 0.000000 0.000000 0.000000 0.000000 0.000000 0.000000 0.000000 0.000000 0.000000 0.000000 0.000000 0.000000 0.000000 0.000000 0.000000 0.000000 0.000000 0.000000 0.000000 0.000000 0.000000 0.000000 0.000000 0.000000 0.000000 0.000000 0.000000 0.000000 0.000000 0.000000 0.000000 0.000000 0.000000 0.000000 0.000000 0.000000 0.000000 0.000000 0.000000 0.000000 0.000000 0.000000 0.000000 0.000000 0.000000 0.000000 0.000000 0.000000 0.000000 0.000000 0.000000 0.000000 0.000000 0.000000 0.000000 0.000000 0.000000 0.000000 0.000000 0.000000 0.000000 0.000000 0.000000 0.000000 0.000000 0.000000 0.000000 0.000000 0.000000 0.000000 0.000000 0.000000 0.000000 0.000000 0.484330 0.534347 0.515435 0.460918 0.000000 0.000000 0.000000 0.000000 0.000000 0.000000 0.000000 0.000000 0.000000 0.000000 0.000000 0.000000 0.000000 0.000000 0.000000 0.000000 0.000000
0.000000 0.000000 0.000000 0.000000 0.000000 0.000000 0.000000 0.000000 0.000000 0.000000 0.000000 0.000000 0.000000 0.000000 0.000000 0.000000 0.000000 0.000000 0.000000 0.000000 0.000000 0.000000 0.000000 0.000000 0.000000 0.000000 0.000000 0.000000 0.000000 0.000000 0.000000 0.000000 0.000000 0.000000 0.000000 0.000000 0.000000 0.000000 0.000000 0.000000 0.000000 0.000000 0.000000 0.000000 0.000000 0.000000 0.000000 0.000000 0.000000 0.000000 0.000000 0.000000 0.000000 0.000000 0.000000 0.000000 0.000000 0.000000 0.000000 0.000000 0.000000 0.000000 0.000000 0.000000 0.000000 0.000000 0.000000 0.000000 0.000000 0.000000 0.000000 0.000000 0.000000 0.000000 0.000000 0.000000 0.000000 0.000000 0.000000 0.000000 0.000000 0.000000 0.000000 0.000000 0.000000 0.000000 0.000000 0.000000 0.000000 0.000000 0.000000 0.000000 0.000000 0.000000 0.000000 0.000000 0.000000 0.000000 0.000000 0.000000 0.000000 0.000000 0.000000 0.000000 0.000000 0.000000 0.000000 0.000000 0.000000 0.000000 0.000000 0.000000 0.000000 0.000000 0.000000 0.000000 0.000000 0.000000 0.000000 0.000000 0.000000 0.000000 0.000000 0.000000 0.000000 0.000000 0.000000 0.000000 0.000000 0.000000 0.000000 0.000000 0.000000 0.000000 0.000000 0.000000 0.000000 0.000000 0.000000 0.000000 0.000000 0.000000 0.000000 0.000000 0.000000 0.000000 0.000000 0.000000 0.000000 0.000000 0.000000 0.000000 0.000000 0.000000 0.000000 0.000000 0.000000 0.000000 0.000000 0.000000 0.000000 0.000000 0.000000 0.000000 0.000000 0.000000 0.000000 0.000000 0.000000 0.000000 0.000000 0.000000 0.000000 0.000000 0.000000 0.000000 0.000000 0.000000 0.000000 0.000000 0.000000 0.000000 0.000000 0.000000 0.000000 0.000000 0.000000 0.000000 0.000000 0.000000 0.000000 0.000000 0.000000 0.000000 0.000000 0.000000 0.000000 0.000000 0.000000 0.000000 0.000000 0.000000 0.000000 0.000000 0.000000 0.000000 0.000000 0.000000 0.000000 0.000000 0.000000 0.000000 0.000000 0.000000 0.000000 0.000000 0.000000 0.000000 0.000000 0.000000 0.000000 0.000000 0.000000 0.000000 0.000000 0.000000 0.000000 0.000000 0.000000 0.000000 0.000000 0.000000 0.000000 0.000000 0.000000 0.000000 0.000000 0.000000 0.000000 0.000000 0.000000 0.000000 0.000000 0.000000 0.000000 0.000000 0.000000 0.000000 0.000000 0.000000 0.000000 0.000000 0.000000 0.000000 0.000000 0.000000 0.000000 0.000000 0.000000 0.540546 0.562536 0.517457 0.443183 0.000000 0.000000 0.000000 0.000000 0.000000 0.000000 0.000000 0.000000 0.000000 0.000000 0.000000 0.000000 0.000000 0.000000 0.000000 0.000000 0.000000
0.000000 0.000000 0.000000 0.000000 0.000000 0.000000 0.000000 0.000000 0.000000 0.000000 0.000000 0.000000 0.000000 0.000000 0.000000 0.000000 0.000000 0.000000 0.000000 0.000000 0.000000 0.000000 0.000000 0.000000 0.000000 0.000000 0.000000 0.000000 0.000000 0.000000 0.000000 0.000000 0.000000 0.000000 0.000000 0.000000 0.000000 0.000000 0.000000 0.000000 0.000000 0.000000 0.000000 0.000000 0.000000 0.000000 0.000000 0.000000 0.000000 0.000000 0.000000 0.000000 0.000000 0.000000 0.000000 0.000000 0.000000 0.000000 0.000000 0.000000 0.000000 0.000000 0.000000 0.000000 0.000000 0.000000 0.000000 0.000000 0.000000 0.000000 0.000000 0.000000 0.000000 0.000000 0.000000 0.000000 0.000000 0.000000 0.000000 0.000000 0.000000 0.000000 0.000000 0.000000 0.000000 0.000000 0.000000 0.000000 0.000000 0.000000 0.000000 0.000000 0.000000 0.000000 0.000000 0.000000 0.000000 0.000000 0.000000 0.000000 0.000000 0.000000 0.000000 0.000000 0.000000 0.000000 0.000000 0.000000 0.000000 0.000000 0.000000 0.000000 0.000000 0.000000 0.000000 0.000000 0.000000 0.000000 0.000000 0.000000 0.000000 0.000000 0.000000 0.000000 0.000000 0.000000 0.000000 0.000000 0.000000 0.000000 0.000000 0.000000 0.000000 0.000000 0.000000 0.000000 0.000000 0.000000 0.000000 0.000000 0.000000 0.000000 0.000000 0.000000 0.000000 0.000000 0.000000 0.000000 0.000000 0.000000 0.000000 0.000000 0.000000 0.000000 0.000000 0.000000 0.000000 0.000000 0.000000 0.000000 0.000000 0.000000 0.000000 0.000000 0.000000 0.000000 0.000000 0.000000 0.000000 0.000000 0.000000 0.000000 0.000000 0.000000 0.000000 0.000000 0.000000 0.000000 0.000000 0.000000 0.000000 0.000000 0.000000 0.000000 0.000000 0.000000 0.000000 0.000000 0.000000 0.000000 0.000000 0.000000 0.000000 0.000000 0.000000 0.000000 0.000000 0.000000 0.000000 0.000000 0.000000 0.000000 0.000000 0.000000 0.000000 0.000000 0.000000 0.000000 0.000000 0.000000 0.000000 0.000000 0.000000 0.000000 0.000000 0.000000 0.000000 0.000000 0.000000 0.000000 0.000000 0.000000 0.000000 0.000000 0.000000 0.000000 0.000000 0.000000 0.000000 0.000000 0.000000 0.000000 0.000000 0.000000 0.000000 0.000000 0.000000 0.000000 0.000000 0.000000 0.000000 0.000000 0.000000 0.000000 0.000000 0.000000 0.000000 0.000000 0.000000 0.000000 0.000000 0.000000 0.000000 0.000000 0.000000 0.000000 0.000000 0.000000 0.000000 0.564630 0.570068 0.507103 0.412714 0.000000 0.000000 0.000000 0.000000 0.000000 0.000000 0.000000 0.000000 0.000000 0.000000 0.000000 0.000000 0.000000 0.000000 0.000000 0.000000 0.000000
0.000000 0.000000 0.000000 0.000000 0.000000 0.000000 0.000000 0.000000 0.000000 0.000000 0.000000 0.000000 0.000000 0.000000 0.000000 0.000000 0.000000 0.000000 0.000000 0.000000 0.000000 0.000000 0.000000 0.000000 0.000000 0.000000 0.000000 0.000000 0.000000 0.000000 0.000000 0.000000 0.000000 0.000000 0.000000 0.000000 0.000000 0.000000 0.000000 0.000000 0.000000 0.000000 0.000000 0.000000 0.000000 0.000000 0.000000 0.000000 0.000000 0.000000 0.000000 0.000000 0.000000 0.000000 0.000000 0.000000 0.000000 0.000000 0.000000 0.000000 0.000000 0.000000 0.000000 0.000000 0.000000 0.000000 0.000000 0.000000 0.000000 0.000000 0.000000 0.000000 0.000000 0.000000 0.000000 0.000000 0.000000 0.000000 0.000000 0.000000 0.000000 0.000000 0.000000 0.000000 0.000000 0.000000 0.000000 0.000000 0.000000 0.000000 0.000000 0.000000 0.000000 0.000000 0.000000 0.000000 0.000000 0.000000 0.000000 0.000000 0.000000 0.000000 0.000000 0.000000 0.000000 0.000000 0.000000 0.000000 0.000000 0.000000 0.000000 0.000000 0.000000 0.000000 0.000000 0.000000 0.000000 0.000000 0.000000 0.000000 0.000000 0.000000 0.000000 0.000000 0.000000 0.000000 0.000000 0.000000 0.000000 0.000000 0.000000 0.000000 0.000000 0.000000 0.000000 0.000000 0.000000 0.000000 0.000000 0.000000 0.000000 0.000000 0.000000 0.000000 0.000000 0.000000 0.000000 0.000000 0.000000 0.000000 0.000000 0.000000 0.000000 0.000000 0.000000 0.000000 0.000000 0.000000 0.000000 0.000000 0.000000 0.000000 0.000000 0.000000 0.000000 0.000000 0.000000 0.000000 0.000000 0.000000 0.000000 0.000000 0.000000 0.000000 0.000000 0.000000 0.000000 0.000000 0.000000 0.000000 0.000000 0.000000 0.000000 0.000000 0.000000 0.000000 0.000000 0.000000 0.000000 0.000000 0.000000 0.000000 0.000000 0.000000 0.000000 0.000000 0.000000 0.000000 0.000000 0.000000 0.000000 0.000000 0.000000 0.000000 0.000000 0.000000 0.000000 0.000000 0.000000 0.000000 0.000000 0.000000 0.000000 0.000000 0.000000 0.000000 0.000000 0.000000 0.000000 0.000000 0.000000 0.000000 0.000000 0.000000 0.000000 0.000000 0.000000 0.000000 0.000000 0.000000 0.000000 0.000000 0.000000 0.000000 0.000000 0.000000 0.000000 0.000000 0.000000 0.000000 0.000000 0.000000 0.000000 0.000000 0.000000 0.000000 0.000000 0.000000 0.000000 0.000000 0.000000 0.000000 0.000000 0.000000 0.000000 0.000000 0.000000 0.000000 0.408731 0.555072 0.549152 0.471702 0.000000 0.000000 0.000000 0.000000 0.000000 0.000000 0.000000 0.000000 0.000000 0.000000 0.000000 0.000000 0.000000 0.000000 0.000000 0.000000 0.000000 0.000000
0.000000 0.000000 0.000000 0.000000 0.000000 0.000000 0.000000 0.000000 0.000000 0.000000 0.000000 0.000000 0.000000 0.000000 0.000000 0.000000 0.000000 0.000000 0.000000 0.000000 0.000000 0.000000 0.000000 0.000000 0.000000 0.000000 0.000000 0.000000 0.000000 0.000000 0.000000 0.000000 0.000000 0.000000 0.000000 0.000000 0.000000 0.000000 0.000000 0.000000 0.000000 0.000000 0.000000 0.000000 0.000000 0.000000 0.000000 0.000000 0.000000 0.000000 0.000000 0.000000 0.000000 0.000000 0.000000 0.000000 0.000000 0.000000 0.000000 0.000000 0.000000 0.000000 0.000000 0.000000 0.000000 0.000000 0.000000 0.000000 0.000000 0.000000 0.000000 0.000000 0.000000 0.000000 0.000000 0.000000 0.000000 0.000000 0.000000 0.000000 0.000000 0.000000 0.000000 0.000000 0.000000 0.000000 0.000000 0.000000 0.000000 0.000000 0.000000 0.000000 0.000000 0.000000 0.000000 0.000000 0.000000 0.000000 0.000000 0.000000 0.000000 0.000000 0.000000 0.000000 0.000000 0.000000 0.000000 0.000000 0.000000 0.000000 0.000000 0.000000 0.000000 0.000000 0.000000 0.000000 0.000000 0.000000 0.000000 0.000000 0.000000 0.000000 0.000000 0.000000 0.000000 0.000000 0.000000 0.000000 0.000000 0.000000 0.000000 0.000000 0.000000 0.000000 0.000000 0.000000 0.000000 0.000000 0.000000 0.000000 0.000000 0.000000 0.000000 0.000000 0.000000 0.000000 0.000000 0.000000 0.000000 0.000000 0.000000 0.000000 0.000000 0.000000 0.000000 0.000000 0.000000 0.000000 0.000000 0.000000 0.000000 0.000000 0.000000 0.000000 0.000000 0.000000 0.000000 0.000000 0.000000 0.000000 0.000000 0.000000 0.000000 0.000000 0.000000 0.000000 0.000000 0.000000 0.000000 0.000000 0.000000 0.000000 0.000000 0.000000 0.000000 0.000000 0.000000 0.000000 0.000000 0.000000 0.000000 0.000000 0.000000 0.000000 0.000000 0.000000 0.000000 0.000000 0.000000 0.000000 0.000000 0.000000 0.000000 0.000000 0.000000 0.000000 0.000000 0.000000 0.000000 0.000000 0.000000 0.000000 0.000000 0.000000 0.000000 0.000000 0.000000 0.000000 0.000000 0.000000 0.000000 0.000000 0.000000 0.000000 0.000000 0.000000 0.000000 0.000000 0.000000 0.000000 0.000000 0.000000 0.000000 0.000000 0.000000 0.000000 0.000000 0.000000 0.000000 0.000000 0.000000 0.000000 0.000000 0.000000 0.000000 0.000000 0.000000 0.000000 0.000000 0.000000 0.000000 0.000000 0.000000 0.000000 0.000000 0.000000 0.000000 0.000000 0.478930 0.535478 0.506960 0.429563 0.000000 0.000000 0.000000 0.000000 0.000000 0.000000 0.000000 0.000000 0.000000 0.000000 0.000000 0.000000 0.000000 0.000000 0.000000 0.000000 0.000000 0.000000
0.000000 0.000000 0.000000 0.000000 0.000000 0.000000 0.000000 0.000000 0.000000 0.000000 0.000000 0.000000 0.000000 0.000000 0.000000 0.000000 0.000000 0.000000 0.000000 0.000000 0.000000 0.000000 0.000000 0.000000 0.000000 0.000000 0.000000 0.000000 0.000000 0.000000 0.000000 0.000000 0.000000 0.000000 0.000000 0.000000 0.000000 0.000000 0.000000 0.000000 0.000000 0.000000 0.000000 0.000000 0.000000 0.000000 0.000000 0.000000 0.000000 0.000000 0.000000 0.000000 0.000000 0.000000 0.000000 0.000000 0.000000 0.000000 0.000000 0.000000 0.000000 0.000000 0.000000 0.000000 0.000000 0.000000 0.000000 0.000000 0.000000 0.000000 0.000000 0.000000 0.000000 0.000000 0.000000 0.000000 0.000000 0.000000 0.000000 0.000000 0.000000 0.000000 0.000000 0.000000 0.000000 0.000000 0.000000 0.000000 0.000000 0.000000 0.000000 0.000000 0.000000 0.000000 0.000000 0.000000 0.000000 0.000000 0.000000 0.000000 0.000000 0.000000 0.000000 0.000000 0.000000 0.000000 0.000000 0.000000 0.000000 0.000000 0.000000 0.000000 0.000000 0.000000 0.000000 0.000000 0.000000 0.000000 0.000000 0.000000 0.000000 0.000000 0.000000 0.000000 0.000000 0.000000 0.000000 0.000000 0.000000 0.000000 0.000000 0.000000 0.000000 0.000000 0.000000 0.000000 0.000000 0.000000 0.000000 0.000000 0.000000 0.000000 0.000000 0.000000 0.000000 0.000000 0.000000 0.000000 0.000000 0.000000 0.000000 0.000000 0.000000 0.000000 0.000000 0.000000 0.000000 0.000000 0.000000 0.000000 0.000000 0.000000 0.000000 0.000000 0.000000 0.000000 0.000000 0.000000 0.000000 0.000000 0.000000 0.000000 0.000000 0.000000 0.000000 0.000000 0.000000 0.000000 0.000000 0.000000 0.000000 0.000000 0.000000 0.000000 0.000000 0.000000 0.000000 0.000000 0.000000 0.000000 0.000000 0.000000 0.000000 0.000000 0.000000 0.000000 0.000000 0.000000 0.000000 0.000000 0.000000 0.000000 0.000000 0.000000 0.000000 0.000000 0.000000 0.000000 0.000000 0.000000 0.000000 0.000000 0.000000 0.000000 0.000000 0.000000 0.000000 0.000000 0.000000 0.000000 0.000000 0.000000 0.000000 0.000000 0.000000 0.000000 0.000000 0.000000 0.000000 0.000000 0.000000 0.000000 0.000000 0.000000 0.000000 0.000000 0.000000 0.000000 0.000000 0.000000 0.000000 0.000000 0.000000 0.000000 0.000000 0.000000 0.000000 0.000000 0.000000 0.000000 0.000000 0.000000 0.000000 0.000000 0.000000 0.000000 0.000000 0.000000 0.507588 0.522451 0.476011 0.402596 0.000000 0.000000 0.000000 0.000000 0.000000 0.000000 0.000000 0.000000 0.000000 0.000000 0.000000 0.000000 0.000000 0.000000 0.000000 0.000000 0.000000 0.000000
0.000000 0.000000 0.000000 0.000000 0.000000 0.000000 0.000000 0.000000 0.000000 0.000000 0.000000 0.000000 0.000000 0.000000 0.000000 0.000000 0.000000 0.000000 0.000000 0.000000 0.000000 0.000000 0.000000 0.000000 0.000000 0.000000 0.000000 0.000000 0.000000 0.000000 0.000000 0.000000 0.000000 0.000000 0.000000 0.000000 0.000000 0.000000 0.000000 0.000000 0.000000 0.000000 0.000000 0.000000 0.000000 0.000000 0.000000 0.000000 0.000000 0.000000 0.000000 0.000000 0.000000 0.000000 0.000000 0.000000 0.000000 0.000000 0.000000 0.000000 0.000000 0.000000 0.000000 0.000000 0.000000 0.000000 0.000000 0.000000 0.000000 0.000000 0.000000 0.000000 0.000000 0.000000 0.000000 0.000000 0.000000 0.000000 0.000000 0.000000 0.000000 0.000000 0.000000 0.000000 0.000000 0.000000 0.000000 0.000000 0.000000 0.000000 0.000000 0.000000 0.000000 0.000000 0.000000 0.000000 0.000000 0.000000 0.000000 0.000000 0.000000 0.000000 0.000000 0.000000 0.000000 0.000000 0.000000 0.000000 0.000000 0.000000 0.000000 0.000000 0.000000 0.000000 0.000000 0.000000 0.000000 0.000000 0.000000 0.000000 0.000000 0.000000 0.000000 0.000000 0.000000 0.000000 0.000000 0.000000 0.000000 0.000000 0.000000 0.000000 0.000000 0.000000 0.000000 0.000000 0.000000 0.000000 0.000000 0.000000 0.000000 0.000000 0.000000 0.000000 0.000000 0.000000 0.000000 0.000000 0.000000 0.000000 0.000000 0.000000 0.000000 0.000000 0.000000 0.000000 0.000000 0.000000 0.000000 0.000000 0.000000 0.000000 0.000000 0.000000 0.000000 0.000000 0.000000 0.000000 0.000000 0.000000 0.000000 0.000000 0.000000 0.000000 0.000000 0.000000 0.000000 0.000000 0.000000 0.000000 0.000000 0.000000 0.000000 0.000000 0.000000 0.000000 0.000000 0.000000 0.000000 0.000000 0.000000 0.000000 0.000000 0.000000 0.000000 0.000000 0.000000 0.000000 0.000000 0.000000 0.000000 0.000000 0.000000 0.000000 0.000000 0.000000 0.000000 0.000000 0.000000 0.000000 0.000000 0.000000 0.000000 0.000000 0.000000 0.000000 0.000000 0.000000 0.000000 0.000000 0.000000 0.000000 0.000000 0.000000 0.000000 0.000000 0.000000 0.000000 0.000000 0.000000 0.000000 0.000000 0.000000 0.000000 0.000000 0.000000 0.000000 0.000000 0.000000 0.000000 0.000000 0.000000 0.000000 0.000000 0.000000 0.000000 0.000000 0.000000 0.000000 0.000000 0.000000 0.000000 0.000000 0.000000 0.000000 0.000000 0.000000 0.000000 0.520582 0.532996 0.469765 0.000000 0.000000 0.000000 0.000000 0.000000 0.000000 0.000000 0.000000 0.000000 0.000000 0.000000 0.000000 0.000000 0.000000 0.000000 0.000000 0.000000 0.000000 0.000000
0.000000 0.000000 0.000000 0.000000 0.000000 0.000000 0.000000 0.000000 0.000000 0.000000 0.000000 0.000000 0.000000 0.000000 0.000000 0.000000 0.000000 0.000000 0.000000 0.000000 0.000000 0.000000 0.000000 0.000000 0.000000 0.000000 0.000000 0.000000 0.000000 0.000000 0.000000 0.000000 0.000000 0.000000 0.000000 0.000000 0.000000 0.000000 0.000000 0.000000 0.000000 0.000000 0.000000 0.000000 0.000000 0.000000 0.000000 0.000000 0.000000 0.000000 0.000000 0.000000 0.000000 0.000000 0.000000 0.000000 0.000000 0.000000 0.000000 0.000000 0.000000 0.000000 0.000000 0.000000 0.000000 0.000000 0.000000 0.000000 0.000000 0.000000 0.000000 0.000000 0.000000 0.000000 0.000000 0.000000 0.000000 0.000000 0.000000 0.000000 0.000000 0.000000 0.000000 0.000000 0.000000 0.000000 0.000000 0.000000 0.000000 0.000000 0.000000 0.000000 0.000000 0.000000 0.000000 0.000000 0.000000 0.000000 0.000000 0.000000 0.000000 0.000000 0.000000 0.000000 0.000000 0.000000 0.000000 0.000000 0.000000 0.000000 0.000000 0.000000 0.000000 0.000000 0.000000 0.000000 0.000000 0.000000 0.000000 0.000000 0.000000 0.000000 0.000000 0.000000 0.000000 0.000000 0.000000 0.000000 0.000000 0.000000 0.000000 0.000000 0.000000 0.000000 0.000000 0.000000 0.000000 0.000000 0.000000 0.000000 0.000000 0.000000 0.000000 0.000000 0.000000 0.000000 0.000000 0.000000 0.000000 0.000000 0.000000 0.000000 0.000000 0.000000 0.000000 0.000000 0.000000 0.000000 0.000000 0.000000 0.000000 0.000000 0.000000 0.000000 0.000000 0.000000 0.000000 0.000000 0.000000 0.000000 0.000000 0.000000 0.000000 0.000000 0.000000 0.000000 0.000000 0.000000 0.000000 0.000000 0.000000 0.000000 0.000000 0.000000 0.000000 0.000000 0.000000 0.000000 0.443904 0.438684 0.000000 0.000000 0.000000 0.000000 0.000000 0.000000 0.000000 0.000000 0.000000 0.000000 0.000000 0.000000 0.000000 0.000000 0.000000 0.000000 0.000000 0.000000 0.000000 0.000000 0.000000 0.000000 0.000000 0.000000 0.000000 0.000000 0.000000 0.000000 0.000000 0.000000 0.000000 0.000000 0.000000 0.000000 0.000000 0.000000 0.000000 0.000000 0.000000 0.000000 0.000000 0.000000 0.000000 0.000000 0.000000 0.000000 0.000000 0.000000 0.000000 0.000000 0.000000 0.000000 0.000000 0.000000 0.000000 0.000000 0.000000 0.000000 0.000000 0.000000 0.000000 0.000000 0.000000 0.000000 0.000000 0.000000 0.000000 0.384489 0.513523 0.503798 0.417490 0.000000 0.000000 0.000000 0.000000 0.000000 0.000000 0.000000 0.000000 0.000000 0.000000 0.000000 0.000000 0.000000 0.000000 0.000000 0.000000 0.000000 0.000000 0.000000
0.000000 0.000000 0.000000 0.000000 0.000000 0.000000 0.000000 0.000000 0.000000 0.000000 0.000000 0.000000 0.000000 0.000000 0.000000 0.000000 0.000000 0.000000 0.000000 0.000000 0.000000 0.000000 0.000000 0.000000 0.000000 0.000000 0.000000 0.000000 0.000000 0.000000 0.000000 0.000000 0.000000 0.000000 0.000000 0.000000 0.000000 0.000000 0.000000 0.000000 0.000000 0.000000 0.000000 0.000000 0.000000 0.000000 0.000000 0.000000 0.000000 0.000000 0.000000 0.000000 0.000000 0.000000 0.000000 0.000000 0.000000 0.000000 0.000000 0.000000 0.000000 0.000000 0.000000 0.000000 0.000000 0.000000 0.000000 0.000000 0.000000 0.000000 0.000000 0.000000 0.000000 0.000000 0.000000 0.000000 0.000000 0.000000 0.000000 0.000000 0.000000 0.000000 0.000000 0.000000 0.000000 0.000000 0.000000 0.000000 0.000000 0.000000 0.000000 0.000000 0.000000 0.000000 0.000000 0.000000 0.000000 0.000000 0.000000 0.000000 0.000000 0.000000 0.000000 0.000000 0.000000 0.000000 0.000000 0.000000 0.000000 0.000000 0.000000 0.000000 0.000000 0.000000 0.000000 0.000000 0.000000 0.000000 0.000000 0.000000 0.000000 0.000000 0.000000 0.000000 0.000000 0.000000 0.000000 0.000000 0.000000 0.000000 0.000000 0.000000 0.000000 0.000000 0.000000 0.000000 0.000000 0.000000 0.000000 0.000000 0.000000 0.000000 0.000000 0.000000 0.000000 0.000000 0.000000 0.000000 0.000000 0.000000 0.000000 0.000000 0.000000 0.000000 0.000000 0.000000 0.000000 0.000000 0.000000 0.000000 0.000000 0.000000 0.000000 0.000000 0.000000 0.000000 0.000000 0.000000 0.000000 0.000000 0.000000 0.000000 0.000000 0.000000 0.000000 0.000000 0.000000 0.000000 0.000000 0.000000 0.000000 0.000000 0.000000 0.000000 0.000000 0.000000 0.460058 0.477012 0.464467 0.421968 0.000000 0.000000 0.000000 0.000000 0.000000 0.000000 0.000000 0.000000 0.000000 0.000000 0.000000 0.000000 0.000000 0.000000 0.000000 0.000000 0.000000 0.000000 0.000000 0.000000 0.000000 0.000000 0.000000 0.000000 0.000000 0.000000 0.000000 0.000000 0.000000 0.000000 0.000000 0.000000 0.000000 0.000000 0.000000 0.000000 0.000000 0.000000 0.000000 0.000000 0.000000 0.000000 0.000000 0.000000 0.000000 0.000000 0.000000 0.000000 0.000000 0.000000 0.000000 0.000000 0.000000 0.000000 0.000000 0.000000 0.000000 0.000000 0.000000 0.000000 0.000000 0.000000 0.000000 0.000000 0.000000 0.000000 0.000000 0.429507 0.477471 0.434011 0.000000 0.000000 0.000000 0.000000 0.000000 0.000000 0.000000 0.000000 0.000000 0.000000 0.000000 0.000000 0.000000 0.000000 0.000000 0.000000 0.000000 0.000000 0.000000 0.000000
0.000000 0.000000 0.000000 0.000000 0.000000 0.000000 0.000000 0.000000 0.000000 0.000000 0.000000 0.000000 0.000000 0.000000 0.000000 0.000000 0.000000 0.000000 0.000000 0.000000 0.000000 0.000000 0.000000 0.000000 0.000000 0.000000 0.000000 0.000000 0.000000 0.000000 0.000000 0.000000 0.000000 0.000000 0.000000 0.000000 0.000000 0.000000 0.000000 0.000000 0.000000 0.000000 0.000000 0.000000 0.000000 0.000000 0.000000 0.000000 0.000000 0.000000 0.000000 0.000000 0.000000 0.000000 0.000000 0.000000 0.000000 0.000000 0.000000 0.000000 0.000000 0.000000 0.000000 0.000000 0.000000 0.000000 0.000000 0.000000 0.000000 0.000000 0.000000 0.000000 0.000000 0.000000 0.000000 0.000000 0.000000 0.000000 0.000000 0.000000 0.000000 0.000000 0.000000 0.000000 0.000000 0.000000 0.000000 0.000000 0.000000 0.000000 0.000000 0.000000 0.000000 0.000000 0.000000 0.000000 0.000000 0.000000 0.000000 0.000000 0.000000 0.000000 0.000000 0.000000 0.000000 0.000000 0.000000 0.000000 0.000000 0.000000 0.000000 0.000000 0.000000 0.000000 0.000000 0.000000 0.000000 0.000000 0.000000 0.000000 0.000000 0.000000 0.000000 0.000000 0.000000 0.000000 0.000000 0.000000 0.000000 0.000000 0.000000 0.000000 0.000000 0.000000 0.000000 0.000000 0.000000 0.000000 0.000000 0.000000 0.000000 0.000000 0.000000 0.000000 0.000000 0.000000 0.000000 0.000000 0.000000 0.000000 0.000000 0.000000 0.000000 0.000000 0.000000 0.000000 0.000000 0.000000 0.000000 0.000000 0.000000 0.000000 0.000000 0.000000 0.000000 0.000000 0.000000 0.000000 0.000000 0.000000 0.000000 0.000000 0.000000 0.000000 0.000000 0.000000 0.000000 0.000000 0.000000 0.000000 0.000000 0.000000 0.000000 0.000000 0.000000 0.480892 0.514190 0.498969 0.454187 0.000000 0.000000 0.000000 0.000000 0.000000 0.000000 0.000000 0.000000 0.000000 0.000000 0.000000 0.000000 0.000000 0.000000 0.000000 0.000000 0.000000 0.000000 0.000000 0.000000 0.000000 0.000000 0.000000 0.000000 0.000000 0.000000 0.000000 0.000000 0.000000 0.000000 0.000000 0.000000 0.000000 0.000000 0.000000 0.000000 0.000000 0.000000 0.000000 0.000000 0.000000 0.000000 0.000000 0.000000 0.000000 0.000000 0.000000 0.000000 0.000000 0.000000 0.000000 0.000000 0.000000 0.000000 0.000000 0.000000 0.000000 0.000000 0.000000 0.000000 0.000000 0.000000 0.000000 0.000000 0.000000 0.000000 0.000000 0.000000 0.424644 0.418046 0.000000 0.000000 0.000000 0.000000 0.000000 0.000000 0.000000 0.000000 0.000000 0.000000 0.000000 0.000000 0.000000 0.000000 0.000000 0.000000 0.000000 0.000000 0.000000 0.000000 0.000000
0.000000 0.000000 0.000000 0.000000 0.000000 0.000000 0.000000 0.000000 0.000000 0.000000 0.000000 0.000000 0.000000 0.000000 0.000000 0.000000 0.000000 0.000000 0.000000 0.000000 0.000000 0.000000 0.000000 0.000000 0.000000 0.000000 0.000000 0.000000 0.000000 0.000000 0.000000 0.000000 0.000000 0.000000 0.000000 0.000000 0.000000 0.000000 0.000000 0.000000 0.000000 0.000000 0.000000 0.000000 0.000000 0.000000 0.000000 0.000000 0.000000 0.000000 0.000000 0.000000 0.000000 0.000000 0.000000 0.000000 0.000000 0.000000 0.000000 0.000000 0.000000 0.000000 0.000000 0.000000 0.000000 0.000000 0.000000 0.000000 0.000000 0.000000 0.000000 0.000000 0.000000 0.000000 0.000000 0.000000 0.000000 0.000000 0.000000 0.000000 0.000000 0.000000 0.000000 0.000000 0.000000 0.000000 0.000000 0.000000 0.000000 0.000000 0.000000 0.000000 0.000000 0.000000 0.000000 0.000000 0.000000 0.000000 0.000000 0.000000 0.000000 0.000000 0.000000 0.000000 0.000000 0.000000 0.000000 0.000000 0.000000 0.000000 0.000000 0.000000 0.000000 0.000000 0.000000 0.000000 0.000000 0.000000 0.000000 0.000000 0.000000 0.000000 0.000000 0.000000 0.000000 0.000000 0.000000 0.000000 0.000000 0.000000 0.000000 0.000000 0.000000 0.000000 0.000000 0.000000 0.000000 0.000000 0.000000 0.000000 0.000000 0.000000 0.000000 0.000000 0.000000 0.000000 0.000000 0.000000 0.000000 0.000000 0.000000 0.000000 0.000000 0.000000 0.000000 0.000000 0.000000 0.000000 0.000000 0.000000 0.000000 0.000000 0.000000 0.000000 0.000000 0.000000 0.000000 0.000000 0.000000 0.000000 0.000000 0.000000 0.000000 0.000000 0.000000 0.000000 0.000000 0.000000 0.000000 0.000000 0.000000 0.000000 0.000000 0.426382 0.505836 0.539058 0.532026 0.486277 0.415197 0.000000 0.000000 0.000000 0.000000 0.000000 0.000000 0.000000 0.000000 0.000000 0.000000 0.000000 0.000000 0.000000 0.000000 0.000000 0.000000 0.000000 0.000000 0.000000 0.000000 0.000000 0.000000 0.000000 0.000000 0.000000 0.000000 0.000000 0.000000 0.000000 0.000000 0.000000 0.000000 0.000000 0.000000 0.000000 0.000000 0.000000 0.000000 0.000000 0.000000 0.000000 0.000000 0.000000 0.000000 0.000000 0.000000 0.000000 0.000000 0.000000 0.000000 0.000000 0.000000 0.000000 0.000000 0.000000 0.000000 0.000000 0.000000 0.000000 0.000000 0.000000 0.000000 0.000000 0.000000 0.000000 0.000000 0.000000 0.000000 0.000000 0.000000 0.000000 0.000000 0.000000 0.000000 0.000000 0.000000 0.000000 0.000000 0.000000 0.000000 0.000000 0.000000 0.000000 0.000000 0.000000 0.000000 0.000000 0.000000 0.000000 0.000000 0.000000
0.000000 0.000000 0.000000 0.000000 0.000000 0.000000 0.000000 0.000000 0.000000 0.000000 0.000000 0.000000 0.000000 0.000000 0.000000 0.000000 0.000000 0.000000 0.000000 0.000000 0.000000 0.000000 0.000000 0.000000 0.000000 0.000000 0.000000 0.000000 0.000000 0.000000 0.000000 0.000000 0.000000 0.000000 0.000000 0.000000 0.000000 0.000000 0.000000 0.000000 0.000000 0.000000 0.000000 0.000000 0.000000 0.000000 0.000000 0.000000 0.000000 0.000000 0.000000 0.000000 0.000000 0.000000 0.000000 0.000000 0.000000 0.000000 0.000000 0.000000 0.000000 0.000000 0.000000 0.000000 0.000000 0.000000 0.000000 0.000000 0.000000 0.000000 0.000000 0.000000 0.000000 0.000000 0.000000 0.000000 0.000000 0.000000 0.000000 0.000000 0.000000 0.000000 0.000000 0.000000 0.000000 0.000000 0.000000 0.000000 0.000000 0.000000 0.000000 0.000000 0.000000 0.000000 0.000000 0.000000 0.000000 0.000000 0.000000 0.000000 0.000000 0.000000 0.000000 0.000000 0.000000 0.000000 0.000000 0.000000 0.000000 0.000000 0.000000 0.000000 0.000000 0.000000 0.000000 0.000000 0.000000 0.000000 0.000000 0.000000 0.000000 0.000000 0.000000 0.000000 0.000000 0.000000 0.000000 0.000000 0.000000 0.000000 0.000000 0.000000 0.000000 0.000000 0.000000 0.000000 0.000000 0.000000 0.000000 0.000000 0.000000 0.000000 0.000000 0.000000 0.000000 0.000000 0.000000 0.000000 0.000000 0.000000 0.000000 0.000000 0.000000 0.000000 0.000000 0.000000 0.000000 0.000000 0.000000 0.000000 0.000000 0.000000 0.000000 0.000000 0.000000 0.000000 0.000000 0.000000 0.000000 0.000000 0.000000 0.000000 0.000000 0.000000 0.000000 0.000000 0.000000 0.000000 0.000000 0.000000 0.000000 0.000000 0.455708 0.518104 0.558183 0.555562 0.516294 0.448629 0.000000 0.000000 0.000000 0.000000 0.000000 0.000000 0.000000 0.000000 0.000000 0.000000 0.000000 0.000000 0.000000 0.000000 0.000000 0.000000 0.000000 0.000000 0.000000 0.000000 0.000000 0.000000 0.000000 0.000000 0.000000 0.000000 0.000000 0.000000 0.000000 0.000000 0.000000 0.000000 0.000000 0.000000 0.000000 0.000000 0.000000 0.000000 0.000000 0.000000 0.000000 0.000000 0.000000 0.000000 0.000000 0.000000 0.000000 0.000000 0.000000 0.000000 0.000000 0.000000 0.000000 0.000000 0.000000 0.000000 0.000000 0.000000 0.000000 0.000000 0.000000 0.000000 0.000000 0.000000 0.000000 0.000000 0.000000 0.000000 0.000000 0.000000 0.000000 0.000000 0.000000 0.000000 0.000000 0.000000 0.000000 0.000000 0.000000 0.000000 0.000000 0.000000 0.000000 0.000000 0.000000 0.000000 0.000000 0.000000 0.000000 0.000000 0.000000 0.000000
0.000000 0.000000 0.000000 0.000000 0.000000 0.000000 0.000000 0.000000 0.000000 0.000000 0.000000 0.000000 0.000000 0.000000 0.000000 0.000000 0.000000 0.000000 0.000000 0.000000 0.000000 0.000000 0.000000 0.000000 0.000000 0.000000 0.000000 0.000000 0.000000 0.000000 0.000000 0.000000 0.000000 0.000000 0.000000 0.000000 0.000000 0.000000 0.000000 0.000000 0.000000 0.000000 0.000000 0.000000 0.000000 0.000000 0.000000 0.000000 0.000000 0.000000 0.000000 0.000000 0.000000 0.000000 0.000000 0.000000 0.000000 0.000000 0.000000 0.000000 0.000000 0.000000 0.000000 0.000000 0.000000 0.000000 0.000000 0.000000 0.000000 0.000000 0.000000 0.000000 0.000000 0.000000 0.000000 0.000000 0.000000 0.000000 0.000000 0.000000 0.000000 0.000000 0.000000 0.000000 0.000000 0.000000 0.000000 0.000000 0.000000 0.000000 0.000000 0.000000 0.000000 0.000000 0.000000 0.000000 0.000000 0.000000 0.000000 0.000000 0.000000 0.000000 0.000000 0.000000 0.000000 0.000000 0.000000 0.000000 0.000000 0.000000 0.000000 0.000000 0.000000 0.000000 0.000000 0.000000 0.000000 0.000000 0.000000 0.000000 0.000000 0.000000 0.000000 0.000000 0.000000 0.000000 0.000000 0.000000 0.000000 0.000000 0.000000 0.000000 0.000000 0.000000 0.000000 0.000000 0.000000 0.000000 0.000000 0.000000 0.000000 0.000000 0.000000 0.000000 0.000000 0.000000 0.000000 0.000000 0.000000 0.000000 0.000000 0.000000 0.000000 0.000000 0.000000 0.000000 0.000000 0.000000 0.000000 0.000000 0.000000 0.000000 0.000000 0.000000 0.000000 0.000000 0.000000 0.000000 0.000000 0.000000 0.000000 0.000000 0.000000 0.000000 0.000000 0.000000 0.000000 0.000000 0.000000 0.000000 0.000000 0.480058 0.553937 0.574115 0.575272 0.543169 0.478521 0.000000 0.000000 0.000000 0.000000 0.000000 0.000000 0.000000 0.000000 0.000000 0.000000 0.000000 0.000000 0.000000 0.000000 0.000000 0.000000 0.000000 0.000000 0.000000 0.000000 0.000000 0.000000 0.000000 0.000000 0.000000 0.000000 0.000000 0.000000 0.000000 0.000000 0.000000 0.000000 0.000000 0.000000 0.000000 0.000000 0.000000 0.000000 0.000000 0.000000 0.000000 0.000000 0.000000 0.000000 0.000000 0.000000 0.000000 0.000000 0.000000 0.000000 0.000000 0.000000 0.000000 0.000000 0.000000 0.000000 0.000000 0.000000 0.000000 0.000000 0.000000 0.000000 0.000000 0.000000 0.000000 0.000000 0.000000 0.000000 0.000000 0.421826 0.449387 0.411337 0.000000 0.000000 0.000000 0.000000 0.000000 0.000000 0.000000 0.000000 0.000000 0.000000 0.000000 0.000000 0.000000 0.000000 0.000000 0.000000 0.000000 0.000000 0.000000 0.000000 0.000000
0.000000 0.000000 0.000000 0.000000 0.000000 0.000000 0.000000 0.000000 0.000000 0.000000 0.000000 0.000000 0.000000 0.000000 0.000000 0.000000 0.000000 0.000000 0.000000 0.000000 0.000000 0.000000 0.000000 0.000000 0.000000 0.000000 0.000000 0.000000 0.000000 0.000000 0.000000 0.000000 0.000000 0.000000 0.000000 0.000000 0.000000 0.000000 0.000000 0.000000 0.000000 0.000000 0.000000 0.000000 0.000000 0.000000 0.000000 0.000000 0.000000 0.000000 0.000000 0.000000 0.000000 0.000000 0.000000 0.000000 0.000000 0.000000 0.000000 0.000000 0.000000 0.000000 0.000000 0.000000 0.000000 0.000000 0.000000 0.000000 0.000000 0.000000 0.000000 0.000000 0.000000 0.000000 0.000000 0.000000 0.000000 0.000000 0.000000 0.000000 0.000000 0.000000 0.000000 0.000000 0.000000 0.000000 0.000000 0.000000 0.000000 0.000000 0.000000 0.000000 0.000000 0.000000 0.000000 0.000000 0.000000 0.000000 0.000000 0.000000 0.000000 0.000000 0.000000 0.000000 0.000000 0.000000 0.000000 0.000000 0.000000 0.000000 0.000000 0.000000 0.000000 0.000000 0.000000 0.000000 0.000000 0.000000 0.000000 0.000000 0.000000 0.000000 0.000000 0.000000 0.000000 0.000000 0.000000 0.000000 0.000000 0.000000 0.000000 0.000000 0.000000 0.000000 0.000000 0.000000 0.000000 0.000000 0.000000 0.000000 0.000000 0.000000 0.000000 0.000000 0.000000 0.000000 0.000000 0.000000 0.000000 0.000000 0.000000 0.000000 0.000000 0.000000 0.000000 0.000000 0.000000 0.000000 0.000000 0.000000 0.000000 0.000000 0.000000 0.000000 0.000000 0.000000 0.000000 0.000000 0.000000 0.000000 0.000000 0.000000 0.000000 0.000000 0.000000 0.000000 0.000000 0.000000 0.000000 0.000000 0.497917 0.572146 0.607220 0.598170 0.568309 0.507227 0.421222 0.000000 0.000000 0.000000 0.000000 0.000000 0.000000 0.000000 0.000000 0.000000 0.000000 0.000000 0.000000 0.000000 0.000000 0.000000 0.000000 0.000000 0.000000 0.000000 0.000000 0.000000 0.000000 0.000000 0.000000 0.000000 0.000000 0.000000 0.000000 0.000000 0.000000 0.000000 0.000000 0.000000 0.000000 0.000000 0.000000 0.000000 0.000000 0.000000 0.000000 0.000000 0.000000 0.000000 0.000000 0.000000 0.000000 0.000000 0.000000 0.000000 0.000000 0.000000 0.000000 0.000000 0.000000 0.000000 0.000000 0.000000 0.000000 0.000000 0.000000 0.000000 0.000000 0.000000 0.000000 0.000000 0.000000 0.000000 0.000000 0.437854 0.490169 0.464198 0.000000 0.000000 0.000000 0.000000 0.000000 0.000000 0.000000 0.000000 0.000000 0.000000 0.000000 0.000000 0.000000 0.000000 0.000000 0.000000 0.000000 0.000000 0.000000 0.000000 0.000000 0.000000
0.000000 0.000000 0.000000 0.000000 0.000000 0.000000 0.000000 0.000000 0.000000 0.000000 0.000000 0.000000 0.000000 0.000000 0.000000 0.000000 0.000000 0.000000 0.000000 0.000000 0.000000 0.000000 0.000000 0.000000 0.000000 0.000000 0.000000 0.000000 0.000000 0.000000 0.000000 0.000000 0.000000 0.000000 0.000000 0.000000 0.000000 0.000000 0.000000 0.000000 0.000000 0.000000 0.000000 0.000000 0.000000 0.000000 0.000000 0.000000 0.000000 0.000000 0.000000 0.000000 0.000000 0.000000 0.000000 0.000000 0.000000 0.000000 0.000000 0.000000 0.000000 0.000000 0.000000 0.000000 0.000000 0.000000 0.000000 0.000000 0.000000 0.000000 0.000000 0.000000 0.000000 0.000000 0.000000 0.000000 0.000000 0.000000 0.000000 0.000000 0.000000 0.000000 0.000000 0.000000 0.000000 0.000000 0.000000 0.000000 0.000000 0.000000 0.000000 0.000000 0.000000 0.000000 0.000000 0.000000 0.000000 0.000000 0.000000 0.000000 0.000000 0.000000 0.000000 0.000000 0.000000 0.000000 0.000000 0.000000 0.000000 0.000000 0.000000 0.000000 0.000000 0.000000 0.000000 0.000000 0.000000 0.000000 0.000000 0.000000 0.000000 0.000000 0.000000 0.000000 0.000000 0.000000 0.000000 0.000000 0.000000 0.000000 0.000000 0.000000 0.000000 0.000000 0.000000 0.000000 0.000000 0.000000 0.000000 0.000000 0.000000 0.000000 0.000000 0.000000 0.000000 0.000000 0.000000 0.000000 0.000000 0.000000 0.000000 0.000000 0.000000 0.000000 0.000000 0.000000 0.000000 0.000000 0.000000 0.000000 0.000000 0.000000 0.000000 0.000000 0.000000 0.000000 0.000000 0.000000 0.000000 0.000000 0.000000 0.000000 0.000000 0.000000 0.000000 0.000000 0.000000 0.000000 0.000000 0.528321 0.592761 0.632054 0.623289 0.590565 0.532667 0.448120 0.000000 0.000000 0.000000 0.000000 0.000000 0.000000 0.000000 0.000000 0.000000 0.000000 0.000000 0.000000 0.000000 0.000000 0.000000 0.000000 0.000000 0.000000 0.000000 0.000000 0.000000 0.000000 0.000000 0.000000 0.000000 0.000000 0.000000 0.000000 0.000000 0.000000 0.000000 0.000000 0.000000 0.000000 0.000000 0.000000 0.000000 0.000000 0.000000 0.000000 0.000000 0.000000 0.000000 0.000000 0.000000 0.000000 0.000000 0.000000 0.000000 0.000000 0.000000 0.000000 0.000000 0.000000 0.000000 0.000000 0.000000 0.000000 0.000000 0.000000 0.000000 0.000000 0.000000 0.000000 0.000000 0.000000 0.000000 0.000000 0.436126 0.544196 0.531757 0.452906 0.000000 0.000000 0.000000 0.000000 0.000000 0.000000 0.000000 0.000000 0.000000 0.000000 0.000000 0.000000 0.000000 0.000000 0.000000 0.000000 0.000000 0.000000 0.000000 0.000000 0.000000 0.000000
0.000000 0.000000 0.000000 0.000000 0.000000 0.000000 0.000000 0.000000 0.000000 0.000000 0.000000 0.000000 0.000000 0.000000 0.000000 0.000000 0.000000 0.000000 0.000000 0.000000 0.000000 0.000000 0.000000 0.000000 0.000000 0.000000 0.000000 0.000000 0.000000 0.000000 0.000000 0.000000 0.000000 0.000000 0.000000 0.000000 0.000000 0.000000 0.000000 0.000000 0.000000 0.000000 0.000000 0.000000 0.000000 0.000000 0.000000 0.000000 0.000000 0.000000 0.000000 0.000000 0.000000 0.000000 0.000000 0.000000 0.000000 0.000000 0.000000 0.000000 0.000000 0.000000 0.000000 0.000000 0.000000 0.000000 0.000000 0.000000 0.000000 0.000000 0.000000 0.000000 0.000000 0.000000 0.000000 0.000000 0.000000 0.000000 0.000000 0.000000 0.000000 0.000000 0.000000 0.000000 0.000000 0.000000 0.000000 0.000000 0.000000 0.000000 0.000000 0.000000 0.000000 0.000000 0.000000 0.000000 0.000000 0.000000 0.000000 0.000000 0.000000 0.000000 0.000000 0.000000 0.000000 0.000000 0.000000 0.000000 0.000000 0.000000 0.000000 0.000000 0.000000 0.000000 0.000000 0.000000 0.000000 0.000000 0.000000 0.000000 0.000000 0.000000 0.000000 0.000000 0.000000 0.000000 0.000000 0.000000 0.000000 0.000000 0.000000 0.000000 0.000000 0.000000 0.000000 0.000000 0.000000 0.000000 0.000000 0.000000 0.000000 0.000000 0.000000 0.000000 0.000000 0.000000 0.000000 0.000000 0.000000 0.000000 0.000000 0.000000 0.000000 0.000000 0.000000 0.000000 0.000000 0.000000 0.000000 0.000000 0.000000 0.000000 0.000000 0.000000 0.000000 0.000000 0.000000 0.000000 0.000000 0.000000 0.000000 0.000000 0.000000 0.000000 0.000000 0.000000 0.000000 0.427739 0.542538 0.615619 0.648916 0.655637 0.615818 0.559072 0.472413 0.000000 0.000000 0.000000 0.000000 0.000000 0.000000 0.000000 0.000000 0.000000 0.000000 0.000000 0.000000 0.000000 0.000000 0.000000 0.000000 0.000000 0.000000 0.000000 0.000000 0.000000 0.000000 0.000000 0.000000 0.000000 0.000000 0.000000 0.000000 0.000000 0.000000 0.000000 0.000000 0.000000 0.000000 0.000000 0.000000 0.000000 0.000000 0.000000 0.000000 0.000000 0.000000 0.000000 0.000000 0.000000 0.000000 0.000000 0.000000 0.000000 0.000000 0.000000 0.000000 0.000000 0.000000 0.000000 0.000000 0.000000 0.000000 0.000000 0.000000 0.000000 0.000000 0.000000 0.000000 0.000000 0.000000 0.000000 0.000000 0.436938 0.566090 0.569884 0.511009 0.000000 0.000000 0.000000 0.000000 0.000000 0.000000 0.000000 0.000000 0.000000 0.000000 0.000000 0.000000 0.000000 0.000000 0.000000 0.000000 0.000000 0.000000 0.000000 0.000000 0.000000 0.000000 0.000000
0.000000 0.000000 0.000000 0.000000 0.000000 0.000000 0.000000 0.000000 0.000000 0.000000 0.000000 0.000000 0.000000 0.000000 0.000000 0.000000 0.000000 0.000000 0.000000 0.000000 0.000000 0.000000 0.000000 0.000000 0.000000 0.000000 0.000000 0.000000 0.000000 0.000000 0.000000 0.000000 0.000000 0.000000 0.000000 0.000000 0.000000 0.000000 0.000000 0.000000 0.000000 0.000000 0.000000 0.000000 0.000000 0.000000 0.000000 0.000000 0.000000 0.000000 0.000000 0.000000 0.000000 0.000000 0.000000 0.000000 0.000000 0.000000 0.000000 0.000000 0.000000 0.000000 0.000000 0.000000 0.000000 0.000000 0.000000 0.000000 0.000000 0.000000 0.000000 0.000000 0.000000 0.000000 0.000000 0.000000 0.000000 0.000000 0.000000 0.000000 0.000000 0.000000 0.000000 0.000000 0.000000 0.000000 0.000000 0.000000 0.000000 0.000000 0.000000 0.000000 0.000000 0.000000 0.000000 0.000000 0.000000 0.000000 0.000000 0.000000 0.000000 0.000000 0.000000 0.000000 0.000000 0.000000 0.000000 0.000000 0.000000 0.000000 0.000000 0.000000 0.000000 0.000000 0.000000 0.000000 0.000000 0.000000 0.000000 0.000000 0.000000 0.000000 0.000000 0.000000 0.000000 0.000000 0.000000 0.000000 0.000000 0.000000 0.000000 0.000000 0.000000 0.000000 0.000000 0.000000 0.000000 0.000000 0.000000 0.000000 0.000000 0.000000 0.000000 0.000000 0.000000 0.000000 0.000000 0.000000 0.000000 0.000000 0.000000 0.000000 0.000000 0.000000 0.000000 0.000000 0.000000 0.000000 0.000000 0.000000 0.000000 0.000000 0.000000 0.000000 0.000000 0.000000 0.000000 0.000000 0.000000 0.000000 0.000000 0.000000 0.000000 0.000000 0.000000 0.000000 0.422779 0.559132 0.630746 0.672702 0.673937 0.644658 0.582469 0.503336 0.000000 0.000000 0.000000 0.000000 0.000000 0.000000 0.000000 0.000000 0.000000 0.000000 0.000000 0.000000 0.000000 0.000000 0.000000 0.000000 0.000000 0.000000 0.000000 0.000000 0.000000 0.000000 0.000000 0.000000 0.000000 0.000000 0.000000 0.000000 0.000000 0.000000 0.000000 0.000000 0.000000 0.000000 0.000000 0.000000 0.000000 0.000000 0.000000 0.000000 0.000000 0.000000 0.000000 0.000000 0.000000 0.000000 0.000000 0.000000 0.000000 0.000000 0.000000 0.000000 0.000000 0.000000 0.000000 0.000000 0.000000 0.000000 0.000000 0.000000 0.000000 0.000000 0.000000 0.000000 0.000000 0.000000 0.000000 0.000000 0.000000 0.584159 0.608827 0.549510 0.419972 0.000000 0.000000 0.000000 0.000000 0.000000 0.000000 0.000000 0.000000 0.000000 0.000000 0.000000 0.000000 0.000000 0.000000 0.000000 0.000000 0.000000 0.000000 0.000000 0.000000 0.000000 0.000000 0.000000
0.000000 0.000000 0.000000 0.000000 0.000000 0.000000 0.000000 0.000000 0.000000 0.000000 0.000000 0.000000 0.000000 0.000000 0.000000 0.000000 0.000000 0.000000 0.000000 0.000000 0.000000 0.000000 0.000000 0.000000 0.000000 0.000000 0.000000 0.000000 0.000000 0.000000 0.000000 0.000000 0.000000 0.000000 0.000000 0.000000 0.000000 0.000000 0.000000 0.000000 0.000000 0.000000 0.000000 0.000000 0.000000 0.000000 0.000000 0.000000 0.000000 0.000000 0.000000 0.000000 0.000000 0.000000 0.000000 0.000000 0.000000 0.000000 0.000000 0.000000 0.000000 0.000000 0.000000 0.000000 0.000000 0.000000 0.000000 0.000000 0.000000 0.000000 0.000000 0.000000 0.000000 0.000000 0.000000 0.000000 0.000000 0.000000 0.000000 0.000000 0.000000 0.000000 0.000000 0.000000 0.000000 0.000000 0.000000 0.000000 0.000000 0.000000 0.000000 0.000000 0.000000 0.000000 0.000000 0.000000 0.000000 0.000000 0.000000 0.000000 0.000000 0.000000 0.000000 0.000000 0.000000 0.000000 0.000000 0.000000 0.000000 0.000000 0.000000 0.000000 0.000000 0.000000 0.000000 0.000000 0.000000 0.000000 0.000000 0.000000 0.000000 0.000000 0.000000 0.000000 0.000000 0.000000 0.000000 0.000000 0.000000 0.000000 0.000000 0.000000 0.000000 0.000000 0.000000 0.000000 0.000000 0.000000 0.000000 0.000000 0.000000 0.000000 0.000000 0.000000 0.000000 0.000000 0.000000 0.000000 0.000000 0.000000 0.000000 0.000000 0.000000 0.000000 0.000000 0.000000 0.000000 0.000000 0.000000 0.000000 0.000000 0.000000 0.000000 0.000000 0.000000 0.000000 0.000000 0.000000 0.000000 0.000000 0.000000 0.000000 0.000000 0.000000 0.000000 0.432872 0.564125 0.650955 0.690360 0.694698 0.670480 0.610553 0.522966 0.423972 0.000000 0.000000 0.000000 0.000000 0.000000 0.000000 0.000000 0.000000 0.000000 0.000000 0.000000 0.000000 0.000000 0.000000 0.000000 0.000000 0.000000 0.000000 0.000000 0.000000 0.000000 0.000000 0.000000 0.000000 0.000000 0.000000 0.000000 0.000000 0.000000 0.000000 0.000000 0.000000 0.000000 0.000000 0.000000 0.000000 0.000000 0.000000 0.000000 0.000000 0.000000 0.000000 0.000000 0.000000 0.000000 0.000000 0.000000 0.000000 0.000000 0.000000 0.000000 0.000000 0.000000 0.000000 0.000000 0.000000 0.000000 0.000000 0.000000 0.000000 0.000000 0.000000 0.000000 0.000000 0.000000 0.000000 0.000000 0.000000 0.598968 0.632883 0.581209 0.451618 0.000000 0.000000 0.000000 0.000000 0.000000 0.000000 0.000000 0.000000 0.000000 0.000000 0.000000 0.000000 0.000000 0.000000 0.000000 0.000000 0.000000 0.000000 0.000000 0.000000 0.000000 0.000000 0.000000 0.000000
0.000000 0.000000 0.000000 0.000000 0.000000 0.000000 0.000000 0.000000 0.000000 0.000000 0.000000 0.000000 0.000000 0.000000 0.000000 0.000000 0.000000 0.000000 0.000000 0.000000 0.000000 0.000000 0.000000 0.000000 0.000000 0.000000 0.000000 0.000000 0.000000 0.000000 0.000000 0.000000 0.000000 0.000000 0.000000 0.000000 0.000000 0.000000 0.000000 0.000000 0.000000 0.000000 0.000000 0.000000 0.000000 0.000000 0.000000 0.000000 0.000000 0.000000 0.000000 0.000000 0.000000 0.000000 0.000000 0.000000 0.000000 0.000000 0.000000 0.000000 0.000000 0.000000 0.000000 0.000000 0.000000 0.000000 0.000000 0.000000 0.000000 0.000000 0.000000 0.000000 0.000000 0.000000 0.000000 0.000000 0.000000 0.000000 0.000000 0.000000 0.000000 0.000000 0.000000 0.000000 0.000000 0.000000 0.000000 0.000000 0.000000 0.000000 0.000000 0.000000 0.000000 0.000000 0.000000 0.000000 0.000000 0.000000 0.000000 0.000000 0.000000 0.000000 0.000000 0.000000 0.000000 0.000000 0.000000 0.000000 0.000000 0.000000 0.000000 0.000000 0.000000 0.000000 0.000000 0.000000 0.000000 0.000000 0.000000 0.000000 0.000000 0.000000 0.000000 0.000000 0.000000 0.000000 0.000000 0.000000 0.000000 0.000000 0.000000 0.000000 0.000000 0.000000 0.000000 0.000000 0.000000 0.000000 0.000000 0.000000 0.000000 0.000000 0.000000 0.000000 0.000000 0.000000 0.000000 0.000000 0.000000 0.000000 0.000000 0.000000 0.000000 0.000000 0.000000 0.000000 0.000000 0.000000 0.000000 0.000000 0.000000 0.000000 0.000000 0.000000 0.000000 0.000000 0.000000 0.000000 0.000000 0.000000 0.000000 0.000000 0.000000 0.000000 0.422422 0.576091 0.663358 0.706187 0.715527 0.689059 0.629622 0.549138 0.448433 0.000000 0.000000 0.000000 0.000000 0.000000 0.000000 0.000000 0.000000 0.000000 0.000000 0.000000 0.000000 0.000000 0.000000 0.000000 0.000000 0.000000 0.000000 0.000000 0.000000 0.000000 0.000000 0.000000 0.000000 0.000000 0.000000 0.000000 0.000000 0.000000 0.000000 0.000000 0.000000 0.000000 0.000000 0.000000 0.000000 0.000000 0.000000 0.000000 0.000000 0.000000 0.000000 0.000000 0.000000 0.000000 0.000000 0.000000 0.000000 0.000000 0.000000 0.000000 0.000000 0.000000 0.000000 0.000000 0.000000 0.000000 0.000000 0.000000 0.000000 0.000000 0.000000 0.000000 0.000000 0.000000 0.000000 0.000000 0.000000 0.611437 0.669698 0.622163 0.489838 0.000000 0.000000 0.000000 0.000000 0.000000 0.000000 0.000000 0.000000 0.000000 0.000000 0.000000 0.000000 0.000000 0.000000 0.000000 0.000000 0.000000 0.000000 0.000000 0.000000 0.000000 0.000000 0.000000 0.000000 0.000000
0.000000 0.000000 0.000000 0.000000 0.000000 0.000000 0.000000 0.000000 0.000000 0.000000 0.000000 0.000000 0.000000 0.000000 0.000000 0.000000 0.000000 0.000000 0.000000 0.000000 0.000000 0.000000 0.000000 0.000000 0.000000 0.000000 0.000000 0.000000 0.000000 0.000000 0.000000 0.000000 0.000000 0.000000 0.000000 0.000000 0.000000 0.000000 0.000000 0.000000 0.000000 0.000000 0.000000 0.000000 0.000000 0.000000 0.000000 0.000000 0.000000 0.000000 0.000000 0.000000 0.000000 0.000000 0.000000 0.000000 0.000000 0.000000 0.000000 0.000000 0.000000 0.000000 0.000000 0.000000 0.000000 0.000000 0.000000 0.000000 0.000000 0.000000 0.000000 0.000000 0.000000 0.000000 0.000000 0.000000 0.000000 0.000000 0.000000 0.000000 0.000000 0.000000 0.000000 0.000000 0.000000 0.000000 0.000000 0.000000 0.000000 0.000000 0.000000 0.000000 0.000000 0.000000 0.000000 0.000000 0.000000 0.000000 0.000000 0.000000 0.000000 0.000000 0.000000 0.000000 0.000000 0.000000 0.000000 0.000000 0.000000 0.000000 0.000000 0.000000 0.000000 0.000000 0.000000 0.000000 0.000000 0.000000 0.000000 0.000000 0.000000 0.000000 0.000000 0.000000 0.000000 0.000000 0.000000 0.000000 0.000000 0.000000 0.000000 0.000000 0.000000 0.000000 0.000000 0.000000 0.000000 0.000000 0.000000 0.000000 0.000000 0.000000 0.000000 0.000000 0.000000 0.000000 0.000000 0.000000 0.000000 0.000000 0.000000 0.000000 0.000000 0.000000 0.000000 0.000000 0.000000 0.000000 0.000000 0.000000 0.000000 0.000000 0.000000 0.000000 0.000000 0.000000 0.000000 0.000000 0.000000 0.000000 0.000000 0.000000 0.000000 0.435001 0.588783 0.679419 0.723453 0.733893 0.703722 0.650698 0.567437 0.468037 0.000000 0.000000 0.000000 0.000000 0.000000 0.000000 0.000000 0.000000 0.000000 0.000000 0.000000 0.000000 0.000000 0.000000 0.000000 0.000000 0.000000 0.000000 0.000000 0.000000 0.000000 0.000000 0.000000 0.000000 0.000000 0.000000 0.000000 0.000000 0.000000 0.000000 0.000000 0.000000 0.000000 0.000000 0.000000 0.000000 0.000000 0.000000 0.000000 0.000000 0.000000 0.000000 0.000000 0.000000 0.000000 0.000000 0.000000 0.000000 0.000000 0.000000 0.000000 0.000000 0.000000 0.000000 0.000000 0.000000 0.000000 0.000000 0.000000 0.000000 0.000000 0.000000 0.000000 0.000000 0.000000 0.000000 0.000000 0.000000 0.612624 0.693231 0.661760 0.527383 0.000000 0.000000 0.000000 0.000000 0.000000 0.000000 0.000000 0.000000 0.000000 0.000000 0.000000 0.000000 0.000000 0.000000 0.000000 0.000000 0.000000 0.000000 0.000000 0.000000 0.000000 0.000000 0.000000 0.000000 0.000000 0.000000
0.000000 0.000000 0.000000 0.000000 0.000000 0.000000 0.000000 0.000000 0.000000 0.000000 0.000000 0.000000 0.000000 0.000000 0.000000 0.000000 0.000000 0.000000 0.000000 0.000000 0.000000 0.000000 0.000000 0.000000 0.000000 0.000000 0.000000 0.000000 0.000000 0.000000 0.000000 0.000000 0.000000 0.000000 0.000000 0.000000 0.000000 0.000000 0.000000 0.000000 0.000000 0.000000 0.000000 0.000000 0.000000 0.000000 0.000000 0.000000 0.000000 0.000000 0.000000 0.000000 0.000000 0.000000 0.000000 0.000000 0.000000 0.000000 0.000000 0.000000 0.000000 0.000000 0.000000 0.000000 0.000000 0.000000 0.000000 0.000000 0.000000 0.000000 0.000000 0.000000 0.000000 0.000000 0.000000 0.000000 0.000000 0.000000 0.000000 0.000000 0.000000 0.000000 0.000000 0.000000 0.000000 0.000000 0.000000 0.000000 0.000000 0.000000 0.000000 0.000000 0.000000 0.000000 0.000000 0.000000 0.000000 0.000000 0.000000 0.000000 0.000000 0.000000 0.000000 0.000000 0.000000 0.000000 0.000000 0.000000 0.000000 0.000000 0.000000 0.000000 0.000000 0.000000 0.000000 0.000000 0.000000 0.000000 0.000000 0.000000 0.000000 0.000000 0.000000 0.000000 0.000000 0.000000 0.000000 0.000000 0.000000 0.000000 0.000000 0.000000 0.000000 0.000000 0.000000 0.000000 0.000000 0.000000 0.000000 0.000000 0.000000 0.000000 0.000000 0.000000 0.000000 0.000000 0.000000 0.000000 0.000000 0.000000 0.000000 0.000000 0.000000 0.000000 0.000000 0.000000 0.000000 0.000000 0.000000 0.000000 0.000000 0.000000 0.000000 0.000000 0.000000 0.000000 0.000000 0.000000 0.000000 0.000000 0.000000 0.000000 0.449263 0.603771 0.692100 0.737619 0.747326 0.722837 0.669599 0.587330 0.489609 0.000000 0.000000 0.000000 0.000000 0.000000 0.000000 0.000000 0.000000 0.000000 0.000000 0.000000 0.000000 0.000000 0.000000 0.000000 0.000000 0.000000 0.000000 0.000000 0.000000 0.000000 0.000000 0.000000 0.000000 0.000000 0.000000 0.000000 0.000000 0.000000 0.000000 0.000000 0.000000 0.000000 0.000000 0.000000 0.000000 0.000000 0.000000 0.000000 0.000000 0.000000 0.000000 0.000000 0.000000 0.000000 0.000000 0.000000 0.000000 0.000000 0.000000 0.000000 0.000000 0.000000 0.000000 0.000000 0.000000 0.000000 0.000000 0.000000 0.000000 0.000000 0.000000 0.000000 0.000000 0.000000 0.000000 0.000000 0.000000 0.611306 0.707984 0.686589 0.560289 0.000000 0.000000 0.000000 0.000000 0.000000 0.000000 0.000000 0.000000 0.000000 0.000000 0.000000 0.000000 0.000000 0.000000 0.000000 0.000000 0.000000 0.000000 0.000000 0.000000 0.000000 0.000000 0.000000 0.000000 0.000000 0.000000 0.000000
0.000000 0.000000 0.000000 0.000000 0.000000 0.000000 0.000000 0.000000 0.000000 0.000000 0.000000 0.000000 0.000000 0.000000 0.000000 0.000000 0.000000 0.000000 0.000000 0.000000 0.000000 0.000000 0.000000 0.000000 0.000000 0.000000 0.000000 0.000000 0.000000 0.000000 0.000000 0.000000 0.000000 0.000000 0.000000 0.000000 0.000000 0.000000 0.000000 0.000000 0.000000 0.000000 0.000000 0.000000 0.000000 0.000000 0.000000 0.000000 0.000000 0.000000 0.000000 0.000000 0.000000 0.000000 0.000000 0.000000 0.000000 0.000000 0.000000 0.000000 0.000000 0.000000 0.000000 0.000000 0.000000 0.000000 0.000000 0.000000 0.000000 0.000000 0.000000 0.000000 0.000000 0.000000 0.000000 0.000000 0.000000 0.000000 0.000000 0.000000 0.000000 0.000000 0.000000 0.000000 0.000000 0.000000 0.000000 0.000000 0.000000 0.000000 0.000000 0.000000 0.000000 0.000000 0.000000 0.000000 0.000000 0.000000 0.000000 0.000000 0.000000 0.000000 0.000000 0.000000 0.000000 0.000000 0.000000 0.000000 0.000000 0.000000 0.000000 0.000000 0.000000 0.000000 0.000000 0.000000 0.000000 0.000000 0.000000 0.000000 0.000000 0.000000 0.000000 0.000000 0.000000 0.000000 0.000000 0.000000 0.000000 0.000000 0.000000 0.000000 0.000000 0.000000 0.000000 0.000000 0.000000 0.000000 0.000000 0.000000 0.000000 0.000000 0.000000 0.000000 0.000000 0.000000 0.000000 0.000000 0.000000 0.000000 0.000000 0.000000 0.000000 0.000000 0.000000 0.000000 0.000000 0.000000 0.000000 0.000000 0.000000 0.000000 0.000000 0.000000 0.000000 0.000000 0.000000 0.000000 0.000000 0.000000 0.000000 0.432723 0.615339 0.700058 0.746966 0.755606 0.735341 0.681492 0.605326 0.508194 0.403445 0.000000 0.000000 0.000000 0.000000 0.000000 0.000000 0.000000 0.000000 0.000000 0.000000 0.000000 0.000000 0.000000 0.000000 0.000000 0.000000 0.000000 0.000000 0.000000 0.000000 0.000000 0.000000 0.000000 0.000000 0.000000 0.000000 0.000000 0.000000 0.000000 0.000000 0.000000 0.000000 0.000000 0.000000 0.000000 0.000000 0.000000 0.000000 0.000000 0.000000 0.000000 0.000000 0.000000 0.000000 0.000000 0.000000 0.000000 0.000000 0.000000 0.000000 0.000000 0.000000 0.000000 0.000000 0.000000 0.000000 0.000000 0.000000 0.000000 0.000000 0.000000 0.000000 0.000000 0.000000 0.000000 0.000000 0.000000 0.608244 0.715728 0.697284 0.580656 0.000000 0.000000 0.000000 0.000000 0.000000 0.000000 0.000000 0.448329 0.000000 0.000000 0.000000 0.000000 0.000000 0.000000 0.000000 0.000000 0.000000 0.000000 0.000000 0.000000 0.000000 0.000000 0.000000 0.000000 0.000000 0.000000 0.000000 0.000000
0.000000 0.000000 0.000000 0.000000 0.000000 0.000000 0.000000 0.000000 0.000000 0.000000 0.000000 0.000000 0.000000 0.000000 0.000000 0.000000 0.000000 0.000000 0.000000 0.000000 0.000000 0.000000 0.000000 0.000000 0.000000 0.000000 0.000000 0.000000 0.000000 0.000000 0.000000 0.000000 0.000000 0.000000 0.000000 0.000000 0.000000 0.000000 0.000000 0.000000 0.000000 0.000000 0.000000 0.000000 0.000000 0.000000 0.000000 0.000000 0.000000 0.000000 0.000000 0.000000 0.000000 0.000000 0.000000 0.000000 0.000000 0.000000 0.000000 0.000000 0.000000 0.000000 0.000000 0.000000 0.000000 0.000000 0.000000 0.000000 0.000000 0.000000 0.000000 0.000000 0.000000 0.000000 0.000000 0.000000 0.000000 0.000000 0.000000 0.000000 0.000000 0.000000 0.000000 0.000000 0.000000 0.000000 0.000000 0.000000 0.000000 0.000000 0.000000 0.000000 0.000000 0.000000 0.000000 0.000000 0.000000 0.000000 0.000000 0.000000 0.000000 0.000000 0.000000 0.000000 0.000000 0.000000 0.000000 0.000000 0.000000 0.000000 0.000000 0.000000 0.000000 0.000000 0.000000 0.000000 0.000000 0.000000 0.000000 0.000000 0.000000 0.000000 0.000000 0.000000 0.000000 0.000000 0.000000 0.000000 0.000000 0.000000 0.000000 0.000000 0.000000 0.000000 0.000000 0.000000 0.000000 0.000000 0.000000 0.000000 0.000000 0.000000 0.000000 0.000000 0.000000 0.000000 0.000000 0.000000 0.000000 0.000000 0.000000 0.000000 0.000000 0.000000 0.000000 0.000000 0.000000 0.000000 0.000000 0.000000 0.000000 0.000000 0.000000 0.000000 0.000000 0.000000 0.000000 0.000000 0.000000 0.000000 0.000000 0.613587 0.720449 0.753416 0.759689 0.742006 0.690508 0.616659 0.523549 0.421849 0.000000 0.000000 0.000000 0.000000 0.000000 0.000000 0.000000 0.000000 0.000000 0.000000 0.000000 0.000000 0.000000 0.000000 0.000000 0.000000 0.000000 0.000000 0.000000 0.000000 0.000000 0.000000 0.000000 0.000000 0.000000 0.000000 0.000000 0.000000 0.000000 0.000000 0.000000 0.000000 0.000000 0.000000 0.000000 0.000000 0.000000 0.000000 0.000000 0.000000 0.000000 0.000000 0.000000 0.000000 0.000000 0.000000 0.000000 0.000000 0.000000 0.000000 0.000000 0.000000 0.000000 0.000000 0.000000 0.000000 0.000000 0.000000 0.000000 0.000000 0.000000 0.000000 0.000000 0.000000 0.000000 0.336597 0.000000 0.639854 0.700945 0.695478 0.589377 0.414648 0.000000 0.000000 0.000000 0.000000 0.000000 0.000000 0.505779 0.000000 0.000000 0.000000 0.000000 0.000000 0.000000 0.000000 0.000000 0.000000 0.000000 0.000000 0.000000 0.000000 0.000000 0.000000 0.000000 0.000000 0.000000 0.000000 0.000000 0.000000
0.000000 0.000000 0.000000 0.000000 0.000000 0.000000 0.000000 0.000000 0.000000 0.000000 0.000000 0.000000 0.000000 0.000000 0.000000 0.000000 0.000000 0.000000 0.000000 0.000000 0.000000 0.000000 0.000000 0.000000 0.000000 0.000000 0.000000 0.000000 0.000000 0.000000 0.000000 0.000000 0.000000 0.000000 0.000000 0.000000 0.000000 0.000000 0.000000 0.000000 0.000000 0.000000 0.000000 0.000000 0.000000 0.000000 0.000000 0.000000 0.000000 0.000000 0.000000 0.000000 0.000000 0.000000 0.000000 0.000000 0.000000 0.000000 0.000000 0.000000 0.000000 0.000000 0.000000 0.000000 0.000000 0.000000 0.000000 0.000000 0.000000 0.000000 0.000000 0.000000 0.000000 0.000000 0.000000 0.000000 0.000000 0.000000 0.000000 0.000000 0.000000 0.000000 0.000000 0.000000 0.000000 0.000000 0.000000 0.000000 0.000000 0.000000 0.000000 0.000000 0.000000 0.000000 0.000000 0.000000 0.000000 0.000000 0.000000 0.000000 0.000000 0.000000 0.000000 0.000000 0.000000 0.000000 0.000000 0.000000 0.000000 0.000000 0.000000 0.000000 0.000000 0.000000 0.000000 0.000000 0.000000 0.000000 0.000000 0.000000 0.000000 0.000000 0.000000 0.000000 0.000000 0.000000 0.000000 0.000000 0.000000 0.000000 0.000000 0.000000 0.000000 0.000000 0.000000 0.000000 0.000000 0.000000 0.000000 0.000000 0.000000 0.000000 0.000000 0.000000 0.000000 0.000000 0.000000 0.000000 0.000000 0.000000 0.000000 0.000000 0.000000 0.000000 0.000000 0.000000 0.000000 0.000000 0.000000 0.000000 0.000000 0.000000 0.000000 0.000000 0.000000 0.000000 0.000000 0.000000 0.000000 0.000000 0.596263 0.735355 0.766347 0.762554 0.745314 0.696998 0.627242 0.540954 0.442182 0.000000 0.000000 0.000000 0.000000 0.000000 0.000000 0.000000 0.000000 0.000000 0.000000 0.000000 0.000000 0.000000 0.000000 0.000000 0.000000 0.000000 0.000000 0.000000 0.000000 0.000000 0.000000 0.000000 0.000000 0.000000 0.000000 0.000000 0.000000 0.000000 0.000000 0.000000 0.000000 0.000000 0.000000 0.000000 0.000000 0.000000 0.000000 0.000000 0.000000 0.000000 0.000000 0.000000 0.000000 0.000000 0.000000 0.000000 0.000000 0.000000 0.000000 0.000000 0.000000 0.000000 0.000000 0.000000 0.000000 0.000000 0.000000 0.000000 0.000000 0.000000 0.000000 0.000000 0.000000 0.000000 0.000000 0.875591 0.769374 0.657219 0.673590 0.579536 0.418417 0.000000 0.000000 0.000000 0.000000 0.000000 0.000000 0.000000 0.420554 0.404389 0.000000 0.000000 0.000000 0.000000 0.000000 0.000000 0.000000 0.000000 0.000000 0.000000 0.000000 0.000000 0.000000 0.000000 0.000000 0.000000 0.000000 0.000000 0.000000 0.000000
0.000000 0.000000 0.000000 0.000000 0.000000 0.000000 0.000000 0.000000 0.000000 0.000000 0.000000 0.000000 0.000000 0.000000 0.000000 0.000000 0.000000 0.000000 0.000000 0.000000 0.000000 0.000000 0.000000 0.000000 0.000000 0.000000 0.000000 0.000000 0.000000 0.000000 0.000000 0.000000 0.000000 0.000000 0.000000 0.000000 0.000000 0.000000 0.000000 0.000000 0.000000 0.000000 0.000000 0.000000 0.000000 0.000000 0.000000 0.000000 0.000000 0.000000 0.000000 0.000000 0.000000 0.000000 0.000000 0.000000 0.000000 0.000000 0.000000 0.000000 0.000000 0.000000 0.000000 0.000000 0.000000 0.000000 0.000000 0.000000 0.000000 0.000000 0.000000 0.000000 0.000000 0.000000 0.000000 0.000000 0.000000 0.000000 0.000000 0.000000 0.000000 0.000000 0.000000 0.000000 0.000000 0.000000 0.000000 0.000000 0.000000 0.000000 0.000000 0.000000 0.000000 0.000000 0.000000 0.000000 0.000000 0.000000 0.000000 0.000000 0.000000 0.000000 0.000000 0.000000 0.000000 0.000000 0.000000 0.000000 0.000000 0.000000 0.000000 0.000000 0.000000 0.000000 0.000000 0.000000 0.000000 0.000000 0.000000 0.000000 0.000000 0.000000 0.000000 0.000000 0.000000 0.000000 0.000000 0.000000 0.000000 0.000000 0.000000 0.000000 0.000000 0.000000 0.000000 0.000000 0.000000 0.000000 0.000000 0.000000 0.000000 0.000000 0.000000 0.000000 0.000000 0.000000 0.000000 0.000000 0.000000 0.000000 0.000000 0.000000 0.000000 0.000000 0.000000 0.000000 0.000000 0.000000 0.000000 0.000000 0.000000 0.000000 0.000000 0.000000 0.000000 0.000000 0.000000 0.000000 0.000000 0.566614 0.735739 0.781374 0.771388 0.746596 0.698822 0.634307 0.555259 0.459994 0.000000 0.000000 0.000000 0.000000 0.000000 0.000000 0.000000 0.000000 0.000000 0.000000 0.000000 0.000000 0.000000 0.000000 0.000000 0.000000 0.000000 0.000000 0.000000 0.000000 0.000000 0.000000 0.000000 0.000000 0.000000 0.000000 0.000000 0.000000 0.000000 0.000000 0.000000 0.000000 0.000000 0.000000 0.000000 0.000000 0.000000 0.000000 0.000000 0.000000 0.000000 0.000000 0.000000 0.000000 0.000000 0.000000 0.000000 0.000000 0.000000 0.000000 0.000000 0.000000 0.000000 0.000000 0.000000 0.000000 0.000000 0.000000 0.000000 0.000000 0.000000 0.000000 0.000000 0.000000 0.000000 0.000000 1.000153 0.901889 0.568502 0.621580 0.556126 0.412169 0.000000 0.000000 0.000000 0.000000 0.000000 0.000000 0.000000 0.000000 0.466144 0.406095 0.000000 0.000000 0.000000 0.000000 0.000000 0.000000 0.000000 0.000000 0.000000 0.000000 0.000000 0.000000 0.000000 0.000000 0.000000 0.000000 0.000000 0.000000 0.000000 0.000000
0.000000 0.000000 0.000000 0.000000 0.000000 0.000000 0.000000 0.000000 0.000000 0.000000 0.000000 0.000000 0.000000 0.000000 0.000000 0.000000 0.000000 0.000000 0.000000 0.000000 0.000000 0.000000 0.000000 0.000000 0.000000 0.000000 0.000000 0.000000 0.000000 0.000000 0.000000 0.000000 0.000000 0.000000 0.000000 0.000000 0.000000 0.000000 0.000000 0.000000 0.000000 0.000000 0.000000 0.000000 0.000000 0.000000 0.000000 0.000000 0.000000 0.000000 0.000000 0.000000 0.000000 0.000000 0.000000 0.000000 0.000000 0.000000 0.000000 0.000000 0.000000 0.000000 0.000000 0.000000 0.000000 0.000000 0.000000 0.000000 0.000000 0.000000 0.000000 0.000000 0.000000 0.000000 0.000000 0.000000 0.000000 0.000000 0.000000 0.000000 0.000000 0.000000 0.000000 0.000000 0.000000 0.000000 0.000000 0.000000 0.000000 0.000000 0.000000 0.000000 0.000000 0.000000 0.000000 0.000000 0.000000 0.000000 0.000000 0.000000 0.000000 0.000000 0.000000 0.000000 0.000000 0.000000 0.000000 0.000000 0.000000 0.000000 0.000000 0.000000 0.000000 0.000000 0.000000 0.000000 0.000000 0.000000 0.000000 0.000000 0.000000 0.000000 0.000000 0.000000 0.000000 0.000000 0.000000 0.000000 0.000000 0.000000 0.000000 0.000000 0.000000 0.000000 0.000000 0.000000 0.000000 0.000000 0.000000 0.000000 0.000000 0.000000 0.000000 0.000000 0.000000 0.000000 0.000000 0.000000 0.000000 0.000000 0.000000 0.000000 0.000000 0.000000 0.000000 0.000000 0.000000 0.000000 0.000000 0.000000 0.000000 0.000000 0.000000 0.000000 0.000000 0.000000 0.000000 0.000000 0.540985 0.730692 0.806540 0.796994 0.773340 0.699513 0.638755 0.565597 0.477300 0.385843 0.000000 0.000000 0.000000 0.000000 0.000000 0.000000 0.000000 0.000000 0.000000 0.000000 0.000000 0.000000 0.000000 0.000000 0.000000 0.000000 0.000000 0.000000 0.000000 0.000000 0.000000 0.000000 0.000000 0.000000 0.000000 0.000000 0.000000 0.000000 0.000000 0.000000 0.000000 0.000000 0.000000 0.000000 0.000000 0.000000 0.000000 0.000000 0.000000 0.000000 0.000000 0.000000 0.000000 0.000000 0.000000 0.000000 0.000000 0.000000 0.000000 0.000000 0.000000 0.000000 0.000000 0.000000 0.000000 0.000000 0.000000 0.000000 0.000000 0.000000 0.000000 0.000000 0.000000 0.000000 0.000000 0.743827 0.830652 0.449635 0.539244 0.506020 0.000000 0.000000 0.000000 0.000000 0.000000 0.000000 0.000000 0.000000 0.000000 0.000000 0.000000 0.000000 0.000000 0.000000 0.000000 0.000000 0.000000 0.000000 0.000000 0.000000 0.000000 0.000000 0.000000 0.000000 0.000000 0.000000 0.000000 0.000000 0.000000 0.000000 0.000000 0.000000
0.000000 0.000000 0.000000 0.000000 0.000000 0.000000 0.000000 0.000000 0.000000 0.000000 0.000000 0.000000 0.000000 0.000000 0.000000 0.000000 0.000000 0.000000 0.000000 0.000000 0.000000 0.000000 0.000000 0.000000 0.000000 0.000000 0.000000 0.000000 0.000000 0.000000 0.000000 0.000000 0.000000 0.000000 0.000000 0.000000 0.000000 0.000000 0.000000 0.000000 0.000000 0.000000 0.000000 0.000000 0.000000 0.000000 0.000000 0.000000 0.000000 0.000000 0.000000 0.000000 0.000000 0.000000 0.000000 0.000000 0.000000 0.000000 0.000000 0.000000 0.000000 0.000000 0.000000 0.000000 0.000000 0.000000 0.000000 0.000000 0.000000 0.000000 0.000000 0.000000 0.000000 0.000000 0.000000 0.000000 0.000000 0.000000 0.000000 0.000000 0.000000 0.000000 0.000000 0.000000 0.000000 0.000000 0.000000 0.000000 0.000000 0.000000 0.000000 0.000000 0.000000 0.000000 0.000000 0.000000 0.000000 0.000000 0.000000 0.000000 0.000000 0.000000 0.000000 0.000000 0.000000 0.000000 0.000000 0.000000 0.000000 0.000000 0.000000 0.000000 0.000000 0.000000 0.000000 0.000000 0.000000 0.000000 0.000000 0.000000 0.000000 0.000000 0.000000 0.000000 0.000000 0.000000 0.000000 0.000000 0.000000 0.000000 0.000000 0.000000 0.000000 0.000000 0.000000 0.000000 0.000000 0.000000 0.000000 0.000000 0.000000 0.000000 0.000000 0.000000 0.000000 0.000000 0.000000 0.000000 0.000000 0.000000 0.000000 0.000000 0.000000 0.000000 0.000000 0.000000 0.000000 0.000000 0.000000 0.000000 0.000000 0.000000 0.000000 0.000000 0.000000 0.000000 0.000000 0.503130 0.712225 0.828244 0.820227 0.786179 0.734993 0.642790 0.571164 0.493220 0.424250 0.395525 0.000000 0.000000 0.000000 0.000000 0.000000 0.000000 0.000000 0.000000 0.000000 0.000000 0.000000 0.000000 0.000000 0.000000 0.000000 0.000000 0.000000 0.000000 0.000000 0.000000 0.000000 0.000000 0.000000 0.000000 0.000000 0.000000 0.000000 0.000000 0.000000 0.000000 0.000000 0.000000 0.000000 0.000000 0.000000 0.000000 0.000000 0.000000 0.000000 0.000000 0.000000 0.000000 0.000000 0.000000 0.000000 0.000000 0.000000 0.000000 0.000000 0.000000 0.000000 0.000000 0.000000 0.000000 0.000000 0.000000 0.000000 0.000000 0.000000 0.000000 0.000000 0.000000 0.000000 0.000000 0.000000 0.645294 0.521496 0.426299 0.424061 0.000000 0.000000 0.000000 0.000000 0.000000 0.000000 0.000000 0.000000 0.000000 0.000000 0.000000 0.000000 0.000000 0.000000 0.000000 0.000000 0.000000 0.000000 0.000000 0.000000 0.000000 0.000000 0.000000 0.000000 0.000000 0.000000 0.000000 0.000000 0.000000 0.000000 0.000000 0.000000 0.000000
0.000000 0.000000 0.000000 0.000000 0.000000 0.000000 0.000000 0.000000 0.000000 0.000000 0.000000 0.000000 0.000000 0.000000 0.000000 0.000000 0.000000 0.000000 0.000000 0.000000 0.000000 0.000000 0.000000 0.000000 0.000000 0.000000 0.000000 0.000000 0.000000 0.000000 0.000000 0.000000 0.000000 0.000000 0.000000 0.000000 0.000000 0.000000 0.000000 0.000000 0.000000 0.000000 0.000000 0.000000 0.000000 0.000000 0.000000 0.000000 0.000000 0.000000 0.000000 0.000000 0.000000 0.000000 0.000000 0.000000 0.000000 0.000000 0.000000 0.000000 0.000000 0.000000 0.000000 0.000000 0.000000 0.000000 0.000000 0.000000 0.000000 0.000000 0.000000 0.000000 0.000000 0.000000 0.000000 0.000000 0.000000 0.000000 0.000000 0.000000 0.000000 0.000000 0.000000 0.000000 0.000000 0.000000 0.000000 0.000000 0.000000 0.000000 0.000000 0.000000 0.000000 0.000000 0.000000 0.000000 0.000000 0.000000 0.000000 0.000000 0.000000 0.000000 0.000000 0.000000 0.000000 0.000000 0.000000 0.000000 0.000000 0.000000 0.000000 0.000000 0.000000 0.000000 0.000000 0.000000 0.000000 0.000000 0.000000 0.000000 0.000000 0.000000 0.000000 0.000000 0.000000 0.000000 0.000000 0.000000 0.000000 0.000000 0.000000 0.000000 0.000000 0.000000 0.000000 0.000000 0.000000 0.000000 0.000000 0.000000 0.000000 0.000000 0.000000 0.000000 0.000000 0.000000 0.000000 0.000000 0.000000 0.000000 0.000000 0.000000 0.000000 0.000000 0.000000 0.000000 0.000000 0.000000 0.000000 0.000000 0.000000 0.000000 0.000000 0.000000 0.000000 0.000000 0.450605 0.681841 0.834994 0.839362 0.796176 0.740408 0.680111 0.576266 0.502867 0.463808 0.430905 0.401258 0.000000 0.000000 0.000000 0.000000 0.000000 0.000000 0.000000 0.000000 0.000000 0.000000 0.000000 0.000000 0.000000 0.000000 0.000000 0.000000 0.000000 0.000000 0.000000 0.000000 0.000000 0.000000 0.000000 0.000000 0.000000 0.000000 0.000000 0.000000 0.000000 0.000000 0.000000 0.000000 0.000000 0.000000 0.000000 0.000000 0.000000 0.000000 0.000000 0.000000 0.000000 0.000000 0.000000 0.000000 0.000000 0.000000 0.000000 0.000000 0.000000 0.000000 0.000000 0.000000 0.000000 0.000000 0.000000 0.000000 0.000000 0.000000 0.000000 0.000000 0.000000 0.000000 0.000000 0.000000 0.000000 0.000000 0.000000 0.000000 0.000000 0.000000 0.000000 0.000000 0.000000 0.000000 0.000000 0.000000 0.000000 0.000000 0.000000 0.000000 0.000000 0.000000 0.000000 0.000000 0.000000 0.000000 0.000000 0.000000 0.000000 0.000000 0.000000 0.000000 0.000000 0.000000 0.000000 0.000000 0.000000 0.000000 0.000000 0.000000 0.000000 0.000000
0.000000 0.000000 0.000000 0.000000 0.000000 0.000000 0.000000 0.000000 0.000000 0.000000 0.000000 0.000000 0.000000 0.000000 0.000000 0.000000 0.000000 0.000000 0.000000 0.000000 0.000000 0.000000 0.000000 0.000000 0.000000 0.000000 0.000000 0.000000 0.000000 0.000000 0.000000 0.000000 0.000000 0.000000 0.000000 0.000000 0.000000 0.000000 0.000000 0.000000 0.000000 0.000000 0.000000 0.000000 0.000000 0.000000 0.000000 0.000000 0.000000 0.000000 0.000000 0.000000 0.000000 0.000000 0.000000 0.000000 0.000000 0.000000 0.000000 0.000000 0.000000 0.000000 0.000000 0.000000 0.000000 0.000000 0.000000 0.000000 0.000000 0.000000 0.000000 0.000000 0.000000 0.000000 0.000000 0.000000 0.000000 0.000000 0.000000 0.000000 0.000000 0.000000 0.000000 0.000000 0.000000 0.000000 0.000000 0.000000 0.000000 0.000000 0.000000 0.000000 0.000000 0.000000 0.000000 0.000000 0.000000 0.000000 0.000000 0.000000 0.000000 0.000000 0.000000 0.000000 0.000000 0.000000 0.000000 0.000000 0.000000 0.000000 0.000000 0.000000 0.000000 0.000000 0.000000 0.000000 0.000000 0.000000 0.000000 0.000000 0.000000 0.000000 0.000000 0.000000 0.000000 0.000000 0.000000 0.000000 0.000000 0.000000 0.000000 0.000000 0.000000 0.000000 0.000000 0.000000 0.000000 0.000000 0.000000 0.000000 0.000000 0.000000 0.000000 0.000000 0.000000 0.000000 0.000000 0.000000 0.000000 0.000000 0.000000 0.000000 0.000000 0.000000 0.000000 0.000000 0.000000 0.000000 0.000000 0.000000 0.000000 0.000000 0.000000 0.000000 0.000000 0.000000 0.632602 0.820384 0.851847 0.807032 0.751682 0.688893 0.585849 0.543201 0.502986 0.466125 0.434478 0.402462 0.000000 0.000000 0.000000 0.000000 0.000000 0.000000 0.000000 0.000000 0.000000 0.000000 0.000000 0.000000 0.000000 0.000000 0.000000 0.000000 0.000000 0.000000 0.000000 0.000000 0.000000 0.000000 0.000000 0.000000 0.000000 0.000000 0.000000 0.000000 0.000000 0.000000 0.000000 0.000000 0.000000 0.000000 0.000000 0.000000 0.000000 0.000000 0.000000 0.000000 0.000000 0.000000 0.000000 0.000000 0.000000 0.000000 0.000000 0.000000 0.000000 0.000000 0.000000 0.000000 0.000000 0.000000 0.000000 0.000000 0.000000 0.000000 0.000000 0.000000 0.000000 0.000000 0.000000 0.000000 0.000000 0.000000 0.000000 0.000000 0.000000 0.000000 0.000000 0.000000 0.000000 0.000000 0.000000 0.000000 0.000000 0.000000 0.000000 0.000000 0.000000 0.000000 0.000000 0.000000 0.000000 0.000000 0.000000 0.000000 0.000000 0.000000 0.000000 0.000000 0.000000 0.000000 0.000000 0.000000 0.000000 0.000000 0.000000 0.000000 0.000000 0.000000
0.000000 0.000000 0.000000 0.000000 0.000000 0.000000 0.000000 0.000000 0.000000 0.000000 0.000000 0.000000 0.000000 0.000000 0.000000 0.000000 0.000000 0.000000 0.000000 0.000000 0.000000 0.000000 0.000000 0.000000 0.000000 0.000000 0.000000 0.000000 0.000000 0.000000 0.000000 0.000000 0.000000 0.000000 0.000000 0.000000 0.000000 0.000000 0.000000 0.000000 0.000000 0.000000 0.000000 0.000000 0.000000 0.000000 0.000000 0.000000 0.000000 0.000000 0.000000 0.000000 0.000000 0.000000 0.000000 0.000000 0.000000 0.000000 0.000000 0.000000 0.000000 0.000000 0.000000 0.000000 0.000000 0.000000 0.000000 0.000000 0.000000 0.000000 0.000000 0.000000 0.000000 0.000000 0.000000 0.000000 0.000000 0.000000 0.000000 0.000000 0.000000 0.000000 0.000000 0.000000 0.000000 0.000000 0.000000 0.000000 0.000000 0.000000 0.000000 0.000000 0.000000 0.000000 0.000000 0.000000 0.000000 0.000000 0.000000 0.000000 0.000000 0.000000 0.000000 0.000000 0.000000 0.000000 0.000000 0.000000 0.000000 0.000000 0.000000 0.000000 0.000000 0.000000 0.000000 0.000000 0.000000 0.000000 0.000000 0.000000 0.000000 0.000000 0.000000 0.000000 0.000000 0.000000 0.000000 0.000000 0.000000 0.000000 0.000000 0.000000 0.000000 0.000000 0.000000 0.000000 0.000000 0.000000 0.000000 0.000000 0.000000 0.000000 0.000000 0.000000 0.000000 0.000000 0.000000 0.000000 0.000000 0.000000 0.000000 0.000000 0.000000 0.000000 0.000000 0.000000 0.000000 0.000000 0.000000 0.000000 0.000000 0.000000 0.000000 0.000000 0.000000 0.575022 0.789437 0.860949 0.826586 0.767442 0.715733 0.628596 0.584966 0.541841 0.502549 0.465879 0.431856 0.394535 0.000000 0.000000 0.000000 0.000000 0.000000 0.000000 0.000000 0.000000 0.000000 0.000000 0.000000 0.000000 0.000000 0.000000 0.000000 0.000000 0.000000 0.000000 0.000000 0.000000 0.000000 0.000000 0.000000 0.000000 0.000000 0.000000 0.000000 0.000000 0.000000 0.000000 0.000000 0.000000 0.000000 0.000000 0.000000 0.000000 0.000000 0.000000 0.000000 0.000000 0.000000 0.000000 0.000000 0.000000 0.000000 0.000000 0.000000 0.000000 0.000000 0.000000 0.000000 0.000000 0.000000 0.000000 0.000000 0.000000 0.000000 0.000000 0.000000 0.000000 0.000000 0.000000 0.000000 0.000000 0.000000 0.000000 0.000000 0.000000 0.000000 0.000000 0.000000 0.000000 0.000000 0.000000 0.000000 0.000000 0.000000 0.000000 0.000000 0.000000 0.000000 0.000000 0.000000 0.000000 0.000000 0.000000 0.000000 0.000000 0.000000 0.000000 0.000000 0.000000 0.000000 0.000000 0.000000 0.000000 0.000000 0.000000 0.000000 0.000000 0.000000 0.000000
0.000000 0.000000 0.000000 0.000000 0.000000 0.000000 0.000000 0.000000 0.000000 0.000000 0.000000 0.000000 0.000000 0.000000 0.000000 0.000000 0.000000 0.000000 0.000000 0.000000 0.000000 0.000000 0.000000 0.000000 0.000000 0.000000 0.000000 0.000000 0.000000 0.000000 0.000000 0.000000 0.000000 0.000000 0.000000 0.000000 0.000000 0.000000 0.000000 0.000000 0.000000 0.000000 0.000000 0.000000 0.000000 0.000000 0.000000 0.000000 0.000000 0.000000 0.000000 0.000000 0.000000 0.000000 0.000000 0.000000 0.000000 0.000000 0.000000 0.000000 0.000000 0.000000 0.000000 0.000000 0.000000 0.000000 0.000000 0.000000 0.000000 0.000000 0.000000 0.000000 0.000000 0.000000 0.000000 0.000000 0.000000 0.000000 0.000000 0.000000 0.000000 0.000000 0.000000 0.000000 0.000000 0.000000 0.000000 0.000000 0.000000 0.000000 0.000000 0.000000 0.000000 0.000000 0.000000 0.000000 0.000000 0.000000 0.000000 0.000000 0.000000 0.000000 0.000000 0.000000 0.000000 0.000000 0.000000 0.000000 0.000000 0.000000 0.000000 0.000000 0.000000 0.000000 0.000000 0.000000 0.000000 0.000000 0.000000 0.000000 0.000000 0.000000 0.000000 0.000000 0.000000 0.000000 0.000000 0.000000 0.000000 0.000000 0.000000 0.000000 0.000000 0.000000 0.000000 0.000000 0.000000 0.000000 0.000000 0.000000 0.000000 0.000000 0.000000 0.000000 0.000000 0.000000 0.000000 0.000000 0.000000 0.000000 0.000000 0.000000 0.000000 0.000000 0.000000 0.000000 0.000000 0.000000 0.000000 0.000000 0.000000 0.000000 0.373207 0.000000 0.538848 0.759205 0.859839 0.854412 0.811320 0.752804 0.674311 0.625727 0.576335 0.536549 0.499147 0.461195 0.465302 0.000000 0.000000 0.000000 0.000000 0.000000 0.000000 0.000000 0.000000 0.000000 0.000000 0.000000 0.000000 0.000000 0.000000 0.000000 0.487196 0.467338 0.000000 0.000000 0.000000 0.000000 0.000000 0.000000 0.000000 0.000000 0.000000 0.000000 0.000000 0.000000 0.000000 0.000000 0.000000 0.000000 0.000000 0.000000 0.000000 0.000000 0.000000 0.000000 0.000000 0.000000 0.000000 0.000000 0.000000 0.000000 0.000000 0.000000 0.000000 0.000000 0.000000 0.000000 0.000000 0.000000 0.000000 0.000000 0.000000 0.000000 0.000000 0.000000 0.000000 0.000000 0.000000 0.000000 0.000000 0.000000 0.000000 0.000000 0.000000 0.000000 0.000000 0.000000 0.000000 0.000000 0.000000 0.000000 0.000000 0.000000 0.000000 0.000000 0.000000 0.000000 0.000000 0.000000 0.000000 0.000000 0.000000 0.000000 0.000000 0.000000 0.000000 0.000000 0.000000 0.000000 0.000000 0.000000 0.000000 0.000000 0.000000 0.000000 0.000000 0.000000 0.000000 0.000000
0.000000 0.000000 0.000000 0.000000 0.000000 0.000000 0.000000 0.000000 0.000000 0.000000 0.000000 0.000000 0.000000 0.000000 0.000000 0.000000 0.000000 0.000000 0.000000 0.000000 0.000000 0.000000 0.000000 0.000000 0.000000 0.000000 0.000000 0.000000 0.000000 0.000000 0.000000 0.000000 0.000000 0.000000 0.000000 0.000000 0.000000 0.000000 0.000000 0.000000 0.000000 0.000000 0.000000 0.000000 0.000000 0.000000 0.000000 0.000000 0.000000 0.000000 0.000000 0.000000 0.000000 0.000000 0.000000 0.000000 0.000000 0.000000 0.000000 0.000000 0.000000 0.000000 0.000000 0.000000 0.000000 0.000000 0.000000 0.000000 0.000000 0.000000 0.000000 0.000000 0.000000 0.000000 0.000000 0.000000 0.000000 0.000000 0.000000 0.000000 0.000000 0.000000 0.000000 0.000000 0.000000 0.000000 0.000000 0.000000 0.000000 0.000000 0.000000 0.000000 0.000000 0.000000 0.000000 0.000000 0.000000 0.000000 0.000000 0.000000 0.000000 0.000000 0.000000 0.000000 0.000000 0.000000 0.000000 0.000000 0.000000 0.000000 0.000000 0.000000 0.000000 0.000000 0.000000 0.000000 0.000000 0.000000 0.000000 0.000000 0.000000 0.000000 0.000000 0.000000 0.000000 0.000000 0.000000 0.000000 0.000000 0.000000 0.000000 0.000000 0.000000 0.000000 0.000000 0.000000 0.000000 0.000000 0.000000 0.000000 0.000000 0.000000 0.000000 0.000000 0.000000 0.000000 0.000000 0.000000 0.000000 0.000000 0.000000 0.000000 0.000000 0.000000 0.000000 0.000000 0.000000 0.000000 0.000000 0.000000 0.000000 0.000000 0.499280 0.479908 0.743057 0.871963 0.886845 0.843654 0.793319 0.729587 0.667236 0.616638 0.568797 0.527291 0.488271 0.519984 0.000000 0.000000 0.000000 0.000000 0.000000 0.000000 0.000000 0.000000 0.000000 0.000000 0.000000 0.000000 0.000000 0.000000 0.435842 0.544208 0.540106 0.464235 0.000000 0.000000 0.000000 0.000000 0.000000 0.000000 0.000000 0.000000 0.000000 0.000000 0.000000 0.000000 0.000000 0.000000 0.000000 0.000000 0.000000 0.000000 0.000000 0.000000 0.000000 0.000000 0.000000 0.000000 0.000000 0.000000 0.000000 0.000000 0.000000 0.000000 0.000000 0.000000 0.000000 0.000000 0.000000 0.000000 0.000000 0.000000 0.000000 0.000000 0.000000 0.000000 0.000000 0.000000 0.000000 0.000000 0.000000 0.000000 0.000000 0.000000 0.000000 0.000000 0.000000 0.000000 0.000000 0.000000 0.000000 0.000000 0.000000 0.000000 0.000000 0.000000 0.000000 0.000000 0.000000 0.000000 0.000000 0.000000 0.000000 0.000000 0.000000 0.000000 0.000000 0.000000 0.000000 0.000000 0.000000 0.000000 0.000000 0.000000 0.000000 0.000000 0.000000 0.000000 0.000000 0.000000
0.000000 0.000000 0.000000 0.000000 0.000000 0.000000 0.000000 0.000000 0.000000 0.000000 0.000000 0.000000 0.000000 0.000000 0.000000 0.000000 0.000000 0.000000 0.000000 0.000000 0.000000 0.000000 0.000000 0.000000 0.000000 0.000000 0.000000 0.000000 0.000000 0.000000 0.000000 0.000000 0.000000 0.000000 0.000000 0.000000 0.000000 0.000000 0.000000 0.000000 0.000000 0.000000 0.000000 0.000000 0.000000 0.000000 0.000000 0.000000 0.000000 0.000000 0.000000 0.000000 0.000000 0.000000 0.000000 0.000000 0.000000 0.000000 0.000000 0.000000 0.000000 0.000000 0.000000 0.000000 0.000000 0.000000 0.000000 0.000000 0.000000 0.000000 0.000000 0.000000 0.000000 0.000000 0.000000 0.000000 0.000000 0.000000 0.000000 0.000000 0.000000 0.000000 0.000000 0.000000 0.000000 0.000000 0.000000 0.000000 0.000000 0.000000 0.000000 0.000000 0.000000 0.000000 0.000000 0.000000 0.000000 0.000000 0.000000 0.000000 0.000000 0.000000 0.000000 0.000000 0.000000 0.000000 0.000000 0.000000 0.000000 0.000000 0.000000 0.000000 0.000000 0.000000 0.000000 0.000000 0.000000 0.000000 0.000000 0.000000 0.000000 0.000000 0.000000 0.000000 0.000000 0.000000 0.000000 0.000000 0.000000 0.000000 0.000000 0.000000 0.000000 0.000000 0.000000 0.000000 0.000000 0.000000 0.000000 0.000000 0.000000 0.000000 0.000000 0.000000 0.000000 0.000000 0.000000 0.000000 0.000000 0.000000 0.000000 0.000000 0.000000 0.000000 0.000000 0.000000 0.000000 0.000000 0.000000 0.000000 0.000000 0.535913 0.000000 0.670601 0.907536 0.925982 0.893016 0.828098 0.769715 0.698355 0.650389 0.604493 0.558839 0.510932 0.461196 0.404630 0.000000 0.000000 0.000000 0.000000 0.000000 0.000000 0.000000 0.000000 0.000000 0.000000 0.000000 0.000000 0.000000 0.469133 0.594433 0.601654 0.521542 0.410652 0.000000 0.000000 0.000000 0.000000 0.000000 0.000000 0.000000 0.000000 0.000000 0.000000 0.000000 0.000000 0.000000 0.000000 0.000000 0.000000 0.000000 0.000000 0.000000 0.000000 0.000000 0.000000 0.000000 0.000000 0.000000 0.000000 0.000000 0.000000 0.000000 0.000000 0.000000 0.000000 0.000000 0.000000 0.000000 0.000000 0.000000 0.000000 0.000000 0.000000 0.000000 0.000000 0.000000 0.000000 0.000000 0.000000 0.000000 0.000000 0.000000 0.000000 0.000000 0.000000 0.000000 0.000000 0.000000 0.000000 0.000000 0.000000 0.000000 0.000000 0.000000 0.000000 0.000000 0.000000 0.000000 0.000000 0.000000 0.000000 0.000000 0.000000 0.000000 0.000000 0.000000 0.000000 0.000000 0.000000 0.000000 0.000000 0.000000 0.000000 0.000000 0.000000 0.000000 0.000000 0.000000 0.000000
0.000000 0.000000 0.000000 0.000000 0.000000 0.000000 0.000000 0.000000 0.000000 0.000000 0.000000 0.000000 0.000000 0.000000 0.000000 0.000000 0.000000 0.000000 0.000000 0.000000 0.000000 0.000000 0.000000 0.000000 0.000000 0.000000 0.000000 0.000000 0.000000 0.000000 0.000000 0.000000 0.000000 0.000000 0.000000 0.000000 0.000000 0.000000 0.000000 0.000000 0.000000 0.000000 0.000000 0.000000 0.000000 0.000000 0.000000 0.000000 0.000000 0.000000 0.000000 0.000000 0.000000 0.000000 0.000000 0.000000 0.000000 0.000000 0.000000 0.000000 0.000000 0.000000 0.000000 0.000000 0.000000 0.000000 0.000000 0.000000 0.000000 0.000000 0.000000 0.000000 0.000000 0.000000 0.000000 0.000000 0.000000 0.000000 0.000000 0.000000 0.000000 0.000000 0.000000 0.000000 0.000000 0.000000 0.000000 0.000000 0.000000 0.000000 0.000000 0.000000 0.000000 0.000000 0.000000 0.000000 0.000000 0.000000 0.000000 0.000000 0.000000 0.000000 0.000000 0.000000 0.000000 0.000000 0.000000 0.000000 0.000000 0.000000 0.000000 0.000000 0.000000 0.000000 0.000000 0.000000 0.000000 0.000000 0.000000 0.000000 0.000000 0.000000 0.000000 0.000000 0.000000 0.000000 0.000000 0.000000 0.000000 0.000000 0.000000 0.000000 0.000000 0.000000 0.000000 0.000000 0.000000 0.000000 0.000000 0.000000 0.000000 0.000000 0.000000 0.000000 0.000000 0.000000 0.000000 0.000000 0.000000 0.000000 0.000000 0.000000 0.000000 0.000000 0.000000 0.000000 0.000000 0.000000 0.000000 0.000000 0.000000 0.456876 0.567372 0.841248 0.959565 0.937484 0.878320 0.805591 0.746296 0.683966 0.630341 0.583252 0.532397 0.471506 0.408768 0.000000 0.000000 0.000000 0.000000 0.000000 0.000000 0.000000 0.000000 0.000000 0.000000 0.000000 0.000000 0.000000 0.505574 0.634747 0.655530 0.574921 0.448838 0.000000 0.000000 0.000000 0.000000 0.000000 0.000000 0.000000 0.000000 0.000000 0.000000 0.000000 0.000000 0.000000 0.000000 0.000000 0.000000 0.000000 0.000000 0.000000 0.000000 0.000000 0.000000 0.000000 0.000000 0.000000 0.000000 0.000000 0.000000 0.000000 0.000000 0.000000 0.000000 0.000000 0.000000 0.000000 0.000000 0.000000 0.000000 0.000000 0.000000 0.000000 0.000000 0.000000 0.000000 0.000000 0.000000 0.000000 0.000000 0.000000 0.000000 0.000000 0.000000 0.000000 0.000000 0.000000 0.000000 0.000000 0.000000 0.000000 0.000000 0.000000 0.000000 0.000000 0.000000 0.000000 0.000000 0.000000 0.000000 0.000000 0.000000 0.000000 0.000000 0.000000 0.000000 0.000000 0.000000 0.000000 0.000000 0.000000 0.000000 0.000000 0.000000 0.000000 0.000000 0.000000 0.000000 0.000000
0.000000 0.000000 0.000000 0.000000 0.000000 0.000000 0.000000 0.000000 0.000000 0.000000 0.000000 0.000000 0.000000 0.000000 0.000000 0.000000 0.000000 0.000000 0.000000 0.000000 0.000000 0.000000 0.000000 0.000000 0.000000 0.000000 0.000000 0.000000 0.000000 0.000000 0.000000 0.000000 0.000000 0.000000 0.000000 0.000000 0.000000 0.000000 0.000000 0.000000 0.000000 0.000000 0.000000 0.000000 0.000000 0.000000 0.000000 0.000000 0.000000 0.000000 0.000000 0.000000 0.000000 0.000000 0.000000 0.000000 0.000000 0.000000 0.000000 0.000000 0.000000 0.000000 0.000000 0.000000 0.000000 0.000000 0.000000 0.000000 0.000000 0.000000 0.000000 0.000000 0.000000 0.000000 0.000000 0.000000 0.000000 0.000000 0.000000 0.000000 0.000000 0.000000 0.000000 0.000000 0.000000 0.000000 0.000000 0.000000 0.000000 0.000000 0.000000 0.000000 0.000000 0.000000 0.000000 0.000000 0.000000 0.000000 0.000000 0.000000 0.000000 0.000000 0.000000 0.000000 0.000000 0.000000 0.000000 0.000000 0.000000 0.000000 0.000000 0.000000 0.000000 0.000000 0.000000 0.000000 0.000000 0.000000 0.000000 0.000000 0.000000 0.000000 0.000000 0.000000 0.000000 0.000000 0.000000 0.000000 0.000000 0.000000 0.000000 0.000000 0.000000 0.000000 0.000000 0.000000 0.000000 0.000000 0.000000 0.000000 0.000000 0.000000 0.000000 0.000000 0.000000 0.000000 0.000000 0.000000 0.000000 0.000000 0.000000 0.000000 0.000000 0.000000 0.000000 0.000000 0.000000 0.000000 0.000000 0.000000 0.000000 0.535691 0.728104 0.908354 0.959855 0.914167 0.846798 0.783512 0.720642 0.657230 0.604558 0.547493 0.478373 0.401829 0.000000 0.000000 0.000000 0.000000 0.000000 0.000000 0.000000 0.000000 0.000000 0.000000 0.000000 0.000000 0.000000 0.546928 0.679599 0.701912 0.628618 0.500959 0.000000 0.000000 0.000000 0.000000 0.000000 0.000000 0.000000 0.000000 0.000000 0.000000 0.000000 0.000000 0.000000 0.000000 0.000000 0.000000 0.000000 0.000000 0.000000 0.000000 0.000000 0.000000 0.000000 0.000000 0.000000 0.000000 0.000000 0.000000 0.000000 0.000000 0.000000 0.000000 0.000000 0.000000 0.000000 0.000000 0.000000 0.000000 0.000000 0.000000 0.000000 0.000000 0.000000 0.000000 0.000000 0.000000 0.000000 0.000000 0.000000 0.000000 0.000000 0.000000 0.000000 0.000000 0.000000 0.000000 0.000000 0.000000 0.000000 0.000000 0.000000 0.000000 0.000000 0.000000 0.000000 0.000000 0.000000 0.000000 0.000000 0.000000 0.000000 0.000000 0.000000 0.000000 0.000000 0.411358 0.000000 0.000000 0.000000 0.000000 0.000000 0.000000 0.000000 0.000000 0.000000 0.000000 0.000000 0.000000
0.000000 0.000000 0.000000 0.000000 0.000000 0.000000 0.000000 0.000000 0.000000 0.000000 0.000000 0.000000 0.000000 0.000000 0.000000 0.000000 0.000000 0.000000 0.000000 0.000000 0.000000 0.000000 0.000000 0.000000 0.000000 0.000000 0.000000 0.000000 0.000000 0.000000 0.000000 0.000000 0.000000 0.000000 0.000000 0.000000 0.000000 0.000000 0.000000 0.000000 0.000000 0.000000 0.000000 0.000000 0.000000 0.000000 0.000000 0.000000 0.000000 0.000000 0.000000 0.000000 0.000000 0.000000 0.000000 0.000000 0.000000 0.000000 0.000000 0.000000 0.000000 0.000000 0.000000 0.000000 0.000000 0.000000 0.000000 0.000000 0.000000 0.000000 0.000000 0.000000 0.000000 0.000000 0.000000 0.000000 0.000000 0.000000 0.000000 0.000000 0.000000 0.000000 0.000000 0.000000 0.000000 0.000000 0.000000 0.000000 0.000000 0.000000 0.000000 0.000000 0.000000 0.000000 0.000000 0.000000 0.000000 0.000000 0.000000 0.000000 0.000000 0.000000 0.000000 0.000000 0.000000 0.000000 0.000000 0.000000 0.000000 0.000000 0.000000 0.000000 0.000000 0.000000 0.000000 0.000000 0.000000 0.000000 0.000000 0.000000 0.000000 0.000000 0.000000 0.000000 0.000000 0.000000 0.000000 0.000000 0.000000 0.000000 0.000000 0.000000 0.000000 0.000000 0.000000 0.000000 0.000000 0.000000 0.000000 0.000000 0.000000 0.000000 0.000000 0.000000 0.000000 0.000000 0.000000 0.000000 0.000000 0.000000 0.000000 0.000000 0.000000 0.000000 0.000000 0.000000 0.000000 0.000000 0.000000 0.418468 0.503688 0.637779 0.823358 0.920287 0.924950 0.880628 0.817264 0.760247 0.691567 0.611573 0.548958 0.473725 0.000000 0.000000 0.000000 0.000000 0.000000 0.000000 0.000000 0.000000 0.000000 0.000000 0.000000 0.000000 0.000000 0.433038 0.602794 0.719418 0.750110 0.685423 0.562699 0.423947 0.000000 0.000000 0.000000 0.000000 0.000000 0.000000 0.000000 0.000000 0.000000 0.000000 0.000000 0.000000 0.000000 0.000000 0.000000 0.000000 0.000000 0.000000 0.000000 0.000000 0.000000 0.000000 0.000000 0.000000 0.000000 0.000000 0.000000 0.000000 0.000000 0.000000 0.000000 0.000000 0.000000 0.000000 0.000000 0.000000 0.000000 0.000000 0.000000 0.000000 0.000000 0.000000 0.000000 0.000000 0.000000 0.000000 0.000000 0.000000 0.000000 0.000000 0.000000 0.000000 0.000000 0.000000 0.000000 0.000000 0.000000 0.000000 0.000000 0.000000 0.000000 0.000000 0.000000 0.000000 0.000000 0.000000 0.000000 0.000000 0.000000 0.000000 0.000000 0.000000 0.000000 0.000000 0.000000 0.000000 0.000000 0.000000 0.000000 0.000000 0.000000 0.000000 0.000000 0.000000 0.000000 0.000000 0.000000 0.000000
0.000000 0.000000 0.000000 0.000000 0.000000 0.000000 0.000000 0.000000 0.000000 0.000000 0.000000 0.000000 0.000000 0.000000 0.000000 0.000000 0.000000 0.000000 0.000000 0.000000 0.000000 0.000000 0.000000 0.000000 0.000000 0.000000 0.000000 0.000000 0.000000 0.000000 0.000000 0.000000 0.000000 0.000000 0.000000 0.000000 0.000000 0.000000 0.000000 0.000000 0.000000 0.000000 0.000000 0.000000 0.000000 0.000000 0.000000 0.000000 0.000000 0.000000 0.000000 0.000000 0.000000 0.000000 0.000000 0.000000 0.000000 0.000000 0.000000 0.000000 0.000000 0.000000 0.000000 0.000000 0.000000 0.000000 0.000000 0.000000 0.000000 0.000000 0.000000 0.000000 0.000000 0.000000 0.000000 0.000000 0.000000 0.000000 0.000000 0.000000 0.000000 0.000000 0.000000 0.000000 0.000000 0.000000 0.000000 0.000000 0.000000 0.000000 0.000000 0.000000 0.000000 0.000000 0.000000 0.000000 0.000000 0.000000 0.000000 0.000000 0.000000 0.000000 0.000000 0.000000 0.000000 0.000000 0.000000 0.000000 0.000000 0.000000 0.000000 0.000000 0.000000 0.000000 0.000000 0.000000 0.000000 0.000000 0.000000 0.000000 0.000000 0.000000 0.000000 0.000000 0.000000 0.000000 0.000000 0.000000 0.000000 0.000000 0.000000 0.000000 0.000000 0.000000 0.000000 0.000000 0.000000 0.000000 0.000000 0.000000 0.000000 0.000000 0.000000 0.000000 0.000000 0.000000 0.000000 0.000000 0.000000 0.000000 0.000000 0.000000 0.000000 0.000000 0.000000 0.000000 0.000000 0.000000 0.000000 0.440242 0.626047 0.730275 0.853250 0.913530 0.905380 0.855157 0.797801 0.718687 0.635692 0.536637 0.454104 0.000000 0.000000 0.000000 0.000000 0.000000 0.000000 0.000000 0.000000 0.000000 0.000000 0.000000 0.000000 0.000000 0.000000 0.685376 0.775570 0.796094 0.731379 0.619510 0.493883 0.000000 0.000000 0.000000 0.000000 0.000000 0.000000 0.000000 0.000000 0.000000 0.000000 0.000000 0.000000 0.000000 0.000000 0.000000 0.000000 0.000000 0.000000 0.000000 0.000000 0.000000 0.000000 0.000000 0.000000 0.000000 0.000000 0.000000 0.000000 0.000000 0.000000 0.000000 0.000000 0.000000 0.000000 0.000000 0.000000 0.000000 0.000000 0.000000 0.000000 0.000000 0.000000 0.000000 0.000000 0.000000 0.000000 0.000000 0.000000 0.000000 0.000000 0.000000 0.000000 0.000000 0.000000 0.000000 0.000000 0.000000 0.000000 0.000000 0.000000 0.000000 0.000000 0.000000 0.000000 0.000000 0.000000 0.000000 0.000000 0.000000 0.000000 0.000000 0.000000 0.491583 0.000000 0.000000 0.000000 0.000000 0.000000 0.000000 0.000000 0.000000 0.000000 0.000000 0.000000 0.000000 0.000000 0.000000 0.000000 0.000000
0.000000 0.000000 0.000000 0.000000 0.000000 0.000000 0.000000 0.000000 0.000000 0.000000 0.000000 0.000000 0.000000 0.000000 0.000000 0.000000 0.000000 0.000000 0.000000 0.000000 0.000000 0.000000 0.000000 0.000000 0.000000 0.000000 0.000000 0.000000 0.000000 0.000000 0.000000 0.000000 0.000000 0.000000 0.000000 0.000000 0.000000 0.000000 0.000000 0.000000 0.000000 0.000000 0.000000 0.000000 0.000000 0.000000 0.000000 0.000000 0.000000 0.000000 0.000000 0.000000 0.000000 0.000000 0.000000 0.000000 0.000000 0.000000 0.000000 0.000000 0.000000 0.000000 0.000000 0.000000 0.000000 0.000000 0.000000 0.000000 0.000000 0.000000 0.000000 0.000000 0.000000 0.000000 0.000000 0.000000 0.000000 0.000000 0.000000 0.000000 0.000000 0.000000 0.000000 0.000000 0.000000 0.000000 0.000000 0.000000 0.000000 0.000000 0.000000 0.000000 0.000000 0.000000 0.000000 0.000000 0.000000 0.000000 0.000000 0.000000 0.000000 0.000000 0.000000 0.000000 0.000000 0.000000 0.000000 0.000000 0.000000 0.000000 0.000000 0.000000 0.000000 0.000000 0.000000 0.000000 0.000000 0.000000 0.000000 0.000000 0.000000 0.000000 0.000000 0.000000 0.000000 0.000000 0.000000 0.000000 0.000000 0.000000 0.000000 0.000000 0.000000 0.000000 0.000000 0.000000 0.000000 0.000000 0.000000 0.000000 0.000000 0.000000 0.000000 0.000000 0.000000 0.000000 0.000000 0.000000 0.000000 0.000000 0.000000 0.000000 0.000000 0.000000 0.000000 0.000000 0.000000 0.000000 0.419095 0.580993 0.724129 0.817345 0.888660 0.916323 0.885137 0.761194 0.689188 0.649501 0.574372 0.509066 0.000000 0.000000 0.000000 0.000000 0.000000 0.000000 0.000000 0.000000 0.000000 0.000000 0.000000 0.000000 0.000000 0.000000 0.756424 0.864556 0.853801 0.785565 0.679476 0.555747 0.536435 0.000000 0.000000 0.376779 0.000000 0.000000 0.000000 0.000000 0.000000 0.000000 0.000000 0.000000 0.000000 0.000000 0.000000 0.000000 0.000000 0.000000 0.000000 0.000000 0.000000 0.000000 0.000000 0.000000 0.000000 0.000000 0.000000 0.000000 0.000000 0.000000 0.000000 0.000000 0.000000 0.000000 0.000000 0.000000 0.000000 0.000000 0.000000 0.000000 0.000000 0.000000 0.000000 0.000000 0.000000 0.000000 0.000000 0.000000 0.000000 0.000000 0.000000 0.000000 0.000000 0.000000 0.000000 0.000000 0.000000 0.000000 0.000000 0.489265 0.000000 0.000000 0.000000 0.000000 0.000000 0.000000 0.000000 0.000000 0.000000 0.000000 0.000000 0.000000 0.000000 0.000000 0.000000 0.000000 0.000000 0.000000 0.000000 0.000000 0.000000 0.000000 0.000000 0.000000 0.000000 0.000000 0.000000 0.000000 0.000000 0.000000
0.000000 0.000000 0.000000 0.000000 0.000000 0.000000 0.000000 0.000000 0.000000 0.000000 0.000000 0.000000 0.000000 0.000000 0.000000 0.000000 0.000000 0.000000 0.000000 0.000000 0.000000 0.000000 0.000000 0.000000 0.000000 0.000000 0.000000 0.000000 0.000000 0.000000 0.000000 0.000000 0.000000 0.000000 0.000000 0.000000 0.000000 0.000000 0.000000 0.000000 0.000000 0.000000 0.000000 0.000000 0.000000 0.000000 0.000000 0.000000 0.000000 0.000000 0.000000 0.000000 0.000000 0.000000 0.000000 0.000000 0.000000 0.000000 0.000000 0.000000 0.000000 0.000000 0.000000 0.000000 0.000000 0.000000 0.000000 0.000000 0.000000 0.000000 0.000000 0.000000 0.000000 0.000000 0.000000 0.000000 0.000000 0.000000 0.000000 0.000000 0.000000 0.000000 0.000000 0.000000 0.000000 0.000000 0.000000 0.000000 0.000000 0.000000 0.000000 0.000000 0.000000 0.000000 0.000000 0.000000 0.000000 0.000000 0.000000 0.000000 0.000000 0.000000 0.000000 0.000000 0.000000 0.000000 0.000000 0.000000 0.000000 0.000000 0.000000 0.000000 0.000000 0.000000 0.000000 0.000000 0.000000 0.000000 0.000000 0.000000 0.000000 0.000000 0.000000 0.000000 0.000000 0.000000 0.000000 0.000000 0.000000 0.000000 0.000000 0.000000 0.000000 0.000000 0.000000 0.000000 0.000000 0.000000 0.000000 0.000000 0.000000 0.000000 0.000000 0.000000 0.000000 0.000000 0.000000 0.000000 0.000000 0.000000 0.000000 0.000000 0.000000 0.000000 0.000000 0.000000 0.000000 0.000000 0.548070 0.698706 0.806152 0.870602 0.917915 0.832798 0.786658 0.709541 0.658984 0.548888 0.420829 0.000000 0.000000 0.000000 0.000000 0.000000 0.000000 0.000000 0.000000 0.000000 0.000000 0.000000 0.000000 0.000000 0.357860 0.679153 0.948936 0.943391 0.847218 0.744021 0.621382 0.497928 0.000000 0.000000 0.433699 0.000000 0.000000 0.000000 0.000000 0.000000 0.000000 0.000000 0.000000 0.000000 0.000000 0.000000 0.000000 0.000000 0.000000 0.000000 0.000000 0.000000 0.000000 0.000000 0.000000 0.000000 0.000000 0.000000 0.000000 0.000000 0.000000 0.000000 0.000000 0.000000 0.000000 0.000000 0.000000 0.000000 0.000000 0.000000 0.000000 0.000000 0.000000 0.000000 0.000000 0.000000 0.000000 0.000000 0.000000 0.000000 0.000000 0.000000 0.000000 0.000000 0.000000 0.000000 0.000000 0.000000 0.000000 0.000000 0.000000 0.000000 0.000000 0.000000 0.339904 0.425661 0.000000 0.000000 0.000000 0.000000 0.000000 0.000000 0.000000 0.000000 0.000000 0.000000 0.000000 0.000000 0.000000 0.000000 0.000000 0.000000 0.000000 0.000000 0.000000 0.000000 0.000000 0.000000 0.000000 0.000000 0.000000 0.000000
0.000000 0.000000 0.000000 0.000000 0.000000 0.000000 0.000000 0.000000 0.000000 0.000000 0.000000 0.000000 0.000000 0.000000 0.000000 0.000000 0.000000 0.000000 0.000000 0.000000 0.000000 0.000000 0.000000 0.000000 0.000000 0.000000 0.000000 0.000000 0.000000 0.000000 0.000000 0.000000 0.000000 0.000000 0.000000 0.000000 0.000000 0.000000 0.000000 0.000000 0.000000 0.000000 0.000000 0.000000 0.000000 0.000000 0.000000 0.000000 0.000000 0.000000 0.000000 0.000000 0.000000 0.000000 0.000000 0.000000 0.000000 0.000000 0.000000 0.000000 0.000000 0.000000 0.000000 0.000000 0.000000 0.000000 0.000000 0.000000 0.000000 0.000000 0.000000 0.000000 0.000000 0.000000 0.000000 0.000000 0.000000 0.000000 0.000000 0.000000 0.000000 0.000000 0.000000 0.000000 0.000000 0.000000 0.000000 0.000000 0.000000 0.000000 0.000000 0.000000 0.000000 0.000000 0.000000 0.000000 0.000000 0.000000 0.000000 0.000000 0.000000 0.000000 0.000000 0.000000 0.000000 0.000000 0.000000 0.000000 0.000000 0.000000 0.000000 0.000000 0.000000 0.000000 0.000000 0.000000 0.000000 0.000000 0.000000 0.000000 0.000000 0.000000 0.000000 0.000000 0.000000 0.000000 0.000000 0.000000 0.000000 0.000000 0.000000 0.000000 0.000000 0.000000 0.000000 0.000000 0.000000 0.000000 0.000000 0.000000 0.000000 0.000000 0.000000 0.000000 0.000000 0.000000 0.000000 0.000000 0.000000 0.000000 0.000000 0.000000 0.000000 0.000000 0.000000 0.000000 0.000000 0.492892 0.683522 0.790159 0.853550 0.909355 0.840608 0.801129 0.724000 0.620910 0.542143 0.432315 0.398807 0.000000 0.000000 0.000000 0.000000 0.000000 0.000000 0.000000 0.000000 0.000000 0.000000 0.000000 0.425569 0.000000 1.036705 1.085010 1.040093 0.931692 0.812111 0.681257 0.563717 0.430838 0.000000 0.000000 0.000000 0.000000 0.000000 0.000000 0.000000 0.000000 0.000000 0.000000 0.000000 0.000000 0.000000 0.000000 0.000000 0.000000 0.000000 0.000000 0.000000 0.000000 0.000000 0.000000 0.000000 0.000000 0.000000 0.000000 0.000000 0.000000 0.000000 0.000000 0.000000 0.000000 0.000000 0.000000 0.000000 0.000000 0.000000 0.000000 0.000000 0.000000 0.000000 0.000000 0.000000 0.000000 0.000000 0.000000 0.000000 0.000000 0.000000 0.000000 0.000000 0.000000 0.000000 0.000000 0.000000 0.000000 0.000000 0.000000 0.000000 0.000000 0.000000 0.000000 0.000000 0.661670 0.000000 0.000000 0.000000 0.000000 0.000000 0.000000 0.000000 0.000000 0.000000 0.000000 0.000000 0.000000 0.000000 0.000000 0.000000 0.000000 0.000000 0.000000 0.000000 0.000000 0.000000 0.000000 0.000000 0.000000 0.000000 0.000000
0.000000 0.000000 0.000000 0.000000 0.000000 0.000000 0.000000 0.000000 0.000000 0.000000 0.000000 0.000000 0.000000 0.000000 0.000000 0.000000 0.000000 0.000000 0.000000 0.000000 0.000000 0.000000 0.000000 0.000000 0.000000 0.000000 0.000000 0.000000 0.000000 0.000000 0.000000 0.000000 0.000000 0.000000 0.000000 0.000000 0.000000 0.000000 0.000000 0.000000 0.000000 0.000000 0.000000 0.000000 0.000000 0.000000 0.000000 0.000000 0.000000 0.000000 0.000000 0.000000 0.000000 0.000000 0.000000 0.000000 0.000000 0.000000 0.000000 0.000000 0.000000 0.000000 0.000000 0.000000 0.000000 0.000000 0.000000 0.000000 0.000000 0.000000 0.000000 0.000000 0.000000 0.000000 0.000000 0.000000 0.000000 0.000000 0.000000 0.000000 0.000000 0.000000 0.000000 0.000000 0.000000 0.000000 0.000000 0.000000 0.000000 0.000000 0.000000 0.000000 0.000000 0.000000 0.000000 0.000000 0.000000 0.000000 0.000000 0.000000 0.000000 0.000000 0.000000 0.000000 0.000000 0.000000 0.000000 0.000000 0.000000 0.000000 0.000000 0.000000 0.000000 0.000000 0.000000 0.000000 0.000000 0.000000 0.000000 0.000000 0.000000 0.000000 0.000000 0.000000 0.000000 0.000000 0.000000 0.000000 0.000000 0.000000 0.000000 0.000000 0.000000 0.000000 0.000000 0.000000 0.000000 0.000000 0.000000 0.000000 0.000000 0.000000 0.000000 0.000000 0.000000 0.000000 0.000000 0.000000 0.000000 0.000000 0.000000 0.000000 0.000000 0.000000 0.000000 0.000000 0.440211 0.680705 0.763097 0.827656 0.884534 0.838311 0.810820 0.728178 0.626039 0.427533 0.509779 0.505853 0.399095 0.000000 0.000000 0.000000 0.000000 0.000000 0.000000 0.000000 0.000000 0.000000 0.000000 0.000000 0.694466 0.816838 1.139057 1.305833 1.233573 0.947012 0.729495 0.625384 0.500441 0.000000 0.395608 0.000000 0.000000 0.000000 0.000000 0.000000 0.000000 0.000000 0.000000 0.000000 0.000000 0.000000 0.000000 0.000000 0.000000 0.000000 0.000000 0.000000 0.000000 0.000000 0.000000 0.000000 0.000000 0.000000 0.000000 0.000000 0.000000 0.000000 0.000000 0.000000 0.000000 0.000000 0.000000 0.000000 0.000000 0.000000 0.000000 0.000000 0.000000 0.000000 0.000000 0.000000 0.414569 0.410721 0.000000 0.000000 0.000000 0.000000 0.000000 0.000000 0.000000 0.000000 0.000000 0.410975 0.416079 0.000000 0.000000 0.000000 0.000000 0.000000 0.000000 0.000000 0.000000 0.000000 0.000000 0.000000 0.000000 0.000000 0.000000 0.000000 0.000000 0.000000 0.000000 0.000000 0.000000 0.000000 0.000000 0.000000 0.000000 0.000000 0.000000 0.000000 0.000000 0.000000 0.000000 0.000000 0.000000 0.000000 0.000000 0.000000
0.000000 0.000000 0.000000 0.000000 0.000000 0.000000 0.000000 0.000000 0.000000 0.000000 0.000000 0.000000 0.000000 0.000000 0.000000 0.000000 0.000000 0.000000 0.000000 0.000000 0.000000 0.000000 0.000000 0.000000 0.000000 0.000000 0.000000 0.000000 0.000000 0.000000 0.000000 0.000000 0.000000 0.000000 0.000000 0.000000 0.000000 0.000000 0.000000 0.000000 0.000000 0.000000 0.000000 0.000000 0.000000 0.000000 0.000000 0.000000 0.000000 0.000000 0.000000 0.000000 0.000000 0.000000 0.000000 0.000000 0.000000 0.000000 0.000000 0.000000 0.000000 0.000000 0.000000 0.000000 0.000000 0.000000 0.000000 0.000000 0.000000 0.000000 0.000000 0.000000 0.000000 0.000000 0.000000 0.000000 0.000000 0.000000 0.000000 0.000000 0.000000 0.000000 0.000000 0.000000 0.000000 0.000000 0.000000 0.000000 0.000000 0.000000 0.000000 0.000000 0.000000 0.000000 0.000000 0.000000 0.000000 0.000000 0.000000 0.000000 0.000000 0.000000 0.000000 0.000000 0.000000 0.000000 0.000000 0.000000 0.000000 0.000000 0.000000 0.000000 0.000000 0.000000 0.000000 0.000000 0.000000 0.000000 0.000000 0.000000 0.000000 0.000000 0.000000 0.000000 0.000000 0.000000 0.000000 0.000000 0.000000 0.000000 0.000000 0.000000 0.000000 0.000000 0.000000 0.000000 0.000000 0.000000 0.000000 0.000000 0.000000 0.000000 0.000000 0.000000 0.000000 0.000000 0.000000 0.000000 0.000000 0.000000 0.000000 0.000000 0.000000 0.000000 0.000000 0.000000 0.599293 0.780426 0.792726 0.815499 0.818754 0.807426 0.721708 0.629929 0.453851 0.540197 0.543261 0.446619 0.415649 0.000000 0.000000 0.454223 0.000000 0.000000 0.000000 0.418752 0.421916 0.408230 0.482942 0.004000 1.246165 1.217572 1.287330 1.305758 1.117041 0.807794 0.681224 0.564608 0.448727 0.000000 0.000000 0.000000 0.000000 0.000000 0.000000 0.000000 0.000000 0.000000 0.000000 0.000000 0.000000 0.000000 0.000000 0.000000 0.000000 0.000000 0.000000 0.000000 0.000000 0.000000 0.000000 0.000000 0.000000 0.000000 0.000000 0.000000 0.000000 0.000000 0.000000 0.000000 0.000000 0.000000 0.000000 0.000000 0.000000 0.000000 0.000000 0.000000 0.000000 0.000000 0.424751 0.457053 0.448647 0.412174 0.000000 0.000000 0.000000 0.000000 0.000000 0.000000 0.000000 0.000000 0.474863 0.486916 0.436222 0.000000 0.000000 0.000000 0.000000 0.000000 0.000000 0.000000 0.000000 0.000000 0.000000 0.000000 0.000000 0.000000 0.000000 0.000000 0.000000 0.000000 0.000000 0.000000 0.000000 0.000000 0.000000 0.000000 0.000000 0.000000 0.000000 0.000000 0.000000 0.000000 0.000000 0.450677 0.000000 0.000000 0.000000 0.000000
0.000000 0.000000 0.000000 0.000000 0.000000 0.000000 0.000000 0.000000 0.000000 0.000000 0.000000 0.000000 0.000000 0.000000 0.000000 0.000000 0.000000 0.000000 0.000000 0.000000 0.000000 0.000000 0.000000 0.000000 0.000000 0.000000 0.000000 0.000000 0.000000 0.000000 0.000000 0.000000 0.000000 0.000000 0.000000 0.000000 0.000000 0.000000 0.000000 0.000000 0.000000 0.000000 0.000000 0.000000 0.000000 0.000000 0.000000 0.000000 0.000000 0.000000 0.000000 0.000000 0.000000 0.000000 0.000000 0.000000 0.000000 0.000000 0.000000 0.000000 0.000000 0.000000 0.000000 0.000000 0.000000 0.000000 0.000000 0.000000 0.000000 0.000000 0.000000 0.000000 0.000000 0.000000 0.000000 0.000000 0.000000 0.000000 0.000000 0.000000 0.000000 0.000000 0.000000 0.000000 0.000000 0.000000 0.000000 0.000000 0.000000 0.000000 0.000000 0.000000 0.000000 0.000000 0.000000 0.000000 0.000000 0.000000 0.000000 0.000000 0.000000 0.000000 0.000000 0.000000 0.000000 0.000000 0.000000 0.000000 0.000000 0.000000 0.000000 0.000000 0.000000 0.000000 0.000000 0.000000 0.000000 0.000000 0.000000 0.000000 0.000000 0.000000 0.000000 0.000000 0.000000 0.000000 0.000000 0.000000 0.000000 0.000000 0.000000 0.000000 0.000000 0.000000 0.000000 0.000000 0.000000 0.000000 0.000000 0.000000 0.000000 0.000000 0.000000 0.000000 0.000000 0.000000 0.000000 0.000000 0.000000 0.000000 0.000000 0.000000 0.000000 0.400583 0.000000 0.602233 0.722771 0.769414 0.761388 0.756809 0.790621 0.724369 0.673013 0.488552 0.468924 0.580139 0.482783 0.449525 0.407005 0.000000 0.000000 0.000000 0.000000 0.000000 0.431256 0.441181 0.411526 0.493956 0.566953 0.876144 1.308820 1.527690 1.536574 1.267511 0.919100 0.728301 0.626147 0.514834 0.000000 0.000000 0.000000 0.000000 0.000000 0.000000 0.000000 0.000000 0.000000 0.000000 0.000000 0.000000 0.000000 0.000000 0.000000 0.000000 0.000000 0.000000 0.000000 0.000000 0.000000 0.000000 0.000000 0.000000 0.000000 0.000000 0.000000 0.000000 0.000000 0.000000 0.000000 0.000000 0.000000 0.000000 0.000000 0.000000 0.000000 0.000000 0.000000 0.000000 0.400721 0.470800 0.498599 0.483970 0.439949 0.000000 0.000000 0.401118 0.436282 0.416381 0.000000 0.000000 0.000000 0.485126 0.544592 0.555805 0.383636 0.000000 0.000000 0.000000 0.000000 0.000000 0.000000 0.000000 0.000000 0.000000 0.000000 0.000000 0.000000 0.000000 0.000000 0.000000 0.000000 0.000000 0.000000 0.000000 0.000000 0.000000 0.000000 0.000000 0.000000 0.000000 0.000000 0.000000 0.000000 0.436339 0.532797 0.577988 0.484716 0.000000 0.000000 0.000000
0.000000 0.000000 0.000000 0.000000 0.000000 0.000000 0.000000 0.000000 0.000000 0.000000 0.000000 0.000000 0.000000 0.000000 0.000000 0.000000 0.000000 0.000000 0.000000 0.000000 0.000000 0.000000 0.000000 0.000000 0.000000 0.000000 0.000000 0.000000 0.000000 0.000000 0.000000 0.000000 0.000000 0.000000 0.000000 0.000000 0.000000 0.000000 0.000000 0.000000 0.000000 0.000000 0.000000 0.000000 0.000000 0.000000 0.000000 0.000000 0.000000 0.000000 0.000000 0.000000 0.000000 0.000000 0.000000 0.000000 0.000000 0.000000 0.000000 0.000000 0.000000 0.000000 0.000000 0.000000 0.000000 0.000000 0.000000 0.000000 0.000000 0.000000 0.000000 0.000000 0.000000 0.000000 0.000000 0.000000 0.000000 0.000000 0.000000 0.000000 0.000000 0.000000 0.000000 0.000000 0.000000 0.000000 0.000000 0.000000 0.000000 0.000000 0.000000 0.000000 0.000000 0.000000 0.000000 0.000000 0.000000 0.000000 0.000000 0.000000 0.000000 0.000000 0.000000 0.000000 0.000000 0.000000 0.000000 0.000000 0.000000 0.000000 0.000000 0.000000 0.000000 0.000000 0.000000 0.000000 0.000000 0.000000 0.000000 0.000000 0.000000 0.000000 0.000000 0.000000 0.000000 0.000000 0.000000 0.000000 0.000000 0.000000 0.000000 0.000000 0.000000 0.000000 0.000000 0.000000 0.000000 0.000000 0.000000 0.000000 0.000000 0.000000 0.000000 0.000000 0.000000 0.000000 0.000000 0.000000 0.000000 0.000000 0.000000 0.000000 0.000000 0.000000 0.521802 0.741233 0.741340 0.747509 0.752314 0.729448 0.722269 0.700259 0.651626 0.638468 0.608074 0.564258 0.472901 0.423434 0.447038 0.425771 0.000000 0.000000 0.000000 0.000000 0.407249 0.000000 0.603441 0.516690 0.750521 1.214369 1.441118 1.492447 1.361341 1.081589 0.777125 0.684885 0.563364 0.434010 0.000000 0.000000 0.000000 0.000000 0.000000 0.000000 0.000000 0.000000 0.000000 0.000000 0.000000 0.000000 0.000000 0.000000 0.000000 0.000000 0.463523 0.463478 0.426337 0.000000 0.000000 0.000000 0.000000 0.000000 0.000000 0.000000 0.000000 0.000000 0.000000 0.000000 0.000000 0.000000 0.000000 0.418797 0.000000 0.000000 0.000000 0.000000 0.000000 0.447834 0.514363 0.536462 0.564419 0.534172 0.445731 0.000000 0.442173 0.489372 0.466958 0.000000 0.000000 0.000000 0.802417 0.519380 0.589000 0.526560 0.000000 0.000000 0.000000 0.000000 0.000000 0.000000 0.000000 0.000000 0.000000 0.000000 0.000000 0.000000 0.000000 0.000000 0.000000 0.000000 0.000000 0.000000 0.000000 0.000000 0.000000 0.000000 0.000000 0.000000 0.000000 0.000000 0.000000 0.000000 0.472819 0.593367 0.758132 0.643198 0.507485 0.000000 0.000000 0.000000
0.000000 0.000000 0.000000 0.000000 0.000000 0.000000 0.000000 0.000000 0.000000 0.000000 0.000000 0.000000 0.000000 0.000000 0.000000 0.000000 0.000000 0.000000 0.000000 0.000000 0.000000 0.000000 0.000000 0.000000 0.000000 0.000000 0.000000 0.000000 0.000000 0.000000 0.000000 0.000000 0.000000 0.000000 0.000000 0.000000 0.000000 0.000000 0.000000 0.000000 0.000000 0.000000 0.000000 0.000000 0.000000 0.000000 0.000000 0.000000 0.000000 0.000000 0.000000 0.000000 0.000000 0.000000 0.000000 0.000000 0.000000 0.000000 0.000000 0.000000 0.000000 0.000000 0.000000 0.000000 0.000000 0.000000 0.000000 0.000000 0.000000 0.000000 0.000000 0.000000 0.000000 0.000000 0.000000 0.000000 0.000000 0.000000 0.000000 0.000000 0.000000 0.000000 0.000000 0.000000 0.000000 0.000000 0.000000 0.000000 0.000000 0.000000 0.000000 0.000000 0.000000 0.000000 0.000000 0.000000 0.000000 0.000000 0.000000 0.000000 0.000000 0.000000 0.000000 0.000000 0.000000 0.000000 0.000000 0.000000 0.000000 0.000000 0.000000 0.000000 0.000000 0.000000 0.000000 0.000000 0.000000 0.000000 0.000000 0.000000 0.000000 0.000000 0.000000 0.000000 0.000000 0.000000 0.000000 0.000000 0.000000 0.000000 0.000000 0.000000 0.000000 0.000000 0.000000 0.000000 0.000000 0.000000 0.000000 0.000000 0.000000 0.000000 0.000000 0.000000 0.000000 0.000000 0.000000 0.000000 0.000000 0.000000 0.000000 0.000000 0.000000 0.528714 0.628997 0.712455 0.708555 0.715848 0.705194 0.787441 0.777992 0.743813 0.668905 0.642122 0.589997 0.499808 0.542329 0.484062 0.463318 0.078561 0.000000 0.000000 0.000000 0.000000 0.433678 0.000000 0.415002 0.591644 1.086344 1.348996 1.467418 1.386784 1.135102 0.831025 0.734568 0.613622 0.472990 0.000000 0.000000 0.000000 0.000000 0.000000 0.000000 0.000000 0.000000 0.000000 0.000000 0.000000 0.000000 0.000000 0.000000 0.457124 0.515650 0.548093 0.542512 0.501138 0.442914 0.000000 0.000000 0.000000 0.000000 0.000000 0.000000 0.000000 0.000000 0.000000 0.383353 0.572217 0.000000 0.000000 0.427313 0.000000 0.000000 0.000000 0.000000 0.000000 0.500749 0.551432 0.567304 0.621521 0.625223 0.546059 0.445942 0.442645 0.536379 0.535740 0.456797 0.000000 0.000000 0.000000 0.465950 0.456054 0.478791 0.431189 0.000000 0.000000 0.000000 0.000000 0.000000 0.000000 0.000000 0.000000 0.000000 0.000000 0.000000 0.000000 0.000000 0.000000 0.000000 0.000000 0.000000 0.000000 0.000000 0.000000 0.000000 0.000000 0.000000 0.000000 0.000000 0.000000 0.000000 0.483506 0.627145 0.694597 0.733921 0.641527 0.491949 0.000000 0.000000 0.000000
0.000000 0.000000 0.000000 0.000000 0.000000 0.000000 0.000000 0.000000 0.000000 0.000000 0.000000 0.000000 0.000000 0.000000 0.000000 0.000000 0.000000 0.000000 0.000000 0.000000 0.000000 0.000000 0.000000 0.000000 0.000000 0.000000 0.000000 0.000000 0.000000 0.000000 0.000000 0.000000 0.000000 0.000000 0.000000 0.000000 0.000000 0.000000 0.000000 0.000000 0.000000 0.000000 0.000000 0.000000 0.000000 0.000000 0.000000 0.000000 0.000000 0.000000 0.000000 0.000000 0.000000 0.000000 0.000000 0.000000 0.000000 0.000000 0.000000 0.000000 0.000000 0.000000 0.000000 0.000000 0.000000 0.000000 0.000000 0.000000 0.000000 0.000000 0.000000 0.000000 0.000000 0.000000 0.000000 0.000000 0.000000 0.000000 0.000000 0.000000 0.000000 0.000000 0.000000 0.000000 0.000000 0.000000 0.000000 0.000000 0.000000 0.000000 0.000000 0.000000 0.000000 0.000000 0.000000 0.000000 0.000000 0.000000 0.000000 0.000000 0.000000 0.000000 0.000000 0.000000 0.000000 0.000000 0.000000 0.000000 0.000000 0.000000 0.000000 0.000000 0.000000 0.000000 0.000000 0.000000 0.000000 0.000000 0.000000 0.000000 0.000000 0.000000 0.000000 0.000000 0.000000 0.000000 0.000000 0.000000 0.000000 0.000000 0.000000 0.000000 0.000000 0.000000 0.000000 0.000000 0.000000 0.000000 0.000000 0.000000 0.000000 0.000000 0.000000 0.000000 0.000000 0.000000 0.000000 0.000000 0.000000 0.000000 0.000000 0.000000 0.534648 0.693190 0.656723 0.651548 0.733658 0.724334 0.773526 0.818891 0.790054 0.765385 0.669252 0.614244 0.577973 0.576452 0.535492 0.499812 0.448146 0.000000 0.000000 0.000000 0.000000 0.000000 0.000000 0.424595 0.439262 0.959828 1.253144 1.402394 1.400085 1.186043 0.898317 0.767397 0.647676 0.507216 0.000000 0.000000 0.000000 0.000000 0.000000 0.000000 0.000000 0.000000 0.000000 0.000000 0.000000 0.000000 0.000000 0.000000 0.585146 0.652114 0.637569 0.619552 0.573362 0.509780 0.452290 0.000000 0.000000 0.000000 0.000000 0.000000 0.000000 0.000000 0.000000 0.376384 0.000000 0.532375 0.000000 0.467458 0.000000 0.000000 0.000000 0.000000 0.436074 0.534002 0.577472 0.587828 0.639842 0.691962 0.634580 0.524039 0.522275 0.517934 0.573637 0.523736 0.391442 0.000000 0.000000 0.000000 0.000000 0.401113 0.494693 0.000000 0.000000 0.000000 0.000000 0.346742 0.000000 0.000000 0.000000 0.000000 0.000000 0.000000 0.000000 0.000000 0.000000 0.000000 0.000000 0.000000 0.000000 0.000000 0.000000 0.000000 0.000000 0.000000 0.000000 0.000000 0.000000 0.000000 0.483619 0.637530 0.726392 0.736327 0.723118 0.583118 0.456193 0.000000 0.000000 0.000000
0.000000 0.000000 0.000000 0.000000 0.000000 0.000000 0.000000 0.000000 0.000000 0.000000 0.000000 0.000000 0.000000 0.000000 0.000000 0.000000 0.000000 0.000000 0.000000 0.000000 0.000000 0.000000 0.000000 0.000000 0.000000 0.000000 0.000000 0.000000 0.000000 0.000000 0.000000 0.000000 0.000000 0.000000 0.000000 0.000000 0.000000 0.000000 0.000000 0.000000 0.000000 0.000000 0.000000 0.000000 0.000000 0.000000 0.000000 0.000000 0.000000 0.000000 0.000000 0.000000 0.000000 0.000000 0.000000 0.000000 0.000000 0.000000 0.000000 0.000000 0.000000 0.000000 0.000000 0.000000 0.000000 0.000000 0.000000 0.000000 0.000000 0.000000 0.000000 0.000000 0.000000 0.000000 0.000000 0.000000 0.000000 0.000000 0.000000 0.000000 0.000000 0.000000 0.000000 0.000000 0.000000 0.000000 0.000000 0.000000 0.000000 0.000000 0.000000 0.000000 0.000000 0.000000 0.000000 0.000000 0.000000 0.000000 0.000000 0.000000 0.000000 0.000000 0.000000 0.000000 0.000000 0.000000 0.000000 0.000000 0.000000 0.000000 0.000000 0.000000 0.000000 0.000000 0.000000 0.000000 0.000000 0.000000 0.000000 0.000000 0.000000 0.000000 0.000000 0.000000 0.000000 0.000000 0.000000 0.000000 0.000000 0.000000 0.000000 0.000000 0.000000 0.000000 0.000000 0.000000 0.000000 0.000000 0.000000 0.000000 0.000000 0.000000 0.000000 0.000000 0.000000 0.000000 0.000000 0.000000 0.000000 0.000000 0.000000 0.427765 0.690443 0.840425 0.661692 0.676827 0.661341 0.771609 0.809554 0.794907 0.741797 0.694253 0.636007 0.595205 0.602671 0.585766 0.549667 0.480778 0.000000 0.000000 0.000000 0.000000 0.000000 0.000000 0.759590 0.426678 0.878753 1.220752 1.363394 1.389511 1.236931 0.977550 0.780232 0.673207 0.530482 0.000000 0.000000 0.000000 0.000000 0.000000 0.000000 0.000000 0.000000 0.000000 0.000000 0.000000 0.000000 0.000000 0.000000 0.725446 0.856785 0.779333 0.697481 0.648573 0.579055 0.511426 0.462593 0.000000 0.000000 0.000000 0.000000 0.000000 0.000000 0.000000 0.000000 0.000000 0.000000 0.000000 0.000000 0.000000 0.000000 0.000000 0.000000 0.508083 0.578832 0.642514 0.636019 0.625472 0.732713 0.715203 0.674277 0.614569 0.546471 0.530719 0.500499 0.000000 0.000000 0.559640 0.000000 0.000000 0.000000 0.000000 0.425673 0.000000 0.000000 0.000000 0.000000 0.000000 0.000000 0.000000 0.000000 0.000000 0.000000 0.000000 0.000000 0.000000 0.000000 0.000000 0.000000 0.000000 0.000000 0.000000 0.000000 0.000000 0.000000 0.000000 0.000000 0.000000 0.000000 0.460481 0.633593 0.735950 0.785366 0.700965 0.722073 0.503885 0.000000 0.000000 0.000000 0.000000
0.000000 0.000000 0.000000 0.000000 0.000000 0.000000 0.000000 0.000000 0.000000 0.000000 0.000000 0.000000 0.000000 0.000000 0.000000 0.000000 0.000000 0.000000 0.000000 0.000000 0.000000 0.000000 0.000000 0.000000 0.000000 0.000000 0.000000 0.000000 0.000000 0.000000 0.000000 0.000000 0.000000 0.000000 0.000000 0.000000 0.000000 0.000000 0.000000 0.000000 0.000000 0.000000 0.000000 0.000000 0.000000 0.000000 0.000000 0.000000 0.000000 0.000000 0.000000 0.000000 0.000000 0.000000 0.000000 0.000000 0.000000 0.000000 0.000000 0.000000 0.000000 0.000000 0.000000 0.000000 0.000000 0.000000 0.000000 0.000000 0.000000 0.000000 0.000000 0.000000 0.000000 0.000000 0.000000 0.000000 0.000000 0.000000 0.000000 0.000000 0.000000 0.000000 0.000000 0.000000 0.000000 0.000000 0.000000 0.000000 0.000000 0.000000 0.000000 0.000000 0.000000 0.000000 0.000000 0.000000 0.000000 0.000000 0.000000 0.000000 0.000000 0.000000 0.000000 0.000000 0.000000 0.000000 0.000000 0.000000 0.000000 0.000000 0.000000 0.000000 0.000000 0.000000 0.000000 0.000000 0.000000 0.000000 0.000000 0.000000 0.000000 0.000000 0.000000 0.000000 0.000000 0.000000 0.000000 0.000000 0.000000 0.000000 0.000000 0.000000 0.000000 0.000000 0.000000 0.000000 0.000000 0.000000 0.000000 0.000000 0.000000 0.000000 0.000000 0.000000 0.000000 0.000000 0.000000 0.000000 0.000000 0.000000 0.000000 0.535557 0.831989 0.938866 0.688333 0.661819 0.783495 0.844376 0.828803 0.773633 0.588019 0.661318 0.615782 0.632458 0.664532 0.599623 0.518767 0.451015 0.000000 0.000000 0.000000 0.000000 0.459679 0.615748 0.681171 0.848355 1.275263 1.540890 1.485885 1.260881 0.984323 0.798052 0.681545 0.546136 0.403800 0.000000 0.000000 0.000000 0.000000 0.000000 0.000000 0.000000 0.000000 0.000000 0.000000 0.000000 0.000000 0.000000 0.700305 0.942213 0.936057 0.805085 0.724721 0.651351 0.573329 0.510979 0.457665 0.000000 0.000000 0.000000 0.000000 0.000000 0.000000 0.000000 0.000000 0.000000 0.609403 0.464042 0.382091 0.000000 0.000000 0.458475 0.587943 0.636353 0.683901 0.660239 0.613193 0.738619 0.787196 0.693524 0.622023 0.563328 0.426921 0.399265 0.000000 0.000000 0.000000 0.571006 0.000000 0.000000 0.000000 0.000000 0.000000 0.000000 0.000000 0.000000 0.000000 0.000000 0.000000 0.000000 0.000000 0.000000 0.000000 0.000000 0.000000 0.000000 0.000000 0.000000 0.000000 0.000000 0.000000 0.000000 0.000000 0.000000 0.000000 0.000000 0.000000 0.000000 0.415917 0.601230 0.718556 0.754510 0.689335 0.697100 0.531556 0.413052 0.000000 0.000000 0.000000 0.000000
0.000000 0.000000 0.000000 0.000000 0.000000 0.000000 0.000000 0.000000 0.000000 0.000000 0.000000 0.000000 0.000000 0.000000 0.000000 0.000000 0.000000 0.000000 0.000000 0.000000 0.000000 0.000000 0.000000 0.000000 0.000000 0.000000 0.000000 0.000000 0.000000 0.000000 0.000000 0.000000 0.000000 0.000000 0.000000 0.000000 0.000000 0.000000 0.000000 0.000000 0.000000 0.000000 0.000000 0.000000 0.000000 0.000000 0.000000 0.000000 0.000000 0.000000 0.000000 0.000000 0.000000 0.000000 0.000000 0.000000 0.000000 0.000000 0.000000 0.000000 0.000000 0.000000 0.000000 0.000000 0.000000 0.000000 0.000000 0.000000 0.000000 0.000000 0.000000 0.000000 0.000000 0.000000 0.000000 0.000000 0.000000 0.000000 0.000000 0.000000 0.000000 0.000000 0.000000 0.000000 0.000000 0.000000 0.000000 0.000000 0.000000 0.000000 0.000000 0.000000 0.000000 0.000000 0.000000 0.000000 0.000000 0.000000 0.000000 0.000000 0.000000 0.000000 0.000000 0.000000 0.000000 0.000000 0.000000 0.000000 0.000000 0.000000 0.000000 0.000000 0.000000 0.000000 0.000000 0.000000 0.000000 0.000000 0.000000 0.000000 0.000000 0.000000 0.000000 0.000000 0.000000 0.000000 0.000000 0.000000 0.000000 0.000000 0.000000 0.000000 0.000000 0.000000 0.000000 0.000000 0.000000 0.000000 0.000000 0.000000 0.000000 0.000000 0.000000 0.000000 0.000000 0.000000 0.000000 0.000000 0.000000 0.000000 0.474660 0.621465 0.846169 0.766983 0.655761 0.780995 0.852885 0.860573 0.659220 0.615480 0.555199 0.499351 0.529972 0.675772 0.658262 0.562143 0.480942 0.000000 0.000000 0.000000 0.000000 0.000000 0.518562 0.647567 0.837927 1.474473 1.567430 1.452992 1.265056 0.989760 0.780516 0.676508 0.550599 0.434221 0.000000 0.000000 0.000000 0.000000 0.000000 0.000000 0.000000 0.356975 0.000000 0.000000 0.000000 0.000000 0.000000 0.619334 0.908995 1.012373 0.923740 0.807272 0.719297 0.636344 0.563951 0.496261 0.428708 0.000000 0.000000 0.000000 0.000000 0.000000 0.000000 0.000000 0.466814 0.000000 0.000000 0.382987 0.396291 0.501711 0.504748 0.654998 0.735320 0.743419 0.691628 0.593052 0.695974 0.838268 0.823649 0.700517 0.641057 0.573036 0.463367 0.419050 0.000000 0.420810 0.417657 0.439015 0.000000 0.000000 0.000000 0.000000 0.000000 0.000000 0.000000 0.000000 0.000000 0.000000 0.000000 0.000000 0.000000 0.000000 0.000000 0.000000 0.000000 0.000000 0.000000 0.000000 0.000000 0.000000 0.000000 0.000000 0.000000 0.000000 0.441191 0.449054 0.000000 0.000000 0.642029 0.673996 0.748479 0.666069 0.676498 0.517148 0.419936 0.000000 0.000000 0.000000 0.000000 0.000000
0.000000 0.000000 0.000000 0.000000 0.000000 0.000000 0.000000 0.000000 0.000000 0.000000 0.000000 0.000000 0.000000 0.000000 0.000000 0.000000 0.000000 0.000000 0.000000 0.000000 0.000000 0.000000 0.000000 0.000000 0.000000 0.000000 0.000000 0.000000 0.000000 0.000000 0.000000 0.000000 0.000000 0.000000 0.000000 0.000000 0.000000 0.000000 0.000000 0.000000 0.000000 0.000000 0.000000 0.000000 0.000000 0.000000 0.000000 0.000000 0.000000 0.000000 0.000000 0.000000 0.000000 0.000000 0.000000 0.000000 0.000000 0.000000 0.000000 0.000000 0.000000 0.000000 0.000000 0.000000 0.000000 0.000000 0.000000 0.000000 0.000000 0.000000 0.000000 0.000000 0.000000 0.000000 0.000000 0.000000 0.000000 0.000000 0.000000 0.000000 0.000000 0.000000 0.000000 0.000000 0.000000 0.000000 0.000000 0.000000 0.000000 0.000000 0.000000 0.000000 0.000000 0.000000 0.000000 0.000000 0.000000 0.000000 0.000000 0.000000 0.000000 0.000000 0.000000 0.000000 0.000000 0.000000 0.000000 0.000000 0.000000 0.000000 0.000000 0.000000 0.000000 0.000000 0.000000 0.000000 0.000000 0.000000 0.000000 0.000000 0.000000 0.000000 0.000000 0.000000 0.000000 0.000000 0.000000 0.000000 0.000000 0.000000 0.000000 0.000000 0.000000 0.000000 0.000000 0.000000 0.000000 0.000000 0.000000 0.000000 0.000000 0.000000 0.000000 0.000000 0.000000 0.000000 0.000000 0.000000 0.000000 0.421239 0.598597 0.702371 0.780138 0.689069 0.791851 0.842852 0.858579 0.688251 0.657850 0.608157 0.559280 0.586016 0.737310 0.687315 0.609143 0.508677 0.424964 0.000000 0.000000 0.000000 0.000000 0.499664 0.569992 0.722705 1.374916 1.542427 1.444562 1.275458 1.015316 0.786872 0.666269 0.543568 0.451329 0.000000 0.000000 0.000000 0.000000 0.000000 0.000000 0.000000 0.000000 0.000000 0.000000 0.000000 0.000000 0.000000 0.578782 0.876115 1.018978 1.003564 0.894678 0.774430 0.692841 0.615913 0.540103 0.464461 0.000000 0.000000 0.000000 0.000000 0.374007 0.000000 0.000000 0.000000 0.454553 0.448492 0.426827 0.519831 0.579309 0.508260 0.693971 0.787245 0.805369 0.737475 0.613818 0.641023 0.832909 0.941363 0.793329 0.709990 0.639371 0.522423 0.458474 0.423675 0.458461 0.449649 0.000000 0.000000 0.408562 0.410285 0.000000 0.000000 0.323246 0.000000 0.000000 0.000000 0.000000 0.000000 0.000000 0.000000 0.000000 0.000000 0.000000 0.000000 0.000000 0.000000 0.000000 0.000000 0.000000 0.000000 0.000000 0.417734 0.465255 0.481922 0.537159 0.000000 0.490854 0.452441 0.717464 0.662382 0.625996 0.675939 0.477629 0.000000 0.000000 0.000000 0.000000 0.000000 0.000000 0.000000
0.000000 0.000000 0.000000 0.000000 0.000000 0.000000 0.000000 0.000000 0.000000 0.000000 0.000000 0.000000 0.000000 0.000000 0.000000 0.000000 0.000000 0.000000 0.000000 0.000000 0.000000 0.000000 0.000000 0.000000 0.000000 0.000000 0.000000 0.000000 0.000000 0.000000 0.000000 0.000000 0.000000 0.000000 0.000000 0.000000 0.000000 0.000000 0.000000 0.000000 0.000000 0.000000 0.000000 0.000000 0.000000 0.000000 0.000000 0.000000 0.000000 0.000000 0.000000 0.000000 0.000000 0.000000 0.000000 0.000000 0.000000 0.000000 0.000000 0.000000 0.000000 0.000000 0.000000 0.000000 0.000000 0.000000 0.000000 0.000000 0.000000 0.000000 0.000000 0.000000 0.000000 0.000000 0.000000 0.000000 0.000000 0.000000 0.000000 0.000000 0.000000 0.000000 0.000000 0.000000 0.000000 0.000000 0.000000 0.000000 0.000000 0.000000 0.000000 0.000000 0.000000 0.000000 0.000000 0.000000 0.000000 0.000000 0.000000 0.000000 0.000000 0.000000 0.000000 0.000000 0.000000 0.000000 0.000000 0.000000 0.000000 0.000000 0.000000 0.000000 0.000000 0.000000 0.000000 0.000000 0.000000 0.000000 0.000000 0.000000 0.000000 0.000000 0.000000 0.000000 0.000000 0.000000 0.000000 0.000000 0.000000 0.000000 0.000000 0.000000 0.000000 0.000000 0.000000 0.000000 0.000000 0.000000 0.000000 0.000000 0.000000 0.000000 0.000000 0.000000 0.000000 0.000000 0.000000 0.000000 0.000000 0.555150 0.784472 0.755631 0.758633 0.851320 0.928611 0.872088 0.685198 0.678811 0.644280 0.626886 0.661664 0.670048 0.736667 0.648262 0.532282 0.447525 0.000000 0.000000 0.000000 0.000000 0.451718 0.568871 0.527999 1.265330 1.473004 1.416727 1.278723 1.036642 0.805413 0.659218 0.543143 0.471456 0.000000 0.000000 0.000000 0.000000 0.000000 0.000000 0.000000 0.000000 0.000000 0.000000 0.000000 0.000000 0.000000 0.548578 0.835180 1.007941 1.073492 0.965572 0.829250 0.732696 0.688293 0.627723 0.502841 0.418606 0.000000 0.000000 0.000000 0.382144 0.000000 0.000000 0.418386 0.446078 0.456312 0.451478 0.427274 0.506452 0.535387 0.695781 0.776505 0.783917 0.738124 0.640777 0.568397 0.783871 0.939713 0.912769 0.773089 0.703060 0.581835 0.548490 0.470850 0.497222 0.479050 0.416469 0.000000 0.680094 0.497003 0.463532 0.000000 0.340229 0.000000 0.000000 0.000000 0.000000 0.000000 0.000000 0.000000 0.000000 0.000000 0.000000 0.000000 0.000000 0.000000 0.000000 0.000000 0.000000 0.395526 0.416082 0.468876 0.503217 0.486256 0.440545 0.000000 0.000000 0.000000 0.678527 0.733996 0.573468 0.511377 0.434029 0.000000 0.000000 0.000000 0.000000 0.000000 0.000000 0.000000 0.000000
0.000000 0.000000 0.000000 0.000000 0.000000 0.000000 0.000000 0.000000 0.000000 0.000000 0.000000 0.000000 0.000000 0.000000 0.000000 0.000000 0.000000 0.000000 0.000000 0.000000 0.000000 0.000000 0.000000 0.000000 0.000000 0.000000 0.000000 0.000000 0.000000 0.000000 0.000000 0.000000 0.000000 0.000000 0.000000 0.000000 0.000000 0.000000 0.000000 0.000000 0.000000 0.000000 0.000000 0.000000 0.000000 0.000000 0.000000 0.000000 0.000000 0.000000 0.000000 0.000000 0.000000 0.000000 0.000000 0.000000 0.000000 0.000000 0.000000 0.000000 0.000000 0.000000 0.000000 0.000000 0.000000 0.000000 0.000000 0.000000 0.000000 0.000000 0.000000 0.000000 0.000000 0.000000 0.000000 0.000000 0.000000 0.000000 0.000000 0.000000 0.000000 0.000000 0.000000 0.000000 0.000000 0.000000 0.000000 0.000000 0.000000 0.000000 0.000000 0.000000 0.000000 0.000000 0.000000 0.000000 0.000000 0.000000 0.000000 0.000000 0.000000 0.000000 0.000000 0.000000 0.000000 0.000000 0.000000 0.000000 0.000000 0.000000 0.000000 0.000000 0.000000 0.000000 0.000000 0.000000 0.000000 0.000000 0.000000 0.000000 0.000000 0.000000 0.000000 0.000000 0.000000 0.000000 0.000000 0.000000 0.000000 0.000000 0.000000 0.000000 0.000000 0.000000 0.000000 0.000000 0.000000 0.000000 0.000000 0.000000 0.000000 0.000000 0.000000 0.000000 0.000000 0.000000 0.000000 0.000000 0.436229 0.721305 0.858141 0.898187 0.982023 0.844213 0.855753 0.719531 0.678085 0.664495 0.685756 0.729682 0.738380 0.672352 0.722676 0.609590 0.538118 0.515693 0.405860 0.000000 0.000000 0.000000 0.570223 0.487929 1.090743 1.353416 1.340660 1.255409 1.044174 0.821021 0.664055 0.563958 0.494188 0.426082 0.000000 0.000000 0.000000 0.000000 0.000000 0.000000 0.000000 0.000000 0.000000 0.000000 0.000000 0.000000 0.527105 0.802355 0.985297 1.087404 1.080688 0.904799 0.725419 0.733819 0.686332 0.613538 0.438701 0.000000 0.000000 0.402077 0.000000 0.000000 0.445810 0.486406 0.487390 0.471123 0.453938 0.410024 0.432180 0.554537 0.678123 0.734836 0.732412 0.683704 0.544574 0.455953 0.721263 0.880932 0.951714 0.860090 0.750287 0.628143 0.611375 0.529628 0.539894 0.509528 0.435826 0.000000 0.458041 0.667987 0.565236 0.497781 0.338323 0.000000 0.000000 0.000000 0.000000 0.000000 0.000000 0.000000 0.000000 0.000000 0.000000 0.000000 0.000000 0.000000 0.399958 0.414679 0.412883 0.413945 0.448850 0.499726 0.497795 0.462301 0.000000 0.874366 0.000000 0.000000 0.000000 0.493252 0.506328 0.457038 0.000000 0.000000 0.000000 0.000000 0.000000 0.000000 0.000000 0.000000 0.000000 0.000000
0.000000 0.000000 0.000000 0.000000 0.000000 0.000000 0.000000 0.000000 0.000000 0.000000 0.000000 0.000000 0.000000 0.000000 0.000000 0.000000 0.000000 0.000000 0.000000 0.000000 0.000000 0.000000 0.000000 0.000000 0.000000 0.000000 0.000000 0.000000 0.000000 0.000000 0.000000 0.000000 0.000000 0.000000 0.000000 0.000000 0.000000 0.000000 0.000000 0.000000 0.000000 0.000000 0.000000 0.000000 0.000000 0.000000 0.000000 0.000000 0.000000 0.000000 0.000000 0.000000 0.000000 0.000000 0.000000 0.000000 0.000000 0.000000 0.000000 0.000000 0.000000 0.000000 0.000000 0.000000 0.000000 0.000000 0.000000 0.000000 0.000000 0.000000 0.000000 0.000000 0.000000 0.000000 0.000000 0.000000 0.000000 0.000000 0.000000 0.000000 0.000000 0.000000 0.000000 0.000000 0.000000 0.000000 0.000000 0.000000 0.000000 0.000000 0.000000 0.000000 0.000000 0.000000 0.000000 0.000000 0.000000 0.000000 0.000000 0.000000 0.000000 0.000000 0.000000 0.000000 0.000000 0.000000 0.000000 0.000000 0.000000 0.000000 0.000000 0.000000 0.000000 0.000000 0.000000 0.000000 0.000000 0.000000 0.000000 0.000000 0.000000 0.000000 0.000000 0.000000 0.000000 0.000000 0.000000 0.000000 0.000000 0.000000 0.000000 0.000000 0.000000 0.000000 0.000000 0.000000 0.000000 0.000000 0.000000 0.000000 0.000000 0.000000 0.000000 0.000000 0.000000 0.000000 0.000000 0.440506 0.770882 0.963482 0.966773 1.021755 0.885621 0.876758 0.833565 0.731433 0.708629 0.760458 0.802636 0.800440 0.736054 0.758614 0.504037 0.597614 0.583308 0.558056 0.468922 0.437058 0.412631 0.562076 0.581045 0.867782 1.185220 1.202472 1.096544 1.018891 0.834267 0.705585 0.590945 0.508809 0.465495 0.442201 0.425080 0.422726 0.420232 0.000000 0.000000 0.000000 0.000000 0.000000 0.000000 0.000000 0.000000 0.485075 0.766646 0.960572 1.082587 1.112294 1.015510 0.793271 0.715236 0.732065 0.669740 0.571349 0.000000 0.418727 0.000000 0.000000 0.557113 0.587710 0.545414 0.519538 0.485596 0.431322 0.000000 0.462585 0.537753 0.621659 0.651644 0.613018 0.590655 0.561177 0.403656 0.672245 0.854622 0.947151 0.911113 0.800385 0.680129 0.634687 0.608147 0.589418 0.540138 0.441959 0.000000 0.000000 0.535022 0.646017 0.607688 0.531624 0.000000 0.000000 0.000000 0.000000 0.000000 0.000000 0.000000 0.000000 0.000000 0.000000 0.000000 0.412766 0.453601 0.468350 0.490061 0.452401 0.440104 0.464459 0.486831 0.466623 0.000000 0.000000 0.000000 0.453540 0.000000 0.000000 0.387200 0.494742 0.000000 0.000000 0.000000 0.000000 0.000000 0.000000 0.000000 0.000000 0.000000 0.000000 0.000000 0.000000
0.000000 0.000000 0.000000 0.000000 0.000000 0.000000 0.000000 0.000000 0.000000 0.000000 0.000000 0.000000 0.000000 0.000000 0.000000 0.000000 0.000000 0.000000 0.000000 0.000000 0.000000 0.000000 0.000000 0.000000 0.000000 0.000000 0.000000 0.000000 0.000000 0.000000 0.000000 0.000000 0.000000 0.000000 0.000000 0.000000 0.000000 0.000000 0.000000 0.000000 0.000000 0.000000 0.000000 0.000000 0.000000 0.000000 0.000000 0.000000 0.000000 0.000000 0.000000 0.000000 0.000000 0.000000 0.000000 0.000000 0.000000 0.000000 0.000000 0.000000 0.000000 0.000000 0.000000 0.000000 0.000000 0.000000 0.000000 0.000000 0.000000 0.000000 0.000000 0.000000 0.000000 0.000000 0.000000 0.000000 0.000000 0.000000 0.000000 0.000000 0.000000 0.000000 0.000000 0.000000 0.000000 0.000000 0.000000 0.000000 0.000000 0.000000 0.000000 0.000000 0.000000 0.000000 0.000000 0.000000 0.000000 0.000000 0.000000 0.000000 0.000000 0.000000 0.000000 0.000000 0.000000 0.000000 0.000000 0.000000 0.000000 0.000000 0.000000 0.000000 0.000000 0.000000 0.000000 0.000000 0.000000 0.000000 0.000000 0.000000 0.000000 0.000000 0.000000 0.000000 0.000000 0.000000 0.000000 0.000000 0.000000 0.000000 0.000000 0.000000 0.000000 0.000000 0.000000 0.000000 0.000000 0.000000 0.000000 0.000000 0.000000 0.000000 0.000000 0.000000 0.000000 0.000000 0.462223 0.906032 1.157056 1.229998 0.966744 0.936955 0.900168 0.841944 0.847299 0.804320 0.872604 0.898164 0.863248 0.798813 0.823351 0.536106 0.510838 0.650815 0.624937 0.574749 0.511950 0.603606 0.606310 0.709097 0.847518 1.130235 1.159597 1.065733 0.934823 0.860665 0.757234 0.680450 0.593670 0.505923 0.484977 0.468067 0.463731 0.460092 0.443872 0.000000 0.000000 0.000000 0.000000 0.000000 0.000000 0.000000 0.000000 0.719890 0.929527 1.074172 1.102448 0.976101 0.884004 0.767444 0.710569 0.712879 0.618280 0.448716 0.000000 0.424114 0.537271 0.595219 0.643423 0.636268 0.548412 0.473492 0.398830 0.404611 0.463411 0.545072 0.521524 0.546450 0.527429 0.513954 0.422121 0.557370 0.564392 0.795569 0.939441 0.960013 0.754731 0.708738 0.713834 0.757141 0.696725 0.570230 0.451892 0.000000 0.000000 0.000000 0.561167 0.657457 0.618162 0.462983 0.000000 0.000000 0.000000 0.000000 0.000000 0.000000 0.000000 0.000000 0.000000 0.431205 0.547202 0.546280 0.556310 0.551742 0.514642 0.440328 0.436759 0.442179 0.000000 0.000000 0.000000 0.000000 0.000000 0.000000 0.381992 0.420526 0.420616 0.393553 0.000000 0.000000 0.000000 0.000000 0.000000 0.000000 0.000000 0.000000 0.000000 0.000000 0.000000 0.000000
0.000000 0.000000 0.000000 0.000000 0.000000 0.000000 0.000000 0.000000 0.000000 0.000000 0.000000 0.000000 0.000000 0.000000 0.000000 0.000000 0.000000 0.000000 0.000000 0.000000 0.000000 0.000000 0.000000 0.000000 0.000000 0.000000 0.000000 0.000000 0.000000 0.000000 0.000000 0.000000 0.000000 0.000000 0.000000 0.000000 0.000000 0.000000 0.000000 0.000000 0.000000 0.000000 0.000000 0.000000 0.000000 0.000000 0.000000 0.000000 0.000000 0.000000 0.000000 0.000000 0.000000 0.000000 0.000000 0.000000 0.000000 0.000000 0.000000 0.000000 0.000000 0.000000 0.000000 0.000000 0.000000 0.000000 0.000000 0.000000 0.000000 0.000000 0.000000 0.000000 0.000000 0.000000 0.000000 0.000000 0.000000 0.000000 0.000000 0.000000 0.000000 0.000000 0.000000 0.000000 0.000000 0.000000 0.000000 0.000000 0.000000 0.000000 0.000000 0.000000 0.000000 0.000000 0.000000 0.000000 0.000000 0.000000 0.000000 0.000000 0.000000 0.000000 0.000000 0.000000 0.000000 0.000000 0.000000 0.000000 0.000000 0.000000 0.000000 0.000000 0.000000 0.000000 0.000000 0.000000 0.000000 0.000000 0.000000 0.000000 0.000000 0.000000 0.000000 0.000000 0.000000 0.000000 0.000000 0.000000 0.000000 0.000000 0.000000 0.000000 0.000000 0.000000 0.000000 0.000000 0.000000 0.000000 0.000000 0.000000 0.000000 0.000000 0.000000 0.000000 0.000000 0.559382 0.983208 1.290182 1.426408 1.128094 1.018729 0.918471 0.843976 0.825925 0.902398 1.036194 1.021091 0.927401 0.855677 0.907114 0.592555 0.555762 0.699626 0.550914 0.530993 0.661060 0.699972 0.629416 0.678310 0.918705 1.104481 1.151724 1.072569 0.941503 0.906907 0.809535 0.715652 0.636397 0.551170 0.532591 0.514386 0.507426 0.502230 0.526598 0.438702 0.000000 0.000000 0.000000 0.000000 0.000000 0.000000 0.000000 0.657309 0.881396 1.032436 1.128855 1.024772 0.915235 0.801132 0.750853 0.755516 0.666123 0.496895 0.000000 0.464875 0.535658 0.611348 0.628154 0.629684 0.579646 0.452177 0.000000 0.410318 0.447540 0.540282 0.530692 0.529231 0.460470 0.579703 0.532780 0.424571 0.555928 0.639066 0.762688 0.836511 0.836901 0.707968 0.790561 0.788771 0.747392 0.618558 0.469248 0.000000 0.000000 0.000000 0.418327 0.551743 0.633474 0.557923 0.434977 0.000000 0.000000 0.000000 0.000000 0.000000 0.000000 0.000000 0.000000 0.515420 0.617869 0.677686 0.611851 0.610002 0.561187 0.493515 0.000000 0.000000 0.000000 0.000000 0.000000 0.000000 0.000000 0.000000 0.392447 0.440823 0.447577 0.414702 0.000000 0.000000 0.000000 0.000000 0.000000 0.000000 0.000000 0.000000 0.000000 0.000000 0.000000 0.000000 0.000000
0.000000 0.000000 0.000000 0.000000 0.000000 0.000000 0.000000 0.000000 0.000000 0.000000 0.000000 0.000000 0.000000 0.000000 0.000000 0.000000 0.000000 0.000000 0.000000 0.000000 0.000000 0.000000 0.000000 0.000000 0.000000 0.000000 0.000000 0.000000 0.000000 0.000000 0.000000 0.000000 0.000000 0.000000 0.000000 0.000000 0.000000 0.000000 0.000000 0.000000 0.000000 0.000000 0.000000 0.000000 0.000000 0.000000 0.000000 0.000000 0.000000 0.000000 0.000000 0.000000 0.000000 0.000000 0.000000 0.000000 0.000000 0.000000 0.000000 0.000000 0.000000 0.000000 0.000000 0.000000 0.000000 0.000000 0.000000 0.000000 0.000000 0.000000 0.000000 0.000000 0.000000 0.000000 0.000000 0.000000 0.000000 0.000000 0.000000 0.000000 0.000000 0.000000 0.000000 0.000000 0.000000 0.000000 0.000000 0.000000 0.000000 0.000000 0.000000 0.000000 0.000000 0.000000 0.000000 0.000000 0.000000 0.000000 0.000000 0.000000 0.000000 0.000000 0.000000 0.000000 0.000000 0.000000 0.000000 0.000000 0.000000 0.000000 0.000000 0.000000 0.000000 0.000000 0.000000 0.000000 0.000000 0.000000 0.000000 0.000000 0.000000 0.000000 0.000000 0.000000 0.000000 0.000000 0.000000 0.000000 0.000000 0.000000 0.000000 0.000000 0.000000 0.000000 0.000000 0.000000 0.000000 0.000000 0.000000 0.000000 0.000000 0.000000 0.000000 0.000000 0.594338 0.971034 1.205035 1.499718 1.277637 1.142680 0.957273 0.846467 0.823815 0.952531 1.238567 1.269703 1.220196 0.896566 0.790714 0.820206 0.607850 0.593015 0.587410 0.573231 0.616155 0.701207 0.473836 0.991240 0.996244 1.124656 1.162450 1.089952 0.978705 0.869435 0.844249 0.679530 0.668288 0.596723 0.580318 0.564613 0.552946 0.542949 0.516661 0.466089 0.000000 0.000000 0.000000 0.000000 0.000000 0.000000 0.000000 0.599840 0.830602 1.021816 1.193603 1.104720 0.979417 0.848414 0.782763 0.731384 0.713521 0.610376 0.528239 0.805178 0.556652 0.573552 0.614533 0.617956 0.561697 0.406971 0.000000 0.382360 0.388145 0.374238 0.453578 0.478517 0.539639 0.576049 0.628939 0.562875 0.574047 0.631563 0.647654 0.709301 0.763729 0.783899 0.801299 0.807831 0.741457 0.619283 0.467977 0.000000 0.000000 0.000000 0.473188 0.445106 0.567166 0.598543 0.518613 0.415987 0.000000 0.000000 0.000000 0.000000 0.000000 0.000000 0.000000 0.541059 0.665081 0.749552 0.754238 0.638822 0.573416 0.481152 0.400146 0.000000 0.000000 0.000000 0.000000 0.000000 0.000000 0.000000 0.379772 0.426922 0.455344 0.428244 0.000000 0.000000 0.000000 0.000000 0.000000 0.000000 0.000000 0.000000 0.000000 0.000000 0.000000 0.000000 0.000000 0.000000
0.000000 0.000000 0.000000 0.000000 0.000000 0.000000 0.000000 0.000000 0.000000 0.000000 0.000000 0.000000 0.000000 0.000000 0.000000 0.000000 0.000000 0.000000 0.000000 0.000000 0.000000 0.000000 0.000000 0.000000 0.000000 0.000000 0.000000 0.000000 0.000000 0.000000 0.000000 0.000000 0.000000 0.000000 0.000000 0.000000 0.000000 0.000000 0.000000 0.000000 0.000000 0.000000 0.000000 0.000000 0.000000 0.000000 0.000000 0.000000 0.000000 0.000000 0.000000 0.000000 0.000000 0.000000 0.000000 0.000000 0.000000 0.000000 0.000000 0.000000 0.000000 0.000000 0.000000 0.000000 0.000000 0.000000 0.000000 0.000000 0.000000 0.000000 0.000000 0.000000 0.000000 0.000000 0.000000 0.000000 0.000000 0.000000 0.000000 0.000000 0.000000 0.000000 0.000000 0.000000 0.000000 0.000000 0.000000 0.000000 0.000000 0.000000 0.000000 0.000000 0.000000 0.000000 0.000000 0.000000 0.000000 0.000000 0.000000 0.000000 0.000000 0.000000 0.000000 0.000000 0.000000 0.000000 0.000000 0.000000 0.000000 0.000000 0.000000 0.000000 0.000000 0.000000 0.000000 0.000000 0.000000 0.000000 0.000000 0.000000 0.000000 0.000000 0.000000 0.000000 0.000000 0.000000 0.000000 0.000000 0.000000 0.000000 0.000000 0.000000 0.000000 0.000000 0.000000 0.000000 0.000000 0.000000 0.000000 0.000000 0.000000 0.000000 0.440514 0.622527 0.930536 1.261303 1.353495 1.275942 1.181703 1.001010 0.881399 0.850559 1.059602 1.369584 1.629003 1.406646 1.097272 0.809520 0.720645 0.671961 0.215811 0.200121 0.234119 0.366690 0.566070 0.678098 1.154665 0.949797 1.158261 1.183554 1.122780 1.010518 0.890378 0.852682 0.734187 0.695634 0.645058 0.626014 0.614806 0.598346 0.578813 0.548931 0.488625 0.000000 0.000000 0.000000 0.000000 0.000000 0.000000 0.000000 0.542745 0.772453 0.941510 1.222180 1.173223 1.098467 0.937370 0.831727 0.757813 0.698478 0.643785 0.691791 0.570184 0.555563 0.566065 0.552631 0.590659 0.539241 0.394888 0.000000 0.000000 0.000000 0.500046 0.550338 0.575462 0.564276 0.600979 0.677255 0.629171 0.629978 0.643976 0.647876 0.593690 0.662892 0.842404 0.901986 0.809913 0.727546 0.595289 0.449151 0.000000 0.424852 0.000000 0.441522 0.568309 0.512302 0.715281 0.614373 0.481509 0.000000 0.000000 0.000000 0.000000 0.000000 0.000000 0.000000 0.460882 0.669967 0.758969 0.812521 0.721930 0.566583 0.476977 0.000000 0.000000 0.000000 0.000000 0.415779 0.454366 0.423974 0.000000 0.000000 0.000000 0.409968 0.412917 0.000000 0.000000 0.000000 0.000000 0.000000 0.000000 0.000000 0.000000 0.000000 0.000000 0.000000 0.000000 0.000000 0.000000 0.000000
0.000000 0.000000 0.000000 0.000000 0.000000 0.000000 0.000000 0.000000 0.000000 0.000000 0.000000 0.000000 0.000000 0.000000 0.000000 0.000000 0.000000 0.000000 0.000000 0.000000 0.000000 0.000000 0.000000 0.000000 0.000000 0.000000 0.000000 0.000000 0.000000 0.000000 0.000000 0.000000 0.000000 0.000000 0.000000 0.000000 0.000000 0.000000 0.000000 0.000000 0.000000 0.000000 0.000000 0.000000 0.000000 0.000000 0.000000 0.000000 0.000000 0.000000 0.000000 0.000000 0.000000 0.000000 0.000000 0.000000 0.000000 0.000000 0.000000 0.000000 0.000000 0.000000 0.000000 0.000000 0.000000 0.000000 0.000000 0.000000 0.000000 0.000000 0.000000 0.000000 0.000000 0.000000 0.000000 0.000000 0.000000 0.000000 0.000000 0.000000 0.000000 0.000000 0.000000 0.000000 0.000000 0.000000 0.000000 0.000000 0.000000 0.000000 0.000000 0.000000 0.000000 0.000000 0.000000 0.000000 0.000000 0.000000 0.000000 0.000000 0.000000 0.000000 0.000000 0.000000 0.000000 0.000000 0.000000 0.000000 0.000000 0.000000 0.000000 0.000000 0.000000 0.000000 0.000000 0.000000 0.000000 0.000000 0.000000 0.000000 0.000000 0.000000 0.000000 0.000000 0.000000 0.000000 0.000000 0.000000 0.000000 0.000000 0.000000 0.000000 0.000000 0.000000 0.000000 0.000000 0.000000 0.000000 0.000000 0.000000 0.000000 0.488712 0.672378 0.906804 1.117001 1.288553 1.192687 1.145991 1.009747 0.964356 1.032647 1.416827 1.668776 1.565627 1.387921 0.968909 0.832360 0.788223 0.352784 0.270304 0.245752 0.297838 0.425000 0.597974 1.018558 1.112443 1.051358 0.990669 0.736293 0.689288 0.861037 0.873964 0.758899 0.687176 0.710478 0.714225 0.674515 0.657248 0.640768 0.616321 0.568471 0.498522 0.000000 0.000000 0.000000 0.000000 0.000000 0.000000 0.410316 0.455726 0.697700 0.912387 1.124727 1.318837 1.178551 1.029403 0.868827 0.792660 0.719437 0.677560 0.629187 0.600458 0.688707 0.574493 0.485627 0.537989 0.440282 0.475507 0.000000 0.389631 0.420979 0.547110 0.460904 0.605327 0.639680 0.651070 0.751402 0.714657 0.665557 0.686863 0.655500 0.616375 0.670460 0.815242 0.897840 0.879707 0.757935 0.611722 0.453890 0.000000 0.000000 0.000000 0.418028 0.518288 0.598972 0.690923 0.614197 0.529232 0.450132 0.000000 0.000000 0.000000 0.400049 0.410318 0.433289 0.454315 0.558332 0.735248 0.747582 0.730770 0.614483 0.427150 0.000000 0.000000 0.000000 0.000000 0.506016 0.495489 0.462792 0.391834 0.000000 0.000000 0.000000 0.000000 0.000000 0.000000 0.000000 0.000000 0.000000 0.000000 0.000000 0.000000 0.000000 0.000000 0.000000 0.000000 0.000000 0.000000 0.000000 0.000000
0.000000 0.000000 0.000000 0.000000 0.000000 0.000000 0.000000 0.000000 0.000000 0.000000 0.000000 0.000000 0.000000 0.000000 0.000000 0.000000 0.000000 0.000000 0.000000 0.000000 0.000000 0.000000 0.000000 0.000000 0.000000 0.000000 0.000000 0.000000 0.000000 0.000000 0.000000 0.000000 0.000000 0.000000 0.000000 0.000000 0.000000 0.000000 0.000000 0.000000 0.000000 0.000000 0.000000 0.000000 0.000000 0.000000 0.000000 0.000000 0.000000 0.000000 0.000000 0.000000 0.000000 0.000000 0.000000 0.000000 0.000000 0.000000 0.000000 0.000000 0.000000 0.000000 0.000000 0.000000 0.000000 0.000000 0.000000 0.000000 0.000000 0.000000 0.000000 0.000000 0.000000 0.000000 0.000000 0.000000 0.000000 0.000000 0.000000 0.000000 0.000000 0.000000 0.000000 0.000000 0.000000 0.000000 0.000000 0.000000 0.000000 0.000000 0.000000 0.000000 0.000000 0.000000 0.000000 0.000000 0.000000 0.000000 0.000000 0.000000 0.000000 0.000000 0.000000 0.000000 0.000000 0.000000 0.000000 0.000000 0.000000 0.000000 0.000000 0.000000 0.000000 0.000000 0.000000 0.000000 0.000000 0.000000 0.000000 0.000000 0.000000 0.000000 0.000000 0.000000 0.000000 0.000000 0.000000 0.000000 0.000000 0.000000 0.000000 0.000000 0.000000 0.000000 0.000000 0.000000 0.000000 0.000000 0.000000 0.000000 0.552239 0.674546 0.874879 1.062743 1.251813 1.139922 1.099027 1.036845 1.065281 1.197692 1.338739 1.524571 1.598985 1.483864 1.061573 0.908027 0.826904 0.343192 0.256866 0.268883 0.314837 0.418992 0.580302 1.014486 1.197947 1.128231 0.993489 0.636313 0.614272 0.525683 0.462695 0.822542 0.722247 0.780178 0.702749 0.719617 0.692446 0.676121 0.641203 0.578857 0.492301 0.000000 0.000000 0.000000 0.000000 0.000000 0.420516 0.455173 0.492986 0.619339 0.891191 1.102874 1.311842 1.190229 1.103544 0.932058 0.838650 0.809683 0.724616 0.621326 0.577979 0.534254 1.075109 0.440937 0.515372 0.428174 0.000000 0.400759 0.450195 0.476873 0.566390 0.621794 0.660934 0.706889 0.741904 0.786781 0.773829 0.739830 0.694323 0.695500 0.657607 0.730981 0.837256 0.877584 0.871236 0.776420 0.618040 0.459895 0.000000 0.000000 0.000000 0.000000 0.517470 0.604968 0.618580 0.573988 0.546902 0.487247 0.000000 0.000000 0.434547 0.471354 0.484667 0.491254 0.506918 0.508331 0.622937 0.671817 0.637601 0.540193 0.000000 0.000000 0.000000 0.000000 0.000000 0.546554 0.573309 0.492967 0.395293 0.000000 0.000000 0.000000 0.000000 0.000000 0.000000 0.000000 0.000000 0.000000 0.000000 0.000000 0.000000 0.000000 0.000000 0.000000 0.000000 0.000000 0.000000 0.000000 0.000000 0.000000
0.000000 0.000000 0.000000 0.000000 0.000000 0.000000 0.000000 0.000000 0.000000 0.000000 0.000000 0.000000 0.000000 0.000000 0.000000 0.000000 0.000000 0.000000 0.000000 0.000000 0.000000 0.000000 0.000000 0.000000 0.000000 0.000000 0.000000 0.000000 0.000000 0.000000 0.000000 0.000000 0.000000 0.000000 0.000000 0.000000 0.000000 0.000000 0.000000 0.000000 0.000000 0.000000 0.000000 0.000000 0.000000 0.000000 0.000000 0.000000 0.000000 0.000000 0.000000 0.000000 0.000000 0.000000 0.000000 0.000000 0.000000 0.000000 0.000000 0.000000 0.000000 0.000000 0.000000 0.000000 0.000000 0.000000 0.000000 0.000000 0.000000 0.000000 0.000000 0.000000 0.000000 0.000000 0.000000 0.000000 0.000000 0.000000 0.000000 0.000000 0.000000 0.000000 0.000000 0.000000 0.000000 0.000000 0.000000 0.000000 0.000000 0.000000 0.000000 0.000000 0.000000 0.000000 0.000000 0.000000 0.000000 0.000000 0.000000 0.000000 0.000000 0.000000 0.000000 0.000000 0.000000 0.000000 0.000000 0.000000 0.000000 0.000000 0.000000 0.000000 0.000000 0.000000 0.000000 0.000000 0.000000 0.000000 0.000000 0.000000 0.000000 0.000000 0.000000 0.000000 0.000000 0.000000 0.000000 0.000000 0.000000 0.000000 0.000000 0.000000 0.000000 0.000000 0.000000 0.000000 0.000000 0.000000 0.469508 0.628431 0.712792 0.778724 0.991348 1.198879 1.093666 1.027346 0.994736 1.028764 1.204101 1.098270 1.216756 1.263946 1.158334 0.853668 0.932292 0.490184 0.307334 0.284019 0.315285 0.345422 0.441554 0.842017 0.985439 1.109422 1.158051 0.929225 0.501574 0.518725 0.488743 0.462060 0.674366 0.773531 0.639726 0.798886 0.723720 0.721840 0.692876 0.648342 0.569265 0.460300 0.000000 0.391943 0.395052 0.000000 0.413258 0.444567 0.497032 0.527241 0.625915 0.859305 1.066636 1.037738 1.197303 1.122406 0.967927 0.865027 0.793116 0.705821 0.621958 0.595094 0.916314 0.624912 0.386054 0.398846 0.426218 0.397936 0.456925 0.500454 0.644650 0.627107 0.684419 0.728395 0.767986 0.836888 0.842962 0.821095 0.775557 0.697376 0.631821 0.667226 0.756583 0.847109 0.864631 0.832980 0.756135 0.595028 0.430449 0.000000 0.000000 0.000000 0.000000 0.524919 0.632425 0.583975 0.560844 0.537266 0.492494 0.414863 0.448474 0.505655 0.537879 0.556412 0.565449 0.552647 0.631158 0.489678 0.572075 0.516376 0.000000 0.000000 0.000000 0.000000 0.000000 0.463972 0.553419 0.618542 0.542265 0.397564 0.000000 0.000000 0.000000 0.000000 0.000000 0.000000 0.000000 0.000000 0.000000 0.000000 0.000000 0.000000 0.000000 0.000000 0.000000 0.000000 0.000000 0.000000 0.000000 0.000000 0.000000 0.000000
0.000000 0.000000 0.000000 0.000000 0.000000 0.000000 0.000000 0.000000 0.000000 0.000000 0.000000 0.000000 0.000000 0.000000 0.000000 0.000000 0.000000 0.000000 0.000000 0.000000 0.000000 0.000000 0.000000 0.000000 0.000000 0.000000 0.000000 0.000000 0.000000 0.000000 0.000000 0.000000 0.000000 0.000000 0.000000 0.000000 0.000000 0.000000 0.000000 0.000000 0.000000 0.000000 0.000000 0.000000 0.000000 0.000000 0.000000 0.000000 0.000000 0.000000 0.000000 0.000000 0.000000 0.000000 0.000000 0.000000 0.000000 0.000000 0.000000 0.000000 0.000000 0.000000 0.000000 0.000000 0.000000 0.000000 0.000000 0.000000 0.000000 0.000000 0.000000 0.000000 0.000000 0.000000 0.000000 0.000000 0.000000 0.000000 0.000000 0.000000 0.000000 0.000000 0.000000 0.000000 0.000000 0.000000 0.000000 0.000000 0.000000 0.000000 0.000000 0.000000 0.000000 0.000000 0.000000 0.000000 0.000000 0.000000 0.000000 0.000000 0.000000 0.000000 0.000000 0.000000 0.000000 0.000000 0.000000 0.000000 0.000000 0.000000 0.000000 0.000000 0.000000 0.000000 0.000000 0.000000 0.000000 0.000000 0.000000 0.000000 0.000000 0.000000 0.000000 0.000000 0.000000 0.000000 0.000000 0.000000 0.000000 0.000000 0.000000 0.000000 0.000000 0.000000 0.000000 0.000000 0.000000 0.519251 0.697398 0.757913 0.745495 0.901936 0.934028 1.030044 0.991943 0.969957 1.012614 1.144259 1.015359 1.084630 1.111673 1.034734 0.693490 0.497713 0.447482 0.357416 0.353824 0.360948 0.369438 0.446589 0.570847 0.980007 1.041391 0.963329 0.507955 0.420372 0.544089 0.555593 0.537338 0.735019 0.853584 0.881003 0.836735 0.803479 0.728214 0.705237 0.626636 0.533334 0.000000 0.403968 0.435136 0.555783 0.572101 0.423102 0.479750 0.528673 0.561625 0.684144 0.849997 1.021827 1.134557 1.166047 1.097473 0.981511 0.858101 0.894230 0.771984 0.260056 0.562986 0.518353 0.472338 0.519268 0.000000 0.420900 0.422527 0.501732 0.546623 0.596425 0.693203 0.749359 0.793642 0.840781 0.883007 0.890955 0.858266 0.808334 0.761259 0.559735 0.764300 0.786997 0.843508 0.887158 0.842824 0.720286 0.603940 0.408998 0.416510 0.406749 0.381925 0.410285 0.403757 0.708544 0.618735 0.602825 0.581574 0.567979 0.545694 0.585877 0.582420 0.620294 0.667849 0.673735 0.640007 0.533170 0.467169 0.421736 0.404969 0.000000 0.000000 0.000000 0.000000 0.359115 0.000000 0.563578 0.592680 0.557082 0.411444 0.000000 0.000000 0.000000 0.000000 0.000000 0.000000 0.000000 0.000000 0.000000 0.000000 0.000000 0.000000 0.000000 0.000000 0.000000 0.000000 0.000000 0.000000 0.000000 0.000000 0.000000 0.000000 0.000000
0.000000 0.000000 0.000000 0.000000 0.000000 0.000000 0.000000 0.000000 0.000000 0.000000 0.000000 0.000000 0.000000 0.000000 0.000000 0.000000 0.000000 0.000000 0.000000 0.000000 0.000000 0.000000 0.000000 0.000000 0.000000 0.000000 0.000000 0.000000 0.000000 0.000000 0.000000 0.000000 0.000000 0.000000 0.000000 0.000000 0.000000 0.000000 0.000000 0.000000 0.000000 0.000000 0.000000 0.000000 0.000000 0.000000 0.000000 0.000000 0.000000 0.000000 0.000000 0.000000 0.000000 0.000000 0.000000 0.000000 0.000000 0.000000 0.000000 0.000000 0.000000 0.000000 0.000000 0.000000 0.000000 0.000000 0.000000 0.000000 0.000000 0.000000 0.000000 0.000000 0.000000 0.000000 0.000000 0.000000 0.000000 0.000000 0.000000 0.000000 0.000000 0.000000 0.000000 0.000000 0.000000 0.000000 0.000000 0.000000 0.000000 0.000000 0.000000 0.000000 0.000000 0.000000 0.000000 0.000000 0.000000 0.000000 0.000000 0.000000 0.000000 0.000000 0.000000 0.000000 0.000000 0.000000 0.000000 0.000000 0.000000 0.000000 0.000000 0.000000 0.000000 0.000000 0.000000 0.000000 0.000000 0.000000 0.000000 0.000000 0.000000 0.000000 0.000000 0.000000 0.000000 0.000000 0.000000 0.000000 0.000000 0.000000 0.000000 0.000000 0.000000 0.000000 0.000000 0.000000 0.568814 0.745667 0.811846 0.794592 0.835389 0.841776 0.987490 0.985567 1.057974 1.063784 0.749540 0.759545 0.896458 0.987117 0.908790 0.611816 0.532707 0.531592 0.438525 0.380669 0.332435 0.354911 0.467455 0.591202 0.957637 0.986168 0.907786 0.784548 0.857484 0.699628 0.979478 0.906259 0.980163 0.951489 0.871542 0.872244 0.752602 0.754507 0.679072 0.575333 0.459599 0.395683 0.435971 0.458540 0.452619 0.417948 0.457158 0.514316 0.561435 0.594841 0.739588 0.935706 0.990654 1.077329 1.113343 0.912600 0.952638 0.713146 0.900012 0.788693 0.728787 0.605562 0.607296 0.567877 0.546293 0.491751 0.411017 0.494695 0.566904 0.645511 0.673170 0.747907 0.808875 0.847462 0.893093 0.924617 0.899279 0.838016 0.756012 0.662230 0.638476 0.644270 0.759422 0.808325 0.817133 0.804656 0.742737 0.598382 0.496756 0.511734 0.490402 0.449468 0.483884 0.464495 0.547382 0.691222 0.646794 0.621746 0.602245 0.648052 0.666896 0.669652 0.716696 0.727274 0.713791 0.669471 0.595141 0.448792 0.449424 0.000000 0.000000 0.000000 0.000000 0.000000 0.000000 0.000000 0.463384 0.532961 0.480304 0.000000 0.000000 0.000000 0.000000 0.000000 0.000000 0.000000 0.000000 0.000000 0.000000 0.000000 0.000000 0.000000 0.000000 0.000000 0.000000 0.000000 0.000000 0.000000 0.000000 0.000000 0.000000 0.000000 0.000000 0.000000
0.000000 0.000000 0.000000 0.000000 0.000000 0.000000 0.000000 0.000000 0.000000 0.000000 0.000000 0.000000 0.000000 0.000000 0.000000 0.000000 0.000000 0.000000 0.000000 0.000000 0.000000 0.000000 0.000000 0.000000 0.000000 0.000000 0.000000 0.000000 0.000000 0.000000 0.000000 0.000000 0.000000 0.000000 0.000000 0.000000 0.000000 0.000000 0.000000 0.000000 0.000000 0.000000 0.000000 0.000000 0.000000 0.000000 0.000000 0.000000 0.000000 0.000000 0.000000 0.000000 0.000000 0.000000 0.000000 0.000000 0.000000 0.000000 0.000000 0.000000 0.000000 0.000000 0.000000 0.000000 0.000000 0.000000 0.000000 0.000000 0.000000 0.000000 0.000000 0.000000 0.000000 0.000000 0.000000 0.000000 0.000000 0.000000 0.000000 0.000000 0.000000 0.000000 0.000000 0.000000 0.000000 0.000000 0.000000 0.000000 0.000000 0.000000 0.000000 0.000000 0.000000 0.000000 0.000000 0.000000 0.000000 0.000000 0.000000 0.000000 0.000000 0.000000 0.000000 0.000000 0.000000 0.000000 0.000000 0.000000 0.000000 0.000000 0.000000 0.000000 0.000000 0.000000 0.000000 0.000000 0.000000 0.000000 0.000000 0.000000 0.000000 0.000000 0.000000 0.000000 0.000000 0.000000 0.000000 0.000000 0.000000 0.000000 0.000000 0.000000 0.000000 0.000000 0.000000 0.593859 0.774161 0.857859 0.857095 0.893337 0.757501 0.923196 1.015352 1.070371 1.155748 0.722549 0.570535 0.726333 0.896942 0.763060 0.555883 0.577086 0.591839 0.505292 0.322310 0.291742 0.375689 0.481598 0.549106 0.831078 0.891623 0.490789 0.433432 0.745695 1.120203 1.282038 1.190039 1.088237 1.000984 0.892256 0.845215 0.599969 0.743868 0.674182 0.575015 0.000000 0.421429 0.460129 0.485002 0.473231 0.426826 0.487307 0.544004 0.595739 0.628168 0.782385 0.954345 0.974667 1.019902 1.052819 1.031800 0.792368 0.849326 0.938722 0.877314 0.604960 0.538562 0.648699 0.682472 0.653288 0.551926 0.502304 0.597534 0.663100 0.700198 0.729171 0.807860 0.853786 0.891893 0.922474 0.909971 0.857797 0.786075 0.692944 0.612176 0.568516 0.662858 0.704560 0.708474 0.811074 0.751383 0.708046 0.568211 0.561586 0.615901 0.584696 0.516456 0.539722 0.606265 0.472958 0.590006 0.582378 0.650240 0.641753 0.709540 0.645723 0.705834 0.736486 0.739380 0.712782 0.676801 0.598070 0.432902 0.000000 0.426682 0.508154 0.408774 0.000000 0.000000 0.000000 0.000000 0.429142 0.420930 0.000000 0.000000 0.000000 0.000000 0.000000 0.000000 0.000000 0.000000 0.000000 0.000000 0.000000 0.000000 0.000000 0.000000 0.000000 0.000000 0.000000 0.000000 0.000000 0.000000 0.000000 0.000000 0.000000 0.000000 0.000000 0.000000 0.000000
0.000000 0.000000 0.000000 0.000000 0.000000 0.000000 0.000000 0.000000 0.000000 0.000000 0.000000 0.000000 0.000000 0.000000 0.000000 0.000000 0.000000 0.000000 0.000000 0.000000 0.000000 0.000000 0.000000 0.000000 0.000000 0.000000 0.000000 0.000000 0.000000 0.000000 0.000000 0.000000 0.000000 0.000000 0.000000 0.000000 0.000000 0.000000 0.000000 0.000000 0.000000 0.000000 0.000000 0.000000 0.000000 0.000000 0.000000 0.000000 0.000000 0.000000 0.000000 0.000000 0.000000 0.000000 0.000000 0.000000 0.000000 0.000000 0.000000 0.000000 0.000000 0.000000 0.000000 0.000000 0.000000 0.000000 0.000000 0.000000 0.000000 0.000000 0.000000 0.000000 0.000000 0.000000 0.000000 0.000000 0.000000 0.000000 0.000000 0.000000 0.000000 0.000000 0.000000 0.000000 0.000000 0.000000 0.000000 0.000000 0.000000 0.000000 0.000000 0.000000 0.000000 0.000000 0.000000 0.000000 0.000000 0.000000 0.000000 0.000000 0.000000 0.000000 0.000000 0.000000 0.000000 0.000000 0.000000 0.000000 0.000000 0.000000 0.000000 0.000000 0.000000 0.000000 0.000000 0.000000 0.000000 0.000000 0.000000 0.000000 0.000000 0.000000 0.000000 0.000000 0.000000 0.000000 0.000000 0.000000 0.000000 0.000000 0.000000 0.000000 0.000000 0.000000 0.632094 0.766501 0.873850 0.894885 0.944945 0.795938 0.857554 0.970751 1.058409 1.200284 0.681213 0.449702 0.594669 0.808334 0.718123 0.576211 0.541470 0.540082 0.444130 0.215263 0.233277 0.276571 0.330076 0.383232 0.423455 0.478809 0.532182 0.518802 0.587946 0.933292 1.353742 1.278105 1.170105 1.026280 0.903569 0.798265 0.750299 0.737342 0.651775 0.451561 0.384676 0.444936 0.479829 0.497504 0.485756 0.627830 0.522790 0.581014 0.637867 0.671257 0.822222 0.962612 1.042182 0.962718 0.983145 0.988134 0.921655 0.845022 0.911195 0.833113 0.615910 0.608611 0.595761 0.766944 0.721850 0.644656 0.649417 0.702531 0.737273 0.718422 0.622075 0.824555 0.887472 0.918163 0.913676 0.868301 0.799852 0.707545 0.662388 0.624835 0.573787 0.605323 0.604194 0.658229 0.619877 0.704359 0.634224 0.632853 0.548796 0.643950 0.642013 0.604816 0.573340 0.606248 0.594897 0.578041 0.541780 0.648787 0.650261 0.684068 0.725732 0.724067 0.731666 0.727228 0.697985 0.645970 0.568137 0.458679 0.669762 0.519921 0.516560 0.484039 0.457809 0.425177 0.000000 0.000000 0.403524 0.000000 0.000000 0.000000 0.000000 0.000000 0.000000 0.000000 0.000000 0.000000 0.000000 0.000000 0.000000 0.000000 0.000000 0.000000 0.000000 0.000000 0.000000 0.000000 0.000000 0.000000 0.000000 0.000000 0.000000 0.000000 0.000000 0.000000 0.000000 0.000000
0.000000 0.000000 0.000000 0.000000 0.000000 0.000000 0.000000 0.000000 0.000000 0.000000 0.000000 0.000000 0.000000 0.000000 0.000000 0.000000 0.000000 0.000000 0.000000 0.000000 0.000000 0.000000 0.000000 0.000000 0.000000 0.000000 0.000000 0.000000 0.000000 0.000000 0.000000 0.000000 0.000000 0.000000 0.000000 0.000000 0.000000 0.000000 0.000000 0.000000 0.000000 0.000000 0.000000 0.000000 0.000000 0.000000 0.000000 0.000000 0.000000 0.000000 0.000000 0.000000 0.000000 0.000000 0.000000 0.000000 0.000000 0.000000 0.000000 0.000000 0.000000 0.000000 0.000000 0.000000 0.000000 0.000000 0.000000 0.000000 0.000000 0.000000 0.000000 0.000000 0.000000 0.000000 0.000000 0.000000 0.000000 0.000000 0.000000 0.000000 0.000000 0.000000 0.000000 0.000000 0.000000 0.000000 0.000000 0.000000 0.000000 0.000000 0.000000 0.000000 0.000000 0.000000 0.000000 0.000000 0.000000 0.000000 0.000000 0.000000 0.000000 0.000000 0.000000 0.000000 0.000000 0.000000 0.000000 0.000000 0.000000 0.000000 0.000000 0.000000 0.000000 0.000000 0.000000 0.000000 0.000000 0.000000 0.000000 0.000000 0.000000 0.000000 0.000000 0.000000 0.000000 0.000000 0.000000 0.000000 0.000000 0.000000 0.000000 0.000000 0.000000 0.574648 0.740620 0.853020 0.895219 0.815966 0.854846 0.873743 0.919333 1.031611 0.816287 0.790581 0.499241 0.606923 0.788250 0.742618 0.648545 0.620296 0.541070 0.478848 0.353014 0.338525 0.289887 0.346149 0.393679 0.473678 0.569314 0.566844 0.585660 0.608331 0.854048 1.474555 1.368128 1.223845 1.079492 0.914532 0.659460 0.625594 0.683946 0.633446 0.469778 0.488860 0.451257 0.483390 0.493848 0.465225 0.511633 0.570209 0.625931 0.685426 0.741413 0.779378 0.871031 0.999632 0.973940 0.861366 0.895751 0.901784 0.927343 0.680600 0.848443 0.658233 0.683348 0.685690 0.650231 0.779844 0.685764 0.679645 0.745756 0.769081 0.602180 0.637620 0.908079 0.938522 0.916366 0.856377 0.829896 0.751814 0.686564 0.623564 0.595919 0.484792 0.476582 0.579103 0.615512 0.667747 0.609817 0.563616 0.537336 0.465238 0.580749 0.642529 0.647723 0.597613 0.584574 0.601990 0.565727 0.456374 0.533328 0.616876 0.727959 0.742885 0.745484 0.745694 0.720133 0.668605 0.606062 0.467656 0.677138 0.588022 0.623300 0.603308 0.567437 0.523469 0.483139 0.434757 0.000000 0.000000 0.000000 0.000000 0.000000 0.000000 0.000000 0.000000 0.000000 0.000000 0.000000 0.000000 0.000000 0.000000 0.000000 0.000000 0.000000 0.000000 0.000000 0.000000 0.000000 0.000000 0.000000 0.000000 0.000000 0.000000 0.000000 0.000000 0.000000 0.000000 0.000000 0.000000
0.000000 0.000000 0.000000 0.000000 0.000000 0.000000 0.000000 0.000000 0.000000 0.000000 0.000000 0.000000 0.000000 0.000000 0.000000 0.000000 0.000000 0.000000 0.000000 0.000000 0.000000 0.000000 0.000000 0.000000 0.000000 0.000000 0.000000 0.000000 0.000000 0.000000 0.000000 0.000000 0.000000 0.000000 0.000000 0.000000 0.000000 0.000000 0.000000 0.000000 0.000000 0.000000 0.000000 0.000000 0.000000 0.000000 0.000000 0.000000 0.000000 0.000000 0.000000 0.000000 0.000000 0.000000 0.000000 0.000000 0.000000 0.000000 0.000000 0.000000 0.000000 0.000000 0.000000 0.000000 0.000000 0.000000 0.000000 0.000000 0.000000 0.000000 0.000000 0.000000 0.000000 0.000000 0.000000 0.000000 0.000000 0.000000 0.000000 0.000000 0.000000 0.000000 0.000000 0.000000 0.000000 0.000000 0.000000 0.000000 0.000000 0.000000 0.000000 0.000000 0.000000 0.000000 0.000000 0.000000 0.000000 0.000000 0.000000 0.000000 0.000000 0.000000 0.000000 0.000000 0.000000 0.000000 0.000000 0.000000 0.000000 0.000000 0.000000 0.000000 0.000000 0.000000 0.000000 0.000000 0.000000 0.000000 0.000000 0.000000 0.000000 0.000000 0.000000 0.000000 0.000000 0.000000 0.000000 0.000000 0.000000 0.000000 0.000000 0.000000 0.618150 0.697642 0.804739 0.861744 0.917682 0.887781 0.926075 0.936760 1.003863 0.744598 0.705880 0.488514 0.518761 0.708376 0.709725 0.637367 0.672211 0.617796 0.429658 0.380399 0.471898 0.493767 0.518821 0.617893 0.988897 1.035833 1.023877 1.021612 1.050757 1.212675 1.514305 1.476251 1.325779 1.136043 0.930742 0.659414 0.627010 0.680551 0.615355 0.493334 0.506428 0.443273 0.466017 0.456243 0.506961 0.582246 0.634052 0.678079 0.707858 0.723424 0.801193 0.855817 0.861029 0.893286 0.800659 0.732777 0.817017 0.876010 0.881758 0.875736 0.726064 0.769826 0.799521 0.749907 0.785268 0.727985 0.684422 0.708083 0.695002 0.730935 0.845415 0.978997 0.977370 0.912328 0.825751 0.737306 0.694290 0.678848 0.581246 0.552503 0.543626 0.537232 0.683414 0.747182 0.740500 0.680726 0.658466 0.560454 0.575553 0.599242 0.628527 0.635032 0.591025 0.621738 0.592603 0.505346 0.460628 0.455014 0.498020 0.706058 0.756782 0.754562 0.756600 0.730442 0.659707 0.573241 0.511160 0.613283 0.667841 0.679683 0.659555 0.629417 0.570137 0.518777 0.466781 0.398662 0.000000 0.000000 0.000000 0.000000 0.000000 0.000000 0.000000 0.000000 0.000000 0.000000 0.000000 0.000000 0.000000 0.000000 0.000000 0.000000 0.000000 0.000000 0.000000 0.000000 0.000000 0.000000 0.000000 0.000000 0.000000 0.000000 0.000000 0.000000 0.000000 0.000000 0.000000 0.000000
0.000000 0.000000 0.000000 0.000000 0.000000 0.000000 0.000000 0.000000 0.000000 0.000000 0.000000 0.000000 0.000000 0.000000 0.000000 0.000000 0.000000 0.000000 0.000000 0.000000 0.000000 0.000000 0.000000 0.000000 0.000000 0.000000 0.000000 0.000000 0.000000 0.000000 0.000000 0.000000 0.000000 0.000000 0.000000 0.000000 0.000000 0.000000 0.000000 0.000000 0.000000 0.000000 0.000000 0.000000 0.000000 0.000000 0.000000 0.000000 0.000000 0.000000 0.000000 0.000000 0.000000 0.000000 0.000000 0.000000 0.000000 0.000000 0.000000 0.000000 0.000000 0.000000 0.000000 0.000000 0.000000 0.000000 0.000000 0.000000 0.000000 0.000000 0.000000 0.000000 0.000000 0.000000 0.000000 0.000000 0.000000 0.000000 0.000000 0.000000 0.000000 0.000000 0.000000 0.000000 0.000000 0.000000 0.000000 0.000000 0.000000 0.000000 0.000000 0.000000 0.000000 0.000000 0.000000 0.000000 0.000000 0.000000 0.000000 0.000000 0.000000 0.000000 0.000000 0.000000 0.000000 0.000000 0.000000 0.000000 0.000000 0.000000 0.000000 0.000000 0.000000 0.000000 0.000000 0.000000 0.000000 0.000000 0.000000 0.000000 0.000000 0.000000 0.000000 0.000000 0.000000 0.000000 0.000000 0.000000 0.000000 0.000000 0.000000 0.528845 0.669203 0.713736 0.634492 0.777277 0.985232 0.957482 0.971519 1.066131 0.769805 0.613943 0.516545 0.393476 0.653178 0.687323 0.651107 0.674908 0.710171 0.527672 0.492905 0.554103 0.603901 0.679999 0.786577 1.163589 1.213907 1.243090 1.179815 1.207609 1.286444 1.509707 1.471081 1.322825 1.116886 0.939682 0.652267 0.587697 0.661430 0.553867 0.499519 0.514859 0.421960 0.510061 0.585565 0.650206 0.694279 0.726767 0.746121 0.765148 0.734876 0.785823 0.822106 0.798652 0.732615 0.689529 0.594091 0.731943 0.953467 0.944677 0.943942 0.800725 0.849651 0.868416 0.860579 0.882743 0.761082 0.684783 0.671631 0.701594 0.702511 0.855951 1.000201 1.013489 0.925482 0.649260 0.545290 0.652135 0.623713 0.658728 0.640921 0.657224 0.754714 0.840875 0.862459 0.803720 0.694467 0.697935 0.717025 0.660359 0.711732 0.715124 0.662889 0.633333 0.642196 0.598305 0.477267 0.485702 0.479101 0.566396 0.635167 0.757224 0.773456 0.745304 0.721536 0.661217 0.560137 0.592530 0.679207 0.745757 0.769361 0.730648 0.672387 0.619462 0.543202 0.478037 0.409264 0.377026 0.000000 0.000000 0.000000 0.000000 0.000000 0.000000 0.000000 0.000000 0.000000 0.000000 0.000000 0.000000 0.000000 0.000000 0.000000 0.000000 0.000000 0.000000 0.000000 0.000000 0.000000 0.000000 0.000000 0.000000 0.000000 0.000000 0.000000 0.000000 0.000000 0.000000 0.000000 0.000000
0.000000 0.000000 0.000000 0.000000 0.000000 0.000000 0.000000 0.000000 0.000000 0.000000 0.000000 0.000000 0.000000 0.000000 0.000000 0.000000 0.000000 0.000000 0.000000 0.000000 0.000000 0.000000 0.000000 0.000000 0.000000 0.000000 0.000000 0.000000 0.000000 0.000000 0.000000 0.000000 0.000000 0.000000 0.000000 0.000000 0.000000 0.000000 0.000000 0.000000 0.000000 0.000000 0.000000 0.000000 0.000000 0.000000 0.000000 0.000000 0.000000 0.000000 0.000000 0.000000 0.000000 0.000000 0.000000 0.000000 0.000000 0.000000 0.000000 0.000000 0.000000 0.000000 0.000000 0.000000 0.000000 0.000000 0.000000 0.000000 0.000000 0.000000 0.000000 0.000000 0.000000 0.000000 0.000000 0.000000 0.000000 0.000000 0.000000 0.000000 0.000000 0.000000 0.000000 0.000000 0.000000 0.000000 0.000000 0.000000 0.000000 0.000000 0.000000 0.000000 0.000000 0.000000 0.000000 0.000000 0.000000 0.000000 0.000000 0.000000 0.000000 0.000000 0.000000 0.000000 0.000000 0.000000 0.000000 0.000000 0.000000 0.000000 0.000000 0.000000 0.000000 0.000000 0.000000 0.000000 0.000000 0.000000 0.000000 0.000000 0.000000 0.000000 0.000000 0.000000 0.000000 0.000000 0.000000 0.000000 0.000000 0.456294 0.494586 0.646111 0.731405 0.594992 0.709532 0.857787 0.944195 0.968940 1.106631 1.197397 0.598317 0.353941 0.261827 0.565972 0.681273 0.716548 0.728862 0.748417 0.719734 0.650208 0.655726 0.738234 0.889126 1.027744 1.109306 1.409882 1.428318 1.397566 1.514034 1.498399 1.506864 1.415990 1.276684 1.118021 0.929928 0.751209 0.720861 0.668371 0.611252 0.499498 0.447805 0.505167 0.592722 0.675222 0.740607 0.778354 0.790335 0.802949 0.803242 0.730209 0.759952 0.769425 0.730702 0.642299 0.570900 0.556356 0.647433 0.883570 0.991938 1.024843 1.021595 0.892312 0.919095 0.888229 0.909191 0.727375 0.618079 0.564376 0.751195 0.739866 0.803950 0.962978 1.054440 0.805751 0.882810 0.782637 0.659265 0.632978 0.673371 0.727236 0.781017 0.796283 0.894517 0.878515 0.809031 0.698864 0.739765 0.773407 0.742896 0.730614 0.710902 0.658620 0.614726 0.554329 0.545389 0.470951 0.491588 0.527057 0.591029 0.625831 0.722064 0.765444 0.736992 0.683130 0.634615 0.562645 0.687742 0.766077 0.815645 0.830947 0.814784 0.716239 0.627099 0.566610 0.483582 0.397014 0.000000 0.000000 0.000000 0.000000 0.000000 0.000000 0.000000 0.000000 0.000000 0.000000 0.000000 0.000000 0.000000 0.000000 0.000000 0.000000 0.000000 0.000000 0.000000 0.000000 0.000000 0.000000 0.000000 0.000000 0.000000 0.000000 0.000000 0.000000 0.000000 0.000000 0.000000 0.000000 0.000000 0.000000
0.000000 0.000000 0.000000 0.000000 0.000000 0.000000 0.000000 0.000000 0.000000 0.000000 0.000000 0.000000 0.000000 0.000000 0.000000 0.000000 0.000000 0.000000 0.000000 0.000000 0.000000 0.000000 0.000000 0.000000 0.000000 0.000000 0.000000 0.000000 0.000000 0.000000 0.000000 0.000000 0.000000 0.000000 0.000000 0.000000 0.000000 0.000000 0.000000 0.000000 0.000000 0.000000 0.000000 0.000000 0.000000 0.000000 0.000000 0.000000 0.000000 0.000000 0.000000 0.000000 0.000000 0.000000 0.000000 0.000000 0.000000 0.000000 0.000000 0.000000 0.000000 0.000000 0.000000 0.000000 0.000000 0.000000 0.000000 0.000000 0.000000 0.000000 0.000000 0.000000 0.000000 0.000000 0.000000 0.000000 0.000000 0.000000 0.000000 0.000000 0.000000 0.000000 0.000000 0.000000 0.000000 0.000000 0.000000 0.000000 0.000000 0.000000 0.000000 0.000000 0.000000 0.000000 0.000000 0.000000 0.000000 0.000000 0.000000 0.000000 0.000000 0.000000 0.000000 0.000000 0.000000 0.000000 0.000000 0.000000 0.000000 0.000000 0.000000 0.000000 0.000000 0.000000 0.000000 0.000000 0.000000 0.000000 0.000000 0.000000 0.000000 0.000000 0.000000 0.000000 0.000000 0.000000 0.000000 0.000000 0.512627 0.567140 0.638562 0.713849 0.572527 0.669249 0.827111 0.938805 1.002999 1.101149 0.769615 0.558379 0.412286 0.218253 0.464308 0.690596 0.790893 0.866449 0.888116 0.809907 0.838878 0.770695 0.770614 0.886655 1.094223 1.237793 1.335948 1.571296 1.532804 1.596785 1.515161 1.448393 1.323665 1.161951 0.859543 1.014040 0.843123 0.854909 0.641139 0.551584 0.492822 0.520228 0.492556 0.635727 0.728114 0.798249 0.843613 0.850169 0.840960 0.825045 0.796941 0.722943 0.717389 0.669404 0.590698 0.555863 0.643987 0.684699 0.817823 1.042090 1.089489 1.071018 1.097377 0.905364 0.851205 0.902632 0.744877 0.650222 0.602804 0.680162 0.715804 0.733287 0.908137 1.062149 1.060895 0.952875 0.876918 0.784025 0.713134 0.710984 0.738965 0.776136 0.806198 0.885859 0.847895 0.748263 0.667937 0.751895 0.794353 0.758692 0.690140 0.651283 0.615804 0.518627 0.452961 0.423218 0.527763 0.497622 0.582538 0.627500 0.649545 0.654348 0.695516 0.692171 0.648369 0.613521 0.644175 0.770241 0.845191 0.886695 0.901610 0.842497 0.770588 0.646245 0.563866 0.467824 0.000000 0.000000 0.000000 0.000000 0.000000 0.000000 0.000000 0.000000 0.000000 0.000000 0.000000 0.000000 0.000000 0.000000 0.000000 0.000000 0.000000 0.000000 0.000000 0.000000 0.000000 0.000000 0.000000 0.000000 0.000000 0.000000 0.000000 0.000000 0.000000 0.000000 0.000000 0.000000 0.000000 0.000000 0.000000 0.000000
0.000000 0.000000 0.000000 0.000000 0.000000 0.000000 0.000000 0.000000 0.000000 0.000000 0.000000 0.000000 0.000000 0.000000 0.000000 0.000000 0.000000 0.000000 0.000000 0.000000 0.000000 0.000000 0.000000 0.000000 0.000000 0.000000 0.000000 0.000000 0.000000 0.000000 0.000000 0.000000 0.000000 0.000000 0.000000 0.000000 0.000000 0.000000 0.000000 0.000000 0.000000 0.000000 0.000000 0.000000 0.000000 0.000000 0.000000 0.000000 0.000000 0.000000 0.000000 0.000000 0.000000 0.000000 0.000000 0.000000 0.000000 0.000000 0.000000 0.000000 0.000000 0.000000 0.000000 0.000000 0.000000 0.000000 0.000000 0.000000 0.000000 0.000000 0.000000 0.000000 0.000000 0.000000 0.000000 0.000000 0.000000 0.000000 0.000000 0.000000 0.000000 0.000000 0.000000 0.000000 0.000000 0.000000 0.000000 0.000000 0.000000 0.000000 0.000000 0.000000 0.000000 0.000000 0.000000 0.000000 0.000000 0.000000 0.000000 0.000000 0.000000 0.000000 0.000000 0.000000 0.000000 0.000000 0.000000 0.000000 0.000000 0.000000 0.000000 0.000000 0.000000 0.000000 0.000000 0.000000 0.000000 0.000000 0.000000 0.000000 0.000000 0.000000 0.000000 0.000000 0.000000 0.000000 0.000000 0.567446 0.644090 0.687011 0.719600 0.576755 0.690679 0.862810 0.648106 0.688011 1.084176 0.703851 0.482147 0.423381 0.279082 0.395465 0.633774 0.807218 0.893594 0.949129 0.962371 0.973847 0.943374 0.923611 0.959941 1.052964 1.183187 1.300331 1.539253 1.597883 1.496748 1.402178 1.333807 1.168091 1.023025 0.906121 0.784773 0.962374 0.860696 0.692933 0.596549 0.556761 0.526018 0.516108 0.657748 0.751144 0.822029 0.865593 0.890681 0.883700 0.851751 0.809534 0.700348 0.672043 0.666816 0.655778 0.636817 0.673492 0.742971 0.819740 0.879193 1.052076 1.119193 1.097202 0.903674 0.826839 0.726678 0.817941 0.678650 0.609931 0.686141 0.674478 0.720931 0.864860 1.143457 1.101588 0.999008 0.963911 0.849104 0.770877 0.741117 0.734564 0.758006 0.780746 0.838514 0.797066 0.682337 0.650503 0.746022 0.777054 0.748296 0.655977 0.570352 0.432991 0.457552 0.466370 0.468618 0.483035 0.576747 0.633675 0.660705 0.660895 0.639596 0.603783 0.588514 0.572629 0.556911 0.730671 0.847522 0.924457 0.949011 0.940535 0.866236 0.772772 0.679611 0.523857 0.414755 0.000000 0.000000 0.000000 0.000000 0.000000 0.000000 0.000000 0.000000 0.000000 0.000000 0.000000 0.000000 0.000000 0.000000 0.000000 0.000000 0.000000 0.000000 0.000000 0.000000 0.000000 0.000000 0.000000 0.000000 0.000000 0.000000 0.000000 0.000000 0.000000 0.000000 0.000000 0.000000 0.000000 0.000000 0.000000 0.000000 0.000000
0.000000 0.000000 0.000000 0.000000 0.000000 0.000000 0.000000 0.000000 0.000000 0.000000 0.000000 0.000000 0.000000 0.000000 0.000000 0.000000 0.000000 0.000000 0.000000 0.000000 0.000000 0.000000 0.000000 0.000000 0.000000 0.000000 0.000000 0.000000 0.000000 0.000000 0.000000 0.000000 0.000000 0.000000 0.000000 0.000000 0.000000 0.000000 0.000000 0.000000 0.000000 0.000000 0.000000 0.000000 0.000000 0.000000 0.000000 0.000000 0.000000 0.000000 0.000000 0.000000 0.000000 0.000000 0.000000 0.000000 0.000000 0.000000 0.000000 0.000000 0.000000 0.000000 0.000000 0.000000 0.000000 0.000000 0.000000 0.000000 0.000000 0.000000 0.000000 0.000000 0.000000 0.000000 0.000000 0.000000 0.000000 0.000000 0.000000 0.000000 0.000000 0.000000 0.000000 0.000000 0.000000 0.000000 0.000000 0.000000 0.000000 0.000000 0.000000 0.000000 0.000000 0.000000 0.000000 0.000000 0.000000 0.000000 0.000000 0.000000 0.000000 0.000000 0.000000 0.000000 0.000000 0.000000 0.000000 0.000000 0.000000 0.000000 0.000000 0.000000 0.000000 0.000000 0.000000 0.000000 0.000000 0.000000 0.000000 0.000000 0.000000 0.000000 0.000000 0.000000 0.000000 0.000000 0.625183 0.741300 0.773847 0.786463 0.799971 0.857799 1.053666 0.693022 1.069604 0.721275 0.566714 0.389778 0.404406 0.401576 0.442959 0.618588 0.783223 0.884890 0.910986 0.915856 0.968230 1.058165 1.118329 1.155992 1.200662 1.178170 1.400985 1.307531 1.370878 1.296195 1.285504 1.220392 1.047709 0.927136 0.831931 0.801374 0.978166 0.828723 0.708611 0.636030 0.595615 0.572992 0.603379 0.654845 0.754033 0.826729 0.878216 0.908183 0.922484 0.898420 0.837587 0.762020 0.703629 0.655291 0.692613 0.720730 0.718739 0.611052 0.818415 0.850458 0.804121 1.100378 1.099138 0.874515 0.822950 0.735173 0.866177 0.732511 0.675014 0.640200 0.696688 0.729162 0.760190 0.988645 1.228238 1.045040 0.948437 0.990133 0.805820 0.760527 0.748426 0.753041 0.761413 0.752184 0.771193 0.662194 0.623110 0.749080 0.780828 0.744937 0.649749 0.599618 0.550076 0.512972 0.522853 0.530867 0.606540 0.663616 0.686492 0.682970 0.657793 0.615176 0.553692 0.472541 0.000000 0.654326 0.812147 0.921832 1.010825 1.039940 0.971021 0.886144 0.764886 0.636409 0.514871 0.000000 0.000000 0.000000 0.000000 0.000000 0.000000 0.000000 0.000000 0.000000 0.000000 0.000000 0.000000 0.000000 0.000000 0.000000 0.000000 0.000000 0.000000 0.000000 0.000000 0.000000 0.000000 0.000000 0.000000 0.416659 0.419145 0.406996 0.000000 0.000000 0.000000 0.000000 0.000000 0.000000 0.000000 0.000000 0.000000 0.000000 0.000000 0.000000
0.000000 0.000000 0.000000 0.000000 0.000000 0.000000 0.000000 0.000000 0.000000 0.000000 0.000000 0.000000 0.000000 0.000000 0.000000 0.000000 0.000000 0.000000 0.000000 0.000000 0.000000 0.000000 0.000000 0.000000 0.000000 0.000000 0.000000 0.000000 0.000000 0.000000 0.000000 0.000000 0.000000 0.000000 0.000000 0.000000 0.000000 0.000000 0.000000 0.000000 0.000000 0.000000 0.000000 0.000000 0.000000 0.000000 0.000000 0.000000 0.000000 0.000000 0.000000 0.000000 0.000000 0.000000 0.000000 0.000000 0.000000 0.000000 0.000000 0.000000 0.000000 0.000000 0.000000 0.000000 0.000000 0.000000 0.000000 0.000000 0.000000 0.000000 0.000000 0.000000 0.000000 0.000000 0.000000 0.000000 0.000000 0.000000 0.000000 0.000000 0.000000 0.000000 0.000000 0.000000 0.000000 0.000000 0.000000 0.000000 0.000000 0.000000 0.000000 0.000000 0.000000 0.000000 0.000000 0.000000 0.000000 0.000000 0.000000 0.000000 0.000000 0.000000 0.000000 0.000000 0.000000 0.000000 0.000000 0.000000 0.000000 0.000000 0.000000 0.000000 0.000000 0.000000 0.000000 0.000000 0.000000 0.000000 0.000000 0.000000 0.000000 0.000000 0.000000 0.000000 0.428555 0.678296 0.812356 0.903993 0.845392 0.820952 0.815795 0.853631 0.742495 0.836815 1.062584 0.573431 0.335151 0.355533 0.496006 0.591009 0.684300 0.738799 0.811616 0.786789 0.698996 0.765190 0.926821 1.034388 1.132847 1.124767 1.397002 1.139128 1.134961 1.050558 1.082035 1.029065 0.988322 0.857790 0.725002 0.796725 0.838901 0.803399 0.889975 0.758500 0.635065 0.630473 0.624138 0.667611 0.683185 0.746033 0.828133 0.880762 0.917126 0.942527 0.933919 0.908709 0.791325 0.700329 0.666977 0.745200 0.782953 0.777965 0.647026 0.702024 0.878785 0.743633 0.856295 0.910791 0.869691 0.826001 0.785549 0.727509 0.663740 0.732020 0.725992 0.717122 0.713911 0.695174 0.823619 1.066819 1.199669 0.994784 0.887196 0.860924 0.811291 0.779504 0.764427 0.749544 0.781780 0.758487 0.716203 0.616717 0.699688 0.783527 0.778449 0.724373 0.667327 0.614578 0.572277 0.592487 0.669602 0.726446 0.746821 0.731243 0.691321 0.636572 0.571423 0.494584 0.656163 0.479114 0.717052 0.886828 1.007304 1.061303 1.072226 1.021437 0.899960 0.757973 0.582394 0.413566 0.000000 0.000000 0.000000 0.000000 0.000000 0.000000 0.000000 0.000000 0.000000 0.000000 0.000000 0.000000 0.000000 0.000000 0.000000 0.000000 0.000000 0.000000 0.000000 0.000000 0.000000 0.000000 0.395108 0.445548 0.462616 0.456223 0.432210 0.400793 0.000000 0.000000 0.000000 0.000000 0.000000 0.000000 0.000000 0.000000 0.000000 0.000000 0.000000 0.000000
0.000000 0.000000 0.000000 0.000000 0.000000 0.000000 0.000000 0.000000 0.000000 0.000000 0.000000 0.000000 0.000000 0.000000 0.000000 0.000000 0.000000 0.000000 0.000000 0.000000 0.000000 0.000000 0.000000 0.000000 0.000000 0.000000 0.000000 0.000000 0.000000 0.000000 0.000000 0.000000 0.000000 0.000000 0.000000 0.000000 0.000000 0.000000 0.000000 0.000000 0.000000 0.000000 0.000000 0.000000 0.000000 0.000000 0.000000 0.000000 0.000000 0.000000 0.000000 0.000000 0.000000 0.000000 0.000000 0.000000 0.000000 0.000000 0.000000 0.000000 0.000000 0.000000 0.000000 0.000000 0.000000 0.000000 0.000000 0.000000 0.000000 0.000000 0.000000 0.000000 0.000000 0.000000 0.000000 0.000000 0.000000 0.000000 0.000000 0.000000 0.000000 0.000000 0.000000 0.000000 0.000000 0.000000 0.000000 0.000000 0.000000 0.000000 0.000000 0.000000 0.000000 0.000000 0.000000 0.000000 0.000000 0.000000 0.000000 0.000000 0.000000 0.000000 0.000000 0.000000 0.000000 0.000000 0.000000 0.000000 0.000000 0.000000 0.000000 0.000000 0.000000 0.000000 0.000000 0.000000 0.000000 0.000000 0.000000 0.000000 0.000000 0.000000 0.000000 0.485469 0.634418 0.791550 0.839863 0.826158 0.838378 0.683115 0.808020 0.666869 0.774935 1.019525 0.593139 0.340889 0.267064 0.407884 0.617941 0.733397 0.673778 0.624310 0.533684 0.469036 0.569505 0.742073 0.877708 0.920475 0.837989 0.695553 1.116931 0.771325 0.836800 0.862958 0.943438 0.928913 0.825780 0.733139 0.843318 0.755558 0.773870 0.935870 0.792640 0.667744 0.651448 0.638315 0.679995 0.707749 0.753849 0.810707 0.865160 0.901604 0.914501 0.936831 0.922832 0.823248 0.744548 0.565731 0.771427 0.789901 0.796157 0.704758 0.513562 0.947441 0.884665 0.756984 0.865991 0.896494 0.850766 0.817664 0.917128 0.719156 0.836051 0.737264 0.699148 0.670703 0.595701 0.656109 0.943138 1.241570 1.141942 0.946397 0.823276 0.792036 0.763756 0.729039 0.713533 0.763040 0.714788 0.717255 0.668009 0.637084 0.719271 0.754085 0.813411 0.736219 0.683839 0.716662 0.805985 0.841668 0.836780 0.815539 0.767167 0.697557 0.615258 0.520311 0.494986 0.000000 0.702194 0.804015 0.929430 1.031324 1.082175 1.052782 1.007672 0.919803 0.750026 0.535569 0.000000 0.000000 0.000000 0.000000 0.000000 0.000000 0.000000 0.000000 0.000000 0.000000 0.000000 0.000000 0.000000 0.000000 0.000000 0.000000 0.000000 0.000000 0.000000 0.000000 0.000000 0.000000 0.000000 0.423686 0.489715 0.501663 0.484474 0.450373 0.407759 0.000000 0.000000 0.000000 0.000000 0.000000 0.000000 0.000000 0.000000 0.000000 0.000000 0.000000 0.000000 0.000000
0.000000 0.000000 0.000000 0.000000 0.000000 0.000000 0.000000 0.000000 0.000000 0.000000 0.000000 0.000000 0.000000 0.000000 0.000000 0.000000 0.000000 0.000000 0.000000 0.000000 0.000000 0.000000 0.000000 0.000000 0.000000 0.000000 0.000000 0.000000 0.000000 0.000000 0.000000 0.000000 0.000000 0.000000 0.000000 0.000000 0.000000 0.000000 0.000000 0.000000 0.000000 0.000000 0.000000 0.000000 0.000000 0.000000 0.000000 0.000000 0.000000 0.000000 0.000000 0.000000 0.000000 0.000000 0.000000 0.000000 0.000000 0.000000 0.000000 0.000000 0.000000 0.000000 0.000000 0.000000 0.000000 0.000000 0.000000 0.000000 0.000000 0.000000 0.000000 0.000000 0.000000 0.000000 0.000000 0.000000 0.000000 0.000000 0.000000 0.000000 0.000000 0.000000 0.000000 0.000000 0.000000 0.000000 0.000000 0.000000 0.000000 0.000000 0.000000 0.000000 0.000000 0.000000 0.000000 0.000000 0.000000 0.000000 0.000000 0.000000 0.000000 0.000000 0.000000 0.000000 0.000000 0.000000 0.000000 0.000000 0.000000 0.000000 0.000000 0.000000 0.000000 0.000000 0.000000 0.000000 0.000000 0.000000 0.000000 0.000000 0.423774 0.518545 0.573364 0.633094 0.665852 0.697816 0.638067 0.649500 0.531517 0.663309 0.602373 0.673045 0.632963 0.483294 0.383354 0.250304 0.410933 0.613212 0.635781 0.629587 0.524154 0.434381 0.550116 0.777383 0.860138 0.990704 0.942621 0.999263 0.711102 0.304981 0.624485 0.829571 0.855269 0.985407 1.051163 0.996885 0.916614 0.862208 0.842504 0.826377 0.793914 0.759614 0.680224 0.621204 0.631050 0.686220 0.718154 0.753301 0.794030 0.831150 0.865000 0.917607 0.948136 0.929674 0.837014 0.739905 0.714864 0.637413 0.865363 0.790947 0.746164 0.901363 1.175610 0.962247 0.700326 0.807365 0.885819 0.877353 0.841869 0.823413 0.965137 0.806390 0.761991 0.641190 0.614502 0.599027 0.615469 0.869585 1.172309 1.185494 0.966075 0.800426 0.764114 0.737447 0.699660 0.737996 0.722726 0.649664 0.563729 0.670084 0.611266 0.684980 0.737398 0.843211 0.878115 0.912354 0.972812 1.032459 1.027117 0.965887 0.879855 0.786685 0.694162 0.592958 0.481328 1.035763 0.000000 0.672897 0.891216 0.949989 1.012977 1.039809 1.028398 0.951407 0.853225 0.726405 0.482442 0.000000 0.000000 0.000000 0.000000 0.000000 0.000000 0.000000 0.000000 0.000000 0.000000 0.000000 0.000000 0.000000 0.000000 0.000000 0.000000 0.000000 0.000000 0.000000 0.000000 0.000000 0.000000 0.000000 0.000000 0.483570 0.514693 0.498206 0.454153 0.401387 0.000000 0.000000 0.000000 0.000000 0.000000 0.000000 0.000000 0.000000 0.000000 0.000000 0.000000 0.000000 0.000000 0.000000
0.000000 0.000000 0.000000 0.000000 0.000000 0.000000 0.000000 0.000000 0.000000 0.000000 0.000000 0.000000 0.000000 0.000000 0.000000 0.000000 0.000000 0.000000 0.000000 0.000000 0.000000 0.000000 0.000000 0.000000 0.000000 0.000000 0.000000 0.000000 0.000000 0.000000 0.000000 0.000000 0.000000 0.000000 0.000000 0.000000 0.000000 0.000000 0.000000 0.000000 0.000000 0.000000 0.000000 0.000000 0.000000 0.000000 0.000000 0.000000 0.000000 0.000000 0.000000 0.000000 0.000000 0.000000 0.000000 0.000000 0.000000 0.000000 0.000000 0.000000 0.000000 0.000000 0.000000 0.000000 0.000000 0.000000 0.000000 0.000000 0.000000 0.000000 0.000000 0.000000 0.000000 0.000000 0.000000 0.000000 0.000000 0.000000 0.000000 0.000000 0.000000 0.000000 0.000000 0.000000 0.000000 0.000000 0.000000 0.000000 0.000000 0.000000 0.000000 0.000000 0.000000 0.000000 0.000000 0.000000 0.000000 0.000000 0.000000 0.000000 0.000000 0.000000 0.000000 0.000000 0.000000 0.000000 0.000000 0.000000 0.000000 0.000000 0.000000 0.000000 0.000000 0.000000 0.000000 0.000000 0.000000 0.000000 0.000000 0.511951 0.598012 0.656330 0.675503 0.679138 0.646106 0.584968 0.519239 0.483129 0.553659 0.372756 0.475591 0.488766 0.393460 0.393168 0.325276 0.304946 0.440681 0.482101 0.588157 0.663991 0.706876 0.662550 0.735204 1.136316 1.137699 1.105714 1.057594 0.644844 0.623842 0.729158 0.701999 0.696799 0.854177 0.948505 0.980416 0.942074 0.918892 0.904083 0.897693 0.842003 0.782491 0.691047 0.610757 0.630310 0.785375 0.750071 0.778215 0.798993 0.827772 0.854810 0.894096 0.925450 0.914865 0.830886 0.738270 0.577799 0.613583 0.970158 0.786098 0.765689 1.134353 1.015392 1.085985 0.743664 0.800665 0.918791 0.914755 1.040533 0.848423 0.939698 0.849432 0.789622 0.657051 0.633318 0.576858 0.601592 0.772629 1.075577 1.181017 1.005525 0.849985 0.736227 0.758554 0.715120 0.666215 0.621609 0.584854 0.458814 0.455607 0.730202 0.681965 0.754778 0.934062 1.030879 1.146707 1.270459 1.264330 1.188041 1.079864 0.949030 0.811938 0.665830 0.549316 0.433284 0.000000 0.465435 0.669738 0.839798 0.932361 0.960793 0.956698 0.937605 0.885107 0.766132 0.608253 0.000000 0.000000 0.000000 0.000000 0.000000 0.000000 0.000000 0.000000 0.000000 0.000000 0.000000 0.000000 0.000000 0.000000 0.000000 0.000000 0.000000 0.000000 0.000000 0.000000 0.000000 0.000000 0.000000 0.000000 0.000000 0.400299 0.467815 0.466149 0.427881 0.000000 0.000000 0.000000 0.000000 0.000000 0.000000 0.000000 0.419291 0.421483 0.414490 0.000000 0.000000 0.000000 0.000000 0.000000 0.000000
0.000000 0.000000 0.000000 0.000000 0.000000 0.000000 0.000000 0.000000 0.000000 0.000000 0.000000 0.000000 0.000000 0.000000 0.000000 0.000000 0.000000 0.000000 0.000000 0.000000 0.000000 0.000000 0.000000 0.000000 0.000000 0.000000 0.000000 0.000000 0.000000 0.000000 0.000000 0.000000 0.000000 0.000000 0.000000 0.000000 0.000000 0.000000 0.000000 0.000000 0.000000 0.000000 0.000000 0.000000 0.000000 0.000000 0.000000 0.000000 0.000000 0.000000 0.000000 0.000000 0.000000 0.000000 0.000000 0.000000 0.000000 0.000000 0.000000 0.000000 0.000000 0.000000 0.000000 0.000000 0.000000 0.000000 0.000000 0.000000 0.000000 0.000000 0.000000 0.000000 0.000000 0.000000 0.000000 0.000000 0.000000 0.000000 0.000000 0.000000 0.000000 0.000000 0.000000 0.000000 0.000000 0.000000 0.000000 0.000000 0.000000 0.000000 0.000000 0.000000 0.000000 0.000000 0.000000 0.000000 0.000000 0.000000 0.000000 0.000000 0.000000 0.000000 0.000000 0.000000 0.000000 0.000000 0.000000 0.000000 0.000000 0.000000 0.000000 0.000000 0.000000 0.000000 0.000000 0.000000 0.000000 0.435751 0.589794 0.660199 0.700102 0.722495 0.697410 0.658632 0.608156 0.607965 0.634561 0.582193 0.203284 0.228128 0.440648 0.638128 0.576015 0.527113 0.376646 0.428381 0.379554 0.529404 0.737520 0.740871 0.632152 0.666306 0.699417 1.112154 0.890893 1.368455 0.653187 0.754244 0.797335 0.707447 0.551156 0.717654 0.867634 0.964681 0.920809 0.947059 0.943673 0.929449 0.872798 0.811727 0.703554 0.599624 0.621086 0.733184 0.814849 0.840859 0.837069 0.844011 0.862648 0.888821 0.907392 0.880182 0.800418 0.724579 0.583779 0.591242 0.581193 0.775414 0.952307 1.137406 1.189865 0.970396 0.870983 0.850940 1.125278 1.132146 1.091110 0.868094 0.962076 0.871059 0.768760 0.687178 0.628414 0.619141 0.618840 0.622643 0.966288 1.120660 1.055974 0.884371 0.799098 0.746397 0.661210 0.565258 0.529581 0.524541 0.403851 0.000000 0.692980 0.752366 0.839299 0.950080 1.157069 1.274909 1.348287 1.353997 1.238621 1.097457 0.932326 0.790364 0.652146 0.493372 0.000000 0.000000 0.434972 0.700756 0.832270 0.863830 0.879838 0.855110 0.815140 0.749882 0.649904 0.464020 0.000000 0.000000 0.000000 0.000000 0.000000 0.000000 0.000000 0.000000 0.000000 0.000000 0.000000 0.000000 0.000000 0.000000 0.000000 0.000000 0.000000 0.000000 0.000000 0.000000 0.000000 0.000000 0.000000 0.000000 0.000000 0.000000 0.424917 0.452733 0.455496 0.439601 0.409021 0.000000 0.000000 0.000000 0.424831 0.451766 0.468761 0.472119 0.460421 0.439057 0.000000 0.000000 0.000000 0.000000 0.000000 0.000000
0.000000 0.000000 0.000000 0.000000 0.000000 0.000000 0.000000 0.000000 0.000000 0.000000 0.000000 0.000000 0.000000 0.000000 0.000000 0.000000 0.000000 0.000000 0.000000 0.000000 0.000000 0.000000 0.000000 0.000000 0.000000 0.000000 0.000000 0.000000 0.000000 0.000000 0.000000 0.000000 0.000000 0.000000 0.000000 0.000000 0.000000 0.000000 0.000000 0.000000 0.000000 0.000000 0.000000 0.000000 0.000000 0.000000 0.000000 0.000000 0.000000 0.000000 0.000000 0.000000 0.000000 0.000000 0.000000 0.000000 0.000000 0.000000 0.000000 0.000000 0.000000 0.000000 0.000000 0.000000 0.000000 0.000000 0.000000 0.000000 0.000000 0.000000 0.000000 0.000000 0.000000 0.000000 0.000000 0.000000 0.000000 0.000000 0.000000 0.000000 0.000000 0.000000 0.000000 0.000000 0.000000 0.000000 0.000000 0.000000 0.000000 0.000000 0.000000 0.000000 0.000000 0.000000 0.000000 0.000000 0.000000 0.000000 0.000000 0.000000 0.000000 0.000000 0.000000 0.000000 0.000000 0.000000 0.000000 0.000000 0.000000 0.000000 0.000000 0.000000 0.000000 0.000000 0.000000 0.000000 0.493635 0.656351 0.725290 0.751826 0.761788 0.743484 0.697323 0.680390 0.614468 0.658428 0.601006 0.650414 0.711578 0.858547 0.642306 0.669172 0.610929 0.601120 0.567567 0.548583 0.557673 0.656328 0.734317 0.694763 0.832569 1.040725 0.779076 0.678029 1.475887 0.713500 0.643011 0.591200 0.677307 0.805106 0.674174 0.746188 0.808224 0.885603 0.934170 0.934193 0.924127 0.892247 0.825603 0.708826 0.629370 0.679327 0.753946 0.863380 0.900080 0.906496 0.907374 0.912762 0.913403 0.893333 0.834259 0.749850 0.727249 0.566636 0.724031 0.719997 0.775722 0.940223 1.096794 1.172955 1.149365 0.913672 1.030782 1.137763 1.197555 0.985720 0.904113 0.985586 0.888562 0.652994 0.698894 0.644495 0.629700 0.636220 0.640972 0.853747 1.045065 1.084072 0.927466 0.804542 0.739675 0.673331 0.577568 0.504800 0.557983 0.546990 0.428061 0.512807 0.735542 0.878607 1.002841 1.229535 1.346633 1.382793 1.334996 1.174306 1.039775 0.908355 0.737735 0.541683 0.000000 0.000000 0.000000 0.412887 0.654043 0.750896 0.799089 0.782628 0.750675 0.689142 0.597426 0.463608 0.000000 0.000000 0.000000 0.000000 0.000000 0.000000 0.000000 0.000000 0.000000 0.000000 0.000000 0.000000 0.000000 0.000000 0.000000 0.000000 0.000000 0.000000 0.000000 0.000000 0.000000 0.457755 0.487737 0.474168 0.423987 0.000000 0.421827 0.473116 0.503061 0.503812 0.481991 0.444409 0.000000 0.406063 0.453933 0.482302 0.500992 0.511056 0.512875 0.499602 0.468148 0.430457 0.000000 0.000000 0.000000 0.000000 0.000000 0.000000
0.000000 0.000000 0.000000 0.000000 0.000000 0.000000 0.000000 0.000000 0.000000 0.000000 0.000000 0.000000 0.000000 0.000000 0.000000 0.000000 0.000000 0.000000 0.000000 0.000000 0.000000 0.000000 0.000000 0.000000 0.000000 0.000000 0.000000 0.000000 0.000000 0.000000 0.000000 0.000000 0.000000 0.000000 0.000000 0.000000 0.000000 0.000000 0.000000 0.000000 0.000000 0.000000 0.000000 0.000000 0.000000 0.000000 0.000000 0.000000 0.000000 0.000000 0.000000 0.000000 0.000000 0.000000 0.000000 0.000000 0.000000 0.000000 0.000000 0.000000 0.000000 0.000000 0.000000 0.000000 0.000000 0.000000 0.000000 0.000000 0.000000 0.000000 0.000000 0.000000 0.000000 0.000000 0.000000 0.000000 0.000000 0.000000 0.000000 0.000000 0.000000 0.000000 0.000000 0.000000 0.000000 0.000000 0.000000 0.000000 0.000000 0.000000 0.000000 0.000000 0.000000 0.000000 0.000000 0.000000 0.000000 0.000000 0.000000 0.000000 0.000000 0.000000 0.000000 0.000000 0.000000 0.000000 0.000000 0.000000 0.000000 0.000000 0.000000 0.000000 0.000000 0.000000 0.000000 0.540781 0.700185 0.781338 0.805340 0.793764 0.766711 0.740717 0.725601 0.673480 0.704423 0.609434 0.677753 0.723034 0.869250 0.971911 0.695404 0.595496 0.520921 0.559819 0.620597 0.612188 0.997429 1.058564 1.029195 0.936776 1.200479 0.778502 0.698076 0.679293 0.653851 0.628665 0.552709 0.662177 0.649336 0.740656 0.771686 0.798655 0.864591 0.909197 0.924603 0.912417 0.865634 0.894729 0.755342 0.686361 0.711292 0.788340 0.916849 0.960037 0.986579 0.976525 0.964097 0.933803 0.875032 0.771931 0.690084 0.643338 0.564953 0.580273 0.709222 0.861292 1.013078 1.034878 1.110517 1.110912 0.913764 1.037817 1.114069 1.183066 1.018170 0.946877 1.027449 0.763456 0.387302 0.587098 0.711891 0.644174 0.666149 0.649112 0.755875 0.987563 1.056799 0.987406 0.847776 0.764363 0.689543 0.600329 0.547294 0.595040 0.572323 0.617184 0.664395 0.743326 0.899633 1.062611 1.198334 1.394144 1.373971 1.270705 1.102828 0.936251 0.809042 0.639670 0.430287 0.004000 0.000000 0.000000 0.000000 0.518749 0.671481 0.683896 0.670243 0.626340 0.552888 0.426015 0.000000 0.000000 0.000000 0.000000 0.000000 0.000000 0.420577 0.435338 0.440663 0.436200 0.423206 0.406676 0.000000 0.000000 0.000000 0.000000 0.000000 0.000000 0.000000 0.000000 0.000000 0.464869 0.530679 0.546448 0.518129 0.458176 0.413591 0.451971 0.511114 0.545546 0.546790 0.517855 0.473156 0.417602 0.448354 0.499629 0.525677 0.541215 0.547627 0.544368 0.524089 0.488499 0.436595 0.000000 0.000000 0.000000 0.000000 0.000000 0.000000 0.000000
0.000000 0.000000 0.000000 0.000000 0.000000 0.000000 0.000000 0.000000 0.000000 0.000000 0.000000 0.000000 0.000000 0.000000 0.000000 0.000000 0.000000 0.000000 0.000000 0.000000 0.000000 0.000000 0.000000 0.000000 0.000000 0.000000 0.000000 0.000000 0.000000 0.000000 0.000000 0.000000 0.000000 0.000000 0.000000 0.000000 0.000000 0.000000 0.000000 0.000000 0.000000 0.000000 0.000000 0.000000 0.000000 0.000000 0.000000 0.000000 0.000000 0.000000 0.000000 0.000000 0.000000 0.000000 0.000000 0.000000 0.000000 0.000000 0.000000 0.000000 0.000000 0.000000 0.000000 0.000000 0.000000 0.000000 0.000000 0.000000 0.000000 0.000000 0.000000 0.000000 0.000000 0.000000 0.000000 0.000000 0.000000 0.000000 0.000000 0.000000 0.000000 0.000000 0.000000 0.000000 0.000000 0.000000 0.000000 0.000000 0.000000 0.000000 0.000000 0.000000 0.000000 0.000000 0.000000 0.000000 0.000000 0.000000 0.000000 0.000000 0.000000 0.000000 0.000000 0.000000 0.000000 0.000000 0.000000 0.000000 0.000000 0.000000 0.000000 0.000000 0.000000 0.000000 0.550217 0.730598 0.832176 0.875724 0.846278 0.803510 0.785369 0.764859 0.737747 0.671550 0.666350 0.698958 0.753825 0.854306 0.983214 0.667969 0.539482 0.485103 0.527195 0.593412 0.663166 0.979165 0.971647 0.953880 1.072546 1.087181 0.726647 0.161069 0.711720 0.945626 0.555806 0.600838 0.648957 0.638732 0.752087 0.819732 0.919318 0.996523 1.041964 0.936809 0.877487 0.809645 0.834160 0.930717 0.794006 0.763022 0.796966 0.929129 1.003270 1.051550 1.049387 1.017233 0.946639 0.850477 0.731777 0.603477 0.596571 0.720489 0.769540 0.804905 0.841775 0.970236 0.956368 1.019745 1.046829 1.100302 1.047221 1.123039 1.138217 1.009990 0.967904 0.886206 0.785941 0.391280 0.764470 0.694187 0.644273 0.636359 0.724836 0.757991 0.893433 1.022549 1.026946 0.854737 0.803640 0.717126 0.628299 0.613740 0.622706 0.688557 0.766370 0.789720 0.882506 1.008207 1.229776 1.225114 1.295727 1.261865 1.229335 1.015584 0.831644 0.680210 0.462293 0.404995 0.417645 0.000000 0.000000 0.370700 0.000000 0.494258 0.591549 0.546198 0.459580 0.000000 0.000000 0.429201 0.430091 0.418917 0.000000 0.443585 0.481470 0.503251 0.511038 0.510190 0.502354 0.486209 0.464116 0.440948 0.414892 0.000000 0.000000 0.000000 0.000000 0.000000 0.000000 0.000000 0.548275 0.598308 0.598790 0.558332 0.483040 0.434010 0.468319 0.539744 0.575629 0.606466 0.563993 0.512848 0.485271 0.486169 0.522345 0.556010 0.566066 0.567607 0.562298 0.540471 0.493773 0.425795 0.000000 0.000000 0.000000 0.000000 0.000000 0.000000 0.000000 0.000000
0.000000 0.000000 0.000000 0.000000 0.000000 0.000000 0.000000 0.000000 0.000000 0.000000 0.000000 0.000000 0.000000 0.000000 0.000000 0.000000 0.000000 0.000000 0.000000 0.000000 0.000000 0.000000 0.000000 0.000000 0.000000 0.000000 0.000000 0.000000 0.000000 0.000000 0.000000 0.000000 0.000000 0.000000 0.000000 0.000000 0.000000 0.000000 0.000000 0.000000 0.000000 0.000000 0.000000 0.000000 0.000000 0.000000 0.000000 0.000000 0.000000 0.000000 0.000000 0.000000 0.000000 0.000000 0.000000 0.000000 0.000000 0.000000 0.000000 0.000000 0.000000 0.000000 0.000000 0.000000 0.000000 0.000000 0.000000 0.000000 0.000000 0.000000 0.000000 0.000000 0.000000 0.000000 0.000000 0.000000 0.000000 0.000000 0.000000 0.000000 0.000000 0.000000 0.000000 0.000000 0.000000 0.000000 0.000000 0.000000 0.000000 0.000000 0.000000 0.000000 0.000000 0.000000 0.000000 0.000000 0.000000 0.000000 0.000000 0.000000 0.000000 0.000000 0.000000 0.000000 0.000000 0.000000 0.000000 0.000000 0.000000 0.000000 0.000000 0.000000 0.004000 0.531947 0.718597 0.848750 0.910301 0.888605 0.825821 0.819014 0.739578 0.785377 0.825259 0.883156 0.771629 0.779896 0.869892 0.944501 0.579004 0.512274 0.528288 0.614789 0.740536 1.105750 0.753171 0.994037 1.131921 1.089493 0.992256 0.880996 0.640308 0.608247 0.557735 0.627944 0.621593 0.650019 0.684871 0.713223 0.815634 0.895459 0.968560 0.926487 0.885853 0.858580 0.885476 0.908866 0.895503 0.845026 0.840219 0.843812 0.919237 1.021153 1.092530 1.104298 1.039900 0.936512 0.827454 0.709806 0.589722 0.567011 0.693293 0.841413 0.900463 0.761592 0.823322 0.884389 1.020445 1.052198 1.032098 1.016837 1.197007 1.144326 1.156647 0.977064 0.915537 0.815901 0.419784 0.711866 0.720273 0.615202 0.588033 0.730114 0.830959 0.810855 0.961781 1.039260 1.000944 0.882094 0.764873 0.671346 0.650469 0.688284 0.768327 0.848272 0.871620 0.953970 1.057230 1.251187 1.318602 1.235508 1.172454 1.119742 0.940963 0.709098 0.512608 0.000000 0.000000 0.000000 0.000000 0.000000 0.489618 0.459226 0.000000 0.000000 0.531269 0.467464 0.490479 0.503119 0.505510 0.497862 0.477728 0.465747 0.525476 0.566319 0.588446 0.595500 0.590199 0.574020 0.557713 0.532616 0.505561 0.476248 0.449169 0.450817 0.450318 0.446947 0.440277 0.429277 0.487069 0.620562 0.661320 0.642475 0.597130 0.510454 0.457791 0.486960 0.557358 0.604810 0.879641 0.771770 0.666787 0.584445 0.545952 0.534561 0.564330 0.577741 0.575076 0.565707 0.541959 0.489080 0.000000 0.000000 0.000000 0.000000 0.000000 0.000000 0.000000 0.000000 0.000000 0.000000
0.000000 0.000000 0.000000 0.000000 0.000000 0.000000 0.000000 0.000000 0.000000 0.000000 0.000000 0.000000 0.000000 0.000000 0.000000 0.000000 0.000000 0.000000 0.000000 0.000000 0.000000 0.000000 0.000000 0.000000 0.000000 0.000000 0.000000 0.000000 0.000000 0.000000 0.000000 0.000000 0.000000 0.000000 0.000000 0.000000 0.000000 0.000000 0.000000 0.000000 0.000000 0.000000 0.000000 0.000000 0.000000 0.000000 0.000000 0.000000 0.000000 0.000000 0.000000 0.000000 0.000000 0.000000 0.000000 0.000000 0.000000 0.000000 0.000000 0.000000 0.000000 0.000000 0.000000 0.000000 0.000000 0.000000 0.000000 0.000000 0.000000 0.000000 0.000000 0.000000 0.000000 0.000000 0.000000 0.000000 0.000000 0.000000 0.000000 0.000000 0.000000 0.000000 0.000000 0.000000 0.000000 0.000000 0.000000 0.000000 0.000000 0.000000 0.000000 0.000000 0.000000 0.000000 0.000000 0.000000 0.000000 0.000000 0.000000 0.000000 0.000000 0.000000 0.000000 0.000000 0.000000 0.000000 0.000000 0.000000 0.000000 0.000000 0.000000 0.004000 0.489765 0.676289 0.826632 0.916271 0.911035 0.861494 0.844699 0.652136 0.632965 0.705305 0.959276 1.005363 1.048110 0.929978 0.532261 0.498131 0.463488 0.523340 0.679180 1.133530 1.106895 1.051832 0.977317 1.108420 1.027420 0.924849 0.631926 0.611480 0.573621 0.634291 0.598805 0.835265 0.688225 0.754910 0.773776 0.798731 0.840742 0.876071 0.868325 0.812178 0.918025 0.966976 0.980638 0.968066 0.904095 0.905513 0.903567 0.986140 1.062307 1.142944 1.149315 0.994149 0.869453 0.743729 0.636969 0.486933 0.503439 0.650145 0.753967 0.974932 0.833018 0.823242 0.678927 0.851653 0.743348 0.790827 0.836681 1.059762 1.226127 1.183221 1.066205 1.008541 0.902052 0.784573 0.775941 0.812451 0.640415 0.630874 0.731400 0.870946 0.877806 0.830841 1.003439 1.056076 1.002149 0.825396 0.721903 0.707360 0.745667 0.798371 0.849738 0.908534 0.912864 0.988880 1.180287 1.234639 1.136374 1.056432 1.012384 0.831328 0.570054 0.000000 0.000000 0.000000 0.000000 0.000000 0.423187 0.454911 0.561965 0.558600 0.539507 0.559375 0.573962 0.587394 0.589700 0.579980 0.563182 0.537354 0.548905 0.608790 0.653006 0.678625 0.686176 0.681070 0.665398 0.637628 0.611963 0.576883 0.546887 0.536791 0.536612 0.531964 0.522974 0.513416 0.512131 0.571027 0.695158 0.733095 0.695645 0.634252 0.550611 0.491468 0.511902 0.565552 0.659578 0.995130 1.011798 0.876161 0.725939 0.619947 0.563865 0.562745 0.585925 0.586733 0.569703 0.542690 0.488248 0.000000 0.000000 0.000000 0.000000 0.000000 0.000000 0.000000 0.000000 0.000000 0.000000 0.000000
0.000000 0.000000 0.000000 0.000000 0.000000 0.000000 0.000000 0.000000 0.000000 0.000000 0.000000 0.000000 0.000000 0.000000 0.000000 0.000000 0.000000 0.000000 0.000000 0.000000 0.000000 0.000000 0.000000 0.000000 0.000000 0.000000 0.000000 0.000000 0.000000 0.000000 0.000000 0.000000 0.000000 0.000000 0.000000 0.000000 0.000000 0.000000 0.000000 0.000000 0.000000 0.000000 0.000000 0.000000 0.000000 0.000000 0.000000 0.000000 0.000000 0.000000 0.000000 0.000000 0.000000 0.000000 0.000000 0.000000 0.000000 0.000000 0.000000 0.000000 0.000000 0.000000 0.000000 0.000000 0.000000 0.000000 0.000000 0.000000 0.000000 0.000000 0.000000 0.000000 0.000000 0.000000 0.000000 0.000000 0.000000 0.000000 0.000000 0.000000 0.000000 0.000000 0.000000 0.000000 0.000000 0.000000 0.000000 0.000000 0.000000 0.000000 0.000000 0.000000 0.000000 0.000000 0.000000 0.000000 0.000000 0.000000 0.000000 0.000000 0.000000 0.000000 0.000000 0.000000 0.000000 0.000000 0.000000 0.000000 0.000000 0.000000 0.000000 0.000000 0.591471 0.755205 0.855494 0.879671 0.813380 0.806062 0.780816 0.606586 0.677775 0.996310 1.078207 1.116776 1.008898 0.614500 0.575251 0.530074 0.535436 0.634295 1.035258 0.982976 0.918962 0.862772 0.800782 0.902120 0.829080 0.571505 0.689417 0.654719 0.598400 0.623731 0.711330 0.726584 0.801122 0.819406 0.862678 0.873005 0.880010 0.978234 0.978286 1.045765 1.077456 1.059289 1.009721 0.923458 0.945420 0.972181 0.996520 1.013747 0.932441 0.934869 0.842006 0.702385 0.634838 0.580186 0.567194 0.573362 0.585925 0.729846 0.738116 0.349523 0.319816 0.350927 0.227609 0.314875 0.455630 0.787468 0.862250 1.132562 1.335714 1.444778 1.329128 1.203057 0.851537 0.805048 0.706554 0.690557 0.557464 0.693624 0.896115 0.940807 0.866081 0.893845 1.049741 1.080453 0.915035 0.786205 0.768594 0.782155 0.801264 0.811500 0.843128 0.893983 0.961260 1.057681 1.098423 0.986223 0.922161 0.863677 0.505402 0.510013 0.455962 0.694735 0.467416 0.538091 0.492808 0.534563 0.574935 0.614737 0.642478 0.666372 0.679780 0.686309 0.685758 0.678764 0.659059 0.629650 0.602178 0.628813 0.685521 0.734196 0.764369 0.776984 0.776552 0.764075 0.739219 0.699167 0.663768 0.624465 0.625271 0.621267 0.612724 0.607618 0.606858 0.603440 0.684784 0.784678 0.826928 0.776654 0.695560 0.616618 0.573811 0.612914 0.594646 0.774688 0.957525 1.150148 1.082077 0.907836 0.728399 0.609454 0.593420 0.616825 0.618512 0.599397 0.565868 0.512625 0.429744 0.000000 0.000000 0.000000 0.000000 0.000000 0.000000 0.000000 0.000000 0.000000 0.000000 0.000000
0.000000 0.000000 0.000000 0.000000 0.000000 0.000000 0.000000 0.000000 0.000000 0.000000 0.000000 0.000000 0.000000 0.000000 0.000000 0.000000 0.000000 0.000000 0.000000 0.000000 0.000000 0.000000 0.000000 0.000000 0.000000 0.000000 0.000000 0.000000 0.000000 0.000000 0.000000 0.000000 0.000000 0.000000 0.000000 0.000000 0.000000 0.000000 0.000000 0.000000 0.000000 0.000000 0.000000 0.000000 0.000000 0.000000 0.000000 0.000000 0.000000 0.000000 0.000000 0.000000 0.000000 0.000000 0.000000 0.000000 0.000000 0.000000 0.000000 0.000000 0.000000 0.000000 0.000000 0.000000 0.000000 0.000000 0.000000 0.000000 0.000000 0.000000 0.000000 0.000000 0.000000 0.000000 0.000000 0.000000 0.000000 0.000000 0.000000 0.000000 0.000000 0.000000 0.000000 0.000000 0.000000 0.000000 0.000000 0.000000 0.000000 0.000000 0.000000 0.000000 0.000000 0.000000 0.000000 0.000000 0.000000 0.000000 0.000000 0.000000 0.000000 0.000000 0.000000 0.000000 0.000000 0.000000 0.000000 0.000000 0.000000 0.000000 0.000000 0.430154 0.638340 0.774131 0.795606 0.815748 0.820070 0.811789 0.799376 0.850969 1.006944 1.119630 1.167586 0.662872 0.575168 0.565033 0.551272 0.575895 0.626138 0.975923 0.957483 0.919068 0.855752 0.780816 0.862526 0.746388 0.707277 0.625223 0.634578 0.596405 0.695262 0.733843 0.742504 0.729352 0.789184 0.898543 0.925118 0.763157 0.865349 1.136751 1.210174 1.220931 1.166177 1.045899 0.901643 0.782616 0.874883 0.931592 0.958087 1.000375 0.965025 0.896595 0.800900 0.711172 0.646491 0.617729 0.634521 0.647556 0.807730 0.784102 0.611504 0.664017 0.929937 0.728938 0.629850 0.398214 0.789218 0.937616 1.167709 1.474546 1.377279 1.326542 1.173018 0.881253 0.848475 0.757778 0.620038 0.583938 0.742733 1.026331 0.971852 0.931970 0.855831 0.989306 1.009896 0.960245 0.838543 0.810787 0.808734 0.810548 0.801091 0.825377 0.850201 0.870195 0.934224 0.959594 0.704725 0.624481 0.166650 0.597239 0.506023 0.516809 0.834936 0.611618 0.620135 0.646660 0.658458 0.707896 0.749796 0.773448 0.793077 0.801293 0.798148 0.785736 0.765823 0.739220 0.704846 0.691989 0.715557 0.761215 0.809104 0.843219 0.867533 0.884061 0.877862 0.849878 0.812340 0.760512 0.719437 0.711921 0.699109 0.701642 0.702727 0.699866 0.695571 0.805088 0.892558 0.929104 0.904344 0.801316 0.711037 0.668398 0.733137 0.752493 0.907535 1.064627 1.214427 1.260785 1.089494 0.860735 0.725332 0.689194 0.678759 0.675628 0.649532 0.608398 0.551491 0.470437 0.000000 0.000000 0.000000 0.000000 0.000000 0.000000 0.000000 0.000000 0.000000 0.000000 0.000000 0.000000
0.000000 0.000000 0.000000 0.000000 0.000000 0.000000 0.000000 0.000000 0.000000 0.000000 0.000000 0.000000 0.000000 0.000000 0.000000 0.000000 0.000000 0.000000 0.000000 0.000000 0.000000 0.000000 0.000000 0.000000 0.000000 0.000000 0.000000 0.000000 0.000000 0.000000 0.000000 0.000000 0.000000 0.000000 0.000000 0.000000 0.000000 0.000000 0.000000 0.000000 0.000000 0.000000 0.000000 0.000000 0.000000 0.000000 0.000000 0.000000 0.000000 0.000000 0.000000 0.000000 0.000000 0.000000 0.000000 0.000000 0.000000 0.000000 0.000000 0.000000 0.000000 0.000000 0.000000 0.000000 0.000000 0.000000 0.000000 0.000000 0.000000 0.000000 0.000000 0.000000 0.000000 0.000000 0.000000 0.000000 0.000000 0.000000 0.000000 0.000000 0.000000 0.000000 0.000000 0.000000 0.000000 0.000000 0.000000 0.000000 0.000000 0.000000 0.000000 0.000000 0.000000 0.000000 0.000000 0.000000 0.000000 0.000000 0.000000 0.000000 0.000000 0.000000 0.000000 0.000000 0.000000 0.000000 0.000000 0.000000 0.000000 0.000000 0.004000 0.446675 0.675073 0.752036 0.797900 0.810707 0.832302 1.350044 1.430246 1.043121 1.128339 1.197326 0.691206 0.551893 0.480485 0.553572 0.650333 1.088905 1.030512 0.993974 0.951785 0.883177 0.782187 0.796589 0.704669 0.657024 0.500552 0.557309 0.623762 0.700750 0.731314 0.682568 0.732730 0.793440 0.823209 0.795128 0.846130 0.890706 1.032802 1.187823 1.217253 1.091392 0.846014 0.679561 0.808593 0.949275 1.006489 1.042434 1.109278 1.092550 1.004615 0.892530 0.774618 0.674838 0.640885 0.684406 0.723307 0.723887 0.861363 0.659056 0.706475 0.812769 0.997010 0.751542 0.688647 0.783169 1.129384 1.366462 1.375008 1.420876 1.126933 0.981148 0.788670 0.809513 0.455734 0.310354 0.506316 0.612258 0.846113 0.980844 0.998350 0.914755 1.034303 1.021801 0.985181 0.908852 0.870230 0.853712 0.830798 0.783693 0.819299 0.818147 0.797050 0.747151 0.756245 0.732183 0.532833 0.667315 0.644688 0.604355 0.671116 0.717733 0.724950 0.731760 0.759164 0.800833 0.846100 0.887997 0.913999 0.924035 0.921759 0.911752 0.890288 0.853337 0.825636 0.802152 0.793497 0.809377 0.839799 0.880625 0.919198 0.943263 0.971160 0.992874 0.983473 0.938827 0.880994 0.818261 0.800507 0.805409 0.809553 0.809340 0.804724 0.818248 0.905711 1.010382 1.032784 1.019909 0.945456 0.828205 0.810296 0.841110 0.935841 1.027564 1.186300 1.264677 1.393571 1.268419 1.039528 0.808917 0.761661 0.742174 0.726387 0.695733 0.639509 0.570749 0.487241 0.000000 0.000000 0.000000 0.000000 0.000000 0.000000 0.000000 0.000000 0.000000 0.000000 0.000000 0.000000 0.000000
0.000000 0.000000 0.000000 0.000000 0.000000 0.000000 0.000000 0.000000 0.000000 0.000000 0.000000 0.000000 0.000000 0.000000 0.000000 0.000000 0.000000 0.000000 0.000000 0.000000 0.000000 0.000000 0.000000 0.000000 0.000000 0.000000 0.000000 0.000000 0.000000 0.000000 0.000000 0.000000 0.000000 0.000000 0.000000 0.000000 0.000000 0.000000 0.000000 0.000000 0.000000 0.000000 0.000000 0.000000 0.000000 0.000000 0.000000 0.000000 0.000000 0.000000 0.000000 0.000000 0.000000 0.000000 0.000000 0.000000 0.000000 0.000000 0.000000 0.000000 0.000000 0.000000 0.000000 0.000000 0.000000 0.000000 0.000000 0.000000 0.000000 0.000000 0.000000 0.000000 0.000000 0.000000 0.000000 0.000000 0.000000 0.000000 0.000000 0.000000 0.000000 0.000000 0.000000 0.000000 0.000000 0.000000 0.000000 0.000000 0.000000 0.000000 0.000000 0.000000 0.000000 0.000000 0.000000 0.000000 0.000000 0.000000 0.000000 0.000000 0.000000 0.000000 0.000000 0.000000 0.000000 0.000000 0.000000 0.000000 0.000000 0.000000 0.000000 0.628570 0.739617 0.815654 0.818973 0.858415 0.926374 0.982908 1.207845 1.296678 1.247116 1.088134 0.698803 0.578121 0.566408 0.628113 1.014797 0.990679 0.996810 0.977058 0.917085 0.798979 0.858410 0.669636 0.767298 0.004000 0.000000 0.589247 0.676237 0.659227 0.649580 0.554955 0.618097 0.734404 0.976043 0.955352 0.664191 0.753336 0.929775 0.986679 0.994898 0.774433 0.672478 0.829290 1.002845 1.071876 1.129860 1.202066 1.206625 0.787351 0.614820 0.832400 0.721034 0.731384 0.772725 0.811038 0.798838 0.757492 0.691975 0.286625 0.865085 0.964113 0.903412 0.792985 0.756706 0.962150 1.222757 1.341373 1.277446 1.301608 1.079684 0.767952 0.747362 0.712299 0.339892 0.509694 0.690360 0.787656 0.933272 1.028293 0.986123 0.931247 0.915259 0.904156 0.955656 0.909423 0.869847 0.827209 0.777081 0.767258 0.758618 0.744954 0.670757 0.640145 0.674391 0.625956 0.696245 0.664490 0.662575 0.700638 0.880261 0.868826 0.866431 0.887721 0.931374 0.970550 1.023383 1.042267 1.025555 1.023643 1.003156 0.982924 0.951609 0.923507 0.896028 0.900325 0.906025 0.923526 0.949913 0.993472 1.021460 1.042776 1.076867 1.108566 1.092489 1.029459 0.946856 0.902801 0.910439 0.913441 0.912314 0.910427 0.937537 1.011842 1.076213 1.141446 1.129439 1.043833 0.974269 0.899430 0.957376 1.032459 1.140734 1.257898 1.347134 1.346570 1.433020 1.200108 0.873629 0.801154 0.755974 0.751253 0.705211 0.630541 0.544349 0.456480 0.000000 0.000000 0.000000 0.000000 0.000000 0.000000 0.000000 0.000000 0.000000 0.000000 0.000000 0.000000 0.000000 0.000000
0.000000 0.000000 0.000000 0.000000 0.000000 0.000000 0.000000 0.000000 0.000000 0.000000 0.000000 0.000000 0.000000 0.000000 0.000000 0.000000 0.000000 0.000000 0.000000 0.000000 0.000000 0.000000 0.000000 0.000000 0.000000 0.000000 0.000000 0.000000 0.000000 0.000000 0.000000 0.000000 0.000000 0.000000 0.000000 0.000000 0.000000 0.000000 0.000000 0.000000 0.000000 0.000000 0.000000 0.000000 0.000000 0.000000 0.000000 0.000000 0.000000 0.000000 0.000000 0.000000 0.000000 0.000000 0.000000 0.000000 0.000000 0.000000 0.000000 0.000000 0.000000 0.000000 0.000000 0.000000 0.000000 0.000000 0.000000 0.000000 0.000000 0.000000 0.000000 0.000000 0.000000 0.000000 0.000000 0.000000 0.000000 0.000000 0.000000 0.000000 0.000000 0.000000 0.000000 0.000000 0.000000 0.000000 0.000000 0.000000 0.000000 0.000000 0.000000 0.000000 0.000000 0.000000 0.000000 0.000000 0.000000 0.000000 0.000000 0.000000 0.000000 0.000000 0.000000 0.000000 0.000000 0.000000 0.000000 0.000000 0.000000 0.531301 0.703768 0.826232 0.846989 0.858230 0.888236 0.968639 1.032502 1.369376 1.343812 1.414413 1.339619 1.144843 0.766152 0.719283 1.077891 1.059563 1.023811 0.992485 0.920502 0.804181 0.679693 0.652956 0.520653 0.422539 0.000000 0.422785 0.515034 0.630498 0.633018 0.621358 0.190165 0.747668 0.700241 0.621897 0.690106 0.604971 0.568170 0.628559 0.572682 0.778087 0.439896 0.739982 0.840467 1.035322 1.135034 1.208567 1.299753 1.313989 0.865519 0.681827 0.551501 0.850545 0.877712 0.871043 0.880936 0.848228 0.782546 0.707650 0.729081 0.900883 1.033365 1.074570 1.010485 0.928138 0.933517 1.182204 1.348794 1.319716 1.286156 1.098574 0.806952 0.724825 0.690431 0.624541 0.680242 0.654059 0.828907 0.824254 1.062361 0.949820 0.880374 0.870933 0.879722 0.868228 0.828385 0.837520 0.719207 0.744502 0.719584 0.672281 0.644268 0.602525 0.669141 0.650879 0.676905 0.650897 0.693777 0.681499 0.960568 0.962357 1.027764 1.017156 1.019471 1.048918 1.079356 1.143218 1.166788 1.159756 1.148419 1.044049 1.016542 0.986185 0.960316 0.942417 0.998473 0.993337 0.999204 1.013616 1.041272 1.072298 1.123411 1.144019 1.187615 1.230505 1.200212 1.123726 1.039110 1.014696 1.020316 1.020125 1.022206 1.064025 1.117532 1.149292 1.185712 1.183893 1.136415 1.036057 0.982341 0.940150 1.081312 1.192158 1.289161 1.365954 1.376649 1.271028 1.265871 0.912164 0.821568 0.732873 0.693227 0.654483 0.563386 0.459770 0.000000 0.000000 0.000000 0.000000 0.000000 0.000000 0.000000 0.000000 0.000000 0.000000 0.000000 0.000000 0.000000 0.000000 0.000000 0.000000
0.000000 0.000000 0.000000 0.000000 0.000000 0.000000 0.000000 0.000000 0.000000 0.000000 0.000000 0.000000 0.000000 0.000000 0.000000 0.000000 0.000000 0.000000 0.000000 0.000000 0.000000 0.000000 0.000000 0.000000 0.000000 0.000000 0.000000 0.000000 0.000000 0.000000 0.000000 0.000000 0.000000 0.000000 0.000000 0.000000 0.000000 0.000000 0.000000 0.000000 0.000000 0.000000 0.000000 0.000000 0.000000 0.000000 0.000000 0.000000 0.000000 0.000000 0.000000 0.000000 0.000000 0.000000 0.000000 0.000000 0.000000 0.000000 0.000000 0.000000 0.000000 0.000000 0.000000 0.000000 0.000000 0.000000 0.000000 0.000000 0.000000 0.000000 0.000000 0.000000 0.000000 0.000000 0.000000 0.000000 0.000000 0.000000 0.000000 0.000000 0.000000 0.000000 0.000000 0.000000 0.000000 0.000000 0.000000 0.000000 0.000000 0.000000 0.000000 0.000000 0.000000 0.000000 0.000000 0.000000 0.000000 0.000000 0.000000 0.000000 0.000000 0.000000 0.000000 0.000000 0.000000 0.000000 0.000000 0.000000 0.577781 1.050847 0.886639 0.971644 0.916450 0.921995 0.986933 1.757818 1.229486 1.315020 1.380774 1.413622 1.315042 1.113727 1.093104 1.071796 1.065446 1.023378 0.955988 0.864174 0.737516 0.567106 0.577894 0.460376 0.420182 0.405523 0.459824 0.546136 0.638667 0.672285 0.661584 0.517253 0.582415 0.644873 0.331581 0.390568 0.478000 0.521515 0.541019 0.485411 0.349015 0.711312 0.352845 0.898031 1.037949 1.176382 1.280594 1.349650 0.985303 0.872994 0.704242 0.649078 0.685536 1.020306 1.002983 0.975573 0.904898 0.792794 0.694228 0.726348 0.912811 1.056831 1.101139 0.752476 0.644172 0.577447 1.137138 1.281246 1.318800 1.176374 0.975648 0.919654 0.780575 0.328248 0.298842 0.590367 0.580533 0.921040 0.818618 0.863672 1.003332 0.929124 0.865517 0.845443 0.820396 0.633483 0.724990 0.676238 0.630487 0.630328 0.602651 0.630821 0.661477 0.679710 0.682157 0.676756 0.762223 0.829591 0.846963 0.896845 1.378172 1.165641 1.141672 1.147793 1.161651 1.179222 1.247301 1.164096 1.185685 1.181461 1.154577 1.122400 1.092620 1.070554 1.055724 1.118250 1.102642 1.096782 1.103092 1.119707 1.143311 1.173355 1.186746 1.214332 1.251980 1.308680 1.294387 1.222713 1.158746 1.144742 1.118871 1.147228 1.173646 1.219191 1.271810 1.241212 1.196962 1.145773 1.087968 1.001113 0.990304 1.082477 1.210576 1.274381 1.276627 1.261735 1.190247 1.083889 0.936741 0.762579 0.675306 0.691334 0.607411 0.438334 0.428849 0.000000 0.000000 0.000000 0.424679 0.433087 0.426957 0.000000 0.000000 0.000000 0.000000 0.000000 0.000000 0.000000 0.000000 0.000000 0.000000 0.000000
0.000000 0.000000 0.000000 0.000000 0.000000 0.000000 0.000000 0.000000 0.000000 0.000000 0.000000 0.000000 0.000000 0.000000 0.000000 0.000000 0.000000 0.000000 0.000000 0.000000 0.000000 0.000000 0.000000 0.000000 0.000000 0.000000 0.000000 0.000000 0.000000 0.000000 0.000000 0.000000 0.000000 0.000000 0.000000 0.000000 0.000000 0.000000 0.000000 0.000000 0.000000 0.000000 0.000000 0.000000 0.000000 0.000000 0.000000 0.000000 0.000000 0.000000 0.000000 0.000000 0.000000 0.000000 0.000000 0.000000 0.000000 0.000000 0.000000 0.000000 0.000000 0.000000 0.000000 0.000000 0.000000 0.000000 0.000000 0.000000 0.000000 0.000000 0.000000 0.000000 0.000000 0.000000 0.000000 0.000000 0.000000 0.000000 0.000000 0.000000 0.000000 0.000000 0.000000 0.000000 0.000000 0.000000 0.000000 0.000000 0.000000 0.000000 0.000000 0.000000 0.000000 0.000000 0.000000 0.000000 0.000000 0.000000 0.000000 0.000000 0.000000 0.000000 0.000000 0.000000 0.000000 0.000000 0.000000 0.558320 0.789387 1.009964 1.010561 1.049280 1.054798 1.080639 1.121947 1.177892 1.230620 1.269613 1.340560 1.314210 1.005935 0.993156 0.976626 0.959395 0.908917 0.920719 0.717956 0.565053 0.582932 0.550333 0.582184 0.500117 0.407392 0.490755 0.577701 0.691067 0.711197 0.703346 0.523567 0.552001 0.612693 0.154043 0.318151 0.484837 0.598737 0.621957 0.528410 0.333939 0.316981 0.846199 0.973623 1.085273 1.204814 1.307195 0.999058 0.903774 0.823931 0.721081 0.702272 0.765330 1.126861 1.132941 1.043360 0.944067 0.794087 0.685695 0.753145 0.942726 1.093378 0.853709 0.744005 0.673889 0.581535 0.739670 0.912660 0.964118 0.879007 1.006974 1.040742 0.960382 0.776754 0.354955 0.279434 0.585797 0.617545 0.747851 0.813634 1.054946 1.022155 0.928936 0.859843 0.777345 0.678647 0.698043 0.658479 0.678564 0.693337 0.712617 0.697075 0.707171 0.704112 0.697138 0.698235 0.735641 0.800822 0.907925 0.954293 1.258270 1.362440 1.321151 1.236979 1.215894 1.164369 1.295340 1.254767 1.286867 1.292795 1.269905 1.235353 1.204085 1.183828 1.269055 1.252221 1.226515 1.205221 1.196996 1.201795 1.225273 1.251639 1.268002 1.306407 1.345751 1.361736 1.409330 1.352073 1.280462 1.244577 1.249801 1.332413 1.331843 1.298724 1.260857 1.251467 1.177270 1.101881 1.043968 1.079087 1.140163 1.214972 1.218789 1.176318 1.155729 1.115930 1.016827 0.852880 0.910749 0.769923 0.575231 0.597200 0.609645 0.511561 0.501193 0.482581 0.460723 0.469475 0.496760 0.505952 0.500736 0.485721 0.463487 0.439206 0.000000 0.000000 0.000000 0.000000 0.000000 0.000000 0.000000 0.000000 0.000000
0.000000 0.000000 0.000000 0.000000 0.000000 0.000000 0.000000 0.000000 0.000000 0.000000 0.000000 0.000000 0.000000 0.000000 0.000000 0.000000 0.000000 0.000000 0.000000 0.000000 0.000000 0.000000 0.000000 0.000000 0.000000 0.000000 0.000000 0.000000 0.000000 0.000000 0.000000 0.000000 0.000000 0.000000 0.000000 0.000000 0.000000 0.000000 0.000000 0.000000 0.000000 0.000000 0.000000 0.000000 0.000000 0.000000 0.000000 0.000000 0.000000 0.000000 0.000000 0.000000 0.000000 0.000000 0.000000 0.000000 0.000000 0.000000 0.000000 0.000000 0.000000 0.000000 0.000000 0.000000 0.000000 0.000000 0.000000 0.000000 0.000000 0.000000 0.000000 0.000000 0.000000 0.000000 0.000000 0.000000 0.000000 0.000000 0.000000 0.000000 0.000000 0.000000 0.000000 0.000000 0.000000 0.000000 0.000000 0.000000 0.000000 0.000000 0.000000 0.000000 0.000000 0.000000 0.000000 0.000000 0.000000 0.000000 0.000000 0.000000 0.000000 0.000000 0.000000 0.000000 0.000000 0.521622 0.415596 0.699956 1.161695 1.011173 1.063169 1.066443 1.086582 1.071653 1.041907 1.099178 1.132409 1.136861 1.048357 1.013019 0.816591 0.789933 0.800467 0.742243 0.634606 0.719332 0.630728 0.577586 0.553557 0.560400 0.524714 0.502005 0.538181 0.670161 0.735922 0.757375 0.694923 0.708434 0.583606 0.622174 0.145041 0.312181 0.485186 0.618543 0.623439 0.500518 0.351557 0.321675 0.464381 0.626230 1.158767 1.247113 1.297116 0.874685 0.781367 0.748916 0.652989 0.683857 0.776585 1.187761 1.203534 1.076300 0.915149 0.774233 0.348785 0.450870 0.670042 0.832197 0.867568 0.740116 0.678159 0.631214 0.674663 0.791929 0.829774 0.770977 0.700785 0.976484 0.942674 0.488684 0.338028 0.340877 0.650973 0.897865 0.760943 0.819689 0.902119 1.107112 1.022310 0.911941 0.656130 0.694427 0.727865 0.778916 0.594140 0.605984 0.743098 0.733316 0.762097 0.749373 0.743237 0.762949 0.773482 0.939076 0.859193 0.938555 1.199603 1.340111 1.362794 1.314877 1.265586 1.222146 1.367461 1.330717 1.384871 1.400621 1.389647 1.363045 1.338590 1.314713 1.406177 1.401730 1.370970 1.326241 1.285081 1.282712 1.302289 1.325034 1.331967 1.321334 1.352886 1.393563 1.384293 1.434614 1.382675 1.360669 1.396554 1.478064 1.498486 1.383911 1.250000 1.207546 1.160288 1.157672 1.196640 1.256255 1.267063 1.225465 1.161961 1.116073 1.051081 0.955128 0.798615 0.673066 0.611540 0.511322 0.558771 0.583670 0.608468 0.567220 0.568639 0.548680 0.522369 0.541623 0.562855 0.572245 0.569325 0.556694 0.533431 0.504004 0.472191 0.443330 0.431874 0.438378 0.435076 0.420982 0.000000 0.000000 0.000000 0.000000
0.000000 0.000000 0.000000 0.000000 0.000000 0.000000 0.000000 0.000000 0.000000 0.000000 0.000000 0.000000 0.000000 0.000000 0.000000 0.000000 0.000000 0.000000 0.000000 0.000000 0.000000 0.000000 0.000000 0.000000 0.000000 0.000000 0.000000 0.000000 0.000000 0.000000 0.000000 0.000000 0.000000 0.000000 0.000000 0.000000 0.000000 0.000000 0.000000 0.000000 0.000000 0.000000 0.000000 0.000000 0.000000 0.000000 0.000000 0.000000 0.000000 0.000000 0.000000 0.000000 0.000000 0.000000 0.000000 0.000000 0.000000 0.000000 0.000000 0.000000 0.000000 0.000000 0.000000 0.000000 0.000000 0.000000 0.000000 0.000000 0.000000 0.000000 0.000000 0.000000 0.000000 0.000000 0.000000 0.000000 0.000000 0.000000 0.000000 0.000000 0.000000 0.000000 0.000000 0.000000 0.000000 0.000000 0.000000 0.000000 0.000000 0.000000 0.000000 0.000000 0.000000 0.000000 0.000000 0.000000 0.000000 0.000000 0.000000 0.000000 0.000000 0.000000 0.000000 0.570609 0.000000 0.000000 0.495631 0.744259 0.902130 0.995312 1.003074 0.990215 0.995344 0.993125 1.002835 1.056738 1.068050 1.040954 1.054928 0.935674 0.723612 0.669868 0.590913 0.551816 0.516914 0.484845 0.598693 0.602778 0.601715 0.559961 0.543261 0.571308 0.660954 0.727207 0.740926 0.596306 0.614115 0.654040 0.692409 0.204242 0.295880 0.420845 0.539561 0.507357 0.420354 0.402542 0.323579 0.451698 0.612904 0.780800 0.876279 1.238650 0.820623 0.631331 0.597084 0.612085 0.677557 0.853350 1.275260 1.203465 0.987783 0.808369 0.395696 0.397414 0.473883 0.637242 0.802314 0.881433 0.720625 0.683992 0.647945 0.623468 0.718347 0.781165 0.766681 0.715933 0.630780 0.561483 0.430922 0.332059 0.716028 0.720793 0.729269 0.817126 0.861919 0.915440 1.133845 1.105808 0.993256 0.952978 0.832017 0.698775 0.636673 0.666290 0.680382 0.682153 0.664075 0.771490 0.735818 0.788948 0.805793 0.793603 0.729897 0.917223 1.006319 1.256521 1.370127 1.395782 1.150293 1.258054 1.282751 1.438072 1.409976 1.473245 1.513032 1.521455 1.515049 1.519373 1.502085 1.578659 1.569828 1.547044 1.497329 1.428198 1.388061 1.365579 1.350665 1.363543 1.358525 1.339456 1.372022 1.430821 1.423832 1.462926 1.490859 1.529510 1.576630 1.610513 1.593690 1.462051 1.405305 1.389196 1.371386 1.328186 1.247985 1.165144 1.124143 1.046182 0.947331 0.832579 0.737625 0.643942 0.587725 0.538400 0.604192 0.645931 0.668951 0.671057 0.658760 0.634024 0.610916 0.581130 0.614206 0.632705 0.643196 0.637299 0.623975 0.601253 0.567594 0.535625 0.502730 0.485836 0.490931 0.482446 0.464634 0.437550 0.000000 0.000000 0.000000 0.000000
0.000000 0.000000 0.000000 0.000000 0.000000 0.000000 0.000000 0.000000 0.000000 0.000000 0.000000 0.000000 0.000000 0.000000 0.000000 0.000000 0.000000 0.000000 0.000000 0.000000 0.000000 0.000000 0.000000 0.000000 0.000000 0.000000 0.000000 0.000000 0.000000 0.000000 0.000000 0.000000 0.000000 0.000000 0.000000 0.000000 0.000000 0.000000 0.000000 0.000000 0.000000 0.000000 0.000000 0.000000 0.000000 0.000000 0.000000 0.000000 0.000000 0.000000 0.000000 0.000000 0.000000 0.000000 0.000000 0.000000 0.000000 0.000000 0.000000 0.000000 0.000000 0.000000 0.000000 0.000000 0.000000 0.000000 0.000000 0.000000 0.000000 0.000000 0.000000 0.000000 0.000000 0.000000 0.000000 0.000000 0.000000 0.000000 0.000000 0.000000 0.000000 0.000000 0.000000 0.000000 0.000000 0.000000 0.000000 0.000000 0.000000 0.000000 0.000000 0.000000 0.000000 0.000000 0.000000 0.000000 0.000000 0.000000 0.000000 0.000000 0.000000 0.000000 0.000000 0.000000 0.000000 0.000000 0.512668 0.664855 0.825834 1.233116 0.853406 0.881251 0.914752 0.911198 0.911874 0.872211 0.838868 0.842084 0.855782 0.755353 0.528038 0.533087 0.521335 0.618085 0.616182 0.577415 0.622845 0.600196 0.581556 0.693750 0.496647 0.582267 0.625313 0.279246 0.260391 0.323615 0.728577 0.281256 0.278550 0.307535 0.360523 0.531173 0.599208 0.619365 0.498694 0.299960 0.411560 0.565504 0.703993 0.740341 0.738729 1.147520 0.659420 0.622202 0.613620 0.753133 1.216785 1.181141 1.062350 0.858268 0.431661 0.440013 0.466168 0.487932 0.569569 0.733026 0.836716 0.656681 0.674226 0.643359 0.586273 0.652688 0.751918 0.795987 0.761476 0.645157 0.503709 0.429429 0.410361 0.783953 0.791251 0.791155 0.835104 0.885101 0.918475 0.949713 0.953560 0.918628 1.078184 0.875531 0.623029 0.665785 0.715895 0.743937 0.739543 0.711387 0.678374 0.637298 0.624206 0.637706 0.682315 0.752403 0.811313 0.896957 1.624670 1.442211 1.241559 1.167459 1.291175 1.354433 1.414166 1.481709 1.557645 1.608428 1.649316 1.668851 1.689496 1.794540 1.780962 1.763853 1.761906 1.687037 1.569141 1.476619 1.403937 1.371273 1.361248 1.390973 1.421393 1.473260 1.501646 1.517849 1.531709 1.573677 1.622391 1.662946 1.692604 1.749490 1.682929 1.578272 1.422784 1.346604 1.278314 1.219781 1.109270 0.963450 0.831090 0.728034 0.638767 0.548890 0.556750 0.601388 0.635641 0.697238 0.737313 0.750405 0.745334 0.725741 0.696021 0.668257 0.653175 0.685776 0.706629 0.717863 0.709820 0.692408 0.667088 0.629870 0.597314 0.562560 0.539988 0.538633 0.529959 0.509912 0.483715 0.439754 0.000000 0.000000 0.000000 0.000000
0.000000 0.000000 0.000000 0.000000 0.000000 0.000000 0.000000 0.000000 0.000000 0.000000 0.000000 0.000000 0.000000 0.000000 0.000000 0.000000 0.000000 0.000000 0.000000 0.000000 0.000000 0.000000 0.000000 0.000000 0.000000 0.000000 0.000000 0.000000 0.000000 0.000000 0.000000 0.000000 0.000000 0.000000 0.000000 0.000000 0.000000 0.000000 0.000000 0.000000 0.000000 0.000000 0.000000 0.000000 0.000000 0.000000 0.000000 0.000000 0.000000 0.000000 0.000000 0.000000 0.000000 0.000000 0.000000 0.000000 0.000000 0.000000 0.000000 0.000000 0.000000 0.000000 0.000000 0.000000 0.000000 0.000000 0.000000 0.000000 0.000000 0.000000 0.000000 0.000000 0.000000 0.000000 0.000000 0.000000 0.000000 0.000000 0.000000 0.000000 0.000000 0.000000 0.000000 0.000000 0.000000 0.000000 0.000000 0.000000 0.000000 0.000000 0.000000 0.000000 0.000000 0.000000 0.000000 0.000000 0.000000 0.000000 0.000000 0.000000 0.000000 0.000000 0.000000 0.000000 0.000000 0.449077 0.510195 0.554376 0.695037 0.735522 0.765187 0.791685 0.766693 0.724395 0.722777 0.721869 0.687686 0.648967 0.663917 0.658206 0.687711 0.681491 0.666204 0.634542 0.593285 0.699266 0.641612 0.661480 0.541402 0.221997 0.648715 0.293933 0.257394 0.275996 0.347550 0.430973 0.444152 0.309409 0.411614 0.455058 0.637956 0.728468 0.683301 0.533816 0.303252 0.296126 0.411453 0.466356 0.539358 0.621162 0.691956 1.088167 0.662623 0.736554 0.833019 1.148516 1.038596 0.907011 0.828320 0.458693 0.501584 0.506677 0.497778 0.520278 0.646643 0.779787 0.609175 0.614627 0.612024 0.590715 0.613410 0.738331 0.831113 0.800335 0.697368 0.593192 0.529386 0.534982 0.855830 0.874950 0.880479 0.864622 0.905806 0.927516 0.922415 0.937449 0.967827 1.083441 0.816692 0.738134 0.731980 0.794588 0.808458 0.797645 0.751201 0.699885 0.665292 0.635549 0.634980 0.684497 0.912718 0.832789 0.906301 1.684120 1.920621 1.508880 1.331737 1.278635 1.441859 1.514630 1.468432 1.552977 1.603527 1.655897 1.695637 1.727855 1.858059 1.861036 1.756348 1.750946 1.705067 1.587458 1.452056 1.344041 1.279809 1.253561 1.274996 1.338860 1.408741 1.456167 1.592153 1.611183 1.640138 1.654008 1.649179 1.657791 1.670503 1.700794 1.625209 1.477405 1.328201 1.120448 1.001967 0.905826 0.806291 0.695815 0.603503 0.589254 0.612019 0.655973 0.712229 0.765219 0.803678 0.824615 0.827689 0.812837 0.781746 0.751539 0.713841 0.727414 0.754634 0.774494 0.790609 0.783919 0.765215 0.736634 0.694875 0.659327 0.623337 0.598565 0.590311 0.577413 0.559717 0.529125 0.495647 0.444536 0.437435 0.471422 0.491919 0.476009
0.000000 0.000000 0.000000 0.000000 0.000000 0.000000 0.000000 0.000000 0.000000 0.000000 0.000000 0.000000 0.000000 0.000000 0.000000 0.000000 0.000000 0.000000 0.000000 0.000000 0.000000 0.000000 0.000000 0.000000 0.000000 0.000000 0.000000 0.000000 0.000000 0.000000 0.000000 0.000000 0.000000 0.000000 0.000000 0.000000 0.000000 0.000000 0.000000 0.000000 0.000000 0.000000 0.000000 0.000000 0.000000 0.000000 0.000000 0.000000 0.000000 0.000000 0.000000 0.000000 0.000000 0.000000 0.000000 0.000000 0.000000 0.000000 0.000000 0.000000 0.000000 0.000000 0.000000 0.000000 0.000000 0.000000 0.000000 0.000000 0.000000 0.000000 0.000000 0.000000 0.000000 0.000000 0.000000 0.000000 0.000000 0.000000 0.000000 0.000000 0.000000 0.000000 0.000000 0.000000 0.000000 0.000000 0.000000 0.000000 0.000000 0.000000 0.000000 0.000000 0.000000 0.000000 0.000000 0.000000 0.000000 0.000000 0.000000 0.000000 0.000000 0.000000 0.000000 0.000000 0.000000 0.418992 0.445238 0.542868 0.621538 0.689222 0.691421 0.650624 0.583314 0.576982 0.657908 0.701271 0.704506 0.567867 0.691709 0.673529 0.715916 0.690940 0.655801 0.632462 0.888156 0.766919 0.653860 0.323516 0.329284 0.319394 0.267951 0.250988 0.297862 0.391548 0.474614 0.533084 0.441775 0.511689 0.494970 0.584800 0.642551 0.522014 0.486219 0.332447 0.226558 0.235721 0.340842 0.476264 0.571900 0.677452 1.067064 1.056106 1.108439 1.120797 1.034598 0.916740 0.859581 0.891101 0.519677 0.547313 0.544944 0.560038 0.578998 0.562306 0.649275 0.563547 0.582236 0.604866 0.623619 0.655481 0.721771 0.836102 0.787731 0.783278 0.709946 0.669569 0.968076 0.953039 0.990722 0.988854 0.936223 0.923612 0.929373 0.909949 0.946985 0.999356 0.979215 0.904728 0.818089 0.815896 0.946146 0.963045 0.901983 0.831865 0.737318 0.693511 0.320117 0.630646 0.659794 0.436297 1.014205 1.095099 1.515496 1.856155 1.863017 1.764969 1.491879 1.324755 1.416648 1.471497 1.553191 1.600105 1.642651 1.694511 1.740434 1.750149 1.757173 1.764367 1.767520 1.749537 1.665345 1.541799 1.418324 1.314291 1.262374 1.259516 1.306493 1.354950 1.412777 1.455676 1.485797 1.514459 1.522722 1.596860 1.554402 1.508207 1.391501 1.238006 1.153849 1.057316 1.083986 0.970552 0.863861 0.755155 0.676155 0.643512 0.701671 0.728202 0.771218 0.820661 0.869152 0.901944 0.913628 0.903807 0.873946 0.839847 0.789503 0.794430 0.808954 0.824541 0.840916 0.855881 0.855066 0.841242 0.810871 0.765988 0.723798 0.688003 0.661833 0.646171 0.630985 0.613951 0.584008 0.546059 0.502395 0.445326 0.476100 0.528263 0.550886 0.586477
0.000000 0.000000 0.000000 0.000000 0.000000 0.000000 0.000000 0.000000 0.000000 0.000000 0.000000 0.000000 0.000000 0.000000 0.000000 0.000000 0.000000 0.000000 0.000000 0.000000 0.000000 0.000000 0.000000 0.000000 0.000000 0.000000 0.000000 0.000000 0.000000 0.000000 0.000000 0.000000 0.000000 0.000000 0.000000 0.000000 0.000000 0.000000 0.000000 0.000000 0.000000 0.000000 0.000000 0.000000 0.000000 0.000000 0.000000 0.000000 0.000000 0.000000 0.000000 0.000000 0.000000 0.000000 0.000000 0.000000 0.000000 0.000000 0.000000 0.000000 0.000000 0.000000 0.000000 0.000000 0.000000 0.000000 0.000000 0.000000 0.000000 0.000000 0.000000 0.000000 0.000000 0.000000 0.000000 0.000000 0.000000 0.000000 0.000000 0.000000 0.000000 0.000000 0.000000 0.000000 0.000000 0.000000 0.000000 0.000000 0.000000 0.000000 0.000000 0.000000 0.000000 0.000000 0.000000 0.000000 0.000000 0.000000 0.000000 0.000000 0.000000 0.000000 0.000000 0.000000 0.000000 0.000000 0.000000 0.486904 0.571690 0.606357 0.629213 0.618048 0.586930 0.663089 0.727024 0.779200 0.626166 0.604714 0.726512 0.694517 0.725643 0.687196 0.614842 0.552615 0.679663 0.477946 0.454054 0.357153 0.330767 0.283020 0.266025 0.313005 0.430211 0.550717 0.614884 0.558125 0.545432 0.567949 0.614573 0.633702 0.595670 0.534122 0.455028 0.271552 0.209022 0.339771 0.468386 0.572512 0.648656 1.012635 1.018195 1.032783 0.990766 0.930390 0.913531 0.948719 0.605089 0.599650 0.606049 0.592767 0.602432 0.651477 0.595998 0.578072 0.492662 0.573070 0.621133 0.661079 0.726102 0.770444 0.836942 0.798389 0.864644 0.836720 0.709426 1.133714 0.757767 0.748062 0.750747 0.633453 0.953345 0.936941 0.965705 0.997689 1.038467 1.037999 0.982238 0.922676 0.910814 1.015532 1.134534 1.037403 0.893219 0.822724 0.765462 0.343025 0.658952 0.659151 0.905630 0.994914 1.123207 1.519556 1.811557 1.881687 1.739351 1.459095 1.362739 1.451418 1.527902 1.598754 1.647865 1.684853 1.710387 1.718942 1.713745 1.717883 1.732535 1.736828 1.721773 1.688719 1.603870 1.512600 1.418264 1.345454 1.325929 1.322172 1.338660 1.355979 1.370422 1.381161 1.377279 1.365018 1.331524 1.284298 1.232673 1.023839 0.958289 0.888698 0.825137 0.784225 0.888883 0.824108 0.772214 0.740730 0.803238 0.825750 0.853472 0.893012 0.935931 0.969840 0.993684 0.993558 0.967029 0.933087 0.882196 0.876399 0.871613 0.889694 0.901932 0.916475 0.929352 0.921458 0.914726 0.886061 0.842158 0.799577 0.757389 0.727175 0.705362 0.691462 0.672861 0.641904 0.606039 0.557004 0.517555 0.484515 0.509212 0.568730 0.642907 0.640678
0.000000 0.000000 0.000000 0.000000 0.000000 0.000000 0.000000 0.000000 0.000000 0.000000 0.000000 0.000000 0.000000 0.000000 0.000000 0.000000 0.000000 0.000000 0.000000 0.000000 0.000000 0.000000 0.000000 0.000000 0.000000 0.000000 0.000000 0.000000 0.000000 0.000000 0.000000 0.000000 0.000000 0.000000 0.000000 0.000000 0.000000 0.000000 0.000000 0.000000 0.000000 0.000000 0.000000 0.000000 0.000000 0.000000 0.000000 0.000000 0.000000 0.000000 0.000000 0.000000 0.000000 0.000000 0.000000 0.000000 0.000000 0.000000 0.000000 0.000000 0.000000 0.000000 0.000000 0.000000 0.000000 0.000000 0.000000 0.000000 0.000000 0.000000 0.000000 0.000000 0.000000 0.000000 0.000000 0.000000 0.000000 0.000000 0.000000 0.000000 0.000000 0.000000 0.000000 0.000000 0.000000 0.000000 0.000000 0.000000 0.000000 0.000000 0.000000 0.000000 0.000000 0.000000 0.000000 0.000000 0.000000 0.000000 0.000000 0.000000 0.000000 0.000000 0.000000 0.000000 0.000000 0.000000 0.000000 0.419708 0.559607 0.620120 0.622919 0.602661 0.629565 0.740118 0.813694 0.658078 0.776690 0.758892 0.778465 0.749355 0.723228 0.660080 0.296157 0.353213 0.425000 0.433747 0.352961 0.377712 0.372588 0.299802 0.346865 0.495801 0.634020 0.706785 0.623835 0.677392 0.752023 0.735554 0.689631 0.641421 0.607012 0.513873 0.370975 0.343547 0.444208 0.538023 0.619215 0.627525 0.980683 0.966278 0.916200 0.872078 0.893575 0.939958 0.618412 0.660526 0.682768 0.653204 0.631241 0.646521 0.690213 0.716756 0.516763 0.397382 0.508290 0.630455 0.681468 0.747064 0.816527 0.896233 0.951481 1.009628 1.012377 1.053504 1.055080 0.967593 0.889029 0.838816 0.724965 0.577206 0.966929 1.023680 1.064283 0.811930 0.857448 1.064887 0.993006 1.022951 1.083784 1.119146 1.021666 0.887896 0.817146 0.766222 0.717078 0.397344 0.923261 0.882422 0.967797 1.158289 1.530231 1.802281 1.900643 1.785155 1.528252 1.440388 1.503338 1.589052 1.632010 1.672945 1.697079 1.684643 1.654800 1.631177 1.623264 1.629827 1.643060 1.636278 1.604544 1.565838 1.525015 1.466584 1.414941 1.364930 1.343424 1.310900 1.277014 1.249202 1.225381 1.194483 1.144651 1.118843 1.130234 0.983659 0.957605 0.921384 0.890521 0.829618 0.752272 0.677199 0.816377 0.811967 0.904885 0.936518 0.960291 0.989092 1.013067 1.047049 1.070146 1.077249 1.067557 1.036506 0.997097 0.985216 0.971773 0.962415 0.960785 0.976439 1.003578 1.021944 1.033449 1.024247 0.996015 0.947923 0.899668 0.850700 0.810259 0.773286 0.756895 0.735614 0.703329 0.670690 0.624422 0.587773 0.576478 0.570379 0.609628 0.658996 0.682117 0.681525
0.000000 0.000000 0.000000 0.000000 0.000000 0.000000 0.000000 0.000000 0.000000 0.000000 0.000000 0.000000 0.000000 0.000000 0.000000 0.000000 0.000000 0.000000 0.000000 0.000000 0.000000 0.000000 0.000000 0.000000 0.000000 0.000000 0.000000 0.000000 0.000000 0.000000 0.000000 0.000000 0.000000 0.000000 0.000000 0.000000 0.000000 0.000000 0.000000 0.000000 0.000000 0.000000 0.000000 0.000000 0.000000 0.000000 0.000000 0.000000 0.000000 0.000000 0.000000 0.000000 0.000000 0.000000 0.000000 0.000000 0.000000 0.000000 0.000000 0.000000 0.000000 0.000000 0.000000 0.000000 0.000000 0.000000 0.000000 0.000000 0.000000 0.000000 0.000000 0.000000 0.000000 0.000000 0.000000 0.000000 0.000000 0.000000 0.000000 0.000000 0.000000 0.000000 0.000000 0.000000 0.000000 0.000000 0.000000 0.000000 0.000000 0.000000 0.000000 0.000000 0.000000 0.000000 0.000000 0.000000 0.000000 0.000000 0.000000 0.000000 0.000000 0.000000 0.000000 0.000000 0.000000 0.000000 0.000000 0.517895 0.614957 0.678741 0.706537 0.688891 0.733428 0.654218 0.684273 0.818595 0.864868 0.757951 0.758313 0.808828 0.380121 0.169160 0.288299 0.367980 0.413952 0.378239 0.417558 0.568078 0.358066 0.452806 0.604972 0.664945 0.749809 0.680210 0.831681 0.901970 0.813324 0.701052 0.690511 0.671760 0.585035 0.603065 0.496323 0.531514 0.581310 0.630304 0.962218 0.928040 0.927404 0.917697 0.923365 0.934765 0.620568 0.647310 0.699646 0.718943 0.721660 0.687688 0.707266 0.757683 0.810536 0.602131 0.332535 0.384762 0.534368 0.642293 0.717961 0.837209 0.975848 1.084490 1.053196 1.055676 1.135478 1.188501 1.127270 1.012319 0.940454 0.816068 0.632229 0.585855 0.645955 0.719650 0.801524 0.873880 0.841028 0.767204 1.083951 1.087478 1.062925 1.018004 0.514318 0.403541 0.365718 0.371071 0.442718 0.972400 0.934725 1.027010 1.167083 1.538867 1.789470 1.900695 1.812510 1.578777 1.461406 1.517462 1.587649 1.627423 1.636810 1.452839 1.617747 1.590090 1.562814 1.541928 1.541558 1.547333 1.353708 1.504723 1.443623 1.383082 1.364905 1.347890 1.311018 1.267855 1.212246 1.170148 1.117351 1.066446 1.086102 1.109571 1.117382 1.140569 0.988413 0.981120 0.963656 0.932252 0.887065 0.813798 0.737591 0.865862 0.879857 1.007257 1.051606 1.097027 1.122948 1.141555 1.161902 1.174085 1.172049 1.152122 1.130414 1.112823 1.096049 1.076957 1.068072 1.079108 1.106875 1.130899 1.158673 1.163503 1.148732 1.112136 1.058859 1.002332 0.945272 0.897272 0.854717 0.827504 0.803267 0.775395 0.749512 0.715243 0.694043 0.680820 0.672511 0.703696 0.734575 0.756169 0.758711 0.751544
0.000000 0.000000 0.000000 0.000000 0.000000 0.000000 0.000000 0.000000 0.000000 0.000000 0.000000 0.000000 0.000000 0.000000 0.000000 0.000000 0.000000 0.000000 0.000000 0.000000 0.000000 0.000000 0.000000 0.000000 0.000000 0.000000 0.000000 0.000000 0.000000 0.000000 0.000000 0.000000 0.000000 0.000000 0.000000 0.000000 0.000000 0.000000 0.000000 0.000000 0.000000 0.000000 0.000000 0.000000 0.000000 0.000000 0.000000 0.000000 0.000000 0.000000 0.000000 0.000000 0.000000 0.000000 0.000000 0.000000 0.000000 0.000000 0.000000 0.000000 0.000000 0.000000 0.000000 0.000000 0.000000 0.000000 0.000000 0.000000 0.000000 0.000000 0.000000 0.000000 0.000000 0.000000 0.000000 0.000000 0.000000 0.000000 0.000000 0.000000 0.000000 0.000000 0.000000 0.000000 0.000000 0.000000 0.000000 0.000000 0.000000 0.000000 0.000000 0.000000 0.000000 0.000000 0.000000 0.000000 0.000000 0.000000 0.000000 0.000000 0.000000 0.000000 0.000000 0.000000 0.000000 0.468047 0.605744 0.712082 0.794032 0.798562 0.738663 0.757942 0.792932 0.675203 0.840747 0.808714 0.782179 0.784078 0.694441 0.533156 0.087559 0.192950 0.271740 0.358669 0.535120 0.514989 0.435953 0.409158 0.554652 0.742789 0.756242 0.671430 0.731746 0.917574 0.968286 0.805686 0.688534 0.692226 0.692419 0.575823 0.617982 0.554777 0.490952 0.555919 1.006681 0.985613 0.972405 0.970444 0.944918 1.001468 0.695747 0.640089 0.665649 0.712134 0.764968 0.778026 0.744138 0.746307 0.851858 0.873640 0.798614 0.415921 0.315076 0.403673 0.555169 0.701760 0.832120 1.002618 1.049239 1.085766 1.058934 1.099357 1.179623 1.128431 1.046088 1.012787 0.929619 0.789177 0.638236 0.638578 0.689812 0.741932 0.821596 0.897033 0.834264 0.792979 0.801744 0.726435 0.647596 0.446573 0.349124 0.378486 0.452421 0.807871 1.026073 1.072892 1.058924 1.169239 1.549608 1.775639 1.874609 1.821623 1.618327 1.438757 1.469291 1.520993 1.354888 1.552781 1.353468 1.329773 1.507569 1.507592 1.498917 1.481165 1.466990 1.429914 1.370649 1.304101 1.238016 1.193450 1.187625 1.170741 1.121796 1.060401 0.843496 0.857977 0.907638 0.937711 0.961184 0.959376 0.958431 0.969540 0.977677 0.974049 0.952756 0.919501 0.859986 0.790710 0.794354 1.014669 1.143243 1.166949 1.212664 1.246641 1.268507 1.280565 1.286700 1.278741 1.250755 1.236816 1.214095 1.191298 1.180191 1.191856 1.222664 1.267022 1.297008 1.309902 1.305033 1.276506 1.215886 1.154329 1.081356 1.025269 0.966424 0.935770 0.910222 0.882571 0.859315 0.835779 0.804924 0.732457 0.741183 0.769828 0.811360 0.834605 0.842825 0.842738 0.835505 0.812041
0.000000 0.000000 0.000000 0.000000 0.000000 0.000000 0.000000 0.000000 0.000000 0.000000 0.000000 0.000000 0.000000 0.000000 0.000000 0.000000 0.000000 0.000000 0.000000 0.000000 0.000000 0.000000 0.000000 0.000000 0.000000 0.000000 0.000000 0.000000 0.000000 0.000000 0.000000 0.000000 0.000000 0.000000 0.000000 0.000000 0.000000 0.000000 0.000000 0.000000 0.000000 0.000000 0.000000 0.000000 0.000000 0.000000 0.000000 0.000000 0.000000 0.000000 0.000000 0.000000 0.000000 0.000000 0.000000 0.000000 0.000000 0.000000 0.000000 0.000000 0.000000 0.000000 0.000000 0.000000 0.000000 0.000000 0.000000 0.000000 0.000000 0.000000 0.000000 0.000000 0.000000 0.000000 0.000000 0.000000 0.000000 0.000000 0.000000 0.000000 0.000000 0.000000 0.000000 0.000000 0.000000 0.000000 0.000000 0.000000 0.000000 0.000000 0.000000 0.000000 0.000000 0.000000 0.000000 0.000000 0.000000 0.000000 0.000000 0.000000 0.000000 0.000000 0.000000 0.000000 0.481337 0.671516 0.770547 0.902281 0.909016 0.796105 0.773934 0.766433 0.664425 0.854304 0.837404 0.807542 0.619439 0.590013 0.189552 0.436471 0.115483 0.189003 0.426138 0.611947 0.637027 0.501476 0.453283 0.667358 0.780358 0.845101 0.743102 0.687098 0.896923 0.943263 0.784020 0.638240 0.632524 0.593781 0.466756 0.451589 0.459217 0.339065 0.551815 1.016788 1.018762 0.651362 0.638852 0.636484 0.728929 0.707650 0.671820 0.709423 0.760662 0.818234 0.840238 0.821487 0.823305 0.915702 0.977229 0.942721 0.683832 0.477955 0.485322 0.578939 0.719116 0.899170 0.941176 0.972977 1.050309 1.099937 1.111351 1.179451 1.175286 1.106295 1.089244 1.065027 0.896477 0.758256 0.658489 0.681225 0.717997 0.794118 0.821856 0.881329 0.886145 0.797621 0.731720 0.641013 0.465284 0.445783 0.511483 0.588825 0.888755 0.904542 0.993590 1.023517 1.182513 1.563976 1.777829 1.848422 1.787461 1.610751 1.411512 1.160156 1.408721 1.443589 1.462346 1.464010 1.447186 1.450186 1.453106 1.441702 1.427594 1.397444 1.345635 1.264313 1.197291 1.162393 1.143367 1.136796 1.122055 1.083815 0.892544 0.904807 0.953443 1.000589 1.041280 1.058271 1.046846 1.019651 0.995370 0.978163 0.977003 0.964116 0.928456 0.880599 0.824104 0.798733 1.085592 1.108640 1.195556 1.298431 1.356754 1.377080 1.385680 1.397315 1.394040 1.351126 1.325157 1.300643 1.281740 1.270315 1.277413 1.332132 1.403054 1.443241 1.457810 1.445347 1.285408 1.201416 1.115945 1.050846 0.990397 0.967112 1.025342 0.995894 0.963745 0.939941 0.914275 0.825316 0.834485 0.848550 0.871162 0.902177 0.763150 0.769489 0.937208 0.917923 0.897167 0.861659
0.000000 0.000000 0.000000 0.000000 0.000000 0.000000 0.000000 0.000000 0.000000 0.000000 0.000000 0.000000 0.000000 0.000000 0.000000 0.000000 0.000000 0.000000 0.000000 0.000000 0.000000 0.000000 0.000000 0.000000 0.000000 0.000000 0.000000 0.000000 0.000000 0.000000 0.000000 0.000000 0.000000 0.000000 0.000000 0.000000 0.000000 0.000000 0.000000 0.000000 0.000000 0.000000 0.000000 0.000000 0.000000 0.000000 0.000000 0.000000 0.000000 0.000000 0.000000 0.000000 0.000000 0.000000 0.000000 0.000000 0.000000 0.000000 0.000000 0.000000 0.000000 0.000000 0.000000 0.000000 0.000000 0.000000 0.000000 0.000000 0.000000 0.000000 0.000000 0.000000 0.000000 0.000000 0.000000 0.000000 0.000000 0.000000 0.000000 0.000000 0.000000 0.000000 0.000000 0.000000 0.000000 0.000000 0.000000 0.000000 0.000000 0.000000 0.000000 0.000000 0.000000 0.000000 0.000000 0.000000 0.000000 0.000000 0.000000 0.000000 0.000000 0.000000 0.000000 0.467344 0.831151 0.812144 0.891098 0.900881 0.848096 0.787218 0.602308 0.685016 0.901431 0.912653 0.877648 0.814308 0.297426 0.169073 0.154515 0.179233 0.251183 0.459293 0.655966 0.680456 0.589645 0.688932 0.747658 0.829192 0.905921 0.767221 0.585802 0.652356 0.781948 0.714731 0.644084 0.579367 0.486796 0.359761 0.248953 0.358364 0.431612 0.621501 0.665703 0.664961 0.666925 0.692161 0.694676 0.728538 0.768408 0.733505 0.785739 0.863184 0.934400 0.968204 0.976358 0.940040 0.956953 1.006498 1.003926 0.888667 0.704529 0.664749 0.732499 0.843516 0.965361 0.984387 0.958742 0.944351 1.011020 1.100449 1.176576 1.199230 1.164438 1.157200 1.129164 0.973019 0.790319 0.687885 0.650224 0.702029 0.738272 0.862180 0.763151 0.823853 1.131728 1.055223 0.655169 0.571182 0.599246 0.648540 0.955940 0.946015 0.938477 0.945736 0.902383 1.021623 1.404387 1.799061 1.857931 1.782426 1.603887 1.180736 1.030752 1.090485 1.343549 1.378395 1.391379 1.382452 1.399886 1.431932 1.235539 1.391903 1.355153 1.306974 1.246163 1.187002 1.180562 1.189289 1.300159 1.184579 1.177498 0.985073 0.930303 0.979579 1.039750 1.084265 1.117770 1.124000 1.088761 1.044025 0.998271 0.972710 0.961026 0.934313 0.893818 0.861437 0.852022 1.224498 1.233291 1.280734 1.299182 1.338651 1.361211 1.388493 1.406785 1.401110 1.476797 1.434448 1.389262 1.359840 1.353002 1.368738 1.421157 1.547190 1.612002 1.608180 1.463143 1.392668 1.294698 1.189279 1.097313 1.058529 1.037723 0.997457 0.962911 0.940610 0.928059 0.916058 0.922639 0.936386 0.949688 0.975833 0.821499 0.843005 0.867907 0.873310 1.032646 0.991652 0.968419 0.919584
0.000000 0.000000 0.000000 0.000000 0.000000 0.000000 0.000000 0.000000 0.000000 0.000000 0.000000 0.000000 0.000000 0.000000 0.000000 0.000000 0.000000 0.000000 0.000000 0.000000 0.000000 0.000000 0.000000 0.000000 0.000000 0.000000 0.000000 0.000000 0.000000 0.000000 0.000000 0.000000 0.000000 0.000000 0.000000 0.000000 0.000000 0.000000 0.000000 0.000000 0.000000 0.000000 0.000000 0.000000 0.000000 0.000000 0.000000 0.000000 0.000000 0.000000 0.000000 0.000000 0.000000 0.000000 0.000000 0.000000 0.000000 0.000000 0.000000 0.000000 0.000000 0.000000 0.000000 0.000000 0.000000 0.000000 0.000000 0.000000 0.000000 0.000000 0.000000 0.000000 0.000000 0.000000 0.000000 0.000000 0.000000 0.000000 0.000000 0.000000 0.000000 0.000000 0.000000 0.000000 0.000000 0.000000 0.000000 0.000000 0.000000 0.000000 0.000000 0.000000 0.000000 0.000000 0.000000 0.000000 0.000000 0.000000 0.000000 0.000000 0.000000 0.000000 0.000000 0.633618 0.784300 0.887853 0.833962 0.834992 0.615641 0.259820 0.886346 0.965231 0.987215 0.794861 0.744710 0.692230 0.278892 0.281372 0.208376 0.253014 0.439721 0.526900 0.525840 0.533053 0.689838 0.857733 0.929630 0.929361 0.826201 0.712800 0.604833 0.689424 0.701628 0.676738 0.613838 0.640649 0.646083 0.494089 0.523189 0.626756 0.763702 0.790111 0.777992 0.770954 0.766386 0.745448 0.720359 0.808581 0.782418 0.874821 0.962384 0.992804 0.965789 0.936679 0.907844 0.890765 0.903075 0.806181 0.711754 0.629538 0.524331 0.609471 0.753558 0.929631 0.990543 0.979240 0.898201 0.886364 0.972436 1.095334 1.128917 1.088869 1.100334 1.114519 0.943469 0.705580 0.564756 0.584698 0.646488 0.687527 0.698964 0.689863 0.653488 0.636851 0.653199 0.650359 0.673740 0.699631 0.734072 1.025095 0.999818 0.991774 0.957694 0.956866 1.042686 1.429501 1.653814 1.720375 1.789611 1.608830 1.165932 0.959571 0.997603 1.061001 1.299273 1.119100 1.118700 1.127777 1.194467 1.210717 1.199918 1.170011 1.146358 1.111998 1.088150 1.269316 1.301942 1.309821 1.371391 1.337632 1.280342 0.991159 0.946941 0.953189 0.966449 0.985602 0.999378 1.002640 0.998132 0.979857 0.961551 0.967535 0.956340 0.581279 0.582549 0.698432 1.048107 1.297499 1.411684 1.491005 1.535695 1.524952 1.492529 1.510418 1.520353 1.511828 1.468263 1.506269 1.452335 1.438385 1.447483 1.489223 1.550278 1.608414 1.527095 1.514830 1.475165 1.396766 1.283509 1.175052 0.926649 0.892359 1.090618 1.108924 1.116709 1.097604 1.053726 1.028100 1.032807 1.060288 1.089899 0.918709 0.949652 0.966679 0.985032 1.171863 1.105026 1.043176 1.015136 0.947594
0.000000 0.000000 0.000000 0.000000 0.000000 0.000000 0.000000 0.000000 0.000000 0.000000 0.000000 0.000000 0.000000 0.000000 0.000000 0.000000 0.000000 0.000000 0.000000 0.000000 0.000000 0.000000 0.000000 0.000000 0.000000 0.000000 0.000000 0.000000 0.000000 0.000000 0.000000 0.000000 0.000000 0.000000 0.000000 0.000000 0.000000 0.000000 0.000000 0.000000 0.000000 0.000000 0.000000 0.000000 0.000000 0.000000 0.000000 0.000000 0.000000 0.000000 0.000000 0.000000 0.000000 0.000000 0.000000 0.000000 0.000000 0.000000 0.000000 0.000000 0.000000 0.000000 0.000000 0.000000 0.000000 0.000000 0.000000 0.000000 0.000000 0.000000 0.000000 0.000000 0.000000 0.000000 0.000000 0.000000 0.000000 0.000000 0.000000 0.000000 0.000000 0.000000 0.000000 0.000000 0.000000 0.000000 0.000000 0.000000 0.000000 0.000000 0.000000 0.000000 0.000000 0.000000 0.000000 0.000000 0.000000 0.000000 0.000000 0.000000 0.405121 0.527047 0.591153 0.698617 0.756586 0.649903 0.639531 0.267953 0.696155 0.755909 0.858621 0.896837 1.081520 1.338031 0.476953 0.529066 0.425148 0.224390 0.240873 0.402446 0.490031 0.428604 0.402720 0.521642 0.700343 0.842908 0.854184 0.776572 0.740129 0.703343 0.708951 0.637104 0.585372 0.653369 0.731139 0.768949 0.777790 0.726393 0.769160 0.787599 0.874200 0.851846 0.853351 0.813086 0.726738 0.674046 0.682107 0.777648 0.918676 0.991599 0.976079 0.915085 0.810619 0.757606 0.712111 0.669613 0.565962 0.477801 0.405340 0.340847 0.472590 0.695404 0.731174 0.826387 0.858379 0.792668 0.742328 0.758889 0.854517 0.918626 0.965201 0.988402 0.992118 0.953113 0.663273 0.416851 0.437135 0.528948 0.592829 0.635707 0.636522 0.594063 0.569170 0.534354 0.631161 0.745008 0.785596 0.809099 1.079952 1.025669 1.009978 1.010564 0.967589 1.047221 1.435278 1.837279 1.929852 1.663023 1.621567 1.185169 0.948141 0.976198 1.007045 1.046004 1.066041 1.077032 1.106835 0.939027 1.037415 1.055851 1.038394 1.037848 1.461484 1.477375 1.328762 1.355506 1.363350 1.352555 1.498033 1.254414 0.813015 0.621215 0.485205 0.428978 0.407673 0.403331 0.413314 0.443201 0.476044 0.531249 0.591702 0.638170 0.649267 0.672812 1.045760 1.125043 1.210328 1.271309 1.333982 1.598652 1.632283 1.654200 1.612042 1.616156 1.626022 1.622208 1.676010 1.489144 1.459513 1.466395 1.498507 1.517177 1.537216 1.543970 1.518319 1.295809 1.240712 1.148597 1.036669 0.936893 0.871308 0.851743 0.867475 0.923818 0.942283 0.961048 1.008742 1.061385 1.258579 1.251786 1.063551 1.077731 1.092739 1.097106 1.282565 1.246486 1.150994 1.076921 1.039256 0.969477
0.000000 0.000000 0.000000 0.000000 0.000000 0.000000 0.000000 0.000000 0.000000 0.000000 0.000000 0.000000 0.000000 0.000000 0.000000 0.000000 0.000000 0.000000 0.000000 0.000000 0.000000 0.000000 0.000000 0.000000 0.000000 0.000000 0.000000 0.000000 0.000000 0.000000 0.000000 0.000000 0.000000 0.000000 0.000000 0.000000 0.000000 0.000000 0.000000 0.000000 0.000000 0.000000 0.000000 0.000000 0.000000 0.000000 0.000000 0.000000 0.000000 0.000000 0.000000 0.000000 0.000000 0.000000 0.000000 0.000000 0.000000 0.000000 0.000000 0.000000 0.000000 0.000000 0.000000 0.000000 0.000000 0.000000 0.000000 0.000000 0.000000 0.000000 0.000000 0.000000 0.000000 0.000000 0.000000 0.000000 0.000000 0.000000 0.000000 0.000000 0.000000 0.000000 0.000000 0.000000 0.000000 0.000000 0.000000 0.000000 0.000000 0.000000 0.000000 0.000000 0.000000 0.000000 0.000000 0.000000 0.000000 0.000000 0.374725 0.593921 0.691704 0.693303 0.635649 0.672608 0.584467 0.601883 0.604761 0.602378 0.830344 0.904645 1.058002 0.991452 0.672490 0.849898 0.450561 0.365484 0.173582 0.144328 0.331955 0.346154 0.263253 0.302891 0.323789 0.369765 0.449995 0.509299 0.451206 0.398878 0.422557 0.514166 0.731395 0.722791 0.740151 0.774866 0.802023 0.812768 0.806744 0.824242 0.788437 0.813742 0.892564 0.881974 0.859258 0.784735 0.676436 0.628264 0.796800 0.936030 1.008368 0.976535 0.869683 0.763802 0.707163 0.631963 0.588133 0.598526 0.624009 0.583922 0.417243 0.444819 0.637302 0.704053 0.696507 0.671199 0.658641 0.629678 0.628766 0.631177 0.615081 0.646674 0.746090 0.876935 0.958562 0.816577 0.476556 0.358930 0.446234 0.488186 0.529390 0.571230 0.565566 0.522198 0.509246 0.625649 0.777691 1.204924 1.204072 1.136176 1.039070 0.989191 1.023516 1.014013 1.072833 1.606523 1.837593 1.931812 1.864790 1.814547 1.446462 1.222368 1.081745 1.087546 1.118700 1.173681 0.964815 1.271049 1.353011 1.459311 1.516057 1.486328 1.441662 1.418574 1.454483 1.458679 1.426389 1.397480 1.380901 1.343971 1.306290 1.227286 0.739396 0.544672 0.418057 0.393626 0.373176 0.407044 0.427547 0.454156 0.512541 0.585568 0.656200 0.685439 1.022893 1.050681 1.116084 1.199875 1.274355 1.347552 1.413145 1.460798 1.655652 1.509546 1.482530 1.451256 1.455201 1.456372 1.430265 1.383721 1.371303 1.387961 1.398749 1.400698 1.376366 1.335497 1.290884 1.225499 1.151207 1.068312 0.959971 0.871842 0.833173 0.833951 0.841891 0.852556 0.894777 0.941698 1.030320 1.117327 1.166230 0.905118 1.207451 1.221821 1.233768 1.405860 1.358076 1.300404 1.205744 1.110747 1.066640 1.021516
0.000000 0.000000 0.000000 0.000000 0.000000 0.000000 0.000000 0.000000 0.000000 0.000000 0.000000 0.000000 0.000000 0.000000 0.000000 0.000000 0.000000 0.000000 0.000000 0.000000 0.000000 0.000000 0.000000 0.000000 0.000000 0.000000 0.000000 0.000000 0.000000 0.000000 0.000000 0.000000 0.000000 0.000000 0.000000 0.000000 0.000000 0.000000 0.000000 0.000000 0.000000 0.000000 0.000000 0.000000 0.000000 0.000000 0.000000 0.000000 0.000000 0.000000 0.000000 0.000000 0.000000 0.000000 0.000000 0.000000 0.000000 0.000000 0.000000 0.000000 0.000000 0.000000 0.000000 0.000000 0.000000 0.000000 0.000000 0.000000 0.000000 0.000000 0.000000 0.000000 0.000000 0.000000 0.000000 0.000000 0.000000 0.000000 0.000000 0.000000 0.000000 0.000000 0.000000 0.000000 0.000000 0.000000 0.000000 0.000000 0.000000 0.000000 0.000000 0.000000 0.000000 0.000000 0.000000 0.000000 0.000000 0.435104 0.649877 0.785884 0.884529 0.624436 0.570707 0.589693 0.610257 0.759908 0.634258 0.769678 0.984881 1.013958 1.037389 0.776346 0.600362 0.347829 0.319791 0.342000 0.378002 0.323481 0.224788 0.296025 0.401826 0.310805 0.285560 0.220233 0.205860 0.320488 0.221428 0.311322 0.576536 0.786541 0.805181 0.814517 0.799054 0.850234 0.932511 0.981777 0.989263 0.929072 0.809278 0.885779 0.821356 0.834041 0.853010 0.708787 0.681808 0.755082 0.824279 0.915526 0.966942 0.897269 0.845602 0.791616 0.791936 0.743866 0.667841 0.636917 0.586198 0.487172 0.446110 0.585181 0.752903 0.771125 0.688216 0.613124 0.529273 0.470923 0.414624 0.362482 0.339605 0.389545 0.522092 0.701474 0.675267 0.545376 0.425181 0.466071 0.423284 0.446376 0.505921 0.519522 0.493295 0.514729 0.635645 0.809671 1.260908 1.267147 1.189802 1.072528 0.971533 1.007601 1.033866 1.066527 1.402679 1.843754 1.941406 1.755745 1.612742 1.386260 1.168306 1.184004 1.204947 1.231525 1.260023 1.278666 1.313779 1.341830 1.420729 1.498400 1.520116 1.491117 1.476151 1.478467 1.454229 1.412537 1.345982 1.274059 1.254212 1.248942 1.212846 1.145082 1.029303 0.979793 0.957367 0.543258 0.466370 0.413270 0.439936 0.481876 0.505698 0.593301 0.693426 1.033982 1.037750 1.065573 1.136445 1.219648 1.307927 1.371438 1.430417 1.451514 1.465354 1.463431 1.398943 1.349164 1.367829 1.388164 1.385697 1.400331 1.398455 1.399995 1.360051 1.322518 1.289505 1.254058 1.200040 1.129399 1.063528 0.988921 0.908969 0.870837 0.883305 0.910380 0.923438 0.941546 0.968216 0.998199 1.048532 1.135261 1.210777 1.263154 1.494127 1.474366 1.441914 1.398098 1.345927 1.293599 1.213493 1.142872 1.110977 1.068893
0.000000 0.000000 0.000000 0.000000 0.000000 0.000000 0.000000 0.000000 0.000000 0.000000 0.000000 0.000000 0.000000 0.000000 0.000000 0.000000 0.000000 0.000000 0.000000 0.000000 0.000000 0.000000 0.000000 0.000000 0.000000 0.000000 0.000000 0.000000 0.000000 0.000000 0.000000 0.000000 0.000000 0.000000 0.000000 0.000000 0.000000 0.000000 0.000000 0.000000 0.000000 0.000000 0.000000 0.000000 0.000000 0.000000 0.000000 0.000000 0.000000 0.000000 0.000000 0.000000 0.000000 0.000000 0.000000 0.000000 0.000000 0.000000 0.000000 0.000000 0.000000 0.000000 0.000000 0.000000 0.000000 0.000000 0.000000 0.000000 0.000000 0.000000 0.000000 0.000000 0.000000 0.000000 0.000000 0.000000 0.000000 0.000000 0.000000 0.000000 0.000000 0.000000 0.000000 0.000000 0.000000 0.000000 0.000000 0.000000 0.000000 0.000000 0.000000 0.000000 0.000000 0.000000 0.000000 0.000000 0.439563 0.600573 0.817198 0.918855 0.770325 0.718834 0.665768 0.671040 0.795814 0.634972 0.793559 1.004671 1.120687 0.880393 0.813921 0.982255 0.576436 0.428219 0.247693 0.238068 0.218837 0.375401 0.576016 0.516625 0.443037 0.360687 0.207802 0.167691 0.170543 0.280000 0.303796 0.604285 0.756008 0.766244 0.837058 0.877574 0.887497 0.956490 1.096151 1.157939 1.096821 0.941830 0.830078 0.778125 0.740277 0.786653 0.734823 0.760913 0.732762 0.742172 0.870531 0.963260 0.923858 0.851526 0.874720 0.943816 1.019757 1.054505 1.007334 0.839940 0.719311 0.702980 0.645935 0.782208 0.807980 0.725057 0.701587 0.679275 0.589184 0.502736 0.484471 0.365675 0.294483 0.248909 0.216386 0.167962 0.339660 0.476742 0.602070 0.576945 0.413289 0.460608 0.490868 0.474594 0.489718 0.649483 0.831842 1.275785 1.315436 1.252521 1.125475 1.024588 1.027596 1.065677 1.265431 1.385000 1.832759 1.951165 1.779581 1.715683 1.559253 1.413352 1.405639 1.370897 1.348594 1.332649 1.316190 1.319538 1.344774 1.383611 1.425781 1.464029 1.477565 1.465120 1.480008 1.467598 1.410257 1.326457 1.277976 1.219051 1.185326 1.162722 1.097974 1.048219 1.037628 1.019279 0.661424 0.502798 0.436271 0.503686 0.564341 0.585587 0.965714 1.000694 1.019230 1.031228 1.036749 1.063167 1.118944 1.197340 1.283643 1.343349 1.386435 1.425602 1.450706 1.452803 1.342751 1.269344 1.288467 1.304287 1.303735 1.334302 1.342202 1.330342 1.305731 1.261201 1.214290 1.176658 1.126312 0.687988 0.613755 0.580681 0.966409 1.021809 1.086097 1.097570 1.082610 1.071425 1.084842 1.111183 1.147086 1.201257 1.247748 1.271104 1.270936 1.438941 1.391156 1.340109 1.290879 1.252680 1.210814 1.183849 1.164429 1.130651
0.000000 0.000000 0.000000 0.000000 0.000000 0.000000 0.000000 0.000000 0.000000 0.000000 0.000000 0.000000 0.000000 0.000000 0.000000 0.000000 0.000000 0.000000 0.000000 0.000000 0.000000 0.000000 0.000000 0.000000 0.000000 0.000000 0.000000 0.000000 0.000000 0.000000 0.000000 0.000000 0.000000 0.000000 0.000000 0.000000 0.000000 0.000000 0.000000 0.000000 0.000000 0.000000 0.000000 0.000000 0.000000 0.000000 0.000000 0.000000 0.000000 0.000000 0.000000 0.000000 0.000000 0.000000 0.000000 0.000000 0.000000 0.000000 0.000000 0.000000 0.000000 0.000000 0.000000 0.000000 0.000000 0.000000 0.000000 0.000000 0.000000 0.000000 0.000000 0.000000 0.000000 0.000000 0.000000 0.000000 0.000000 0.000000 0.000000 0.000000 0.000000 0.000000 0.000000 0.000000 0.000000 0.000000 0.000000 0.000000 0.000000 0.000000 0.000000 0.000000 0.000000 0.000000 0.000000 0.000000 0.495745 0.684666 0.868343 0.801588 0.840592 0.801375 0.730230 0.865410 0.623343 0.809736 1.064454 1.197183 1.238513 0.919041 0.798112 1.069730 0.723619 0.605724 0.658434 0.934546 0.682179 0.982762 0.618281 0.526409 0.440200 0.318950 0.187771 0.141688 0.169508 0.224067 0.492831 0.708590 0.778880 0.848219 0.989030 1.069629 1.083923 1.047899 1.110326 1.381579 1.033230 0.972346 0.880812 0.835776 0.768709 0.794015 0.744352 0.631415 0.712957 0.850729 0.908999 0.947350 0.942493 0.984463 1.055980 1.117061 1.171509 1.182949 1.077477 0.907401 0.835636 0.827693 0.888048 0.757062 0.730653 0.699762 0.689810 0.836361 0.878585 0.665541 0.612618 0.461107 0.349080 0.321508 0.182399 0.292794 0.383641 0.427582 0.377744 0.339987 0.443985 0.484847 0.471535 0.457739 0.608216 0.780461 1.266421 1.302122 1.331091 1.233424 1.126872 1.103240 1.098362 1.323944 1.372706 1.627698 1.931424 1.781996 1.753249 1.715284 1.698769 1.662148 1.588625 1.519519 1.451835 1.406171 1.381094 1.374575 1.378744 1.387725 1.400304 1.414328 1.461205 1.488241 1.457784 1.406575 1.337503 1.297840 1.225057 1.149293 1.097507 1.070229 1.078249 1.081462 1.072309 1.052686 0.590195 0.537841 0.615082 0.719060 1.054163 1.003394 0.985965 1.022071 1.047585 1.049780 1.058521 1.099536 1.135559 1.189328 1.255029 1.317181 1.381340 1.424213 1.446569 1.443654 1.379938 1.275508 1.228103 1.222409 1.213303 1.222714 1.230065 1.223957 1.215994 1.200254 1.159266 0.701236 0.640335 0.603231 0.606816 0.676940 1.128057 1.241143 1.306232 1.280085 1.215211 1.189012 1.205964 1.236582 1.282382 1.344015 1.365255 1.298082 1.258221 1.197672 1.336590 1.282864 1.041133 1.028990 1.048622 1.049104 1.016629 1.153846
0.000000 0.000000 0.000000 0.000000 0.000000 0.000000 0.000000 0.000000 0.000000 0.000000 0.000000 0.000000 0.000000 0.000000 0.000000 0.000000 0.000000 0.000000 0.000000 0.000000 0.000000 0.000000 0.000000 0.000000 0.000000 0.000000 0.000000 0.000000 0.000000 0.000000 0.000000 0.000000 0.000000 0.000000 0.000000 0.000000 0.000000 0.000000 0.000000 0.000000 0.000000 0.000000 0.000000 0.000000 0.000000 0.000000 0.000000 0.000000 0.000000 0.000000 0.000000 0.000000 0.000000 0.000000 0.000000 0.000000 0.000000 0.000000 0.000000 0.000000 0.000000 0.000000 0.000000 0.000000 0.000000 0.000000 0.000000 0.000000 0.000000 0.000000 0.000000 0.000000 0.000000 0.000000 0.000000 0.000000 0.000000 0.000000 0.000000 0.000000 0.000000 0.000000 0.000000 0.000000 0.000000 0.000000 0.000000 0.000000 0.000000 0.000000 0.000000 0.000000 0.000000 0.000000 0.000000 0.519487 0.630446 0.637287 0.794262 0.856495 0.859750 0.975839 0.887693 0.832831 0.846517 1.100090 1.258522 1.305476 0.931396 1.159594 1.118611 1.116118 1.093557 1.043128 1.199514 1.291710 1.153603 1.125262 1.067308 0.988499 0.445423 0.287865 0.159727 0.043581 0.709541 0.293786 0.627566 0.833665 1.073082 1.150902 1.567012 1.545654 1.489447 1.411458 1.041312 0.987488 0.995675 0.939873 0.811960 0.801147 0.761219 0.622914 0.449225 0.605992 0.837831 0.957859 1.027483 1.037796 1.028961 1.071253 1.460936 1.482604 1.479755 1.428439 1.356044 1.253029 1.217926 0.890398 0.834029 0.678738 0.733549 0.795711 0.934964 0.889876 0.680512 0.586171 0.686036 0.629405 0.529602 0.307742 0.195429 0.326120 0.366606 0.318364 0.310442 0.400836 0.468978 0.429705 0.428762 0.540402 0.703279 0.816959 1.250534 1.308289 1.374767 1.320495 1.244044 1.210648 1.413647 1.332083 1.575065 1.754022 1.751905 1.725770 1.711901 1.718975 1.746603 1.730271 1.678458 1.615562 1.538581 1.483004 1.431590 1.412127 1.380853 1.343632 1.343811 1.359919 1.376974 1.387307 1.368940 1.341410 1.304798 1.243961 1.176923 1.128954 1.117019 1.129693 1.121574 1.098161 1.084329 1.078761 0.683150 0.769157 1.177066 1.145752 1.080539 1.045860 1.045928 1.044559 1.054010 1.077041 1.120257 1.146391 1.160918 1.189912 1.224192 1.263179 1.334375 1.385192 1.414603 1.416426 1.359159 1.275374 1.208466 1.182102 1.163240 1.157004 1.151256 1.141222 1.181492 0.771743 0.689588 0.621158 0.604300 0.638780 0.730926 0.819550 1.282729 1.422812 1.471757 1.384372 1.312861 1.279999 1.312602 1.361938 1.410222 1.450275 1.425042 1.321108 1.230992 1.163333 0.777314 0.704238 0.682234 0.708737 0.743465 0.742823 0.726073 0.998345
0.000000 0.000000 0.000000 0.000000 0.000000 0.000000 0.000000 0.000000 0.000000 0.000000 0.000000 0.000000 0.000000 0.000000 0.000000 0.000000 0.000000 0.000000 0.000000 0.000000 0.000000 0.000000 0.000000 0.000000 0.000000 0.000000 0.000000 0.000000 0.000000 0.000000 0.000000 0.000000 0.000000 0.000000 0.000000 0.000000 0.000000 0.000000 0.000000 0.000000 0.000000 0.000000 0.000000 0.000000 0.000000 0.000000 0.000000 0.000000 0.000000 0.000000 0.000000 0.000000 0.000000 0.000000 0.000000 0.000000 0.000000 0.000000 0.000000 0.000000 0.000000 0.000000 0.000000 0.000000 0.000000 0.000000 0.000000 0.000000 0.000000 0.000000 0.000000 0.000000 0.000000 0.000000 0.000000 0.000000 0.000000 0.000000 0.000000 0.000000 0.000000 0.000000 0.000000 0.000000 0.000000 0.000000 0.000000 0.000000 0.000000 0.000000 0.000000 0.000000 0.000000 0.485749 0.508103 0.594991 0.734526 0.730768 1.015947 0.855852 0.798672 0.866149 0.839283 0.909516 1.203842 1.296653 1.341516 0.958524 1.190045 1.135413 1.126894 1.084494 1.040860 1.102269 1.409576 1.242361 0.960408 1.153474 1.086704 1.024027 0.530991 0.388841 0.278066 0.215228 0.487859 0.662162 0.890066 0.940045 1.059913 1.481977 1.494772 1.088142 1.022698 0.978129 0.903275 0.935853 0.880042 0.681087 0.782033 0.444966 0.261247 0.474917 0.656404 0.835738 0.952415 0.969923 0.902913 0.858081 0.868509 1.236701 1.222400 1.233042 1.236701 1.254028 1.257908 1.272025 0.929850 0.927166 0.854379 0.736572 0.768629 0.891609 0.743610 0.610851 0.379809 0.456711 0.619449 0.603184 0.401151 0.256067 0.290254 0.323098 0.291919 0.269324 0.305815 0.362986 0.409461 0.453927 0.564838 0.703347 0.823660 1.244055 1.309845 1.327278 1.373338 1.398259 1.386636 1.309541 1.014714 1.201847 1.622043 1.627891 1.618295 1.572032 1.538043 1.661550 1.700151 1.655271 1.567472 1.490697 1.412048 1.329916 1.303542 1.336234 1.359958 1.326436 1.276255 1.262132 1.289824 1.330883 1.346853 1.349262 1.314537 1.222501 1.193130 1.196134 1.204884 1.194090 1.157693 1.138981 0.746405 1.153148 1.205305 1.259934 1.206920 1.136422 1.094342 1.083632 1.066586 1.052523 1.068197 1.094901 1.113862 1.155367 1.200012 1.217983 1.226520 1.255827 1.290961 1.324769 1.347835 1.349529 1.319434 1.270071 1.219568 1.188518 1.175884 1.167906 1.160686 1.150908 0.745187 0.734345 0.709782 0.708222 0.723278 0.775471 0.835991 0.919765 1.079617 1.516632 1.525975 1.437493 1.372542 1.363221 1.385865 1.459881 1.488747 1.493751 1.420210 1.032136 0.885753 0.768891 0.674774 0.632971 0.633885 0.686589 0.707360 0.706768 0.702859 0.695335
0.000000 0.000000 0.000000 0.000000 0.000000 0.000000 0.000000 0.000000 0.000000 0.000000 0.000000 0.000000 0.000000 0.000000 0.000000 0.000000 0.000000 0.000000 0.000000 0.000000 0.000000 0.000000 0.000000 0.000000 0.000000 0.000000 0.000000 0.000000 0.000000 0.000000 0.000000 0.000000 0.000000 0.000000 0.000000 0.000000 0.000000 0.000000 0.000000 0.000000 0.000000 0.000000 0.000000 0.000000 0.000000 0.000000 0.000000 0.000000 0.000000 0.000000 0.000000 0.000000 0.000000 0.000000 0.000000 0.000000 0.000000 0.000000 0.000000 0.000000 0.000000 0.000000 0.000000 0.000000 0.000000 0.000000 0.000000 0.000000 0.000000 0.000000 0.000000 0.000000 0.000000 0.000000 0.000000 0.000000 0.000000 0.000000 0.000000 0.000000 0.000000 0.000000 0.000000 0.000000 0.000000 0.000000 0.000000 0.000000 0.000000 0.000000 0.000000 0.413281 0.608251 0.624103 0.492191 0.555851 0.685007 0.790046 0.830874 0.844647 0.921664 0.834535 0.790644 1.147459 1.251477 1.399827 0.993754 0.794907 0.721493 0.732846 0.712109 0.737703 0.903150 1.311718 1.349208 1.311663 1.215193 1.153502 1.112598 1.038989 1.015494 0.562275 0.459303 0.502860 1.133449 1.254676 0.905949 0.856564 0.936803 1.361477 1.045639 0.995204 0.940298 0.845488 0.815614 0.713292 0.593855 0.419634 0.343550 0.478064 0.540867 0.595987 0.738547 0.868323 0.897979 0.799045 0.655911 0.637040 1.083763 1.025637 1.036691 1.100787 1.174610 1.194207 1.263692 0.962683 0.936141 0.896397 0.846744 0.711427 0.659038 0.606401 0.549140 0.195934 0.165571 0.421382 0.546059 0.452032 0.361719 0.247719 0.227666 0.251221 0.324932 0.364960 0.377316 0.413786 0.489667 0.608802 0.758073 0.931596 1.018125 1.318293 1.290398 1.002001 1.043064 1.089250 1.072128 0.983587 1.095886 1.502591 1.474987 1.446597 1.428703 1.386565 1.451560 1.541736 1.538968 1.402425 1.303459 1.275061 1.252402 1.248682 1.253565 1.263732 1.256838 1.227162 1.221694 1.300083 1.374387 1.410454 1.413333 1.379476 1.290983 1.234084 1.261256 1.311705 0.950906 1.276773 1.229977 1.206334 1.187060 1.221090 1.321732 1.294887 1.198321 1.128191 1.095853 1.078169 1.068864 1.064123 1.075406 1.100046 1.151123 1.196795 1.238448 1.238955 1.215689 1.207693 1.222452 1.262826 1.280245 1.261349 1.232065 1.225818 1.219374 1.204820 0.854581 0.864553 0.852085 0.800110 0.805678 0.854268 0.802465 0.805461 0.808215 0.884007 0.952504 1.053038 1.172427 1.282437 1.269611 1.177014 1.417599 1.451274 1.530517 1.592713 1.580102 1.262326 1.091702 0.913985 0.780792 0.671980 0.606668 0.607908 0.653322 0.679672 0.712460 0.715653 0.724520 0.712836
0.000000 0.000000 0.000000 0.000000 0.000000 0.000000 0.000000 0.000000 0.000000 0.000000 0.000000 0.000000 0.000000 0.000000 0.000000 0.000000 0.000000 0.000000 0.000000 0.000000 0.000000 0.000000 0.000000 0.000000 0.000000 0.000000 0.000000 0.000000 0.000000 0.000000 0.000000 0.000000 0.000000 0.000000 0.000000 0.000000 0.000000 0.000000 0.000000 0.000000 0.000000 0.000000 0.000000 0.000000 0.000000 0.000000 0.000000 0.000000 0.000000 0.000000 0.000000 0.000000 0.000000 0.000000 0.000000 0.000000 0.000000 0.000000 0.000000 0.000000 0.000000 0.000000 0.000000 0.000000 0.000000 0.000000 0.000000 0.000000 0.000000 0.000000 0.000000 0.000000 0.000000 0.000000 0.000000 0.000000 0.000000 0.000000 0.000000 0.000000 0.000000 0.000000 0.000000 0.000000 0.000000 0.000000 0.000000 0.000000 0.000000 0.000000 0.384050 0.639455 0.718190 0.708169 0.542958 0.621969 0.726137 0.797377 0.824492 0.818222 0.868543 0.787794 0.849851 1.147023 1.042449 1.006896 0.793474 0.653901 0.690967 0.728569 0.797034 0.917761 1.392859 1.438126 1.348494 1.272035 1.222637 1.185740 1.229691 1.107035 1.079426 1.082364 1.087153 1.103692 1.154937 1.180880 1.184057 0.743509 0.750466 0.857188 0.924886 0.885557 0.859446 0.796433 0.717351 0.573304 0.498051 0.439478 0.486971 0.580252 0.613011 0.690415 0.773569 0.770603 0.678322 0.553769 0.556120 0.578943 1.000030 1.054287 1.115075 1.150531 1.181380 1.137322 1.221151 0.841736 0.828455 0.839863 0.846704 0.629664 0.468475 0.447385 0.308056 0.129293 0.432569 0.599324 0.567014 0.433792 0.267433 0.144544 0.197219 0.294472 0.318208 0.341820 0.400319 0.660764 0.823915 0.945613 1.085738 1.410482 1.410829 1.090730 0.993081 1.045004 1.117144 1.088465 0.969110 1.053812 1.452735 1.423864 1.391419 1.359021 1.328160 1.349110 1.372041 1.363808 1.321852 1.336837 1.379775 1.413748 1.370901 1.309959 1.251343 1.212524 1.173331 1.214639 1.335968 1.447502 1.496984 1.461795 1.425828 1.374446 1.288835 1.318178 1.374939 1.043438 1.375519 1.312064 1.255184 1.224221 1.265093 1.385468 1.437776 1.322765 1.183183 1.129836 1.121706 1.094298 1.079139 1.075604 1.077450 1.079809 1.105410 1.133919 1.158201 1.159223 1.149694 1.157924 1.205892 1.240284 1.243284 1.213223 0.829110 0.816356 0.839621 0.868875 0.904633 0.923066 0.931395 0.962106 1.311173 0.891688 0.906179 0.934725 0.997088 1.053027 1.137428 1.203926 1.262077 1.337466 1.244785 1.222411 1.241879 1.319928 1.385745 1.342257 1.198651 1.113500 0.982746 0.848579 0.754149 0.675616 0.686496 0.716962 0.733372 0.861197 0.912368 0.894850 0.852173 0.774869
0.000000 0.000000 0.000000 0.000000 0.000000 0.000000 0.000000 0.000000 0.000000 0.000000 0.000000 0.000000 0.000000 0.000000 0.000000 0.000000 0.000000 0.000000 0.000000 0.000000 0.000000 0.000000 0.000000 0.000000 0.000000 0.000000 0.000000 0.000000 0.000000 0.000000 0.000000 0.000000 0.000000 0.000000 0.000000 0.000000 0.000000 0.000000 0.000000 0.000000 0.000000 0.000000 0.000000 0.000000 0.000000 0.000000 0.000000 0.000000 0.000000 0.000000 0.000000 0.000000 0.000000 0.000000 0.000000 0.000000 0.000000 0.000000 0.000000 0.000000 0.000000 0.000000 0.000000 0.000000 0.000000 0.000000 0.000000 0.000000 0.000000 0.000000 0.000000 0.000000 0.000000 0.000000 0.000000 0.000000 0.000000 0.000000 0.000000 0.000000 0.000000 0.000000 0.000000 0.000000 0.000000 0.000000 0.000000 0.000000 0.000000 0.395671 0.672737 0.797761 0.818724 0.606629 0.565443 0.671837 0.742877 0.773149 0.881417 0.814667 0.814046 0.841141 1.031570 0.764275 0.979718 0.865757 0.706920 0.735005 0.796659 0.859603 1.201678 1.435868 1.498597 1.444333 1.335338 1.269771 1.245288 1.223117 1.186975 1.160802 1.126640 1.068902 1.073449 1.081676 0.652183 0.632805 0.679296 0.736809 0.793669 0.828551 0.828869 1.123503 0.743203 0.716133 0.677379 0.549502 0.529250 0.543209 0.607356 0.649582 0.666636 0.706671 0.674807 0.609611 0.668603 0.675022 1.062479 1.075579 1.352894 1.411264 1.451937 1.450895 1.418241 1.156029 0.797468 0.815320 0.905505 0.873321 0.721055 0.454043 0.311132 0.326868 0.186385 0.443288 0.675901 0.672394 0.537285 0.317120 0.084728 0.166266 0.345136 0.321881 0.356776 0.452334 0.724293 0.941726 1.014771 1.057031 1.084861 1.145994 1.421050 0.994613 0.920356 0.957864 1.027324 1.444397 1.073817 1.357688 1.362711 1.350693 1.337521 1.323269 1.340906 1.361644 1.405451 1.460072 1.492501 1.516583 1.526875 1.495182 1.347458 1.252024 1.203797 1.184648 1.275160 1.433092 1.550623 1.603969 1.560506 1.496472 1.456843 1.378494 1.330316 1.399394 1.177947 1.464875 1.369121 1.290114 1.278467 1.295691 1.466608 1.607083 1.575130 1.398474 1.256979 1.275741 1.263094 1.208411 1.148094 1.110510 1.084412 1.054448 1.043077 1.050778 1.070535 1.106693 1.154115 1.243507 1.319308 1.305846 1.262565 0.920438 0.923669 0.924944 0.947514 0.970390 0.974094 1.335794 1.361707 1.361824 0.988470 0.985239 1.007304 1.100585 1.189004 1.284758 1.345151 1.424843 1.496263 1.526578 1.455939 1.355348 1.310993 1.297443 1.227546 1.103897 0.945252 0.885392 0.832922 0.796424 0.790204 0.808163 0.858493 0.993771 1.069622 1.091188 1.075309 1.024051 1.222876 1.107373
0.000000 0.000000 0.000000 0.000000 0.000000 0.000000 0.000000 0.000000 0.000000 0.000000 0.000000 0.000000 0.000000 0.000000 0.000000 0.000000 0.000000 0.000000 0.000000 0.000000 0.000000 0.000000 0.000000 0.000000 0.000000 0.000000 0.000000 0.000000 0.000000 0.000000 0.000000 0.000000 0.000000 0.000000 0.000000 0.000000 0.000000 0.000000 0.000000 0.000000 0.000000 0.000000 0.000000 0.000000 0.000000 0.000000 0.000000 0.000000 0.000000 0.000000 0.000000 0.000000 0.000000 0.000000 0.000000 0.000000 0.000000 0.000000 0.000000 0.000000 0.000000 0.000000 0.000000 0.000000 0.000000 0.000000 0.000000 0.000000 0.000000 0.000000 0.000000 0.000000 0.000000 0.000000 0.000000 0.000000 0.000000 0.000000 0.000000 0.000000 0.000000 0.000000 0.000000 0.000000 0.000000 0.000000 0.000000 0.000000 0.377545 0.650057 0.800773 0.828312 0.852360 0.610322 0.613408 0.745037 0.891770 0.616363 0.551244 0.663652 1.557314 0.610728 0.825048 0.931328 0.901139 0.780304 0.789778 0.862003 0.842868 1.679370 1.424788 1.519903 1.503724 1.371572 1.253769 1.230518 1.228860 1.198582 1.212509 1.130993 1.105084 1.052739 0.549407 0.424045 0.417022 0.483863 0.623885 0.756476 0.765254 0.655428 0.885849 0.911669 0.643561 1.153023 0.649603 0.768142 0.735926 0.746611 0.771671 0.784352 0.840754 1.243303 0.852185 1.114660 1.065080 1.122138 1.214888 1.451998 1.505050 1.545362 1.536027 1.483863 1.448730 1.274110 1.325312 1.022770 0.906224 0.711463 0.513397 0.355183 0.295470 0.220532 0.386211 0.661065 0.807073 0.547587 0.396819 0.266494 0.335676 0.470827 0.495928 0.656978 0.815398 0.912187 1.033364 1.072720 1.036918 1.024573 1.011958 0.974565 1.312933 0.919239 1.272681 1.235299 0.874720 1.274519 1.394159 1.398543 1.399172 1.459090 1.507316 1.538399 1.532672 1.499495 1.468673 1.452596 1.469355 1.512118 1.574013 1.505956 1.338499 1.270134 1.249532 1.314798 1.495905 1.662566 1.735213 1.735595 1.621989 1.508805 1.449306 1.353288 1.362796 1.445707 1.571571 1.567358 1.456244 1.398074 1.466087 1.603816 1.779895 2.104295 1.933318 1.734634 1.703099 1.680369 1.638156 1.584917 1.253346 1.210611 1.176893 1.131034 1.103696 1.111367 1.340857 1.385572 1.441543 1.510795 1.546437 1.553391 1.300526 1.263976 1.261425 1.291783 1.308162 1.292308 1.304445 1.339015 1.370759 1.382393 1.030642 1.050293 1.119328 1.220265 1.312571 1.391771 1.770893 1.787404 1.751364 1.423753 1.322133 1.242978 1.161017 1.081374 0.978656 0.854437 0.785096 1.149830 1.154100 1.157233 1.209490 1.251837 1.255071 0.988790 1.154329 1.264697 1.209688 1.097041 1.241806 1.112109
0.000000 0.000000 0.000000 0.000000 0.000000 0.000000 0.000000 0.000000 0.000000 0.000000 0.000000 0.000000 0.000000 0.000000 0.000000 0.000000 0.000000 0.000000 0.000000 0.000000 0.000000 0.000000 0.000000 0.000000 0.000000 0.000000 0.000000 0.000000 0.000000 0.000000 0.000000 0.000000 0.000000 0.000000 0.000000 0.000000 0.000000 0.000000 0.000000 0.000000 0.000000 0.000000 0.000000 0.000000 0.000000 0.000000 0.000000 0.000000 0.000000 0.000000 0.000000 0.000000 0.000000 0.000000 0.000000 0.000000 0.000000 0.000000 0.000000 0.000000 0.000000 0.000000 0.000000 0.000000 0.000000 0.000000 0.000000 0.000000 0.000000 0.000000 0.000000 0.000000 0.000000 0.000000 0.000000 0.000000 0.000000 0.000000 0.000000 0.000000 0.000000 0.000000 0.000000 0.000000 0.000000 0.000000 0.000000 0.392642 1.124630 0.781761 0.811473 0.842977 0.815933 0.635994 0.689534 0.675740 0.567604 1.124894 0.693244 0.826334 0.489628 0.720789 0.892149 0.912914 0.856558 0.878828 0.925341 1.289805 1.315814 1.402992 1.454253 1.466555 1.379104 1.240148 1.181227 1.192904 1.190231 1.147678 1.095087 1.054792 0.621176 0.547040 0.483307 0.554796 0.528410 0.930277 0.938572 0.878283 0.515113 0.508265 0.906284 1.066978 1.472643 1.290802 1.044806 1.041680 0.883552 0.961471 1.389611 1.567366 1.558965 1.523158 1.272888 1.382032 1.320477 1.396153 1.511854 1.714808 1.795799 1.670140 1.601482 1.505950 1.347095 1.398527 1.441952 0.984869 0.817221 0.565160 0.445586 0.464532 0.473174 0.397942 0.605485 0.789420 0.610687 0.369048 0.366095 0.506430 0.728991 0.728477 0.736206 0.738962 0.872997 0.997028 1.079270 1.093742 1.067013 1.036553 1.005000 1.380325 1.381475 1.381141 1.383921 1.357385 1.342017 1.366634 1.417023 1.442500 1.501310 1.557556 1.591123 1.614889 1.610340 1.580950 1.562220 1.555693 1.574579 1.626568 1.698886 1.617129 1.412693 1.313443 1.271102 1.464843 1.732846 1.814715 1.811958 1.742031 1.594805 1.487489 1.612683 1.551350 1.414950 1.533513 1.643222 1.697479 1.666818 1.636631 1.968060 2.079152 2.170044 2.157077 1.979006 1.811323 1.694509 1.603297 1.534876 1.494061 1.485228 1.516509 1.416161 1.498388 1.356593 1.336085 1.358226 1.416708 1.490098 1.534706 1.350896 1.309241 1.283459 1.276443 1.312719 1.352289 1.351801 1.354744 1.355521 1.354083 1.371656 1.388338 1.422928 1.465978 1.530704 1.564922 1.559715 1.551911 1.529962 1.481376 1.440743 1.435157 1.072654 1.035451 1.324267 1.272703 1.219302 1.141122 1.106479 1.139413 1.186347 1.224844 1.300408 1.377684 1.353179 0.958046 1.098079 1.212749 1.203786 1.315910 1.214601 1.111923
0.000000 0.000000 0.000000 0.000000 0.000000 0.000000 0.000000 0.000000 0.000000 0.000000 0.000000 0.000000 0.000000 0.000000 0.000000 0.000000 0.000000 0.000000 0.000000 0.000000 0.000000 0.000000 0.000000 0.000000 0.000000 0.000000 0.000000 0.000000 0.000000 0.000000 0.000000 0.000000 0.000000 0.000000 0.000000 0.000000 0.000000 0.000000 0.000000 0.000000 0.000000 0.000000 0.000000 0.000000 0.000000 0.000000 0.000000 0.000000 0.000000 0.000000 0.000000 0.000000 0.000000 0.000000 0.000000 0.000000 0.000000 0.000000 0.000000 0.000000 0.000000 0.000000 0.000000 0.000000 0.000000 0.000000 0.000000 0.000000 0.000000 0.000000 0.000000 0.000000 0.000000 0.000000 0.000000 0.000000 0.000000 0.000000 0.000000 0.000000 0.000000 0.000000 0.000000 0.000000 0.000000 0.000000 0.784425 0.540397 0.730630 0.843831 0.805077 0.693807 0.813763 0.747149 0.688516 0.532392 0.938814 0.758562 0.701562 0.437276 0.612951 0.830318 0.903529 0.868355 0.885532 1.165213 1.202741 1.261144 1.395909 1.429379 1.449264 1.400272 1.288322 1.205961 1.217640 1.245481 1.243477 1.174482 0.805645 0.771105 1.036026 0.995027 0.927794 0.914159 0.909600 0.921056 0.911594 1.027188 0.866934 0.989408 1.308812 1.455783 1.649685 1.610598 1.499089 1.454251 1.701344 1.661169 1.645914 1.617026 1.588513 1.536868 1.594612 1.531098 1.513616 1.706015 1.804331 1.944479 1.804293 1.732862 1.653653 1.575408 1.425985 1.496347 1.094221 0.987087 0.747433 0.594847 0.566278 0.622841 0.645234 0.674895 0.753199 0.720777 0.420004 0.380525 0.539952 0.850967 0.818192 0.681044 0.654526 0.808794 0.862434 0.894850 0.935601 0.968622 0.962972 0.973519 1.405325 1.450266 1.468311 1.475098 1.438282 1.437144 1.444010 1.483112 1.552820 1.589081 1.602519 1.614866 1.609482 1.600161 1.579988 1.553385 1.532064 1.529670 1.545606 1.604976 1.688895 1.643225 1.425753 1.273878 1.335663 1.701140 1.985478 2.052691 2.154093 1.971063 1.736799 1.568725 1.516124 1.521247 1.561809 1.670586 1.733468 1.915404 1.968163 1.981762 2.061648 2.182193 2.232650 2.188477 2.027232 1.787641 1.578112 1.433925 1.319202 1.333188 1.385259 1.430811 1.470396 1.469260 1.466467 1.470121 1.379209 1.448833 1.538394 1.365069 1.356195 1.378103 1.392737 1.383189 1.393082 1.419165 1.406077 1.383406 1.369503 1.333803 1.327144 1.335696 1.356228 1.398781 1.406419 1.387812 1.354167 1.324463 1.272903 1.226411 1.236842 1.261091 1.292783 1.279692 1.275441 1.273880 1.296697 1.520930 1.284538 0.980781 0.936975 1.247787 1.026819 1.199076 1.532256 1.485366 1.147063 1.565273 1.242111 1.174147 1.156591 1.098879
0.000000 0.000000 0.000000 0.000000 0.000000 0.000000 0.000000 0.000000 0.000000 0.000000 0.000000 0.000000 0.000000 0.000000 0.000000 0.000000 0.000000 0.000000 0.000000 0.000000 0.000000 0.000000 0.000000 0.000000 0.000000 0.000000 0.000000 0.000000 0.000000 0.000000 0.000000 0.000000 0.000000 0.000000 0.000000 0.000000 0.000000 0.000000 0.000000 0.000000 0.000000 0.000000 0.000000 0.000000 0.000000 0.000000 0.000000 0.000000 0.000000 0.000000 0.000000 0.000000 0.000000 0.000000 0.000000 0.000000 0.000000 0.000000 0.000000 0.000000 0.000000 0.000000 0.000000 0.000000 0.000000 0.000000 0.000000 0.000000 0.000000 0.000000 0.000000 0.000000 0.000000 0.000000 0.000000 0.000000 0.000000 0.000000 0.000000 0.000000 0.000000 0.000000 0.000000 0.000000 0.000000 0.185336 0.721895 0.620163 0.699098 0.729345 0.693084 0.575197 0.495085 0.521972 0.644032 0.777347 0.669037 0.392113 0.397706 0.603566 0.751134 0.861515 0.858048 1.119857 1.074525 1.097207 1.178723 1.349211 1.465640 1.484338 1.392956 1.300484 1.226619 1.232852 0.908095 0.886618 0.830278 0.786036 0.852178 1.135111 1.094033 1.022976 0.951758 0.947681 0.962114 1.111274 1.135274 1.193474 1.383543 1.468374 1.630698 1.736202 1.832547 1.922508 1.786179 1.741089 1.735498 1.733202 1.640783 1.611474 1.652989 1.607513 1.533256 1.516216 1.724838 1.941576 2.011301 2.012636 1.836569 1.718239 1.593495 1.343159 1.467218 1.128762 1.060403 0.934297 0.754152 0.722261 0.743027 0.809093 0.803017 0.698268 0.684505 0.753000 0.519079 0.751090 0.934923 0.835537 0.560743 0.525094 0.633126 0.705802 0.719558 0.712622 0.718792 0.739888 0.793405 1.262612 1.345261 1.374005 1.357724 0.989753 1.297275 1.374711 1.417515 1.433987 1.499883 1.550599 1.581490 1.599097 1.585535 1.550952 1.518626 1.494000 1.476714 1.476978 1.523025 1.573690 1.662416 1.701627 1.571478 1.405285 1.679177 1.939969 2.206444 2.304318 2.292897 2.108498 1.843586 1.581372 1.461378 1.455846 1.516986 1.660193 1.707914 1.816115 2.005094 2.004781 2.052562 2.062298 2.025190 1.922121 1.768780 1.554854 1.362384 1.193956 1.159776 1.229655 1.310086 1.372009 1.420334 1.417582 1.411809 1.426232 1.376325 1.276734 1.331250 1.333019 1.343161 1.380070 1.399453 1.387993 1.397497 1.441442 1.454944 1.440187 1.389344 1.340991 1.300339 1.301675 1.307285 1.289327 1.267331 1.237073 1.245686 1.285804 1.532820 1.549993 1.572327 1.609782 1.633221 1.643401 1.646707 1.409818 1.394992 1.384255 1.352970 1.324731 1.493691 1.251855 1.254665 1.309413 1.386906 1.372578 1.081565 1.195346 1.064439 1.029715 1.061410 1.042351
0.000000 0.000000 0.000000 0.000000 0.000000 0.000000 0.000000 0.000000 0.000000 0.000000 0.000000 0.000000 0.000000 0.000000 0.000000 0.000000 0.000000 0.000000 0.000000 0.000000 0.000000 0.000000 0.000000 0.000000 0.000000 0.000000 0.000000 0.000000 0.000000 0.000000 0.000000 0.000000 0.000000 0.000000 0.000000 0.000000 0.000000 0.000000 0.000000 0.000000 0.000000 0.000000 0.000000 0.000000 0.000000 0.000000 0.000000 0.000000 0.000000 0.000000 0.000000 0.000000 0.000000 0.000000 0.000000 0.000000 0.000000 0.000000 0.000000 0.000000 0.000000 0.000000 0.000000 0.000000 0.000000 0.000000 0.000000 0.000000 0.000000 0.000000 0.000000 0.000000 0.000000 0.000000 0.000000 0.000000 0.000000 0.000000 0.000000 0.000000 0.000000 0.000000 0.000000 0.000000 0.000000 0.406001 0.550091 0.983610 0.657950 0.663278 0.534300 0.529966 0.745191 0.741980 0.795421 0.745430 0.420641 0.737321 0.482700 0.651076 0.806851 0.847833 1.128231 1.091263 1.086417 1.162577 1.327678 1.475112 1.505859 1.435758 1.311791 1.258680 0.866907 0.819535 0.808822 0.830301 0.877554 0.993233 1.057090 1.255174 1.151830 1.148654 1.159877 0.939434 1.127439 1.077859 0.964318 1.390339 1.405110 1.882076 1.700298 1.773870 1.836585 1.883925 1.722875 1.709395 1.835815 1.792241 1.695827 1.583825 1.508389 1.486615 1.512354 1.637437 1.890848 2.018631 2.032849 1.977768 1.785778 1.575840 1.445091 1.400537 1.479867 1.022618 0.896597 0.753593 0.689744 0.773275 0.863964 0.907157 0.778786 0.731254 0.789432 0.835659 1.263968 0.997506 0.877171 0.638899 0.631459 0.634953 0.641110 0.613612 0.573358 0.578070 0.607934 0.655791 1.107913 0.829292 1.239478 1.223423 1.234090 1.309508 1.376122 1.419489 1.460287 1.496170 1.545682 1.842855 1.694289 1.651260 1.566252 1.500957 1.483563 1.497373 1.512014 1.550842 1.576125 1.779365 1.801352 1.864621 1.871590 1.732255 1.769282 1.932640 2.239028 2.386369 2.439499 2.375335 2.202999 1.993847 1.813764 1.721083 1.739840 1.822206 1.905208 1.970066 2.000854 2.023209 1.989330 1.906467 1.763800 1.598378 1.455011 1.279713 1.087066 1.015746 1.069640 1.160327 1.260687 1.326607 1.379328 1.291286 1.292509 1.305585 1.335713 1.212586 1.274561 1.307651 1.348952 1.372555 1.377822 1.403729 1.475035 1.528076 1.578404 1.544426 1.487654 1.440518 1.394701 1.574095 1.558213 1.528993 1.502951 1.281373 1.487011 1.339559 1.548946 1.575441 1.597492 1.613987 1.624738 1.777979 1.429106 1.422565 1.409811 1.398149 1.371418 1.336339 1.276297 1.221940 1.197451 1.208175 1.421770 1.159041 1.059577 0.998405 0.957432 0.959799 0.992684 1.178011
0.000000 0.000000 0.000000 0.000000 0.000000 0.000000 0.000000 0.000000 0.000000 0.000000 0.000000 0.000000 0.000000 0.000000 0.000000 0.000000 0.000000 0.000000 0.000000 0.000000 0.000000 0.000000 0.000000 0.000000 0.000000 0.000000 0.000000 0.000000 0.000000 0.000000 0.000000 0.000000 0.000000 0.000000 0.000000 0.000000 0.000000 0.000000 0.000000 0.000000 0.000000 0.000000 0.000000 0.000000 0.000000 0.000000 0.000000 0.000000 0.000000 0.000000 0.000000 0.000000 0.000000 0.000000 0.000000 0.000000 0.000000 0.000000 0.000000 0.000000 0.000000 0.000000 0.000000 0.000000 0.000000 0.000000 0.000000 0.000000 0.000000 0.000000 0.000000 0.000000 0.000000 0.000000 0.000000 0.000000 0.000000 0.000000 0.000000 0.000000 0.000000 0.000000 0.000000 0.000000 0.367907 0.506201 0.706627 0.616287 0.618468 0.566064 0.558923 0.663936 0.970148 0.924985 0.484933 0.474957 0.455384 0.465889 0.580059 0.785158 1.153150 1.131571 1.101491 1.106202 1.155550 1.286652 1.447212 1.522944 1.519415 1.361433 0.888653 0.794889 0.738802 0.699262 0.714878 0.825312 0.945419 1.305797 1.266187 1.151551 1.022270 1.225421 1.182454 0.965510 0.924070 0.973013 1.166104 1.346007 1.470386 1.542937 1.830504 1.605880 1.706578 1.723941 1.735685 1.705434 1.634366 1.557581 1.484740 1.395083 1.307061 1.356254 1.447682 1.763491 1.880184 1.953707 1.961874 1.920823 1.851398 1.506334 1.493817 1.419934 1.027320 0.861427 0.759519 0.658668 0.642498 0.761861 0.697792 0.693507 0.753199 0.855555 0.936476 0.917659 0.996965 0.914833 0.804582 0.767589 0.742651 0.770748 0.766473 0.764088 0.735996 0.721080 1.063822 1.084299 0.885841 1.203716 1.239039 1.285661 1.353169 1.401600 1.419258 1.488612 1.756924 1.811522 1.871836 1.869764 1.825523 1.771749 1.716496 1.483502 1.190980 1.491411 1.331074 1.421718 1.853823 1.851508 1.843582 1.859769 1.990099 1.991897 2.002553 2.055711 2.168829 2.263787 2.359432 2.417883 2.428632 2.397960 2.342494 2.268799 2.199473 2.103018 2.054166 2.015811 1.952563 1.863087 1.792709 1.684035 1.532367 1.323471 1.159435 1.045695 0.871662 0.963153 1.061449 1.044269 1.142810 1.242044 1.277762 1.306071 1.299344 1.291348 1.317171 1.350368 1.420292 1.488797 1.405127 1.437369 1.456908 1.509329 1.591700 1.881766 1.920171 1.832842 1.709177 1.644291 1.628322 1.608600 1.544040 1.502079 1.478699 1.465411 1.463005 1.474646 1.509146 1.540048 1.557028 1.571938 1.567919 1.347772 1.352539 1.367363 1.371805 1.366884 1.529942 1.463704 1.191111 1.143316 1.299935 1.259884 1.218293 1.187365 1.148955 1.109135 1.090138 1.106308 1.121735 1.234456
0.000000 0.000000 0.000000 0.000000 0.000000 0.000000 0.000000 0.000000 0.000000 0.000000 0.000000 0.000000 0.000000 0.000000 0.000000 0.000000 0.000000 0.000000 0.000000 0.000000 0.000000 0.000000 0.000000 0.000000 0.000000 0.000000 0.000000 0.000000 0.000000 0.000000 0.000000 0.000000 0.000000 0.000000 0.000000 0.000000 0.000000 0.000000 0.000000 0.000000 0.000000 0.000000 0.000000 0.000000 0.000000 0.000000 0.000000 0.000000 0.000000 0.000000 0.000000 0.000000 0.000000 0.000000 0.000000 0.000000 0.000000 0.000000 0.000000 0.000000 0.000000 0.000000 0.000000 0.000000 0.000000 0.000000 0.000000 0.000000 0.000000 0.000000 0.000000 0.000000 0.000000 0.000000 0.000000 0.000000 0.000000 0.000000 0.000000 0.000000 0.000000 0.969399 0.370603 0.429248 0.610728 0.532875 0.569856 0.585167 0.602057 0.614888 0.748436 0.862240 0.922170 0.811121 0.571046 0.515452 0.500718 0.584918 1.037324 1.070566 1.085826 1.100426 1.125093 1.196377 1.261714 1.405876 1.501719 1.492570 1.007017 0.819635 0.700001 0.603210 0.452325 0.458913 0.665134 0.806697 1.178994 1.195058 1.122734 1.164053 1.048876 1.089334 1.015327 0.889514 0.867137 0.942264 1.025078 1.172519 1.192774 1.354249 1.398446 1.428884 1.467079 1.476949 1.490154 1.440666 1.374298 1.291893 1.234400 1.153352 1.072696 1.209445 1.498618 1.706887 1.773692 1.790657 1.799063 1.833300 1.735256 1.573490 1.541804 1.529573 0.914216 0.792136 0.715763 0.721636 0.672418 0.551000 0.476317 0.600352 0.754896 0.904716 0.933154 0.979638 0.931817 0.863216 0.771874 0.717890 0.727944 0.819301 0.953574 1.043563 1.324712 1.286746 0.960577 0.953996 0.882424 1.238805 1.321134 1.406762 1.465354 1.727375 1.759353 1.817742 1.902793 1.944730 1.951730 1.930471 1.727436 1.849917 1.789121 1.514010 1.151483 1.169975 1.289144 1.441438 1.918669 2.020824 2.078358 2.193136 2.200772 2.283558 2.250039 2.304245 2.362968 2.408972 2.430064 2.421138 2.380013 2.302249 2.225369 2.125889 2.012582 1.926427 1.843195 1.808905 1.769171 1.668052 1.547737 1.409544 1.260726 1.148236 1.052574 0.865455 0.807572 0.937004 1.011538 1.058305 1.126945 1.206802 1.253050 1.279265 1.295304 1.304124 1.328464 1.357548 1.541497 1.599882 1.556881 1.607111 1.677384 1.735673 1.777594 1.849357 1.885539 1.833817 1.709092 1.644128 1.662790 1.660579 1.601219 1.506856 1.506667 1.513588 1.511405 1.510785 1.525229 1.537091 1.572373 1.569007 1.556493 1.334041 1.357933 1.375214 1.534810 1.479584 1.421935 1.360197 1.318294 1.101429 1.053504 1.024450 1.036605 1.181276 1.177093 1.238376 1.126176 1.189312 1.215397 1.144923
0.000000 0.000000 0.000000 0.000000 0.000000 0.000000 0.000000 0.000000 0.000000 0.000000 0.000000 0.000000 0.000000 0.000000 0.000000 0.000000 0.000000 0.000000 0.000000 0.000000 0.000000 0.000000 0.000000 0.000000 0.000000 0.000000 0.000000 0.000000 0.000000 0.000000 0.000000 0.000000 0.000000 0.000000 0.000000 0.000000 0.000000 0.000000 0.000000 0.000000 0.000000 0.000000 0.000000 0.000000 0.000000 0.000000 0.000000 0.000000 0.000000 0.000000 0.000000 0.000000 0.000000 0.000000 0.000000 0.000000 0.000000 0.000000 0.000000 0.000000 0.000000 0.000000 0.000000 0.000000 0.000000 0.000000 0.000000 0.000000 0.000000 0.000000 0.000000 0.000000 0.000000 0.000000 0.000000 0.000000 0.000000 0.000000 0.000000 0.000000 0.000000 0.392476 0.457767 0.501908 0.547592 0.593039 0.631856 0.639535 0.686539 0.836773 0.981264 0.994361 0.854740 0.872163 0.572883 0.959182 0.977785 0.969435 0.988500 1.019721 1.060317 1.132534 1.204349 1.225397 1.328469 1.422635 1.114262 0.997585 0.746680 0.456933 0.335703 0.300489 0.402526 0.589198 1.008393 1.050325 1.112446 1.214900 1.083047 0.959277 1.484265 0.955495 0.919260 0.922525 0.916188 0.875514 0.875960 1.024427 1.121737 1.213777 1.272289 1.300070 1.330403 1.387530 1.363400 1.298695 1.200710 1.024634 0.901501 0.835966 1.037570 1.236648 1.352826 1.498098 1.557051 1.618377 1.621159 1.550747 1.351953 1.311459 1.309791 1.273904 1.471156 1.245529 1.318492 1.233196 0.526617 0.292396 0.362736 0.530613 0.688990 0.748164 0.936086 0.943129 0.780847 0.712731 0.698355 0.696256 0.740192 0.876435 1.272829 1.316812 1.393224 1.177474 1.183584 1.056246 1.111987 1.442655 1.719828 1.780681 1.822162 1.876177 1.935204 1.974066 2.011541 2.060755 2.092181 2.107122 2.089734 2.080847 1.651571 1.577070 1.572169 1.611720 1.674587 2.048420 2.079584 2.117987 2.234288 2.320320 2.329468 2.331845 2.324944 2.320881 2.335524 2.345055 2.301332 2.188443 2.048990 1.907986 1.816359 1.720658 1.603918 1.525185 1.525131 1.471481 1.439524 1.395995 1.316091 1.238959 1.131212 1.028403 0.974579 0.987855 0.876061 1.009099 1.062246 1.067435 1.105662 1.172471 1.227113 1.288785 1.342688 1.245153 1.503118 1.529281 1.460608 1.494939 1.543089 1.594360 1.637830 1.674953 1.703045 1.728566 1.750248 1.744869 1.715556 1.603928 1.613809 1.637657 1.600035 1.502460 1.483462 1.525529 1.561725 1.581562 1.609342 1.616991 1.651488 1.649828 1.597231 1.566105 1.558655 1.527595 1.478277 1.423682 1.376778 1.328254 1.150749 1.117173 1.077717 1.083381 1.138468 1.362864 1.336874 1.301428 1.242734 1.303328 1.348245 1.298343
0.000000 0.000000 0.000000 0.000000 0.000000 0.000000 0.000000 0.000000 0.000000 0.000000 0.000000 0.000000 0.000000 0.000000 0.000000 0.000000 0.000000 0.000000 0.000000 0.000000 0.000000 0.000000 0.000000 0.000000 0.000000 0.000000 0.000000 0.000000 0.000000 0.000000 0.000000 0.000000 0.000000 0.000000 0.000000 0.000000 0.000000 0.000000 0.000000 0.000000 0.000000 0.000000 0.000000 0.000000 0.000000 0.000000 0.000000 0.000000 0.000000 0.000000 0.000000 0.000000 0.000000 0.000000 0.000000 0.000000 0.000000 0.000000 0.000000 0.000000 0.000000 0.000000 0.000000 0.000000 0.000000 0.000000 0.000000 0.000000 0.000000 0.000000 0.000000 0.000000 0.000000 0.000000 0.000000 0.000000 0.000000 0.000000 0.000000 0.000000 0.411950 0.447548 0.480768 0.522688 0.565042 0.625317 0.605628 0.794385 0.910307 1.076633 1.111430 0.921926 0.894679 0.904735 0.945102 0.965343 0.947092 0.972736 0.999976 1.051037 1.113428 1.152022 1.173543 1.217224 0.949103 0.917571 0.836795 0.653303 0.313779 0.261509 0.468713 0.600325 0.712030 1.224295 1.255300 1.216699 1.251480 1.106602 0.948604 0.813621 0.807475 1.234718 0.827619 0.770274 0.739323 0.771938 0.854392 0.951631 1.041138 1.136221 1.197466 1.236507 1.258699 1.243502 1.353783 1.012643 0.868839 0.735250 0.650394 0.837961 1.004989 1.089990 1.134594 1.138872 1.168970 1.219427 1.183009 1.057764 0.948907 1.019271 1.186075 1.482164 1.543506 0.901624 1.244829 0.680323 0.447560 0.485141 0.474653 0.542540 0.719930 1.156582 0.846578 0.641566 0.534957 0.586179 0.699327 0.782367 1.053109 1.083414 1.163650 1.279637 1.372997 1.351416 1.361658 1.399785 1.662513 1.703827 1.760836 1.593441 1.864784 1.904832 1.935512 1.958699 1.982777 1.984842 1.982335 1.975950 1.948596 1.745010 1.490111 1.495975 1.527123 1.750181 1.909431 1.906779 1.907393 1.991528 2.058995 2.074752 2.102004 2.134357 2.158504 2.170984 2.122820 2.015112 1.815926 1.618297 1.473934 1.372412 1.292764 1.211783 1.183186 1.157758 1.169054 1.141427 1.101156 1.138916 1.214802 1.150744 1.129605 1.143099 1.036536 0.980398 0.899341 0.992170 1.082857 1.224253 1.273347 1.339572 1.432264 1.502704 1.580622 1.617167 1.496563 1.488494 1.520088 1.552815 1.572207 1.583706 1.593002 1.593478 1.596865 1.612278 1.630896 1.617877 1.571741 1.526239 1.506003 1.514476 1.496390 1.442501 1.408396 1.459598 1.525848 1.581590 1.623506 1.658940 1.696774 1.713814 1.699223 1.615166 1.683009 1.608921 1.575623 1.537281 1.395894 1.228733 1.197786 1.159679 1.166239 1.193591 1.368209 1.362190 1.316137 1.346527 1.373496 1.477601 1.480070 1.360808
0.000000 0.000000 0.000000 0.000000 0.000000 0.000000 0.000000 0.000000 0.000000 0.000000 0.000000 0.000000 0.000000 0.000000 0.000000 0.000000 0.000000 0.000000 0.000000 0.000000 0.000000 0.000000 0.000000 0.000000 0.000000 0.000000 0.000000 0.000000 0.000000 0.000000 0.000000 0.000000 0.000000 0.000000 0.000000 0.000000 0.000000 0.000000 0.000000 0.000000 0.000000 0.000000 0.000000 0.000000 0.000000 0.000000 0.000000 0.000000 0.000000 0.000000 0.000000 0.000000 0.000000 0.000000 0.000000 0.000000 0.000000 0.000000 0.000000 0.000000 0.000000 0.000000 0.000000 0.000000 0.000000 0.000000 0.000000 0.000000 0.000000 0.000000 0.000000 0.000000 0.000000 0.000000 0.572795 0.000000 0.000000 0.000000 0.000000 0.394307 0.424174 0.432219 0.444722 0.478599 0.522017 0.565066 0.872370 1.104398 1.134352 1.146368 0.961448 1.099948 0.904188 0.912691 0.921103 0.919546 1.575339 1.369710 1.000779 1.058455 1.084999 1.118532 0.812628 0.803626 1.089733 0.527989 0.821398 0.832028 0.909879 0.973123 1.019907 1.202473 1.216286 1.176951 1.176915 1.010387 0.950947 0.932467 0.841851 0.726577 0.740220 1.045860 0.766471 0.736242 0.718943 0.771341 0.869440 0.933517 0.977023 1.046723 1.067236 1.070456 1.041505 0.957492 0.930448 0.663571 0.589499 0.582128 0.502063 0.729061 0.948071 0.797333 0.685174 0.585818 0.557925 0.484062 0.574517 0.604702 0.895905 1.065164 1.308851 1.217690 1.407646 1.393471 1.323829 1.014755 1.093284 0.846016 0.464060 0.967686 0.751387 0.763897 0.627399 0.545127 0.654129 0.810974 1.128803 1.251419 1.017449 1.106619 1.083696 1.351262 1.211942 1.168627 1.222248 1.287375 1.542462 1.592993 1.629000 1.673815 1.713115 1.725088 1.720833 1.705481 1.685404 1.651172 1.608059 1.559330 1.357037 1.347745 1.388192 1.442884 1.629424 1.644997 1.655486 1.658585 1.673331 1.780884 1.872812 1.840229 1.929732 1.943629 1.918745 1.892431 1.803514 1.588944 1.345744 1.144273 1.015311 0.929597 0.873259 0.842281 1.079347 0.908219 0.912547 1.000668 1.093789 1.154957 1.132737 1.212580 1.229692 1.114545 1.069301 1.227902 1.279616 1.324776 1.377438 1.422430 1.469801 1.518467 1.454406 1.615804 1.496831 1.472780 1.452727 1.452358 1.479322 1.509375 1.512269 1.514177 1.513768 1.515045 1.515895 1.545474 1.532561 1.593755 1.538852 1.401513 1.383198 1.364571 1.328029 1.294829 1.274727 1.298673 1.357206 1.422421 1.467031 1.546753 1.606719 1.691410 1.824669 1.749266 1.692816 1.672825 1.610700 1.443988 1.285426 1.284462 1.299557 1.325495 1.349240 1.519713 1.519403 1.466951 1.374585 1.376151 1.524177 1.609319 1.586014 1.519918
0.000000 0.000000 0.000000 0.000000 0.000000 0.000000 0.000000 0.000000 0.000000 0.000000 0.000000 0.000000 0.000000 0.000000 0.000000 0.000000 0.000000 0.000000 0.000000 0.000000 0.000000 0.000000 0.000000 0.000000 0.000000 0.000000 0.000000 0.000000 0.000000 0.000000 0.000000 0.000000 0.000000 0.000000 0.000000 0.000000 0.000000 0.000000 0.000000 0.000000 0.000000 0.000000 0.000000 0.000000 0.000000 0.000000 0.000000 0.000000 0.000000 0.000000 0.000000 0.000000 0.000000 0.000000 0.000000 0.000000 0.000000 0.000000 0.000000 0.000000 0.000000 0.000000 0.000000 0.000000 0.000000 0.000000 0.000000 0.000000 0.000000 0.000000 0.000000 0.000000 0.000000 0.000000 0.552231 0.000000 0.000000 0.000000 0.358174 0.383906 0.379490 0.370029 0.000000 0.451375 0.611086 0.988964 1.197369 1.224296 1.199602 1.102932 0.909569 0.902044 0.885369 0.866726 0.860160 1.125042 0.925734 0.942453 0.966298 0.967274 0.981136 0.911431 0.823414 0.764526 0.747744 0.835333 0.885252 0.929835 1.049541 1.100630 1.239421 1.290356 1.178975 1.055143 0.952059 0.998445 1.013443 0.887357 0.765535 0.741344 0.788356 0.790242 0.765825 0.745562 0.748348 0.790803 0.828785 0.835022 0.849686 0.847776 0.798723 0.754818 0.694210 0.589479 0.760835 1.290382 0.000000 0.000000 0.000000 0.000000 0.482375 0.538000 0.538630 0.423986 0.465380 0.000000 0.465538 0.734613 0.964361 1.249331 1.335441 1.308950 1.403923 1.258973 0.974264 1.094687 0.813715 0.796155 0.902011 0.668789 0.673542 0.646625 0.706743 0.887355 1.255612 1.402363 1.207355 0.938940 1.023789 1.201140 1.159248 1.193513 0.964905 0.985427 1.056573 1.093518 1.333754 1.383721 1.443690 1.463801 1.448268 1.430947 1.419559 1.393951 1.338472 1.260965 1.196959 1.196439 1.015373 1.061500 1.278410 1.303128 1.344090 1.378873 1.406658 1.432194 1.579218 1.614606 1.669179 1.651152 1.610585 1.561821 1.523607 1.460519 1.291788 1.082709 0.882420 0.703993 0.589806 0.590369 0.722543 0.852681 0.958344 1.032861 1.044757 1.089868 1.124369 1.063205 1.127334 1.114547 1.135940 1.174190 1.221722 1.328140 1.332155 1.348086 1.387388 1.422124 1.354879 1.484576 1.385733 1.377767 1.364740 1.342434 1.319593 1.316268 1.329492 1.350784 1.374920 1.393179 1.398103 1.495788 1.489730 1.485294 1.463053 1.422763 1.375465 1.358311 1.351328 1.329701 1.285181 1.148819 1.111855 1.131451 1.175771 1.233113 1.361819 1.365716 1.486508 1.671047 1.689350 1.677197 1.682470 1.734783 1.626089 1.603264 1.406951 1.347385 1.395128 1.453364 1.647350 1.681420 1.740119 1.508451 1.488540 1.482229 1.574389 1.690761 1.644963 1.496610
0.000000 0.000000 0.000000 0.000000 0.000000 0.000000 0.000000 0.000000 0.000000 0.000000 0.000000 0.000000 0.000000 0.000000 0.000000 0.000000 0.000000 0.000000 0.000000 0.000000 0.000000 0.000000 0.000000 0.000000 0.000000 0.000000 0.000000 0.000000 0.000000 0.000000 0.000000 0.000000 0.000000 0.000000 0.000000 0.000000 0.000000 0.000000 0.000000 0.000000 0.000000 0.000000 0.000000 0.000000 0.000000 0.000000 0.000000 0.000000 0.000000 0.000000 0.000000 0.000000 0.000000 0.000000 0.000000 0.000000 0.000000 0.000000 0.000000 0.000000 0.000000 0.000000 0.000000 0.000000 0.000000 0.000000 0.000000 0.000000 0.000000 0.000000 0.000000 0.000000 0.000000 0.000000 0.000000 0.000000 0.000000 0.000000 0.000000 0.000000 0.000000 0.460976 0.560766 0.600173 1.669585 1.211860 1.329804 1.164509 1.094180 0.896075 0.865607 0.848106 0.949482 0.808016 0.824741 0.956618 0.850534 0.830781 0.767678 0.719445 0.756382 0.743931 0.642440 0.776535 0.841505 0.929000 1.124660 1.184935 1.240927 1.332730 1.245785 1.123779 0.986595 0.995782 1.045495 1.183464 1.074155 0.946499 0.838785 0.849705 0.795322 0.775002 0.745467 0.729885 0.734078 0.722490 0.695247 0.634866 0.615181 0.600265 0.546981 0.489761 0.430077 0.000000 0.000000 0.000000 0.000000 0.000000 0.000000 0.000000 0.461101 0.336663 0.004000 0.000000 0.000000 0.389171 0.579071 0.947552 1.172103 1.350552 1.400760 1.388080 1.073114 1.175426 1.072165 0.493574 0.787931 0.844884 0.561892 0.636084 0.745275 0.957203 1.118729 1.411369 1.373430 1.306781 1.062935 0.993421 1.160733 1.060562 1.060582 0.532356 0.843388 0.874051 0.888822 0.968987 1.213576 1.207260 1.170918 1.147680 1.128253 1.099108 1.069148 1.009792 0.932529 0.901670 1.004418 0.943259 0.798674 0.835340 1.069470 1.167684 1.175227 1.180444 1.186466 1.284021 1.289467 1.276804 1.270820 1.197823 1.086350 0.977964 0.907985 0.822677 0.702166 0.529263 0.487282 0.442544 0.554043 0.709784 0.851165 1.001507 1.095676 1.128193 1.095296 1.025918 0.991679 1.052516 1.068697 1.069861 1.112452 1.149234 1.246664 1.210932 1.171450 1.151310 1.182777 1.244044 1.167989 1.167560 1.158555 1.147650 1.136626 1.124876 1.117530 1.205845 1.219269 1.247239 1.264499 1.272350 1.293504 1.309775 1.325781 1.298929 1.257655 1.223568 1.222752 1.232833 1.227252 1.180259 1.051859 1.035766 1.118732 1.163689 1.239727 1.261251 1.233261 1.326682 1.326410 1.360865 1.443183 1.506449 1.473536 1.559568 1.633310 1.691601 1.394899 1.745961 1.538573 1.632060 1.687764 1.747304 1.713476 1.599739 1.708765 1.794921 1.802819 1.790231 1.723859 1.506348
0.000000 0.000000 0.000000 0.000000 0.000000 0.000000 0.000000 0.000000 0.000000 0.000000 0.000000 0.000000 0.000000 0.000000 0.000000 0.000000 0.000000 0.000000 0.000000 0.000000 0.000000 0.000000 0.000000 0.000000 0.000000 0.000000 0.000000 0.000000 0.000000 0.000000 0.000000 0.000000 0.000000 0.000000 0.000000 0.000000 0.000000 0.000000 0.000000 0.000000 0.000000 0.000000 0.000000 0.000000 0.000000 0.000000 0.000000 0.000000 0.000000 0.000000 0.000000 0.000000 0.000000 0.000000 0.000000 0.000000 0.000000 0.000000 0.000000 0.000000 0.000000 0.000000 0.000000 0.000000 0.000000 0.000000 0.000000 0.000000 0.000000 0.000000 0.000000 0.000000 0.000000 0.000000 0.000000 0.000000 0.000000 0.000000 0.000000 0.443381 0.568013 0.654248 0.632258 1.237699 1.237926 1.273306 1.240757 0.926202 0.824168 0.772834 0.800592 1.024102 0.575445 0.510597 0.473356 0.444895 0.742324 0.710907 0.682477 0.676865 0.667220 0.818912 0.879992 1.011910 1.093983 1.137734 1.142236 1.077276 1.097554 1.051168 0.948574 1.058980 1.016465 1.223029 1.130831 1.264548 1.211373 1.066722 0.918605 0.839160 0.797317 0.763043 0.739882 0.699714 0.654884 0.587416 0.490104 0.542468 0.556517 0.513263 0.465604 0.415149 0.000000 0.000000 0.000000 0.534194 0.000000 0.000000 0.000000 0.283533 0.491554 0.000000 0.000000 0.000000 0.000000 0.440154 0.803168 1.079150 1.268312 1.344326 1.267822 1.061495 0.981803 0.904105 0.811444 0.789794 0.804009 0.532409 0.679027 0.898176 1.100333 1.258795 1.339816 1.490960 1.196571 1.354996 1.246737 1.296303 1.146738 1.002313 0.979008 0.788003 0.810781 0.809180 0.816965 1.045392 1.116619 0.992240 0.910334 0.833098 0.775393 0.728777 0.653814 0.659567 0.773811 0.865934 0.936303 0.814508 0.874667 0.992894 1.084575 1.131187 1.091642 0.981123 0.954940 0.869408 0.788631 0.763071 0.689869 0.536173 0.000000 0.000000 0.000000 0.000000 0.000000 0.000000 0.000000 0.416106 0.703350 0.837104 0.950334 1.116388 1.146266 1.091529 0.963612 0.924720 0.899108 0.961988 0.976186 0.981115 0.992535 1.084028 1.046199 0.977949 0.900916 0.857424 0.888104 0.852557 0.896544 0.898274 0.866175 0.842067 0.854096 0.865172 0.863161 0.938051 0.968064 1.018398 1.069328 1.126420 1.167489 1.182476 1.174571 1.153043 1.133687 1.124563 1.124873 1.132402 1.118453 1.012927 1.084903 1.081967 1.013393 1.048339 1.093742 1.158287 1.189453 1.198465 1.169800 1.165538 1.263739 1.192689 1.271237 1.410921 1.376395 1.449563 1.716566 1.674924 1.754439 1.918771 1.922004 1.966760 1.891662 1.844281 1.828591 2.007913 2.032847 1.921570 1.803755 1.502723
0.000000 0.000000 0.000000 0.000000 0.000000 0.000000 0.000000 0.000000 0.000000 0.000000 0.000000 0.000000 0.000000 0.000000 0.000000 0.000000 0.000000 0.000000 0.000000 0.000000 0.000000 0.000000 0.000000 0.000000 0.000000 0.000000 0.000000 0.000000 0.000000 0.000000 0.000000 0.000000 0.000000 0.000000 0.000000 0.000000 0.000000 0.000000 0.000000 0.000000 0.000000 0.000000 0.000000 0.000000 0.000000 0.000000 0.000000 0.000000 0.000000 0.000000 0.000000 0.000000 0.000000 0.000000 0.000000 0.000000 0.000000 0.000000 0.000000 0.000000 0.000000 0.000000 0.000000 0.000000 0.000000 0.000000 0.000000 0.000000 0.000000 0.000000 0.000000 0.000000 0.000000 0.000000 0.000000 0.000000 0.000000 0.000000 0.480127 0.657578 0.881686 0.700079 0.880072 1.159041 1.200334 1.154615 1.027758 0.686664 0.655421 0.765740 0.616027 0.821929 0.529377 0.508179 0.476894 0.881891 0.727069 0.991768 0.885708 0.822310 0.808382 0.848066 0.975660 1.064813 1.053124 0.967753 0.851492 0.826977 0.762163 0.791730 0.864796 1.022784 1.066148 1.126707 1.178562 1.189911 1.139814 1.012271 0.885896 0.840560 0.800913 0.761469 0.713557 0.649483 0.557501 0.427684 0.000000 0.481657 0.469174 0.414569 0.000000 0.000000 0.000000 0.000000 0.000000 0.000000 0.000000 0.000000 0.000000 0.000000 0.000000 0.488943 0.398569 0.395818 0.420300 0.668419 0.874045 1.061311 1.172071 1.079347 1.060415 1.000641 0.907586 0.841256 0.825377 0.831220 0.934335 0.768583 0.997443 1.196184 1.345890 1.456200 1.628422 1.596615 1.237573 1.271839 1.238920 1.190152 1.135104 1.118085 1.007141 0.819813 0.816522 0.818690 0.797842 0.889665 0.891396 0.799502 0.693658 0.594292 0.515034 0.562296 0.670123 0.377700 0.887314 0.901582 0.866718 0.912208 1.097064 1.114665 1.174481 1.159750 1.092944 0.862629 0.672083 0.558655 0.000000 0.000000 0.000000 0.000000 0.000000 0.000000 0.423791 0.000000 0.000000 0.429199 0.567845 0.599436 0.815781 0.986820 1.080822 1.116412 0.984495 0.928863 0.835874 0.768418 0.777765 0.817771 0.823170 0.805867 0.841645 0.792642 0.718842 0.612839 0.000000 0.000000 0.445440 0.624007 0.645603 0.609732 0.597300 0.611592 0.616441 0.627264 0.677614 0.815648 0.903129 0.989220 1.066622 1.153328 1.201359 1.197544 1.196004 1.192754 1.167392 1.138184 1.102614 1.065074 0.980570 1.088102 1.102330 1.025770 1.047443 1.078526 1.108665 1.143239 1.162089 1.139519 1.090073 1.079149 1.120644 1.138549 1.017906 1.048522 1.131293 1.385768 1.522361 1.696832 1.973195 2.018842 2.124116 2.327723 2.245624 2.201929 2.121189 2.076582 2.077122 2.078199 1.954460 1.583074
0.000000 0.000000 0.000000 0.000000 0.000000 0.000000 0.000000 0.000000 0.000000 0.000000 0.000000 0.000000 0.000000 0.000000 0.000000 0.000000 0.000000 0.000000 0.000000 0.000000 0.000000 0.000000 0.000000 0.000000 0.000000 0.000000 0.000000 0.000000 0.000000 0.000000 0.000000 0.000000 0.000000 0.000000 0.000000 0.000000 0.000000 0.000000 0.000000 0.000000 0.000000 0.000000 0.000000 0.000000 0.000000 0.000000 0.000000 0.000000 0.000000 0.000000 0.000000 0.000000 0.000000 0.000000 0.000000 0.000000 0.000000 0.000000 0.000000 0.000000 0.000000 0.000000 0.000000 0.000000 0.000000 0.000000 0.000000 0.000000 0.000000 0.000000 0.000000 0.000000 0.000000 0.000000 0.000000 0.000000 0.000000 0.000000 0.676921 0.769098 0.783777 0.831941 1.064393 1.114669 1.081270 0.741460 0.186377 0.257902 0.437427 0.995767 0.845490 0.842862 0.865277 0.841597 0.786166 0.730483 0.708436 1.307131 0.672520 0.805944 0.829753 0.850913 0.876764 0.824458 0.736955 0.647733 0.637537 0.703781 0.737050 0.793524 0.882812 0.987847 1.105429 1.104879 1.061514 1.002436 0.930657 0.895190 0.868040 0.822677 0.762516 0.698201 0.614877 0.496756 0.000000 0.000000 0.000000 0.000000 0.000000 0.000000 0.000000 0.000000 0.000000 0.783743 0.741704 0.000000 0.000000 0.000000 0.000000 0.398048 0.416631 0.423647 0.458454 0.495531 0.602036 0.825270 0.997757 0.938760 1.043466 1.120794 1.095068 1.019415 0.930703 0.901001 0.919972 1.044261 0.885732 1.096090 1.258370 1.376561 1.471831 1.877814 1.744022 1.656430 1.454999 1.259975 1.156685 1.095962 1.152323 1.125486 0.994392 0.785649 1.331286 0.783058 0.894665 1.223147 0.768546 0.872046 0.647977 0.602877 0.592504 0.549863 0.634013 0.697443 0.740236 0.740789 0.983836 1.167342 1.260816 1.338287 1.342630 1.220492 0.971667 0.713683 0.494414 0.000000 0.000000 0.000000 0.000000 0.000000 0.000000 0.000000 0.000000 0.000000 0.435995 0.465816 0.574556 0.751565 0.934636 1.025337 1.033446 0.911296 0.875968 0.792397 0.729197 0.694057 0.654288 0.633993 0.603562 0.609511 0.521539 0.446756 0.000000 0.000000 0.000000 0.000000 0.000000 0.400798 0.522458 0.561860 0.582088 0.582519 0.568866 0.625808 0.741941 0.860207 0.985694 1.095514 1.168400 1.222957 1.256933 1.259366 1.260188 1.255298 1.203459 1.122844 1.084437 1.084488 1.095167 1.112066 1.050058 1.078601 1.111315 1.135928 1.145850 1.147349 1.123769 1.085057 1.037109 1.042203 0.947834 1.003044 1.062418 1.104441 1.225424 1.182559 1.197519 1.507358 1.680391 1.943912 2.144569 2.300490 2.339472 2.299557 2.258388 2.239520 2.203121 2.181338 2.047729 1.594492
0.000000 0.000000 0.000000 0.000000 0.000000 0.000000 0.000000 0.000000 0.000000 0.000000 0.000000 0.000000 0.000000 0.000000 0.000000 0.000000 0.000000 0.000000 0.000000 0.000000 0.000000 0.000000 0.000000 0.000000 0.000000 0.000000 0.000000 0.000000 0.000000 0.000000 0.000000 0.000000 0.000000 0.000000 0.000000 0.000000 0.000000 0.000000 0.000000 0.000000 0.000000 0.000000 0.000000 0.000000 0.000000 0.000000 0.000000 0.000000 0.000000 0.000000 0.000000 0.000000 0.000000 0.000000 0.000000 0.000000 0.000000 0.000000 0.000000 0.000000 0.000000 0.000000 0.000000 0.000000 0.000000 0.000000 0.000000 0.000000 0.000000 0.000000 0.000000 0.000000 0.000000 1.043627 0.000000 0.000000 0.000000 0.580859 0.757369 0.796494 0.835115 0.982477 1.033863 0.919122 0.743011 0.377190 0.345240 0.735132 0.822617 0.872873 0.869295 1.027535 0.876596 0.793693 0.823362 0.805184 0.807380 0.679561 0.644801 0.627735 0.749543 0.706853 0.656071 0.654863 0.659041 0.661867 0.738051 0.767995 0.784378 0.835019 0.911144 0.993064 0.958165 0.910084 0.849021 0.839129 0.850279 0.837276 0.789850 0.720656 0.627318 0.529633 0.000000 0.000000 0.000000 0.000000 0.000000 0.000000 0.000000 0.000000 0.000000 0.000000 0.000000 0.000000 0.000000 0.000000 0.000000 0.391902 0.432807 0.447818 0.450829 0.444572 0.550125 0.668864 0.801399 0.832128 0.914606 1.015254 1.133788 1.187848 1.135042 1.051812 0.996519 1.030869 1.129405 1.274847 1.134476 1.258347 1.319656 1.365985 1.743790 1.669180 1.544270 1.406640 1.117551 1.171086 1.108887 1.134035 1.104877 0.976147 0.770948 0.718164 0.725336 0.700401 0.851323 0.709190 0.522849 0.626753 0.574505 0.646051 0.548764 0.607309 0.637756 0.668957 0.773604 1.044806 1.243133 1.223076 1.364274 1.362249 1.285755 1.041641 0.727442 0.569424 0.450011 0.401037 0.000000 0.438266 0.000000 0.451834 0.000000 0.000000 0.412140 0.475250 0.652897 0.560156 0.696857 0.843486 0.923094 0.850901 0.838175 0.804257 0.771745 0.775371 0.729232 0.611264 0.531303 0.519268 0.540160 0.470824 0.449606 0.539266 0.000000 0.000000 0.000000 0.000000 0.514368 0.648233 0.717090 0.585316 0.596291 0.660365 0.686233 0.722221 0.809356 0.906556 1.004087 1.090688 1.122300 1.132111 1.152650 1.194455 1.204540 1.171633 1.115287 1.053734 1.058378 1.082427 1.123525 1.079822 1.116283 1.152966 1.188401 1.202427 1.186756 1.144066 1.192985 1.155390 1.075727 1.112597 1.007638 1.057272 1.115324 1.303696 1.309784 1.298696 1.413978 1.423540 1.408177 1.495871 1.759518 1.984006 2.136219 2.213473 2.151314 2.245526 2.268264 2.183481 2.059085 1.673310
0.000000 0.000000 0.000000 0.000000 0.000000 0.000000 0.000000 0.000000 0.000000 0.000000 0.000000 0.000000 0.000000 0.000000 0.000000 0.000000 0.000000 0.000000 0.000000 0.000000 0.000000 0.000000 0.000000 0.000000 0.000000 0.000000 0.000000 0.000000 0.000000 0.000000 0.000000 0.000000 0.000000 0.000000 0.000000 0.000000 0.000000 0.000000 0.000000 0.000000 0.000000 0.000000 0.000000 0.000000 0.000000 0.000000 0.000000 0.000000 0.000000 0.000000 0.000000 0.000000 0.000000 0.000000 0.000000 0.000000 0.000000 0.000000 0.000000 0.000000 0.000000 0.000000 0.000000 0.000000 0.000000 0.000000 0.000000 0.000000 0.000000 0.000000 0.000000 0.000000 0.000000 0.000000 0.368619 0.425528 0.448112 0.623905 0.752432 0.888454 0.980958 0.981057 0.857638 0.586421 1.040970 0.853943 0.812879 0.346002 0.884140 0.906850 0.918670 0.907463 0.829835 0.818123 0.814856 0.767357 0.714158 0.658572 0.748604 0.708278 0.728643 0.690482 0.701352 0.723563 0.681973 0.929682 0.735252 0.724096 0.713526 0.734326 0.744088 0.771300 0.664192 0.689114 0.752088 0.765153 0.748890 0.687397 0.601871 0.507305 0.000000 0.000000 0.000000 0.000000 0.000000 0.000000 0.000000 0.000000 0.000000 0.000000 0.000000 0.000000 0.000000 0.000000 0.000000 0.000000 0.392016 0.540703 0.475532 0.472020 0.462704 0.612225 0.824243 0.889701 0.995957 0.941802 1.045110 1.137193 1.217829 1.211713 1.142012 1.050645 1.078937 1.172665 1.287919 1.390072 1.452368 1.495767 1.513745 1.625723 1.547272 1.274624 1.148886 1.042510 0.984595 1.065197 1.076398 1.025519 0.754565 0.860838 0.643049 0.635374 0.791272 0.815385 0.762617 0.744568 0.692270 0.900021 0.646850 0.639054 0.557063 0.576227 0.230547 0.760122 1.204587 1.200306 1.360296 1.379719 1.355140 1.264319 1.038313 0.808769 0.623423 0.495558 0.444361 0.431086 0.000000 0.394851 0.000000 0.000000 0.000000 0.453692 0.506820 0.633778 0.502352 0.623976 0.746963 0.799081 0.768880 0.765767 0.736834 0.821568 0.729894 0.659335 0.593245 0.432237 0.502255 0.561277 0.563204 0.522728 0.454335 0.733090 0.000000 0.000000 0.402123 0.444028 0.480877 0.501249 0.598215 0.570868 0.608440 0.670338 0.681685 0.749209 0.838592 0.869971 0.970814 1.026543 0.994197 0.928567 0.934300 0.967528 0.984719 0.997485 0.972689 0.956347 1.097998 1.152291 1.061672 1.219941 1.277497 1.204710 1.324654 1.316109 1.178732 1.157036 1.135617 1.149490 1.180442 1.178591 1.166654 1.262919 1.307624 1.378843 1.379386 1.551569 1.500910 1.388773 1.462218 1.403768 1.285151 1.386737 1.536517 1.600503 1.921836 1.986344 2.041012 2.008287 1.925640 1.634475
0.000000 0.000000 0.000000 0.000000 0.000000 0.000000 0.000000 0.000000 0.000000 0.000000 0.000000 0.000000 0.000000 0.000000 0.000000 0.000000 0.000000 0.000000 0.000000 0.000000 0.000000 0.000000 0.000000 0.000000 0.000000 0.000000 0.000000 0.000000 0.000000 0.000000 0.000000 0.000000 0.000000 0.000000 0.000000 0.000000 0.000000 0.000000 0.000000 0.000000 0.000000 0.000000 0.000000 0.000000 0.000000 0.000000 0.000000 0.000000 0.000000 0.000000 0.000000 0.000000 0.000000 0.000000 0.000000 0.000000 0.000000 0.000000 0.000000 0.000000 0.000000 0.000000 0.000000 0.000000 0.000000 0.000000 0.000000 0.000000 0.000000 0.000000 0.000000 0.000000 0.357386 0.390976 0.419154 0.505019 0.538085 1.004369 0.822482 0.893344 0.827236 0.843872 1.180992 1.086733 0.997070 0.914089 0.850257 0.881262 0.948897 0.973252 0.948309 0.887082 0.893297 0.882213 0.808818 0.434574 0.395508 0.633965 0.730591 0.695984 0.657676 0.617688 0.551876 0.721011 0.761039 0.777804 0.758137 0.709809 0.660733 0.613206 0.579948 0.435624 0.602826 0.656186 0.681833 0.665230 0.587829 0.487690 0.000000 0.000000 0.000000 0.000000 0.000000 0.000000 0.000000 0.000000 0.000000 0.000000 0.000000 0.000000 0.000000 0.000000 0.000000 0.388277 0.398965 0.406633 0.448650 0.608836 0.917855 0.506137 0.696834 0.902185 0.982624 1.089323 0.962941 1.034822 1.180315 1.261727 1.268739 1.198462 1.099951 1.055547 1.164078 1.242988 0.768655 1.377387 1.381440 1.371632 1.350104 1.227086 1.120577 1.015384 0.934598 1.026242 0.963806 0.908781 0.860642 0.828592 0.800609 0.759272 0.555195 0.585409 0.746341 0.793570 0.817354 0.787292 0.744119 0.723261 0.712944 0.686362 0.691451 0.528467 0.882609 1.198316 1.336566 1.395350 1.392314 1.342790 1.245016 0.884509 0.681091 0.531780 0.590735 0.510209 0.486858 0.447665 0.427643 0.420386 0.000000 0.000000 0.481854 0.528529 0.538380 0.509164 0.564928 0.625938 0.669567 0.669518 0.687244 0.756190 0.792958 0.755824 0.657066 0.543305 0.436353 0.000000 0.576063 0.598910 0.557635 0.542126 0.415845 0.408188 0.419537 0.458618 0.488631 0.511178 0.523554 0.518107 0.504147 0.472619 0.513913 0.536870 0.617555 0.680731 0.722907 0.781046 0.891823 0.903969 0.848454 0.779425 0.758013 0.779305 0.795390 0.808755 0.828127 0.924028 1.017370 1.089670 1.152342 1.223673 1.266264 1.285235 1.270863 1.247512 1.127663 1.134199 1.150925 1.163808 1.143443 1.101879 1.068939 1.159011 1.120229 1.215212 1.406297 1.471150 1.481527 1.458478 1.273359 1.207827 1.164783 1.151508 1.017569 1.121286 1.269478 1.402201 1.584415 1.696859 1.714300 1.556885
0.000000 0.000000 0.000000 0.000000 0.000000 0.000000 0.000000 0.000000 0.000000 0.000000 0.000000 0.000000 0.000000 0.000000 0.000000 0.000000 0.000000 0.000000 0.000000 0.000000 0.000000 0.000000 0.000000 0.000000 0.000000 0.000000 0.000000 0.000000 0.000000 0.000000 0.000000 0.000000 0.000000 0.000000 0.000000 0.000000 0.000000 0.000000 0.000000 0.000000 0.000000 0.000000 0.000000 0.000000 0.000000 0.000000 0.000000 0.000000 0.000000 0.000000 0.000000 0.000000 0.000000 0.000000 0.000000 0.000000 0.000000 0.000000 0.000000 0.000000 0.000000 0.000000 0.000000 0.000000 0.000000 0.000000 0.000000 0.000000 0.000000 0.000000 0.004000 0.370283 0.401998 0.446119 0.596334 0.598567 0.681151 0.686984 0.728552 0.731174 0.976577 1.220751 1.314005 1.304244 1.210962 0.922304 0.863572 0.961444 1.012040 1.401546 0.953995 0.976277 0.924550 0.503719 0.402960 0.377749 0.678566 0.770222 0.721296 0.543855 0.567910 0.489853 0.715270 0.792177 0.824399 0.803753 0.731902 0.644409 0.605762 0.497376 0.463706 0.416958 0.522917 0.565206 0.552140 0.538039 0.000000 0.000000 0.000000 0.000000 0.000000 0.000000 0.000000 0.000000 0.000000 0.225894 0.000000 0.414897 0.424337 0.497643 0.484300 0.389932 0.411245 0.444476 0.460788 0.460274 0.474144 0.504536 0.564235 0.735814 0.876972 1.036615 1.150944 1.014240 1.049383 1.144733 1.260471 1.302853 1.229789 1.091963 1.054884 1.141435 1.213131 1.235854 1.232681 1.234475 1.206073 1.132490 1.023475 0.907442 0.839164 0.784375 0.890678 0.825386 0.795991 0.778721 0.784141 0.766355 0.590212 0.579238 0.739967 0.746856 0.832327 0.886505 0.903696 0.807588 0.767119 0.800510 0.792062 0.702448 0.528156 0.692825 0.919482 1.235865 1.406470 1.400412 1.340569 0.992013 0.834631 0.677919 0.557590 0.623059 0.592140 0.509736 0.456225 0.449132 0.438731 0.559524 0.421295 0.504379 0.605837 0.546487 0.507528 0.427498 0.483710 0.523931 0.555969 0.608732 0.747563 0.760321 0.717820 0.629853 0.614319 0.522582 0.000000 0.433337 0.497040 0.552676 0.524934 0.440872 0.440788 0.466250 0.509206 0.539615 0.554191 0.558839 0.549091 0.521673 0.476536 0.408798 0.000000 0.000000 0.484617 0.522189 0.544363 0.591424 0.719973 0.765293 0.720990 0.644600 0.622087 0.633233 0.682859 0.698166 0.844020 0.973864 1.052882 1.109493 1.132674 1.174389 1.187071 1.167105 1.046548 1.032845 1.031578 1.043296 1.060437 1.056565 1.098449 1.034685 0.978585 1.002037 1.050678 1.162620 1.282548 1.336513 1.381492 1.360818 1.175912 1.089319 1.042325 0.886852 0.987802 1.036102 1.031684 1.090287 1.198852 1.315953 1.412921 1.367368
0.000000 0.000000 0.000000 0.000000 0.000000 0.000000 0.000000 0.000000 0.000000 0.000000 0.000000 0.000000 0.000000 0.000000 0.000000 0.000000 0.000000 0.000000 0.000000 0.000000 0.000000 0.000000 0.000000 0.000000 0.000000 0.000000 0.000000 0.000000 0.000000 0.000000 0.000000 0.000000 0.000000 0.000000 0.000000 0.000000 0.000000 0.000000 0.000000 0.000000 0.000000 0.000000 0.000000 0.000000 0.000000 0.000000 0.000000 0.000000 0.000000 0.000000 0.000000 0.000000 0.000000 0.000000 0.000000 0.000000 0.000000 0.000000 0.000000 0.000000 0.000000 0.000000 0.000000 0.000000 0.000000 0.000000 0.000000 0.000000 0.000000 0.000000 0.361714 0.383391 0.398107 0.460650 0.641425 0.688564 0.656707 0.755936 0.878512 1.069812 1.209531 1.339568 1.391497 1.277767 0.935164 0.839831 0.981467 1.040001 1.223984 0.998104 0.975132 0.930117 0.522271 0.460997 0.759196 0.766818 0.641683 0.572158 0.520456 0.501779 0.502966 0.511838 0.614621 0.685758 0.691201 0.841069 0.746644 0.652667 0.562109 0.447521 0.000000 0.000000 0.000000 0.000000 0.000000 0.000000 0.000000 0.000000 0.000000 0.000000 0.000000 0.000000 0.000000 0.000000 0.000000 0.613995 0.434987 0.444582 0.520919 0.536877 0.465359 0.453928 0.447414 0.464433 0.490612 0.494111 0.490167 0.523540 0.729971 0.909008 1.067456 1.187179 1.038550 1.070221 1.131006 1.227035 1.274496 1.261211 1.180561 1.144728 1.123510 1.136567 1.124923 1.070252 1.022138 0.986703 0.908430 0.822511 0.780853 0.745535 0.861777 0.793839 0.743281 0.766947 0.771554 0.780874 0.773165 0.771885 0.815736 0.877224 0.895458 0.912858 0.980030 0.944871 0.887976 0.833741 0.770064 0.796673 0.816156 0.745287 0.671013 1.075423 1.242310 1.413640 1.383316 1.217663 0.950587 0.821848 0.674686 0.593746 0.540116 0.596735 0.561628 0.433946 0.450123 0.439514 0.000000 0.535451 0.557734 0.609576 0.596202 0.496083 0.404826 0.000000 0.000000 0.000000 0.624465 0.734712 0.740334 0.641078 0.589735 0.528074 0.613452 0.000000 0.000000 0.000000 0.438996 0.460846 0.466856 0.482652 0.514083 0.552166 0.576357 0.589504 0.587023 0.569386 0.531221 0.464370 0.000000 0.000000 0.000000 0.000000 0.000000 0.000000 0.416628 0.537162 0.498756 0.545937 0.548583 0.543468 0.512096 0.561481 0.669399 0.716668 0.827715 1.004151 1.084605 1.120309 1.103209 1.083819 1.040744 0.912790 0.891630 0.875963 0.869142 0.949034 0.945104 0.911329 0.896305 0.842699 0.809445 0.780419 0.928182 1.036097 1.111526 1.059937 1.257489 1.256410 1.094536 0.995533 0.943557 0.904325 0.855140 0.896480 0.866409 0.898250 1.000169 0.998122 1.113456 1.194635
0.000000 0.000000 0.000000 0.000000 0.000000 0.000000 0.000000 0.000000 0.000000 0.000000 0.000000 0.000000 0.000000 0.000000 0.000000 0.000000 0.000000 0.000000 0.000000 0.000000 0.000000 0.000000 0.000000 0.000000 0.000000 0.000000 0.000000 0.000000 0.000000 0.000000 0.000000 0.000000 0.000000 0.000000 0.000000 0.000000 0.000000 0.000000 0.000000 0.000000 0.000000 0.000000 0.000000 0.000000 0.000000 0.000000 0.000000 0.000000 0.000000 0.000000 0.000000 0.000000 0.000000 0.000000 0.000000 0.000000 0.000000 0.000000 0.000000 0.000000 0.000000 0.000000 0.000000 0.000000 0.000000 0.000000 0.000000 0.000000 0.000000 0.000000 0.000000 0.000000 0.623319 0.624116 0.713474 0.743811 0.786382 0.839830 1.345602 1.294599 1.465295 1.361459 1.286689 0.923502 0.887315 0.953628 1.198492 1.212999 1.205952 0.985452 0.960420 0.897557 0.828525 0.866897 0.925083 0.630410 0.553797 0.508269 0.512658 0.528589 0.539670 0.559598 0.646057 0.828004 0.796444 0.778410 0.664775 0.549571 0.000000 0.000000 0.000000 0.000000 0.000000 0.000000 0.000000 0.000000 0.000000 0.000000 0.000000 0.000000 0.000000 0.000000 0.000000 0.000000 0.438144 0.537018 0.544704 0.537289 0.465026 0.484985 0.500276 0.501578 0.496359 0.493065 0.502569 0.512864 0.649573 0.747799 0.929359 1.079890 1.199660 1.049124 1.089671 1.112823 1.144598 1.210029 1.258474 1.229820 1.149684 1.111245 1.102995 1.028167 0.970124 0.945144 0.897378 0.811532 0.715539 0.827623 0.779030 0.735382 0.734535 0.674753 0.628149 0.611878 0.622468 0.671843 0.801228 0.929984 1.040060 1.032485 0.944515 0.986384 0.951397 0.853482 0.850038 0.830947 0.824877 0.800305 0.735058 0.837698 0.899331 1.082711 1.408263 1.367765 1.040824 0.951189 0.819916 0.693814 0.622487 0.611101 0.486056 0.552386 0.509172 0.606747 0.502052 0.398628 0.577997 0.598263 0.626629 0.593605 0.468458 0.000000 0.000000 0.407156 0.000000 0.553077 0.696170 0.706159 0.641094 0.651760 0.451431 0.000000 0.000000 0.000000 0.418848 0.455349 0.473388 0.506284 0.612159 0.645691 0.664048 0.665426 0.646523 0.585744 0.550134 0.491369 0.416856 0.000000 0.000000 0.000000 0.000000 0.411592 0.000000 0.000000 0.414196 0.461843 0.507255 0.526357 0.513388 0.542073 0.541647 0.644823 0.730812 0.803972 0.899580 0.970892 1.032605 1.060458 0.998550 0.877847 0.841920 0.787101 0.716241 0.667381 0.672560 0.658317 0.684699 0.746353 0.785432 0.753578 0.702912 0.795002 0.805738 0.768443 0.795870 0.814389 0.958125 1.001966 1.013795 0.879257 0.854153 0.879429 0.846459 0.857337 0.784323 0.736457 0.801406 0.839280 0.896854 0.952964
0.000000 0.000000 0.000000 0.000000 0.000000 0.000000 0.000000 0.000000 0.000000 0.000000 0.000000 0.000000 0.000000 0.000000 0.000000 0.000000 0.000000 0.000000 0.000000 0.000000 0.000000 0.000000 0.000000 0.000000 0.000000 0.000000 0.000000 0.000000 0.000000 0.000000 0.000000 0.000000 0.000000 0.000000 0.000000 0.000000 0.000000 0.000000 0.000000 0.000000 0.000000 0.000000 0.000000 0.000000 0.000000 0.000000 0.000000 0.000000 0.000000 0.000000 0.000000 0.000000 0.000000 0.000000 0.000000 0.000000 0.000000 0.000000 0.000000 0.000000 0.000000 0.000000 0.000000 0.000000 0.000000 0.000000 1.197933 0.000000 0.000000 0.000000 0.004000 0.000000 0.619289 0.737203 0.799742 0.833001 0.875131 1.020582 1.324532 1.284199 1.287417 1.147062 0.842774 0.812755 0.933249 1.180225 1.174116 1.188001 1.015765 1.187936 0.628696 0.878319 1.198116 0.717373 0.589214 0.550911 0.531841 0.545783 0.565560 0.712923 0.706450 0.582166 0.772384 0.764764 0.753668 0.628298 0.465679 0.000000 0.000000 0.000000 0.000000 0.000000 0.000000 0.000000 0.000000 0.000000 0.000000 0.000000 0.000000 0.000000 0.000000 0.000000 0.000000 0.529578 0.598834 0.613160 0.590011 0.516089 0.510838 0.506764 0.509109 0.523033 0.546808 0.551724 0.634237 0.730269 0.798481 0.942246 1.082794 1.204434 1.044317 1.090278 1.089747 1.077040 1.150028 1.217841 1.227993 1.156559 1.056654 1.009997 1.004603 0.999712 0.943880 0.849687 0.717374 0.643181 0.608239 0.689590 0.631131 0.709095 0.649286 0.624834 0.587065 0.581070 0.672919 0.818943 0.881153 1.056264 0.876134 0.979266 0.929987 0.887818 0.888358 0.917571 0.945505 0.896349 0.824418 0.760979 0.788386 0.855305 1.028374 1.119282 1.244083 1.037013 0.957729 0.830971 0.708125 0.623913 0.547223 0.507999 0.583580 0.555505 0.528921 0.521372 0.522408 0.582883 0.605630 0.591710 0.571262 0.416246 0.000000 0.000000 0.000000 0.498659 0.625689 0.683012 0.645929 0.583510 0.500760 0.421191 0.000000 0.000000 0.000000 0.444298 0.468944 0.508615 0.618332 0.680968 0.719115 0.725844 0.709993 0.655032 0.594789 0.467372 0.410877 0.000000 0.000000 0.000000 0.000000 0.000000 0.000000 0.000000 0.000000 0.000000 0.537879 0.541217 0.407427 0.000000 0.480537 0.603054 0.699971 0.761713 0.771541 0.817212 0.869511 0.901130 0.908707 0.896045 0.796615 0.766197 0.733607 0.709282 0.741026 0.703716 0.653211 0.682458 0.709289 0.729372 0.736367 0.813947 0.851603 0.858992 0.801884 0.703668 0.664593 0.668484 0.734857 0.750970 0.721124 0.773738 0.810378 0.807915 0.837768 0.745679 0.721806 0.724564 0.689580 0.650892 0.613455 0.515444
0.000000 0.000000 0.000000 0.000000 0.000000 0.000000 0.000000 0.000000 0.000000 0.000000 0.000000 0.000000 0.000000 0.000000 0.000000 0.000000 0.000000 0.000000 0.000000 0.000000 0.000000 0.000000 0.000000 0.000000 0.000000 0.000000 0.000000 0.000000 0.000000 0.000000 0.000000 0.000000 0.000000 0.000000 0.000000 0.000000 0.000000 0.000000 0.000000 0.000000 0.000000 0.000000 0.000000 0.000000 0.000000 0.000000 0.000000 0.000000 0.000000 0.000000 0.000000 0.000000 0.000000 0.000000 0.000000 0.000000 0.000000 0.000000 0.000000 0.000000 0.000000 0.000000 0.000000 0.000000 0.000000 0.000000 0.000000 0.000000 0.000000 0.000000 0.000000 0.510039 0.686950 1.055987 1.263497 0.896560 0.957232 1.240557 1.196472 1.146089 1.071101 0.792123 0.761367 1.072100 1.155490 1.156387 1.115472 1.042645 0.941907 0.600967 0.873728 1.005750 0.619130 0.581464 0.557826 0.559813 0.596227 0.777106 0.758757 0.715103 0.722529 0.665140 0.671405 0.677243 0.572413 0.483698 0.410413 0.000000 0.000000 0.000000 0.000000 0.000000 0.000000 0.000000 0.000000 0.000000 0.000000 0.000000 0.000000 0.000000 0.000000 0.000000 0.518077 0.598251 0.630570 0.647853 0.584246 0.542870 0.527750 0.518576 0.527086 0.561729 0.690990 0.776560 0.825856 0.839617 0.974493 1.100727 1.201394 1.025799 1.051139 1.009386 1.010606 1.051823 1.140426 1.180152 1.130572 1.057084 1.054859 1.085582 1.231116 1.158126 1.057731 1.177184 0.638458 0.589718 0.534577 0.613280 0.508583 0.624411 0.609376 0.601342 0.587421 0.703702 0.792381 0.906412 0.782701 0.992841 1.085338 1.032587 0.910604 0.919926 0.981147 1.047081 1.007762 0.908948 0.812302 0.605345 0.761577 0.951518 1.069301 1.218445 1.014446 0.962546 0.872260 0.722017 0.604105 0.526878 0.471894 0.582074 0.570269 0.547380 0.551965 0.553449 0.621813 0.480811 0.576034 0.533119 0.513373 0.547598 0.549959 0.482618 0.557225 0.584626 0.628141 0.614919 0.555090 0.454936 0.000000 0.413038 0.442437 0.447415 0.548702 0.494614 0.541491 0.658736 0.729791 0.768763 0.772675 0.730187 0.659283 0.542890 0.430071 0.455092 0.431770 0.000000 0.000000 0.000000 0.000000 0.000000 0.000000 0.000000 0.000000 0.000000 0.000000 0.000000 0.442569 0.499827 0.628718 0.758404 0.820924 0.838053 0.822576 0.790027 0.786446 0.712170 0.707783 0.679510 0.644330 0.712948 0.857130 0.857244 0.754114 0.785422 0.760602 0.748521 0.731735 0.671001 0.780051 0.862148 0.824768 0.816412 0.736345 0.703996 0.708949 0.783283 0.771292 0.762802 0.766823 0.845974 0.837660 0.765085 0.684250 0.619756 0.772118 0.679829 0.676104 0.606989 0.495580 0.000000
0.000000 0.000000 0.000000 0.000000 0.000000 0.000000 0.000000 0.000000 0.000000 0.000000 0.000000 0.000000 0.000000 0.000000 0.000000 0.000000 0.000000 0.000000 0.000000 0.000000 0.000000 0.000000 0.000000 0.000000 0.000000 0.000000 0.000000 0.000000 0.000000 0.000000 0.000000 0.000000 0.000000 0.000000 0.000000 0.000000 0.000000 0.000000 0.000000 0.000000 0.000000 0.000000 0.000000 0.000000 0.000000 0.000000 0.000000 0.000000 0.000000 0.000000 0.000000 0.000000 0.000000 0.000000 0.000000 0.000000 0.000000 0.000000 0.000000 0.000000 0.000000 0.000000 0.000000 0.000000 0.000000 0.000000 0.000000 0.000000 0.000000 0.000000 0.000000 0.530445 1.005995 0.737463 0.752774 0.886506 0.984986 1.071763 1.122591 1.083647 0.761106 0.725136 0.991477 1.084081 1.106602 1.077748 0.994614 0.756327 1.002980 0.673935 0.393116 0.627740 0.580686 0.548975 0.716953 0.636191 0.683839 0.678650 0.557658 0.654137 0.573501 0.568336 0.598749 0.575248 0.512278 0.000000 0.000000 0.426914 0.423820 0.000000 0.000000 0.000000 0.000000 0.000000 0.000000 0.000000 0.000000 0.000000 0.000000 0.000000 0.412047 0.595101 0.676519 0.698525 0.696406 0.685306 0.612012 0.578234 0.527596 0.552181 0.590546 0.693253 0.939135 0.939713 0.915151 1.003757 1.103167 0.953269 0.999328 1.018862 0.999202 0.974759 0.993768 1.081672 1.197881 1.256420 1.209427 1.168547 1.303515 1.243083 1.177398 1.082216 0.980662 0.817125 0.564527 0.543541 0.515657 0.615355 0.606867 0.636158 0.663009 0.642992 0.637731 0.673839 0.696496 0.731372 0.940137 1.091626 1.061688 1.011272 0.929394 1.029447 1.130794 1.143297 1.018855 0.903184 0.657793 0.702336 0.880319 1.020609 1.047401 1.008201 0.981815 0.896813 0.752018 0.614893 0.533145 0.490249 0.482527 0.485232 0.485471 0.596784 0.593669 0.592135 0.587020 0.565302 0.627805 0.586975 0.615445 0.619004 0.582062 0.614614 0.609570 0.592800 0.573795 0.538813 0.000000 0.563107 0.475537 0.505362 0.567885 0.602018 0.597574 0.562602 0.683939 0.758655 0.789246 0.778468 0.713317 0.616780 0.446699 0.422109 0.466330 0.458566 0.418071 0.000000 0.461034 0.465652 0.000000 0.000000 0.000000 0.000000 0.000000 0.000000 0.000000 0.500418 0.516734 0.592077 0.758370 0.887803 0.898636 0.898660 0.795555 0.793747 0.733749 0.707152 0.715202 0.680008 0.782619 0.821296 0.862271 0.855685 0.822451 0.766104 0.762194 0.705765 0.685836 0.900446 0.810080 0.817579 0.740087 0.719813 0.716452 0.817746 0.817504 0.797364 0.764446 0.724545 0.847481 0.849020 0.745300 0.679799 0.706851 0.817563 0.813672 0.720996 0.702304 0.616214 0.496977 0.000000
0.000000 0.000000 0.000000 0.000000 0.000000 0.000000 0.000000 0.000000 0.000000 0.000000 0.000000 0.000000 0.000000 0.000000 0.000000 0.000000 0.000000 0.000000 0.000000 0.000000 0.000000 0.000000 0.000000 0.000000 0.000000 0.000000 0.000000 0.000000 0.000000 0.000000 0.000000 0.000000 0.000000 0.000000 0.000000 0.000000 0.000000 0.000000 0.000000 0.000000 0.000000 0.000000 0.000000 0.000000 0.000000 0.000000 0.000000 0.000000 0.000000 0.000000 0.000000 0.000000 0.000000 0.000000 0.000000 0.000000 0.000000 0.000000 0.000000 0.000000 0.000000 0.000000 0.000000 0.000000 0.000000 0.000000 0.000000 0.000000 0.000000 0.000000 0.677382 0.441860 0.464592 0.492134 0.609728 0.888943 1.006703 1.062819 1.175057 0.885966 0.917958 0.929323 0.961926 0.996976 0.969897 0.772033 0.751110 0.986529 0.698395 0.656827 0.621373 0.721468 0.558688 0.704377 0.796845 0.643757 0.654069 0.582091 0.535489 0.485044 0.423925 0.533475 0.534594 0.500861 0.449881 0.515817 0.535758 0.515751 0.477123 0.440555 0.415062 0.000000 0.000000 0.365206 0.368960 0.000000 0.000000 0.000000 0.000000 0.155521 0.624895 0.757084 0.782237 0.768824 0.727871 0.618887 0.584866 0.560313 0.537268 0.603786 0.749675 0.839999 0.928596 1.126323 0.998693 1.039305 0.875169 0.963686 1.002784 0.990512 0.986525 1.042892 1.148380 1.275365 1.346640 1.451003 1.498014 1.402277 1.302852 1.154405 1.048052 1.012988 0.882440 0.615796 0.569768 0.548392 0.516755 0.760646 0.680810 0.705470 0.839794 0.652110 0.679434 0.751797 0.850015 0.936546 1.105007 1.085967 0.960186 0.959732 1.063281 1.203384 1.247347 1.148721 0.991744 0.736851 0.719746 0.826146 0.963332 1.026376 1.011771 0.990847 0.925767 0.791742 0.647876 0.563572 0.517203 0.513022 0.520307 0.655663 0.646982 0.630592 0.606948 0.460022 0.536736 0.511442 0.669626 0.626643 0.618807 0.622722 0.664262 0.654815 0.626541 0.575791 0.508213 0.000000 0.464717 0.541752 0.571573 0.626972 0.654480 0.651678 0.656961 0.712522 0.764500 0.792866 0.775693 0.713380 0.580432 0.499490 0.000000 0.420517 0.432864 0.410225 0.000000 0.000000 0.000000 0.000000 0.000000 0.000000 0.000000 0.000000 0.000000 0.448421 0.549995 0.566972 0.540977 0.671247 0.818214 0.927883 0.940337 0.936285 0.880845 0.805061 0.771116 0.722869 0.790397 0.792875 0.801294 0.862543 0.882889 0.853864 0.793241 0.713014 0.654606 0.664950 0.669348 0.757409 0.779952 0.733977 0.675790 0.695186 0.843957 0.865051 0.815906 0.756013 0.706493 0.810920 0.838579 0.779813 0.696496 0.778878 0.877516 0.665110 0.615563 0.578816 0.541502 0.468049 0.551887 0.000000
0.000000 0.000000 0.000000 0.000000 0.000000 0.000000 0.000000 0.000000 0.000000 0.000000 0.000000 0.000000 0.000000 0.000000 0.000000 0.000000 0.000000 0.000000 0.000000 0.000000 0.000000 0.000000 0.000000 0.000000 0.000000 0.000000 0.000000 0.000000 0.000000 0.000000 0.000000 0.000000 0.000000 0.000000 0.000000 0.000000 0.000000 0.000000 0.000000 0.000000 0.000000 0.000000 0.000000 0.000000 0.000000 0.000000 0.000000 0.000000 0.000000 0.000000 0.000000 0.000000 0.000000 0.000000 0.000000 0.000000 0.000000 0.000000 0.000000 0.000000 0.000000 0.000000 0.000000 0.000000 0.000000 0.000000 0.000000 0.000000 0.000000 0.000000 0.000000 0.000000 0.460417 0.465621 0.737716 0.900389 0.983769 0.952545 0.967496 0.848008 0.842664 0.876073 0.931385 0.765592 0.742631 0.726649 0.699729 0.678200 0.648475 0.621315 0.731973 0.702620 0.570800 0.710114 0.656376 0.606056 0.604514 0.726902 0.769390 0.455738 0.502760 0.508252 0.607414 0.643563 0.700859 0.644403 0.593322 0.551283 0.496556 0.443674 0.411642 0.422692 0.430402 0.424710 0.414983 0.375933 0.000000 0.000000 0.000000 0.742256 0.774546 0.847580 0.843263 0.789103 0.692989 0.628637 0.604416 0.568917 0.591732 0.800475 0.875308 0.900486 0.934068 0.972181 0.927593 0.807097 0.862938 0.892780 0.889194 0.969178 1.166177 1.352294 1.419504 1.449608 1.454571 1.677087 1.486872 1.345605 1.127174 0.991713 0.941086 0.944918 0.881745 0.616255 0.573121 0.738215 0.781167 0.719715 0.735108 0.799224 0.549777 0.226108 0.779602 0.951775 1.054791 1.129414 1.118567 0.988169 1.005392 1.127469 1.260376 1.324167 1.263059 1.089694 1.019105 0.820449 0.873509 0.964688 1.027762 1.011476 0.996365 0.940669 0.806588 0.662023 0.581376 0.554329 0.559565 0.716179 0.711593 0.691262 0.656389 0.598183 0.582836 0.507798 0.554141 0.547903 0.657809 0.641981 0.698808 0.706928 0.695442 0.662460 0.608605 0.535531 0.404947 0.512080 0.608446 0.670648 0.695016 0.709703 0.701611 0.680658 1.391212 0.910449 0.792750 0.800738 0.994394 0.845716 0.687881 0.567474 0.412041 0.000000 0.000000 0.405468 0.390436 0.000000 0.000000 0.000000 0.000000 0.000000 0.000000 0.000000 0.000000 0.564778 0.573038 0.544475 0.586739 0.720978 0.858288 0.881132 0.902057 0.869256 0.811280 0.767259 0.775733 0.784491 0.784239 0.623060 0.631056 0.653502 0.639128 0.606773 0.565268 0.531906 0.661374 0.718393 0.761116 0.810383 0.779239 0.748360 0.731865 0.809958 0.859571 0.829697 0.760074 0.664153 0.760419 0.827421 0.800860 0.708339 0.668176 0.895644 0.686560 0.353388 0.269547 0.217638 0.244281 0.500877 0.562729 0.000000
0.000000 0.000000 0.000000 0.000000 0.000000 0.000000 0.000000 0.000000 0.000000 0.000000 0.000000 0.000000 0.000000 0.000000 0.000000 0.000000 0.000000 0.000000 0.000000 0.000000 0.000000 0.000000 0.000000 0.000000 0.000000 0.000000 0.000000 0.000000 0.000000 0.000000 0.000000 0.000000 0.000000 0.000000 0.000000 0.000000 0.000000 0.000000 0.000000 0.000000 0.000000 0.000000 0.000000 0.000000 0.000000 0.000000 0.000000 0.000000 0.000000 0.000000 0.000000 0.000000 0.000000 0.000000 0.000000 0.000000 0.000000 0.000000 0.000000 0.000000 0.000000 0.000000 0.000000 0.000000 0.000000 0.000000 0.000000 0.000000 0.000000 0.000000 0.000000 0.491021 0.375236 0.710827 0.982950 1.001323 1.022633 0.852218 0.856129 1.515923 0.889035 0.899612 0.721107 0.705153 0.687700 0.274816 0.672060 0.363741 0.638147 0.622989 0.601561 0.574294 0.687532 0.663532 0.623067 0.675081 0.667422 0.573594 0.517619 0.550495 0.575376 0.651926 0.752452 0.784209 0.747594 0.663326 0.594460 0.548489 0.500666 0.452688 0.464030 0.479946 0.482618 0.475087 0.451955 0.381736 0.000000 0.000000 0.606949 0.753594 0.847142 0.860873 0.818807 0.716395 0.673349 0.626504 0.607728 0.615218 0.685738 0.864465 0.900567 0.888398 0.852493 0.856042 0.691386 0.759192 0.828139 0.843200 0.927225 1.085955 1.190544 1.291510 1.338431 1.359359 1.394161 1.499022 1.334344 1.154372 1.111919 1.008323 0.940630 0.896132 0.625473 0.594927 0.769527 0.851803 0.763945 0.762309 0.737204 0.202822 0.251038 0.837746 0.905786 1.075487 1.136190 1.137754 0.995405 1.036960 1.124731 1.254171 1.341823 1.158712 1.059425 0.950643 0.877517 0.902905 1.004302 1.074366 1.025647 0.980790 0.924890 0.432478 0.656028 0.587818 0.587445 0.605814 0.622357 0.607381 0.718803 0.668812 0.636473 0.562687 0.570567 0.522605 0.549974 0.723542 0.710525 0.851509 0.706082 0.723353 0.687521 0.623810 0.538691 0.437424 0.564436 0.703579 0.741694 0.761329 0.765911 0.750663 0.724451 0.695573 1.059232 1.134577 1.195678 1.207291 1.162825 1.127149 0.930503 0.673538 0.438511 0.000000 0.000000 0.412450 0.406616 0.000000 0.000000 0.000000 0.000000 0.000000 0.000000 0.000000 0.000000 0.540117 0.622935 0.687589 0.761904 0.625984 0.693870 0.905617 0.750261 0.872171 0.642997 0.806313 0.827909 0.832369 0.667382 0.642579 0.627834 0.634919 0.612390 0.603930 0.578748 0.554392 0.578853 0.759533 0.818575 0.810403 0.814658 0.826657 0.890490 0.872374 0.851135 0.817613 0.742460 0.551753 0.627521 0.799317 0.733550 0.603771 0.735597 0.654623 0.311125 0.278472 0.625743 0.367923 0.255214 0.152132 0.562681 0.000000
0.000000 0.000000 0.000000 0.000000 0.000000 0.000000 0.000000 0.000000 0.000000 0.000000 0.000000 0.000000 0.000000 0.000000 0.000000 0.000000 0.000000 0.000000 0.000000 0.000000 0.000000 0.000000 0.000000 0.000000 0.000000 0.000000 0.000000 0.000000 0.000000 0.000000 0.000000 0.000000 0.000000 0.000000 0.000000 0.000000 0.000000 0.000000 0.000000 0.000000 0.000000 0.000000 0.000000 0.000000 0.000000 0.000000 0.000000 0.000000 0.000000 0.000000 0.000000 0.000000 0.000000 0.000000 0.000000 0.000000 0.000000 0.000000 0.000000 0.000000 0.000000 0.000000 0.000000 0.000000 0.000000 0.000000 0.000000 0.000000 0.000000 0.000000 0.518912 0.488691 0.870309 1.365768 1.113101 0.978671 0.916727 0.906990 0.899734 0.896863 0.708196 0.682893 0.684864 0.685379 0.686196 0.703019 0.705392 0.672134 0.639185 0.610431 0.580090 0.677783 0.651104 0.492063 0.598541 0.576930 0.554814 0.573146 0.590601 0.651745 0.728282 0.789745 0.817670 0.802612 0.721920 0.649516 0.613131 0.596752 0.574721 0.527292 0.511713 0.506564 0.507479 0.505692 0.460700 0.000000 0.449211 0.601672 0.746869 0.811936 0.820763 0.768172 0.749674 0.690599 0.631723 0.823624 1.524441 0.628357 0.804919 0.888922 0.877437 0.810773 0.706091 0.718086 0.817098 0.920209 0.810364 0.947695 1.122784 1.223639 1.300860 1.272954 1.237892 1.300062 1.240928 1.078149 0.984534 0.938774 0.865777 0.949426 0.850045 0.751452 0.564177 0.777460 0.647598 0.632699 0.610166 0.591901 0.178834 0.312878 0.835565 0.933606 0.987613 1.096099 1.106954 1.062142 0.951187 1.050891 1.197352 1.137026 1.190602 1.339720 1.233640 0.932189 0.886780 0.939952 0.999573 1.005141 0.974106 0.912534 0.795001 0.661193 0.214662 0.614938 0.801463 0.805048 0.791981 0.720570 0.690749 0.712390 0.572563 0.623700 0.625817 0.672680 0.571231 0.742134 0.761344 0.716065 0.742384 0.698097 0.624108 0.502375 0.495977 0.675194 0.778421 0.821688 0.824284 0.823582 0.808714 0.773352 0.719302 0.655189 0.781426 1.016808 1.087063 1.060557 1.056768 0.968412 0.802768 0.615871 0.492939 0.395905 0.424083 0.419503 0.404499 0.409307 0.000000 0.000000 0.000000 0.000000 0.000000 0.422595 0.547851 0.697902 0.831822 0.692488 0.725502 0.733106 0.755170 0.768403 0.732001 0.673228 0.644564 0.826483 0.847907 0.703244 0.692596 0.658147 0.647160 0.636388 0.636283 0.630494 0.608999 0.614438 0.629042 0.642158 0.802058 0.860775 0.918320 0.993867 0.947205 0.909818 0.786447 0.732960 0.548665 0.545178 0.605897 0.723904 0.655020 0.705623 0.667275 0.734494 0.312576 0.302911 0.654361 0.156687 0.153031 0.090042 0.582633 0.421469
0.000000 0.000000 0.000000 0.000000 0.000000 0.000000 0.000000 0.000000 0.000000 0.000000 0.000000 0.000000 0.000000 0.000000 0.000000 0.000000 0.000000 0.000000 0.000000 0.000000 0.000000 0.000000 0.000000 0.000000 0.000000 0.000000 0.000000 0.000000 0.000000 0.000000 0.000000 0.000000 0.000000 0.000000 0.000000 0.000000 0.000000 0.000000 0.000000 0.000000 0.000000 0.000000 0.000000 0.000000 0.000000 0.000000 0.000000 0.000000 0.000000 0.000000 0.000000 0.000000 0.000000 0.000000 0.000000 0.000000 0.000000 0.000000 0.000000 0.000000 0.000000 0.000000 0.000000 0.000000 0.000000 0.000000 0.000000 0.000000 0.000000 0.489789 0.593220 0.844384 1.162501 1.218770 1.084550 0.988414 1.081754 0.981025 0.792413 0.742398 0.730931 0.720467 0.722281 0.721361 0.720117 0.729898 0.681643 0.641331 0.615353 0.707542 0.658376 0.502139 0.624132 0.617238 0.594923 0.565994 0.596530 0.641484 0.731261 0.811232 0.838229 0.827419 0.792107 0.753588 0.695670 0.648779 0.631938 0.633338 0.629922 0.568553 0.526523 0.494078 0.499520 0.498080 0.414648 0.507075 0.615684 0.738141 0.775699 0.769741 0.764913 0.733962 0.671046 0.590682 0.570443 0.687701 0.687013 0.756264 0.854368 0.885276 0.815602 0.677707 0.608408 0.720924 0.780524 0.793073 0.983177 1.141729 1.226474 1.248796 1.161804 1.074830 1.127806 0.817327 0.731740 0.974659 0.915018 0.841922 0.917121 0.814926 0.702411 0.691157 0.586310 0.625437 0.629956 0.611299 0.221023 0.181433 0.359494 0.830147 0.930527 0.988461 1.096941 1.043143 0.977027 0.836944 0.962193 1.208664 1.254859 1.376008 1.187509 1.101670 1.176901 0.872593 0.908391 0.930523 0.965486 0.948156 0.886557 0.777127 0.667885 0.638337 0.833351 0.813505 0.811318 0.767101 0.745416 0.605619 0.611968 0.575527 0.620459 0.639595 0.680514 0.565724 0.737438 0.730396 0.730703 0.709653 0.653831 0.628169 0.545413 0.619486 0.772829 0.861004 0.896041 0.890694 0.868690 0.861280 0.825782 0.776351 0.721421 0.666544 0.590808 0.633691 0.791484 0.861379 0.822088 0.718749 0.613850 0.514885 0.504905 0.447055 0.524023 0.512490 0.451429 0.439642 0.430604 0.428656 0.000000 0.430653 0.545272 0.584153 0.699943 0.678159 0.778576 0.805974 0.787793 0.761226 0.743733 0.723249 0.686747 0.640879 0.833573 0.701227 0.701644 0.719805 0.689173 0.673073 0.655418 0.660763 0.675337 0.689893 0.668259 0.652546 0.637919 0.625566 0.724473 1.067681 1.086737 1.052859 0.996546 0.850649 0.638880 0.585776 0.531612 0.148206 0.217792 0.620975 0.621767 0.613803 0.678052 0.520058 0.488216 0.881205 0.728326 0.335893 0.625019 0.521520 0.566335 0.461365
0.000000 0.000000 0.000000 0.000000 0.000000 0.000000 0.000000 0.000000 0.000000 0.000000 0.000000 0.000000 0.000000 0.000000 0.000000 0.000000 0.000000 0.000000 0.000000 0.000000 0.000000 0.000000 0.000000 0.000000 0.000000 0.000000 0.000000 0.000000 0.000000 0.000000 0.000000 0.000000 0.000000 0.000000 0.000000 0.000000 0.000000 0.000000 0.000000 0.000000 0.000000 0.000000 0.000000 0.000000 0.000000 0.000000 0.000000 0.000000 0.000000 0.000000 0.000000 0.000000 0.000000 0.000000 0.000000 0.000000 0.000000 0.000000 0.000000 0.000000 0.000000 0.000000 0.000000 0.000000 0.000000 0.000000 0.000000 0.000000 0.468830 0.566428 0.764402 1.127228 1.205142 1.201757 1.164238 1.079832 1.064851 0.840696 0.773077 1.441953 0.758518 0.759406 0.736579 0.877139 0.688236 0.657919 0.647018 0.756306 0.556271 0.539062 0.530035 0.651189 0.635402 0.611600 0.582385 0.624326 0.703622 0.813779 0.883720 0.901881 0.870322 0.814111 0.762424 0.719248 0.687416 0.664605 0.666092 0.663223 0.614837 0.573585 0.508771 0.447259 0.454542 0.441395 0.541878 0.673921 0.769608 0.807850 0.775438 0.711026 0.638379 0.577084 0.545779 0.449861 0.423694 0.568239 0.675086 0.764157 0.823720 0.764551 0.621213 0.534941 0.630431 0.722640 0.786710 0.991627 1.121489 1.163449 1.118229 1.027179 0.992694 1.004675 0.677136 0.654455 0.943472 1.074565 1.003834 0.900839 0.782700 0.716901 0.718955 0.586247 0.609055 0.625371 0.275664 0.230355 0.201890 0.686968 0.903136 0.965470 1.022142 1.078936 1.033628 0.927761 0.772761 0.852240 1.089970 1.193787 1.353861 1.161381 1.120315 1.213217 0.848151 0.871873 0.885546 0.887723 0.902830 0.855664 0.769845 0.692559 0.836639 0.793626 0.787005 0.625013 0.787596 0.715076 0.629768 0.598463 0.583396 0.605793 0.682893 0.725188 0.615598 0.619773 0.806926 0.755801 0.720103 0.728757 0.635694 0.680694 0.717668 0.862915 0.939269 0.958544 0.941683 0.940442 0.921734 0.894932 0.854141 0.836654 0.782893 0.711182 0.628548 0.574857 0.678771 0.698417 0.659582 0.580038 0.435356 0.402898 0.545025 0.558260 0.490156 0.492370 0.483000 0.480174 0.457229 0.422706 0.530040 0.547210 0.487095 0.585519 0.673537 0.739436 0.785137 0.769961 0.735253 0.717307 0.706936 0.687988 0.665166 0.801515 0.696232 0.701246 0.726792 0.704257 0.685227 0.657324 0.654618 0.893068 0.719352 0.690473 0.662494 0.637610 0.771988 0.857152 1.021834 1.071679 1.140407 1.061309 0.886493 0.819310 0.612692 0.571502 0.116250 0.124287 0.234262 0.709532 0.668950 0.569400 0.635109 0.662486 0.744906 0.655445 0.747825 0.744412 0.604414 0.682621 0.572093 0.468460
0.000000 0.000000 0.000000 0.000000 0.000000 0.000000 0.000000 0.000000 0.000000 0.000000 0.000000 0.000000 0.000000 0.000000 0.000000 0.000000 0.000000 0.000000 0.000000 0.000000 0.000000 0.000000 0.000000 0.000000 0.000000 0.000000 0.000000 0.000000 0.000000 0.000000 0.000000 0.000000 0.000000 0.000000 0.000000 0.000000 0.000000 0.000000 0.000000 0.000000 0.000000 0.000000 0.000000 0.000000 0.000000 0.000000 0.000000 0.000000 0.000000 0.000000 0.000000 0.000000 0.000000 0.000000 0.000000 0.000000 0.000000 0.000000 0.000000 0.000000 0.000000 0.000000 0.000000 0.000000 0.000000 0.000000 0.000000 0.000000 0.518453 0.663897 0.981814 1.171884 1.098935 1.119441 1.130856 0.936808 0.903675 0.814340 1.140547 0.896064 0.883094 0.855045 0.836343 0.638193 0.652353 0.317292 0.247397 0.593696 0.581543 0.561066 0.681422 0.660421 0.634061 0.602880 0.613387 0.771526 0.880807 0.932936 0.932716 0.900468 0.835729 0.778943 0.734353 0.710271 0.711591 0.701599 0.671672 0.640277 0.589572 0.534080 0.461568 0.399891 0.434011 0.532981 0.698630 0.804827 0.842440 0.778244 0.656026 0.474539 0.429700 0.000000 0.000000 0.000000 0.484435 0.579923 0.645199 0.645886 0.588212 0.485361 0.000000 0.477943 0.703440 0.729130 0.939550 1.031100 1.046942 0.990301 0.927822 0.925972 0.930940 0.609232 0.610715 0.608811 1.028693 0.941466 0.851094 0.760187 0.759604 0.757865 0.755575 0.615803 0.629068 0.257796 0.624162 0.234045 0.720652 0.943777 0.970449 0.992185 1.074211 0.966971 0.820033 0.662981 0.624437 0.934229 1.098996 1.274194 1.128311 1.056144 0.979301 0.860233 0.865021 0.539720 0.514836 0.485310 0.838535 0.773321 0.732971 0.859636 0.645490 0.772543 0.826974 0.858069 0.734003 0.667037 0.639177 0.637215 0.649379 0.718013 0.774262 0.782263 0.868572 0.871889 0.848645 0.816485 0.764403 0.710196 0.689917 0.793742 0.940474 1.016241 1.056424 1.040675 1.012750 1.012342 1.015745 1.001600 1.009008 0.930031 0.836453 0.739868 0.761552 0.700490 0.690340 0.669371 0.609101 0.529619 0.418082 0.555206 0.578594 0.526869 0.529443 0.522947 0.504700 0.448090 0.518767 0.564919 0.592871 0.646481 0.743599 0.663545 0.694922 0.702271 0.714362 0.726112 0.740073 0.900703 0.881064 0.908179 0.891103 0.899197 0.766713 0.766077 0.759938 0.736188 0.377627 0.365710 0.672599 0.676254 0.623057 0.672160 0.710360 0.845698 0.879527 1.029470 1.094638 1.068371 0.984738 0.717831 0.652761 0.635874 0.193120 0.196601 0.151103 0.196345 0.719518 0.759494 0.685288 0.614546 0.541705 0.390012 0.872194 0.630686 0.683131 0.705621 0.264809 0.632218 0.620201 0.468815
0.000000 0.000000 0.000000 0.000000 0.000000 0.000000 0.000000 0.000000 0.000000 0.000000 0.000000 0.000000 0.000000 0.000000 0.000000 0.000000 0.000000 0.000000 0.000000 0.000000 0.000000 0.000000 0.000000 0.000000 0.000000 0.000000 0.000000 0.000000 0.000000 0.000000 0.000000 0.000000 0.000000 0.000000 0.000000 0.000000 0.000000 0.000000 0.000000 0.000000 0.000000 0.000000 0.000000 0.000000 0.000000 0.000000 0.000000 0.000000 0.000000 0.000000 0.000000 0.000000 0.000000 0.000000 0.000000 0.000000 0.000000 0.000000 0.000000 0.000000 0.000000 0.000000 0.000000 0.000000 0.000000 0.429095 0.000000 0.446253 0.446876 0.780394 0.967888 1.029245 1.059750 1.068221 1.078424 0.892591 0.817309 0.733664 0.697946 0.886396 0.776016 0.729689 0.674460 0.630960 0.237895 0.622302 0.627096 0.613414 0.740559 0.709745 0.686261 0.652317 0.616275 0.648000 0.838463 0.927717 0.970999 0.979525 0.917121 0.834851 1.125170 0.745305 0.755068 0.760612 0.734989 0.698616 0.650698 0.594456 0.496323 0.444611 0.416125 0.000000 0.516765 0.665153 0.790164 0.841339 0.796491 0.679894 0.554763 0.422507 0.000000 0.000000 0.000000 0.000000 0.493946 0.547662 0.535720 0.464154 0.000000 0.000000 0.420107 0.565780 0.681439 0.830711 0.904177 0.939458 0.921951 0.885327 0.880559 0.879782 0.560847 0.591539 0.861571 0.801654 0.907626 0.675169 0.796902 0.627943 0.644394 0.791216 0.637664 0.304801 0.278200 0.309169 0.281490 0.407816 0.959236 0.966795 0.815949 0.995169 0.855651 0.695801 0.531826 0.440961 0.784096 0.994115 1.189164 1.063130 1.022346 0.949894 0.871194 0.553593 0.487375 0.438346 0.407689 0.434889 0.445093 0.778833 0.889248 0.832005 0.794450 0.751361 0.773125 0.761961 0.703260 0.688448 0.690963 0.712605 0.742507 0.787576 0.841284 0.851742 0.927241 0.899642 0.858133 0.801205 0.777747 0.705386 0.805200 0.968489 1.134964 1.122991 1.118296 1.090766 1.095141 1.102126 1.079405 1.116888 1.063003 0.941290 0.835471 0.801051 0.790341 0.756741 0.716409 0.673751 0.587848 0.452190 0.509771 0.609631 0.611260 0.561451 0.544828 0.554966 0.523945 0.562750 0.592862 0.662963 0.578885 0.771079 0.842589 0.912761 0.945299 0.965955 0.984108 1.098915 1.078868 1.048822 1.011120 0.915471 0.830322 0.868128 0.853282 0.825951 0.800366 0.786388 0.742092 0.685100 0.626354 0.626738 0.665755 0.726028 0.688729 0.935085 1.018395 1.128834 1.103125 0.997803 0.915239 0.684762 0.278708 0.262357 0.302272 0.366348 0.297450 0.619977 0.726292 0.658968 0.530991 0.578729 0.604885 0.301557 0.331611 0.642076 0.690559 0.788399 0.568777 0.515502 0.653705 0.602907
0.000000 0.000000 0.000000 0.000000 0.000000 0.000000 0.000000 0.000000 0.000000 0.000000 0.000000 0.000000 0.000000 0.000000 0.000000 0.000000 0.000000 0.000000 0.000000 0.000000 0.000000 0.000000 0.000000 0.000000 0.000000 0.000000 0.000000 0.000000 0.000000 0.000000 0.000000 0.000000 0.000000 0.000000 0.000000 0.000000 0.000000 0.000000 0.000000 0.000000 0.000000 0.000000 0.000000 0.000000 0.000000 0.000000 0.000000 0.000000 0.000000 0.000000 0.000000 0.000000 0.000000 0.000000 0.000000 0.000000 0.000000 0.000000 0.000000 0.000000 0.000000 0.000000 0.000000 0.000000 0.000000 0.004000 0.000000 0.000000 0.427631 0.923596 0.918375 1.016511 0.901821 0.923986 0.939694 0.937869 0.727136 0.789088 0.799842 0.803269 0.775939 0.317542 0.145176 0.604985 0.648684 0.656095 0.802345 0.771079 0.738453 0.703587 0.663456 0.628685 0.705741 0.895118 0.971471 0.983407 0.965213 0.868975 0.811170 0.763645 1.173628 0.930692 0.797418 0.760170 0.706420 0.643971 0.583099 0.503540 0.000000 0.000000 0.000000 0.461403 0.618845 0.727046 0.801851 0.775684 0.659111 0.559992 0.498244 0.422402 0.000000 0.294126 0.000000 0.000000 0.459593 0.469049 0.000000 0.000000 0.000000 0.000000 0.000000 0.565175 0.783487 0.957035 1.077468 0.925507 0.878056 0.838049 0.842262 0.858364 0.879383 0.865453 0.797764 0.461646 0.702952 0.845409 0.673900 0.679555 0.676297 0.326033 0.334763 0.306757 0.342490 0.706086 0.710248 0.731699 0.913234 0.873573 0.850487 0.724276 0.636077 0.534398 0.388807 0.681960 0.982610 1.120394 1.193323 0.973571 1.076838 1.048531 0.597913 0.472188 0.367607 0.329618 0.370065 0.458417 0.795866 0.927390 0.885573 0.689561 0.764737 0.594914 0.752572 0.751017 0.746997 0.751819 0.829456 0.809651 0.821374 0.868480 0.897956 0.894723 0.869018 0.834898 0.862243 0.754137 0.775196 0.886410 1.018441 1.107496 1.147081 1.144361 1.137786 1.237847 1.209458 1.195336 1.235126 1.149433 1.032388 0.960051 0.893224 0.834869 0.776638 0.708936 0.654251 0.592164 0.567762 0.651278 0.687068 0.633220 0.616381 0.587436 0.540149 0.574684 0.642434 0.693696 0.557895 0.652220 0.678911 0.871154 0.953987 1.026766 1.086966 1.220692 1.209006 1.227644 1.192069 1.048534 1.025573 0.912537 0.965413 0.933565 0.905415 0.853856 0.874905 0.826494 0.745891 0.679176 0.834863 0.840195 0.698029 0.735111 0.478596 1.063948 1.089000 1.100020 1.045236 0.944253 0.700165 0.638428 0.289649 0.321876 0.486600 0.454287 0.395513 0.738342 0.705569 0.565294 0.612113 0.650333 0.646716 0.313861 0.422109 0.684724 0.647501 0.621162 0.554293 0.524485 0.633913 0.667800
0.000000 0.000000 0.000000 0.000000 0.000000 0.000000 0.000000 0.000000 0.000000 0.000000 0.000000 0.000000 0.000000 0.000000 0.000000 0.000000 0.000000 0.000000 0.000000 0.000000 0.000000 0.000000 0.000000 0.000000 0.000000 0.000000 0.000000 0.000000 0.000000 0.000000 0.000000 0.000000 0.000000 0.000000 0.000000 0.000000 0.000000 0.000000 0.000000 0.000000 0.000000 0.000000 0.000000 0.000000 0.000000 0.000000 0.000000 0.000000 0.000000 0.000000 0.000000 0.000000 0.000000 0.000000 0.000000 0.000000 0.000000 0.000000 0.000000 0.000000 0.000000 0.000000 0.000000 0.000000 0.000000 0.000000 0.000000 0.466416 0.427868 1.169792 0.977758 0.876318 0.975834 0.786578 0.800318 0.831620 0.810269 0.843009 0.802097 0.592013 0.534297 0.112772 0.180661 0.672069 0.854633 0.840200 0.802178 0.753452 0.709459 0.662936 0.663975 0.777013 0.938185 0.998979 1.019610 0.935903 0.853115 0.804834 0.786465 0.805621 0.800907 0.809339 0.772506 0.698513 0.607107 0.490413 0.448822 0.400655 0.393577 0.000000 0.404428 0.509224 0.656181 0.707516 0.698124 0.693667 0.628765 0.567881 0.484706 0.000000 0.000000 0.000000 0.000000 0.000000 0.000000 0.000000 0.000000 0.000000 0.000000 0.000000 0.406560 0.740658 0.869393 0.992955 1.052092 0.891219 0.830157 0.815223 0.815275 0.837431 0.863701 0.833832 0.838948 0.764877 0.745790 0.736295 0.745043 0.747244 0.450033 0.403632 0.379599 0.381888 0.739213 0.897194 0.675865 0.645876 0.780106 0.820116 0.698191 0.625350 0.556141 0.429442 0.512290 0.960562 1.147536 1.159004 1.117913 1.052487 1.072738 0.677792 0.476292 0.300137 0.225351 0.315988 0.455696 0.831297 0.985115 0.943742 0.717751 0.640734 0.639700 0.825637 0.823780 0.812976 0.826181 0.859256 0.896411 0.906977 0.936870 0.949675 0.951009 0.928440 0.897713 0.865623 0.841586 0.871960 0.979073 1.095377 1.175181 1.232787 1.262425 1.290010 1.317464 1.362036 1.267724 1.221931 1.191621 1.103772 0.999963 0.910613 0.831686 0.765047 0.693234 0.602747 0.524997 0.537500 0.661314 0.734792 0.679398 0.649167 0.477162 0.456243 0.644582 0.560880 0.600819 0.632802 0.643009 0.721285 0.800969 0.583452 0.681169 1.183558 1.221631 1.211196 1.311653 1.291537 1.144005 0.928884 0.974517 1.009220 0.970506 0.926343 0.887669 0.876971 0.902659 0.867485 0.955103 0.907783 0.921693 0.763106 0.444190 0.536440 0.623458 1.118787 1.091203 1.040269 0.948574 0.855070 0.600695 0.616913 0.335963 0.729641 0.367367 0.393062 0.653231 0.798846 0.625761 0.632931 0.664062 0.681904 0.659967 0.400794 0.798286 0.705313 0.645965 0.642034 0.583954 0.551987 0.524129 0.804978
0.000000 0.000000 0.000000 0.000000 0.000000 0.000000 0.000000 0.000000 0.000000 0.000000 0.000000 0.000000 0.000000 0.000000 0.000000 0.000000 0.000000 0.000000 0.000000 0.000000 0.000000 0.000000 0.000000 0.000000 0.000000 0.000000 0.000000 0.000000 0.000000 0.000000 0.000000 0.000000 0.000000 0.000000 0.000000 0.000000 0.000000 0.000000 0.000000 0.000000 0.000000 0.000000 0.000000 0.000000 0.000000 0.000000 0.000000 0.000000 0.000000 0.000000 0.000000 0.000000 0.000000 0.000000 0.000000 0.000000 0.000000 0.000000 0.000000 0.000000 0.000000 0.000000 0.000000 0.000000 0.000000 0.000000 0.483464 0.558262 0.920013 1.328272 1.014194 0.842208 0.743556 0.671706 0.770226 0.806605 0.830135 0.792090 0.559621 0.586650 0.627468 0.784832 0.859563 0.884156 0.868987 0.821922 0.764471 0.702904 0.677198 0.725625 0.916558 0.997848 1.016382 0.993679 0.924892 0.896405 0.873349 0.843851 0.806436 0.771141 0.763819 0.745153 0.693438 0.602299 0.518874 0.477588 0.432393 0.377030 0.000000 0.000000 0.507482 0.567144 0.619545 0.638339 0.692192 0.684932 0.625184 0.537311 0.441087 0.000000 0.000000 0.000000 0.000000 0.000000 0.000000 0.000000 0.000000 0.000000 0.000000 0.000000 0.570960 0.769224 0.932044 1.005918 1.024010 0.839600 0.800190 0.803109 0.805337 0.873202 0.887225 0.812326 0.469446 0.784475 0.825069 0.819718 0.501753 0.497656 0.474823 0.422643 0.762985 0.759954 0.738742 0.710796 0.696775 0.831438 0.796825 0.734121 0.642279 0.572101 0.465943 0.519817 0.810495 1.111031 1.247976 1.132400 1.053806 1.065817 0.928972 0.607027 0.337986 0.262000 0.464953 0.589381 0.675224 0.931065 0.849277 0.739270 0.664751 0.691674 0.887186 0.886157 0.886367 0.902366 0.937482 0.985155 0.997012 1.013070 1.020856 1.002587 0.983525 0.964136 0.947067 0.925497 0.925889 1.032503 1.160331 1.247838 1.293671 1.313346 1.350482 1.390705 1.381059 1.263667 1.229921 1.116015 1.029540 0.977742 0.883050 0.783087 0.718568 0.633734 0.635940 0.577760 0.576651 0.471660 0.675644 0.545703 0.522899 0.494026 0.645145 0.557638 0.611199 0.647649 0.306813 0.343927 0.424203 0.523492 0.915382 0.993294 1.241839 1.289982 1.297953 1.297079 1.279163 1.232986 1.203809 0.977973 0.984354 0.964024 0.950300 0.887538 0.871875 0.950548 0.941020 0.864702 0.836142 0.831032 0.609179 0.527928 0.887875 0.943220 1.158110 1.118742 1.036373 0.945307 0.866731 0.602794 0.773604 0.714725 0.773208 0.772028 0.897910 0.713787 0.880245 0.697669 0.272654 0.247836 0.263565 0.652578 0.255230 0.826242 0.823646 0.732221 0.675423 0.648481 0.249398 0.222919 0.679331 0.770269
0.000000 0.000000 0.000000 0.000000 0.000000 0.000000 0.000000 0.000000 0.000000 0.000000 0.000000 0.000000 0.000000 0.000000 0.000000 0.000000 0.000000 0.000000 0.000000 0.000000 0.000000 0.000000 0.000000 0.000000 0.000000 0.000000 0.000000 0.000000 0.000000 0.000000 0.000000 0.000000 0.000000 0.000000 0.000000 0.000000 0.000000 0.000000 0.000000 0.000000 0.000000 0.000000 0.000000 0.000000 0.000000 0.000000 0.000000 0.000000 0.000000 0.000000 0.000000 0.000000 0.000000 0.000000 0.000000 0.000000 0.000000 0.000000 0.000000 0.000000 0.000000 0.000000 0.000000 0.000000 0.000000 0.500097 0.681129 0.934102 1.274525 1.289028 0.981622 0.695037 0.553320 0.424570 0.668138 0.711519 0.695931 0.549745 0.668484 0.717184 0.638519 0.696801 0.991386 1.069739 0.827382 0.757647 0.694495 0.716544 0.857265 0.992490 0.984903 0.975775 0.929563 0.866790 0.870512 0.985926 0.944866 0.884938 0.823532 0.784858 0.735193 0.689533 0.613212 0.557172 0.497484 0.437515 0.378824 0.370441 0.401488 0.461533 0.504182 0.598326 0.679515 0.721991 0.729874 0.667662 0.564549 0.463029 0.000000 0.000000 0.000000 0.000000 0.000000 0.000000 0.000000 0.000000 0.000000 0.000000 0.004000 0.401023 0.641901 0.736343 0.848110 0.873314 0.874585 0.865773 0.859229 0.853668 0.869721 0.908276 0.785269 0.762919 0.847368 0.902865 0.906419 0.587240 0.565184 0.533533 0.808229 0.529389 0.828396 0.756380 0.730338 0.720823 0.714874 0.808990 0.732874 0.675382 0.543107 0.504015 0.512071 0.685449 1.085519 1.425037 1.046625 0.905791 0.866458 0.842739 0.887007 0.847276 0.875970 0.672926 0.734651 0.785470 1.009822 0.637393 0.452567 0.382631 0.441313 0.941522 0.938946 0.941099 0.970767 1.013273 1.068238 1.084926 1.096478 1.089064 1.069428 1.041009 1.033578 1.023654 1.006722 1.031435 1.107258 1.229657 1.335992 1.383084 1.393871 1.373449 1.354157 1.351709 1.285560 1.150065 1.051599 0.937507 0.861199 0.811180 0.763709 0.713679 0.660490 0.697945 0.695481 0.650911 0.628078 0.637409 0.522998 0.534841 0.676515 0.568194 0.597658 0.265338 0.268110 0.300505 0.385674 0.449307 0.540817 0.942759 1.013294 1.122679 1.354270 1.386384 1.407348 1.214350 0.873373 1.108455 1.065864 1.008621 0.955718 0.911413 0.914960 0.937651 0.921943 0.940956 0.946182 0.926343 0.922175 0.915817 0.927594 0.908601 0.953759 0.964628 1.102535 1.016917 0.945371 0.892575 0.711555 0.426808 0.775816 1.000487 1.003429 0.961932 0.776780 0.955203 0.781870 0.736207 0.265016 0.194544 0.152002 0.576680 0.407592 0.895660 0.878694 0.775561 0.306763 0.229346 0.220597 0.201144 0.241368 0.781945
0.000000 0.000000 0.000000 0.000000 0.000000 0.000000 0.000000 0.000000 0.000000 0.000000 0.000000 0.000000 0.000000 0.000000 0.000000 0.000000 0.000000 0.000000 0.000000 0.000000 0.000000 0.000000 0.000000 0.000000 0.000000 0.000000 0.000000 0.000000 0.000000 0.000000 0.000000 0.000000 0.000000 0.000000 0.000000 0.000000 0.000000 0.000000 0.000000 0.000000 0.000000 0.000000 0.000000 0.000000 0.000000 0.000000 0.000000 0.000000 0.000000 0.000000 0.000000 0.000000 0.000000 0.000000 0.000000 0.000000 0.000000 0.000000 0.000000 0.000000 0.000000 0.000000 0.000000 0.000000 0.491929 0.993469 1.200353 1.126780 1.352325 1.016740 0.710074 0.608981 0.521326 0.461810 0.699123 0.610568 0.578513 0.700159 1.292882 0.760488 0.901677 0.999077 0.874442 0.818051 0.762594 0.721323 0.778569 0.928227 0.979003 1.027059 0.993296 0.912092 0.845177 0.933889 1.013833 1.077244 1.005405 0.923181 0.847413 0.784520 0.844511 0.723631 0.572200 0.512792 0.448510 0.406069 0.381958 0.464133 0.487641 0.551828 0.601783 0.702772 0.762555 0.759678 0.687540 0.565499 0.442685 0.000000 0.000000 0.000000 0.000000 0.000000 0.000000 0.000000 0.000000 0.000000 0.000000 0.000000 0.000000 0.751089 1.100184 0.922360 0.924350 0.930591 1.275831 0.940989 0.854598 0.819923 0.808049 0.784586 0.762004 0.841980 0.927363 0.973998 0.629396 0.541195 0.472563 0.489185 0.825774 0.838200 0.778169 0.741409 0.412872 0.684088 0.787231 0.696870 0.619009 0.567421 0.519130 0.509823 0.633961 1.003652 1.380927 1.324029 0.974070 0.874237 0.844137 0.867481 0.945709 0.691026 0.730816 0.787181 0.790958 0.747839 0.609950 0.443987 0.388122 0.450851 0.817772 0.997749 0.985359 0.983750 1.054293 1.122517 1.168463 1.160600 1.153179 1.121646 1.092738 1.068877 1.062244 1.091210 1.106664 1.142937 1.210559 1.281246 1.339244 1.342629 1.323487 1.302940 1.282601 1.269801 1.225909 1.126242 0.964852 0.825306 0.784188 0.780700 0.757521 0.755390 0.744956 0.809395 0.774441 0.687058 0.662217 0.686420 0.745773 0.611788 0.288464 0.287668 0.201754 0.239265 0.315667 0.411627 0.505119 0.920736 0.961116 1.038392 1.156512 1.417041 1.331315 1.345044 1.300533 1.194190 1.147627 1.112583 1.057406 1.058215 0.967819 0.625827 0.670550 0.644027 0.624576 0.659854 0.668463 0.666545 0.690073 0.965100 0.966471 0.954116 0.943789 1.009298 0.985591 0.942557 0.937032 0.765668 0.858938 0.911970 0.945756 1.088794 1.032422 0.977439 0.832693 1.037725 0.802175 0.359356 0.218997 0.155031 0.559793 0.780614 0.802310 0.940310 0.561722 0.343046 0.364798 0.279282 0.271882 0.252716 0.585880 0.789032
0.000000 0.000000 0.000000 0.000000 0.000000 0.000000 0.000000 0.000000 0.000000 0.000000 0.000000 0.000000 0.000000 0.000000 0.000000 0.000000 0.000000 0.000000 0.000000 0.000000 0.000000 0.000000 0.000000 0.000000 0.000000 0.000000 0.000000 0.000000 0.000000 0.000000 0.000000 0.000000 0.000000 0.000000 0.000000 0.000000 0.000000 0.000000 0.000000 0.000000 0.000000 0.000000 0.000000 0.000000 0.000000 0.000000 0.000000 0.000000 0.000000 0.000000 0.000000 0.000000 0.000000 0.000000 0.000000 0.000000 0.000000 0.000000 0.000000 0.000000 0.000000 0.000000 0.000000 0.448102 0.646057 0.908245 1.017477 1.114465 1.031763 0.852277 0.615779 0.691699 0.651437 0.690289 0.714286 0.669860 0.660846 0.773804 1.542702 0.870235 0.935707 0.887368 0.881246 0.835605 0.877057 0.848023 0.993944 0.919586 0.914223 0.871230 0.907952 0.845393 0.953824 1.052749 1.097534 1.054614 1.039008 0.930466 1.059899 0.991270 0.802670 0.607086 0.522327 0.457070 0.528364 0.542705 0.549194 0.538975 0.563227 0.629235 0.728668 0.808956 0.804219 0.708205 0.555084 0.000000 0.000000 0.000000 0.000000 0.000000 0.000000 0.000000 0.000000 0.000000 0.000000 0.000000 0.000000 0.000000 0.634684 0.706229 0.840937 0.919984 1.221640 0.937509 1.008453 0.928354 0.848436 0.852591 0.800932 0.746089 0.826697 0.917124 0.655035 0.580187 0.462050 0.455911 0.547312 0.901960 0.911505 0.802536 0.722532 0.684294 0.632128 0.573632 0.646882 0.622855 0.588712 0.513124 0.529501 0.563925 0.920835 1.198273 1.574625 1.190650 0.972664 0.911916 0.948310 0.628638 0.685448 0.738560 0.749622 0.733459 0.993677 0.565413 0.413634 0.427632 0.459434 0.539467 0.878049 1.045213 1.016496 1.035988 1.135329 1.203849 1.191526 1.190441 1.151363 1.157037 1.162701 1.147140 1.133246 1.147993 1.181576 1.037479 1.067964 1.265604 1.263361 1.245452 1.217525 1.194540 1.168278 1.154052 1.139559 1.082306 0.972371 0.948614 0.833317 0.789215 0.829456 0.820755 0.885382 0.709725 0.644405 0.619827 0.778392 0.675142 0.347386 0.318581 0.315942 0.251587 0.278596 0.371511 0.487691 0.581584 0.963984 0.995919 1.086348 1.224825 1.504258 1.400075 1.188865 1.138192 0.976105 0.876287 0.775327 0.734646 0.693801 0.717407 0.651061 0.599399 0.524461 0.585427 0.667111 0.720861 0.718660 0.727476 1.195810 0.998301 0.969534 0.938041 0.891474 0.825886 0.889022 0.871820 0.968037 0.895425 1.027602 1.094754 1.232357 1.147415 1.022993 0.793769 1.082849 1.081905 0.435328 0.280598 0.195123 0.196653 0.708429 0.729358 0.530391 0.573299 0.517132 0.394204 0.443754 0.466400 0.723455 0.650034 0.595956 0.801234
0.000000 0.000000 0.000000 0.000000 0.000000 0.000000 0.000000 0.000000 0.000000 0.000000 0.000000 0.000000 0.000000 0.000000 0.000000 0.000000 0.000000 0.000000 0.000000 0.000000 0.000000 0.000000 0.000000 0.000000 0.000000 0.000000 0.000000 0.000000 0.000000 0.000000 0.000000 0.000000 0.000000 0.000000 0.000000 0.000000 0.000000 0.000000 0.000000 0.000000 0.000000 0.000000 0.000000 0.000000 0.000000 0.000000 0.000000 0.000000 0.000000 0.000000 0.000000 0.000000 0.000000 0.000000 0.000000 0.000000 0.000000 0.000000 0.000000 0.000000 0.000000 0.000000 0.000000 0.494746 0.771739 0.927117 1.000615 0.943086 0.758594 0.678808 0.702935 0.770314 0.780060 0.792930 0.775933 0.738928 0.790677 0.877017 1.039207 1.122033 1.140379 1.133841 1.105497 1.035215 1.049770 0.921139 0.953815 1.056692 0.876395 0.936246 0.855204 0.881109 1.034396 1.114611 1.127613 1.056344 0.937165 1.183740 1.097495 0.735476 0.634064 0.615175 0.614041 0.631041 0.635534 0.642792 0.626598 0.620065 0.625570 0.712935 0.822747 0.833827 0.731449 0.526727 0.000000 0.000000 0.000000 0.000000 0.000000 0.000000 0.000000 0.000000 0.000000 0.000000 0.000000 0.000000 0.000000 0.718707 0.783686 0.901106 0.929659 0.938152 0.916385 1.001940 1.024560 0.892053 0.855536 0.828664 0.757581 0.803022 0.872528 0.559150 0.447602 0.362966 0.409283 0.551888 0.949748 1.078478 0.798418 0.840741 0.760439 0.527502 0.585504 0.595297 0.549566 0.505745 0.428421 0.466886 0.569784 0.849990 1.142585 1.416698 1.553208 0.867213 0.622976 0.548804 0.570187 0.608017 0.630616 0.623049 0.616544 0.562777 0.468723 0.360686 0.433038 0.481999 0.557819 0.932405 1.099924 1.080274 1.056996 1.069381 1.147223 1.185877 1.171941 1.162650 1.208788 1.222970 1.205832 1.203595 1.214579 1.033914 1.046430 1.058092 1.061221 1.224674 1.172191 1.120671 1.087573 1.046633 1.014883 1.034344 1.045776 1.002554 0.964185 0.938223 0.904778 0.871687 0.890090 0.802451 0.804233 0.773046 0.740853 0.869726 0.404033 0.407027 0.404755 0.385631 0.349973 0.387941 0.486284 0.584444 0.989772 1.002623 1.039377 1.138038 1.276683 1.171015 1.258271 1.206310 1.114481 0.975125 0.836601 0.794888 0.755848 0.723671 0.715209 0.640609 0.559240 0.584503 0.591987 0.737737 0.799719 0.797975 0.767244 1.061376 1.213555 1.005592 0.983968 0.940534 0.559520 0.941603 0.982900 0.953217 1.138060 1.324124 1.206121 1.207889 1.068261 1.134224 0.777811 1.035174 1.147028 0.941050 0.370928 0.232199 0.606410 0.560348 0.384641 0.429903 0.536846 0.640572 0.536429 0.431092 0.486387 0.505084 0.747766 0.677472 0.639112 0.820396
0.000000 0.000000 0.000000 0.000000 0.000000 0.000000 0.000000 0.000000 0.000000 0.000000 0.000000 0.000000 0.000000 0.000000 0.000000 0.000000 0.000000 0.000000 0.000000 0.000000 0.000000 0.000000 0.000000 0.000000 0.000000 0.000000 0.000000 0.000000 0.000000 0.000000 0.000000 0.000000 0.000000 0.000000 0.000000 0.000000 0.000000 0.000000 0.000000 0.000000 0.000000 0.000000 0.000000 0.000000 0.000000 0.000000 0.000000 0.000000 0.000000 0.000000 0.000000 0.000000 0.000000 0.000000 0.000000 0.000000 0.000000 0.000000 0.000000 0.000000 0.000000 0.000000 0.291347 0.640048 0.749462 0.858432 0.765066 0.712228 0.777103 0.796742 0.874362 0.857861 0.838864 0.804832 0.814065 0.893535 0.985632 1.145840 1.307431 1.242517 1.225151 1.289506 1.261389 1.232467 1.138186 0.989662 1.222476 1.082292 0.842807 0.735167 0.762636 0.914753 1.059803 1.103430 1.073435 1.046597 0.904349 0.794999 0.769021 0.736633 0.716414 0.725762 0.718998 0.701870 0.686666 0.679474 0.672037 0.656015 0.680797 0.742469 0.763110 0.665755 0.445216 0.000000 0.000000 0.000000 0.000000 0.000000 0.000000 0.000000 0.000000 0.000000 0.000000 0.000000 0.000000 0.568111 0.797420 0.820653 0.929072 0.963609 0.920630 0.873382 1.135267 1.343412 1.168268 1.072841 0.976397 0.745579 0.753815 0.450193 0.388168 0.322066 0.308647 0.401718 0.542983 0.917347 1.006451 0.866061 0.746046 0.642186 0.572750 0.471835 0.592494 0.571578 0.523880 0.446168 0.474452 0.620620 0.785096 1.088840 1.367099 1.354465 1.179622 0.676744 0.524393 0.510274 0.489656 0.411491 0.384059 0.438496 0.391491 0.345752 0.331504 0.411119 0.515850 0.590580 0.952686 1.124984 1.123278 1.093391 1.053996 1.066823 1.115723 1.113843 1.119342 1.137431 1.127890 1.107942 1.145453 0.993137 1.013581 1.027232 1.031127 1.029877 1.196843 1.139769 1.070440 1.011030 0.977222 0.931331 0.897828 0.938509 0.929267 0.913872 0.971463 0.971748 0.962826 0.811219 0.861833 0.898751 0.900713 0.870774 0.482817 0.446526 0.460551 0.468022 0.432277 0.392619 0.509922 0.621149 0.700458 1.047115 1.068603 1.111574 1.171338 1.019878 1.162732 1.278981 1.232384 1.118183 1.000161 0.891142 0.808205 0.759451 0.751533 0.747096 0.680797 0.622189 0.968225 1.040726 0.881843 0.906753 0.896603 1.133707 1.285575 1.239872 1.240166 1.107393 1.038422 0.978005 0.679499 0.744602 1.075704 1.031158 1.086278 1.284007 1.342964 1.251940 1.236697 0.456994 0.984298 0.903194 1.029276 0.681688 0.388420 0.263464 0.199199 0.304550 0.404641 0.458789 1.041407 1.011421 0.908003 0.432400 0.487648 0.870166 0.787852 0.704315 0.829860 0.834827
0.000000 0.000000 0.000000 0.000000 0.000000 0.000000 0.000000 0.000000 0.000000 0.000000 0.000000 0.000000 0.000000 0.000000 0.000000 0.000000 0.000000 0.000000 0.000000 0.000000 0.000000 0.000000 0.000000 0.000000 0.000000 0.000000 0.000000 0.000000 0.000000 0.000000 0.000000 0.000000 0.000000 0.000000 0.000000 0.000000 0.000000 0.000000 0.000000 0.000000 0.000000 0.000000 0.000000 0.000000 0.000000 0.000000 0.000000 0.000000 0.000000 0.000000 0.000000 0.000000 0.000000 0.000000 0.000000 0.000000 0.000000 0.000000 0.000000 0.000000 0.000000 0.000000 0.537670 0.591733 0.697844 0.774480 1.040186 0.852297 0.880457 0.950880 0.912387 0.855582 0.826027 0.923615 1.011528 1.075067 1.228500 1.338995 1.317296 1.270805 1.309640 1.283766 1.262333 1.173421 1.081221 1.102123 1.002991 0.799551 0.735503 0.695044 0.822166 0.963984 1.134701 1.126454 1.065545 0.965559 0.841197 0.766185 1.149766 0.808991 0.841786 0.820828 0.761103 0.703827 0.685330 0.665043 0.646297 0.688611 0.689580 0.639239 0.498031 0.000000 0.000000 0.000000 0.000000 0.000000 0.000000 0.000000 0.000000 0.000000 0.000000 0.000000 0.000000 0.000000 0.668519 0.899671 0.962576 0.916205 0.933407 0.898317 0.792947 1.026265 1.321219 1.421716 1.138733 0.996132 0.748234 0.741848 0.342485 0.282270 0.282880 0.319578 0.444140 0.566160 1.006700 0.891069 0.808993 0.644740 0.623552 0.567808 0.577804 0.576571 0.536430 0.498231 0.493226 0.521737 0.621999 0.706880 0.966409 1.032754 1.189694 1.417369 0.878191 0.569606 0.443833 0.347556 0.262171 0.225884 0.273826 0.244700 0.314789 0.357363 0.420437 0.494698 0.568273 0.617532 1.108113 1.153759 1.145617 0.914299 1.052599 1.059814 1.063521 1.042480 1.025645 1.042709 1.096758 0.947679 0.972011 0.973313 0.969926 0.981786 0.984939 0.976208 1.084330 1.015897 0.963559 0.928922 0.939657 0.949757 0.887824 0.941813 0.902209 0.906276 1.026887 0.911168 0.907656 0.920577 0.962974 0.983033 0.959293 0.571424 0.501549 0.482616 0.491241 0.498580 0.448458 0.615449 1.100281 1.117707 1.121746 1.155737 1.173622 0.898186 0.970411 1.100035 1.222908 1.282738 1.160185 1.023236 0.925155 0.849382 0.796094 0.823416 0.848667 0.763451 0.690799 0.716753 1.089602 1.229440 1.305069 1.229770 1.177460 1.139015 1.129921 1.278306 0.952248 1.165723 1.277967 0.837430 0.865257 1.254683 0.936785 0.905564 0.983681 1.156013 1.150220 1.201326 0.959638 0.863719 1.115094 1.148843 1.258812 0.682019 0.481059 0.353917 0.280669 0.848153 0.877578 1.025211 1.146995 1.030292 0.847049 0.460638 0.883276 0.910788 0.811228 0.731054 0.884371 0.962972
0.000000 0.000000 0.000000 0.000000 0.000000 0.000000 0.000000 0.000000 0.000000 0.000000 0.000000 0.000000 0.000000 0.000000 0.000000 0.000000 0.000000 0.000000 0.000000 0.000000 0.000000 0.000000 0.000000 0.000000 0.000000 0.000000 0.000000 0.000000 0.000000 0.000000 0.000000 0.000000 0.000000 0.000000 0.000000 0.000000 0.000000 0.000000 0.000000 0.000000 0.000000 0.000000 0.000000 0.000000 0.000000 0.000000 0.000000 0.000000 0.000000 0.000000 0.000000 0.000000 0.000000 0.000000 0.000000 0.000000 0.000000 0.000000 0.000000 0.000000 0.000000 0.000000 0.000000 0.626147 0.806538 0.858130 0.922361 0.947853 1.020773 0.955966 0.914764 0.862306 1.025517 1.011763 1.119992 1.181414 1.329921 1.360821 1.385273 1.190693 1.197547 1.141840 1.022050 0.921233 0.944022 0.950397 0.812318 0.691612 0.637270 0.767049 0.988212 1.085721 1.116059 1.072813 0.988887 0.885110 0.798512 0.835725 0.881964 0.929805 0.910922 0.847719 0.766585 0.668049 0.616512 0.596808 0.604887 0.613585 0.523996 0.000000 0.000000 0.000000 0.000000 0.000000 0.000000 0.000000 0.000000 0.000000 0.000000 0.000000 0.000000 0.000000 0.000000 0.613894 0.901897 0.942308 0.861418 0.886711 0.835018 0.744400 0.730507 1.217808 1.490523 1.131146 1.086611 0.786014 0.748299 0.327249 0.344752 0.371352 0.442026 0.522403 0.541083 0.751465 0.805378 0.695490 0.676502 0.609133 0.564833 0.625132 0.634610 0.662551 0.537003 0.514481 0.616758 0.660805 0.760299 0.530320 0.877723 1.117271 1.223219 1.196240 0.884750 0.546122 0.256493 0.139126 0.138077 0.225244 0.231138 0.389908 0.434000 0.442538 0.492468 0.538186 0.878157 0.901256 1.171578 1.007431 0.961264 0.932083 1.111047 1.093816 1.043556 1.044126 1.097271 0.971276 0.972146 0.976725 0.998072 1.014058 1.040367 1.039397 0.995330 1.086185 0.989789 0.923822 0.714858 0.755446 0.803878 0.780723 0.899607 0.917934 0.923661 0.860575 0.960342 0.994539 0.998203 1.008114 1.021220 0.703975 0.595057 0.494551 0.467334 0.518407 0.586192 0.664850 0.995124 1.148985 1.229831 1.250244 1.266994 1.287074 0.914578 0.928954 1.004239 1.082621 1.193537 1.220321 1.093067 0.988333 0.861252 0.800771 0.863023 0.792813 0.816273 1.037082 0.713023 0.749129 0.876186 1.018438 1.316607 1.245591 1.217146 1.225254 0.981990 0.929803 1.008668 1.209436 1.445409 1.473214 1.239547 0.864677 0.903064 0.934465 1.051372 1.248377 1.471077 1.218680 0.976828 0.917904 1.062913 1.237744 1.129489 0.831286 0.899737 0.297370 0.428056 1.006956 0.994635 1.163328 1.127959 1.212430 0.779944 0.764201 0.719543 1.120542 0.521185 0.753493 0.958172 1.042353
0.000000 0.000000 0.000000 0.000000 0.000000 0.000000 0.000000 0.000000 0.000000 0.000000 0.000000 0.000000 0.000000 0.000000 0.000000 0.000000 0.000000 0.000000 0.000000 0.000000 0.000000 0.000000 0.000000 0.000000 0.000000 0.000000 0.000000 0.000000 0.000000 0.000000 0.000000 0.000000 0.000000 0.000000 0.000000 0.000000 0.000000 0.000000 0.000000 0.000000 0.000000 0.000000 0.000000 0.000000 0.000000 0.000000 0.000000 0.000000 0.000000 0.000000 0.000000 0.000000 0.000000 0.000000 0.000000 0.000000 0.000000 0.000000 0.000000 0.000000 0.000000 0.000000 0.543125 0.825911 0.998088 1.251071 1.092475 1.074809 1.051610 0.984055 0.929115 1.070114 1.183880 1.157777 1.283515 1.428462 1.500427 1.274898 1.280369 1.110116 0.905001 0.807077 1.077104 1.031679 0.887012 0.727635 0.608437 0.643781 0.806827 0.956978 1.043862 1.083342 1.046982 0.979870 0.865549 0.825453 0.874489 0.943367 0.988460 0.964854 0.900855 0.812934 0.704449 0.616222 0.568689 0.524137 0.464439 0.000000 0.000000 0.000000 0.000000 0.000000 0.000000 0.000000 0.000000 0.000000 0.000000 0.000000 0.000000 0.000000 0.000000 0.000000 0.548756 0.772358 0.781065 0.855045 0.817570 1.072772 0.712554 0.669604 0.900630 1.409520 1.528419 1.285504 0.959857 0.444188 0.314088 0.285423 0.343632 0.382606 0.414539 0.348568 0.274675 0.712603 0.737676 0.676934 0.584106 0.586905 0.633031 0.668539 0.652442 0.609859 0.572244 0.665625 0.677480 0.774162 0.406230 0.727864 1.026180 1.198063 1.210172 1.013642 0.880768 0.530784 0.295890 0.205503 0.247977 0.313081 0.395277 0.484860 0.510412 0.499649 0.803004 0.814800 0.873286 1.104727 0.952218 0.926786 0.923006 0.973336 1.171633 1.128385 1.144758 0.973288 1.001944 0.998877 0.972149 0.988342 1.064028 1.110368 1.105001 1.062292 1.162679 1.033783 0.982788 0.750116 0.722502 0.760829 0.775256 0.732388 0.712040 0.727430 0.774731 0.866619 0.667678 0.702935 1.009651 0.743040 0.699383 0.604830 0.505475 0.496064 0.563823 0.746603 1.130078 1.155305 1.147833 1.259117 1.040594 1.416926 1.091045 1.047911 0.965932 0.933205 0.956878 0.998084 1.088423 1.121406 0.988811 0.842448 0.795435 0.820603 0.897694 0.882245 1.124712 0.734751 0.652077 0.774564 0.927768 1.063107 1.328812 1.278160 1.058008 1.002257 0.975270 0.980124 1.329320 1.346502 1.556136 1.417583 1.065736 0.917261 0.867506 0.972447 1.408104 1.526106 1.553068 1.381155 1.016356 0.858564 0.975811 1.269145 1.492716 1.026071 1.052556 0.456755 0.926291 1.068887 1.261249 1.456138 1.131376 1.160747 0.755528 0.813834 1.013828 1.186466 0.536490 0.814842 1.012777 1.115544
0.000000 0.000000 0.000000 0.000000 0.000000 0.000000 0.000000 0.000000 0.000000 0.000000 0.000000 0.000000 0.000000 0.000000 0.000000 0.000000 0.000000 0.000000 0.000000 0.000000 0.000000 0.000000 0.000000 0.000000 0.000000 0.000000 0.000000 0.000000 0.000000 0.000000 0.000000 0.000000 0.000000 0.000000 0.000000 0.000000 0.000000 0.000000 0.000000 0.000000 0.000000 0.000000 0.000000 0.000000 0.000000 0.000000 0.000000 0.000000 0.000000 0.000000 0.000000 0.000000 0.000000 0.000000 0.000000 0.000000 0.000000 0.000000 0.000000 0.000000 0.000000 0.458855 0.811559 1.039716 1.141522 1.168668 1.161734 1.134958 1.058354 0.989576 1.118181 1.170853 1.267259 1.327615 1.448491 1.362535 1.224605 1.178199 0.955039 0.746152 0.784220 0.840638 0.851137 0.800673 0.707713 0.677437 0.650041 0.799270 0.953759 1.030191 1.051087 1.035180 0.960403 0.884502 0.848061 1.198471 0.975733 1.016575 0.991012 0.907233 0.785538 0.679069 0.620896 0.578767 0.529228 0.461758 0.000000 0.000000 0.000000 0.000000 0.000000 0.000000 0.000000 0.000000 0.000000 0.000000 0.000000 0.000000 0.000000 0.000000 0.599216 0.641543 0.589195 0.741289 0.799690 0.838075 0.787895 0.735004 0.670935 0.736249 1.259461 1.641445 1.486417 1.257009 0.586567 0.358662 0.336292 0.353562 0.287144 0.238358 0.140659 0.131125 0.200648 0.680235 0.606761 0.589553 0.591947 0.631103 0.678871 0.694120 0.716660 0.742845 0.719540 0.692373 0.600696 0.687241 0.642960 0.901979 1.095167 1.120978 1.017357 0.943141 0.693923 0.526126 0.470748 0.417507 0.356364 0.390047 0.509209 0.597197 0.852867 0.825963 0.824748 0.850357 0.874290 0.907407 0.898559 0.947155 1.039272 1.288168 1.206498 1.214529 1.009281 1.013057 1.015983 0.992172 0.983995 1.063522 1.153608 1.177759 1.143063 1.240323 0.923424 0.506409 0.445809 0.402274 0.385130 0.410806 0.402654 0.689956 0.327755 0.335118 0.364017 0.441435 0.496162 0.562915 0.624510 0.618422 0.621680 0.515702 0.504555 0.620125 1.088983 1.232663 1.496400 1.328496 1.364426 1.181003 1.525176 1.247736 1.200461 1.150917 1.046771 0.910810 0.853538 0.877926 0.941614 1.002472 0.874436 0.795257 0.785150 0.812517 1.162534 1.194336 0.845769 0.754070 0.708943 0.782835 0.958435 1.107071 1.131248 1.089084 1.042477 1.293176 1.285239 1.263845 1.326860 1.180694 1.186497 1.222730 1.201902 1.007277 0.864826 1.309257 1.466935 1.537758 1.603023 1.442750 1.039162 0.881704 0.869636 1.228097 1.172746 1.395532 1.212645 1.018227 1.020663 1.178734 1.178043 1.387072 1.351277 1.159380 0.787244 0.878632 1.028352 1.026084 1.081769 1.062541 1.184676 1.114727
0.000000 0.000000 0.000000 0.000000 0.000000 0.000000 0.000000 0.000000 0.000000 0.000000 0.000000 0.000000 0.000000 0.000000 0.000000 0.000000 0.000000 0.000000 0.000000 0.000000 0.000000 0.000000 0.000000 0.000000 0.000000 0.000000 0.000000 0.000000 0.000000 0.000000 0.000000 0.000000 0.000000 0.000000 0.000000 0.000000 0.000000 0.000000 0.000000 0.000000 0.000000 0.000000 0.000000 0.000000 0.000000 0.000000 0.000000 0.000000 0.000000 0.000000 0.000000 0.000000 0.000000 0.000000 0.000000 0.000000 0.000000 0.000000 0.000000 0.004000 0.501386 0.872986 1.044155 1.178781 1.221962 1.251408 1.183293 1.106456 1.054337 0.988660 1.153529 1.273898 1.345648 1.376778 1.168311 0.970748 0.909620 0.763620 0.781481 0.730091 0.668381 0.697037 0.667919 0.665629 0.684767 0.740144 0.826486 0.931574 1.021620 1.047659 1.012743 0.962258 0.907602 0.867301 0.973185 1.002177 1.003712 0.968605 0.868253 0.747420 0.658569 0.573811 0.545683 0.505751 0.444750 0.000000 0.000000 0.000000 0.000000 0.000000 0.000000 0.000000 0.000000 0.000000 0.000000 0.000000 0.000000 0.000000 0.000000 0.468957 0.948352 0.772917 0.701846 0.792235 0.809372 0.747961 0.694389 0.644105 0.635390 1.121970 1.427872 1.669393 1.519373 1.037539 0.826087 0.737166 0.268132 0.133743 0.072855 0.181169 0.235410 0.286490 0.675903 0.682725 0.490199 0.456833 0.623356 0.701925 0.732710 0.757408 0.762070 0.743539 0.728873 0.597663 0.640317 0.555182 0.725417 0.905581 1.050376 1.063883 1.033768 1.022653 0.785250 0.587183 0.416906 0.295355 0.388727 0.539043 0.672705 0.935603 1.091775 1.105461 0.931922 0.944809 0.720536 0.962080 0.965939 1.055109 1.101924 1.317286 1.260154 1.040539 1.027083 1.014406 1.002155 0.982605 1.057618 1.156698 1.236244 1.432065 1.106287 0.658602 0.533122 0.468495 0.461665 0.414868 0.395904 0.359518 0.268886 0.217311 0.220768 0.239424 0.261930 0.294276 0.309110 0.374451 0.457571 0.526692 0.507165 0.578166 0.986135 1.103142 1.244063 1.355007 1.450258 1.184506 1.585239 1.357543 1.381930 1.366894 1.574844 1.196827 1.080117 0.954787 0.865385 0.813358 0.827836 0.874055 0.900505 0.858011 0.804344 0.738999 0.740001 0.829324 0.851041 0.803834 0.787500 0.812459 0.988162 1.065682 1.103017 1.061776 1.317184 1.327930 1.359371 1.166392 1.173681 1.194530 1.196172 1.419363 1.476499 1.378376 1.280508 1.339481 1.484434 1.547311 1.558949 1.511988 1.171834 0.960661 1.019365 1.071503 1.305275 1.470617 1.456794 1.268769 1.129364 1.009427 0.935292 1.304095 1.314844 1.215448 0.912308 0.895951 1.007541 1.092049 1.201053 1.150667 1.241014 1.139988
0.000000 0.000000 0.000000 0.000000 0.000000 0.000000 0.000000 0.000000 0.000000 0.000000 0.000000 0.000000 0.000000 0.000000 0.000000 0.000000 0.000000 0.000000 0.000000 0.000000 0.000000 0.000000 0.000000 0.000000 0.000000 0.000000 0.000000 0.000000 0.000000 0.000000 0.000000 0.000000 0.000000 0.000000 0.000000 0.000000 0.000000 0.000000 0.000000 0.000000 0.000000 0.000000 0.000000 0.000000 0.000000 0.000000 0.000000 0.000000 0.000000 0.000000 0.000000 0.000000 0.000000 0.000000 0.000000 0.000000 0.000000 0.000000 0.260345 0.544186 1.057366 1.022174 1.191755 1.252391 1.256015 1.208126 1.129269 1.435991 0.999329 1.059358 1.160188 1.178512 0.977200 0.848814 0.663264 0.767843 0.896892 0.780684 0.690017 0.575281 0.497606 0.620545 0.704965 0.732152 0.786041 0.863171 0.960918 1.018024 1.044858 1.027472 0.980990 0.951386 0.951429 1.002750 1.026165 1.000191 0.915621 0.807206 0.714181 0.634791 0.530042 0.479000 0.443140 0.000000 0.000000 0.000000 0.000000 0.000000 0.000000 0.000000 0.000000 0.000000 0.000000 0.000000 0.000000 0.000000 0.000000 0.000000 0.644080 0.727711 0.867993 0.909842 0.762000 0.765146 0.715371 0.674035 0.641290 0.987442 0.930030 1.379182 1.620425 1.597419 1.243092 0.877981 0.749381 0.287033 0.195677 0.656017 0.300951 0.654031 0.632603 0.800269 0.699639 0.666529 0.621372 0.484578 0.702709 0.721317 0.738273 0.717970 0.697168 0.668726 0.598776 0.734394 0.405205 0.636636 0.821321 1.020587 1.125061 1.186379 1.080275 0.851020 0.638297 0.371008 0.230468 0.348931 0.550461 0.657573 0.768583 1.028298 1.028218 1.204441 0.724607 0.747941 1.020250 1.031646 1.061086 1.331953 1.356165 1.326499 1.287076 1.024097 0.997444 0.993207 0.989018 1.068039 1.182362 1.256673 0.935611 0.822133 0.703623 0.564323 0.496895 0.494714 0.497227 0.405622 0.379706 0.292059 0.221797 0.226328 0.243088 0.288784 0.330706 0.698867 0.361424 0.441285 0.520587 0.566183 0.575202 0.678008 0.810448 1.260909 1.555111 1.396707 1.524132 1.309216 1.615685 1.625692 1.651788 1.638330 1.595354 1.213977 1.095196 1.003111 0.927078 0.913592 0.889984 0.877832 0.914520 0.974935 0.802708 0.687043 0.683937 0.707467 0.810963 0.901205 0.939276 1.017995 0.977333 0.970183 1.024254 1.321383 1.306954 1.342106 1.412759 1.507293 1.566442 1.566137 1.544594 1.227831 1.460567 1.450419 1.378462 1.402540 1.484696 1.523582 1.502594 1.534781 1.398617 1.318164 1.149063 1.304104 1.583218 1.675636 1.454614 1.052397 0.862408 0.807605 0.843880 1.203946 1.137293 1.254348 1.163602 0.904829 1.037305 1.215349 1.163204 1.216103 1.315457 1.155310
0.000000 0.000000 0.000000 0.000000 0.000000 0.000000 0.000000 0.000000 0.000000 0.000000 0.000000 0.000000 0.000000 0.000000 0.000000 0.000000 0.000000 0.000000 0.000000 0.000000 0.000000 0.000000 0.000000 0.000000 0.000000 0.000000 0.000000 0.000000 0.000000 0.000000 0.000000 0.000000 0.000000 0.000000 0.000000 0.000000 0.000000 0.000000 0.000000 0.000000 0.000000 0.000000 0.000000 0.000000 0.000000 0.000000 0.000000 0.000000 0.000000 0.000000 0.000000 0.000000 0.000000 0.000000 0.000000 0.000000 0.000000 0.287723 0.577868 1.360335 1.044822 1.228214 1.269605 1.294339 1.233057 1.143306 1.018422 0.984215 0.815746 0.917463 0.730638 0.627803 0.603400 0.793192 0.820180 0.775249 0.722061 0.653854 0.588256 0.582976 0.621939 0.744186 0.774741 0.840626 0.919333 0.998046 1.039534 1.094721 1.082371 1.022595 0.986941 1.010676 1.033247 1.025039 0.972757 0.854075 0.708749 0.624741 0.575011 0.523810 0.411075 0.000000 0.000000 0.000000 0.000000 0.000000 0.000000 0.000000 0.000000 0.000000 0.000000 0.000000 0.000000 0.000000 0.000000 0.000000 0.000000 0.635474 0.839793 0.911842 0.966086 0.812518 0.779619 0.728694 0.680394 0.642953 0.602318 0.791075 1.288549 1.524473 1.593751 1.472618 1.210272 0.959451 0.876831 0.663865 0.669332 0.689820 0.700335 0.837920 0.803802 0.761344 0.718067 0.667547 0.604300 0.592058 0.622442 0.654492 0.650672 0.618453 0.584018 0.786898 0.832164 0.748628 1.004672 1.182850 1.336576 1.162205 1.131599 1.063946 0.936829 0.625238 0.417857 0.237075 0.307098 0.526422 0.724557 0.814925 1.102211 1.099426 1.085062 0.796597 0.790849 0.796854 1.067876 1.076697 1.296070 1.331516 1.364649 1.317872 1.244394 0.992257 0.972846 1.020943 1.142862 1.208076 0.863962 0.835686 0.783620 0.703418 0.626543 0.545475 0.527728 0.500312 0.504328 0.338590 0.274162 0.195635 0.244677 0.273686 0.268950 0.300142 0.287540 0.283627 0.473782 0.632846 0.655489 0.635676 0.672797 0.811126 1.239846 1.296039 1.394517 1.457320 1.265263 1.260235 1.541655 1.544586 1.557966 1.570807 1.217572 1.121766 1.080553 1.057169 1.039645 1.008339 0.973623 0.963544 1.031797 1.001403 0.978835 1.001137 0.987258 0.959176 0.952051 1.033001 1.373094 1.049167 1.019235 1.079579 1.410466 1.451709 1.488594 1.511143 1.555175 1.367641 1.472011 1.722544 1.509759 1.393509 1.369251 1.609497 1.594891 1.645051 1.643752 1.392315 1.366009 1.371331 1.626853 1.295150 1.300093 1.552291 1.681927 1.415801 1.278275 1.245748 1.085040 1.027897 1.019014 1.079931 1.263112 1.198801 1.170792 0.940311 1.050871 1.244745 1.241105 1.281451 1.269139 1.169640
0.000000 0.000000 0.000000 0.000000 0.000000 0.000000 0.000000 0.000000 0.000000 0.000000 0.000000 0.000000 0.000000 0.000000 0.000000 0.000000 0.000000 0.000000 0.000000 0.000000 0.000000 0.000000 0.000000 0.000000 0.000000 0.000000 0.000000 0.000000 0.000000 0.000000 0.000000 0.000000 0.000000 0.000000 0.000000 0.000000 0.000000 0.000000 0.000000 0.000000 0.000000 0.000000 0.000000 0.000000 0.000000 0.000000 0.000000 0.000000 0.000000 0.000000 0.000000 0.000000 0.000000 0.000000 0.000000 0.000000 0.000000 0.575991 0.807753 1.037096 1.180495 1.271904 1.299895 1.242626 1.144565 1.157652 0.920264 0.878736 0.893425 0.867883 0.821651 0.885268 0.912892 0.930663 0.879110 0.795514 0.734402 0.683854 0.669432 0.651104 0.706871 0.796591 0.866628 1.238273 1.033075 1.100734 1.171345 1.168746 1.109557 1.053932 1.063278 1.072994 1.024835 0.912161 0.765478 0.699835 0.664312 0.618702 0.569951 0.524206 0.431062 0.414580 0.395373 0.000000 0.000000 0.000000 0.000000 0.000000 0.000000 0.000000 0.000000 0.000000 0.000000 0.000000 0.000000 0.000000 0.715148 0.872916 0.982312 1.020123 1.021440 0.804615 0.750982 0.688221 0.635751 0.590708 0.738358 1.127555 1.405082 1.521381 1.449691 1.249693 1.099741 0.910031 0.681649 0.665237 0.690112 0.720187 0.887255 0.846317 0.793402 0.745811 0.705228 0.641989 0.662384 0.674088 0.626577 0.577833 0.560484 0.632300 0.825848 0.787731 0.665651 0.906337 1.109504 0.880119 0.998368 1.094680 1.041592 0.913722 0.695335 0.443689 0.289626 0.318451 0.496118 0.709065 0.837130 0.866265 0.853537 1.120066 0.796025 0.869722 0.860842 1.126438 1.303911 1.281939 1.306285 1.335871 1.310120 1.241220 1.188474 1.168479 1.242678 1.165526 0.864326 0.785314 0.724328 0.691193 0.651725 0.634866 0.625212 0.546111 0.512655 0.486924 0.524371 0.320835 0.135943 0.207311 0.274150 0.294590 0.346083 0.320379 0.332938 0.377961 0.561841 0.626214 0.668638 0.707829 0.740222 1.180185 0.997842 1.025927 1.083693 1.125859 1.113169 1.154722 1.461879 1.121058 1.415869 1.066868 1.003688 1.040528 1.101994 1.133936 1.137679 1.089984 1.060295 1.056370 1.046112 0.927973 0.927608 0.943825 0.831027 0.734801 0.807384 1.304450 1.302644 1.296428 0.980389 1.305906 1.360112 1.398215 1.419143 1.469673 1.503910 1.229795 1.315880 1.345328 1.386670 1.344463 1.353763 1.624277 1.662641 1.446776 1.434017 1.415804 1.405021 1.395011 1.359130 1.520957 1.485282 1.447198 1.499256 1.392085 1.357040 1.285946 1.035743 1.136297 0.900741 1.108085 1.025352 1.081704 1.102285 0.958040 1.139376 1.353766 1.365200 1.410169 1.308466 1.016335
0.000000 0.000000 0.000000 0.000000 0.000000 0.000000 0.000000 0.000000 0.000000 0.000000 0.000000 0.000000 0.000000 0.000000 0.000000 0.000000 0.000000 0.000000 0.000000 0.000000 0.000000 0.000000 0.000000 0.000000 0.000000 0.000000 0.000000 0.000000 0.000000 0.000000 0.000000 0.000000 0.000000 0.000000 0.000000 0.000000 0.000000 0.000000 0.000000 0.000000 0.000000 0.000000 0.000000 0.000000 0.000000 0.000000 0.000000 0.000000 0.000000 0.000000 0.000000 0.000000 0.000000 0.000000 0.000000 0.442946 0.609403 0.851311 0.994244 1.067514 1.247141 1.303030 1.245203 1.130858 1.201074 0.845136 0.869064 0.876763 0.855681 1.110152 0.938778 0.974744 1.006902 0.990194 0.907965 0.825377 0.775307 0.746317 0.715081 0.703473 0.767365 0.867823 1.000116 1.345139 1.196144 1.236390 1.254679 1.206142 1.169539 1.145720 1.091850 1.010641 0.864668 0.776315 0.725279 0.687851 0.642311 0.597493 0.553536 0.468616 0.446128 0.417849 0.000000 0.000000 0.000000 0.000000 0.000000 0.000000 0.000000 0.000000 0.000000 0.000000 0.000000 0.000000 0.000000 0.754875 0.916463 1.024053 1.056999 1.043090 0.816361 0.744538 0.685748 0.628779 0.587992 0.683142 0.920845 1.235621 1.385184 1.380955 1.279028 1.117069 0.926126 0.694839 0.675430 0.694307 0.737341 0.897281 0.846048 0.788423 0.745819 0.729307 0.748141 0.764938 0.782973 0.741490 0.670416 0.614467 0.583913 0.590951 0.749946 0.657908 0.756152 1.029811 0.750998 0.870875 0.973779 0.978217 0.893913 0.734528 0.447791 0.330173 0.378225 0.513427 0.672678 0.822437 0.881877 1.134105 1.083287 0.701034 0.709940 0.779108 1.096038 1.094152 1.302503 1.302667 1.329476 1.316085 1.273260 1.211395 1.184718 0.692507 0.765746 0.801968 0.746458 0.640784 0.600333 0.573918 0.569282 0.602000 0.564496 0.518493 0.521116 0.532090 0.491473 0.269215 0.188066 0.235434 0.289558 0.390652 0.453969 0.454670 0.439386 0.415216 0.502160 0.615818 0.690633 0.697357 0.738324 0.826493 0.882162 0.951706 1.002379 1.037308 1.034028 1.035878 1.026930 1.341604 0.924018 0.822583 0.876966 0.993782 1.129149 1.185302 1.066948 0.906587 0.792191 0.797914 0.850894 0.784456 0.805320 0.772445 0.645736 0.639316 1.099748 1.102191 1.117035 1.099351 1.139939 1.173664 1.148553 1.122018 1.155179 1.204161 0.841277 0.744705 0.751045 0.838618 0.970419 1.047833 1.374037 1.105624 1.133081 1.163910 1.436831 1.424314 1.411633 1.544266 1.312668 1.267455 1.268466 1.372745 1.251150 1.115633 1.175242 1.271666 1.092684 1.052420 1.017030 1.097077 1.030221 0.990496 1.014949 1.214947 0.893921 1.338505 1.536583 1.423852 1.301670 1.109438
0.000000 0.000000 0.000000 0.000000 0.000000 0.000000 0.000000 0.000000 0.000000 0.000000 0.000000 0.000000 0.000000 0.000000 0.000000 0.000000 0.000000 0.000000 0.000000 0.000000 0.000000 0.000000 0.000000 0.000000 0.000000 0.000000 0.000000 0.000000 0.000000 0.000000 0.000000 0.000000 0.000000 0.000000 0.000000 0.000000 0.000000 0.000000 0.000000 0.000000 0.000000 0.000000 0.000000 0.000000 0.000000 0.000000 0.000000 0.000000 0.000000 0.000000 0.000000 0.000000 0.000000 0.000000 0.455255 0.672008 0.837296 1.156324 1.104197 1.209338 1.257359 1.230080 1.096314 0.892897 0.773744 0.831878 0.847840 0.836226 0.924528 0.950623 1.013034 1.085659 1.102871 1.015233 0.896507 0.837127 0.796721 0.836798 0.891766 0.932844 1.000273 1.107679 1.172853 1.384871 1.263455 1.287435 1.273449 1.224116 1.204731 1.120362 0.993069 0.864517 0.797020 0.745359 0.702277 0.663912 0.617210 0.516351 0.487326 0.458244 0.420849 0.000000 0.000000 0.000000 0.000000 0.000000 0.000000 0.000000 0.000000 0.000000 0.000000 0.000000 0.000000 0.445151 0.886038 0.920618 1.036057 1.074378 1.049114 0.792098 0.714847 0.697543 0.632885 0.764018 0.689654 0.665424 1.053399 1.233031 1.249829 1.203929 1.053056 0.822191 0.716770 0.685129 0.723193 0.936246 0.898767 0.824091 0.772461 0.763016 0.369399 0.368622 0.700487 0.871689 0.838347 0.751249 0.684753 0.629326 0.539392 0.739768 0.658498 0.725628 0.457775 0.632045 0.796891 0.892258 0.878528 0.802234 0.726669 0.551189 0.397185 0.480786 0.543493 0.613936 0.746370 0.777862 1.127627 1.093598 1.061980 0.677059 0.741520 0.796246 0.787857 0.777167 1.299112 1.321911 1.326750 1.271599 1.211237 0.969040 0.600616 0.635386 0.708941 0.685408 0.604455 0.539695 0.506082 0.476704 0.473345 0.518758 0.525721 0.492568 0.517844 0.493604 0.397169 0.212763 0.246271 0.297348 0.314467 0.365272 0.440166 0.427828 0.407665 0.412928 0.486176 0.590159 0.629634 0.651499 0.720119 0.799371 0.868695 0.890497 0.976995 1.028830 1.018760 1.329592 1.298631 0.881747 0.730044 0.667772 0.787284 0.882548 1.000256 0.952162 0.692587 0.532213 0.523875 0.580968 0.634449 0.595256 0.656715 0.720050 1.010763 1.021637 1.097993 1.097252 1.112626 1.159648 1.153387 1.102838 1.012942 1.010893 1.043152 0.776203 0.575516 0.500990 0.576819 1.090578 0.749647 1.082353 1.007423 1.001796 0.995322 1.033870 1.105117 1.109460 1.278940 1.226990 1.172926 1.106647 1.046437 0.997463 0.946891 0.947739 1.064421 1.032815 1.135570 1.300447 1.242207 1.170693 1.094800 0.880700 0.969480 1.074979 0.769333 1.084421 1.282378 1.245087 1.202500 1.092662
0.000000 0.000000 0.000000 0.000000 0.000000 0.000000 0.000000 0.000000 0.000000 0.000000 0.000000 0.000000 0.000000 0.000000 0.000000 0.000000 0.000000 0.000000 0.000000 0.000000 0.000000 0.000000 0.000000 0.000000 0.000000 0.000000 0.000000 0.000000 0.000000 0.000000 0.000000 0.000000 0.000000 0.000000 0.000000 0.000000 0.000000 0.000000 0.000000 0.000000 0.000000 0.000000 0.000000 0.000000 0.000000 0.000000 0.000000 0.000000 0.000000 0.000000 0.000000 0.000000 0.004000 0.000000 0.680628 0.837469 0.958239 1.058865 1.146832 1.188632 1.139281 1.001126 0.794905 0.729430 0.772520 0.913424 0.905121 0.931897 1.007167 1.066950 1.141016 1.445459 1.046540 0.959249 0.872669 0.841062 0.944895 1.012696 1.054500 1.130288 1.215698 1.254838 1.297059 1.299284 1.245452 1.232160 1.181162 1.127900 1.046069 0.935823 0.861108 0.795419 0.745804 0.699915 0.664504 0.615295 0.518299 0.481716 0.446240 0.000000 0.000000 0.000000 0.000000 0.000000 0.000000 0.000000 0.000000 0.000000 0.000000 0.000000 0.000000 0.000000 0.550682 0.906589 1.059773 1.002404 0.878446 0.837742 0.755401 0.679747 0.690704 0.797396 0.810279 0.741967 0.607708 0.866171 1.103630 1.125030 0.978664 0.953507 0.740210 0.680970 0.685406 0.776803 0.961797 0.941171 0.673158 0.641661 0.701499 0.381912 0.411158 0.445174 0.769982 0.903426 0.825751 0.743020 0.654369 0.555619 0.772421 0.821327 0.268024 0.462211 0.565987 0.690312 0.720868 0.690359 0.693298 0.699285 0.653986 0.554090 0.848164 0.872694 0.596542 0.645187 0.700741 1.077999 1.106310 1.105669 1.073144 1.065332 0.809698 0.792175 0.745416 1.110660 1.295221 1.289714 1.253892 0.996939 0.582200 0.500896 0.522410 0.547258 0.575471 0.539180 0.491291 0.465862 0.451162 0.447106 0.464245 0.491271 0.515942 0.503023 0.542946 0.365743 0.223985 0.150920 0.301441 0.333148 0.322927 0.382051 0.391497 0.391170 0.431220 0.497740 0.543198 0.568006 0.637974 0.704276 0.761837 0.886547 0.954117 0.975670 1.047702 1.046408 1.043812 1.341343 0.932353 0.685108 0.495851 0.433269 0.581795 0.488564 0.530981 0.508325 0.330152 0.354057 0.447514 0.510085 0.559010 0.632041 0.731946 1.101028 1.032047 1.120369 1.148580 1.133317 1.188572 1.240442 1.213692 1.110300 1.054112 1.081888 0.800112 0.587562 0.531960 0.544735 0.645654 0.724766 1.094188 0.993918 0.945143 0.906715 0.880205 0.951802 1.043560 1.185592 1.095566 1.047959 1.011765 0.970278 0.927790 0.937161 0.968086 1.038893 1.123107 1.224007 1.308694 1.310003 1.265233 1.200589 1.134386 1.123222 1.097056 1.087253 1.078489 1.022967 0.872207 1.083673 1.102461 1.081363
0.000000 0.000000 0.000000 0.000000 0.000000 0.000000 0.000000 0.000000 0.000000 0.000000 0.000000 0.000000 0.000000 0.000000 0.000000 0.000000 0.000000 0.000000 0.000000 0.000000 0.000000 0.000000 0.000000 0.000000 0.000000 0.000000 0.000000 0.000000 0.000000 0.000000 0.000000 0.000000 0.000000 0.000000 0.000000 0.000000 0.000000 0.000000 0.000000 0.000000 0.000000 0.000000 0.000000 0.000000 0.000000 0.000000 0.000000 0.000000 0.000000 0.000000 0.000000 0.000000 0.495704 0.676996 0.822339 0.908168 1.002451 1.077351 1.095949 1.023770 0.839743 0.863737 0.727245 0.772533 0.806111 0.834302 0.902204 0.965602 1.054743 1.211600 1.245800 1.223213 1.034344 0.899506 0.851531 0.997840 1.101748 1.143439 1.231778 1.322830 1.333332 1.316571 1.294695 1.206052 1.111645 1.033217 0.993879 0.962167 0.908224 0.844372 0.786353 0.735157 0.679410 0.629478 0.545232 0.501054 0.450176 0.000000 0.000000 0.000000 0.000000 0.000000 0.000000 0.000000 0.000000 0.000000 0.000000 0.000000 0.000000 0.000000 0.000000 0.000000 0.738934 1.051818 0.967224 0.817815 0.780979 0.718900 0.698565 0.799092 0.756824 0.795777 0.689916 0.583284 0.693529 0.956392 1.000819 0.909018 0.698142 0.668712 0.630897 0.869065 0.993044 0.996450 0.754865 0.702784 0.748412 0.449222 0.448735 0.492545 0.860022 0.831332 0.783633 0.881318 0.784314 0.680076 0.514138 0.620136 0.855791 0.762660 0.451842 0.459752 0.505546 0.508738 0.590150 0.630327 0.707682 0.724235 0.921234 0.856566 0.813246 0.886616 0.582739 0.631885 0.734688 1.103889 1.107460 1.074510 1.067724 0.806390 0.845775 0.839143 1.132694 1.096902 1.210563 0.641460 0.612520 0.585302 0.551914 0.513698 0.495983 0.470571 0.481927 0.468176 0.447393 0.436144 0.435912 0.454795 0.516071 0.549589 0.587467 0.550422 0.412152 0.255938 0.128156 0.218745 0.233463 0.358689 0.310175 0.401895 0.421461 0.423099 0.453062 0.518362 0.527477 0.608256 0.683622 0.690312 0.795554 0.910028 0.951421 1.019813 1.089253 1.089518 1.085301 1.047015 0.752690 0.533337 0.418753 0.408507 0.337557 0.290881 0.322005 0.375831 0.421983 0.501663 0.526581 0.575464 0.643390 0.754387 1.146171 1.147606 1.151050 1.247792 1.265831 1.188478 1.217597 1.276415 1.235685 1.142475 1.145041 0.844020 1.211675 0.688627 0.645254 0.676194 0.756715 1.137577 1.091955 1.036827 0.989573 0.942884 0.942036 1.053014 1.244659 1.143527 1.089541 1.044707 1.069791 1.046680 0.992693 1.037366 1.126852 1.168700 1.218257 1.280597 1.318192 1.317619 1.283961 1.226128 0.994451 0.965376 0.942519 0.999439 0.929779 0.857271 0.843177 1.089810 1.110908 1.102464
0.000000 0.000000 0.000000 0.000000 0.000000 0.000000 0.000000 0.000000 0.000000 0.000000 0.000000 0.000000 0.000000 0.000000 0.000000 0.000000 0.000000 0.000000 0.000000 0.000000 0.000000 0.000000 0.000000 0.000000 0.000000 0.000000 0.000000 0.000000 0.000000 0.000000 0.000000 0.000000 0.000000 0.000000 0.000000 0.000000 0.000000 0.000000 0.000000 0.000000 0.000000 0.000000 0.000000 0.000000 0.000000 0.000000 0.000000 0.000000 0.000000 0.000000 1.352476 0.583636 0.694214 0.791005 0.868965 0.920887 0.955844 0.949979 0.831628 0.730772 0.786980 0.801430 0.781022 0.845512 0.898942 0.955868 1.043337 1.199574 1.177015 1.233927 1.191227 1.018332 0.962409 0.926638 0.986974 1.103341 1.239009 1.283078 1.381512 1.401442 1.356848 1.269060 1.141945 1.095020 1.052887 1.016441 0.961525 0.908429 0.834735 0.765211 0.701978 0.632032 0.561713 0.455387 0.000000 0.000000 0.000000 0.000000 0.000000 0.000000 0.000000 0.000000 0.000000 0.000000 0.000000 0.000000 0.000000 0.000000 0.000000 0.000000 0.000000 0.705197 0.910924 1.004984 0.948062 0.766055 0.894185 0.851744 0.759281 0.736807 0.721212 0.603482 0.513346 0.499976 0.702870 0.993958 0.970225 0.820726 0.806406 0.811065 1.024150 1.011785 1.025479 0.803521 0.773848 0.846514 0.496149 0.545508 0.588515 0.917494 0.873792 0.808571 0.728005 0.792628 0.698272 0.629640 0.602489 1.159398 0.977412 0.519353 0.427208 0.305682 0.261804 0.496920 0.680879 0.770425 0.798894 0.976098 0.889253 0.837421 0.827827 0.863057 0.565854 0.702223 1.106164 1.093218 1.036516 1.041081 0.790506 0.830127 0.844963 1.129877 0.826679 0.678365 0.573751 0.555931 0.542585 0.529008 0.459124 0.442513 0.442819 0.440443 0.439210 0.440841 0.451465 0.454003 0.471046 0.450696 0.410232 0.476932 0.521406 0.462292 0.386262 0.308866 0.241965 0.309331 0.248579 0.283248 0.293025 0.419780 0.407440 0.365537 0.385082 0.429426 0.488497 0.551246 0.576964 0.635645 0.739582 0.781732 0.938269 1.040287 1.131854 1.088716 0.920196 0.851021 0.604935 0.465968 0.430452 0.485466 0.461533 0.433290 0.497969 0.504313 0.564835 0.690141 0.779174 0.815909 1.098397 1.075980 1.162500 1.220583 1.230985 1.345132 1.410501 1.328966 1.295967 1.329872 0.960683 1.254710 1.250987 1.293376 0.922382 0.840063 0.855667 0.894464 0.941058 0.949762 1.173575 1.296347 1.212495 1.148836 1.137787 1.303272 1.194511 1.154632 1.102999 1.136902 1.130947 1.199198 1.200514 1.268412 1.340301 1.357571 1.314082 1.358264 1.364667 1.164697 1.136720 1.093163 1.187818 0.973917 1.115156 1.126205 1.112386 1.092122 1.037382 1.109665 1.131987 1.122039
0.000000 0.000000 0.000000 0.000000 0.000000 0.000000 0.000000 0.000000 0.000000 0.000000 0.000000 0.000000 0.000000 0.000000 0.000000 0.000000 0.000000 0.000000 0.000000 0.000000 0.000000 0.000000 0.000000 0.000000 0.000000 0.000000 0.000000 0.000000 0.000000 0.000000 0.000000 0.000000 0.000000 0.000000 0.000000 0.000000 0.000000 0.000000 0.000000 0.000000 0.000000 0.000000 0.000000 0.000000 0.000000 0.000000 0.000000 0.000000 0.000000 0.525463 0.736744 0.755567 0.817355 0.830627 0.836708 0.802057 0.746147 0.700900 0.710348 0.750752 0.797940 0.860653 0.921804 0.985603 0.922009 1.127125 1.181164 1.221117 1.260870 1.226326 1.057524 1.074293 1.044552 1.037702 1.081206 1.161426 1.271465 1.542999 1.451982 1.392227 1.259140 1.082741 0.953966 0.970637 0.952902 0.861016 0.787511 0.661983 0.600872 0.532378 0.415271 0.396189 0.000000 0.000000 0.000000 0.000000 0.000000 0.000000 0.000000 0.000000 0.000000 0.000000 0.000000 0.000000 0.000000 0.000000 0.000000 0.000000 0.000000 0.000000 0.832699 0.856739 0.948870 0.922649 0.900308 0.827814 0.760205 0.739236 0.755326 0.679514 0.600980 0.449806 0.464494 0.628688 0.780646 0.879680 0.849946 0.816571 0.878628 1.009072 1.066965 0.913792 0.865504 0.848010 0.559238 0.551662 0.609927 0.982984 0.953808 0.896301 0.529939 0.867753 0.765983 0.672581 0.684065 0.627321 0.410426 0.488370 0.814717 0.425023 0.290336 0.300335 0.485745 0.825245 0.767628 1.132494 1.071146 0.974219 0.912211 0.871422 0.849867 0.527055 0.626365 1.033567 1.059122 1.008337 0.717978 0.779031 0.815736 1.140909 0.820624 0.771910 0.637298 0.574836 0.542102 0.516992 0.473779 0.383470 0.303964 0.305045 0.297873 0.267004 0.271822 0.340475 0.426993 0.463021 0.354893 0.315754 0.413863 0.902242 0.523337 0.502735 0.490036 0.460053 0.396119 0.336083 0.345829 0.383439 0.407857 0.305527 0.265071 0.244796 0.261276 0.312680 0.347690 0.371626 0.422121 0.518483 0.632221 0.700449 0.802989 0.950101 0.911734 0.794847 0.741192 0.616903 0.552241 0.557427 0.623280 0.684392 0.725878 0.758617 0.733746 0.758460 1.141068 1.152536 1.206549 1.224748 1.177539 1.147278 1.430836 1.240919 1.285097 1.378664 1.449679 1.410938 1.075923 1.120026 1.148034 1.408594 1.420231 1.451225 1.136909 1.057513 1.083544 1.150424 1.637760 1.484590 1.438154 1.365265 1.262153 1.218163 1.349154 1.323769 1.312923 1.179194 1.242989 1.091117 1.197316 1.358538 1.347148 1.401763 1.335781 1.460815 1.446160 1.442990 1.392141 1.158835 0.927556 1.250982 1.246505 1.194114 1.192570 1.199231 1.184712 1.136429 1.110153 1.143744 1.147571 1.105811
0.000000 0.000000 0.000000 0.000000 0.000000 0.000000 0.000000 0.000000 0.000000 0.000000 0.000000 0.000000 0.000000 0.000000 0.000000 0.000000 0.000000 0.000000 0.000000 0.000000 0.000000 0.000000 0.000000 0.000000 0.000000 0.000000 0.000000 0.000000 0.000000 0.000000 0.000000 0.000000 0.000000 0.000000 0.000000 0.000000 0.000000 0.000000 0.000000 0.000000 0.000000 0.000000 0.000000 0.000000 0.000000 0.000000 0.000000 0.470972 0.619579 0.718807 0.793579 0.860550 0.881575 0.842640 0.773829 0.711263 0.663366 0.686283 0.756796 0.817718 0.734000 0.828315 1.118116 1.150703 1.228455 1.265642 1.263274 1.252239 1.196337 1.047293 1.012030 1.095163 1.089637 1.126450 1.200849 1.300391 1.341686 1.550089 1.418077 1.148548 0.966165 0.792224 0.710021 0.709243 0.648009 0.571922 0.521371 0.507608 0.492356 0.457304 0.421443 0.383168 0.000000 0.000000 0.000000 0.000000 0.000000 0.000000 0.000000 0.000000 0.000000 0.000000 0.000000 0.000000 0.000000 0.000000 0.000000 0.000000 0.000000 0.563883 0.748230 0.901238 0.881116 0.856722 0.780008 0.715480 0.702689 0.696407 0.615201 0.484462 0.546920 0.579193 0.586515 0.902435 0.842200 0.878075 0.897726 0.971655 1.057290 1.109973 0.944778 0.907190 0.892737 0.594588 0.590782 0.974300 0.981782 0.950668 0.883431 0.468567 0.636918 0.551735 0.495007 0.532279 0.642267 0.413716 0.394425 0.349237 0.333972 0.325632 0.367277 0.900625 1.064811 1.193695 1.212314 1.169909 1.069768 1.010015 0.931281 0.900284 0.918476 0.620592 0.701165 1.027212 1.032939 0.720619 0.780602 0.780827 0.746920 0.789422 0.732422 0.640074 0.555239 0.476095 0.389095 0.310874 0.217891 0.128216 0.158637 0.208650 0.237557 0.287346 0.349937 0.443813 0.451543 0.765564 0.766409 0.821248 0.899091 0.616012 0.580505 0.537370 0.529365 0.542892 0.532812 0.529745 0.554491 0.578182 0.465171 0.369098 0.313983 0.254579 0.240107 0.222829 0.237219 0.234066 0.267057 0.319952 0.413313 0.493107 0.592919 0.578202 0.573157 0.575034 0.596268 0.588937 0.587078 0.613772 0.692123 0.797261 1.137021 0.792700 0.759150 1.113361 1.142456 1.184903 1.245950 1.276348 1.551534 1.526992 1.504908 1.574628 1.642027 1.458279 1.705462 1.465479 1.421827 1.454360 1.757570 1.552107 1.544835 1.537939 1.734481 1.481768 1.622131 1.633950 1.611472 1.559871 1.471569 1.393440 1.360180 1.364607 1.502586 1.436496 1.364924 1.204277 1.171972 1.218409 1.307331 1.465778 1.490482 1.444494 1.419567 1.313901 1.608401 1.555849 1.448089 1.353597 1.345396 1.490232 1.479247 1.428394 1.306553 1.407878 1.297087 1.242356 1.179660 1.162787 1.147120 1.100272
0.000000 0.000000 0.000000 0.000000 0.000000 0.000000 0.000000 0.000000 0.000000 0.000000 0.000000 0.000000 0.000000 0.000000 0.000000 0.000000 0.000000 0.000000 0.000000 0.000000 0.000000 0.000000 0.000000 0.000000 0.000000 0.000000 0.000000 0.000000 0.000000 0.000000 0.000000 0.000000 0.000000 0.000000 0.000000 0.000000 0.000000 0.000000 0.000000 0.000000 0.000000 0.000000 0.000000 0.000000 0.000000 0.000000 0.546461 0.693827 0.808717 0.865980 0.897727 0.979984 0.898184 0.824791 0.744540 0.689615 0.657086 0.731225 0.750711 0.765589 0.800918 0.973382 1.167843 1.263833 1.284383 1.268995 1.217119 1.122212 0.989658 1.090489 1.071773 1.085437 1.110513 1.130663 1.168431 1.235715 1.166090 1.713081 1.132429 0.916594 0.755266 0.652765 0.740919 0.578676 0.536182 0.527518 0.539765 0.512010 0.487731 0.461714 0.424659 0.379726 0.000000 0.000000 0.000000 0.000000 0.000000 0.000000 0.000000 0.000000 0.000000 0.000000 0.000000 0.000000 0.000000 0.000000 0.000000 0.000000 0.000000 0.624533 0.716323 0.747385 0.747724 0.681126 0.689753 0.694147 0.641362 0.549980 0.577376 0.711147 0.629028 0.639455 0.664591 0.822674 0.901042 0.910347 1.012984 1.058216 0.934960 0.950335 0.934032 0.904995 0.921654 0.901809 0.930584 0.937422 0.888955 0.510478 0.681804 0.663364 0.659322 0.623274 0.657516 0.336482 0.387932 0.322581 0.226895 0.267678 0.416326 0.768980 0.838669 0.974847 1.195102 1.290533 1.252129 1.141441 1.029442 0.971800 0.939772 0.943839 0.637539 0.642318 0.707254 1.029256 0.759819 0.742093 0.696118 0.695087 0.723697 0.700395 0.647410 0.569005 0.489289 0.414525 0.300139 0.240290 0.181892 0.219780 0.270140 0.326372 0.404169 0.458324 0.526267 0.804670 0.943566 0.979625 1.065381 1.163517 1.045976 1.048544 1.013495 0.962215 0.931216 0.653055 0.959662 0.986746 0.972030 0.918159 0.416187 0.306978 0.272832 0.298315 0.372132 0.475223 0.519213 0.520806 0.492429 0.356077 0.328494 0.224811 0.128118 0.280884 0.359554 0.467769 0.513496 0.591160 0.620490 0.624916 0.657880 0.648571 0.645639 0.617784 0.992533 0.991820 1.044863 1.236660 1.284587 1.352845 1.458687 1.475236 1.540513 1.631189 1.699181 1.734770 1.538244 1.503419 1.532438 1.591815 1.662854 1.684528 1.641582 1.776943 1.583145 1.750600 1.720351 1.856604 1.734977 1.678957 1.587656 1.507049 1.497359 1.486772 1.588469 1.508623 1.294195 1.259582 1.260666 1.326985 1.318299 1.515850 1.552647 1.441154 1.321901 1.308088 1.295991 1.497960 1.381382 1.439562 1.543750 1.630429 1.614329 1.425814 1.398486 1.402892 1.391652 1.337077 1.237092 1.020103 0.976659 0.910785
0.000000 0.000000 0.000000 0.000000 0.000000 0.000000 0.000000 0.000000 0.000000 0.000000 0.000000 0.000000 0.000000 0.000000 0.000000 0.000000 0.000000 0.000000 0.000000 0.000000 0.000000 0.000000 0.000000 0.000000 0.000000 0.000000 0.000000 0.000000 0.000000 0.000000 0.000000 0.000000 0.000000 0.000000 0.000000 0.000000 0.000000 0.000000 0.000000 0.000000 0.000000 0.000000 0.000000 0.000000 0.409427 0.600832 0.742999 0.853679 0.941208 0.969208 0.934628 0.918003 0.849506 0.765135 0.704042 0.666382 0.627378 0.688126 0.708710 0.705495 0.724391 0.960419 1.279226 1.193458 1.188391 1.122357 1.019891 0.861654 1.040018 1.037469 0.988173 0.924734 0.875316 0.971175 1.008327 0.957050 0.901080 1.478747 0.964313 0.846146 0.601548 0.598960 0.545582 0.551601 0.577210 0.555847 0.540798 0.527405 0.507020 0.463947 0.411229 0.000000 0.000000 0.000000 0.000000 0.000000 0.000000 0.000000 0.000000 0.000000 0.000000 0.000000 0.000000 0.000000 0.377930 0.383405 0.374098 0.000000 0.000000 0.548347 0.597192 0.624559 0.671499 0.656343 0.621714 0.603619 0.613227 0.590377 0.632382 0.677020 0.670933 0.697233 0.781292 0.910987 0.929489 0.956755 0.835293 0.889319 0.923869 1.079874 1.041136 1.019650 0.400616 0.793361 0.450305 0.747314 0.666955 0.556350 0.999045 0.606334 0.694811 0.760635 0.329338 0.395342 0.437909 0.747574 0.723584 0.718682 0.728901 0.779021 0.883534 1.079513 1.228076 1.266071 0.987182 1.095936 1.028862 0.576220 0.946952 0.509561 0.567342 0.642176 1.050222 0.709512 0.653245 0.636674 0.656065 0.683926 0.709388 0.676504 0.588556 0.547527 0.545639 0.847403 0.869809 0.894526 0.391391 0.319672 0.332518 0.411266 0.466385 0.506519 0.945136 0.929717 0.965943 1.079174 1.194352 1.084015 1.094874 1.061521 1.009693 0.666572 0.966373 1.183433 1.032545 1.018033 0.957322 0.471141 0.286912 0.240325 0.239726 0.341708 0.454440 0.552707 0.632909 0.566059 0.471195 0.399058 0.300103 0.334470 0.433009 0.308783 0.233509 0.373339 0.509905 0.568112 0.568497 0.462585 0.436085 0.379445 0.357991 0.382436 0.513671 0.803442 1.007885 1.067621 0.945902 1.026711 1.109993 1.381869 1.469794 1.337878 1.578916 1.185464 1.166868 1.413958 1.483262 1.319620 1.788407 1.837258 1.858277 1.622425 1.724823 1.800966 1.812482 1.935920 1.790376 1.756726 1.688734 1.682747 1.679922 1.611816 1.520191 1.437721 1.221925 1.223874 1.184988 1.215694 1.358327 1.527719 1.656999 1.572435 1.395422 1.295622 1.221593 1.242897 1.430057 1.512024 1.371571 1.712511 1.592006 1.504163 1.303163 1.312289 1.283968 1.229837 0.770464 1.018365 0.980435 0.917128
0.000000 0.000000 0.000000 0.000000 0.000000 0.000000 0.000000 0.000000 0.000000 0.000000 0.000000 0.000000 0.000000 0.000000 0.000000 0.000000 0.000000 0.000000 0.000000 0.000000 0.000000 0.000000 0.000000 0.000000 0.000000 0.000000 0.000000 0.000000 0.000000 0.000000 0.000000 0.000000 0.000000 0.000000 0.000000 0.000000 0.000000 0.000000 0.000000 0.000000 0.000000 0.000000 0.000000 0.414858 0.622898 0.765976 0.857122 0.946544 1.031223 0.978737 0.893289 0.838958 0.765167 0.701173 0.666821 0.612565 0.615996 0.640308 0.654171 0.947222 0.927145 0.897328 1.222993 0.972392 0.937792 0.843286 0.800204 0.865349 0.863320 0.794619 0.685555 0.651887 0.820803 0.931812 0.948875 0.911912 0.847824 0.803014 0.698070 0.634509 0.612150 0.614460 0.612747 0.594921 0.579476 0.586837 0.589189 0.557977 0.493970 0.424767 0.000000 0.000000 0.000000 0.000000 0.000000 0.000000 0.000000 0.000000 0.000000 0.000000 0.000000 0.000000 0.395356 0.430146 0.446452 0.579035 0.422915 0.416204 0.404944 0.420214 0.585870 0.645948 0.646919 0.624374 0.594334 0.603826 0.591969 0.667956 0.724308 0.717123 0.757415 0.778248 0.836305 0.889927 0.873715 0.741492 0.808866 1.032239 1.018139 0.960404 1.115767 0.814800 0.585167 0.587144 0.753864 0.659164 0.616171 0.625537 0.624035 0.659561 0.794205 0.726962 0.735941 0.798234 0.830230 0.815438 0.794148 0.756183 0.742140 0.786353 0.935433 1.155287 1.237336 0.846464 0.807688 0.725080 0.651665 0.565799 0.532619 0.531633 0.579551 0.676346 0.608961 0.586043 0.597095 0.628163 0.720405 0.758054 0.742255 0.715042 0.678609 0.980952 0.932296 0.937690 0.943823 0.927133 0.894817 0.882056 0.526680 0.845078 0.828119 0.934799 0.985813 0.949537 1.070780 1.206700 1.110258 1.145829 1.122622 1.074150 0.727404 1.001936 1.025375 1.069238 0.733217 0.673842 0.524369 0.306928 0.211950 0.183634 0.384938 0.468168 0.540982 0.657947 0.570441 0.500297 0.452031 0.382940 0.408175 0.414418 0.382773 0.352544 0.535036 0.512523 0.446150 0.474402 0.487004 0.356693 0.306438 0.258015 0.246724 0.622847 0.682230 0.790131 0.553823 0.896805 0.910002 0.956009 1.197877 1.266884 1.312817 1.195240 0.934309 0.984125 1.219317 1.293142 1.385473 1.550567 1.415357 1.501171 1.721489 1.743738 1.753583 1.872091 1.953219 1.985980 1.966128 2.026639 1.980086 1.928235 1.737738 1.659168 1.560649 1.420914 1.305956 1.315929 1.356704 1.350339 1.377463 1.553124 1.718756 1.712818 1.516031 1.344199 1.203341 1.243505 1.434383 1.515215 1.509686 1.571153 1.572976 1.522460 1.353626 1.354741 1.342528 0.943001 0.735906 0.703833 0.985718 0.926437
0.000000 0.000000 0.000000 0.000000 0.000000 0.000000 0.000000 0.000000 0.000000 0.000000 0.000000 0.000000 0.000000 0.000000 0.000000 0.000000 0.000000 0.000000 0.000000 0.000000 0.000000 0.000000 0.000000 0.000000 0.000000 0.000000 0.000000 0.000000 0.000000 0.000000 0.000000 0.000000 0.000000 0.000000 0.000000 0.000000 0.000000 0.000000 0.000000 0.000000 0.000000 0.000000 0.000000 0.624905 0.752446 0.850115 0.916738 1.012653 1.036125 0.842967 0.792183 0.733794 0.674547 0.633530 0.576709 0.612384 0.695392 0.738684 0.844383 1.187513 1.139892 1.115793 0.992703 0.914661 0.842125 0.756147 0.671632 0.620630 0.564185 0.579105 0.690640 0.814405 0.930126 0.943292 0.937727 0.975089 0.821178 0.725683 0.690274 0.687443 0.698239 0.676147 0.640596 0.634232 0.646502 0.630756 0.572518 0.500713 0.429593 0.000000 0.000000 0.000000 0.000000 0.000000 0.000000 0.000000 0.000000 0.000000 0.000000 0.000000 0.401078 0.439103 0.473771 0.499235 0.501421 0.494660 0.491215 0.472113 0.448478 0.587828 0.626769 0.645871 0.622129 0.585977 0.595880 0.593253 0.677173 0.749125 0.742907 0.787157 0.814340 0.811434 0.784234 0.736786 0.607395 0.658049 0.852242 0.856971 0.850029 0.820187 0.765104 0.698599 0.652511 0.650020 0.643482 0.707267 0.665354 0.650311 0.660612 0.770895 0.897925 0.761593 0.833879 0.880510 0.863624 0.830923 0.776478 0.732924 0.739691 0.831679 1.069116 1.227023 0.830936 0.842444 0.767337 0.751261 0.593905 0.517940 0.432864 0.539145 0.610492 0.581244 0.637135 0.650867 0.711086 0.822160 0.895623 0.875077 1.172055 0.753550 1.057178 1.012707 1.007583 0.995643 0.583842 0.933084 0.914020 0.894579 0.869298 1.000816 0.960374 0.933484 0.931903 1.051185 1.216512 1.149419 1.199210 1.203107 0.879024 1.101292 1.046746 1.022815 1.058410 1.057767 0.674777 0.533606 0.359363 0.228169 0.126265 0.448316 0.510838 0.513190 0.638086 0.568168 0.501277 0.484577 0.473075 0.456848 0.471722 0.469429 0.504036 0.532427 0.666363 0.519568 0.446315 0.457764 0.378635 0.317962 0.247539 0.671038 0.635520 0.715009 0.502721 0.626353 0.682079 0.991675 1.016521 1.221028 1.244509 1.259806 1.105937 1.236128 1.031458 1.121453 1.094157 1.237164 1.342982 1.362945 1.277692 1.327082 1.413874 1.494521 1.575900 1.724602 1.870826 2.007035 2.124644 1.938459 1.882221 1.886783 1.860686 1.803417 1.760308 1.681612 1.552356 1.493478 1.564705 1.541544 1.527046 1.574019 1.737423 1.788768 1.656199 1.500742 1.307896 1.403046 1.411069 1.471503 1.463679 1.474072 1.457451 1.312358 1.302189 1.339158 1.039211 0.931408 0.718824 0.698873 1.005195 0.956721
0.000000 0.000000 0.000000 0.000000 0.000000 0.000000 0.000000 0.000000 0.000000 0.000000 0.000000 0.000000 0.000000 0.000000 0.000000 0.000000 0.000000 0.000000 0.000000 0.000000 0.000000 0.000000 0.000000 0.000000 0.000000 0.000000 0.000000 0.000000 0.000000 0.000000 0.000000 0.000000 0.000000 0.000000 0.000000 0.000000 0.454980 0.000000 0.000000 0.000000 0.000000 0.000000 0.605393 0.735602 0.811526 0.877828 0.917539 1.071659 0.833193 0.687304 0.705409 0.606230 0.552148 0.499080 0.595997 0.712826 0.784112 0.894611 1.013519 1.265710 1.256999 1.176545 1.026196 0.827276 0.715294 0.654859 0.601825 0.565501 0.498222 0.617018 0.825942 0.955441 0.970530 0.914595 0.846475 0.796483 0.767881 0.758194 0.753771 0.736830 0.703390 0.696526 0.704449 0.697245 0.650908 0.573046 0.503692 0.442063 0.000000 0.000000 0.000000 0.000000 0.000000 0.000000 0.000000 0.000000 0.000000 0.000000 0.455908 0.494963 0.519157 0.548879 0.564653 0.571474 0.571679 0.561022 0.535036 0.501160 0.549772 0.605031 0.601268 0.592465 0.552847 0.571802 0.596610 0.680190 0.764736 0.809385 0.787936 0.813022 0.803104 0.766732 0.741065 0.817502 0.711598 0.718500 0.748789 0.783795 0.772425 0.748584 0.737461 0.764902 0.754992 0.605820 0.731730 0.733312 0.717098 0.717552 0.767751 0.886919 0.776432 0.832557 0.866205 0.855452 0.801120 0.771781 0.750962 0.763217 0.827024 1.016415 0.833807 0.806716 0.811702 0.799987 0.739882 0.584363 0.515460 0.500709 0.554903 0.587863 0.573251 0.603335 0.601624 0.661700 0.820820 0.897662 0.891008 0.700362 1.171227 1.132898 1.093564 1.056351 1.033092 0.996572 0.976733 0.956253 0.925797 1.094613 1.027824 0.990240 0.967507 0.966592 1.053939 1.197021 1.350147 1.441707 1.469952 1.225272 1.163175 1.098020 1.073902 1.073388 1.057305 0.670531 0.554725 0.437239 0.335279 0.168585 0.405815 0.620907 0.654354 0.652295 0.598878 0.508168 0.478304 0.504438 0.559484 0.583175 0.543624 0.499000 0.450135 0.477501 0.579180 0.516188 0.415132 0.379618 0.306738 0.238935 0.290185 0.231123 0.410024 0.542708 0.689237 0.803791 1.121793 1.105883 1.268369 1.080156 1.293140 1.248831 1.190357 1.167186 0.907660 0.791540 0.836610 0.848555 0.995698 0.956607 0.974501 1.047464 1.108770 1.145379 1.065987 1.228888 1.387899 1.660335 1.726145 1.739859 1.736798 1.733480 1.738505 1.727080 1.731386 1.728803 1.715227 1.658648 1.672893 1.635362 1.633393 1.667347 1.712564 1.805391 1.911036 1.823693 1.666853 1.480622 1.431867 1.426810 1.422052 1.237813 1.210097 1.202465 1.211855 0.865863 0.917896 0.906211 0.730480 1.049405 1.018421 0.975861
0.000000 0.000000 0.000000 0.000000 0.000000 0.000000 0.000000 0.000000 0.000000 0.000000 0.000000 0.000000 0.000000 0.000000 0.000000 0.000000 0.000000 0.000000 0.000000 0.000000 0.000000 0.000000 0.000000 0.000000 0.000000 0.000000 0.000000 0.000000 0.000000 0.000000 0.000000 0.000000 0.000000 0.000000 0.000000 0.000000 0.000000 0.000000 0.424560 0.000000 0.372993 0.598345 0.805012 0.777089 0.754239 0.831392 0.995672 0.881784 0.638455 0.647939 0.606299 0.523826 0.414525 0.477843 0.668772 0.775666 0.918855 1.019336 1.106782 1.177926 1.248649 1.088965 0.825226 0.707017 0.660964 0.618070 0.555240 0.632561 0.620179 0.833007 0.979751 0.989507 0.941002 0.885169 0.842099 0.832788 0.830290 0.822987 0.803975 0.782024 0.773136 0.759064 0.711418 0.649414 0.580414 0.516495 0.456836 0.000000 0.000000 0.000000 0.000000 0.000000 0.000000 0.000000 0.000000 0.000000 0.502215 0.594828 0.626901 0.640278 0.658566 0.675665 0.680002 0.668682 0.635270 0.595207 0.544442 0.492398 0.439280 0.477760 0.480288 0.444038 0.000000 0.553306 0.666426 0.750173 0.855167 0.913007 0.857796 0.849572 0.836828 0.798651 1.091016 0.778032 0.780007 0.818252 0.845715 0.845286 0.842402 0.867453 0.859385 0.694936 0.404860 0.783118 0.771429 0.781778 0.784452 0.809500 0.709237 0.778500 0.802702 0.797807 0.769921 0.746195 0.802000 0.833139 0.856162 0.863694 1.006448 0.711217 0.738885 0.775143 0.753474 0.732289 0.547438 0.516903 0.539355 0.475428 0.534229 0.491070 0.545687 0.599999 0.682999 0.780804 0.891997 0.924671 1.259866 1.219365 1.174883 1.140625 1.115911 1.083340 1.035177 0.992621 0.974824 1.132759 1.244661 1.062354 0.843178 0.803566 0.799165 1.103919 1.222923 1.329702 1.438010 1.492603 1.292903 1.275854 0.759871 1.192524 1.148746 0.795145 0.674220 0.578245 0.493700 0.298277 0.228896 0.519400 0.658624 0.779362 0.814334 0.765820 0.651666 0.590528 0.592861 0.592807 0.636270 0.614103 0.500638 0.437452 0.471238 0.461236 0.550757 0.586523 0.521234 0.479340 0.425076 0.324050 0.351617 0.773382 0.873230 0.985578 1.096674 1.150604 1.136967 1.271344 1.090850 1.229014 1.262327 1.198246 1.068574 0.844952 0.723135 0.658026 0.623285 0.674587 0.825115 0.803505 0.900504 0.775588 0.779658 0.788895 0.855880 0.930318 1.062676 0.934564 0.913060 0.952577 1.020226 1.435010 1.519932 1.536402 1.562112 1.604344 1.650726 1.654485 1.675444 1.661440 1.685425 1.720126 1.964838 1.958320 1.951600 1.911242 1.835143 1.680000 1.547160 1.465593 0.968475 0.908717 0.834249 0.791740 0.793707 0.730842 0.777454 0.864920 0.772797 1.057760 1.031968 0.997686
0.000000 0.000000 0.000000 0.000000 0.000000 0.000000 0.000000 0.000000 0.000000 0.000000 0.000000 0.000000 0.000000 0.000000 0.000000 0.000000 0.000000 0.000000 0.000000 0.000000 0.000000 0.000000 0.000000 0.000000 0.000000 0.000000 0.000000 0.000000 0.000000 0.000000 0.000000 0.000000 0.000000 0.000000 0.000000 0.000000 0.000000 0.000000 0.374711 0.437617 0.583848 0.672799 0.761934 0.729578 0.713869 0.863587 0.804740 0.785596 0.654115 0.579061 0.453442 0.000000 0.425495 0.575190 0.698199 0.903858 1.023018 1.100615 1.120608 1.111735 1.123897 0.857838 0.709734 0.645967 0.568899 0.544172 0.618108 0.680702 0.805200 1.017635 1.049674 1.012407 0.937146 0.908318 0.907849 0.905509 0.891043 0.860016 0.837004 0.804176 0.761724 0.709196 0.655584 0.591925 0.517208 0.441029 0.000000 0.000000 0.000000 0.000000 0.372169 0.391642 0.398184 0.387605 0.370281 0.600600 0.739940 0.791725 0.795467 0.787636 0.787334 0.787260 0.766223 0.717640 0.652645 0.575518 0.504922 0.747438 0.425350 0.422431 0.000000 0.000000 0.000000 0.619661 0.797070 0.910817 0.989730 0.923123 0.915246 0.908072 0.889613 0.949498 0.858118 0.868758 0.898311 0.976774 0.979257 0.946392 0.913779 0.889082 0.728540 0.696040 0.807905 0.817779 0.859209 0.859982 1.440379 0.734537 0.731406 0.729249 0.705291 0.713896 0.811242 1.084512 1.142732 0.984765 0.998211 0.641189 0.607814 0.672018 0.726885 0.770375 0.708882 0.540484 0.505173 0.552951 0.599088 0.493299 0.445621 0.414676 0.494965 0.590370 0.780459 0.881636 1.300128 1.314356 1.288640 1.240843 1.201707 1.171550 1.141974 1.099831 1.210969 1.163739 1.120556 1.092295 0.936485 0.894239 0.840716 0.804513 0.916364 1.260351 1.355232 1.457493 1.534995 1.293840 1.301791 0.766972 1.248129 1.186020 0.818811 0.707948 0.601937 0.492956 0.343585 0.298930 0.597523 0.804326 0.846963 1.203378 1.149576 1.109883 0.590559 0.469963 0.533799 0.570039 0.515878 0.456247 0.439634 0.525936 0.592561 0.481279 0.590133 0.700589 0.664214 0.592472 0.497880 0.757991 0.767862 0.838141 0.934434 0.752833 1.071524 1.020630 0.977845 0.943036 1.191692 1.159972 1.000517 0.796325 0.435303 0.318106 0.570225 0.772038 0.664521 0.753985 0.837125 0.924621 0.817199 0.752748 0.680641 0.675211 0.733222 0.415298 0.423600 0.515166 0.508624 0.581737 0.731486 1.147696 1.168608 1.196668 1.289353 1.328382 1.386111 1.459501 1.533202 1.585603 1.699743 1.929007 1.981777 2.003491 2.002859 1.969797 1.926183 1.860499 1.724518 1.171989 0.965600 0.896885 0.856549 0.812826 0.741776 0.710730 0.676274 0.880039 1.104099 1.062484 1.045285 1.019471
0.000000 0.000000 0.000000 0.000000 0.000000 0.000000 0.000000 0.000000 0.000000 0.000000 0.000000 0.000000 0.000000 0.000000 0.000000 0.000000 0.000000 0.000000 0.000000 0.000000 0.000000 0.000000 0.000000 0.000000 0.000000 0.000000 0.000000 0.000000 0.000000 0.000000 0.000000 0.000000 0.000000 0.000000 0.000000 0.000000 0.000000 0.425101 0.491211 0.893343 0.628845 0.670127 0.640402 0.678196 0.733245 0.745832 0.699226 0.705989 0.598782 0.469389 0.447740 0.000000 0.430449 0.528096 0.819255 0.999381 1.060131 1.085743 1.037670 1.047637 0.833824 0.659987 0.572802 0.546486 0.510083 0.464578 0.729665 0.856471 1.017172 1.120493 1.090607 1.015499 0.979885 0.973938 0.958644 0.938049 0.911447 0.864382 0.825786 0.772118 0.720368 0.655479 0.573297 0.488014 0.000000 0.000000 0.000000 0.000000 0.400341 0.426122 0.439242 0.434873 0.419129 0.431655 0.664150 0.823628 0.918788 0.943762 0.933681 0.920015 0.900846 0.847163 0.768062 0.696553 0.632273 0.581633 0.498508 0.518210 0.518243 0.497221 0.464002 0.446604 0.622235 0.788732 0.980926 1.042668 0.959739 0.952677 0.944264 0.944074 1.017720 0.935672 0.988090 0.886733 1.097899 1.087614 1.033714 0.962525 0.483582 0.471923 0.698701 0.674030 0.705756 0.944428 1.001694 0.942448 0.794889 0.806355 0.786642 0.765559 0.817604 0.914000 1.044767 1.144313 1.395827 1.194938 0.706237 0.562121 0.605312 0.681114 0.762380 0.757111 0.554827 0.491591 0.537992 0.575733 0.483305 0.448057 0.468242 0.557165 0.610272 0.703491 0.908467 1.297927 1.364425 1.376803 1.351972 1.292421 1.242545 1.206858 1.155851 1.248928 1.146730 1.101492 0.851349 0.945729 0.966776 0.902645 0.837539 0.907947 1.069836 1.356279 1.405943 1.480829 1.290907 1.260638 1.246447 1.205917 1.139461 0.783767 0.706655 0.932059 0.895728 0.396909 0.380519 0.619949 0.763118 0.884613 1.270293 1.193631 0.714930 0.475329 0.320929 0.376204 0.454377 0.472528 0.373680 0.350734 0.600030 0.767487 0.758040 0.786747 0.633860 0.733308 0.786493 1.014439 0.901672 0.832908 0.835120 0.607085 0.648904 0.922179 0.912745 0.962756 0.851652 0.855081 1.001348 1.021145 0.824621 0.469102 0.405888 0.277565 0.229748 0.303830 0.666834 0.533126 0.651715 0.933958 0.871954 0.800317 0.702196 0.329075 0.356336 0.397726 0.440624 0.515562 0.653531 0.751364 1.111469 1.082495 0.968785 0.946172 1.028215 1.047296 1.035773 1.127432 1.245836 1.406795 1.721633 1.838593 1.913173 1.783363 2.040867 2.044301 1.850195 1.771314 1.687696 1.092621 0.985144 0.926343 0.932380 0.937156 0.925890 0.867791 0.778882 0.766247 1.110840 1.072573 1.060799 1.044812
0.000000 0.000000 0.000000 0.000000 0.000000 0.000000 0.000000 0.000000 0.000000 0.000000 0.000000 0.000000 0.000000 0.000000 0.000000 0.000000 0.000000 0.000000 0.000000 0.000000 0.000000 0.000000 0.000000 0.000000 0.000000 0.000000 0.000000 0.000000 0.000000 0.000000 0.000000 0.000000 0.000000 0.000000 0.000000 0.364753 0.456156 0.526261 0.564486 0.574043 0.563025 0.721427 0.732538 0.775175 0.981892 0.754927 0.619472 0.556864 0.475509 0.408140 0.427453 0.440046 0.536441 0.688673 0.904545 0.996375 1.004655 0.950113 0.925465 0.708118 0.611600 0.561064 0.533262 0.501886 0.606673 0.736192 0.921473 1.017925 1.140134 1.153405 1.088648 1.038116 1.027263 1.006929 0.972154 0.931022 0.880903 0.825692 0.762508 0.694716 0.618143 0.527655 0.432782 0.000000 0.000000 0.000000 0.418933 0.457140 0.472170 0.471776 0.497551 0.502695 0.508982 0.706548 0.874015 0.979390 1.030948 1.040422 1.017596 0.965571 0.883687 0.783879 0.715090 0.637670 0.610422 0.658987 0.674446 0.655351 0.625539 0.601883 0.644026 0.769030 0.842365 0.945498 0.843889 0.842633 0.843529 1.003485 1.098379 0.995739 1.030661 1.136244 1.031792 1.058090 1.190851 1.106403 0.811146 0.491991 0.730039 0.698734 0.744401 0.741365 0.827396 0.854753 0.835565 0.892403 0.880822 0.865198 0.856097 0.947229 1.021213 1.076815 1.167800 1.417522 1.181108 0.760652 0.616297 0.580358 0.652084 0.694052 0.731188 0.519680 0.480914 0.545107 0.574687 0.509898 0.509289 0.613162 0.634581 0.744920 0.813569 0.884759 1.283315 1.339500 1.382177 1.397392 1.359803 1.306500 1.435020 1.338657 1.241216 0.942809 0.855259 0.809950 0.861979 0.930125 0.935600 0.871088 0.895477 1.036579 1.339423 1.370085 1.408225 1.177119 1.127378 1.077891 1.030708 0.991942 0.650319 0.884939 0.938835 0.937041 0.460751 0.411554 0.678668 0.906963 1.016766 1.394971 1.283420 0.714816 0.468421 0.306092 0.309530 0.356461 0.434707 0.483513 0.489090 0.610771 1.129817 1.159315 1.175009 0.945920 0.980749 0.918114 0.880066 1.072121 0.595433 0.479961 0.506988 0.802839 0.781038 0.729319 0.622559 0.754160 0.604327 0.595825 0.372632 0.391840 0.376323 0.298968 0.235303 0.229817 0.264265 0.251549 0.241004 0.585629 0.979762 0.647775 0.863076 0.813830 0.374440 0.472550 0.544865 0.641436 0.726783 0.798446 1.158864 1.099230 1.080446 0.988672 0.852052 0.824455 0.900000 0.938318 0.911499 0.846344 1.102176 1.284074 1.443305 1.589000 1.735130 1.881753 1.994566 1.884520 1.869104 1.608891 1.470372 1.183941 1.101332 0.987625 1.034788 1.067168 1.038853 1.015897 0.953677 0.872792 1.138626 1.103831 1.078540 1.091110
0.000000 0.000000 0.000000 0.000000 0.000000 0.000000 0.000000 0.000000 0.000000 0.000000 0.000000 0.000000 0.000000 0.000000 0.000000 0.000000 0.000000 0.000000 0.000000 0.000000 0.000000 0.000000 0.000000 0.000000 0.000000 0.000000 0.000000 0.000000 0.000000 0.000000 0.000000 0.000000 0.000000 0.000000 0.000000 0.400590 0.531018 0.581916 0.609972 0.597012 0.523514 0.553106 0.645128 0.704427 0.689983 0.644697 0.563587 0.466964 0.000000 0.004000 0.000000 0.000000 0.544441 0.782175 0.907077 0.935519 0.887506 0.801734 0.691554 0.616730 0.561273 0.536971 0.512821 0.607500 0.690242 0.978217 1.069858 1.135785 1.199198 1.143169 1.098730 1.068566 1.032312 0.988183 0.930501 0.866316 0.804223 0.734914 0.655514 0.559703 0.451082 0.000000 0.000000 0.000000 0.435892 0.478571 0.503520 0.509914 0.543683 0.662687 0.649013 0.646354 0.739091 0.890623 0.993961 1.043837 1.062826 1.011729 0.958895 0.857199 0.782537 0.705766 0.699138 0.733489 0.757667 0.757458 0.734455 0.704643 0.685414 0.785950 0.903051 0.983357 0.978768 0.883600 0.898606 0.908526 1.050124 1.053186 1.054261 1.119762 1.225085 1.141580 1.171864 1.135591 1.023956 0.610737 0.488562 0.750814 0.703226 0.692878 0.740306 0.862360 0.908842 0.915688 0.922345 0.964236 0.935592 0.916702 0.985678 1.031161 1.020764 1.011562 1.066170 1.049271 1.055932 0.659665 0.613821 0.664775 0.655581 0.584939 0.525439 0.513268 0.600537 0.581940 0.568181 0.650338 0.751745 0.749998 0.750432 0.803337 0.852338 1.225714 1.271347 1.324911 1.332932 1.305200 1.259995 1.411678 1.308274 0.985888 0.876487 0.799951 0.765629 0.819348 0.862881 0.880922 0.867984 0.876264 0.974577 1.278033 1.312943 1.290541 1.018491 0.936182 0.829735 0.769647 0.727319 0.860016 0.910650 0.968633 0.986684 0.614075 0.456647 0.596115 0.827336 1.079852 1.148620 1.428415 0.938181 0.517836 0.380578 0.393078 0.432483 0.499461 0.600096 0.699282 0.643482 0.613750 0.706816 1.174471 1.262173 1.358854 1.301879 1.239183 0.798218 0.665035 0.544093 0.409792 0.701237 0.269173 0.294881 0.362541 0.390958 0.299421 0.233122 0.227440 0.251317 0.238632 0.202418 0.338116 0.358713 0.290562 0.232913 0.190988 0.254968 0.561951 0.579294 0.886634 0.443257 0.396149 0.479486 0.606573 0.685522 0.764749 0.825644 1.150937 1.094267 1.037238 0.993161 0.898397 0.817921 0.803142 0.838170 0.871024 0.883664 1.052418 1.004949 1.013651 1.109648 1.254691 1.446312 1.628044 1.615856 1.699473 1.754398 1.768248 1.457038 1.372035 1.282975 1.297283 1.189080 1.144042 1.143298 1.142510 1.363274 1.260215 1.216927 1.158360 1.111231 1.142836
0.000000 0.000000 0.000000 0.000000 0.000000 0.000000 0.000000 0.000000 0.000000 0.000000 0.000000 0.000000 0.000000 0.000000 0.000000 0.000000 0.000000 0.000000 0.000000 0.000000 0.000000 0.000000 0.000000 0.000000 0.000000 0.000000 0.000000 0.000000 0.000000 0.000000 0.000000 0.000000 0.000000 0.000000 0.000000 0.462504 0.556504 0.597648 0.602625 0.514887 0.419070 0.495142 0.633471 0.659449 0.619132 0.594136 0.437860 0.000000 0.000000 0.196253 0.000000 0.000000 0.639415 0.813606 0.859912 0.847973 0.786276 0.729469 0.655967 0.576966 0.535091 0.510594 0.642051 1.045359 0.964539 1.098741 1.139157 1.194473 1.154998 1.120941 1.093816 1.044222 0.991053 0.923634 0.848620 0.764941 0.667546 0.550394 0.434082 0.000000 0.000000 0.000000 0.434844 0.497042 0.528572 0.584858 0.585726 0.572476 0.650561 0.719284 0.742395 0.761072 0.903765 1.004227 1.047510 1.052396 1.001211 0.929546 0.849769 0.789675 0.821406 0.842946 0.865837 0.866328 0.844154 0.801872 0.765517 1.084519 0.911383 1.013057 1.081474 1.046230 1.084713 1.107687 1.103455 0.951419 0.948235 0.969166 1.191828 1.252503 1.172062 1.244305 1.225354 1.111625 0.684973 0.530248 0.767658 0.725374 0.721701 0.752029 0.857851 0.994703 1.001860 0.993412 0.988060 0.975807 0.939827 0.945930 0.566059 0.597381 0.633955 0.700413 0.648527 1.005628 0.634628 0.614693 0.603674 0.674460 0.683712 0.930729 0.713667 0.802118 1.159422 0.846787 1.221402 0.712804 0.908476 0.775783 0.770229 0.793883 1.194512 1.211611 1.199186 1.195908 1.191878 1.173446 1.328731 1.022882 0.901688 0.821218 0.782767 0.766116 0.832363 0.902251 0.899563 0.883964 0.864170 0.906783 1.007961 1.234627 1.217454 0.956070 0.865497 0.825307 0.504331 0.873581 0.956769 0.935336 0.998263 1.024657 1.003839 0.521086 0.525431 0.770014 1.079528 1.218303 1.518120 1.413432 0.757827 0.622613 0.606513 0.631385 0.694154 0.717329 0.712683 0.686286 0.627849 0.576590 0.511917 0.709479 0.898211 1.009125 0.909172 0.720531 0.633392 0.604000 0.557282 0.409937 0.280686 0.327324 0.405835 0.443991 0.363565 0.281887 0.230584 0.227564 0.191504 0.186350 0.239917 0.516475 0.479530 0.383788 0.281622 0.270433 0.341359 0.858501 0.898328 0.504407 0.486656 0.515864 0.614621 0.716974 0.768729 0.823207 1.146173 1.078910 1.011975 0.952264 0.914680 0.862627 0.862736 0.886120 1.107658 1.131635 1.137438 1.111667 1.103442 1.113300 1.122933 0.927084 1.139571 1.106837 1.261947 1.396919 1.220884 1.300334 1.404012 1.400583 1.443902 1.367822 1.717264 1.606294 1.527844 1.485179 1.397658 1.323342 1.300231 1.230975 1.164257 1.362773
0.000000 0.000000 0.000000 0.000000 0.000000 0.000000 0.000000 0.000000 0.000000 0.000000 0.000000 0.000000 0.000000 0.000000 0.000000 0.000000 0.000000 0.000000 0.000000 0.000000 0.000000 0.000000 0.000000 0.000000 0.000000 0.000000 0.000000 0.000000 0.000000 0.000000 0.000000 0.000000 0.000000 0.000000 0.000000 0.467694 0.517602 0.533525 0.467275 0.000000 0.000000 0.000000 0.498208 0.483828 0.000000 0.360401 0.364736 0.000000 0.000000 0.000000 0.000000 0.563348 0.699714 0.791359 0.997360 1.287852 1.006791 0.682131 0.574123 0.508115 0.460234 0.513387 0.626377 0.864373 1.109765 1.141051 1.161017 1.150203 1.112473 1.089964 1.049567 0.994749 0.922848 0.819019 0.678526 0.517608 0.000000 0.000000 0.000000 0.004000 0.427969 0.489978 0.581199 0.617707 0.630300 0.623050 0.651845 0.662680 0.725147 0.761105 0.745507 0.885984 0.975992 1.016257 1.001961 1.061807 0.885504 0.891547 0.953119 0.972798 0.897219 0.977354 0.974551 0.943173 0.893764 0.848473 0.866517 1.003076 1.103198 1.160675 1.202041 1.158236 1.178581 1.079765 1.138821 0.979023 1.022601 1.239508 1.267685 1.150413 1.240909 1.246081 1.176197 0.778911 0.609520 0.795712 0.742365 0.783341 0.794317 0.835920 0.952158 1.040309 1.087078 1.045962 1.031550 0.602672 0.543140 0.523838 0.558937 0.686026 0.716597 0.718006 1.107131 0.702810 0.586724 0.669353 0.809037 0.881482 0.839178 1.130794 1.153594 1.180083 1.249877 0.846159 0.837771 0.891735 0.832161 0.731704 0.713894 0.761481 1.130487 1.083977 1.064036 1.058463 1.046481 1.026663 0.925529 0.852556 0.832035 0.833742 0.829937 0.839211 0.495897 0.883664 0.877512 0.870617 0.593798 0.923026 0.941523 1.132838 1.106633 0.865951 0.579245 0.960041 0.909359 1.031391 0.951922 1.029454 1.052806 0.719847 0.990991 0.516354 0.745947 1.080020 1.338759 1.670178 1.494783 0.961327 0.879433 0.852873 0.838723 0.779830 0.730813 0.719700 0.691800 0.586464 0.487152 0.407949 0.324319 0.476897 0.710002 0.737340 0.611831 0.515768 0.655671 0.643399 0.466156 0.296649 0.353995 0.444733 0.467236 0.343192 0.270759 0.268332 0.217406 0.182862 0.107712 0.151695 0.314540 0.454574 0.412696 0.345344 0.349270 0.283291 0.890338 0.973435 0.601911 0.555846 0.553173 0.615080 0.706689 0.777701 1.203187 1.146878 1.083396 1.012856 0.950958 0.913126 0.880273 0.895219 1.149863 1.166157 1.208347 1.238980 1.243266 1.230979 1.201488 1.218182 1.209442 1.190597 0.990571 0.941366 0.644999 0.737266 0.863940 1.034093 1.471884 1.846644 1.661757 1.353813 1.665133 1.628184 1.549158 1.468333 1.398042 1.355141 1.317114 1.260040 1.206395 1.403040
0.000000 0.000000 0.000000 0.000000 0.000000 0.000000 0.000000 0.000000 0.000000 0.000000 0.000000 0.000000 0.000000 0.000000 0.000000 0.000000 0.000000 0.000000 0.000000 0.000000 0.000000 0.000000 0.000000 0.000000 0.000000 0.000000 0.000000 0.000000 0.000000 0.000000 0.000000 0.000000 0.000000 0.000000 0.000000 0.443376 0.000000 0.000000 0.000000 0.000000 0.000000 0.000000 0.000000 0.000000 0.391974 0.414107 0.409331 0.381425 0.000000 0.000000 0.454793 0.604313 0.692852 1.019084 1.345710 0.914990 0.616244 0.505214 0.425278 0.000000 0.000000 0.531693 1.113495 1.012687 1.148065 1.136523 1.125002 1.110529 1.093810 1.059372 0.985997 0.867755 0.868518 0.792685 0.000000 0.000000 0.000000 0.000000 0.390807 0.469945 0.581986 0.626747 0.656447 0.664677 0.692323 0.703019 0.749866 0.791031 0.824817 0.875739 0.788466 0.923509 0.948040 0.961517 0.929271 0.915608 1.029962 1.094048 1.106249 1.089730 1.066689 0.969414 0.951898 0.923080 0.888723 0.958406 1.060445 1.153372 1.227495 1.249530 1.195701 1.345881 1.235667 1.058372 1.023359 1.044426 1.249989 1.396504 1.130226 1.216210 1.256398 1.231458 0.812353 0.587408 0.457247 0.802314 0.823584 0.850824 0.859927 0.925946 1.057541 1.134214 1.136415 0.760641 0.621013 0.570322 0.593911 0.691121 0.771966 0.808765 0.804692 1.104346 0.723337 0.733529 0.809032 0.869653 0.939586 1.222103 1.192644 1.143563 1.179793 1.236961 1.257330 0.930163 0.869677 0.824370 0.665341 0.569014 0.658784 0.653373 1.003996 0.980375 0.959555 0.966708 0.957569 0.458266 0.909448 0.906262 0.922588 0.914374 0.532868 0.421751 0.422074 0.462530 0.546970 0.915797 0.898800 0.885537 0.576909 0.876880 0.898376 0.906881 1.013554 0.939568 0.859223 1.085427 1.030282 1.061939 1.047718 0.675049 0.444337 0.665590 1.100105 1.412497 1.577520 1.668480 1.581131 1.068653 0.894683 0.857688 0.781597 0.729172 0.699021 0.595808 0.449656 0.300783 0.296802 0.238324 0.169856 0.223767 0.416716 0.446377 0.450062 0.564874 0.620045 0.498210 0.352661 0.417436 0.493747 0.418193 0.337683 0.293778 0.248840 0.271158 0.182067 0.160639 0.155961 0.246641 0.342832 0.392077 0.440335 0.480773 0.516530 0.567457 0.662750 0.716263 0.674928 0.637699 0.652754 0.708875 0.817831 0.750594 0.721144 1.094861 1.050578 1.000603 0.949399 0.553152 0.623548 1.032424 1.050734 1.088040 1.304046 1.329172 1.354926 1.141939 1.338024 1.307270 1.278506 1.271099 1.060589 0.749171 0.702712 0.699728 0.725076 1.134917 1.303464 1.473006 1.475012 1.472729 1.515833 1.530279 1.471557 1.394246 1.376662 1.374070 1.302881 1.263142 1.247026 1.454053
0.000000 0.000000 0.000000 0.000000 0.000000 0.000000 0.000000 0.000000 0.000000 0.000000 0.000000 0.000000 0.000000 0.000000 0.000000 0.000000 0.000000 0.000000 0.000000 0.000000 0.000000 0.000000 0.000000 0.000000 0.000000 0.000000 0.000000 0.000000 0.000000 0.000000 0.000000 0.000000 0.000000 0.000000 0.638900 0.000000 0.000000 0.000000 0.000000 0.000000 0.377039 0.400965 0.407466 0.420693 0.441401 0.445197 0.427143 0.400376 0.000000 0.346411 0.480382 0.565988 0.625413 0.624866 0.554716 0.468934 0.000000 0.000000 0.000000 0.000000 0.000000 0.634287 0.854812 1.022260 1.074350 1.063348 1.064654 1.052134 1.004921 1.091129 1.105188 0.817739 0.453584 0.000000 0.000000 0.370658 0.396340 0.418631 0.548253 0.614060 0.660171 0.679166 0.730693 0.749732 0.810833 0.847737 0.869914 0.881448 0.878861 0.850746 0.812956 0.901006 0.937032 0.929219 1.022978 1.128273 1.196371 1.226705 1.199787 1.061060 1.045932 1.052441 1.035412 1.002717 0.962786 1.111759 1.182670 1.245307 1.290673 1.311185 1.380304 1.170452 1.150958 1.098288 1.247247 1.255251 1.287455 1.159528 1.229609 0.983093 1.002026 0.813752 0.539728 0.425734 0.460115 0.868240 0.884371 0.929505 1.000907 1.111126 1.221106 1.248113 0.872502 0.692343 0.676451 0.760602 0.750482 0.759279 0.818861 1.136183 0.776048 0.717658 0.741418 0.736976 0.710765 0.823727 0.855450 0.787137 1.057747 1.083971 1.143878 0.857700 0.783946 0.659657 0.577357 0.528627 0.540969 0.520019 0.551192 0.584769 0.968205 0.975950 0.992894 1.004118 1.009069 1.002969 0.996948 0.966375 0.608257 0.513760 0.364835 0.352509 0.430816 0.587197 0.919521 0.880487 0.846001 0.542101 0.862629 0.859853 0.828165 0.798975 0.750585 0.815492 0.911518 1.019262 1.057704 1.043635 0.599817 0.517008 0.438513 0.947234 1.420993 1.675718 1.697084 1.710496 1.600816 1.107432 0.938281 0.830952 0.713314 0.608643 0.508187 0.443397 0.298625 0.160244 0.157122 0.231294 0.292772 0.327080 0.336023 0.375717 0.476559 0.538782 0.509784 0.437496 0.451316 0.420053 0.386590 0.359326 0.336923 0.337485 0.313057 0.335291 0.380793 0.313596 0.315699 0.404202 0.508702 0.571294 0.620590 0.647420 0.660899 0.699588 0.718969 0.743908 0.728449 0.716531 0.690394 0.709262 0.737009 0.700693 0.636642 0.623109 0.636149 0.569373 0.626595 0.977870 1.069370 1.126105 1.156111 1.186994 1.386555 1.188436 1.222067 1.236182 1.229411 1.393595 1.361128 1.164204 1.148403 1.139678 1.097296 1.074902 1.078020 1.108183 1.220420 1.323266 1.300414 1.303723 1.368251 1.418032 1.378303 1.342266 1.332483 1.338576 1.290451 1.274192 1.302877 1.322146
0.000000 0.000000 0.000000 0.000000 0.000000 0.000000 0.000000 0.000000 0.000000 0.000000 0.000000 0.000000 0.000000 0.000000 0.000000 0.000000 0.000000 0.000000 0.000000 0.000000 0.000000 0.000000 0.000000 0.000000 0.000000 0.000000 0.000000 0.000000 0.000000 0.000000 0.000000 0.000000 0.000000 0.000000 0.000000 0.000000 0.000000 0.000000 0.000000 0.438705 0.462037 0.467096 0.466673 0.470279 0.462639 0.447133 0.420645 0.000000 0.000000 0.000000 0.000000 0.470247 0.455842 0.549228 0.298238 0.000000 0.000000 0.000000 0.000000 0.000000 0.000000 0.586048 0.819786 0.918773 0.932923 0.920614 0.877341 0.834950 0.920616 0.769789 0.485541 0.445362 0.350829 0.385446 0.417387 0.445443 0.537722 0.583574 0.626342 0.670464 0.753790 0.782776 0.864608 0.925178 0.947000 0.947960 0.939499 0.930045 0.905827 0.856689 0.931161 0.986748 1.036836 1.115857 1.188691 1.247500 1.203690 1.068101 1.181302 1.165965 1.161652 1.823763 1.873084 1.042867 1.136982 1.197570 1.235107 1.341291 1.395084 1.294988 1.185959 1.196946 1.182918 1.316122 1.148477 1.175161 1.232649 1.265806 1.229029 0.809377 0.644714 0.472480 0.406136 0.472246 0.915839 0.940912 1.017228 1.107495 1.221464 1.335318 1.388811 0.998227 0.861350 0.768999 0.767043 0.794266 0.775494 0.784392 1.124995 1.116807 0.718566 0.755683 0.740180 1.028185 0.695260 0.789307 0.713384 0.585593 0.984323 0.709495 0.701569 0.575549 0.494909 0.450725 0.466278 0.447229 0.480440 0.554708 0.556869 0.604151 1.000945 1.018976 1.043704 1.059634 1.074768 1.033475 0.521134 0.577113 0.468170 0.332988 0.312455 0.430487 0.885496 0.589465 0.901479 0.617023 0.879618 0.991858 0.796949 0.745625 0.719960 0.670286 0.906841 0.854345 1.004459 1.049849 0.729634 0.603267 0.428678 0.393065 0.690266 1.275481 1.604344 1.730854 1.556535 1.635394 1.531079 1.018720 0.887016 0.718621 0.593861 0.504875 0.329366 0.342876 0.267495 0.311911 0.366737 0.365172 0.312537 0.302496 0.298663 0.306191 0.415351 0.454355 0.441819 0.412424 0.363699 0.358894 0.395525 0.394490 0.378470 0.369858 0.445234 0.905746 0.451810 0.491142 0.419891 0.483535 0.601446 0.690118 0.705753 0.706450 0.713439 0.735947 0.719641 0.683971 0.676661 0.607337 0.558232 0.619089 0.707619 0.704801 0.686331 0.705215 0.664158 0.709570 1.065808 1.101930 1.180490 1.229441 1.263703 1.485393 1.239155 1.270000 1.309718 1.308168 1.290324 0.977604 1.285955 1.287514 1.257124 1.202145 1.150932 1.110281 1.097936 1.144826 1.291484 1.322001 1.257008 1.189775 0.930338 1.367711 1.363470 1.337355 1.319633 1.304628 1.034855 1.345360 1.369945 1.369137
0.000000 0.000000 0.000000 0.000000 0.000000 0.000000 0.000000 0.000000 0.000000 0.000000 0.000000 0.000000 0.000000 0.000000 0.000000 0.000000 0.000000 0.000000 0.000000 0.000000 0.000000 0.000000 0.000000 0.000000 0.000000 0.000000 0.000000 0.000000 0.000000 0.000000 0.000000 0.000000 0.000000 0.000000 0.000000 0.000000 0.000000 0.000000 0.487077 0.518434 0.523664 0.522952 0.515246 0.493985 0.443369 0.417023 0.000000 0.000000 0.000000 0.000000 0.000000 0.381092 0.004000 0.000000 0.000000 0.000000 0.000000 0.000000 0.000000 0.000000 0.000000 0.463618 0.714796 0.750726 0.732700 0.693295 0.629732 0.562804 0.536300 0.501925 0.367138 0.392734 0.426600 0.458464 0.555365 0.612323 0.654103 0.682718 0.704688 0.774787 0.905397 0.985746 1.030948 1.046820 1.035968 1.004924 0.971389 0.946297 0.979054 0.984713 1.056824 1.111058 1.192138 1.247418 1.272361 1.226871 1.155235 1.195323 1.303075 1.253739 1.192354 1.144835 1.098131 1.168283 1.199061 1.176942 1.322372 1.368446 1.431066 1.234650 1.244835 1.378370 1.195309 1.182557 1.206438 1.224320 1.199558 0.790002 0.543403 0.399397 0.364579 0.402565 0.506564 0.978935 1.006895 1.071349 1.168556 1.270999 1.412355 1.460107 1.073481 0.890980 0.804271 0.735519 0.704026 0.742288 1.130057 1.122102 1.146860 1.166606 1.156885 1.104668 0.645508 0.657695 0.812669 0.784103 0.666360 0.620207 0.683400 0.612468 0.493622 0.398289 0.466882 0.505744 0.501687 0.507729 0.509302 0.516155 0.569644 1.012963 0.697708 1.106477 1.113428 1.074885 1.018862 0.641501 0.529408 0.455229 0.335744 0.283023 0.418285 0.843953 0.842842 0.814985 0.486031 0.435923 0.768798 0.891939 0.704432 0.650638 0.602573 0.536983 1.033294 0.958613 1.036324 0.695924 0.596622 0.515282 0.456931 0.616299 0.883916 1.289538 1.555320 1.507327 1.325233 1.529728 1.059132 0.851628 0.668348 0.522174 0.432805 0.377304 0.396575 0.421531 0.466801 0.446409 0.373340 0.286021 0.276518 0.327051 0.315662 0.345342 0.392781 0.430874 0.375032 0.327199 0.342400 0.390389 0.433299 0.457220 0.347499 0.384701 0.497488 0.562937 0.963384 0.555478 0.447736 0.508319 0.593973 0.664570 0.696717 0.692583 0.719604 0.750655 0.656065 0.609625 0.550234 0.512330 0.569566 0.706650 0.778143 0.800273 0.880541 0.819181 1.182335 1.137277 1.122993 1.222352 1.310587 1.359964 1.110424 1.346634 1.340450 1.362117 1.376568 1.049098 1.019540 1.055579 1.394472 1.367037 1.317474 1.246676 1.162691 1.085921 1.115046 1.177435 1.288674 1.307263 0.812798 0.853414 0.978428 1.381479 1.033002 0.979411 0.970371 1.104210 1.079497 1.058450 1.091979 1.103712
0.000000 0.000000 0.000000 0.000000 0.000000 0.000000 0.000000 0.000000 0.000000 0.000000 0.000000 0.000000 0.000000 0.000000 0.000000 0.000000 0.000000 0.000000 0.000000 0.000000 0.000000 0.000000 0.000000 0.000000 0.000000 0.000000 0.000000 0.000000 0.000000 0.000000 0.000000 0.000000 0.000000 0.000000 0.000000 0.000000 0.000000 0.488064 0.569469 0.581190 0.576537 0.567570 0.523040 0.451955 0.388359 0.000000 0.000000 0.000000 0.000000 0.000000 0.000000 0.000000 0.000000 0.000000 0.000000 0.000000 0.000000 0.000000 0.000000 0.000000 0.000000 0.000000 0.494648 0.519800 0.506105 0.564077 0.575749 0.552956 0.523965 0.527354 0.538218 0.549635 0.547596 0.624621 0.684646 0.726375 0.753277 0.772317 0.860284 0.997484 1.076924 1.123528 1.132613 1.111817 1.064955 1.021266 0.978765 1.016935 1.172031 1.104407 1.177860 1.257780 1.306808 1.330189 1.066523 1.145262 1.275299 1.302404 1.347957 1.244353 1.164463 1.131852 1.140872 1.158951 1.269877 1.336495 1.307788 1.427854 1.218961 1.212078 1.339803 1.123118 1.073467 1.049962 1.039556 1.023880 1.004735 0.498229 0.420586 0.420075 0.482009 0.579318 1.045858 1.078885 1.138427 1.206174 1.289870 1.373129 1.433808 1.045042 0.908397 1.092551 1.021461 0.983563 1.105813 1.449275 1.458502 1.420890 1.208292 1.174569 1.106185 0.634237 0.529851 0.882351 0.912824 0.801281 0.685342 0.630326 0.568782 0.532935 0.372240 0.499294 0.526579 0.477500 0.441780 0.452367 0.474279 0.523522 0.991242 1.052788 1.089438 1.100545 1.062063 1.000470 0.570365 0.414283 0.373436 0.339896 0.356888 0.861289 0.865096 0.849881 0.818280 0.454504 0.441149 0.925996 0.854175 0.794588 0.603581 0.585121 0.725740 0.847463 0.913067 1.003300 0.695091 0.603742 0.509147 0.584712 0.567203 0.730454 0.964375 1.269331 1.423556 1.281208 1.516243 0.960767 0.785657 0.635324 0.514061 0.389656 0.383778 0.454430 0.522931 0.532831 0.485308 0.331736 0.307757 0.350004 0.291572 0.276460 0.282384 0.324478 0.358838 0.317885 0.250883 0.291135 0.335071 0.368518 0.417088 0.481617 0.417337 0.443464 0.567311 0.508509 0.529919 0.546310 0.454624 0.501103 0.540492 0.582647 0.679112 0.728182 0.788018 0.791525 0.660409 0.628828 0.638600 0.697912 0.764531 0.860522 0.968216 1.347508 1.280283 1.234130 1.215816 1.212482 1.264875 1.375488 1.174273 1.200486 1.456844 1.430874 1.427051 1.134628 1.094313 1.081082 1.121498 1.174402 1.169479 1.186337 1.378929 1.280495 0.828608 1.117751 1.147678 1.196660 0.833713 0.752438 0.746764 0.881703 0.966857 0.984185 0.953841 0.954279 0.997141 1.118746 1.100907 1.078017 1.107191 1.132333
0.000000 0.000000 0.000000 0.000000 0.000000 0.000000 0.000000 0.000000 0.000000 0.000000 0.000000 0.000000 0.000000 0.000000 0.000000 0.000000 0.000000 0.000000 0.000000 0.000000 0.000000 0.000000 0.000000 0.000000 0.000000 0.000000 0.000000 0.000000 0.000000 0.000000 0.000000 0.000000 0.000000 0.000000 0.000000 0.000000 0.412588 0.577574 0.627813 0.626836 0.614946 0.557094 0.458332 0.000000 0.000000 0.000000 0.000000 0.000000 0.000000 0.004000 0.000000 0.000000 0.000000 0.000000 0.000000 0.000000 0.000000 0.000000 0.417144 0.437893 0.448072 0.523733 0.540301 0.563535 0.632216 0.673452 0.615523 0.590608 0.580236 0.599425 0.601789 0.615520 0.654680 0.700508 0.730914 0.790386 0.845742 0.932728 1.061281 1.149796 1.188914 1.185238 1.166325 1.114849 1.055745 0.996795 1.158531 1.018505 1.581476 1.442894 1.310829 1.341553 1.259091 1.115152 1.142250 1.233567 1.319799 1.466385 1.347945 1.225262 1.035493 1.032121 1.269063 1.330114 1.349373 1.268597 1.262290 1.112194 1.069613 1.033103 0.990664 0.938015 0.938688 0.948375 0.966028 1.139259 0.660689 0.538695 0.553924 0.608190 0.691877 1.114131 1.167444 1.181636 1.228617 1.311865 1.362623 1.332449 0.912375 1.089263 1.007928 0.967797 1.170996 1.324391 1.487849 1.498827 1.471496 1.446495 1.158404 1.091627 0.636032 0.492438 0.717387 0.880459 0.920582 0.825397 0.704161 0.526127 0.399520 0.427708 0.442654 0.493174 0.484874 0.431720 0.429146 0.460453 0.532123 0.966326 1.008840 1.052766 1.053655 1.016380 0.962767 0.499387 0.319447 0.309719 0.374631 0.501979 0.908446 0.924243 0.934930 1.067504 0.875979 0.860699 1.010353 0.928268 0.856243 0.808805 0.835802 0.787928 0.706781 0.951826 0.938195 0.683913 0.579403 0.469678 0.614108 0.573590 0.591351 0.764077 0.929265 1.105291 1.108103 1.022250 0.798420 0.658847 0.579529 0.525540 0.484959 0.462858 0.502509 0.571897 0.553842 0.440724 0.370220 0.413422 0.355582 0.277368 0.202099 0.157604 0.213865 0.268784 0.281349 0.128213 0.137441 0.107693 0.145488 0.278554 0.372139 0.448803 0.511669 0.477822 0.447102 0.422322 0.458132 0.498754 0.447436 0.473348 0.507501 0.563990 0.707871 0.806283 0.874439 0.866103 0.774735 0.787031 0.848186 0.933959 1.062353 1.057500 1.418560 1.327042 1.275712 1.242513 1.316632 1.340848 1.419552 1.199032 1.537226 1.546293 1.542077 1.193519 1.178785 1.132240 1.163843 1.224089 1.236488 1.215467 1.203474 1.188928 1.130684 1.005437 0.790505 0.761450 1.184776 0.758843 0.708515 0.640487 0.702631 0.813738 0.811560 0.824574 0.879705 0.991471 1.042345 1.129539 1.124036 1.089904 1.102594 1.171031
0.000000 0.000000 0.000000 0.000000 0.000000 0.000000 0.000000 0.000000 0.000000 0.000000 0.000000 0.000000 0.000000 0.000000 0.000000 0.000000 0.000000 0.000000 0.000000 0.000000 0.000000 0.000000 0.000000 0.000000 0.000000 0.000000 0.000000 0.000000 0.000000 0.000000 0.000000 0.000000 0.000000 0.000000 0.000000 0.000000 0.516041 0.639752 0.734597 0.793021 0.555660 0.408879 0.000000 0.000000 0.000000 0.000000 0.000000 0.000000 0.000000 0.004000 0.000000 0.000000 0.000000 0.000000 0.395560 0.449112 0.487579 0.511860 0.526383 0.591003 0.625038 0.629716 0.608081 0.654736 0.716217 0.713704 0.684884 0.670400 0.676578 0.666522 0.548368 0.583683 0.769209 0.791593 0.801894 0.696920 0.810760 1.097416 1.182900 1.227239 1.042941 1.012190 0.970270 0.934143 1.033917 1.073455 1.057500 1.525512 1.273576 1.392044 1.313901 1.294334 1.154480 1.217729 1.246224 1.281124 1.350180 1.433895 1.316575 1.244709 1.233943 1.250290 1.991927 1.240000 1.199691 1.161483 1.115139 0.910383 0.854751 0.836854 0.847633 0.922370 0.990251 1.037814 1.093256 0.849529 0.768438 0.821333 0.856098 0.879004 1.162053 1.180050 1.221776 1.228730 1.222772 1.222263 1.143155 1.032358 0.936497 0.891012 0.905836 1.249592 1.377507 1.466227 1.506328 1.453701 1.420626 1.140993 1.066981 0.675502 0.467857 0.599799 0.815390 0.926992 0.870471 0.717968 0.552231 0.400053 0.354069 0.395706 0.429427 0.437929 0.416066 0.413141 0.440158 0.532361 0.580860 0.967191 0.984985 1.002541 0.978545 0.929458 0.501823 0.330893 0.344153 0.474499 0.596652 0.677801 1.013242 1.007120 1.015360 0.966615 0.916396 1.035020 0.946508 0.864514 0.818502 0.853290 0.796664 0.784778 0.927611 0.619782 0.596571 0.573889 0.500140 0.641534 0.738405 0.533647 0.625703 0.735319 0.765128 0.954941 0.980340 0.758971 0.665430 0.637692 0.652113 0.584856 0.527474 0.605140 0.606540 0.522526 0.409166 0.430316 0.512863 0.354641 0.206923 0.117225 0.039772 0.147462 0.282045 0.361877 0.270599 0.145389 0.102764 0.186413 0.227607 0.223503 0.278730 0.371456 0.417348 0.459888 0.467741 0.403280 0.407866 0.438714 0.361934 0.410124 0.484255 0.593903 0.716743 0.868186 0.915455 0.969027 0.955528 0.996487 1.106292 1.153569 1.169986 1.152950 1.026874 0.903554 0.857547 0.951994 1.005365 1.050977 1.115648 1.162969 1.200774 1.255309 1.235602 1.238928 1.249604 1.285211 1.363890 1.401562 1.356313 1.258136 1.212061 1.171093 1.119102 0.912212 0.778539 0.769179 0.680023 0.672498 0.666432 0.604734 0.654162 0.674435 0.679090 0.747958 0.843613 0.982004 1.090544 1.182889 1.184235 1.155205 1.186611 1.315374
0.000000 0.000000 0.000000 0.000000 0.000000 0.000000 0.000000 0.000000 0.000000 0.000000 0.000000 0.000000 0.000000 0.000000 0.000000 0.000000 0.000000 0.000000 0.000000 0.000000 0.000000 0.000000 0.000000 0.000000 0.000000 0.000000 0.000000 0.000000 0.000000 0.000000 0.000000 0.000000 0.000000 0.000000 0.000000 0.004000 0.534538 0.747007 0.948987 0.687340 0.000000 0.000000 0.000000 0.000000 0.000000 0.000000 0.000000 0.000000 0.000000 0.000000 0.000000 0.000000 0.452233 0.506251 0.548501 0.573805 0.597055 0.624568 0.674721 0.717327 0.698530 0.736467 0.762850 0.785503 0.797904 0.763338 0.756258 0.760596 0.596779 0.603622 0.641695 0.679303 0.844999 0.689380 0.760635 0.847308 0.929676 0.988965 1.017829 1.023413 0.987828 0.956133 0.927471 0.890687 0.867900 1.044721 1.687772 1.235162 1.229954 1.283002 1.455379 1.453794 1.325422 1.386307 1.581012 1.594046 1.545485 1.425116 1.292747 1.172189 0.964459 1.067983 1.037434 0.982381 0.988629 1.000964 1.002013 0.805861 0.833830 0.869922 0.982651 1.090414 1.134841 1.151478 1.172763 1.210149 0.975444 0.973810 1.219887 1.386306 1.206012 1.219111 1.395457 1.328029 1.051707 0.956777 1.035645 0.788321 0.820327 1.042897 1.116358 1.392804 1.464106 1.465827 1.419555 1.348145 1.337123 1.068935 0.653234 0.526650 0.601612 0.770108 0.807769 1.051749 0.615173 0.532516 0.443823 0.343162 0.389344 0.451996 0.516279 0.506733 0.476875 0.469329 0.514452 0.572317 0.570759 0.945247 0.948966 0.944088 0.926474 0.883579 0.377210 0.383960 0.584718 0.715082 0.777789 0.804686 1.076088 1.032532 0.975745 0.923876 1.038572 0.796048 0.863135 0.823738 0.811613 0.826652 0.663687 0.605915 0.496301 0.528508 0.474422 0.529635 0.659867 0.743626 0.632653 0.467552 0.514716 0.638095 0.848376 1.022733 0.871330 0.756687 0.729610 0.749852 0.715178 0.653604 0.693330 0.598199 0.548983 0.496786 0.584652 0.522088 0.342322 0.217036 0.160970 0.116518 0.209774 0.386775 0.484139 0.379988 0.284140 0.244761 0.174160 0.197086 0.281217 0.356709 0.469766 0.483651 0.464557 0.390625 0.347087 0.312530 0.377037 0.345606 0.326301 0.410807 0.538384 0.679706 0.766285 0.885961 1.006016 1.110897 1.132854 1.121740 1.195598 1.198586 1.214757 1.181987 1.023211 0.924174 0.861160 0.937665 0.963707 1.019776 1.087189 1.119494 1.108844 1.126524 1.170422 1.199308 1.266995 1.402520 1.516089 1.582809 1.531595 1.341104 1.218510 1.163262 1.077579 0.877635 0.789518 0.721839 0.684011 0.709038 0.748324 0.702009 0.664584 0.672035 0.678480 0.746540 0.838519 0.996554 1.123359 1.229135 1.240173 1.185221 1.247936 1.284509
0.000000 0.000000 0.000000 0.000000 0.000000 0.000000 0.000000 0.000000 0.000000 0.000000 0.000000 0.000000 0.000000 0.000000 0.000000 0.000000 0.000000 0.000000 0.000000 0.000000 0.000000 0.000000 0.000000 0.000000 0.000000 0.000000 0.000000 0.000000 0.000000 0.000000 0.000000 0.000000 0.000000 0.000000 0.000000 0.000000 0.438893 0.461746 0.393915 0.000000 0.000000 0.000000 0.000000 0.000000 0.000000 0.000000 0.000000 0.000000 0.000000 0.409603 0.499401 0.559370 0.601457 0.627363 0.647162 0.662937 0.694233 0.732565 0.750969 0.838868 0.893910 0.909277 0.905554 0.892640 0.878449 0.865835 0.679403 0.308478 0.313993 0.361909 0.435860 0.731813 0.749252 0.839031 0.891174 0.946180 0.984850 0.996328 0.984341 0.957380 1.175251 0.935496 0.928443 0.912569 0.917114 0.957949 1.080061 1.231452 1.380488 1.462036 1.525434 1.688611 1.541866 1.487270 1.534701 1.429715 1.334234 1.235161 1.114277 0.825992 0.740299 0.843626 0.826949 0.881643 0.942691 0.995437 0.875431 0.927511 0.958932 1.005442 1.110892 1.203957 1.245020 1.221919 1.229974 1.487962 1.303075 1.242070 1.213442 1.396614 1.400188 1.397390 1.178180 0.980032 0.826352 0.959488 0.792122 0.850624 0.965378 1.500010 1.395524 1.412139 1.370185 1.100740 1.031068 1.055014 0.817729 0.592617 0.536969 0.595627 0.983594 0.644947 0.572995 0.522645 0.480617 0.381330 0.306077 0.313561 0.417361 0.494314 0.537472 0.557660 0.501638 0.465906 0.479333 0.482401 0.529216 0.936359 0.930873 0.916666 0.881580 0.486017 0.560347 0.706817 0.736385 0.741021 0.746222 0.737692 0.732047 0.938792 0.885083 1.019601 0.963059 0.914007 0.862135 0.841078 0.667417 0.321865 0.595838 0.732518 0.434255 0.404004 0.534847 0.595617 0.711095 0.737665 0.422392 0.323706 0.521680 0.766264 0.893689 0.859750 0.799386 0.760669 0.772822 0.827594 0.820772 0.757011 0.649890 0.703019 0.760641 0.862742 0.787690 0.368317 0.211519 0.181745 0.241624 0.351659 0.527728 0.578638 0.495339 0.437057 0.371839 0.322078 0.375883 0.413842 0.505231 0.636100 0.685207 0.539923 0.328984 0.284880 0.294159 0.323251 0.333913 0.365452 0.411048 0.556511 0.681134 0.762607 0.843440 0.995972 1.076428 1.108956 1.078078 1.084452 1.142254 1.202528 1.274376 1.293741 1.153498 0.991740 0.948961 0.985624 0.948506 0.970626 1.032923 1.069594 0.993365 0.975088 1.031775 1.105214 1.217304 1.360746 1.485989 1.575733 1.579977 1.458908 1.288772 1.189162 1.131837 0.997725 0.823821 0.746446 0.706833 0.745354 0.744929 0.700059 0.684778 0.681561 0.713530 0.767368 0.870257 1.066881 1.180823 1.292651 1.284930 1.209625 1.247188 1.231966
0.000000 0.000000 0.000000 0.000000 0.000000 0.000000 0.000000 0.000000 0.000000 0.000000 0.000000 0.000000 0.000000 0.000000 0.000000 0.000000 0.000000 0.000000 0.000000 0.000000 0.000000 0.000000 0.000000 0.000000 0.000000 0.000000 0.000000 0.000000 0.000000 0.000000 0.000000 0.000000 0.000000 0.000000 0.000000 0.000000 0.000000 0.000000 0.000000 0.000000 0.000000 0.000000 0.000000 0.000000 0.000000 0.000000 0.000000 0.408005 0.522903 0.598893 0.641879 0.676261 0.693048 0.700633 0.706266 0.742826 0.737468 0.859487 0.993748 1.048816 1.056500 1.030361 1.000452 0.975561 0.953320 0.757872 0.382463 0.386052 0.386038 0.451366 0.475405 0.975584 0.911224 0.945704 0.971666 0.983076 0.975730 0.956524 0.994264 0.958086 0.962960 0.960949 0.962188 0.982933 1.021989 1.219496 1.288266 1.421595 1.507128 1.499864 1.438314 1.388117 1.279468 1.307679 1.199899 1.119662 1.048375 0.979975 0.719285 0.641263 0.779014 0.821306 0.917932 1.001412 1.074550 0.986518 1.035960 1.052637 1.040058 1.121737 1.195765 1.219118 1.203706 1.248755 1.476975 1.524216 1.462222 1.240268 1.397455 1.404188 1.373062 1.151628 1.073167 1.115891 0.806232 0.786980 0.822957 0.931724 1.231732 1.313718 1.284055 1.008954 0.908599 0.919546 0.986423 0.956276 0.927895 0.843675 0.890699 0.888112 0.556731 0.396145 0.421945 0.412843 0.354889 0.298399 0.291318 0.346236 0.392024 0.479418 0.543416 0.438634 0.395790 0.433758 0.494967 0.549655 0.588104 0.942550 0.469643 0.553311 0.692026 1.027417 0.731335 0.686323 0.668177 0.655156 0.649080 0.636611 0.893198 0.859404 1.014496 0.981846 0.953266 1.017780 0.874589 0.656036 0.283793 0.250374 0.824170 0.366515 0.325214 0.425303 0.560571 0.662872 0.673368 0.530167 0.244977 0.468559 0.694309 0.825502 0.773769 0.745061 0.709197 0.701282 0.771979 0.760370 0.713245 0.603239 0.714330 0.909312 1.008764 0.892095 0.415716 0.234761 0.258764 0.444913 0.608088 0.658700 0.670926 0.609105 0.559850 0.532993 0.537292 0.577455 0.630223 0.711714 0.775005 0.832339 0.747941 0.547269 0.345632 0.335266 0.452979 0.393555 0.389729 0.495899 0.605875 0.742772 0.815155 0.843818 0.838217 0.851102 0.915905 0.959103 1.012679 1.088965 1.149964 1.260578 1.325687 1.229302 1.089288 0.941048 0.904520 0.906148 0.943590 0.991149 1.047228 1.047258 1.012265 1.021533 1.031291 1.044337 1.159994 1.296336 1.426379 1.519433 1.552781 1.509570 1.411335 1.318067 1.116514 0.883637 0.845163 0.852567 0.886234 0.840313 0.808467 0.797816 0.768997 0.729879 0.755350 0.820715 0.953796 1.174006 1.316052 1.382127 1.346668 1.245391 1.221692 1.152259
0.000000 0.000000 0.000000 0.000000 0.000000 0.000000 0.000000 0.000000 0.000000 0.000000 0.000000 0.000000 0.000000 0.000000 0.000000 0.000000 0.000000 0.000000 0.000000 0.000000 0.000000 0.000000 0.000000 0.000000 0.000000 0.000000 0.000000 0.000000 0.000000 0.000000 0.000000 0.000000 0.000000 0.000000 0.000000 0.000000 0.000000 0.000000 0.000000 0.000000 0.000000 0.000000 0.000000 0.000000 0.000000 0.000000 0.522307 0.613912 0.675269 0.707888 0.732709 0.745239 0.750555 0.749673 0.831511 0.976072 1.002621 1.134160 1.197353 1.196159 1.146968 1.098539 1.060136 0.848092 0.854915 0.504680 0.484599 0.474311 0.489667 0.525420 0.524235 0.639307 0.983839 0.999509 0.994092 0.978570 0.964321 0.965258 1.075015 0.989530 0.999837 1.020652 1.085750 1.147282 1.266492 1.528950 1.414797 1.384345 1.280415 1.182380 1.095120 1.035979 1.116783 0.998700 0.918258 0.854718 0.826374 0.784368 0.576465 0.562395 0.667607 0.967700 1.170193 1.250372 1.241144 1.254978 1.267889 1.072844 1.074503 1.251694 1.149296 1.531506 1.234089 1.300620 1.318148 1.471322 1.243822 1.313055 1.288911 1.127255 1.053136 0.988488 1.073484 0.979346 1.145117 0.968977 1.040697 1.088785 1.139845 1.191194 1.019833 1.010723 1.070785 0.938398 0.916594 0.887516 0.850375 0.801579 0.478159 0.429415 0.348987 0.439570 0.446629 0.373715 0.309201 0.401409 0.339181 0.362667 0.452008 0.531602 0.469940 0.376307 0.465136 0.555044 0.612203 0.634527 0.595180 0.568339 0.646123 1.035676 1.053276 0.721131 0.641526 0.603264 0.581290 0.565445 0.584027 0.878091 0.857834 1.010483 0.977883 0.982951 1.076014 0.798516 0.689273 0.331548 0.579460 0.551078 0.262971 0.322596 0.399841 0.560326 0.648954 0.654649 0.636977 0.413898 0.484260 0.659922 0.720401 0.684335 0.672390 0.577338 0.460843 0.358664 0.309658 0.316438 0.532877 0.817633 0.997077 1.065261 1.005867 0.552255 0.301115 0.359859 0.609015 0.743756 0.758983 0.710278 0.650032 0.607310 0.599066 0.684108 0.753102 0.764131 0.831142 0.822972 0.795508 0.671285 0.636079 0.597317 0.513211 0.497330 0.630863 0.486084 0.481204 0.603789 0.731900 0.840814 0.927254 0.967988 0.979955 1.005623 0.988161 1.029550 1.098387 1.146939 1.141214 1.154352 1.111377 1.049892 0.950099 0.850559 0.905292 0.971092 1.025131 1.009768 1.006461 1.074297 1.164657 1.269413 1.316384 1.359557 1.440587 1.489813 1.542919 1.577460 1.611393 1.597314 1.540879 1.383753 1.092721 0.938548 0.939817 0.971493 0.938005 0.936549 0.946327 0.936905 0.895357 0.875559 0.861254 0.883157 1.002654 1.241485 1.413280 1.494718 1.413459 1.282190 1.219959 1.056173
0.000000 0.000000 0.000000 0.000000 0.000000 0.000000 0.000000 0.000000 0.000000 0.000000 0.000000 0.000000 0.000000 0.000000 0.000000 0.000000 0.000000 0.000000 0.000000 0.000000 0.000000 0.000000 0.000000 0.000000 0.000000 0.000000 0.000000 0.000000 0.000000 0.000000 0.000000 0.000000 0.000000 0.000000 0.000000 0.000000 0.000000 0.000000 0.000000 0.000000 0.000000 0.000000 0.369258 0.366711 0.521607 0.622932 0.691223 0.738808 0.763148 0.773383 0.778679 0.782753 0.872491 0.776664 0.975584 1.138602 1.269318 1.317846 1.302270 1.237134 1.160387 1.125486 0.935076 1.018633 0.728267 0.668018 0.893178 0.844193 0.515814 0.493699 0.584225 0.670679 1.015978 1.011219 1.000820 1.518594 1.012373 1.013484 1.050839 1.105006 1.151710 1.206824 1.246296 1.290200 1.332564 1.289575 1.194976 1.077271 0.951052 0.848322 0.793864 0.940394 0.730133 0.876246 0.822767 0.765539 0.820037 0.707295 0.762207 0.938358 1.105504 1.223421 1.185185 1.228195 1.273053 1.117296 1.050002 0.960862 0.987152 1.073138 1.124172 1.213118 1.281146 1.285671 1.266959 1.035366 1.134000 1.005940 0.936946 0.865066 0.791454 0.906841 0.897866 0.717548 0.758797 0.806078 0.837006 0.991991 1.130494 1.154494 1.188771 1.161288 1.167782 1.088120 0.845140 0.804163 0.943881 0.462693 0.371844 0.242297 0.305530 0.509205 0.310420 0.412688 0.506464 0.496842 0.558995 0.451194 0.517126 0.467412 0.401716 0.536758 0.628396 0.671741 0.693511 0.639828 0.653382 1.025708 1.029943 0.731860 0.707238 0.616978 0.575756 0.559970 0.557736 0.596948 0.881516 1.003815 0.959180 0.528942 0.560084 0.983667 0.576161 0.742268 0.626662 0.707735 0.519488 0.133693 0.293494 0.234676 0.622233 0.670848 0.663797 0.691144 0.644958 0.515909 0.552685 0.637229 0.690885 0.649472 0.571916 0.294283 0.254336 0.368690 0.449438 0.624066 0.823464 0.966059 1.092930 1.000070 0.686493 0.472515 0.543392 0.766271 0.877231 0.849298 0.740571 0.684454 0.698150 0.737667 0.789273 0.890733 0.816181 0.736467 0.731023 0.770070 0.802091 0.675212 0.626416 0.580155 0.557222 0.575506 0.691703 0.639953 0.590037 0.654933 0.789220 0.883546 0.941885 0.981729 1.002250 1.108997 1.058213 1.015923 0.974756 0.917163 0.859746 0.781541 0.759430 0.819547 0.872323 0.926083 0.983726 1.047678 0.991669 0.945774 0.914865 0.977390 1.137661 1.287348 1.408715 1.488932 1.552816 1.579618 1.600024 1.628788 1.680735 1.719334 1.716419 1.518974 1.349179 1.270713 1.209915 1.137590 1.137010 1.147681 1.136819 1.103046 1.033843 1.052039 1.112149 1.122779 1.149192 1.322654 1.505638 1.557616 1.471672 1.306572 1.183889 0.921988
0.000000 0.000000 0.000000 0.000000 0.000000 0.000000 0.000000 0.000000 0.000000 0.000000 0.000000 0.000000 0.000000 0.000000 0.000000 0.000000 0.000000 0.000000 0.000000 0.000000 0.000000 0.000000 0.000000 0.000000 0.000000 0.000000 0.000000 0.000000 0.000000 0.000000 0.000000 0.000000 0.000000 0.000000 0.000000 0.000000 0.000000 0.000000 0.000000 0.000000 0.378915 0.840632 0.557381 0.627314 1.390259 0.764779 0.796968 0.816126 0.823865 0.829124 0.834235 0.845322 0.842036 1.321175 1.232687 1.360705 1.398172 1.366508 1.284208 1.203139 1.066782 1.060128 0.864033 0.899792 1.120472 1.044430 0.955319 0.557643 0.562507 0.536204 0.596269 0.681229 1.016423 1.422371 1.007842 0.984908 0.966933 0.970345 0.999147 1.035418 1.173109 1.071520 1.118731 1.122928 1.126167 1.044597 0.916960 0.788882 0.729190 0.405257 0.907073 0.898837 0.882863 0.698830 0.843796 0.812331 0.804334 0.814512 0.976459 1.139551 1.248232 1.198441 1.231575 1.241199 1.041654 0.963885 0.911679 0.991116 1.052869 1.779279 1.187450 1.227284 1.253952 1.013190 0.948523 0.858539 0.749232 0.623575 0.519852 0.764188 0.885699 0.729763 0.681656 0.684410 0.742962 0.801543 0.928712 0.999284 1.087112 1.155119 1.174943 1.141032 1.001816 0.940701 0.896651 0.866416 0.727172 0.737875 0.184815 0.274379 0.307736 0.273230 0.198401 0.206986 0.552146 0.680965 0.514602 0.474285 0.363826 0.497960 0.623217 0.699116 0.748706 0.768807 1.108386 1.059677 0.608948 1.014756 1.007720 0.685811 0.580114 0.535848 0.545175 0.578712 0.919388 1.048282 0.796673 1.052350 0.591149 0.602035 0.602158 0.830529 0.501097 0.647583 0.671967 0.512609 0.139835 0.321968 0.439052 0.686731 0.727548 0.731945 0.751830 0.723726 0.586343 0.480945 0.566002 0.640241 0.590294 0.501287 0.429723 0.454047 0.526017 0.510898 0.511162 0.774337 0.943439 1.115420 1.010034 0.808529 0.705487 0.823310 0.906044 0.957191 0.893122 0.791197 0.757037 0.804882 0.891833 0.923591 0.873859 0.799662 0.699677 0.666970 0.706022 0.799549 0.857629 0.683291 0.680665 0.672658 0.548073 0.583505 0.593809 0.693351 0.795025 0.845655 0.887002 0.882386 0.875287 0.887494 0.934133 1.121159 1.057554 0.918453 0.757624 0.555776 0.443966 0.337105 0.316246 0.409636 0.580004 0.696624 0.783036 0.741045 0.704004 0.707459 0.756006 0.871496 0.976502 1.078642 1.167991 1.228904 1.289753 1.340504 1.400153 1.479287 1.579813 1.643698 1.642403 1.518391 1.484484 1.459069 1.410517 1.390248 1.395761 1.364304 1.307248 1.288807 1.268840 1.318580 1.393287 1.430340 1.459768 1.509172 1.591029 1.609500 1.540980 1.349962 1.127749 0.834042
0.000000 0.000000 0.000000 0.000000 0.000000 0.000000 0.000000 0.000000 0.000000 0.000000 0.000000 0.000000 0.000000 0.000000 0.000000 0.000000 0.000000 0.000000 0.000000 0.000000 0.000000 0.000000 0.000000 0.000000 0.000000 0.000000 0.000000 0.000000 0.000000 0.000000 0.000000 0.000000 0.000000 0.000000 0.000000 0.000000 0.000000 0.000000 0.377912 0.408668 0.554896 0.642078 0.711752 0.781868 0.833289 0.853191 0.862544 0.868289 0.876563 0.893093 0.919712 0.993112 1.093530 1.660391 1.403145 1.430690 1.401787 1.326690 1.091720 1.093526 0.851453 0.871419 0.889986 1.165282 1.110174 1.038891 0.636096 0.629847 0.950141 0.573186 0.593450 0.925599 1.124662 0.885541 0.852217 0.828790 0.811457 0.810065 0.819736 0.827687 0.863813 0.882572 0.903728 0.925368 0.899024 0.841037 0.829090 0.747965 0.867500 0.716321 0.921237 0.753431 0.860120 0.895498 0.850300 0.791651 0.882271 1.016638 1.148110 1.155761 1.187940 1.198957 1.176716 0.952602 0.891458 0.903494 1.012226 1.088444 1.135723 1.240076 1.202978 0.964831 0.887531 0.794870 0.672555 0.539757 0.459736 0.418788 0.821372 0.662704 0.644708 0.617542 0.636883 0.655511 0.683098 0.877091 0.950198 0.920001 0.916263 0.940600 0.935921 0.875566 0.796278 0.806296 0.806427 1.396765 0.341449 0.260804 0.198790 0.252162 0.262911 0.197440 0.097364 0.304785 0.498134 0.551797 0.423993 0.389653 0.607035 0.734999 0.800742 0.830737 1.122534 1.105386 1.067967 1.038985 1.012994 0.982631 0.976425 0.577742 0.549994 0.541896 0.552170 1.049186 0.778612 0.826150 1.056360 0.622326 0.658138 0.643460 0.877173 0.987550 0.709294 0.587481 0.116445 0.130163 0.322267 0.539969 0.679273 0.521102 0.770415 0.804694 0.768330 0.646963 0.397135 0.421984 0.564002 0.569130 0.460834 0.429445 0.477009 0.586365 0.606689 0.553277 0.738343 0.974965 1.130433 1.040831 0.912369 0.941350 1.041896 1.015038 0.994717 0.906739 0.851704 0.835207 0.814532 0.787916 0.790893 0.838262 0.825477 0.784053 0.664613 0.677771 0.762099 0.826384 0.864235 0.723672 0.624781 0.464162 0.396058 0.487776 0.488807 0.535480 0.629980 0.663714 0.740792 0.779211 0.805118 0.888897 0.934386 0.914445 0.930242 0.913519 0.879170 0.894109 0.784716 0.699487 0.621617 0.570073 0.589631 0.648897 0.630454 0.609703 0.624641 0.634170 0.669477 0.761821 0.884161 0.992532 1.024094 1.029145 1.105277 1.131173 1.196400 1.268446 1.347566 1.425526 1.340759 1.233088 1.158481 1.089920 1.019609 0.967544 1.048815 1.133875 1.178084 1.252392 1.350318 1.431339 1.512580 1.574337 1.619411 1.633077 1.660483 1.706395 1.612488 1.361556 1.091772 0.780833
0.000000 0.000000 0.000000 0.000000 0.000000 0.000000 0.000000 0.000000 0.000000 0.000000 0.000000 0.000000 0.000000 0.000000 0.000000 0.000000 0.000000 0.000000 0.000000 0.000000 0.000000 0.000000 0.000000 0.000000 0.386447 0.000000 0.000000 0.000000 0.000000 0.000000 0.000000 0.000000 0.000000 0.000000 0.000000 0.000000 0.418407 0.461179 0.570704 0.656623 0.723877 0.777520 0.844839 0.891115 1.389974 0.922353 0.925629 0.933611 0.946454 0.986419 1.042719 1.289443 1.255079 1.388660 1.439005 1.430169 1.524990 1.369193 1.174845 0.867524 0.858282 0.848400 1.119216 1.085163 1.050160 0.741262 0.990828 0.626006 0.937226 0.886729 0.836081 0.800573 0.766087 0.719165 0.674365 0.647393 0.646075 0.662870 0.697248 0.795597 0.925631 0.895828 0.926725 0.919209 1.005926 1.483923 0.804027 0.840295 0.876048 0.934855 0.953202 0.940533 0.914169 0.930497 0.880290 0.929249 1.036741 1.153816 1.192297 1.193021 1.182171 0.985860 0.956116 0.971444 0.996979 1.073231 1.176994 1.256113 1.273364 0.954868 0.804960 0.668757 0.525124 0.389168 0.291910 0.257206 0.599230 0.684600 0.500335 0.556412 0.600602 0.619808 0.624421 0.637464 0.586843 0.687023 0.734007 0.723295 0.668866 0.565183 0.662414 0.698130 0.744525 0.819217 0.427591 0.341703 0.275099 0.116471 0.239818 0.314835 0.309564 0.303930 0.300741 0.404965 0.473801 0.417026 0.550843 0.735047 0.842613 0.894393 1.165536 1.086303 1.081970 1.051195 1.008653 0.976666 0.954779 0.933015 0.909131 0.915966 0.887951 0.838732 0.764389 0.734118 0.805453 0.878714 0.691755 1.180699 1.098141 1.068341 0.863660 0.747284 0.626963 0.134794 0.169833 0.400623 0.982112 0.661993 0.736620 0.782485 0.846629 0.766542 0.643485 0.390716 0.319381 0.495064 0.630245 0.528827 0.476173 0.445015 0.525267 0.581304 0.585434 0.675779 0.924888 1.085725 1.074622 0.984277 0.963067 1.010511 1.025338 0.981026 0.946242 1.009314 1.049706 0.907373 0.781257 0.707988 0.688176 0.663728 0.714597 0.663897 0.642324 0.674728 0.711907 0.815301 0.741607 0.539535 0.432278 0.384155 0.373845 0.527069 0.521035 0.523147 0.515015 0.587975 0.694062 0.812000 0.856704 0.867868 0.894777 0.927032 0.990621 0.990235 1.008219 1.012239 0.998840 0.993051 0.959879 0.971648 0.965078 0.957644 0.952580 0.924279 0.858235 0.777978 0.813367 0.922755 1.046920 1.146427 1.173629 1.117867 1.152862 1.206297 1.262827 1.225750 1.210665 1.163747 1.008519 0.846184 0.729925 0.653753 0.504015 0.334920 0.393167 0.564727 0.756713 0.960213 1.123579 1.308655 1.455646 1.580555 1.635552 1.639323 1.598939 1.636382 1.552805 1.226185 0.969434 0.728337
0.000000 0.000000 0.000000 0.000000 0.000000 0.000000 0.000000 0.000000 0.000000 0.000000 0.000000 0.000000 0.000000 0.000000 0.000000 0.000000 0.000000 0.000000 0.000000 0.000000 0.000000 0.000000 0.000000 0.000000 0.000000 0.000000 0.000000 0.000000 0.000000 0.000000 0.000000 0.000000 0.000000 0.424296 0.494974 0.533839 0.548224 0.626962 0.690096 0.734457 0.838048 0.899524 0.938129 0.959861 0.973539 0.975319 0.991977 1.012625 1.034962 1.085151 1.220145 1.321167 1.436764 1.522595 1.543562 1.526323 1.401075 1.208447 1.156796 0.828928 1.119054 1.108564 1.091275 1.264524 1.055722 1.003912 0.829339 0.909349 0.840189 0.792244 0.752192 0.699352 0.658627 0.792930 0.798546 0.834899 0.865203 0.739245 0.794874 0.859492 0.913568 1.105443 1.062080 0.973112 0.863915 0.733339 0.789212 0.855067 0.921602 0.932205 0.924325 0.954182 0.918560 0.976936 0.953739 1.065574 1.137157 1.108390 1.181246 1.201747 0.995129 0.970390 1.001892 1.315959 1.138519 1.227074 1.271391 1.247247 0.812206 0.622663 0.409627 0.212433 0.078448 0.096116 0.109911 0.512374 0.608466 0.543020 0.609698 0.657222 0.668331 0.668095 0.638278 0.591681 0.541251 0.670841 0.610102 0.538679 0.000000 0.000000 0.483206 0.737328 0.977167 0.368581 0.306318 0.177716 0.159287 0.362078 0.531701 0.490663 0.428099 0.376499 0.349404 0.334351 0.446286 0.675936 0.811660 0.885303 1.195669 1.119003 1.063367 1.047450 0.997458 0.931007 0.910614 0.901753 0.900088 0.898452 0.921134 0.932357 1.018789 0.945620 0.732784 0.740600 0.840466 0.901443 0.924081 0.941747 0.612481 1.055177 0.741766 0.270741 0.225634 0.257904 0.825302 0.645328 0.712852 0.723668 0.742026 0.813733 0.758377 0.559604 0.430561 0.356558 0.532409 0.755765 0.712694 0.572633 0.447796 0.453153 0.514172 0.540025 0.630770 0.794703 0.947328 1.002536 0.855902 0.949558 0.883688 0.856883 0.837604 0.998144 1.107915 1.098037 1.005599 0.871751 0.758530 0.715206 0.669143 0.647897 0.615052 0.604233 0.651216 0.648144 0.644430 0.607724 0.458142 0.321996 0.328775 0.287573 0.374301 0.509918 0.554648 0.597051 0.595342 0.673125 0.763303 0.836113 0.880959 0.883275 0.924604 0.964319 1.030336 1.018252 0.972927 0.927692 0.865233 0.806305 0.814928 0.838172 0.841808 0.812402 0.783296 0.752586 0.621633 0.643504 0.778724 0.892821 1.020757 1.139696 1.253219 1.325046 1.416809 1.430064 1.457766 1.358789 1.235945 1.083773 0.921393 0.738487 0.694092 0.695885 0.753202 0.715567 0.474238 0.356565 0.446290 0.580624 0.760741 0.964131 1.143296 1.292275 1.401402 1.460865 1.452454 1.361796 1.261321 1.000456 0.850027 0.705022
0.000000 0.000000 0.000000 0.000000 0.000000 0.000000 0.000000 0.000000 0.000000 0.000000 0.000000 0.000000 0.000000 0.000000 0.000000 0.000000 0.000000 0.000000 0.000000 0.000000 0.000000 0.000000 0.000000 0.000000 0.000000 0.000000 0.000000 0.000000 0.000000 0.000000 0.000000 0.462012 0.581398 0.649402 0.662021 0.662670 0.722223 0.763608 0.796040 0.826773 0.922011 0.984517 1.014728 1.018928 1.022073 1.030324 1.043883 1.067202 1.103898 1.149159 1.250728 1.311068 1.418425 1.471577 1.360695 1.151165 1.153527 1.150904 0.888583 0.846082 1.138466 1.123287 1.076127 1.048090 0.739463 0.931782 0.858628 0.829481 0.808885 0.771034 0.881846 0.807298 0.785903 0.825738 0.884020 0.928844 1.039430 0.974109 0.837726 1.051169 1.049285 0.999090 0.899427 0.782477 0.790257 0.798861 1.362346 0.861983 0.868137 0.878204 0.856204 0.872720 0.831786 0.925580 1.071626 1.145947 1.068202 1.102505 1.175013 1.042143 1.024362 1.015445 1.024186 1.141719 1.131158 1.102585 1.049196 0.939757 0.391361 0.273510 0.117589 0.083482 0.124500 0.158403 0.637192 0.620055 0.587693 0.661363 0.691080 0.700414 0.689921 0.657425 0.610532 0.564333 0.633491 0.446455 0.000000 0.000000 0.421926 0.510788 0.535404 0.597232 0.652627 0.331407 0.248823 0.304125 0.510836 0.643800 0.701881 0.557830 0.436076 0.312471 0.219872 0.452152 0.678383 0.819684 1.178933 1.154866 1.097244 1.029436 0.989848 0.913355 0.845754 0.840985 0.854789 0.875708 0.919621 1.177457 1.192677 1.141643 1.026999 0.786381 0.760016 0.834023 1.033606 0.922408 0.933607 0.894478 0.815836 0.727238 0.217813 0.339821 0.684927 0.880858 0.695597 0.754230 0.736387 0.844379 0.723843 0.720715 0.662949 0.405264 0.376004 0.559743 0.811764 0.867256 0.769404 0.561223 0.484065 0.492453 0.525612 0.595805 0.722991 0.812840 0.940156 0.861845 0.785506 0.727493 0.638463 0.578982 0.593278 0.779070 0.791563 0.827237 0.823101 0.849222 0.861267 0.799326 0.749407 0.675137 0.703358 0.777031 0.619872 0.518730 0.459558 0.354429 0.296814 0.414684 0.468975 0.414862 0.410636 0.452714 0.540180 0.634712 0.727129 0.809295 0.914815 0.945952 0.992999 1.029571 1.000058 0.987716 0.988764 0.949242 0.838632 0.738527 0.662688 0.663298 0.720052 0.716017 0.713771 0.690873 0.665920 0.592431 0.599500 0.643703 0.756191 0.895848 1.038993 1.164607 1.250921 1.299462 1.296561 1.243994 1.137760 1.140306 1.045133 0.857249 0.599948 0.463033 0.590148 0.767041 0.971017 1.023120 0.826637 0.588786 0.494776 0.494049 0.598181 0.756903 0.875928 0.985991 1.073315 1.139936 1.154611 1.059043 0.966061 0.881520 0.853549 0.697969
0.000000 0.000000 0.000000 0.000000 0.000000 0.000000 0.000000 0.000000 0.000000 0.000000 0.000000 0.000000 0.000000 0.000000 0.000000 0.000000 0.000000 0.000000 0.000000 0.000000 0.000000 0.000000 0.000000 0.000000 0.000000 0.000000 0.000000 0.000000 0.402033 0.511069 0.646474 0.741748 0.808152 0.839660 0.788943 0.813150 0.832660 0.850341 0.877626 0.898889 0.930296 1.020274 1.036005 1.029467 1.068236 1.076078 1.091020 1.102246 1.127787 1.138723 1.227760 1.317438 1.292154 1.305719 1.289532 1.116417 1.077658 1.058886 0.842090 0.856011 1.079734 1.067019 1.004428 1.042886 0.830474 0.801367 0.850844 0.597895 0.852706 0.764868 0.694012 0.725652 0.724983 0.809167 1.007329 1.027036 1.092454 1.080094 1.066629 1.029295 0.950506 0.759368 0.713920 0.815682 0.789297 0.769765 1.295583 0.811788 0.797042 0.786690 0.775536 0.856627 1.245777 1.087055 1.092431 1.011639 1.041852 1.103523 0.979463 0.993259 1.002673 0.967193 0.983338 0.976821 0.936884 0.827693 0.779286 0.433481 0.360912 0.274235 0.363113 0.313909 0.533527 0.604353 0.573988 0.597608 0.708555 0.732758 0.735559 0.703361 0.692161 0.587760 0.522580 0.556256 0.503951 0.000000 0.000000 0.525189 0.596935 0.648942 0.457349 0.618138 0.667615 0.297427 0.811846 0.931496 0.664879 0.722436 0.599040 0.449099 0.361158 0.238057 0.437236 0.671593 0.815324 0.596703 0.720699 1.055196 0.981576 0.550066 0.804858 0.736188 0.776370 0.849616 0.879184 0.927473 1.146494 1.194871 1.197597 1.124434 1.015911 0.965437 0.834666 0.914031 1.088833 1.091712 0.905799 0.818977 0.354272 0.238244 0.684701 0.729098 0.904997 0.772414 0.756661 0.709083 0.768054 0.697683 0.664348 0.636414 0.559551 0.395763 0.570637 0.643852 0.845213 0.831284 0.723926 0.607719 0.593118 0.934035 0.597936 0.657984 0.605612 0.684350 1.096850 0.642545 0.540738 0.445643 0.538384 0.615783 0.658918 0.653863 0.655337 0.806560 0.878839 0.869854 0.937202 0.936353 0.895965 0.858137 0.725848 0.623575 0.554549 0.470729 0.461612 0.472198 0.472265 0.481990 0.443084 0.444168 0.440845 0.447040 0.521809 0.647524 0.805032 0.869206 0.933037 0.954109 0.939984 0.929362 0.891056 0.855771 0.830085 0.791051 0.648236 0.502793 0.455304 0.482676 0.595962 0.603158 0.588390 0.624478 0.652772 0.671308 0.692934 0.779022 0.878198 0.978568 1.079991 1.155784 1.183323 1.149609 1.089080 0.968728 0.857568 0.891057 0.827216 0.582137 0.351189 0.472668 0.703646 0.961866 1.182395 1.104331 1.050086 0.946901 0.791837 0.625123 0.571578 0.641125 0.730428 0.816823 0.891503 0.892070 0.984588 0.984431 1.128056 1.119218 1.026061 0.746547
0.000000 0.000000 0.000000 0.000000 0.000000 0.000000 0.000000 0.000000 0.000000 0.000000 0.000000 0.000000 0.000000 0.000000 0.000000 0.000000 0.000000 0.000000 0.000000 0.000000 0.000000 0.000000 0.000000 0.000000 0.000000 0.000000 0.382811 0.520072 0.670897 0.799072 0.948982 1.047699 0.970839 0.938795 0.915833 0.910993 0.912955 0.925872 0.947462 0.822015 0.843193 0.880612 0.887695 1.016456 1.094114 1.100567 1.127280 1.118171 1.131086 1.219246 1.250796 1.291288 1.241160 1.180496 0.972521 0.898500 0.883540 0.921259 0.723153 0.767164 0.966676 1.056192 0.949071 0.874302 0.928389 0.565511 0.961589 0.947960 0.879889 0.785813 0.747088 0.807397 0.886111 0.947365 1.092191 1.064451 1.079097 0.985035 0.895555 0.798737 0.749467 0.748326 0.754562 0.760406 0.725003 0.745425 0.747333 0.736018 0.720656 0.723813 0.745175 0.802160 0.965370 1.031292 1.018712 0.971858 1.001428 0.861314 0.868035 0.856731 0.869853 0.869856 0.856794 0.808563 1.083867 0.809722 0.481390 0.466727 0.457709 0.853331 0.823297 0.464241 0.554896 0.511670 0.601490 0.725201 0.769533 0.759392 0.739693 0.695515 0.574982 0.498579 0.552724 0.506213 0.492046 0.402984 0.568351 0.640238 0.693260 0.585926 0.660849 0.718112 0.753453 0.792360 0.502296 0.652539 0.708029 0.638158 0.525810 0.471123 0.278867 0.460902 0.661693 0.719358 0.689367 0.615329 0.543744 0.484000 0.385227 0.324167 0.372221 0.479840 0.824453 0.882910 1.472203 1.000129 1.175348 1.170822 0.990879 1.058126 0.981217 0.823378 0.928368 0.970205 0.949425 0.941096 0.864550 0.404897 0.317053 0.713274 0.762391 0.554893 0.766838 0.775352 0.693226 0.692965 0.785556 0.687203 0.694438 0.542414 0.418394 0.472043 0.621209 0.654258 0.734440 0.734503 0.736585 1.024163 1.043851 0.981521 0.900274 0.475153 0.565488 0.911026 0.911152 0.936104 0.603046 0.634219 0.622307 0.643712 0.669496 0.692341 0.656358 0.766853 0.800240 0.792276 0.881852 0.974557 0.909137 0.701039 0.600305 0.644649 0.713163 0.606189 0.638083 0.689349 0.716111 0.656069 0.519930 0.405698 0.416399 0.475159 0.581058 0.649702 0.741038 0.746623 0.699729 0.750376 0.833698 0.885693 0.852868 0.842027 0.825994 0.771051 0.649890 0.509000 0.444475 0.454181 0.543019 0.560690 0.622757 0.675159 0.681242 0.750400 0.824384 1.006317 1.092772 1.125345 1.103938 1.095279 1.021505 1.009787 0.976637 0.845685 0.710707 0.680571 0.703372 0.728926 0.872157 1.012711 1.033062 1.121158 1.213523 1.046821 0.955913 0.925564 0.915863 0.845393 0.761380 0.673610 0.702838 0.769267 0.760113 0.975061 1.110974 1.265480 1.234666 1.192020 1.154625 0.854563
0.442009 0.000000 0.000000 0.000000 0.000000 0.000000 0.000000 0.000000 0.000000 0.000000 0.000000 0.000000 0.000000 0.000000 0.000000 0.000000 0.000000 0.000000 0.000000 0.000000 0.000000 0.376298 0.366307 0.358871 0.418697 0.462404 0.664708 0.819082 0.976847 1.024030 1.134245 1.170457 1.129011 1.050295 1.003856 0.990644 0.976291 0.837238 0.840937 0.859204 0.890068 0.907485 0.922394 0.969670 1.130647 1.177130 1.345816 1.358867 1.358437 1.275148 1.217189 1.138275 1.002824 0.735080 0.702977 0.708991 0.792829 0.875831 1.043198 1.020346 0.959381 0.953587 0.897847 0.686217 0.836999 0.954321 1.047633 0.994849 0.909826 0.860288 0.918151 0.986419 1.034516 1.028126 0.986094 0.909546 0.930438 0.885013 0.950168 0.756742 0.698640 0.664690 0.676466 1.121661 0.679984 0.683201 0.645606 0.596258 0.589788 0.613827 0.811702 0.878475 0.958002 0.878826 0.887235 0.720086 0.749491 0.740548 0.751107 0.767775 0.788886 0.798311 0.801352 0.807399 0.798213 0.487370 0.817573 0.850893 0.768178 0.486712 0.557290 0.585862 0.657207 0.622656 0.730365 0.793385 0.786683 0.734322 0.658654 0.560314 0.505189 0.465384 0.556772 0.536089 0.523091 0.586942 0.691243 0.735037 0.696068 0.726077 0.780269 0.794776 0.818312 0.475356 0.584274 0.634814 0.558528 0.456704 0.410376 0.294469 0.450000 0.587516 0.628980 0.579228 0.503535 0.421656 0.326422 0.333903 0.252462 0.258731 0.377488 0.464928 0.990366 1.107336 0.998898 1.019846 1.046260 1.015113 1.049392 0.941182 0.947310 0.914290 0.980728 0.979012 0.960893 0.927986 0.807556 0.390599 0.478670 0.773019 0.440916 0.700170 0.808612 0.697316 0.655172 0.806812 0.775035 0.646794 0.509634 0.419187 0.381878 0.381343 0.535765 0.688886 0.745081 0.819599 1.047842 0.941186 0.883943 0.809458 0.413574 0.489071 0.921059 0.626208 0.808410 1.260831 1.125156 0.688781 0.579379 0.594842 0.572946 0.573175 0.616936 0.664593 0.765504 0.785035 0.807199 0.801812 0.690010 0.645603 0.640061 0.651872 0.673357 0.659192 0.744043 0.837423 0.916023 0.856311 0.737814 0.623132 0.552686 0.628171 0.694187 0.700158 0.610528 0.590814 0.605076 0.653484 0.793729 0.942924 1.047207 1.134340 1.078274 1.018246 0.787080 0.807414 0.720510 0.686424 0.675677 0.679929 0.704727 0.678415 0.667507 0.742761 0.913464 0.988657 0.958142 0.949129 0.955972 0.853442 0.860361 0.938782 0.907903 0.806980 0.657886 0.631789 0.703919 0.914784 1.152108 1.216094 1.234017 1.084028 0.862273 0.788456 0.777322 0.803181 0.850957 0.894471 0.926459 0.901949 0.875893 0.995463 1.224582 1.286112 1.377151 1.412054 1.298508 1.226729 1.174438 0.855168
0.531494 0.000000 0.000000 0.000000 0.000000 0.000000 0.000000 0.000000 0.000000 0.000000 0.000000 0.000000 0.000000 0.000000 0.000000 0.000000 0.000000 0.000000 0.000000 0.365695 0.415003 0.386789 0.463339 0.538632 0.584833 0.761882 0.945538 1.038261 1.185086 1.285762 1.131351 1.068303 0.966374 0.898308 0.850002 0.824148 0.835054 0.868642 0.887054 0.903370 0.931023 0.977657 1.028872 1.089199 1.108151 1.131735 1.330394 1.225669 1.109520 1.077238 0.957081 0.877074 0.616255 0.634313 0.690687 0.774030 0.829250 0.970703 0.976453 0.886016 0.900470 0.861519 0.644300 0.803592 0.962594 1.042737 1.080776 1.009224 0.966464 1.016363 1.082526 1.122888 1.108107 1.032391 0.934934 0.948422 0.852829 0.869470 1.135711 0.821411 0.693321 0.624860 0.578907 0.563838 0.562387 0.517266 0.465642 0.489442 0.409939 0.647523 0.690747 0.766942 0.760845 0.833107 0.693213 0.724553 0.747223 0.719017 0.741579 0.916170 0.925361 0.765917 0.758932 0.776463 0.484860 0.748600 0.643526 0.482957 0.431999 0.470218 0.643163 0.765653 0.823461 0.744570 0.805646 0.818772 0.765186 0.656986 0.260570 0.176638 0.148252 0.487917 0.592948 0.574489 0.629739 0.691160 0.789300 0.857466 1.088426 0.911266 0.861620 0.851586 0.473948 0.529210 0.539011 0.475203 0.424439 0.376810 0.299665 0.372077 0.469370 0.531361 0.575318 0.495681 0.392926 0.281432 0.228410 0.208395 0.158896 0.316201 0.781070 0.825585 1.093973 1.021543 1.197053 1.064599 1.222182 0.983100 0.932698 0.928115 0.897250 0.966608 0.987133 0.979941 0.946090 0.831316 0.480875 0.720263 0.758322 0.923985 0.544836 0.862757 0.806777 0.704831 0.819507 0.800086 0.632058 0.489852 0.360935 0.258273 0.148515 0.289786 0.475504 0.556264 0.975235 1.152388 1.054120 0.999534 1.055660 1.080043 0.978259 1.015983 0.714744 0.741447 1.089395 1.137327 0.757270 0.628079 0.619042 0.593896 0.563761 0.570372 0.605179 0.677701 0.712541 0.704586 0.606110 0.592611 0.689927 0.679170 0.626014 0.545477 0.514594 0.660165 0.689601 0.696939 0.721947 0.736785 0.791693 0.799671 0.754386 0.800829 0.792803 0.856236 0.806485 0.800936 0.835001 0.911015 1.024453 1.202425 1.315446 1.366464 1.292040 1.101837 1.082534 1.070785 0.916553 0.796443 0.717154 0.681859 0.725213 0.752843 0.794329 0.782396 0.765785 0.730516 0.714944 0.744320 0.722568 0.796108 0.960111 1.014540 1.013748 1.024081 1.009830 1.043031 1.140186 1.077285 1.100652 1.153779 1.003956 0.826851 0.670328 0.596041 0.545595 0.586276 0.667826 0.850594 1.026328 1.188317 1.395741 1.390611 1.583246 1.696247 1.727761 1.554901 1.385991 1.245353 1.100344 0.862695
0.619304 0.261913 0.000000 0.000000 0.000000 0.000000 0.000000 0.000000 0.000000 0.000000 0.000000 0.000000 0.000000 0.000000 0.000000 0.000000 0.000000 0.000000 0.383210 0.222950 0.407625 0.572595 0.671344 0.718900 0.841103 0.976331 1.147718 1.125991 1.168504 1.187076 1.134405 1.044044 0.943776 1.325040 0.831550 0.834850 0.860491 0.901355 0.913730 0.932407 0.986648 1.014782 1.013075 0.971549 0.919597 0.926421 1.109313 0.956705 0.815536 0.668144 0.669997 0.553479 0.755884 0.853079 0.911495 0.945893 1.010471 0.808216 0.852508 0.785127 0.718550 0.769910 0.761953 0.940784 1.058327 1.080461 1.059114 0.978393 1.061567 1.135922 1.162178 1.166421 1.091245 0.962298 0.959030 0.928061 0.871194 0.874403 0.774844 0.715544 0.805438 0.753372 0.678868 0.618567 0.424032 0.000000 0.398510 0.504404 0.541848 0.611717 0.675932 0.759913 0.816095 0.858987 0.777208 0.750247 0.702876 0.839130 0.821253 0.801017 0.664530 0.371412 0.403341 0.723073 0.655558 0.537510 0.528627 0.092429 0.164618 0.274757 0.982965 0.833727 0.965625 0.852813 0.870682 0.801407 0.685683 0.310292 0.232691 0.548789 0.531774 0.645870 0.636094 0.676071 0.734951 0.796101 0.683502 1.272733 1.220159 0.922828 0.886583 0.479873 0.448139 0.486361 0.412733 0.361099 0.367636 0.302106 0.286026 0.377302 0.421416 0.418880 0.382777 0.271683 0.148481 0.213920 0.216240 0.160610 0.275569 0.740332 0.979747 0.896523 1.154244 1.258062 1.396183 1.315436 1.077088 0.799331 0.943955 0.892614 0.950559 0.975864 0.974605 1.093728 0.957045 0.603736 0.820343 0.279739 0.169852 0.808476 0.798365 0.908384 0.754534 0.745591 0.715192 0.578631 0.460707 0.299052 0.180220 0.123367 0.252466 0.379232 0.816385 0.850012 0.917207 1.125007 1.141267 1.172637 1.209716 1.269431 0.819093 1.127289 1.115836 1.114971 1.117374 0.764296 0.811283 0.768309 0.718590 0.671046 0.582761 0.543782 0.585150 0.585220 0.539940 0.500188 0.654712 0.749567 0.798840 0.737228 0.654508 0.646733 0.716667 0.665531 0.520059 0.394641 0.392018 0.471860 0.669416 0.833256 0.907848 0.911414 0.943624 1.012878 1.100717 1.143640 1.257553 1.420152 1.400891 1.415325 1.454552 1.497153 1.545986 1.516133 1.460295 1.421082 1.163106 1.167678 0.936443 0.929714 0.988203 1.053467 0.976445 0.883439 0.824541 0.789880 0.742290 0.800264 0.976872 1.163571 1.244410 1.337424 1.364478 1.291102 1.253126 1.136216 0.924217 0.967477 1.048071 0.872819 0.737874 0.610700 0.537034 0.588202 0.722139 0.780138 0.864897 1.040958 1.237606 1.316096 1.438532 1.517038 1.495683 1.541608 1.618487 1.535112 1.295119 1.140331 1.024694 0.893801
0.633529 0.004000 0.000000 0.000000 0.000000 0.000000 0.000000 0.000000 0.000000 0.000000 0.000000 0.000000 0.000000 0.000000 0.000000 0.000000 0.000000 0.000000 0.000000 0.481292 0.673918 0.785473 0.868855 0.890643 0.867284 1.043895 1.149921 1.199310 1.198997 1.161959 1.095145 1.000172 0.906629 0.843972 0.823910 0.853929 0.881700 0.899479 0.897326 0.893269 0.884547 0.838464 0.781422 0.701476 0.734658 0.656321 0.588558 0.628655 0.660891 0.628503 0.694770 0.707563 0.806514 0.949784 0.992386 0.941262 0.923484 0.870083 0.787041 0.718624 0.800366 0.907598 0.970704 1.045109 1.084800 1.088763 1.024535 1.026258 1.109581 1.150134 1.148065 1.098429 0.970013 0.946146 0.917915 0.859794 0.810286 0.833321 0.777697 0.631906 0.580841 0.539114 0.487535 0.431477 0.000000 0.000000 0.565964 0.620619 0.676093 0.736728 0.785971 0.904730 0.952983 0.867308 0.822007 0.794135 0.741261 0.675269 0.633058 0.194115 0.330365 0.344444 0.296060 0.216051 0.119018 0.508919 0.114550 0.152012 0.268850 0.874465 0.847069 0.950625 1.032360 0.883761 0.833479 0.735276 0.656148 0.618543 0.739388 0.719766 0.696918 0.682623 0.566151 0.634355 0.686015 0.714979 0.818251 1.319483 1.034241 0.555159 0.502074 0.479488 0.444911 0.368715 0.319096 0.363754 0.312287 0.260871 0.250558 0.276349 0.277569 0.251377 0.184514 0.210637 0.321579 0.329514 0.298257 0.298054 0.423827 0.815066 0.926129 1.011618 1.206675 1.285711 1.195360 1.033404 0.708021 0.955348 0.901033 0.955732 0.975239 0.974195 1.069567 0.926079 0.762033 0.731772 0.605536 0.783438 0.418872 0.991957 0.808970 0.751298 0.671775 0.592019 0.517397 0.410967 0.367149 0.327207 0.466578 0.491587 0.832525 0.800515 0.788800 1.106523 1.222112 1.257268 1.259245 1.276642 1.315161 1.141975 1.334427 1.123063 1.102064 1.143840 0.887533 0.879455 1.320132 1.289038 0.731054 0.569442 0.538608 0.569690 0.577516 0.570555 0.458454 0.727233 0.763787 0.699774 0.711421 0.654064 0.572218 0.673877 0.688582 0.545601 0.375924 0.248425 0.155634 0.312069 0.558639 0.768978 0.902873 1.051987 1.140040 1.193297 1.244265 1.326714 1.445698 1.416222 1.391262 1.426896 1.490007 1.538855 1.590094 1.652134 1.691208 1.602199 1.535304 1.436910 1.364534 1.367121 1.457253 1.489499 1.505805 1.434014 1.380018 1.388094 1.382205 1.380319 1.342422 1.316077 1.317701 1.249735 1.160678 1.102147 1.163286 1.133499 1.055375 1.113155 0.925398 0.770981 0.766731 0.801931 0.845835 0.889091 0.939577 0.918953 1.111301 0.973952 1.009672 1.107699 1.256165 1.404672 1.597478 1.206468 1.197813 1.393633 1.112524 0.990310 0.957093 0.930235
0.639777 0.453268 0.000000 0.000000 0.000000 0.000000 0.000000 0.000000 0.000000 0.000000 0.000000 0.000000 0.000000 0.000000 0.000000 0.000000 0.000000 0.000000 0.553776 0.745677 0.901926 0.937885 0.861919 0.942614 1.068032 1.161677 1.195707 1.199433 1.177609 1.101977 1.020946 0.962498 0.910321 0.857847 0.822003 0.808497 0.797565 0.784472 0.758057 0.714480 0.657675 0.578405 0.693342 0.637499 0.445229 0.000000 0.000000 0.367084 0.488721 0.580701 0.614693 0.778576 0.879123 0.993560 0.956243 0.940570 0.882627 0.797599 0.711094 0.708790 0.886407 1.358598 1.083191 1.310810 1.313437 1.061833 1.020369 1.091796 1.114292 1.093349 1.009246 1.027894 0.878832 0.853587 0.826728 0.788866 0.727537 0.692466 0.654594 0.607404 0.554708 0.495341 0.423341 0.609737 0.424615 0.739197 0.750060 0.831386 0.811899 0.857270 0.913256 0.955723 0.874163 0.819360 0.729197 0.676046 0.605158 0.461512 0.069067 0.147606 0.207472 0.197196 0.169573 0.143373 0.107510 0.102746 0.180075 0.578343 0.673653 0.915825 0.949049 0.852287 0.869568 0.846612 0.927542 0.703882 0.373891 0.644426 0.772035 0.748328 0.721315 0.569585 0.652298 0.712841 0.759228 0.807430 0.893663 0.988255 0.565329 0.519690 0.475698 0.482150 0.471195 0.428019 0.408430 0.362424 0.276695 0.292418 0.277387 0.285313 0.285073 0.321238 0.455629 0.387721 0.377416 0.350799 0.330581 0.437791 0.525903 0.900257 0.972641 0.954765 1.206646 1.167238 1.003270 0.692626 0.977163 0.904444 0.948013 0.974672 0.962292 1.050860 0.893399 0.833523 0.851857 0.613181 0.566996 0.608166 0.865593 0.683622 0.685772 0.531428 0.478473 0.363862 0.464851 0.523581 0.606482 0.662886 0.598015 0.852869 0.787615 0.780814 0.868000 1.307482 1.262091 1.285079 1.320431 1.350476 1.358177 1.343979 1.310045 1.066887 1.136641 1.217868 1.284801 1.298809 1.244368 0.659949 0.460375 0.512064 0.573947 0.658858 0.558334 0.426343 0.773874 0.864020 0.776111 0.651879 0.596122 0.494461 0.567707 0.606643 0.513860 0.354789 0.278698 0.294174 0.202120 0.193814 0.352399 0.629965 0.883121 1.070251 1.221424 1.325814 1.393816 1.441067 1.447813 1.380697 1.381760 1.424155 1.496565 1.513988 1.507469 1.527897 1.516081 1.507028 1.364815 1.367687 1.415964 1.478077 1.522313 1.564310 1.592343 1.617600 1.612129 1.583207 1.465461 1.179961 1.012882 1.058448 1.006016 0.907740 0.935167 1.010694 1.169935 1.259545 1.257715 1.064878 0.911736 0.879526 0.932712 0.993339 1.092601 1.197257 1.261995 1.312756 1.262862 1.290598 1.347578 1.457862 1.740015 1.706684 1.177686 1.616502 1.169811 1.089498 0.905941 0.894611 0.944506 0.876854
0.633509 0.000000 0.000000 0.000000 0.000000 0.000000 0.000000 0.000000 0.000000 0.000000 0.000000 0.000000 0.000000 0.000000 0.000000 0.000000 0.431154 0.602602 0.782623 1.000982 0.876567 0.961555 1.052175 1.121960 1.191323 1.201186 1.203927 1.148199 1.098417 1.046831 0.996945 0.960212 0.907692 0.856828 0.807506 0.761617 0.716395 0.668261 0.613906 0.563107 0.703365 0.747367 0.659284 0.464860 0.513771 0.504751 0.409817 0.466152 0.400787 0.408375 0.653189 0.838131 0.904054 0.961201 0.955601 0.899664 0.806988 0.718287 0.690527 0.849983 1.084176 1.216149 1.273243 1.284593 1.047307 1.011483 1.040866 1.078654 1.040387 0.922659 0.876071 0.884854 0.864975 0.836886 0.800158 0.767183 0.730506 0.677303 0.612408 0.538855 0.459711 0.000000 0.688088 0.899371 0.740958 0.909174 0.922221 0.921805 0.948857 0.903199 0.900207 0.877712 0.811097 0.697522 0.533700 0.591792 0.502870 0.112256 0.137326 0.193925 0.225763 0.156303 0.138561 0.095146 0.143311 0.233059 0.625528 0.678439 0.798375 0.967483 0.857636 0.886809 1.019664 0.972939 0.494429 0.425709 0.693265 0.672190 0.797576 0.764492 0.599193 0.643914 0.730141 0.770762 0.835483 0.887815 0.569206 0.615837 0.561165 0.546238 0.580471 0.957429 0.442278 0.422868 0.432606 0.344202 0.389064 0.457625 0.481675 0.530171 0.598617 0.900987 0.863655 0.461512 0.430696 0.453032 0.450674 0.519746 0.862258 0.837475 1.047628 1.156665 1.142542 1.015786 0.700879 0.746963 1.017111 0.914727 0.954720 0.949424 1.033429 0.948878 0.885251 0.909166 0.829378 0.717774 0.737644 0.932369 0.895293 0.553347 0.380293 0.291933 0.337268 0.501003 0.598502 0.644350 0.699462 0.629138 0.850553 0.770887 0.773819 1.012027 1.174752 1.268422 1.295085 1.327742 1.357242 1.148872 1.409367 0.803980 1.062332 1.050135 1.143476 1.245452 1.257853 0.830620 0.587910 0.454409 0.515458 0.591022 0.521416 0.387523 0.365260 0.738918 1.012395 1.069179 0.836433 0.583757 0.476098 0.510213 0.511214 0.438425 0.340424 0.262360 0.291264 0.348247 0.285258 0.228446 0.204794 0.380678 0.731719 1.002104 1.193046 1.316306 1.372725 1.429881 1.269118 1.277807 1.348639 1.363931 1.364233 1.378675 1.437798 1.488963 1.511554 1.507221 1.442455 1.451339 1.417444 1.428436 1.490591 1.529260 1.546292 1.545475 1.397073 1.267260 1.142464 0.910367 0.841917 0.925266 0.903786 0.986365 1.114351 1.295487 1.391937 1.436024 1.438590 1.378611 1.296426 1.232901 1.275532 1.467316 1.515420 1.489358 1.518763 1.501970 1.434207 1.696412 1.694367 1.675656 1.217661 1.587725 1.541229 1.556674 1.573692 1.133154 1.110531 1.102318 1.099774 0.986063
0.619253 0.000000 0.000000 0.000000 0.000000 0.000000 0.000000 0.000000 0.000000 0.000000 0.000000 0.000000 0.000000 0.000000 0.438545 0.511461 0.652730 0.823599 0.908262 0.908772 1.033989 1.140138 1.202889 1.218249 1.220665 1.168340 1.148535 1.102580 1.052582 1.002423 0.964757 0.921089 0.874482 0.814949 0.758289 0.704973 0.653194 0.605383 0.555882 0.640001 0.623636 0.546615 0.503523 0.561351 0.556908 0.478120 0.970245 0.497912 0.513711 0.537580 0.734418 0.844190 0.952193 0.973778 0.925367 0.854278 1.217043 0.729081 0.857998 1.073844 1.216727 1.264786 1.039737 0.987072 0.978638 0.999262 1.009750 0.971992 0.841625 0.933240 0.918842 0.892908 0.850136 0.811949 0.766536 0.719393 0.661391 0.578686 0.485717 0.000000 0.000000 0.446950 0.891176 0.931429 0.928885 1.023903 1.034886 1.062395 1.053953 0.804831 0.874200 0.865290 0.786391 0.697385 0.627913 0.515511 0.536896 0.161769 0.190943 0.177485 0.164835 0.118130 0.136097 0.210217 0.297414 0.662079 0.704342 0.757677 0.957813 0.896275 0.892930 1.039727 0.987968 0.552382 0.473905 0.748140 0.724047 0.685120 0.654243 0.628550 0.793525 0.731350 0.800635 0.881749 0.547983 0.553360 0.619619 0.612631 0.636268 0.627448 0.948508 0.448514 0.418423 0.466782 0.430110 0.476220 0.539806 0.590862 0.646988 0.981741 0.942391 0.900683 0.853676 0.836532 0.490652 0.479942 0.500218 0.811862 0.933997 1.080274 1.175233 1.135139 0.866486 0.865698 0.846790 0.769505 0.853928 0.912582 1.055547 1.045449 0.998675 0.906836 0.903599 0.802937 0.541782 0.696537 0.870434 0.800328 0.772566 0.213833 0.236942 0.492111 0.483889 0.599427 0.662198 0.686853 0.685241 0.865324 0.805725 0.819889 0.895511 1.141726 1.066294 1.307849 1.342268 1.342814 1.394138 1.273803 1.239044 1.075118 1.024676 1.049346 1.131446 1.183690 0.750296 0.527762 0.410400 0.408388 0.452482 0.376936 0.291839 0.449133 0.731237 1.006314 1.065017 0.820623 0.572038 0.482377 0.444228 0.253535 0.231294 0.183222 0.259732 0.319968 0.417390 0.461773 0.400379 0.309396 0.358041 0.520334 0.688024 0.797286 1.020958 1.043757 1.077794 1.085479 1.152467 1.191046 1.196465 1.166594 1.080728 1.053549 1.143895 1.253026 1.377243 1.438546 1.493968 1.532624 1.559296 1.870707 1.831250 1.444617 1.351292 1.211943 1.168635 1.189001 1.113790 1.154915 1.287842 1.401642 1.468440 1.538668 1.524360 1.483083 1.558473 1.660444 1.748249 1.815537 2.168906 2.156656 2.021380 1.839667 1.804396 1.859534 1.980444 1.929299 1.877488 1.856394 1.594812 1.778891 1.720766 1.497305 1.693096 1.858987 1.852206 1.442638 1.383567 1.216109 1.164930 1.008483
0.543239 0.000000 0.000000 0.000000 0.000000 0.000000 0.000000 0.000000 0.000000 0.000000 0.000000 0.000000 0.491840 0.482710 0.579744 0.692128 0.771325 0.739970 0.883948 1.044842 1.179633 1.285843 1.280028 1.206553 1.205498 1.182533 1.120914 1.048463 0.996185 0.951881 0.913903 0.866403 0.810938 0.747987 0.696307 0.656846 0.621955 0.716392 0.660252 0.652062 0.609482 0.595592 0.597044 0.539194 0.529658 0.499281 0.650316 0.537741 0.620014 0.627950 0.801940 0.904695 0.992044 0.983682 0.898597 0.821437 0.821609 0.902368 1.090107 1.226466 1.045599 1.000056 0.960918 0.955175 0.980765 0.956685 0.872020 0.863526 0.887183 0.866865 0.846655 0.814430 0.757679 0.694477 0.622580 0.538384 0.440238 0.000000 0.000000 0.000000 0.515560 0.675315 0.826576 0.937032 1.041540 1.072015 1.088362 0.971777 0.756115 0.824886 0.751858 0.686337 0.524792 0.544710 0.155004 0.558150 0.591406 0.235395 0.204661 0.169028 0.173458 0.238827 0.674359 0.683081 0.678677 0.706494 0.748785 0.928879 0.893602 0.976375 0.718190 0.654711 0.603744 0.547379 0.795436 0.768629 0.728814 0.689016 0.656870 0.797087 0.736494 0.815217 0.862351 0.591620 0.541652 0.554078 1.004657 1.004670 0.528229 0.953290 0.477248 0.426568 0.476108 0.516738 0.563588 0.641151 0.695962 0.731267 1.031245 0.962259 0.900908 0.852417 0.814154 0.782051 0.774480 0.818871 0.838327 0.955008 1.042613 1.355707 1.186990 1.006306 0.835364 0.763312 0.844687 0.757060 0.831276 1.015257 1.016992 0.996211 0.911143 0.793117 0.717974 0.495226 0.723787 0.793639 0.348414 0.348466 0.292614 0.215704 0.332215 0.401193 0.560240 0.659277 0.671523 0.974030 0.887730 0.864816 0.910946 0.988203 1.022354 0.758365 1.075705 1.324317 1.342177 1.358182 0.673030 1.041208 0.999094 0.605124 1.022807 1.066938 1.118788 0.710155 0.502817 0.305005 0.264847 0.340366 0.400260 0.350123 0.478731 0.710288 0.899113 0.983084 0.807412 0.535107 0.439335 0.305490 0.119636 0.190608 0.214985 0.308140 0.418482 0.524119 0.486670 0.402931 0.330795 0.331971 0.448992 0.587276 0.652590 0.721607 0.695719 0.684318 0.751007 0.849989 0.894504 0.913542 0.848480 0.719651 0.542507 0.518909 0.648853 0.825099 1.017145 1.498114 1.562106 1.632781 1.679530 1.685597 1.287012 1.128175 0.930369 0.845480 0.866399 1.014127 1.018465 1.174236 1.398508 1.504802 1.630090 1.744350 1.878910 1.923275 1.913669 1.946491 2.004082 2.325032 2.341925 2.346115 2.342375 2.339119 2.349907 2.347813 2.312407 2.280345 2.341603 2.286147 2.288196 2.284954 2.282122 2.273816 2.150618 2.139104 2.127726 2.105255 1.876208 1.436311 1.518881 1.022225
0.555442 0.000000 0.000000 0.000000 0.000000 0.000000 0.000000 0.000000 0.000000 0.000000 0.000000 0.502925 0.712219 0.609270 0.672189 0.800372 0.744907 0.835956 1.015652 1.184663 1.284051 1.281575 1.275403 1.224101 1.173608 1.120104 1.061187 0.988036 0.943872 0.911678 0.877585 0.824394 0.759838 0.713290 0.680153 0.790995 0.732751 0.685510 0.695678 0.649752 0.623948 0.616851 0.581195 0.561468 0.515869 0.468117 0.494044 0.753301 0.610580 0.796105 0.951015 0.970038 0.997966 0.948525 0.915369 1.016881 0.997130 1.128286 1.105893 1.086277 1.025264 0.983092 0.960814 0.926015 1.147274 1.039962 0.773883 0.744772 0.726251 0.675517 0.621538 0.580715 0.533999 0.435991 0.000000 0.000000 0.000000 0.000000 0.000000 0.518862 0.586292 0.737446 0.888513 1.014728 1.069800 0.986956 0.941581 0.926346 0.671635 0.769383 0.727200 0.533930 0.539052 0.110300 0.193593 0.607670 0.657391 0.665003 0.669791 0.683215 0.700638 0.712405 0.711629 0.694272 0.719623 0.755635 0.789488 0.860296 0.990574 0.761991 0.665313 0.641912 0.619903 0.841529 0.797570 0.760189 0.722373 0.686171 0.678018 0.886767 0.839548 0.590075 0.615370 0.634404 0.595887 0.992314 0.585856 0.988032 0.592784 0.536237 0.462160 0.506716 0.600271 0.694323 0.780289 0.791439 1.131002 1.059504 0.958578 0.883379 0.832492 0.783971 0.765475 0.812720 0.939284 1.049105 1.291111 1.304413 1.260453 0.996776 0.838353 0.798558 0.777615 0.773155 0.673831 0.759923 0.790113 0.505782 0.758783 0.850046 0.723775 0.582954 0.453747 0.701610 0.795713 0.372814 0.252568 0.287860 0.222565 0.297609 0.400590 0.425952 1.003349 1.135076 1.008751 0.988565 1.005889 1.029735 1.032761 0.737807 0.720215 0.736992 0.790753 1.313422 1.320755 1.041047 0.969128 0.986015 1.001323 1.025585 1.061914 1.100460 0.686189 0.502824 0.282951 0.296360 0.452575 0.527860 0.463732 0.488463 0.629834 0.770384 0.895434 0.866001 0.644781 0.494489 0.283501 0.280187 0.316462 0.362063 0.458164 0.543875 0.534728 0.497707 0.403188 0.321774 0.312014 0.346934 0.282813 0.379034 0.308108 0.357100 0.265291 0.315734 0.333743 0.365619 0.416005 0.423076 0.441870 0.370306 0.354763 0.426576 0.478585 0.525173 0.563982 1.099409 1.208620 1.295616 0.955897 0.932086 0.839104 0.664989 0.503343 0.433525 0.600913 0.492540 0.531512 0.791745 1.033494 1.195446 1.317755 1.528552 1.745665 2.075474 2.284986 2.164498 2.311067 2.307966 2.314499 2.343694 2.370633 2.392549 2.426653 2.439146 2.458232 2.577911 2.502915 2.263070 2.196887 2.268834 2.291931 2.383214 2.209092 2.171615 2.157490 2.137998 2.034926 1.860360 1.691185 1.267427
0.558772 0.000000 0.000000 0.000000 0.000000 0.000000 0.000000 0.000000 0.000000 0.000000 0.000000 0.579017 0.489707 0.722262 0.778999 0.734096 0.812392 0.882870 1.106864 1.234183 1.261679 1.268351 1.239914 1.154123 1.083601 1.055314 0.984948 0.941171 0.899249 0.874527 0.836710 0.779846 0.728620 0.686816 0.792811 0.729831 0.683698 0.705669 0.730785 0.646066 0.619281 0.610559 0.569409 0.508654 0.569634 0.409958 0.451064 0.664492 0.837884 0.901997 0.951479 1.003167 0.984582 0.998947 1.153321 1.195283 1.266973 1.228171 1.197288 1.107704 1.040805 0.951408 1.032774 1.010048 0.734296 0.660354 0.598205 0.595207 0.762144 0.629334 0.447608 0.000000 0.000000 0.000000 0.000000 0.000000 0.000000 0.000000 0.506337 0.612997 0.642376 0.790833 0.962457 0.957176 0.888434 0.827742 0.800260 0.826884 0.807813 0.751068 0.550008 0.622340 0.129851 0.173593 0.611487 0.666032 0.692333 0.707075 0.722816 0.735592 0.747547 0.741224 0.727422 0.736557 0.762631 0.810858 0.877137 0.691953 0.780530 0.742757 0.687085 0.934400 0.874572 0.814954 0.786531 0.754217 0.720908 0.712573 0.878886 1.013571 0.895676 0.921831 0.983514 0.998693 0.998653 1.003314 1.013767 0.597291 0.547198 0.512035 0.577086 0.708307 0.811729 0.839151 0.846998 1.194646 1.097704 0.984500 0.879955 0.840998 0.817416 0.867172 0.955799 1.239477 1.325291 1.431926 1.381052 1.171041 1.065632 1.021811 0.814651 0.885117 0.905442 0.698520 0.484357 0.418487 0.377130 0.365750 0.738631 0.654366 0.004000 0.000000 0.626378 0.763807 0.368607 0.277281 0.259316 0.223619 0.252307 0.355871 0.497401 1.000234 1.077492 1.110636 1.071298 1.074692 1.074405 1.042508 0.690925 0.648109 0.707904 0.760959 1.075087 1.208995 0.937074 0.935609 1.009735 1.044451 1.062657 0.795519 1.073820 0.676154 0.443624 0.307040 0.436383 0.609450 0.591354 0.454942 0.447539 0.552535 0.628923 0.778372 0.803283 0.661756 0.452161 0.311350 0.361221 0.430183 0.436466 0.457039 0.528720 0.573039 0.541841 0.452697 0.357226 0.341295 0.397941 0.491908 0.352982 0.302287 0.286394 0.255229 0.262052 0.282589 0.347810 0.363957 0.330272 0.334478 0.369836 0.331977 0.291280 0.451597 0.544098 0.598251 0.671818 1.109361 0.773281 0.701622 0.637745 0.557820 0.428578 0.311823 0.361634 0.519420 0.472373 0.261568 0.375992 0.713158 0.866880 0.954760 1.087769 1.313147 1.746787 1.660750 1.763934 1.985107 2.036510 2.065844 2.094692 2.152076 2.206074 2.241635 2.280459 2.299817 2.341449 2.376346 2.365254 2.337970 2.252702 2.173750 2.155361 1.919228 1.800290 1.955620 1.953290 1.939574 1.842602 1.581217 1.403336 1.230493
0.555295 0.000000 0.000000 0.000000 0.000000 0.000000 0.000000 0.000000 0.000000 0.000000 0.000000 0.000000 0.539197 0.828346 0.938399 1.021662 0.805625 0.943773 1.129097 1.234834 1.256832 1.199274 1.055855 0.961330 0.939726 0.931345 0.907294 0.868001 0.838093 0.808774 0.763967 0.867612 0.805770 0.803188 0.678719 0.647801 0.679813 0.671514 0.653491 0.642304 0.612516 0.539958 0.907044 1.234315 0.000000 0.414214 0.655356 0.852659 0.896799 0.989729 1.063377 1.093750 1.171441 1.242590 1.308050 1.349935 1.350641 1.440675 1.219912 1.269760 1.111279 0.939885 0.827617 0.739034 0.715133 0.641349 0.612229 0.000000 0.000000 0.000000 0.000000 0.000000 0.000000 0.000000 0.000000 0.000000 0.000000 0.638895 0.626930 0.675950 0.642337 0.988932 0.843748 0.787976 0.808853 0.815414 0.808008 0.796996 0.741487 0.572203 0.681318 0.539964 0.209485 0.629637 0.676462 0.716363 0.742481 0.762125 0.779231 0.785842 0.784585 0.767553 0.766411 0.788810 0.831098 0.621582 0.657358 0.731042 0.776191 0.993828 0.987325 0.923430 0.848258 0.806299 0.787056 0.771572 0.759538 0.920614 0.853676 0.933250 0.922983 0.956556 0.991470 1.006996 1.010644 0.647765 0.610122 0.590652 0.620341 0.676734 0.783812 0.880047 0.909697 1.261107 1.172856 1.074321 0.964997 0.886956 0.872163 1.031302 1.069605 1.271424 1.367553 1.402478 1.360709 1.262769 1.166156 1.052325 0.960496 0.962979 0.869522 0.871550 0.863750 0.680413 0.652124 0.599998 0.564265 0.627116 0.516288 0.000000 0.000000 0.543821 0.562894 0.698043 0.321492 0.297676 0.321158 0.265882 0.318750 0.481309 0.996125 1.038916 1.063994 1.057679 1.047712 1.024291 0.969012 0.906912 0.531646 0.604891 0.683148 0.680418 0.652889 0.525989 0.566938 0.700607 0.769309 0.840048 0.697325 0.570599 0.459204 0.272730 0.320171 0.626161 0.715726 0.579671 0.326663 0.355739 0.538082 0.492346 0.626969 0.591508 0.582109 0.818341 0.331410 0.439801 0.499398 0.471216 0.471037 0.512630 0.534126 0.495841 0.487502 0.468670 0.450197 0.458676 0.413679 0.262581 0.147165 0.152508 0.152710 0.119983 0.139929 0.215245 0.257556 0.252436 0.228618 0.287218 0.327504 0.345081 0.408373 0.585801 0.584914 1.096285 1.145507 0.786448 0.650154 0.501314 0.409060 0.367285 0.382370 0.533048 0.681043 0.735084 0.293953 0.339559 0.683360 0.963385 0.957559 1.251448 1.176349 1.224173 1.466426 1.519188 1.600561 1.653026 1.706791 1.760749 1.787789 1.769120 1.727771 1.686695 1.699519 1.568254 1.656289 1.961614 2.052587 2.134905 2.092761 1.964705 1.838585 1.506810 1.423966 1.610012 1.603433 1.593374 1.546762 1.475486 1.268877 1.188593
0.542882 0.000000 0.000000 0.000000 0.000000 0.000000 0.000000 0.000000 0.000000 0.000000 0.439965 0.495330 0.732844 0.975904 1.049611 1.043433 1.151601 1.193681 1.397741 1.396421 1.228719 0.917463 0.884221 0.881784 0.864616 0.835793 0.809946 0.924842 0.889731 0.848332 0.792654 0.784629 0.711755 0.618881 0.584680 0.598404 0.630293 0.682786 0.664438 0.607147 0.530684 0.402649 0.402694 0.404654 0.400841 0.635998 0.828282 0.909719 1.030289 1.172417 1.356003 1.328135 1.267136 1.407333 1.456560 1.401577 1.253975 1.414671 1.284148 1.083029 0.963757 0.802607 0.786770 0.767708 0.685942 0.601080 0.437017 0.000000 0.000000 0.000000 0.000000 0.000000 0.000000 0.000000 0.000000 0.432275 0.553324 0.644364 0.696110 0.750760 0.773115 0.759181 0.803153 0.819048 0.809060 0.770481 0.715295 0.677514 0.669324 0.685162 0.559463 0.631165 0.665676 0.704763 0.747860 0.777780 0.796679 0.820209 0.830378 0.817681 0.807866 0.808476 0.812000 0.817043 0.605835 0.652037 0.717374 1.006788 0.996137 0.977113 0.935144 0.865631 0.828303 0.805709 0.799499 0.802099 0.813808 0.848228 0.963535 0.979389 0.947972 0.969636 0.989161 1.000344 0.623097 0.566171 0.587029 0.636085 0.727380 0.793198 0.874140 1.290415 1.243471 1.115222 1.003310 0.877309 0.867831 1.045287 1.047891 1.114753 1.324874 1.371796 1.352739 1.303757 1.128377 0.955465 0.917330 0.927434 1.000772 0.985599 0.964366 0.891452 0.621472 0.585736 0.560101 0.494182 0.480301 0.498960 0.364074 0.415116 0.570606 0.664935 0.660679 0.418178 0.425982 0.776721 0.382728 0.409752 0.501564 0.991266 1.021968 1.024617 0.978137 0.931821 0.883849 0.825541 0.789676 0.803660 0.483852 0.476447 0.457723 0.432647 0.400788 0.484398 0.639759 1.014504 0.968863 0.485350 0.320645 0.722919 0.372478 0.419940 0.555192 0.665055 0.970682 0.580812 0.582879 1.004719 1.051949 0.733416 0.525797 0.478625 0.384822 0.370336 0.508218 0.593727 0.552287 0.471617 0.423360 0.412540 0.334027 0.337128 0.383922 0.402333 0.425404 0.401479 0.298172 0.195796 0.234805 0.262924 0.224485 0.163569 0.180990 0.183458 0.200745 0.216025 0.212705 0.273228 0.397428 0.451395 0.567472 1.043136 1.075941 1.075808 1.086502 0.570535 0.356454 0.308166 0.408463 0.541852 0.640507 0.654854 1.140224 0.612903 1.116230 0.923002 0.845930 1.091438 1.224791 1.024240 1.012061 1.035834 1.282872 1.331465 1.381360 1.436855 1.480886 1.533648 1.538824 1.468288 1.377724 1.319399 1.084921 1.077097 1.135303 1.470592 1.546673 1.716622 1.707586 1.582018 1.475441 1.284565 1.297111 1.496935 1.654468 1.706595 1.451344 1.164938 1.126226 1.157689
0.479808 0.000000 0.000000 0.000000 0.416319 0.000000 0.000000 0.000000 0.000000 0.441179 0.547005 0.633981 0.783566 0.830761 1.133566 1.059208 1.182663 1.200561 1.171625 0.994583 0.964683 0.972196 0.918104 0.927185 0.918960 0.893663 0.857203 0.817887 0.832525 0.773082 0.703888 0.617581 0.559869 0.505604 0.555362 0.615027 0.676828 0.626324 0.548354 0.450526 0.445450 0.439769 0.775723 0.421958 0.630124 0.787053 0.989875 1.153417 1.397291 1.498652 1.501329 1.444728 1.417445 1.506138 1.418490 1.417576 1.366238 1.218607 1.089814 1.004885 0.918712 0.826494 0.809329 0.717809 0.617110 0.460565 0.000000 0.000000 0.000000 0.000000 0.000000 0.000000 0.000000 0.423108 0.503195 0.589033 0.674949 0.757308 0.764780 0.834727 0.852897 0.809963 0.809211 0.769897 0.704528 0.636392 0.598700 0.637314 0.668730 0.569487 0.648226 0.710343 0.737874 0.777935 0.806839 0.837519 0.849674 0.848407 0.839942 0.836997 0.838417 0.831365 0.781428 0.571730 0.676083 0.981531 1.003903 0.989560 0.962849 0.942835 0.901007 0.857965 0.844058 0.841232 0.843302 0.853162 0.615159 1.001956 1.034988 0.966912 0.951484 0.973981 0.979685 0.971794 0.466344 0.401209 0.378332 0.411944 0.550003 0.676574 1.100682 1.078908 1.029490 0.882719 0.836647 0.871135 1.038748 1.070066 1.186528 1.351644 1.363093 1.289502 1.174138 0.953188 0.799343 0.901707 0.942099 0.932521 0.907110 0.869518 0.779865 0.693125 0.531884 0.717429 0.670072 0.592834 0.451000 0.000000 0.000000 0.559366 0.660576 0.325380 0.424433 0.579437 0.900959 0.591488 0.548370 0.541301 0.975329 0.978749 0.975674 0.912296 0.825493 0.750609 0.691061 0.689762 0.712744 0.306044 0.271837 0.366057 0.347553 0.449431 0.484363 0.930406 0.926720 0.535246 0.716333 0.658878 0.746690 0.832305 0.548982 0.644699 0.662344 0.974031 0.970619 0.994438 0.702016 0.644485 0.692565 0.581916 0.435517 0.468363 0.407081 0.562320 0.666199 0.610056 0.440394 0.238322 0.169598 0.123280 0.229312 0.374091 0.466242 0.436487 0.433290 0.381115 0.251115 0.259436 0.268181 0.248192 0.169433 0.155298 0.166696 0.174348 0.186507 0.196997 0.276311 0.377396 0.565877 0.944567 1.048728 1.071080 0.990545 0.934436 0.897683 0.348440 0.321295 0.450653 0.606532 0.620200 1.080970 0.795313 1.166079 0.753604 0.624680 0.713110 1.222693 1.200142 1.190633 0.980983 0.985323 1.159292 1.171756 1.199829 1.278078 1.335465 1.319246 1.154975 1.084476 0.995655 0.911292 0.870897 0.916186 1.044574 1.329970 1.382332 1.427288 1.472456 1.475764 1.439700 1.437365 1.456328 1.600549 1.620450 1.648604 1.674002 1.555923 1.275848 1.266474 1.261145
0.417173 0.000000 0.000000 0.000000 0.415129 0.000000 0.000000 0.000000 0.000000 0.497943 0.627624 0.776052 0.914245 0.993278 1.083850 1.291561 1.081718 0.951725 0.852527 0.897415 0.916218 0.922034 0.917803 0.901558 0.885766 0.798412 0.843289 0.798691 0.740465 0.670482 0.570718 0.527707 0.486530 0.615492 0.652423 0.647995 0.617390 0.538024 0.482902 0.466270 0.462782 0.452479 0.431298 0.640904 0.951848 1.233580 1.502413 1.569001 1.643394 1.638843 1.583053 1.481548 1.434226 1.464184 1.327702 1.277894 1.168184 1.093538 1.020400 0.949893 0.947724 0.841724 0.729690 0.603488 0.454271 0.000000 0.459703 0.000000 0.000000 0.000000 0.000000 0.000000 0.496837 0.570673 0.626688 0.717428 0.805273 0.859969 0.883193 0.872636 0.879274 0.828789 0.732939 0.619376 0.577439 0.550029 0.671614 0.728568 0.595313 0.672966 0.735522 0.774715 0.808341 0.834607 0.854737 0.858001 0.852624 0.844968 0.841212 0.834426 0.811907 0.482868 0.808055 0.747604 1.027448 1.024539 1.003432 0.989446 0.947288 0.904329 0.880754 0.883222 0.882007 0.885328 0.914017 0.972979 1.056362 1.139143 1.110381 1.007512 0.952104 0.926259 0.918478 0.367949 0.220261 0.168618 0.260018 0.406962 0.880130 0.877099 0.871336 0.867553 0.852087 0.617834 0.620310 0.676346 0.818361 1.081222 1.261328 1.305601 1.197925 1.018782 0.789194 0.684164 0.834220 0.899372 0.893124 0.864152 0.783111 0.716493 0.662071 0.761535 0.727730 0.705188 0.664482 0.542280 0.520976 0.487826 0.588710 0.527408 0.281590 0.417960 0.588262 0.963798 0.693321 0.637891 0.563894 0.932914 0.912108 0.536326 0.512607 0.758072 0.659390 0.630296 0.644647 0.655509 0.235417 0.353752 0.522117 0.653636 0.856254 0.855928 1.050675 1.018169 0.755017 0.680753 0.692333 0.766261 0.876427 0.951952 0.988404 0.969744 0.946978 1.185914 1.037307 0.681266 1.116353 0.816333 0.641959 0.537574 0.448443 0.412102 0.506079 0.575659 0.391360 0.220660 0.195286 0.265457 0.377505 0.392971 0.364194 0.388388 0.423311 0.479585 0.480543 0.361560 0.339932 0.342324 0.318442 0.246283 0.154969 0.127251 0.140384 0.168199 0.280744 0.373990 0.420711 0.829592 0.993812 1.229498 1.157957 1.033464 0.886280 0.795832 0.767037 0.787072 0.857083 0.928279 1.188830 1.272287 1.343170 1.140314 1.096388 0.997388 1.102241 1.094779 1.136569 1.160758 1.150606 1.129391 0.899012 1.104689 1.164892 1.256889 1.114214 1.074052 1.038911 1.007645 0.947316 0.889732 0.853769 0.869687 1.144134 1.258166 1.345140 1.389056 1.413203 1.418633 1.416430 1.411151 1.561310 1.607241 1.621029 1.618023 1.624625 1.623257 1.511973 1.330641 1.296096 1.280110
0.000000 0.000000 0.000000 0.000000 0.398387 0.000000 0.000000 0.000000 0.527322 0.563147 0.693447 0.819942 0.909131 0.948405 0.957625 0.903171 0.872010 0.844182 0.897175 0.908488 0.905655 0.835145 0.871381 0.849362 0.831048 0.812538 0.773152 0.710305 0.639111 0.545793 0.501067 0.547120 0.681916 0.696502 0.731447 0.712628 0.620896 0.509495 0.467829 0.521794 0.453834 0.517677 0.746615 1.079759 1.384869 1.671407 1.870126 1.800809 1.793720 1.726634 1.585860 1.433156 1.311946 1.287492 1.163206 1.104100 1.049529 1.007056 1.047753 0.955421 0.825812 0.681439 0.469757 0.000000 0.000000 0.000000 0.000000 0.000000 0.000000 0.000000 0.000000 0.545288 0.637959 0.680264 0.769710 1.043761 0.903496 0.926104 0.910734 0.864803 0.801680 0.737242 0.639347 0.522584 0.550011 0.639961 0.742724 0.641392 0.693134 0.765444 0.812810 0.841597 0.887542 0.917924 0.922668 0.874598 0.525237 0.532824 0.517557 0.437189 0.323271 0.830125 1.132267 1.111254 1.085526 1.023949 1.154154 0.999533 0.956585 0.929712 0.924492 0.926640 0.926470 0.645712 1.044806 1.150514 1.210787 1.165183 1.083379 0.990979 0.891016 0.816640 0.344025 0.240624 0.250865 0.745362 0.784413 0.843864 1.055562 0.903518 0.892683 0.882114 1.021544 0.906690 0.943133 1.117724 1.230814 1.228394 1.170552 1.025330 0.827925 0.661408 0.696208 0.728844 0.796426 0.807434 0.771156 0.690910 0.648756 0.772993 0.839744 0.848870 0.595881 0.674536 0.610225 0.577740 0.560671 0.619593 0.570799 0.298855 0.420022 0.574327 0.713465 0.738176 0.675511 0.567879 0.852207 0.439259 0.394320 0.386101 0.656942 0.597629 0.599929 0.622868 0.294912 0.299804 0.471199 0.936877 1.264507 1.078291 0.978676 0.961765 0.938720 0.748380 0.722763 0.734221 0.777569 0.871845 0.957174 0.956445 0.945523 0.931474 0.940207 1.160900 1.000309 1.188784 0.782260 0.739769 0.883790 0.834071 0.791801 0.721990 0.721581 0.283271 0.236984 0.402481 0.524694 0.602601 0.570554 0.550280 0.493327 0.543185 0.640294 0.618073 0.470685 0.417608 0.414250 0.422657 0.358255 0.247063 0.158393 0.179444 0.289393 0.422009 0.499669 0.876450 0.880088 0.898486 1.029954 1.280020 1.114749 0.895392 0.781913 0.745635 0.779829 0.956211 0.981677 1.036723 0.942035 1.193696 1.229389 1.151521 1.004808 0.960425 1.004465 1.045792 1.071361 1.079954 1.058339 0.819715 1.012618 1.095099 0.988533 1.069434 1.046435 1.011304 0.994908 0.967900 1.124107 1.085950 1.084554 1.096487 1.148702 1.263969 1.336914 1.364456 1.374567 1.371799 1.490978 1.521928 1.457569 1.599550 1.598533 1.585321 1.588196 1.579963 1.462353 1.286709 1.156556 1.150424
0.000000 0.000000 0.000000 0.000000 0.225799 0.000000 0.000000 0.000000 0.000000 0.544280 0.682626 0.801952 0.837760 0.830276 0.783148 0.806794 0.860513 0.906691 0.961741 0.957480 0.913492 0.864664 0.822982 0.795366 0.754561 0.714016 0.642255 0.542440 0.497382 0.452718 0.000000 0.670817 0.777911 0.784665 0.787914 0.789281 0.568462 0.458906 0.429792 0.428892 0.544386 0.954978 1.225807 1.517255 1.790463 1.993181 2.085314 1.874464 1.789110 1.657057 1.473610 1.323124 1.195590 1.090234 0.960766 0.948985 0.915413 0.948684 0.856285 0.703481 0.433426 0.000000 0.000000 0.000000 0.000000 0.000000 0.000000 0.000000 0.000000 0.430643 0.574591 0.694137 0.740297 0.810720 0.886840 0.936845 0.953401 0.932631 1.006270 0.816117 0.723860 0.685420 0.439167 0.547763 0.687725 0.831625 0.666420 0.777080 0.789738 0.848555 0.918064 1.150843 0.962826 0.938807 0.871665 0.464112 0.401094 0.365611 0.304228 0.590340 0.789826 1.178488 1.286532 1.151619 1.086054 1.054093 1.035531 0.991663 0.954278 0.935613 0.945189 0.621786 0.779625 1.117000 1.203451 1.228727 0.942869 1.104958 0.596644 0.875762 0.925373 0.743311 0.695551 0.668061 0.681403 0.734306 0.824027 0.864159 0.860245 1.010202 0.991412 0.978550 0.990225 1.026175 1.038322 1.112571 1.079737 0.989086 0.828826 0.609469 0.602360 0.696464 0.716491 0.671933 0.691909 0.572499 0.586264 0.640350 0.873747 0.923132 0.884959 0.736585 0.692365 0.670032 0.514037 0.527837 0.704125 0.284998 0.331330 0.452722 0.608045 0.993744 0.779057 0.635076 0.468171 0.407666 0.319923 0.264840 0.278987 0.238455 0.573583 0.578677 0.603747 0.336406 0.741473 0.842552 1.125885 1.251932 1.196663 0.986456 0.869990 0.913465 0.947343 0.765550 0.841876 0.773337 0.851549 0.929207 1.107281 0.861655 1.049116 1.058913 0.857838 0.827520 0.829345 1.021059 0.981675 0.766049 0.725409 0.713641 0.712239 0.848293 0.307262 0.285108 0.482934 0.552881 0.706253 0.756704 0.717501 0.759077 0.821000 1.092432 0.796816 0.610298 0.468150 0.410754 0.388723 0.316610 0.297337 0.340121 0.443735 0.927503 0.986918 1.051289 1.060147 1.059664 1.047624 1.073659 1.124541 1.138511 0.985994 0.825331 0.759457 0.946965 0.941629 0.942820 0.967042 0.957671 1.020561 1.019248 0.937293 0.903478 0.955954 0.983950 0.986157 0.976519 0.957698 0.932416 0.751100 0.957439 0.928481 1.312115 1.314785 1.028091 1.244411 1.213420 1.175222 1.130427 1.098752 1.075185 1.076709 1.090080 1.194523 1.293731 1.334341 1.345539 1.450873 1.424600 1.319688 1.460646 1.496316 1.520118 1.514595 1.510589 1.496965 1.461997 1.338685 1.175026 1.068928 0.991108
0.000000 0.000000 0.000000 0.000000 0.302763 0.369281 0.000000 0.000000 0.000000 0.520303 0.641040 0.693238 0.686928 0.729638 0.782764 0.861184 0.956857 0.994572 0.991755 0.958692 0.908325 0.831704 0.745614 0.692691 0.643078 0.545182 0.476148 0.000000 0.000000 0.000000 0.609213 0.768015 0.832492 0.784196 0.810346 0.679986 0.506050 0.373032 0.000000 0.500502 1.073425 1.430356 1.638377 1.859738 2.028544 2.107280 2.029093 1.859858 1.676069 1.441556 1.279136 1.168015 0.977844 0.847133 0.798893 0.932224 0.897714 0.597885 0.402738 0.000000 0.000000 0.000000 0.000000 0.000000 0.000000 0.000000 0.000000 0.000000 0.422236 0.571432 0.737809 0.814080 0.849720 0.914444 0.956602 0.966303 0.939996 0.883414 0.805637 0.705829 0.556648 0.465746 0.594683 0.725343 0.817453 0.697846 0.445659 0.926990 0.913680 0.965130 0.986111 0.957181 0.587842 0.438334 0.332533 0.286845 0.264975 0.246364 0.598837 0.941699 1.240604 1.343085 1.212389 1.131186 0.820887 0.748720 1.041913 0.996379 0.972724 0.969103 1.017493 1.266779 1.190920 1.210323 1.211814 1.136927 1.031214 0.882780 0.946443 0.846254 0.669330 0.618252 0.617955 0.680856 0.832351 0.872855 0.918237 0.940973 0.940671 0.911062 0.884026 0.878458 0.893055 0.903386 0.889106 0.900759 0.762850 0.573982 0.550656 0.647464 0.697604 0.722693 0.693060 0.679570 0.673829 0.634352 0.687156 0.861626 0.917936 0.888750 0.804441 0.757587 0.682800 0.533454 0.526074 0.590630 0.274656 0.355800 0.503716 0.664143 1.203721 1.020042 0.624235 0.359951 0.255170 0.238507 0.212408 0.201458 0.185439 0.228456 0.582053 0.706989 0.393047 0.465911 0.880304 1.161622 1.285807 1.250346 1.095482 0.964308 0.884395 0.764805 0.772848 0.784232 0.814118 0.852838 1.070710 1.010279 0.732783 0.718289 0.725867 0.690028 0.805184 0.736762 0.695073 0.714540 0.913009 0.659554 0.832851 0.703202 0.882127 0.673909 0.357904 0.538437 0.711524 0.865658 1.008689 1.300154 1.130231 1.114017 1.093293 1.110851 0.758033 0.556663 0.357657 0.390520 0.462803 0.535087 0.637230 1.009176 1.064967 1.135246 1.162423 1.197402 1.257506 1.256601 1.380965 1.086723 0.994782 0.926133 0.812608 0.742456 0.856407 0.812929 0.802477 0.884640 0.857836 0.891939 0.921281 0.974166 1.053290 1.104458 1.116509 1.091660 1.053024 0.998161 0.936233 0.907474 1.000909 1.098951 1.197196 1.272883 1.270736 1.245819 1.214509 1.175857 1.132404 1.065294 1.022625 1.030785 1.075249 1.168101 1.251514 1.281319 1.254336 1.340923 1.320275 1.305754 1.297350 1.311069 1.375564 1.417964 1.415892 1.398353 1.362815 1.308385 1.189586 1.049601 0.973034 0.931936
0.000000 0.000000 0.000000 0.000000 0.000000 0.000000 0.000000 0.000000 0.000000 0.416865 0.463925 0.582399 0.633817 0.771528 0.876833 0.926196 0.982478 0.999250 0.968623 0.918877 0.876186 0.684501 0.507722 0.000000 0.000000 0.000000 0.000000 0.000000 0.000000 0.490891 0.669038 0.745523 0.872491 0.699983 0.814145 0.561790 0.000000 0.000000 0.636881 1.104587 1.524393 1.748727 1.883780 1.996047 2.025139 1.982452 1.807908 1.671787 1.431662 1.182094 0.961251 0.795094 0.662746 0.604587 0.416646 0.367678 0.000000 0.000000 0.000000 0.000000 0.000000 0.000000 0.000000 0.385938 0.403255 0.403127 0.000000 0.000000 0.553272 0.714143 0.979225 0.870778 0.918548 0.944200 0.947259 0.910833 0.823149 0.703233 0.602377 0.490518 0.486271 0.641123 0.782961 0.845980 0.895301 0.824204 0.927741 0.983428 1.004795 0.996386 0.636817 0.479130 0.317030 0.424980 0.298182 0.329646 0.811182 0.831600 0.945639 1.283599 1.421061 1.421109 1.189822 1.136272 1.123032 1.092314 1.059096 1.029507 1.012375 1.217034 1.249110 1.296427 0.885587 1.111707 1.055174 0.454670 0.971981 0.850902 0.779492 0.587595 0.558316 0.557586 0.752492 0.779393 0.791697 0.799088 0.805712 0.822793 0.788416 0.751933 0.732924 0.802951 0.797596 0.745261 0.673108 0.561158 0.497701 0.555726 0.629321 0.739511 0.783253 0.770405 0.757457 0.732072 0.685235 0.701089 0.818498 0.857989 0.845702 0.812089 0.805937 0.782513 0.689169 0.528675 0.580966 0.292519 0.418686 0.566660 0.735506 1.031917 0.688932 0.617388 0.344073 0.204946 0.218905 0.190424 0.163032 0.148414 0.201249 0.623882 0.683119 0.749580 0.517324 0.663727 1.205994 1.283983 1.196340 0.926140 0.996811 0.917307 0.737364 0.461082 0.742256 0.902434 0.930977 0.887260 0.640824 0.545870 0.552484 0.749337 0.725043 0.735266 0.612739 0.619396 0.718646 0.809914 0.633241 0.797870 0.826597 0.647736 0.352571 0.828829 0.537862 1.055473 1.147084 1.340822 1.370210 1.361353 1.145537 1.109697 1.079593 1.047164 0.619231 0.462724 0.387511 0.403850 0.912331 0.924474 0.607187 1.136688 1.172609 1.039645 1.199807 1.480862 1.453277 1.353932 1.232716 1.118293 0.988762 0.900313 0.860316 0.813483 0.811198 0.812927 0.789578 0.733145 0.852699 0.944571 1.049675 1.120733 1.148768 1.152922 1.113649 1.056275 1.007789 0.933881 1.075298 1.051137 1.145211 1.222641 1.278710 1.272174 1.257684 1.236081 1.316588 1.159357 1.168978 1.000304 0.986681 1.028615 1.083199 1.109210 1.137920 1.137217 1.198045 1.142249 1.125082 1.122259 1.120284 1.149716 1.207002 1.280520 1.308283 1.302791 1.258180 1.166352 1.038151 0.903600 0.866849 0.860866
0.000000 0.000000 0.000000 0.000000 0.000000 0.000000 0.000000 0.000000 0.000000 0.000000 0.490781 0.665230 0.816305 0.887189 0.920761 0.934505 0.951049 1.025585 0.823965 0.539157 0.000000 0.000000 0.000000 0.000000 0.000000 0.000000 0.000000 0.000000 0.000000 0.496763 0.617692 1.021985 0.654372 0.623392 0.482306 0.000000 0.000000 0.705269 1.121803 1.514789 1.785331 1.881360 1.910347 1.905945 1.882400 1.693424 1.446341 1.362266 0.993595 0.853831 0.714864 0.620774 0.547914 0.401991 0.000000 0.375155 0.404454 0.414862 0.416269 0.410076 0.387057 0.000000 0.421179 0.441581 0.431981 0.401224 0.000000 0.502935 0.669684 1.056639 0.848178 0.863078 0.897170 0.896650 0.817811 0.701515 0.597284 0.497654 0.454364 0.489769 0.670203 0.791030 0.827926 0.923920 1.056911 0.972605 1.070737 1.046076 0.991577 0.583181 0.354610 0.189961 0.253748 0.362503 0.855390 0.884360 0.915739 0.975307 1.290729 1.468143 1.484218 1.084934 1.178857 1.154357 1.124537 1.102297 1.082870 1.230222 1.215514 1.014912 1.211956 1.208439 1.179601 1.118859 0.874630 0.883749 0.789815 0.731840 0.670973 0.622350 0.780347 0.618403 0.338114 0.632210 0.754047 0.807811 0.785461 0.745565 0.693484 0.725083 0.741898 0.739114 0.705981 0.650883 0.575632 0.564108 0.589992 0.650289 0.786068 0.862458 0.866946 0.812628 0.712158 0.619501 0.701074 0.748891 0.782555 0.786062 0.815597 0.841128 0.848845 0.748147 0.694070 0.557956 0.340533 0.487537 0.647370 1.034605 0.702425 0.581274 0.412890 0.264846 0.212355 0.183696 0.171885 0.212145 0.157343 0.236136 0.686310 0.752721 0.791919 0.884495 0.780998 1.270082 1.231259 1.133085 0.970344 0.885754 0.861861 0.889869 0.691185 0.634010 0.617084 0.729626 0.718896 0.669675 0.475619 0.678228 0.686466 0.692905 0.663385 0.656155 0.734178 0.701313 0.720478 0.777048 0.864550 0.906100 0.867764 0.857432 0.948070 1.266033 1.350477 1.302559 1.213242 1.247237 1.211866 1.129009 1.071051 1.017943 0.974259 0.928187 0.477250 0.382857 0.288199 0.727070 0.744332 0.906291 0.874920 0.873093 1.050219 1.096361 1.437405 1.445182 1.300955 1.098647 0.998235 1.026161 0.959255 0.849482 0.850691 0.818481 0.799361 0.765557 0.788877 0.726357 1.004108 1.066265 1.117326 1.138856 1.128559 1.092049 1.048649 0.841720 1.016428 0.925941 1.205394 1.025013 1.243257 1.305134 1.277539 1.248024 1.227156 1.320239 1.189153 1.121446 1.099215 0.957586 0.972623 1.013951 1.009486 0.955574 0.993638 0.939794 0.907381 0.897724 0.921184 0.978558 1.044536 1.136799 1.251719 1.276657 1.194008 1.116305 1.036002 1.012121 0.904898 0.772217 0.776387 0.769651
0.000000 0.000000 0.000000 0.000000 0.000000 0.000000 0.000000 0.000000 0.000000 0.000000 0.668864 0.795391 0.857134 0.854576 0.888910 0.911564 0.624906 0.000000 0.000000 0.000000 0.000000 0.000000 0.000000 0.000000 0.000000 0.000000 0.000000 0.000000 0.000000 0.464632 0.698248 0.551478 0.000000 0.000000 0.000000 0.348564 0.599205 1.139529 1.424820 1.725646 1.830834 1.822675 1.812748 1.660013 1.452668 1.184531 0.950312 0.934497 0.882200 0.772895 0.675094 0.597499 0.539576 0.410720 0.415124 0.450804 0.462006 0.459269 0.444907 0.414823 0.392294 0.428205 0.447556 0.433939 0.000000 0.000000 0.000000 0.559730 0.862140 0.747761 0.793426 0.827929 0.787461 0.688715 0.556840 0.451187 0.433330 0.448280 0.530786 0.690462 0.821418 0.715643 0.939388 1.083284 1.251845 1.070504 1.069012 0.680567 0.457047 0.221832 0.156573 0.275641 0.727977 0.898931 0.926615 0.973184 0.994845 1.286654 1.475356 1.521340 1.295684 1.239064 1.186385 1.144933 1.120014 1.282537 1.237845 1.217631 1.173425 1.133706 1.098177 1.047173 0.984393 0.902827 0.809257 0.731910 0.807418 0.678182 0.572590 0.464283 0.515865 0.552292 0.693108 0.784933 0.795507 0.767736 0.725397 0.747100 0.771238 0.790309 0.775850 0.738678 0.661427 0.567138 0.585843 0.586153 0.679449 0.792822 0.848694 0.816202 0.707124 0.661969 0.646897 0.764685 0.823270 0.826213 0.787078 0.801450 0.857663 0.895036 0.854082 0.763493 0.722856 0.241319 0.459024 0.633786 1.008017 0.658187 0.871178 0.341223 0.263645 0.212025 0.162820 0.166512 0.156260 0.207161 0.283892 0.738255 0.815653 0.868497 0.971617 1.113978 1.292063 1.292133 1.053762 0.720204 0.853380 0.776035 0.606102 0.572630 0.571995 0.706500 0.671708 0.643137 0.662725 0.645465 0.684197 0.682618 0.711001 0.698762 0.691453 0.680977 0.810368 0.739572 0.751813 0.807630 0.936354 1.038755 1.057613 1.253821 1.326783 1.275069 1.188278 1.197205 1.367064 1.162433 1.079283 0.972973 0.924899 0.916649 0.547208 0.468628 0.290804 0.660659 0.797910 0.705606 0.893515 0.547844 0.732791 0.975209 1.307809 1.510987 1.506645 1.483738 1.222900 1.047383 0.970674 0.941793 0.877656 0.877009 0.829906 0.813769 0.825908 0.862753 0.919732 1.029290 1.042324 1.047246 1.050067 1.069027 0.984529 0.955546 0.846865 0.915243 1.139005 1.274617 1.303925 1.210536 1.008319 1.241011 1.220530 1.192860 1.274943 1.196388 1.117653 1.044074 0.995879 0.881021 0.906920 0.892483 0.842355 0.808705 0.686773 0.708980 0.791864 0.877932 0.971199 1.064311 1.142371 1.198515 1.194170 1.117077 1.009524 0.918814 1.007990 1.059170 0.926306 0.761302 0.694063 0.674867
0.000000 0.000000 0.000000 0.000000 0.000000 0.000000 0.000000 0.000000 0.396504 0.691116 0.699816 0.762657 0.849394 0.653694 0.409943 0.000000 0.000000 0.000000 0.000000 0.000000 0.000000 0.000000 0.000000 0.000000 0.000000 0.000000 0.000000 0.000000 0.000000 0.000000 0.000000 0.000000 0.000000 0.000000 0.000000 0.589965 1.031539 1.390490 1.590816 1.746829 1.748594 1.688514 1.558063 1.305274 1.114480 1.036773 0.977181 0.948596 0.836555 0.677018 0.513881 0.442249 0.000000 0.441214 0.479568 0.496975 0.494944 0.473715 0.440684 0.484590 0.416372 0.421514 0.402915 0.000000 0.000000 0.000000 0.000000 0.578485 0.681281 0.736381 0.746351 0.679354 0.566148 0.425851 0.433679 0.362051 0.417798 0.559028 0.725455 0.867741 0.880592 0.974931 1.089610 1.189074 1.253364 0.722003 0.546071 0.322201 0.143455 0.306993 0.336453 0.437004 0.952747 0.947593 0.994256 1.009838 1.272319 1.461333 1.509360 1.240325 1.442289 1.393951 1.137058 1.089177 1.257080 1.206383 1.155618 1.094428 1.037640 0.985780 0.939146 0.967614 0.714663 0.634351 0.743118 0.678528 0.613006 0.546837 0.445241 0.478010 0.497229 0.617341 0.674467 0.714743 0.709244 0.734307 0.769602 0.807552 0.821425 0.800065 0.736495 0.624825 0.506305 0.555916 0.675292 0.586016 0.743183 0.749946 0.773240 0.737794 0.650044 0.713109 0.842786 0.917952 0.937516 0.916516 0.877078 0.887734 0.833821 0.818828 0.627030 0.616002 0.188177 0.348468 0.540092 0.649629 0.573148 0.459282 0.377501 0.310415 0.260395 0.219936 0.266457 0.211745 0.229963 0.337201 0.773587 0.856915 0.947101 1.070694 1.297022 1.287659 1.281412 1.077434 0.951006 0.806724 0.652614 0.481137 0.643561 0.734898 0.585842 0.766843 0.711769 0.686439 0.546038 0.863870 0.727034 0.748360 0.724720 0.713870 0.699723 0.690334 0.721612 0.734489 0.824632 0.990509 1.099632 1.206473 1.287494 1.350984 1.294831 1.326409 1.328682 1.117169 1.238730 0.964324 0.863327 0.821410 0.816534 0.356446 0.299325 0.243372 0.116946 0.612978 0.662171 0.000000 0.467721 0.785994 1.141981 1.393140 1.562851 1.683775 1.592209 1.380921 1.213129 1.113840 1.035988 0.943432 0.907156 0.879265 0.870360 0.876922 0.912782 0.946034 1.006713 0.976425 0.980709 0.966491 0.944729 0.986365 0.818859 0.872106 0.912312 0.953117 1.118846 1.124503 1.122933 1.193083 1.080933 1.094044 1.096789 1.184115 0.997908 0.986659 0.923096 0.866721 0.806957 0.731860 0.744393 0.791214 0.699266 0.592694 0.600108 0.623216 0.743100 0.834098 0.902364 0.958950 1.017793 1.034843 0.973046 0.804098 0.798037 0.899203 1.017718 1.044555 0.929306 0.764282 0.672691 0.584079
0.000000 0.000000 0.000000 0.000000 0.000000 0.000000 0.000000 0.000000 0.000000 0.223728 0.472228 0.275567 0.000000 0.000000 0.000000 0.000000 0.000000 0.000000 0.000000 0.000000 0.000000 0.000000 0.000000 0.000000 0.000000 0.000000 0.000000 0.000000 0.000000 0.000000 0.000000 0.000000 0.000000 0.000000 0.381018 0.820838 1.229809 1.450693 1.566910 1.650234 1.658508 1.474750 1.286436 1.120385 0.971727 0.870138 0.889910 0.816628 0.649215 0.528278 0.405933 0.387553 0.521395 0.564505 0.576827 0.517852 0.500680 0.462793 0.423699 0.391167 0.000000 0.000000 0.000000 0.000000 0.000000 0.000000 0.477375 0.596205 0.662896 0.644654 0.581964 0.469870 0.000000 0.004000 0.641427 0.808888 0.569258 0.753770 0.947634 1.087228 1.042959 1.088311 1.141680 0.959172 0.561831 0.370446 0.256132 0.303009 0.360065 0.482302 1.039019 1.012143 0.988033 0.997603 1.018442 1.237610 1.441048 1.504249 1.474021 1.426965 1.377991 1.297898 1.263444 1.259409 1.198669 1.092415 0.992767 0.930716 0.903840 0.951247 0.916999 0.853091 0.772846 0.689969 0.626895 0.556294 0.557261 0.563456 0.561348 0.452796 0.588678 0.583542 0.567357 0.673162 0.742137 0.771285 0.801111 0.808697 0.771060 0.686158 0.578035 0.416968 0.590447 0.673338 0.737367 0.796080 0.785424 0.740838 0.737179 0.680123 0.768614 0.905783 0.996651 1.032739 1.026957 1.002289 1.048574 0.960761 0.866034 0.635786 0.642820 0.217299 0.259440 0.417979 0.522185 0.449800 0.419992 0.430018 0.433201 0.391650 0.452624 0.433322 0.288490 0.323832 0.363142 0.505768 0.629551 1.034089 1.118821 1.275338 1.215250 1.196068 0.978328 0.856145 0.661318 0.584942 0.631832 0.678048 0.771722 0.752010 0.771423 0.769604 0.740079 0.590181 0.608325 0.616847 0.781010 0.749981 0.677963 0.696519 0.694166 0.719777 0.791481 0.876858 1.023537 1.051479 1.222069 1.285045 1.216587 1.242748 1.251983 1.234280 1.184560 1.083237 0.977378 0.727813 0.684215 0.659931 0.844884 0.780590 0.459487 0.521919 0.372478 0.246830 0.724303 0.700974 0.926905 1.124597 1.399948 1.555444 1.681417 1.624859 1.401004 1.248388 1.194365 1.081844 0.951705 0.902983 0.885085 0.878812 0.884803 0.922229 0.949009 1.013878 1.011140 1.020732 0.972913 0.896072 0.930636 0.505046 0.515682 0.834094 0.843305 0.861848 0.986996 0.768455 0.954172 0.966662 1.043951 1.026610 1.002506 0.878150 0.843974 0.769387 0.733020 0.719163 0.701444 0.692494 0.679924 0.612980 0.580836 0.581787 0.583358 0.586744 0.613441 0.644608 0.676646 0.683681 0.694870 0.748209 0.764169 0.776135 0.803933 0.873048 0.971416 1.021964 0.926561 0.771384 0.708650 0.606726
0.000000 0.000000 0.000000 0.000000 0.000000 0.000000 0.000000 0.000000 0.000000 0.000000 0.000000 0.000000 0.000000 0.000000 0.000000 0.000000 0.000000 0.000000 0.000000 0.000000 0.000000 0.000000 0.000000 0.000000 0.000000 0.000000 0.000000 0.000000 0.000000 0.000000 0.000000 0.000000 0.000000 0.000000 0.165445 0.917749 1.265593 1.530614 1.593477 1.632614 1.517749 1.314609 1.111909 0.986126 0.832596 0.729782 0.614486 0.403599 0.421277 0.441426 0.510128 0.533600 0.560670 0.623590 0.619693 0.578934 0.484672 0.515632 0.492429 0.367072 0.000000 0.000000 0.000000 0.000000 0.000000 0.000000 0.473742 0.513760 0.494271 0.431423 0.000000 0.000000 0.000000 0.000000 0.971067 1.295274 1.851845 0.964315 1.128424 1.198296 1.103806 0.918091 0.848200 0.423929 0.344973 0.288745 0.370455 0.481610 1.133221 0.940896 0.898433 0.866647 1.000500 1.011596 1.177452 1.411662 1.491361 1.465644 1.421169 1.369338 1.294795 1.209827 1.177647 1.154167 1.111207 0.975703 0.878534 0.878768 0.937908 0.892665 0.837075 0.743193 0.670231 0.579606 0.578632 0.595468 0.594927 0.573154 0.556403 0.525349 0.490107 0.525836 0.624524 0.703711 0.757439 0.765598 0.735943 0.690144 0.721609 0.651905 0.488706 0.618203 0.716557 0.745374 0.798970 0.798681 0.753089 0.682260 0.700489 0.792847 0.947870 1.049328 1.096306 1.093476 1.061841 0.928643 0.872237 0.831899 0.660651 0.407358 0.257241 0.218284 0.315196 0.416543 0.409668 0.394611 0.428194 0.445492 0.435062 0.365157 0.318052 0.357942 0.363808 0.401176 0.486211 0.687802 1.085649 1.286838 1.240880 1.140448 1.045247 0.807458 0.587453 0.591905 0.552821 0.626419 0.637213 0.701318 0.649628 0.804994 0.808227 0.768781 0.613172 0.637668 0.786076 0.812000 0.772093 0.737761 0.690465 0.656187 0.704024 0.754636 0.841725 1.011706 1.116126 1.188294 1.138638 1.144219 1.136111 1.136021 1.108662 1.019690 0.988718 0.860111 0.804625 0.725095 0.751795 0.662936 0.481464 0.444759 0.000000 0.000000 0.000000 0.581046 0.773749 1.004012 1.206246 1.369350 1.527353 1.631345 1.559187 1.351420 1.229867 1.084213 0.998818 0.855139 0.681469 0.851567 0.890100 0.920766 0.941456 0.955582 1.055666 1.039549 0.916479 0.917817 0.762098 0.905073 0.283281 0.310723 0.716853 0.733156 0.751768 0.751670 0.704330 0.808775 0.854069 0.886968 0.901824 0.874837 0.843254 0.758508 0.688419 0.629542 0.647837 0.680977 0.685856 0.648687 0.608089 0.573801 0.550891 0.562408 0.567791 0.573851 0.610445 0.633184 0.657843 0.671946 0.705914 0.759083 0.779078 0.783783 0.795974 0.822196 0.856565 0.908809 0.850698 0.731279 0.614266 0.583257
0.000000 0.000000 0.000000 0.000000 0.000000 0.000000 0.000000 0.000000 0.000000 0.000000 0.000000 0.000000 0.000000 0.000000 0.000000 0.000000 0.000000 0.000000 0.000000 0.000000 0.000000 0.000000 0.000000 0.000000 0.000000 0.000000 0.000000 0.000000 0.000000 0.000000 0.000000 0.000000 0.000000 0.000000 0.000000 0.892522 1.228356 1.512638 1.549945 1.477281 1.316681 1.100053 0.890962 0.721995 0.588449 0.000000 0.000000 0.429610 0.460324 0.559059 0.561850 0.586346 0.654549 0.658617 0.621787 0.553025 0.537740 0.517343 0.481446 0.000000 0.000000 0.000000 0.000000 0.000000 0.000000 0.000000 0.000000 0.000000 0.000000 0.000000 0.000000 0.000000 0.000000 0.402206 0.603077 1.440801 1.691989 1.104654 1.197665 1.219164 1.083332 0.889003 0.803236 1.145368 0.426411 0.561148 1.003214 1.023583 0.995272 0.956070 0.895304 0.862407 1.006755 1.070915 1.360355 1.450711 1.437761 1.504358 1.383878 1.287383 1.202751 1.118393 1.031410 0.986941 0.923670 0.924007 0.873283 0.872276 0.861480 0.803339 0.704956 0.614436 0.586619 0.614991 0.632493 0.638571 0.656019 0.622829 0.554896 0.506308 0.497856 0.565587 0.628484 0.686281 0.678577 0.639685 0.610133 0.413434 0.474732 0.527212 0.645637 0.739330 0.748542 0.794902 0.789256 0.736360 0.653352 0.719120 0.833733 0.974301 1.085033 1.134421 1.132078 1.094725 1.047377 0.895100 0.837685 0.806844 0.680438 0.292803 0.196596 0.235596 0.366473 0.452834 0.375406 0.431198 0.502502 0.510484 0.417981 0.411066 0.401347 0.381864 0.407631 0.455431 0.691018 0.844863 1.092195 1.178930 0.922661 0.857596 0.646411 0.570927 0.600658 0.563861 0.571338 0.654941 0.687483 0.759861 0.826256 0.808503 0.757602 0.599029 0.646471 0.804243 0.844218 0.800537 0.745134 0.666386 0.628521 0.604477 0.635252 0.768385 0.961212 1.063192 1.113961 1.043311 1.041311 1.012659 0.791561 0.921019 0.917806 0.752555 0.726208 0.696603 0.679446 0.620591 0.483824 0.434002 0.000000 0.000000 0.000000 0.547380 0.700382 0.830972 0.994562 1.192864 1.355203 1.440683 1.461835 1.458224 1.335304 1.090357 0.911689 0.672381 0.756749 0.805837 0.871254 0.942609 0.966537 0.978717 0.966123 1.057232 0.818280 0.790034 0.767349 0.756690 0.720969 0.314796 0.374606 0.756634 0.773382 0.784998 0.755406 0.856147 0.811755 0.777702 0.801641 0.806881 0.765617 0.718357 0.661153 0.676861 0.671658 0.673229 0.682233 0.689539 0.663253 0.609346 0.573803 0.557066 0.567712 0.564435 0.583919 0.601374 0.623368 0.648105 0.668270 0.681974 0.697241 0.709189 0.698499 0.681116 0.668328 0.677479 0.718241 0.780287 0.766289 0.680384 0.600270 0.565081
0.000000 0.000000 0.000000 0.000000 0.000000 0.000000 0.000000 0.000000 0.000000 0.000000 0.000000 0.000000 0.000000 0.000000 0.000000 0.000000 0.000000 0.000000 0.000000 0.000000 0.000000 0.000000 0.000000 0.000000 0.000000 0.000000 0.000000 0.000000 0.000000 0.000000 0.000000 0.000000 0.000000 0.000000 0.485337 0.861537 1.179769 1.360456 1.377844 1.265714 1.028166 0.764813 0.560942 0.422481 0.000000 0.000000 0.439620 0.553571 0.605565 0.589375 0.611399 0.668955 0.667893 0.629088 0.563354 0.546296 0.520187 0.410055 0.379351 0.000000 0.000000 0.000000 0.000000 0.000000 0.000000 0.000000 0.000000 0.000000 0.000000 0.000000 0.000000 0.000000 0.420887 0.630944 0.829937 0.989563 1.118465 1.175164 1.207580 0.963807 0.919198 0.821517 0.796684 0.905276 0.998688 0.734963 1.082942 1.048208 0.995496 0.935995 0.881598 0.995898 0.996895 1.265791 1.412285 1.400440 1.372080 1.339745 1.054369 1.201167 1.100691 0.992202 0.961679 0.879903 0.824765 0.842795 0.837822 0.805912 0.749263 0.674352 1.010398 0.641490 0.678185 0.717425 0.720917 0.700465 0.655575 0.611181 0.532339 0.519923 0.506116 0.543963 0.546975 0.508578 0.000000 0.404238 0.456639 0.510862 0.563313 0.671595 0.766677 0.755504 0.784759 0.769142 0.711792 0.706118 0.716225 0.824305 0.956046 1.066829 1.147384 1.158574 1.121132 1.067961 0.925616 0.875374 0.707572 0.699903 0.323534 0.185355 0.195115 0.331232 0.458798 0.435880 0.735106 0.756184 0.624190 0.465860 0.495644 0.438813 0.370448 0.362386 0.458044 0.674692 0.808615 1.035455 0.952649 0.961707 0.808429 0.631334 0.588938 0.603677 0.591354 0.572835 0.606595 0.621860 0.590236 0.643204 0.771267 0.718628 0.575627 0.642394 0.816857 0.890839 0.836716 0.743480 0.655190 0.586313 0.594740 0.644894 0.646908 0.841158 0.951850 1.004290 1.013171 0.909161 0.849532 0.783611 0.780869 0.793430 0.719632 0.656085 0.606461 0.536929 0.646235 0.472692 0.000000 0.000000 0.000000 0.466855 0.641641 0.773722 0.894259 0.993571 1.136258 1.290071 1.327355 1.298724 1.260376 1.181081 1.008764 0.729296 0.832913 0.667558 0.816999 0.883730 0.971983 1.012479 0.992816 0.790078 0.747851 0.752020 0.756824 0.787102 0.820292 0.985905 0.807959 0.795544 0.807181 0.808452 0.802108 0.927359 0.813689 0.734445 0.756390 0.752730 0.745591 0.708220 0.615210 0.674704 0.721658 0.707211 0.700778 0.691777 0.697800 0.661467 0.629162 0.604233 0.592275 0.575251 0.553212 0.569114 0.592335 0.606580 0.619446 0.632274 0.646896 0.648550 0.633261 0.622056 0.594265 0.561900 0.549376 0.620448 0.682086 0.751275 0.734933 0.631609 0.588180 0.541429
0.000000 0.000000 0.000000 0.000000 0.000000 0.000000 0.000000 0.000000 0.000000 0.000000 0.000000 0.000000 0.000000 0.000000 0.000000 0.000000 0.000000 0.000000 0.000000 0.000000 0.000000 0.000000 0.000000 0.000000 0.000000 0.000000 0.000000 0.000000 0.000000 0.000000 0.000000 0.000000 0.000000 0.000000 0.565280 0.942737 1.355652 1.114280 0.963020 0.900508 0.718208 0.597345 0.000000 0.000000 0.000000 0.437131 0.574445 0.653837 0.663467 0.621958 0.666713 0.654604 0.588896 0.536770 0.530048 0.506552 0.407650 0.380975 0.000000 0.000000 0.000000 0.000000 0.000000 0.000000 0.000000 0.403160 0.435331 0.440123 0.421851 0.000000 0.000000 0.452687 0.626873 0.817874 0.980892 1.073645 1.073090 1.106193 0.937661 0.860404 0.805570 0.872798 0.971307 1.262062 1.109737 1.109720 1.083809 1.017996 0.950148 1.076697 1.017767 0.971668 1.128007 1.338123 1.377302 1.348219 1.323814 1.283610 1.203679 1.101368 1.000952 0.898536 0.853819 0.763133 0.755350 0.767008 0.748806 0.691884 0.626331 0.600146 0.649703 0.715943 0.747570 0.750331 0.719731 0.679241 0.624337 0.569016 0.463771 0.395135 0.381816 0.000000 0.000000 0.419578 0.463085 0.518392 0.568315 0.619902 0.705157 0.802096 0.861728 0.786596 0.756980 0.943174 0.694802 0.696091 0.750646 0.855848 0.977429 1.081407 1.152231 1.154940 1.092399 1.045001 0.790662 0.743952 0.721390 0.369368 0.235021 0.245710 0.378959 0.407682 0.397818 0.408944 0.509232 0.600329 0.524900 0.460705 0.254764 0.183378 0.287462 0.472063 0.668664 1.019036 0.948412 0.847668 0.705746 0.712378 0.603299 0.636857 0.692441 0.613440 0.551224 0.579409 0.159178 0.547493 0.585795 0.566630 0.539357 0.574434 0.645833 0.690914 0.853773 0.869861 0.743871 0.663866 0.620769 0.592350 0.551682 0.523158 0.696464 0.797744 0.853470 0.862797 0.811050 0.710395 0.671507 0.704036 0.823845 0.567472 0.493898 0.441773 0.431649 0.547243 0.000000 0.000000 0.000000 0.406836 0.484374 0.671024 0.819021 0.919284 1.000123 1.082651 1.209652 1.196742 1.127224 1.103482 1.014683 0.975195 0.737215 0.686112 0.655033 0.773604 0.799940 0.895657 0.810503 0.830560 0.732317 0.628140 0.709644 0.782085 0.996932 1.062703 1.089102 0.917793 0.889887 0.865893 0.992894 0.949912 0.883872 0.780045 0.718750 0.702827 0.777670 0.770869 0.736181 0.714942 0.691751 0.748010 0.762148 0.736705 0.740281 0.721973 0.692516 0.692436 0.659966 0.641126 0.624330 0.601692 0.563866 0.548221 0.620206 0.631420 0.631327 0.624999 0.568266 0.556825 0.532218 0.496170 0.456434 0.435331 0.579517 0.639645 0.698912 0.714757 0.704241 0.622855 0.629885 0.515991
0.000000 0.000000 0.000000 0.000000 0.000000 0.000000 0.000000 0.000000 0.000000 0.000000 0.000000 0.000000 0.000000 0.000000 0.000000 0.000000 0.000000 0.000000 0.000000 0.000000 0.000000 0.000000 0.000000 0.000000 0.000000 0.000000 0.000000 0.000000 0.000000 0.000000 0.000000 0.000000 0.465278 0.000000 0.557019 0.822231 0.954505 0.855260 0.794704 0.700314 0.530810 0.476829 0.000000 0.000000 0.408459 0.470924 0.639999 0.670973 0.648150 0.637875 0.592223 0.456259 0.422941 0.397002 0.406825 0.392117 0.000000 0.393055 0.394304 0.382240 0.000000 0.000000 0.000000 0.000000 0.460506 0.502496 0.504937 0.482949 0.445010 0.000000 0.469148 0.642717 0.780197 0.924241 0.958961 1.030617 0.892548 0.846234 0.836147 0.887613 0.950864 1.046329 1.130934 1.139345 1.118357 1.082135 1.020732 0.933705 1.044096 1.032965 0.978542 1.002040 1.227547 1.329653 1.340656 1.336383 1.276899 1.195128 1.092746 0.983799 0.949466 0.831951 0.738618 0.696597 0.699992 0.688865 0.641390 0.582999 0.586519 0.673373 0.740018 0.777012 0.764810 0.719779 0.674577 0.627069 0.572042 0.506777 0.000000 0.000000 0.000000 0.418677 0.493720 0.543980 0.579300 0.634714 0.694587 0.766565 0.846393 0.919109 0.905173 0.846370 0.764997 0.706378 0.643218 0.661897 0.712102 0.825821 0.971824 1.103686 1.092381 1.091620 1.107730 0.840768 0.803156 0.765551 0.746917 0.353153 0.335356 0.440856 0.367933 0.363878 0.353882 0.508861 0.664304 0.659975 0.576623 0.558054 0.295897 0.321436 0.430578 0.633500 0.944583 0.844149 0.729251 0.586442 0.672677 0.653113 0.683190 0.675519 0.623011 0.528144 0.609877 0.647219 0.248970 0.241478 0.698811 0.532840 0.597550 0.657830 0.693592 0.869054 0.813912 0.753953 0.637257 0.636454 0.581589 0.520705 0.438481 0.470495 0.609966 0.679440 0.685612 0.647740 0.571305 0.482998 0.781415 0.930142 0.481303 0.000000 0.000000 0.000000 0.000000 0.000000 0.000000 0.000000 0.408855 0.457744 0.677722 0.767261 0.876515 1.021628 1.068137 1.054764 1.019127 0.974198 0.938492 0.922172 0.859463 0.841998 0.789377 0.586810 0.561443 0.563385 0.875338 0.820646 0.808012 0.795339 0.695570 0.843559 1.037896 1.127919 1.227615 1.278187 1.178511 1.139888 1.096051 1.032507 0.931502 0.852755 0.784285 0.795596 0.808552 0.798401 0.853871 0.823935 0.801312 0.745347 0.732439 0.794441 0.794850 0.763492 0.769059 0.740550 0.709055 0.709933 0.674674 0.641146 0.597533 0.549334 0.596778 0.601834 0.598696 0.592698 0.583518 0.570288 0.552603 0.525885 0.388838 0.000000 0.542909 0.560464 0.651761 0.700877 0.739248 0.758054 0.724241 0.652926 0.656413 0.586560
0.000000 0.000000 0.000000 0.000000 0.000000 0.000000 0.000000 0.000000 0.000000 0.000000 0.000000 0.000000 0.000000 0.000000 0.000000 0.000000 0.000000 0.000000 0.000000 0.000000 0.000000 0.000000 0.000000 0.000000 0.000000 0.000000 0.000000 0.000000 0.000000 0.000000 0.000000 0.000000 0.000000 0.000000 0.435980 0.651503 0.691055 0.712525 0.676827 0.606366 0.550780 0.525774 0.000000 0.000000 0.423462 0.535055 0.602404 0.540652 0.468239 0.000000 0.000000 0.000000 0.000000 0.000000 0.413326 0.451277 0.465401 0.461803 0.444028 0.415035 0.000000 0.000000 0.419192 0.509351 0.561099 0.567079 0.544946 0.497482 0.431998 0.467457 0.578457 0.749813 0.881444 0.901404 0.946312 0.910537 0.742087 0.883687 1.001302 1.061337 1.308969 1.161041 1.162224 1.120010 1.060090 0.995118 0.927679 1.021946 0.988475 0.950718 0.914341 1.153856 1.283226 1.313699 1.309075 1.258698 1.179525 1.074672 1.047084 0.935109 0.843487 0.773185 0.725606 0.646462 0.619689 0.580645 0.534198 0.603931 0.696543 0.770967 0.793134 0.778676 0.726005 0.660559 0.596762 0.542184 0.421205 0.396839 0.004000 0.367302 0.467825 0.552635 0.618024 0.670479 0.717619 0.773863 0.839358 0.887220 0.942805 0.929775 0.868987 0.778438 0.668491 0.563609 0.575577 0.599421 0.715550 0.850400 1.012221 1.093677 1.162520 1.215621 0.909503 0.848205 0.820303 0.779848 0.776078 0.407460 0.460279 0.352176 0.347902 0.334197 0.455584 0.689816 0.803745 0.630330 0.517646 0.304857 0.330577 0.384385 0.897402 0.861540 0.735651 0.621061 0.537325 0.524608 0.694737 0.703904 0.694907 0.629143 0.552145 0.693316 0.715152 0.754855 0.765225 0.730312 0.567463 0.608808 0.668300 0.708978 0.882653 0.832816 0.706926 0.585009 0.559883 0.540517 0.830237 0.417169 0.000000 0.619406 0.443444 0.498591 0.510182 0.000000 0.565796 0.935702 0.702394 0.464351 0.000000 0.000000 0.000000 0.000000 0.654718 0.674526 0.675108 0.486028 0.586146 0.614890 0.748100 0.859442 0.942879 1.052926 0.993544 0.887252 0.855071 0.831189 0.771881 0.728390 0.752068 0.739854 0.684480 0.499968 0.473255 0.680923 0.752616 0.783809 0.704939 0.590333 0.929113 1.101925 1.180295 1.268495 1.342662 1.249686 1.209411 1.148322 1.065734 0.947254 0.994913 0.904393 0.909316 0.901052 0.882831 0.906263 0.880225 0.817263 0.736529 0.623341 0.806687 0.875751 0.827545 0.782017 0.782533 0.754089 0.718480 0.668016 0.586153 0.521305 0.559942 0.570435 0.552747 0.561638 0.557024 0.547445 0.534224 0.517852 0.501828 0.484176 0.480854 0.518647 0.620898 0.694827 0.764690 0.816492 0.823624 0.833882 0.764741 0.724195 0.668898 0.609151
0.000000 0.000000 0.000000 0.000000 0.000000 0.000000 0.000000 0.000000 0.000000 0.000000 0.000000 0.000000 0.000000 0.000000 0.000000 0.000000 0.000000 0.000000 0.000000 0.000000 0.000000 0.000000 0.000000 0.000000 0.000000 0.000000 0.000000 0.000000 0.000000 0.000000 0.000000 0.000000 0.000000 0.544227 0.697439 0.773700 0.790280 0.845085 0.657021 0.560943 0.479717 0.436275 0.000000 0.000000 0.000000 0.000000 0.000000 0.000000 0.000000 0.000000 0.000000 0.000000 0.435458 0.509655 0.541320 0.548486 0.537322 0.510771 0.468956 0.418678 0.004000 0.460819 0.554150 0.609216 0.621565 0.598079 0.540442 0.462818 0.426326 0.514722 0.708071 0.837522 0.829366 0.865398 0.878519 0.775034 0.951776 1.096661 1.163425 1.206940 1.206713 1.186925 1.124848 1.057092 0.994632 1.102369 1.026123 0.966740 0.924796 0.841224 1.070567 1.234013 1.263525 1.249271 1.190863 1.130799 1.049316 1.081463 0.954115 0.870221 0.718329 0.663732 0.619862 0.573253 0.532538 0.487877 0.610355 0.703913 0.785152 0.803990 0.782727 0.723511 0.644046 0.558700 0.455123 0.521707 0.415981 0.542880 0.422049 0.510315 0.593391 0.667860 0.731629 0.786920 0.853142 0.922265 0.952818 0.962081 0.921672 0.854739 0.735451 0.601710 0.489677 0.504315 0.503988 0.613458 0.782510 0.920832 1.071154 1.190280 1.079585 1.000875 0.907347 0.854855 0.824345 0.793612 0.817655 0.461847 0.336957 0.210117 0.345726 0.681278 0.746949 1.121416 1.023212 0.873834 0.417278 0.450446 0.483920 0.887162 0.836285 0.702417 0.611839 0.569988 0.557274 0.723599 0.727812 0.684593 0.646676 0.634439 0.646135 0.753038 0.803924 0.802999 0.634036 0.597159 0.615003 0.661004 0.710700 0.856072 0.798467 0.687360 0.607533 0.455026 0.000000 0.000000 0.519830 0.461235 0.000000 0.000000 0.000000 0.000000 0.256405 0.589804 0.000000 0.449481 0.515304 0.000000 0.000000 0.000000 0.523066 0.587702 0.602462 0.546027 0.554550 0.646211 0.642802 0.713580 0.786891 0.840975 0.848501 0.891217 0.767380 0.734415 0.720475 0.711093 0.678021 0.692843 0.673271 0.661160 0.617151 0.582045 0.644657 0.782168 0.780409 0.719997 0.662774 0.945482 1.120463 1.225002 1.282121 1.371543 1.404904 1.267366 1.204365 1.123545 1.035633 1.010481 0.989049 0.993503 0.974635 0.932351 0.965272 0.896706 0.975579 0.708825 0.636360 0.725988 0.881659 0.926781 0.871541 0.793112 0.720745 0.668004 0.627099 0.542869 0.499875 0.580525 0.619167 0.649259 0.618355 0.616158 0.608346 0.597599 0.582232 0.565057 0.549123 0.545346 0.571492 0.675128 0.768864 0.836146 0.877804 0.820885 0.822880 0.881334 0.794857 0.752644 0.687298 0.614796
0.000000 0.000000 0.000000 0.000000 0.000000 0.000000 0.000000 0.000000 0.000000 0.000000 0.000000 0.000000 0.000000 0.000000 0.000000 0.000000 0.000000 0.000000 0.000000 0.000000 0.000000 0.000000 0.000000 0.000000 0.000000 0.000000 0.000000 0.000000 0.000000 0.000000 0.000000 0.000000 0.665083 0.827486 0.888284 0.881661 0.828813 0.733378 0.623525 0.548494 0.498530 0.449171 0.000000 0.000000 0.000000 0.000000 0.000000 0.000000 0.004000 0.000000 0.398213 0.510436 0.598531 0.632699 0.638055 0.624186 0.588304 0.537286 0.469728 0.439573 0.482116 0.576972 0.638183 0.662609 0.629281 0.563038 0.468498 0.000000 0.447112 0.648933 0.755916 0.729867 0.820777 0.756698 0.862038 1.018802 1.151515 1.238055 1.247417 1.253041 1.220940 1.138519 1.047967 1.152491 1.073579 1.014902 0.935865 0.896855 0.835313 0.998661 1.221908 1.266421 1.237312 1.168826 1.131981 1.177625 1.186872 1.014279 0.892414 0.757288 0.632677 0.592394 0.554486 0.498587 0.536937 0.613850 0.698964 0.762265 0.794028 0.782807 0.704021 0.625528 0.575159 0.481938 0.451277 0.426084 0.407245 0.424245 1.012065 0.606370 0.679195 0.738155 0.803755 0.874820 0.929265 0.946609 0.907089 0.803302 0.751015 0.503164 0.000000 0.389000 0.388949 0.000000 0.000000 0.700298 0.959405 1.084207 1.084557 1.132245 1.066813 0.967846 0.902923 0.862550 0.824177 0.827789 0.379933 0.376721 0.182644 0.185547 0.405784 0.966963 0.726400 1.045301 0.847999 0.759564 0.817343 0.963938 0.921876 0.859872 0.723919 0.654209 0.620425 0.602226 0.757582 0.732060 0.685402 0.673733 0.649247 0.667736 0.761803 0.819619 0.825354 0.652599 0.618610 0.337977 0.662954 0.677633 0.662586 0.750626 0.696599 0.558352 0.000000 0.000000 0.000000 0.518559 0.575928 0.484584 0.000000 0.000000 0.000000 0.000000 0.562795 0.445751 0.408344 0.000000 0.000000 0.000000 0.453929 0.589945 0.655595 0.675182 0.649245 0.618416 0.690577 0.726905 0.725282 0.786087 0.779161 0.741444 0.698420 0.679391 0.639063 0.653580 0.694259 0.694063 0.781369 0.780040 0.699006 0.565035 0.497104 0.628622 0.788678 0.815930 0.759743 0.781181 1.019558 1.136230 1.230690 1.281073 1.345860 1.409051 1.158964 1.092662 1.166314 1.087570 1.065558 1.059767 1.049012 1.015457 1.050511 0.977062 0.916873 0.852345 0.870514 0.727967 0.673009 0.780078 0.841810 0.820207 0.763273 0.696196 0.637458 0.587686 0.490128 0.565641 0.603054 0.712152 0.739130 0.740791 0.727840 0.706259 0.661686 0.649302 0.631131 0.615871 0.610057 0.629799 0.747790 0.853707 0.920168 0.739567 0.733263 0.715928 0.714605 0.878973 0.801240 0.745395 0.786719 0.760304
0.000000 0.000000 0.000000 0.000000 0.000000 0.000000 0.000000 0.000000 0.000000 0.000000 0.000000 0.000000 0.000000 0.000000 0.000000 0.000000 0.000000 0.000000 0.000000 0.000000 0.000000 0.000000 0.000000 0.000000 0.000000 0.000000 0.000000 0.000000 0.000000 0.000000 0.000000 0.722095 0.916582 0.998710 0.990477 0.918312 0.813217 0.697764 0.610910 0.541623 0.478296 0.000000 0.000000 0.000000 0.000000 0.000000 0.000000 0.000000 0.388945 0.492041 0.599519 0.670792 0.718980 0.733150 0.701301 0.659937 0.596454 0.532066 0.492826 0.479428 0.576308 0.643814 0.660595 0.630841 0.547564 0.380412 0.000000 0.425236 0.595247 0.616038 0.639395 0.882897 0.810550 0.908281 1.053714 1.182101 1.270925 1.284036 1.287837 1.222167 1.298481 1.003302 1.115572 1.047068 0.969607 0.978837 0.851363 0.800433 1.073849 1.335012 1.385394 1.377268 1.334580 1.313864 1.307162 1.155399 1.044819 0.886200 0.703898 0.611691 0.564206 0.529516 0.502696 0.537347 0.596942 0.654096 0.716653 0.781949 0.727328 0.657506 0.609364 0.568752 0.513409 0.474056 0.442013 0.415120 0.413540 0.482673 0.562544 0.635799 0.692547 0.738012 0.775539 0.817142 0.824072 0.778843 0.677398 0.519985 0.000000 0.000000 0.000000 0.000000 0.000000 0.000000 0.498538 0.892454 1.061313 1.119259 1.307270 1.115650 1.016314 0.941378 0.897402 0.854768 0.446715 0.349165 0.412311 0.270854 0.079152 0.288321 0.549888 1.035867 1.074241 0.930247 0.819906 0.799887 0.917064 0.956832 0.903816 0.759733 0.695228 0.674889 0.794059 0.825071 0.618919 0.746974 0.725070 0.695609 0.679625 0.763275 0.831665 0.693725 0.677847 0.670892 0.676494 0.750846 0.674170 0.625181 0.573658 0.671477 0.564480 0.409786 0.000000 0.000000 0.418659 0.591877 0.597610 0.468769 0.000000 0.000000 0.438669 0.478866 0.476221 0.538956 0.463379 0.425934 0.406197 0.958297 0.638287 0.690483 0.713130 0.694230 0.657698 0.651055 0.693804 0.716479 0.791579 0.815072 0.792470 0.758203 0.735613 0.797749 0.710910 0.708945 0.689598 0.806580 0.806769 0.725945 0.572053 0.598089 0.641293 0.776968 0.848408 0.818371 0.877668 1.070729 1.197275 1.247491 1.285319 1.312134 1.262171 1.281484 1.229692 1.148656 1.086714 1.072742 1.065910 1.074235 1.048169 1.039397 0.945590 0.853732 0.793995 0.777508 0.766798 0.742858 0.812089 0.805862 0.758234 0.663551 0.616825 0.575418 0.558244 0.591678 0.571343 0.709402 0.802514 0.834442 0.830640 0.812255 0.789712 0.763543 0.735338 0.699995 0.684890 0.676661 0.716425 0.823543 0.935772 0.935078 0.971406 0.820031 0.786858 0.739149 0.702884 0.863611 0.833514 0.912317 0.899784 0.868363
0.000000 0.000000 0.000000 0.000000 0.000000 0.000000 0.000000 0.000000 0.000000 0.000000 0.000000 0.000000 0.000000 0.000000 0.000000 0.000000 0.000000 0.000000 0.000000 0.000000 0.000000 0.000000 0.000000 0.000000 0.000000 0.000000 0.000000 0.000000 0.000000 0.000000 0.705902 0.933606 1.037096 1.046758 0.988059 0.867246 0.746208 0.643952 0.562550 0.480055 0.000000 0.000000 0.000000 0.000000 0.000000 0.000000 0.379019 0.462310 0.565693 0.675371 0.765513 0.813044 0.811966 0.778731 0.716089 0.632432 0.583491 0.541380 0.499143 0.536346 0.593547 0.596631 0.538570 0.434705 0.000000 0.000000 0.456173 0.548804 0.626692 0.625873 0.793304 0.803139 0.917506 1.063916 1.212236 1.301488 1.318567 1.291104 1.214815 1.269912 0.966895 0.886790 0.978200 0.885513 0.861669 0.755989 0.818258 1.106159 1.260129 1.373466 1.401823 1.425309 1.449823 1.332804 1.232011 1.080759 0.861117 0.639170 0.585403 0.561286 0.504095 0.486517 0.468687 0.560398 0.625587 0.651903 0.695821 0.692941 0.660236 0.620105 0.610457 0.540983 0.642426 0.464381 0.428030 0.375266 0.435338 0.480096 0.518174 0.574517 0.600799 0.617753 0.622133 0.602332 0.562854 0.518258 0.443748 0.000000 0.000000 0.000000 0.000000 0.000000 0.000000 0.000000 0.617825 1.048179 1.307693 1.445329 1.193881 1.077397 1.002921 0.929968 0.891926 0.864745 0.507633 0.460348 0.331223 0.205960 0.310362 0.512095 1.049036 1.116073 1.000653 0.825051 0.345814 0.892178 0.970791 0.653397 0.502945 0.747376 0.731704 0.846831 0.814855 0.374782 0.317381 0.286244 0.584024 0.594668 0.745140 0.680350 0.715077 0.722056 0.715474 0.710328 0.685275 0.676790 0.765202 0.686610 0.654437 0.567880 0.437769 0.000000 0.339439 0.413912 0.447821 0.617965 0.524841 0.000000 0.000000 0.468991 0.611786 0.499351 0.743468 0.443000 0.447478 0.530683 0.575160 0.652295 0.702483 0.714521 0.674347 0.680149 0.689247 0.672637 0.779931 0.751069 0.773109 0.825213 0.771054 0.702466 0.704993 0.805225 0.671956 0.709984 0.709046 0.711466 0.661367 0.649815 0.662587 0.683273 0.781961 0.858371 0.863839 0.963372 1.148585 1.239850 1.257833 1.282194 1.194123 1.207345 1.210241 1.162948 1.063331 1.013656 1.044176 1.061617 1.065902 1.166566 1.085150 0.904752 0.761613 0.726759 0.729790 0.742218 0.815329 0.856731 0.889140 0.811293 0.760256 0.721893 0.661750 0.618029 0.658738 0.683931 0.715908 0.875300 0.922982 0.920222 0.897840 0.871787 0.845412 0.817211 0.786459 0.757503 0.746350 0.773344 0.878019 1.014646 1.011208 1.063130 1.075464 1.055697 1.001351 1.036592 1.018098 1.034271 1.011859 1.027419 1.010233 0.966538
0.000000 0.000000 0.000000 0.000000 0.000000 0.000000 0.000000 0.000000 0.000000 0.000000 0.000000 0.000000 0.000000 0.000000 0.000000 0.000000 0.000000 0.000000 0.000000 0.000000 0.000000 0.000000 0.000000 0.000000 0.000000 0.000000 0.000000 0.000000 0.000000 0.544491 0.876852 1.015780 1.029844 0.991969 0.883425 0.759208 0.640781 0.538270 0.437948 0.000000 0.000000 0.000000 0.445690 0.000000 0.365997 0.425976 0.508435 0.615907 0.733034 0.831814 0.902222 0.897898 0.839932 0.751003 0.665102 0.610949 0.563769 0.515966 0.466091 0.469517 0.450917 0.000000 0.000000 0.000000 0.000000 0.453622 0.547689 0.634329 0.660341 0.618241 0.796418 0.915757 1.070037 1.222094 1.314391 1.343541 1.272922 1.155423 1.206570 1.057839 0.964210 0.853334 0.738359 0.695979 0.661392 0.742753 0.931950 1.248082 1.395675 1.436993 1.437688 1.403484 1.356715 1.265290 1.101231 0.865912 0.615674 0.655028 0.499721 0.465331 0.457049 0.483407 0.806736 0.586271 0.654341 0.681469 0.677616 0.704680 0.675716 0.637169 0.567261 0.523516 0.479059 0.438865 0.000000 0.000000 0.410893 0.649362 0.440378 0.424942 0.405082 0.000000 0.000000 0.000000 0.000000 0.000000 0.000000 0.000000 0.000000 0.000000 0.000000 0.000000 0.000000 0.000000 0.820491 1.221809 1.423187 1.245973 1.196307 1.244185 1.013665 0.952878 1.126449 1.114789 0.514012 0.445203 0.309557 0.343859 0.566190 1.041178 1.288979 1.167782 0.932021 0.827046 0.873517 0.707269 0.677381 0.561861 0.790319 0.782378 0.895316 0.442712 0.360120 0.299665 0.252527 0.223064 0.192713 0.571002 0.656327 0.723244 0.759149 0.760441 0.925647 0.891763 0.839667 0.769481 0.692249 0.622481 0.583433 0.455677 0.440045 0.429847 0.389960 0.424583 0.525517 0.564648 0.437683 0.427122 0.504847 0.533944 0.572437 0.566620 0.542252 0.474410 0.847954 0.580673 0.615265 0.672052 0.668829 0.679551 0.685445 0.681998 0.665587 0.715546 0.736101 0.726297 0.638906 0.570316 0.575749 1.208424 0.644175 0.689922 0.727764 0.734910 0.673700 0.662626 0.723406 0.742142 0.742389 0.801264 0.859199 0.933997 1.062741 1.166589 1.237424 1.190283 1.002249 1.087423 1.061279 1.056243 1.021876 0.949772 0.914988 1.015018 1.201556 1.250858 1.222512 1.171731 1.025555 0.740569 0.654172 0.723884 0.819796 0.885155 0.928739 0.959038 0.910264 0.843745 0.753102 0.699005 0.524779 0.602931 0.660609 0.783972 0.851044 0.999649 1.008778 0.981272 0.954526 0.926126 0.898663 0.872066 0.844924 0.820764 0.836917 0.914843 1.060819 1.082551 1.144680 1.174940 1.172673 1.237593 1.185200 1.144032 1.148509 1.179344 1.105905 1.089860 1.052494 0.899804
0.000000 0.000000 0.000000 0.000000 0.000000 0.000000 0.000000 0.000000 0.000000 0.000000 0.000000 0.000000 0.000000 0.000000 0.000000 0.000000 0.000000 0.000000 0.000000 0.000000 0.000000 0.000000 0.000000 0.000000 0.000000 0.000000 0.000000 0.000000 0.573645 0.710698 0.895968 0.952867 0.928694 0.860623 0.735487 0.589885 0.454641 0.000000 0.000000 0.000000 0.000000 0.000000 0.351856 0.471115 0.461211 0.530040 1.279977 0.759917 0.871370 0.943661 0.939048 0.857719 0.754078 0.675708 0.615757 0.557226 0.502977 0.446526 0.000000 0.000000 0.000000 0.000000 0.000000 0.000000 0.445213 0.530132 0.629562 0.708640 0.660955 0.824057 0.953087 1.073329 1.209727 1.305189 1.326081 1.261433 1.113137 0.936159 0.957485 0.833175 0.742539 0.706921 0.606126 0.522242 0.560681 0.905614 1.124610 1.335048 1.410580 1.420456 1.397497 1.340441 1.249300 1.129806 0.961712 0.661979 0.484642 0.831942 0.403441 0.443523 0.501570 0.594636 0.671184 0.715987 0.746320 0.753046 0.736292 0.699551 0.625817 0.576186 0.519439 0.468271 0.429562 0.253003 0.000000 0.000000 0.000000 0.000000 0.000000 0.000000 0.000000 0.000000 0.000000 0.000000 0.000000 0.000000 0.000000 0.000000 0.000000 0.000000 0.000000 0.000000 0.000000 0.572488 0.929753 1.238978 1.263425 1.410823 1.350293 1.262451 1.204768 1.173064 1.157693 0.641283 0.558820 0.479178 0.392864 0.538629 1.033746 1.173382 1.075178 0.602092 0.494062 0.453738 0.638946 0.706221 0.901243 0.827283 0.825852 0.792544 0.436634 0.340018 0.261471 0.208301 0.142468 0.180312 0.188133 0.631858 0.712626 0.786301 0.811420 0.787248 0.908802 0.852861 0.784967 0.715805 0.699176 0.616085 0.466636 0.454374 0.463939 0.421319 0.000000 0.388201 0.437885 0.407996 0.449226 0.525043 0.555248 0.613244 0.565476 0.573344 0.555902 0.606990 0.614255 0.475268 0.473881 0.621833 0.592202 0.657854 0.655670 0.629758 0.665005 0.609424 0.548906 0.471603 0.538265 0.616813 0.633107 0.635297 0.655728 0.752717 0.787870 0.796236 0.799460 0.805516 0.818394 0.833196 0.835869 0.863313 0.931139 0.995050 1.069540 1.147246 1.161129 0.935465 0.831378 0.898628 0.849523 0.822261 0.770741 0.850480 0.957439 1.253968 1.352055 1.328469 1.218994 0.872359 0.746125 0.695837 0.809851 0.903797 0.964863 0.994925 1.013575 0.914944 0.824536 0.655550 0.626933 0.581333 0.644306 0.878948 0.891942 0.894012 0.969214 1.087195 1.066322 1.037198 1.012303 0.990076 0.963004 0.934413 0.858091 0.862945 0.976114 0.992961 1.114336 1.207779 1.381843 1.403994 1.385396 1.339159 1.301389 1.295323 1.328122 1.357415 1.237442 1.209241 1.169692 1.008818
0.000000 0.000000 0.000000 0.000000 0.000000 0.000000 0.000000 0.000000 0.000000 0.000000 0.000000 0.000000 0.000000 0.000000 0.000000 0.000000 0.000000 0.000000 0.000000 0.000000 0.000000 0.000000 0.000000 0.000000 0.000000 0.004000 0.717950 0.548956 0.665279 0.680253 0.734990 0.705381 0.647573 0.556258 0.403406 0.000000 0.000000 0.000000 0.000000 0.000000 0.000000 0.495119 0.532591 0.547979 0.550557 0.633171 0.761225 0.886077 0.946260 0.933183 0.829385 0.720123 0.651009 0.586555 0.519335 0.460651 0.000000 0.000000 0.000000 0.000000 0.000000 0.000000 0.000000 0.419603 0.744469 0.670260 0.799756 0.762423 0.956426 1.021182 1.134759 1.215533 1.271160 1.287235 1.228662 1.080150 1.072279 0.882606 0.752798 0.687848 0.676519 0.556370 0.620842 0.457858 0.870947 1.097724 1.205694 1.330671 1.374687 1.360727 1.270735 1.180818 1.325100 1.621033 0.833365 0.582107 0.465836 0.408548 0.456860 0.537763 0.609949 0.865131 0.761410 0.791189 0.793088 0.764590 0.714351 0.628775 0.561590 0.494428 0.444045 0.000000 0.000000 0.000000 0.000000 0.000000 0.000000 0.000000 0.000000 0.000000 0.000000 0.000000 0.000000 0.000000 0.000000 0.000000 0.000000 0.000000 0.000000 0.000000 0.000000 0.000000 0.420064 0.843321 1.161146 1.418052 1.423556 1.427992 1.368281 1.287447 1.226800 1.201011 0.972966 0.615563 0.588772 0.829293 0.822350 0.985270 1.125696 0.884906 0.816911 0.975308 0.643306 0.689835 0.677932 0.920242 0.596097 0.852738 0.821077 0.419796 0.319026 0.232919 0.265498 0.206060 0.101066 0.185962 0.259418 0.719247 0.821648 0.857228 0.995636 0.932284 0.935325 0.805187 0.803297 0.726138 0.643572 0.487681 0.484725 0.501180 0.469298 0.000000 0.000000 0.000000 0.440292 0.706835 0.543796 0.566663 0.590984 0.629415 0.603364 0.602510 0.660077 0.513251 0.479390 0.449398 0.442658 0.557309 0.576749 0.643164 0.640288 0.599098 0.491560 0.503820 0.574314 0.615111 0.655841 0.692867 0.694346 0.704199 0.804953 0.843148 0.864313 0.881809 0.906611 0.928794 0.936868 0.855983 0.847850 0.926415 1.040616 1.103855 1.092509 0.876593 0.818491 0.726451 0.620600 0.773181 0.744292 0.710091 0.781210 1.062290 1.159144 1.106896 1.155848 1.053931 0.867350 0.742881 0.817586 0.835165 0.899480 0.953345 0.966742 0.960353 0.963117 0.743886 0.691157 0.667239 0.644181 0.669885 0.920827 0.962493 0.929286 1.004383 1.061179 1.147277 1.120515 1.102610 1.084455 1.058433 0.950206 0.947061 0.964298 0.974298 1.022334 1.143672 1.378591 1.494291 1.547264 1.555196 1.531828 1.483390 1.456353 1.468668 1.498088 1.526137 1.398925 1.229853 1.182417 1.129287
0.000000 0.000000 0.000000 0.000000 0.000000 0.000000 0.000000 0.000000 0.000000 0.000000 0.000000 0.000000 0.000000 0.000000 0.000000 0.000000 0.000000 0.000000 0.000000 0.000000 0.000000 0.000000 0.000000 0.000000 0.000000 0.000000 0.000000 0.642079 0.702465 0.660368 0.643565 0.000000 0.000000 0.000000 0.000000 0.000000 0.000000 0.000000 0.000000 0.000000 0.523954 0.538161 1.151326 0.606092 0.689273 0.733677 0.859484 0.906794 0.836710 0.709434 0.626437 0.566786 0.504877 0.480436 0.000000 0.000000 0.000000 0.000000 0.000000 0.000000 0.000000 0.000000 0.004000 0.506353 0.700811 0.864800 0.832452 0.970585 1.130629 1.174881 1.233041 1.241508 1.223403 1.143225 0.967820 0.947220 0.817453 0.697387 0.673359 0.606164 0.484744 0.534722 0.544522 0.863133 1.054759 1.161951 1.241114 1.261964 1.253258 1.171996 1.100234 1.721048 1.617194 1.230476 0.652084 0.507809 0.431987 0.441120 0.508317 0.616742 0.691020 0.752766 0.790712 0.793066 0.756282 0.693259 0.605859 0.522147 0.441572 0.000000 0.000000 0.000000 0.000000 0.000000 0.000000 0.000000 0.000000 0.000000 0.000000 0.000000 0.000000 0.000000 0.000000 0.000000 0.000000 0.000000 0.000000 0.000000 0.000000 0.000000 0.000000 0.000000 0.684810 1.007497 1.270505 1.453211 1.537374 1.546734 1.229566 1.309772 1.349154 1.168820 1.121771 0.935809 0.853921 0.803574 0.942208 1.275114 0.871531 1.052413 0.999640 0.979709 0.658159 0.701696 0.924363 0.849924 0.859034 0.833530 0.408718 0.283544 0.218852 0.405831 0.236259 0.215751 0.189025 0.186902 0.418132 0.850273 1.047724 1.116259 0.963756 0.972585 0.878426 0.788970 0.720109 0.658013 0.499296 0.527315 0.541455 0.509824 0.435410 0.000000 0.000000 0.000000 0.482776 0.559580 0.578716 0.611444 0.634302 0.621936 0.598426 0.629122 0.555532 0.504596 0.584236 0.452502 0.470509 0.623136 0.585165 0.557945 0.433614 0.434202 0.439162 0.521152 0.539822 0.574182 0.605556 0.621077 0.800559 0.895903 0.917987 0.942854 0.965936 0.997605 1.028606 1.037276 1.028620 1.016827 1.013731 1.097542 1.044195 0.845355 0.753147 0.673143 0.623028 0.590998 0.568459 0.698824 0.642975 0.709640 0.898560 1.011582 1.024136 0.982642 0.803834 0.726970 0.829718 0.902325 0.908756 0.969656 0.997782 1.000830 0.975762 0.973719 0.787545 0.755028 0.728140 0.707022 0.699494 0.763150 0.815426 0.997889 1.022582 1.112905 1.130279 1.210697 1.201298 1.190084 1.166798 1.041790 1.026923 1.043359 1.040166 0.919867 1.040540 1.347783 1.467808 1.555630 1.563000 1.546402 1.511217 1.505597 1.533868 1.570395 1.703538 1.702476 1.436825 1.355197 1.295156 1.235787
0.000000 0.000000 0.000000 0.000000 0.000000 0.000000 0.000000 0.000000 0.000000 0.000000 0.000000 0.000000 0.000000 0.000000 0.000000 0.000000 0.000000 0.000000 0.000000 0.000000 0.000000 0.000000 0.000000 0.000000 0.000000 0.000000 0.485069 0.655715 0.670906 0.548191 0.000000 0.000000 0.000000 0.000000 0.000000 0.000000 0.000000 0.000000 0.000000 0.480791 0.543229 0.569679 0.660349 0.644554 0.684004 0.763448 0.765635 0.657866 0.568994 0.504011 0.438309 0.000000 0.000000 0.000000 0.000000 0.000000 0.000000 0.000000 0.000000 0.000000 0.000000 0.000000 0.000000 0.681808 0.841711 0.875523 0.995796 1.110711 1.165572 1.198304 1.168572 1.114474 1.156215 0.995715 0.883040 0.743055 0.677773 0.549354 0.576671 0.000000 0.000000 0.431220 0.759659 0.985661 1.133304 1.200746 1.207085 1.156615 1.086308 1.003110 1.643825 1.567436 1.056839 0.623899 0.488701 0.405152 0.418823 0.473113 1.039916 0.662825 0.715356 0.737214 0.740408 0.710605 0.628447 0.564747 0.476419 0.000000 0.000000 0.000000 0.000000 0.000000 0.000000 0.000000 0.000000 0.000000 0.000000 0.000000 0.000000 0.000000 0.000000 0.000000 0.000000 0.000000 0.000000 0.000000 0.000000 0.000000 0.000000 0.000000 0.000000 0.786979 1.061226 1.130089 1.327867 1.443516 1.510658 1.401053 1.363267 1.398355 1.195805 1.141052 1.115555 0.893702 0.804939 0.870369 1.192340 1.135456 1.022038 0.514401 0.961795 0.713391 0.698006 0.927518 0.856285 0.848145 0.826926 0.400942 0.238272 0.211773 0.233925 0.260186 0.245287 0.201190 0.199407 0.338279 0.983761 1.130401 1.114657 0.965121 0.984443 0.881402 0.780048 0.723028 0.650892 0.510378 0.559543 0.558062 0.514531 0.443816 0.000000 0.000000 0.000000 0.497376 0.574300 0.600571 0.591945 0.620686 0.663745 0.626937 0.673982 0.526789 0.706576 0.484440 0.471545 0.485705 0.617135 0.113941 0.488273 0.631541 0.508411 0.501298 0.150817 0.575392 0.621333 0.630272 0.637581 0.709934 0.970559 0.977704 1.018580 1.023647 1.038765 1.071991 1.121832 1.137555 1.131439 1.124188 1.107904 0.986886 0.781457 0.658515 0.587658 0.565955 0.554234 0.675890 0.518180 0.648656 0.659894 0.741170 0.835498 0.888902 0.839182 0.802836 0.847290 0.908313 0.900494 0.976712 1.029788 1.047389 0.853891 0.791652 0.771955 0.787221 0.809510 0.792520 0.780572 0.760872 0.782031 0.844290 0.856676 1.032656 1.137740 1.195862 1.041709 1.195376 1.194948 1.191926 1.172821 0.989953 0.975636 0.983555 1.009872 1.241657 1.417550 1.537354 1.616547 1.681711 1.671100 1.674997 1.716325 1.754977 1.802868 1.834375 1.845390 1.844876 1.673289 1.483361 1.410502 1.366293
0.000000 0.000000 0.000000 0.000000 0.000000 0.000000 0.000000 0.000000 0.000000 0.000000 0.000000 0.000000 0.000000 0.000000 0.000000 0.000000 0.000000 0.000000 0.000000 0.000000 0.000000 0.000000 0.000000 0.000000 0.000000 0.000000 0.363519 0.483593 0.367639 0.000000 0.000000 0.000000 0.000000 0.000000 0.000000 0.000000 0.000000 0.000000 0.443039 0.517312 0.544258 0.540474 0.523677 0.579514 0.585583 0.515676 0.469604 0.429086 0.000000 0.000000 0.000000 0.000000 0.000000 0.000000 0.000000 0.000000 0.000000 0.000000 0.000000 0.000000 0.000000 0.000000 0.643651 0.832636 1.346836 1.011071 1.092763 1.137666 1.131476 1.208838 1.057149 0.934622 0.863365 0.830526 0.686286 0.570867 0.429964 0.000000 0.000000 0.000000 0.000000 0.555306 0.891581 0.986411 1.146039 1.334844 1.139964 1.031242 0.915820 0.900679 1.357245 0.773339 0.497265 0.404123 0.381934 0.395779 1.024626 0.496068 0.600146 0.655283 0.666530 0.640876 0.570875 0.546744 0.491757 0.411674 0.000000 0.000000 0.000000 0.000000 0.000000 0.000000 0.000000 0.000000 0.000000 0.000000 0.000000 0.000000 0.000000 0.000000 0.000000 0.000000 0.000000 0.000000 0.000000 0.000000 0.000000 0.000000 0.000000 0.000000 0.000000 0.679857 0.881479 1.176743 1.317278 1.316247 1.367892 1.367017 1.331390 1.264899 1.183119 1.123146 1.086631 0.853696 0.785911 0.893721 1.133162 0.664197 0.900852 0.570854 0.696651 0.682947 0.614567 0.864813 0.823072 0.818158 0.737165 0.203895 0.171529 0.217326 0.235482 0.244699 0.237082 0.233861 0.694297 0.956081 1.063412 1.069858 1.031598 0.964059 0.866004 0.778030 0.705269 0.628822 0.531342 0.567474 0.552782 0.498626 0.431511 0.000000 0.408312 0.000000 0.516918 0.554139 0.603760 0.622738 0.675519 0.717753 0.711117 0.670352 0.725511 0.683670 0.625994 0.615587 0.625204 0.083612 0.080073 0.160410 0.575990 0.581558 0.213223 0.158782 0.213806 0.636012 0.652833 0.646989 0.844264 0.982865 0.990940 1.029383 1.052428 1.070546 1.107320 1.138689 1.226810 1.242991 1.199892 1.114944 0.773635 0.679497 0.595551 0.578680 0.569790 0.564245 0.543212 0.529061 0.522663 0.661926 0.684561 0.753373 0.809970 0.831417 0.877666 0.926340 0.976475 0.960969 1.027418 0.912923 0.907501 0.855552 0.787039 0.740800 0.775768 0.829024 0.856113 0.847253 0.828270 0.828843 0.874794 0.909734 0.913634 0.962156 1.061119 1.102279 1.121131 1.295931 1.312348 1.312354 1.288807 1.257349 1.233850 1.234818 1.374799 1.598788 1.753433 1.833735 1.878758 1.892779 1.891966 1.894823 1.919023 1.946481 1.976998 2.006207 2.068705 2.102866 1.962788 1.729571 1.600219 1.554637
0.000000 0.000000 0.000000 0.000000 0.000000 0.000000 0.000000 0.000000 0.000000 0.000000 0.000000 0.000000 0.000000 0.000000 0.000000 0.000000 0.000000 0.000000 0.000000 0.000000 0.000000 0.000000 0.000000 0.000000 0.000000 0.000000 0.000000 0.000000 0.000000 0.000000 0.000000 0.000000 0.000000 0.000000 0.000000 0.000000 0.000000 0.000000 0.475264 0.504057 0.479413 0.444344 0.004000 0.000000 0.000000 0.000000 0.000000 0.000000 0.000000 0.000000 0.000000 0.000000 0.000000 0.000000 0.000000 0.000000 0.000000 0.000000 0.000000 0.000000 0.507015 0.615938 0.869259 0.996924 1.144561 1.255620 1.253716 1.162091 1.031505 0.864370 0.793285 0.796683 0.833846 0.641136 0.000000 0.000000 0.000000 0.000000 0.000000 0.000000 0.000000 0.692267 0.878348 0.973855 1.165125 1.025919 0.994801 0.913501 0.809327 0.622453 0.514528 0.454830 0.436458 0.418109 0.394007 0.411469 0.452462 0.486701 0.505312 0.563612 0.487251 0.457728 0.426318 0.406441 0.000000 0.000000 0.000000 0.000000 0.000000 0.000000 0.000000 0.000000 0.000000 0.000000 0.000000 0.000000 0.000000 0.000000 0.000000 0.000000 0.000000 0.000000 0.000000 0.000000 0.000000 0.000000 0.000000 0.000000 0.004000 0.000000 0.451961 0.767897 0.996742 1.162793 1.191843 1.270935 1.323212 1.331212 1.297442 1.209943 1.115500 1.088497 0.868608 0.789055 0.812396 1.013398 0.776551 0.536500 0.952882 1.024153 1.011595 0.640357 0.843418 0.788785 0.797771 0.735668 0.226613 0.106623 0.175852 0.249532 0.227345 0.230403 0.242922 0.655878 0.934453 1.056030 1.003425 0.973369 0.918081 0.847512 0.765948 0.663866 0.568770 0.550934 0.580028 0.545547 0.469244 0.000000 0.406079 0.432095 0.413592 0.405749 0.535372 0.545578 0.613221 0.722056 0.776405 0.767994 0.725377 0.710201 0.709006 0.644064 0.633639 0.630429 0.512544 0.137709 0.222214 0.305620 0.306314 0.266755 0.191086 0.223781 0.654774 0.644139 0.762554 0.707284 0.877814 0.959170 1.025696 1.071519 1.094375 1.108943 1.118579 1.161800 1.125566 1.094525 0.962479 0.693102 0.635407 0.605146 0.596992 0.581445 0.556346 0.530471 0.567236 0.538558 0.694660 0.696637 0.773361 0.847189 0.844177 0.879942 0.910510 0.951251 0.845477 0.636752 0.918654 0.907794 0.842963 0.764093 0.726883 0.759486 0.815973 0.882511 0.903432 0.897812 0.876966 0.919144 0.955083 0.961901 0.979784 1.070936 1.145564 1.206694 1.430463 1.413476 1.446324 1.475903 1.495580 1.510330 1.539559 1.576371 1.682968 1.798129 1.885453 1.942611 1.946615 1.937155 1.939037 1.939007 1.960150 1.988847 2.025514 2.038136 2.108680 2.191118 2.096011 1.880475 1.694304 1.616914
0.000000 0.000000 0.000000 0.000000 0.000000 0.000000 0.000000 0.000000 0.000000 0.000000 0.000000 0.000000 0.000000 0.000000 0.000000 0.000000 0.000000 0.000000 0.000000 0.000000 0.000000 0.000000 0.000000 0.000000 0.000000 0.000000 0.929706 1.014431 0.004000 0.000000 0.000000 0.000000 0.000000 0.000000 0.000000 0.000000 0.000000 0.396782 0.416683 0.000000 0.000000 0.000000 0.000000 0.000000 0.000000 0.000000 0.000000 0.000000 0.000000 0.000000 0.000000 0.000000 0.000000 0.000000 0.000000 0.000000 0.000000 0.000000 0.515969 0.563187 0.551457 0.895905 1.016721 1.093360 1.116013 1.073948 1.178516 0.884674 0.704679 0.859588 1.009197 0.591234 0.000000 0.004000 0.000000 0.000000 0.000000 0.000000 0.000000 0.000000 0.490783 0.686191 0.840498 0.907269 0.901792 0.830959 1.112955 1.444622 1.100416 0.514525 0.486773 0.465177 0.447246 0.418493 0.381955 0.412623 0.433986 0.444111 0.428607 0.674100 0.399873 0.000000 0.000000 0.000000 0.000000 0.000000 0.000000 0.000000 0.000000 0.000000 0.000000 0.000000 0.000000 0.000000 0.000000 0.000000 0.000000 0.000000 0.000000 0.000000 0.000000 0.000000 0.000000 0.000000 0.000000 0.000000 0.000000 0.000000 0.583586 0.004000 0.657581 0.886726 1.058028 1.099316 1.194185 1.264376 1.339601 1.329303 1.315812 1.083201 1.178811 1.043112 0.783433 0.968008 0.838056 0.483204 0.879614 0.973623 1.029803 1.017876 0.657270 0.547406 0.454772 0.430934 0.736813 0.258338 0.069895 0.126753 0.216177 0.239143 0.236644 0.262353 0.268092 0.880501 1.018026 0.968441 0.896847 0.856485 0.801899 0.722474 0.584555 0.000000 0.523097 0.563465 0.514211 0.425626 0.000000 0.415655 0.430826 0.427162 0.534873 0.558396 0.523771 0.498239 0.695515 0.793339 0.807638 0.766954 0.745887 0.727751 0.711964 0.655383 0.531521 0.543148 0.576558 0.631956 0.663530 0.258506 0.248050 0.221192 0.230573 0.646411 0.770173 0.576931 0.741289 0.835451 0.922005 1.015863 1.086997 1.124270 1.118607 1.107678 0.994483 1.015272 1.057403 1.045758 0.911759 0.671846 0.619524 0.607089 0.604649 0.567655 0.541239 0.652857 0.697495 0.719572 0.762504 0.832149 0.718827 0.766999 0.793235 0.819162 1.005895 0.862650 0.613795 0.607157 0.875050 0.835559 0.765546 0.768829 0.798913 0.831796 0.880597 0.948428 0.959062 0.925630 0.957512 1.001845 1.017272 1.035465 1.142914 1.230054 1.306721 1.356538 1.389937 1.369046 1.346253 1.362893 1.549628 1.543084 1.586925 1.644508 1.746808 1.838555 1.932010 1.982582 1.996607 2.013676 2.027074 2.059604 2.089859 2.124107 2.188972 2.266648 2.377519 2.443518 2.294257 1.978525 1.737779 1.655480
0.000000 0.000000 0.000000 0.000000 0.000000 0.000000 0.000000 0.000000 0.000000 0.000000 0.000000 0.000000 0.000000 0.000000 0.000000 0.000000 0.000000 0.000000 0.000000 0.000000 0.000000 0.000000 0.000000 0.000000 0.000000 0.000000 0.000000 0.000000 0.000000 0.000000 0.000000 0.000000 0.000000 0.000000 0.000000 0.000000 0.000000 0.000000 0.388279 0.000000 0.000000 0.000000 0.000000 0.000000 0.000000 0.000000 0.000000 0.000000 0.000000 0.000000 0.000000 0.000000 0.000000 0.000000 0.000000 0.000000 0.000000 0.523480 0.588899 0.536473 0.828064 1.091336 1.159655 1.150651 1.025613 0.882705 0.684475 0.586487 0.494762 0.453983 0.000000 0.000000 0.000000 0.000000 0.000000 0.000000 0.000000 0.000000 0.000000 0.000000 0.539691 0.637980 0.734885 0.740631 0.695291 0.609729 0.592221 0.569805 0.547517 0.517671 0.495328 0.465920 0.610612 0.542303 0.379460 0.403986 0.441632 0.456363 0.444154 0.413350 0.000000 0.000000 0.000000 0.000000 0.000000 0.000000 0.000000 0.000000 0.000000 0.000000 0.000000 0.000000 0.000000 0.000000 0.000000 0.000000 0.000000 0.000000 0.000000 0.000000 0.000000 0.000000 0.000000 0.000000 0.000000 0.000000 0.000000 0.000000 0.004000 0.555204 0.795923 1.024105 1.081921 1.167936 1.233981 1.321969 1.353311 1.327269 1.151718 1.159110 1.036055 0.977942 0.960446 0.849851 0.477529 0.903929 0.973564 1.034820 1.023436 0.950191 0.859368 0.493617 0.771173 0.731474 0.690924 0.127100 0.187807 0.233847 0.274901 0.283874 0.303200 0.306955 0.830376 0.867405 0.892059 0.782599 0.744531 0.701002 0.619188 0.000000 0.000000 0.442938 0.506512 0.440797 0.000000 0.000000 0.420390 0.427951 0.415392 0.439218 0.619296 0.601516 0.520051 0.611969 0.734090 0.782030 0.781518 0.752070 0.753656 0.743252 0.691922 0.566971 0.576520 0.610652 0.649957 0.685327 0.695803 0.423180 0.088045 0.618629 0.599778 0.721991 0.669782 0.723607 0.816148 0.947694 0.950587 1.018468 1.232753 1.181413 0.999407 0.958457 0.980225 1.035148 1.055256 1.001936 0.737224 0.792593 0.625785 0.626621 0.585748 0.702980 0.752466 0.694724 0.758826 0.809097 0.823248 0.754935 0.824529 0.859774 0.875934 0.598796 0.578786 0.577910 0.560435 0.843185 0.787146 0.805852 0.808743 0.852123 0.881180 0.911265 0.953551 0.991960 0.978301 0.997723 1.043252 1.060585 1.143132 1.284150 1.326438 1.326364 1.295722 1.285038 1.279078 1.462484 1.444325 1.252881 1.258278 1.259671 1.283236 1.337693 1.670925 1.549269 1.599783 1.664243 1.721809 1.979456 2.001144 2.021064 2.075389 2.144277 2.239079 2.318506 2.427702 2.480636 2.365037 2.044323 1.765940 1.676400
0.000000 0.000000 0.000000 0.000000 0.000000 0.000000 0.000000 0.000000 0.000000 0.000000 0.000000 0.000000 0.000000 0.000000 0.000000 0.000000 0.000000 0.000000 0.000000 0.000000 0.000000 0.000000 0.000000 0.000000 0.000000 0.000000 0.000000 0.000000 0.000000 0.000000 0.000000 0.000000 0.000000 0.000000 0.000000 0.000000 0.091658 0.000000 0.000000 0.000000 0.000000 0.000000 0.000000 0.000000 0.000000 0.000000 0.000000 0.000000 0.000000 0.000000 0.000000 0.000000 0.000000 0.000000 0.000000 0.000000 0.000000 0.439737 0.004000 0.715805 0.943195 1.027948 1.002871 0.844663 0.587762 0.000000 0.000000 0.000000 0.000000 0.000000 0.000000 0.000000 0.000000 0.000000 0.000000 0.000000 0.000000 0.000000 0.000000 0.000000 0.462324 0.574119 0.625989 0.638101 0.636500 0.627502 0.609531 0.578475 0.552407 0.517015 0.482403 0.439047 0.000000 0.000000 0.375268 0.428693 0.448696 0.437384 0.000000 0.000000 0.000000 0.000000 0.000000 0.000000 0.000000 0.000000 0.000000 0.000000 0.000000 0.000000 0.000000 0.000000 0.000000 0.000000 0.000000 0.000000 0.000000 0.000000 0.000000 0.000000 0.000000 0.000000 0.000000 0.000000 0.000000 0.000000 0.000000 0.000000 0.000000 0.674006 0.879292 1.061826 1.159603 1.196798 1.235246 1.240373 1.237550 1.146133 1.136379 1.011098 1.003821 0.963607 1.029204 1.041516 0.895827 0.601889 0.668818 0.686248 0.960176 0.875562 0.457129 0.763965 0.735764 0.715737 0.186074 0.175965 0.233312 0.398450 0.364627 0.331504 0.321348 0.805546 0.803410 0.727219 0.651528 0.530771 0.460451 0.000000 0.000000 0.000000 0.000000 0.462151 0.000000 0.398622 0.416624 0.442573 0.422978 0.403315 0.436250 0.589245 0.587521 0.540922 0.550296 0.799024 0.744268 0.761134 0.770801 0.782454 0.740444 0.747027 0.748027 0.757285 0.788991 0.673867 0.697441 0.705775 0.682771 0.234529 0.554620 0.540478 0.645503 0.633484 0.698310 0.800876 0.935155 0.897263 0.973840 1.060706 1.076311 1.043271 1.033305 1.025272 1.039317 1.043489 1.067025 0.996122 0.728644 0.678262 0.658179 0.619338 0.599718 0.750583 0.740439 0.631443 0.874377 0.794207 0.837813 0.878894 0.911780 0.918026 0.604297 0.594448 0.563370 0.517417 0.798227 0.799746 0.830317 0.849173 0.873593 0.909499 0.940680 0.976332 1.034413 1.023443 1.085529 1.132040 1.235713 1.359541 1.393284 1.394269 1.336126 1.484795 1.431914 1.403565 1.369863 1.138004 1.097116 1.089329 1.101232 1.132476 1.177041 1.237130 1.291153 1.369882 1.434077 1.518993 1.600368 1.661835 1.708352 1.745328 1.807225 2.128864 2.225728 2.291060 2.368562 2.452772 2.132673 1.818652 1.531454 1.446211
0.000000 0.000000 0.000000 0.000000 0.000000 0.000000 0.000000 0.000000 0.000000 0.000000 0.000000 0.000000 0.000000 0.000000 0.000000 0.000000 0.000000 0.000000 0.000000 0.000000 0.000000 0.000000 0.000000 0.000000 0.000000 0.000000 0.000000 0.000000 0.000000 0.000000 0.000000 0.000000 0.000000 0.000000 0.000000 0.000000 0.000000 0.000000 0.000000 0.000000 0.000000 0.000000 0.000000 0.000000 0.000000 0.000000 0.000000 0.000000 0.000000 0.000000 0.000000 0.000000 0.000000 0.000000 0.000000 0.000000 0.000000 0.000000 0.550713 0.717113 0.766747 0.688352 0.469441 0.000000 0.449939 0.000000 0.000000 0.000000 0.000000 0.000000 0.000000 0.000000 0.000000 0.000000 0.000000 0.000000 0.000000 0.000000 0.000000 0.000000 0.546262 0.627596 0.664314 0.672575 0.664420 0.637608 0.609851 0.569964 0.532464 0.486115 0.427221 0.000000 0.000000 0.000000 0.425075 0.624479 0.000000 0.000000 0.000000 0.000000 0.000000 0.000000 0.000000 0.000000 0.000000 0.000000 0.000000 0.000000 0.000000 0.000000 0.000000 0.000000 0.000000 0.000000 0.000000 0.000000 0.000000 0.000000 0.000000 0.000000 0.000000 0.000000 0.000000 0.000000 0.000000 0.000000 0.000000 0.000000 1.178279 0.789776 1.000820 1.119900 1.163215 1.169331 1.104988 1.045342 1.112522 1.138503 1.019952 1.009731 1.130273 1.061484 0.888055 0.558506 0.548912 0.597193 0.581125 0.592472 0.528043 0.429865 0.400887 0.752378 0.309551 0.208294 0.216406 0.288800 0.361322 0.419287 0.346459 0.341468 0.625910 0.734158 0.650149 0.532538 0.395390 0.346108 0.369922 0.410355 0.450870 0.462044 0.511435 0.421052 0.420806 0.435941 0.479805 0.462378 0.000000 0.400143 0.488030 0.569817 0.548658 0.496516 0.705568 0.716522 0.767155 0.796403 0.762098 0.783950 0.792729 0.776936 0.769587 0.792064 0.836780 0.715770 0.728681 0.362192 0.346213 0.557269 0.513390 0.534744 0.494111 0.684640 0.821786 0.910876 0.969649 1.062534 1.152991 1.134117 1.130273 1.185764 1.151643 1.127696 1.092945 1.068330 1.134678 1.062099 0.870868 0.855828 0.823404 0.290826 0.825846 0.696434 0.752656 0.859059 0.920749 0.945000 0.949744 0.945147 0.941849 0.606439 0.626046 0.916669 0.852974 0.790590 0.837972 0.887815 0.930374 0.975512 1.010809 1.043163 1.057980 1.100050 1.092235 1.208640 1.364603 1.450834 1.505274 1.436109 1.390258 1.341066 1.483548 1.424690 1.173188 1.116083 1.074683 1.063229 1.069280 1.083815 1.105028 1.127593 1.156841 1.195035 1.241012 1.289798 1.352528 1.428065 1.499793 1.561861 1.607814 1.673854 1.744624 1.842744 1.931103 2.236972 2.322768 2.205551 2.052820 1.722220 1.460254 1.396142
0.000000 0.000000 0.000000 0.000000 0.000000 0.000000 0.000000 0.000000 0.000000 0.000000 0.000000 0.000000 0.000000 0.000000 0.000000 0.000000 0.000000 0.000000 0.000000 0.000000 0.000000 0.000000 0.000000 0.000000 0.000000 0.000000 0.000000 0.000000 0.000000 0.000000 0.000000 0.000000 0.000000 0.000000 0.000000 0.000000 0.000000 0.000000 0.000000 0.000000 0.000000 0.000000 0.000000 0.000000 0.000000 0.000000 0.000000 0.000000 0.000000 0.000000 0.000000 0.000000 0.000000 0.000000 0.000000 0.000000 0.000000 0.000000 0.440541 0.450934 0.000000 0.000000 0.459706 0.451485 0.000000 0.000000 0.000000 0.000000 0.000000 0.000000 0.000000 0.000000 0.000000 0.000000 0.000000 0.000000 0.000000 0.000000 0.000000 0.492326 0.617880 0.674454 0.689575 0.684020 0.659342 0.621475 0.573974 0.525868 0.468460 0.410299 0.000000 0.000000 0.000000 0.000000 0.000000 0.000000 0.000000 0.000000 0.000000 0.000000 0.000000 0.000000 0.000000 0.000000 0.000000 0.000000 0.000000 0.000000 0.000000 0.000000 0.000000 0.000000 0.000000 0.000000 0.000000 0.000000 0.000000 0.000000 0.000000 0.000000 0.000000 0.000000 0.000000 0.000000 0.000000 0.000000 0.004000 0.590960 0.801970 0.905232 1.039658 1.097663 1.085821 1.070290 0.955250 1.009836 1.043612 0.955881 1.102524 1.175694 1.104362 0.908411 0.540600 0.506361 0.535764 0.523107 0.480112 0.463206 0.402967 0.356225 0.431931 0.369345 0.277826 0.233017 0.305722 0.404289 0.468730 0.418118 0.293430 0.587040 0.668804 0.566779 0.478128 0.000000 0.000000 0.000000 0.000000 0.446117 0.000000 0.427603 0.450917 0.455997 0.475979 0.484693 0.504083 0.453200 0.422583 0.457182 0.490277 0.721407 0.427543 0.632734 0.700431 0.788403 0.826190 0.786365 0.797280 0.805872 0.807245 0.773195 0.786934 0.843413 0.981294 0.927505 0.890232 0.830838 0.750696 0.678258 0.571297 0.503369 0.586469 0.763126 0.898212 0.999755 1.047565 1.064228 1.148399 1.242469 1.203868 1.174562 1.142664 1.136953 1.092189 1.070063 1.009485 0.949036 0.901262 0.892927 0.414508 0.706306 0.690461 0.745260 0.851380 0.923298 0.966951 0.998538 0.996001 0.660732 0.631793 0.954558 0.925917 0.842989 0.802148 0.876782 0.937717 0.990245 1.026306 1.091407 1.139644 1.190729 1.234529 1.297573 1.389234 1.514302 1.577174 1.533780 1.458631 1.378907 1.331918 1.302346 1.224554 1.129312 1.069027 1.064519 1.063523 1.054293 1.055932 1.058447 1.084324 1.124128 1.156634 1.176831 1.220154 1.264588 1.294976 1.339791 1.448359 1.501343 1.554470 1.630824 1.707243 1.810894 1.884254 1.947182 2.036278 2.103599 1.924833 1.596024 1.396211 1.341618
0.000000 0.000000 0.000000 0.000000 0.000000 0.000000 0.000000 0.000000 0.000000 0.000000 0.000000 0.000000 0.000000 0.000000 0.000000 0.000000 0.000000 0.000000 0.000000 0.000000 0.000000 0.000000 0.000000 0.000000 0.000000 0.000000 0.000000 0.000000 0.000000 0.000000 0.000000 0.000000 0.000000 0.000000 0.000000 0.000000 0.000000 0.000000 0.000000 0.000000 0.000000 0.000000 0.000000 0.000000 0.000000 0.000000 0.000000 0.000000 0.000000 0.000000 0.000000 0.000000 0.000000 0.000000 0.000000 0.000000 0.000000 0.000000 0.000000 0.000000 0.000000 0.000000 0.000000 0.000000 0.000000 0.000000 0.000000 0.000000 0.000000 0.000000 0.000000 0.000000 0.000000 0.000000 0.000000 0.000000 0.000000 0.000000 0.398085 0.568396 0.658851 0.689767 0.686226 0.658297 0.615313 0.564527 0.509427 0.448335 0.000000 0.000000 0.000000 0.000000 0.000000 0.000000 0.000000 0.000000 0.000000 0.000000 0.000000 0.000000 0.000000 0.000000 0.000000 0.000000 0.000000 0.000000 0.000000 0.000000 0.000000 0.000000 0.000000 0.000000 0.000000 0.000000 0.000000 0.000000 0.000000 0.000000 0.000000 0.000000 0.000000 0.000000 0.000000 0.000000 0.000000 0.000000 0.440699 0.760912 0.941354 0.968347 1.005034 1.004884 0.961349 0.954096 1.018158 0.995963 0.947620 1.106232 1.258252 1.234315 0.934155 0.485640 0.487652 0.486891 0.432853 0.381784 0.357759 0.364855 0.370300 0.460878 0.522604 0.394071 0.302063 0.321857 0.395361 0.437396 0.358757 0.652553 0.554828 0.559034 0.000000 0.368109 0.000000 0.000000 0.000000 0.000000 0.000000 0.417619 0.448082 0.475166 0.490461 0.511265 0.526333 0.501412 0.616649 0.476385 0.478765 0.486825 0.481931 0.531962 0.642696 0.752842 0.828576 0.875531 0.820526 0.823927 0.823265 0.815977 0.803219 0.781574 0.915923 0.978489 1.021254 1.008870 0.957947 0.846347 0.704654 0.659435 0.488930 0.575531 0.626832 0.776473 0.933967 1.071663 1.192064 1.260021 1.281106 1.254073 1.199818 1.158733 1.124257 1.105495 1.075258 1.020461 0.991050 0.808324 0.511471 0.427842 0.811988 0.779138 0.354812 0.844409 0.912408 0.947141 0.662131 0.682670 0.683902 0.992861 0.959124 0.940477 0.854206 0.833415 0.885050 0.949438 1.038425 1.122623 1.221375 1.351338 1.427067 1.458639 1.514113 1.549080 1.531374 1.478133 1.443004 1.366211 1.281574 1.245123 1.210209 1.180482 1.123109 1.181705 1.206151 1.394236 1.413107 1.424728 1.448727 1.485399 1.335867 1.342636 1.360413 1.374683 1.390432 1.425848 1.440454 1.442027 1.447518 1.443396 1.516672 1.599846 1.675355 1.752521 1.837048 1.870252 1.955556 1.985189 1.747543 1.448294 1.371435 1.320705
0.000000 0.000000 0.000000 0.000000 0.000000 0.000000 0.000000 0.000000 0.000000 0.000000 0.000000 0.000000 0.000000 0.000000 0.000000 0.000000 0.000000 0.000000 0.000000 0.000000 0.000000 0.000000 0.000000 0.000000 0.000000 0.000000 0.000000 0.000000 0.000000 0.000000 0.000000 0.000000 0.000000 0.000000 0.000000 0.000000 0.000000 0.000000 0.000000 0.000000 0.000000 0.541278 0.842139 0.000000 0.000000 0.000000 0.000000 0.000000 0.000000 0.000000 0.000000 0.000000 0.000000 0.000000 0.000000 0.000000 0.000000 0.000000 0.000000 0.000000 0.000000 0.000000 0.000000 0.004000 0.000000 0.000000 0.000000 0.000000 0.000000 0.000000 0.000000 0.000000 0.000000 0.000000 0.000000 0.000000 0.000000 0.000000 0.472730 0.601184 0.656317 0.659491 0.629158 0.585958 0.538692 0.486378 0.421891 0.000000 0.000000 0.000000 0.000000 0.000000 0.000000 0.000000 0.000000 0.000000 0.000000 0.000000 0.000000 0.000000 0.000000 0.000000 0.000000 0.000000 0.000000 0.000000 0.000000 0.000000 0.000000 0.000000 0.000000 0.000000 0.000000 0.000000 0.000000 0.000000 0.000000 0.000000 0.000000 0.000000 0.000000 0.000000 0.000000 0.000000 0.000000 0.000000 0.678937 1.077994 1.030629 0.947345 0.915150 0.882317 0.932466 1.037994 0.949191 1.003770 1.091837 1.240211 1.165085 0.964889 0.521994 0.523507 0.416181 0.382133 0.315754 0.270193 0.331118 0.395908 0.489893 0.614191 0.541420 0.339491 0.296395 0.354125 0.374750 0.351599 0.610953 0.631190 0.511153 0.000000 0.000000 0.000000 0.000000 0.000000 0.000000 0.000000 0.434301 0.479998 0.510548 0.522711 0.539574 0.559035 0.544445 0.495340 0.506153 0.479864 0.565456 0.465254 0.466555 0.699261 0.655064 0.871795 0.901362 0.821720 0.824174 0.805473 0.826036 0.821289 0.863437 0.881974 0.941370 1.001514 0.988489 0.892238 0.798079 0.728563 0.644478 0.555340 0.561919 0.582580 0.709755 0.864947 1.066422 1.246243 1.336289 1.359244 1.248735 1.214849 1.172790 1.130050 1.089248 1.156629 1.054064 0.858812 0.914811 0.558806 0.491080 0.406248 0.261867 0.247249 0.496782 0.580619 0.624168 0.686483 1.005130 0.995677 0.965910 0.950595 0.918383 0.835975 0.890556 0.934539 0.975821 1.125913 1.243379 1.337622 1.594248 1.419834 1.408284 1.396814 1.398247 1.443941 1.458144 1.441431 1.434776 1.368137 1.304580 1.264298 1.229102 1.205539 1.193764 1.393445 1.418866 1.432601 1.449320 1.465053 1.496527 1.536795 1.585351 1.410184 1.418607 1.431224 1.457220 1.477708 1.499181 1.515538 1.535594 1.539555 1.545664 1.557812 1.617585 1.664871 1.744420 1.793433 1.838112 1.839551 1.586259 1.391801 1.357673 1.319911
0.000000 0.000000 0.000000 0.000000 0.000000 0.000000 0.000000 0.000000 0.000000 0.000000 0.000000 0.000000 0.000000 0.000000 0.000000 0.000000 0.000000 0.000000 0.000000 0.000000 0.000000 0.000000 0.000000 0.000000 0.000000 0.000000 0.000000 0.000000 0.000000 0.000000 0.000000 0.000000 0.000000 0.000000 0.000000 0.000000 0.000000 0.000000 0.000000 0.000000 0.000000 0.000000 0.000000 0.000000 0.000000 0.000000 0.000000 0.000000 0.000000 0.000000 0.000000 0.000000 0.000000 0.000000 0.000000 0.000000 0.000000 0.000000 0.000000 0.000000 0.000000 0.000000 0.000000 0.000000 0.000000 0.000000 0.000000 0.000000 0.000000 0.000000 0.000000 0.000000 0.000000 0.000000 0.000000 0.000000 0.000000 0.000000 0.497397 0.569423 0.593855 0.582524 0.554806 0.510559 0.454561 0.000000 0.000000 0.000000 0.000000 0.000000 0.000000 0.000000 0.000000 0.000000 0.000000 0.000000 0.000000 0.000000 0.000000 0.000000 0.000000 0.000000 0.000000 0.000000 0.000000 0.000000 0.000000 0.000000 0.000000 0.000000 0.000000 0.000000 0.000000 0.000000 0.000000 0.000000 0.000000 0.000000 0.000000 0.000000 0.000000 0.000000 0.000000 0.000000 0.000000 0.543807 0.784707 0.937154 0.960227 0.806019 0.797345 0.888988 1.047128 1.049492 1.072415 1.164060 1.272316 1.219822 1.008674 0.890068 0.567170 0.438502 0.341452 0.294389 0.283309 0.340304 0.437501 0.542284 0.564097 0.639192 0.455074 0.311068 0.309022 0.280561 0.239471 0.677108 0.594914 0.410815 0.000000 0.000000 0.000000 0.000000 0.000000 0.000000 0.000000 0.461039 0.515705 0.555581 0.570804 0.576045 0.588835 0.573846 0.537895 0.485600 0.431240 0.419985 0.442362 0.471237 0.702029 0.833355 0.923492 0.984273 0.872657 0.827146 0.810374 0.851466 0.881255 0.927916 0.885751 0.882527 0.903406 0.889911 0.872517 0.831719 0.768631 0.722122 0.649234 0.617840 0.635355 0.766892 0.901097 1.045318 1.213847 1.344291 1.383252 1.362727 1.223082 1.203888 1.029388 1.153222 1.215107 1.191560 0.900173 0.758204 0.653027 0.566487 0.436082 0.409128 0.478282 0.576720 0.609070 0.663575 0.924692 0.653926 0.953479 0.933939 0.886718 0.841879 0.867607 0.941454 0.971079 1.012397 1.141706 1.448762 1.504521 1.577224 1.321588 1.305751 1.327466 1.348928 1.397767 1.425340 1.426468 1.377328 1.308547 1.243641 1.199262 1.167677 1.125377 1.101282 1.108124 1.138259 1.344998 1.364549 1.388463 1.425235 1.454116 1.491928 1.315754 1.340848 1.370606 1.411659 1.462017 1.499619 1.531826 1.563025 1.591348 1.605791 1.601136 1.604466 1.601075 1.623442 1.669984 1.725890 1.780406 1.847414 1.552945 1.392799 1.365500 1.326946
0.000000 0.000000 0.000000 0.000000 0.000000 0.000000 0.000000 0.000000 0.000000 0.000000 0.000000 0.000000 0.000000 0.000000 0.000000 0.000000 0.000000 0.000000 0.000000 0.000000 0.000000 0.000000 0.000000 0.000000 0.000000 0.000000 0.000000 0.000000 0.000000 0.000000 0.000000 0.000000 0.000000 0.000000 0.000000 0.000000 0.000000 0.000000 0.000000 0.000000 0.000000 0.000000 0.000000 0.000000 0.000000 0.000000 0.000000 0.000000 0.000000 0.000000 0.000000 0.000000 0.000000 0.000000 0.000000 0.000000 0.000000 0.000000 0.000000 0.000000 0.000000 0.000000 0.000000 0.000000 0.000000 0.000000 0.000000 0.000000 0.000000 0.000000 0.000000 0.000000 0.000000 0.000000 0.000000 0.000000 0.000000 0.000000 0.472806 0.517445 0.533756 0.521784 0.481177 0.000000 0.000000 0.000000 0.000000 0.000000 0.000000 0.000000 0.000000 0.000000 0.000000 0.000000 0.000000 0.000000 0.000000 0.000000 0.000000 0.000000 0.000000 0.000000 0.000000 0.000000 0.000000 0.000000 0.000000 0.000000 0.000000 0.000000 0.000000 0.000000 0.000000 0.000000 0.000000 0.000000 0.000000 0.000000 0.000000 0.000000 0.000000 0.000000 0.000000 0.000000 0.442718 0.618062 0.789707 0.832645 0.665870 0.700122 0.858411 1.036352 1.071981 1.125651 1.224672 1.366893 1.112972 1.055775 0.926070 0.948507 0.511623 0.338366 0.278159 0.296229 0.373056 0.499275 0.695153 0.610193 0.479426 0.375372 0.318429 0.286960 0.230328 0.170050 0.482357 0.578731 0.000000 0.000000 0.000000 0.000000 0.000000 0.000000 0.000000 0.000000 0.457258 0.524313 0.584082 0.619344 0.619217 0.629694 0.623019 0.571001 0.499608 0.427590 0.376484 0.000000 0.527604 0.680787 0.803938 0.849062 0.878099 0.882905 0.783741 0.786521 0.839387 0.963887 0.983950 0.896375 0.844425 0.825798 0.791558 0.760618 0.783684 0.787604 0.827941 0.860339 0.886190 0.896152 0.890977 0.951495 1.062108 1.200402 1.311981 1.413479 1.378181 1.270907 1.213403 1.211461 1.206532 1.092397 0.908386 0.925492 0.790360 0.743807 0.570457 0.496314 0.510547 0.586719 0.684302 0.965038 0.917316 0.876401 0.847302 0.831137 1.000686 0.773702 0.789403 0.893992 0.972584 1.009552 1.013649 1.307377 1.398659 1.480696 1.314920 1.268648 1.343646 1.402674 1.394680 1.364190 1.341032 1.317185 1.307452 1.260179 1.204160 1.162543 1.132201 1.134919 1.138813 1.115751 1.286636 1.301871 1.341801 1.384659 1.411603 1.441716 1.477313 1.518906 1.332422 1.320127 1.347578 1.396362 1.449788 1.504376 1.550993 1.608510 1.658141 1.690230 1.732550 1.750217 1.787947 1.846252 1.885630 1.903589 1.867107 1.758156 1.508788 1.441173 1.430602 1.430503
0.000000 0.000000 0.000000 0.000000 0.000000 0.000000 0.000000 0.000000 0.000000 0.000000 0.000000 0.000000 0.000000 0.000000 0.000000 0.000000 0.000000 0.000000 0.000000 0.000000 0.000000 0.000000 0.000000 0.000000 0.000000 0.000000 0.000000 0.000000 0.000000 0.000000 0.000000 0.000000 0.000000 0.000000 0.000000 0.000000 0.000000 0.000000 0.000000 0.000000 0.000000 0.000000 0.000000 0.000000 0.000000 0.000000 0.000000 0.000000 0.000000 0.000000 0.000000 0.000000 0.000000 0.000000 0.000000 0.000000 0.000000 0.000000 0.000000 0.000000 0.000000 0.000000 0.000000 0.000000 0.000000 0.000000 0.000000 0.000000 0.000000 0.000000 0.000000 0.000000 0.000000 0.000000 0.000000 0.000000 0.000000 0.000000 0.436155 0.461563 0.458449 0.000000 0.000000 0.000000 0.000000 0.000000 0.000000 0.000000 0.000000 0.000000 0.000000 0.000000 0.000000 0.000000 0.000000 0.000000 0.000000 0.000000 0.000000 0.000000 0.000000 0.000000 0.000000 0.000000 0.000000 0.000000 0.000000 0.000000 0.000000 0.000000 0.000000 0.000000 0.000000 0.000000 0.000000 0.000000 0.000000 0.000000 0.000000 0.000000 0.000000 0.000000 0.000000 0.000000 0.000000 0.451301 0.592055 0.432808 0.551512 0.756004 0.943450 1.074970 1.136589 1.248494 1.404098 1.391783 1.223442 0.963463 0.976333 0.563753 0.367495 0.278823 0.300458 0.410474 0.533798 0.575683 0.553162 0.403386 0.245005 0.270779 0.258004 0.563960 0.460815 0.529134 0.404216 0.000000 0.000000 0.000000 0.000000 0.000000 0.000000 0.000000 0.000000 0.433049 0.509381 0.570858 0.609827 0.624036 0.649972 0.671216 0.602887 0.467607 0.609644 0.684122 0.000000 0.414780 0.596178 0.780858 0.816587 0.759459 0.741544 0.703231 0.762619 0.786574 0.869734 0.807727 0.887016 0.796393 0.740876 0.685019 0.594270 0.613178 0.749297 0.829919 0.894724 0.938346 0.991650 1.023313 1.053837 1.120921 1.198143 1.292262 1.358695 1.312462 1.298961 1.086053 1.010634 1.056319 1.115496 1.010726 1.022351 1.034413 0.705054 0.552910 0.499245 0.538788 0.628901 0.965267 0.924333 1.042089 0.990027 0.941164 0.881776 0.854536 0.713191 0.772573 0.834823 0.932404 0.990168 1.240432 1.317196 1.403833 1.279734 1.312621 1.389018 1.439526 1.447606 1.417869 1.368964 1.332704 1.297432 1.262736 1.236804 1.229048 1.222221 1.195099 1.193166 1.365643 1.347458 1.321138 1.447732 1.483068 1.395876 1.427839 1.461305 1.492796 1.529340 1.555775 1.593803 1.385045 1.379477 1.417968 1.468692 1.539530 1.604968 1.674604 1.727067 1.786505 1.865754 1.940149 2.220572 2.038489 2.082291 2.083225 2.006141 2.091255 1.652418 1.594978 1.595086 1.524153
0.000000 0.000000 0.000000 0.000000 0.000000 0.000000 0.000000 0.000000 0.000000 0.000000 0.000000 0.000000 0.000000 0.000000 0.000000 0.000000 0.000000 0.000000 0.000000 0.000000 0.000000 0.000000 0.000000 0.000000 0.000000 0.000000 0.000000 0.000000 0.000000 0.000000 0.000000 0.000000 0.000000 0.000000 0.000000 0.000000 0.000000 0.000000 0.000000 0.000000 0.000000 0.000000 0.000000 0.000000 0.000000 0.000000 0.000000 0.000000 0.000000 0.000000 0.000000 0.000000 0.000000 0.000000 0.000000 0.000000 0.000000 0.000000 0.000000 0.000000 0.000000 0.000000 0.000000 0.000000 0.000000 0.000000 0.000000 0.000000 0.000000 0.000000 0.000000 0.000000 0.000000 0.000000 0.000000 0.000000 0.000000 0.000000 0.000000 0.000000 0.000000 0.000000 0.000000 0.000000 0.000000 0.000000 0.000000 0.000000 0.000000 0.000000 0.000000 0.000000 0.000000 0.000000 0.000000 0.000000 0.000000 0.000000 0.000000 0.000000 0.000000 0.000000 0.000000 0.000000 0.000000 0.000000 0.000000 0.000000 0.000000 0.000000 0.000000 0.000000 0.000000 0.000000 0.000000 0.000000 0.000000 0.000000 0.000000 0.000000 0.000000 0.613026 0.000000 0.000000 0.000000 0.000000 0.000000 0.551775 0.802238 0.890856 1.018829 1.104580 1.222512 1.358728 1.467816 1.315212 0.973181 0.974803 0.992590 0.400190 0.281967 0.273792 0.398810 0.501617 0.490168 0.445396 0.303691 0.199924 0.230958 0.617143 0.647020 0.554511 0.523484 0.000000 0.000000 0.000000 0.000000 0.000000 0.000000 0.000000 0.000000 0.615123 0.475130 0.508053 0.545079 0.560488 0.564497 0.564585 0.622281 1.074904 0.591267 0.808083 1.090596 1.071481 0.501463 0.491735 0.775378 0.790045 0.666000 0.576447 0.650343 0.781830 0.723530 0.724534 0.713753 0.513308 0.705127 0.647013 0.501612 0.000000 0.493351 0.667379 0.739883 0.791513 0.841584 0.905667 0.967627 1.035360 1.094497 1.172293 1.228411 1.168433 1.190465 1.203889 1.247606 1.068223 1.054538 1.102880 0.971423 1.021089 0.989249 0.616040 0.469320 0.582171 0.520352 0.883954 0.908129 0.864482 0.777289 0.680582 0.888068 0.911785 0.791725 0.813013 0.914731 1.010972 1.089073 1.221116 1.298878 1.346954 1.430021 1.401816 1.493661 1.509576 1.495356 1.488539 1.448310 1.405888 1.381792 1.377733 1.374077 1.362361 1.331429 1.471977 1.452524 1.429172 1.430483 1.557709 1.563775 1.553238 1.565608 1.584016 1.619802 1.669104 1.568251 1.585764 1.620044 1.650445 1.689582 1.739007 1.594762 1.637164 1.713005 2.020044 2.096309 1.984641 2.022404 2.088034 2.299222 2.174673 2.148495 2.165998 2.284447 2.276453 2.309300 2.329636 2.219373 2.091866 2.123081 1.906121
0.000000 0.000000 0.000000 0.000000 0.000000 0.000000 0.000000 0.000000 0.000000 0.000000 0.000000 0.000000 0.000000 0.000000 0.000000 0.000000 0.000000 0.000000 0.000000 0.000000 0.000000 0.000000 0.000000 0.000000 0.000000 0.000000 0.000000 0.000000 0.000000 0.000000 0.000000 0.000000 0.000000 0.000000 0.000000 0.000000 0.000000 0.000000 0.000000 0.000000 0.000000 0.000000 0.000000 0.000000 0.000000 0.000000 0.000000 0.000000 0.000000 0.000000 0.000000 0.000000 0.000000 0.000000 0.000000 0.000000 0.000000 0.000000 0.000000 0.000000 0.000000 0.000000 0.000000 0.000000 0.000000 0.000000 0.000000 0.000000 0.000000 0.000000 0.000000 0.000000 0.000000 0.000000 0.000000 0.000000 0.000000 0.000000 0.272913 0.000000 0.000000 0.000000 0.000000 0.000000 0.000000 0.000000 0.000000 0.000000 0.000000 0.000000 0.000000 0.000000 0.000000 0.000000 0.000000 0.000000 0.000000 0.000000 0.000000 0.000000 0.000000 0.000000 0.000000 0.000000 0.000000 0.000000 0.000000 0.000000 0.000000 0.000000 0.000000 0.000000 0.000000 0.000000 0.000000 0.000000 0.000000 0.000000 0.000000 0.000000 0.000000 0.000000 0.000000 0.000000 0.000000 0.000000 0.557792 0.655345 0.887655 0.992736 1.045088 1.160656 1.305479 1.415460 1.399052 0.970704 0.953738 0.952435 0.434599 0.232274 0.204635 0.291805 0.353939 0.353363 0.314434 0.225738 0.192281 0.275493 0.703049 0.614302 0.735647 0.553864 0.000000 0.405540 0.420391 0.415185 0.000000 0.000000 0.000000 0.000000 0.583736 0.734558 0.636202 0.555020 0.558739 0.552692 0.566746 0.596393 0.606569 0.912386 1.010117 0.905853 0.844678 0.913867 0.627995 0.527001 0.841647 0.574114 0.588554 0.592436 0.691226 0.675220 0.611119 0.547674 0.466332 0.528926 0.522117 0.454584 0.000000 0.415584 0.543856 0.638498 0.671284 0.701570 0.751688 0.805607 0.863294 0.934142 1.026514 1.108098 1.053503 1.061042 1.035371 1.001221 1.071654 1.030241 1.030563 0.878089 0.882439 0.886899 0.847568 0.531600 0.676938 0.982871 0.882273 0.386852 0.773678 0.710577 0.659225 0.665648 0.668280 0.814708 0.809175 0.778424 0.896198 1.019187 1.144766 1.324246 1.482733 1.618044 1.718858 1.576587 1.608929 1.587215 1.719701 1.663794 1.392784 1.351238 1.346973 1.517603 1.646182 1.649705 1.657419 1.648364 1.628845 1.633283 1.622047 1.600066 1.581675 1.566851 1.580467 1.609955 1.662675 1.695526 1.719168 1.737928 1.768340 1.684850 1.704018 1.730247 1.742244 1.755166 1.819733 1.943393 2.071767 2.224483 2.398913 2.418626 2.455081 2.436205 2.378668 2.379504 2.513064 2.402720 2.428861 2.450783 2.419697 2.392755 2.198998 2.027987
0.000000 0.000000 0.000000 0.000000 0.000000 0.000000 0.000000 0.000000 0.000000 0.000000 0.000000 0.000000 0.000000 0.000000 0.000000 0.000000 0.000000 0.000000 0.000000 0.000000 0.000000 0.000000 0.000000 0.000000 0.000000 0.000000 0.000000 0.000000 0.000000 0.000000 0.000000 0.000000 0.000000 0.000000 0.000000 0.000000 0.000000 0.000000 0.000000 0.000000 0.000000 0.000000 0.000000 0.000000 0.000000 0.000000 0.000000 0.000000 0.000000 0.000000 0.000000 0.000000 0.000000 0.000000 0.000000 0.000000 0.000000 0.000000 0.000000 0.000000 0.000000 0.000000 0.000000 0.000000 0.000000 0.000000 0.000000 0.000000 0.000000 0.000000 0.000000 0.000000 0.000000 0.000000 0.000000 0.000000 0.000000 0.000000 0.000000 0.000000 0.000000 0.000000 0.000000 0.000000 0.000000 0.000000 0.000000 0.000000 0.000000 0.000000 0.000000 0.000000 0.000000 0.000000 0.000000 0.000000 0.000000 0.000000 0.000000 0.000000 0.000000 0.000000 0.000000 0.000000 0.000000 0.000000 0.000000 0.000000 0.000000 0.000000 0.000000 0.000000 0.000000 0.000000 0.000000 0.000000 0.000000 0.000000 0.000000 0.000000 0.000000 0.000000 0.000000 0.000000 0.000000 0.399217 0.632779 0.802896 0.956759 1.038719 1.133291 1.280896 1.388973 1.398413 1.010409 0.947179 0.933601 0.864029 0.210764 0.124143 0.215876 0.279499 0.238974 0.233534 0.221771 0.567699 0.716582 0.692139 0.664683 0.591041 0.468939 0.431413 0.423801 0.428635 0.431221 0.422540 0.000000 0.000000 0.000000 0.000000 0.523748 0.545634 0.565322 0.570186 0.556778 0.561918 0.950971 1.077489 0.623601 0.740648 0.841232 0.853452 0.562809 0.594955 0.455286 0.000000 0.499207 0.529258 0.568805 0.546123 0.551191 0.441683 0.417916 0.418676 0.423793 0.707264 0.761257 0.422509 0.461321 0.498703 0.532894 0.563296 0.602355 0.645100 0.673629 0.687180 0.716800 0.783524 0.792285 0.868486 0.917011 0.900052 0.839653 0.793284 0.825272 0.724095 0.722481 0.745999 0.757046 0.745083 0.848936 0.944185 0.992746 0.987388 1.073631 0.781689 0.703603 0.708670 0.889865 0.860212 0.902114 0.844962 0.830180 0.818151 0.856207 1.715479 1.269600 1.478316 1.686767 1.832259 1.750682 1.703787 1.684476 1.639104 1.559693 1.482538 1.428164 1.408412 1.513191 1.532193 1.552769 1.567599 1.571627 1.588994 1.578346 1.594582 1.622480 1.660853 1.705089 1.767160 1.795921 1.849631 1.885768 1.902862 1.930215 1.964942 1.992224 2.022889 2.088308 2.185961 2.313609 2.427050 2.494803 2.559767 2.641468 2.719771 2.743124 2.719280 2.701226 2.577534 2.467059 2.469831 2.528137 2.539429 2.499507 2.569375 2.586106 2.430803 2.226658 2.023112
0.000000 0.000000 0.000000 0.000000 0.000000 0.000000 0.000000 0.000000 0.000000 0.000000 0.000000 0.000000 0.000000 0.000000 0.000000 0.000000 0.000000 0.000000 0.000000 0.000000 0.000000 0.000000 0.000000 0.000000 0.000000 0.000000 0.000000 0.000000 0.000000 0.000000 0.000000 0.000000 0.000000 0.000000 0.000000 0.000000 0.000000 0.000000 0.000000 0.000000 0.000000 0.000000 0.000000 0.000000 0.000000 0.000000 0.000000 0.000000 0.000000 0.000000 0.000000 0.000000 0.000000 0.000000 0.000000 0.000000 0.000000 0.000000 0.000000 0.000000 0.000000 0.000000 0.000000 0.000000 0.000000 0.000000 0.000000 0.000000 0.000000 0.000000 0.000000 0.000000 0.000000 0.000000 0.000000 0.000000 0.000000 0.000000 0.000000 0.000000 0.000000 0.000000 0.000000 0.000000 0.000000 0.000000 0.000000 0.000000 0.000000 0.000000 0.000000 0.000000 0.000000 0.000000 0.000000 0.000000 0.000000 0.000000 0.000000 0.000000 0.000000 0.000000 0.000000 0.000000 0.000000 0.000000 0.000000 0.000000 0.000000 0.000000 0.000000 0.000000 0.000000 0.000000 0.000000 0.000000 0.000000 0.000000 0.000000 0.000000 0.000000 0.000000 0.000000 0.000000 0.402478 0.550565 0.742825 0.899242 1.021357 1.153288 1.314775 1.409437 1.400182 1.211644 0.944275 0.895843 0.806410 0.353765 0.173966 0.651274 0.601298 0.546907 0.525689 0.629285 0.651300 0.728874 0.721432 0.660481 0.527511 0.478259 0.451067 0.444840 0.442162 0.440985 0.433193 0.420010 0.000000 0.000000 0.000000 0.000000 0.490713 0.535401 0.551513 0.688331 0.556032 0.543893 0.571107 0.592638 0.579766 0.873900 1.135130 0.731485 0.412654 0.436386 0.521248 0.000000 0.416011 0.401840 0.000000 0.000000 0.000000 0.000000 0.407159 0.531762 0.467687 0.491474 0.508046 0.520227 0.538704 0.561856 0.597390 0.647067 0.696488 0.719378 0.728033 0.710726 0.709005 0.764313 0.797727 0.874013 0.905966 0.853360 0.836270 0.839195 0.843163 0.785815 0.651430 0.697311 0.791942 0.847184 0.952582 0.982896 1.179081 1.118668 1.001800 0.733702 0.901693 0.916068 0.858238 0.860078 0.814713 0.823779 0.863404 0.956493 1.021625 1.171470 1.405523 1.603901 1.718035 1.771051 1.743720 1.567350 1.509548 1.457460 1.392850 1.458559 1.410431 1.452495 1.433878 1.432191 1.473487 1.530316 1.638732 1.726191 1.834202 1.923664 1.971927 2.001220 1.976650 1.971476 1.970137 1.949768 1.927116 1.936170 1.968026 2.030906 2.119416 2.190704 2.275629 2.356291 2.417971 2.451489 2.495822 2.549692 2.607311 2.683237 2.750649 2.802975 2.854325 2.878060 2.777469 2.706267 2.643639 2.633751 2.541370 2.593557 2.615899 2.428746 2.218555 2.028553
0.000000 0.000000 0.000000 0.000000 0.000000 0.000000 0.000000 0.000000 0.000000 0.000000 0.000000 0.000000 0.000000 0.000000 0.000000 0.000000 0.000000 0.000000 0.000000 0.000000 0.000000 0.000000 0.000000 0.000000 0.000000 0.000000 0.000000 0.000000 0.000000 0.000000 0.000000 0.000000 0.000000 0.000000 0.000000 0.000000 0.000000 0.000000 0.000000 0.000000 0.000000 0.000000 0.000000 0.000000 0.000000 0.000000 0.000000 0.000000 0.000000 0.000000 0.000000 0.000000 0.000000 0.000000 0.000000 0.000000 0.000000 0.000000 0.000000 0.000000 0.000000 0.000000 0.000000 0.000000 0.000000 0.000000 0.000000 0.000000 0.000000 0.000000 0.000000 0.000000 0.000000 0.000000 0.000000 0.000000 0.000000 0.000000 0.000000 0.000000 0.000000 0.000000 0.000000 0.000000 0.000000 0.000000 0.000000 0.000000 0.000000 0.000000 0.000000 0.000000 0.000000 0.000000 0.000000 0.000000 0.000000 0.000000 0.000000 0.000000 0.000000 0.000000 0.000000 0.000000 0.000000 0.000000 0.000000 0.000000 0.000000 0.000000 0.000000 0.000000 0.000000 0.000000 0.000000 0.000000 0.000000 0.000000 0.000000 0.000000 0.000000 0.000000 0.000000 0.412111 0.441691 0.768769 0.911626 1.002373 1.085240 1.292974 1.395123 1.401254 1.335357 1.119460 1.058944 0.963139 0.876981 0.651196 0.786062 0.579593 0.486252 0.567091 0.555392 0.585817 0.662006 0.666422 0.594765 0.536474 0.493003 0.464396 0.455783 0.451779 0.443953 0.436130 0.423550 0.000000 0.000000 0.000000 0.000000 0.481430 0.466689 0.506407 0.686361 0.501235 0.488442 0.486730 0.467128 0.760891 0.485317 0.509970 0.556275 0.460764 0.000000 0.000000 0.457073 0.419032 0.416191 0.000000 0.000000 0.000000 0.438110 0.578488 0.503985 0.529987 0.563421 0.579724 0.589575 0.590344 0.595488 0.619121 0.673117 0.717647 0.738835 0.721775 0.711289 0.656090 0.719060 0.718852 0.733752 0.780258 0.778901 0.812911 0.765583 0.816851 0.850565 0.785395 0.894905 0.971395 1.027845 1.097044 1.141474 1.127605 1.075322 0.994119 0.904069 0.900555 0.939690 0.969303 1.000925 0.961692 0.924560 0.942409 1.063950 1.292673 1.486495 1.609549 1.646060 1.632734 1.597192 1.557899 1.540681 1.491560 1.476916 1.457931 1.432693 1.476504 1.512821 1.507631 1.506205 1.521712 1.622335 1.755720 1.892329 2.003510 2.085902 2.079817 2.027903 1.951836 1.933197 1.907673 1.888078 1.827513 1.777523 1.791170 1.832869 1.902343 1.976489 2.043432 2.114654 2.217765 2.394960 2.422312 2.460116 2.532601 2.608189 2.688635 2.747383 2.791449 2.832327 2.862877 2.887308 2.915580 2.936512 2.812628 2.764247 2.851191 2.769907 2.499846 2.215928 2.025655
0.000000 0.000000 0.000000 0.000000 0.000000 0.000000 0.000000 0.000000 0.000000 0.000000 0.000000 0.000000 0.000000 0.000000 0.000000 0.000000 0.000000 0.000000 0.000000 0.000000 0.000000 0.000000 0.000000 0.000000 0.000000 0.000000 0.000000 0.000000 0.000000 0.000000 0.000000 0.000000 0.000000 0.000000 0.000000 0.000000 0.000000 0.000000 0.000000 0.000000 0.000000 0.000000 0.000000 0.000000 0.000000 0.000000 0.000000 0.000000 0.000000 0.000000 0.000000 0.000000 0.000000 0.000000 0.000000 0.000000 0.000000 0.000000 0.000000 0.000000 0.000000 0.000000 0.000000 0.000000 0.000000 0.000000 0.000000 0.000000 0.000000 0.000000 0.000000 0.000000 0.000000 0.000000 0.000000 0.000000 0.000000 0.000000 0.000000 0.000000 0.000000 0.000000 0.000000 0.000000 0.000000 0.000000 0.000000 0.000000 0.000000 0.000000 0.000000 0.000000 0.000000 0.000000 0.000000 0.000000 0.000000 0.000000 0.000000 0.000000 0.000000 0.000000 0.000000 0.000000 0.000000 0.000000 0.000000 0.000000 0.000000 0.000000 0.000000 0.000000 0.000000 0.000000 0.000000 0.000000 0.000000 0.000000 0.000000 0.000000 0.155400 0.394846 0.449528 0.457537 0.681975 0.918844 1.049587 1.166156 1.248563 1.333137 1.331685 1.276134 1.063905 0.994158 0.925319 0.858557 0.796174 0.741122 0.683771 0.626174 0.549096 0.514836 0.509568 0.571457 0.592553 0.578188 0.546811 0.509751 0.482741 0.462845 0.455583 0.447036 0.433318 0.419035 0.000000 0.000000 0.000000 0.000000 0.000000 0.000000 0.429485 0.452229 0.427118 0.000000 0.000000 0.000000 0.000000 0.000000 0.000000 0.976199 1.239783 0.853599 1.135537 0.000000 0.402546 0.411897 0.000000 0.000000 0.424119 0.609554 0.534513 0.562903 0.587472 0.611192 0.630131 0.634956 0.633395 0.635013 0.656522 0.691666 0.727546 0.710216 0.728536 0.655159 0.651541 0.558478 0.652183 0.670359 0.635753 0.568165 0.678927 0.828876 0.886454 0.884633 0.793532 0.897745 1.014072 1.081478 1.119387 1.116856 1.083604 0.866425 1.020591 1.090305 0.994243 1.078200 1.296168 1.376357 1.430494 1.487281 1.560965 1.556607 1.561903 1.549428 1.464147 1.429160 1.412432 1.395325 1.375166 1.356667 1.328517 1.296730 1.289469 1.327733 1.368609 1.446531 1.555091 1.636965 1.686727 1.756797 1.816502 1.864516 1.906324 1.906767 1.891626 1.885692 1.865461 1.814142 1.790123 1.777799 1.777403 1.729659 1.664125 1.633208 1.688978 1.758703 1.822761 1.885131 1.935287 1.954151 1.978496 2.050071 2.125600 2.216270 2.293863 2.369999 2.438159 2.507261 2.615075 2.706164 2.767404 2.810789 2.846683 2.787308 2.711237 2.805455 2.762388 2.497483 2.194743 2.003920
0.000000 0.000000 0.000000 0.000000 0.000000 0.000000 0.000000 0.000000 0.000000 0.000000 0.000000 0.000000 0.000000 0.000000 0.000000 0.000000 0.000000 0.000000 0.000000 0.000000 0.000000 0.000000 0.000000 0.000000 0.000000 0.000000 0.000000 0.000000 0.000000 0.000000 0.000000 0.000000 0.000000 0.000000 0.000000 0.000000 0.000000 0.000000 0.000000 0.000000 0.000000 0.000000 0.000000 0.000000 0.000000 0.000000 0.000000 0.000000 0.000000 0.000000 0.000000 0.000000 0.000000 0.000000 0.000000 0.000000 0.000000 0.000000 0.000000 0.000000 0.000000 0.000000 0.000000 0.000000 0.000000 0.000000 0.000000 0.000000 0.000000 0.000000 0.000000 0.000000 0.000000 0.000000 0.000000 0.000000 0.000000 0.000000 0.000000 0.000000 0.000000 0.000000 0.000000 0.000000 0.000000 0.000000 0.000000 0.000000 0.000000 0.000000 0.000000 0.000000 0.000000 0.000000 0.000000 0.000000 0.000000 0.000000 0.000000 0.000000 0.000000 0.000000 0.000000 0.000000 0.000000 0.000000 0.000000 0.000000 0.000000 0.000000 0.000000 0.000000 0.000000 0.000000 0.000000 0.000000 0.000000 0.000000 0.000000 0.000000 0.437830 0.490560 0.485698 0.473897 0.711298 0.977911 1.385118 1.190888 1.277230 1.281263 1.217282 1.152079 0.973982 0.899730 0.839929 0.780423 0.724634 0.662214 0.578603 0.553650 0.519893 0.753574 0.566738 0.580611 0.567707 0.549371 0.526599 0.500668 0.471564 0.457238 0.445257 0.428408 0.000000 0.000000 0.000000 0.000000 0.000000 0.000000 0.000000 0.000000 0.000000 0.000000 0.000000 0.000000 0.000000 0.000000 0.000000 0.000000 0.000000 0.845482 0.467007 0.000000 0.000000 0.628421 0.402098 0.000000 0.000000 0.000000 0.464425 0.533195 0.588473 0.614868 0.630266 0.644150 0.647943 0.636089 0.630823 0.655771 0.688024 0.703883 0.685377 0.641533 0.643212 0.621334 0.588070 0.570788 0.559648 0.679763 0.526345 0.646933 0.837586 0.946936 0.944939 0.890196 0.990768 1.034184 1.207395 1.222934 1.212692 1.183193 1.149081 1.139235 1.158517 1.198177 1.241976 1.326558 1.366962 1.372224 1.427183 1.387589 1.396758 1.354463 1.270979 1.239833 1.207288 1.122231 1.054898 1.025869 0.997428 1.002253 1.050958 1.104863 1.171359 1.243036 1.281526 1.302198 1.338901 1.441780 1.555293 1.627585 1.709980 1.754622 1.754602 1.736882 1.744467 1.760950 1.754373 1.721925 1.676223 1.634601 1.623116 1.583149 1.520847 1.490329 1.526648 1.583120 1.638969 1.693864 1.733021 1.741585 1.753141 1.805385 1.891965 1.976758 2.067444 2.156108 2.224635 2.257263 2.280485 2.321179 2.376790 2.422351 2.457902 2.496760 2.447414 2.440254 2.429965 2.288205 2.087688 1.955462
0.000000 0.000000 0.000000 0.000000 0.000000 0.000000 0.000000 0.000000 0.000000 0.000000 0.000000 0.000000 0.000000 0.000000 0.000000 0.000000 0.000000 0.000000 0.000000 0.000000 0.000000 0.000000 0.000000 0.000000 0.000000 0.000000 0.000000 0.000000 0.000000 0.000000 0.000000 0.000000 0.000000 0.000000 0.000000 0.000000 0.000000 0.000000 0.000000 0.000000 0.000000 0.000000 0.000000 0.000000 0.000000 0.000000 0.000000 0.000000 0.000000 0.000000 0.000000 0.000000 0.000000 0.000000 0.000000 0.000000 0.000000 0.000000 0.000000 0.000000 0.000000 0.000000 0.000000 0.000000 0.000000 0.000000 0.000000 0.000000 0.000000 0.000000 0.000000 0.000000 0.000000 0.000000 0.000000 0.000000 0.000000 0.000000 0.000000 0.000000 0.000000 0.000000 0.000000 0.000000 0.000000 0.000000 0.000000 0.000000 0.000000 0.000000 0.000000 0.000000 0.000000 0.000000 0.000000 0.000000 0.000000 0.000000 0.000000 0.000000 0.000000 0.000000 0.000000 0.000000 0.000000 0.000000 0.000000 0.000000 0.000000 0.000000 0.000000 0.000000 0.000000 0.000000 0.000000 0.000000 0.000000 0.000000 0.000000 0.460072 0.551076 0.501680 0.506459 0.554678 0.695107 1.089025 1.444816 1.193102 1.218128 1.173200 1.103775 1.066530 0.908305 0.825279 0.737278 0.671496 0.627290 0.575193 0.516369 0.495137 0.571491 0.596927 0.598003 0.574824 0.555805 0.539727 0.512878 0.479400 0.454134 0.436113 0.414345 0.000000 0.000000 0.000000 0.000000 0.000000 0.000000 0.000000 0.000000 0.000000 0.000000 0.000000 0.000000 0.000000 0.000000 0.000000 0.000000 0.000000 0.000000 0.000000 0.502116 0.000000 0.000000 0.000000 0.000000 0.000000 0.000000 0.000000 0.428664 0.513988 0.584234 0.616254 0.625210 0.615315 0.590553 0.574385 0.583983 0.617996 0.630059 0.621061 0.621322 0.618737 0.614416 0.590998 0.560977 0.532974 0.000000 0.578860 0.436644 0.833935 0.974611 1.320399 0.958111 1.022589 1.124444 1.152384 1.134013 1.107460 1.084800 1.055544 1.052652 1.077331 1.139556 1.183214 1.221187 1.240221 1.243986 1.236112 1.187649 1.175675 1.135345 1.077233 1.021041 0.969368 0.907589 0.819332 0.700038 0.696448 0.705858 0.733966 0.801947 0.888670 0.995896 1.093395 1.056227 1.052607 1.110894 1.173472 1.262416 1.361374 1.445200 1.571573 1.672590 1.691911 1.489324 1.434273 1.448294 1.454126 1.444770 1.423627 1.404941 1.385289 1.363485 1.347739 1.348265 1.373126 1.427217 1.505542 1.542363 1.548698 1.569632 1.639330 1.716704 1.810205 1.909856 2.001965 2.091836 2.128661 2.144677 2.168818 2.204897 2.243633 2.283813 2.320952 2.344058 2.359500 2.311284 2.168176 2.002974 1.779694
0.000000 0.000000 0.000000 0.000000 0.000000 0.000000 0.000000 0.000000 0.000000 0.000000 0.000000 0.000000 0.000000 0.000000 0.000000 0.000000 0.000000 0.000000 0.000000 0.000000 0.000000 0.000000 0.000000 0.000000 0.000000 0.000000 0.000000 0.000000 0.000000 0.000000 0.000000 0.000000 0.000000 0.000000 0.000000 0.000000 0.000000 0.000000 0.000000 0.000000 0.000000 0.000000 0.000000 0.000000 0.000000 0.000000 0.000000 0.000000 0.000000 0.000000 0.000000 0.000000 0.000000 0.000000 0.000000 0.000000 0.000000 0.000000 0.000000 0.000000 0.000000 0.000000 0.000000 0.000000 0.000000 0.000000 0.000000 0.000000 0.000000 0.000000 0.000000 0.000000 0.000000 0.000000 0.000000 0.000000 0.000000 0.000000 0.000000 0.000000 0.000000 0.000000 0.000000 0.000000 0.000000 0.000000 0.000000 0.000000 0.000000 0.000000 0.000000 0.000000 0.000000 0.000000 0.000000 0.000000 0.000000 0.000000 0.000000 0.000000 0.000000 0.000000 0.000000 0.000000 0.000000 0.000000 0.000000 0.000000 0.000000 0.000000 0.000000 0.000000 0.000000 0.000000 0.000000 0.000000 0.000000 0.492359 0.569618 0.633087 0.609677 0.530984 0.590087 0.615621 0.675413 1.103513 1.089032 1.147407 1.125076 1.054308 1.023482 0.993392 0.919395 0.797859 0.632357 0.575647 0.550150 0.447271 0.529604 0.629375 0.657696 0.631941 0.604543 0.566609 0.539996 0.512305 0.476534 0.439224 0.409920 0.000000 0.000000 0.000000 0.000000 0.000000 0.000000 0.000000 0.000000 0.000000 0.000000 0.000000 0.000000 0.000000 0.000000 0.000000 0.000000 0.000000 0.000000 0.000000 0.000000 0.000000 0.000000 0.000000 0.000000 0.000000 0.000000 0.000000 0.000000 0.000000 0.000000 0.477602 0.570578 0.598549 0.578288 0.543799 0.507858 0.506994 0.519337 0.546046 0.585993 0.591671 0.606335 0.623180 0.695796 0.613756 0.575820 0.440434 0.448997 0.000000 0.767906 0.909142 0.912616 0.911609 0.949434 0.976994 0.988207 0.965794 0.921009 0.876970 0.838240 0.852367 0.924707 0.974867 1.010679 1.029811 1.040389 1.038782 1.024010 0.989986 0.927981 0.851567 0.789268 0.720352 0.651333 0.565187 0.461162 0.442278 0.463932 0.478920 0.481546 0.476879 0.493829 0.553818 0.670715 0.792798 0.811485 0.829643 0.907635 0.962613 1.013973 1.078356 1.122588 1.187720 1.288157 1.355185 1.214650 1.138623 1.227186 1.277261 1.335108 1.375208 1.398073 1.409076 1.422858 1.447101 1.472384 1.494339 1.514909 1.535740 1.507327 1.540186 1.583641 1.629430 1.680493 1.737030 1.795638 1.858780 1.915635 1.971451 2.017006 2.055720 2.085933 2.109193 2.140486 2.175333 2.216406 2.258043 2.197573 2.033396 1.860626 1.731191
0.000000 0.000000 0.000000 0.000000 0.000000 0.000000 0.000000 0.000000 0.000000 0.000000 0.000000 0.000000 0.000000 0.000000 0.000000 0.000000 0.000000 0.000000 0.000000 0.000000 0.000000 0.000000 0.000000 0.000000 0.000000 0.000000 0.000000 0.000000 0.000000 0.000000 0.000000 0.000000 0.000000 0.000000 0.000000 0.000000 0.000000 0.000000 0.000000 0.000000 0.000000 0.000000 0.000000 0.000000 0.000000 0.000000 0.000000 0.000000 0.000000 0.000000 0.000000 0.000000 0.000000 0.000000 0.000000 0.000000 0.000000 0.000000 0.000000 0.000000 0.000000 0.000000 0.000000 0.000000 0.000000 0.000000 0.000000 0.000000 0.000000 0.000000 0.000000 0.000000 0.000000 0.000000 0.000000 0.000000 0.000000 0.000000 0.000000 0.000000 0.000000 0.000000 0.000000 0.000000 0.000000 0.000000 0.000000 0.000000 0.000000 0.000000 0.000000 0.000000 0.000000 0.000000 0.000000 0.000000 0.000000 0.000000 0.000000 0.000000 0.000000 0.000000 0.000000 0.000000 0.000000 0.000000 0.000000 0.000000 0.000000 0.000000 0.000000 0.000000 0.000000 0.000000 0.000000 0.000000 0.000000 0.523249 1.157201 0.449880 0.545046 0.623768 0.651758 0.651159 0.876639 1.015761 1.056046 1.063267 1.004330 0.928075 1.226056 0.893917 0.801469 0.652833 0.495625 0.427189 0.000000 0.513398 0.659922 0.698996 0.677693 0.626422 0.579808 0.539146 0.495627 0.450069 0.403894 0.000000 0.000000 0.000000 0.000000 0.000000 0.000000 0.000000 0.000000 0.000000 0.000000 0.000000 0.000000 0.000000 0.000000 0.000000 0.000000 0.000000 0.000000 0.000000 0.000000 0.000000 0.000000 0.000000 0.000000 0.000000 0.000000 0.000000 0.000000 0.000000 0.000000 0.000000 0.485323 0.596189 0.568093 0.558010 0.479011 0.449649 0.434063 0.451561 0.467035 0.551548 0.590295 0.606204 0.853177 0.859298 0.746669 0.567446 0.478971 0.000000 0.000000 0.525651 0.748871 0.764208 0.749520 0.628195 0.778531 0.772690 0.721683 0.630685 0.534949 0.419756 0.543093 0.654216 0.739595 0.782763 0.806671 0.819470 0.806657 0.773711 0.740039 0.688463 0.620561 0.524778 0.407133 0.000000 0.000000 0.000000 0.000000 0.000000 0.000000 0.000000 0.000000 0.000000 0.000000 0.000000 0.000000 0.000000 0.498541 0.588118 0.675799 0.709209 0.695323 0.662516 0.626738 0.581595 0.626750 0.693464 0.689574 0.905823 1.126638 1.199173 1.262640 1.318163 1.345031 1.353203 1.364771 1.388028 1.421380 1.478693 1.520596 1.553610 1.601334 1.651883 1.699267 1.766856 1.855379 1.939543 1.952881 1.994366 2.011292 2.033739 2.069479 2.120000 2.167570 2.194976 2.201192 2.195079 2.194169 2.172183 2.068096 1.883925 1.697691 1.568237
0.000000 0.000000 0.000000 0.000000 0.000000 0.000000 0.000000 0.000000 0.000000 0.000000 0.000000 0.000000 0.000000 0.000000 0.000000 0.000000 0.000000 0.000000 0.000000 0.000000 0.000000 0.000000 0.000000 0.000000 0.000000 0.000000 0.000000 0.000000 0.000000 0.000000 0.000000 0.000000 0.000000 0.000000 0.000000 0.000000 0.000000 0.000000 0.000000 0.000000 0.000000 0.000000 0.000000 0.000000 0.000000 0.000000 0.000000 0.000000 0.000000 0.000000 0.000000 0.000000 0.000000 0.000000 0.000000 0.000000 0.000000 0.000000 0.000000 0.000000 0.000000 0.000000 0.000000 0.000000 0.000000 0.000000 0.000000 0.000000 0.000000 0.000000 0.000000 0.000000 0.000000 0.000000 0.000000 0.000000 0.000000 0.000000 0.000000 0.000000 0.000000 0.000000 0.000000 0.000000 0.000000 0.000000 0.000000 0.000000 0.000000 0.000000 0.000000 0.000000 0.000000 0.000000 0.000000 0.000000 0.000000 0.000000 0.000000 0.000000 0.000000 0.000000 0.000000 0.000000 0.000000 0.000000 0.000000 0.000000 0.000000 0.000000 0.000000 0.000000 0.000000 0.000000 0.004000 0.406082 0.437158 0.359136 0.482400 0.573640 0.657442 0.691435 0.696899 0.687635 1.100993 0.995046 0.974963 0.941326 0.845183 0.837453 0.791380 0.697891 0.584204 0.000000 0.000000 0.000000 0.483160 0.644730 0.700969 0.692963 0.634041 0.572537 0.524108 0.474414 0.416032 0.000000 0.000000 0.000000 0.000000 0.000000 0.000000 0.000000 0.000000 0.000000 0.000000 0.000000 0.000000 0.000000 0.000000 0.000000 0.000000 0.000000 0.000000 0.000000 0.000000 0.000000 0.000000 0.000000 0.000000 0.000000 0.000000 0.000000 0.000000 0.000000 0.000000 0.000000 0.000000 0.000000 0.000000 0.581807 0.451705 0.000000 0.000000 0.000000 0.386755 0.401667 0.535345 0.562300 0.626720 0.667231 0.708257 0.801171 0.702783 0.529628 0.000000 0.000000 0.000000 0.000000 0.509473 0.463591 0.441701 0.000000 0.438129 0.000000 0.000000 0.000000 0.000000 0.000000 0.000000 0.000000 0.424621 0.479425 0.507228 0.508539 0.469556 0.403896 0.000000 0.000000 0.000000 0.000000 0.000000 0.000000 0.000000 0.000000 0.000000 0.000000 0.000000 0.000000 0.000000 0.000000 0.000000 0.000000 0.000000 0.000000 0.000000 0.000000 0.437452 0.466152 0.429385 0.000000 0.000000 0.000000 0.000000 0.000000 0.000000 0.625871 0.913208 0.976348 1.033792 1.076772 1.093725 1.098793 1.117188 1.148944 1.205692 1.261256 1.315103 1.361431 1.398226 1.447641 1.505600 1.571058 1.669326 1.756255 1.824279 1.854906 1.871504 1.892340 1.922407 1.985364 2.070576 2.122023 2.103956 2.096729 2.116993 2.146210 2.026532 1.796636 1.523422 1.341863
0.000000 0.000000 0.000000 0.000000 0.000000 0.000000 0.000000 0.000000 0.000000 0.000000 0.000000 0.000000 0.000000 0.000000 0.000000 0.000000 0.000000 0.000000 0.000000 0.000000 0.000000 0.000000 0.000000 0.000000 0.000000 0.000000 0.000000 0.000000 0.000000 0.000000 0.000000 0.000000 0.000000 0.000000 0.000000 0.000000 0.000000 0.000000 0.000000 0.000000 0.000000 0.000000 0.000000 0.000000 0.000000 0.000000 0.000000 0.000000 0.000000 0.000000 0.000000 0.000000 0.000000 0.000000 0.000000 0.000000 0.000000 0.000000 0.000000 0.000000 0.000000 0.000000 0.000000 0.000000 0.000000 0.000000 0.000000 0.000000 0.000000 0.000000 0.000000 0.000000 0.000000 0.000000 0.000000 0.000000 0.000000 0.000000 0.000000 0.000000 0.000000 0.000000 0.000000 0.000000 0.000000 0.000000 0.000000 0.000000 0.000000 0.000000 0.000000 0.000000 0.000000 0.000000 0.000000 0.000000 0.000000 0.000000 0.000000 0.000000 0.000000 0.000000 0.000000 0.000000 0.000000 0.000000 0.000000 0.000000 0.000000 0.000000 0.000000 0.000000 0.000000 0.004000 0.427122 0.469197 0.432519 0.534520 0.626258 0.685769 0.732971 0.751524 0.746143 0.763644 0.905597 0.929998 0.866096 0.757332 0.811200 0.747448 0.608954 0.529581 0.101479 0.000000 0.000000 0.422278 0.610146 0.685343 0.690920 0.631037 0.546442 0.494995 0.437186 0.000000 0.000000 0.000000 0.000000 0.000000 0.000000 0.000000 0.000000 0.000000 0.000000 0.000000 0.000000 0.000000 0.000000 0.000000 0.000000 0.000000 0.000000 0.000000 0.000000 0.000000 0.000000 0.000000 0.000000 0.000000 0.000000 0.000000 0.000000 0.000000 0.000000 0.000000 0.000000 0.000000 0.000000 0.000000 0.000000 0.989891 0.000000 0.000000 0.000000 0.000000 0.000000 0.494634 0.591863 0.676184 0.731637 0.761403 0.827229 0.764766 0.605722 0.441060 0.000000 0.000000 0.000000 0.000000 0.000000 0.000000 0.000000 0.000000 0.000000 0.000000 0.000000 0.000000 0.000000 0.000000 0.000000 0.000000 0.000000 0.000000 0.000000 0.000000 0.574635 0.000000 0.000000 0.000000 0.000000 0.000000 0.000000 0.000000 0.000000 0.000000 0.000000 0.000000 0.000000 0.000000 0.000000 0.000000 0.000000 0.000000 0.000000 0.000000 0.000000 0.000000 0.000000 0.000000 0.000000 0.000000 0.000000 0.000000 0.000000 0.000000 0.000000 0.000000 0.468004 0.514255 0.562011 0.575535 0.599920 0.628471 0.678749 0.741710 0.805746 0.857381 0.906341 0.932323 0.945906 0.967981 1.001651 1.049974 1.116511 1.179497 1.231785 1.256535 1.269554 1.285390 1.312763 1.367894 1.427422 1.520532 1.594324 1.641854 1.710760 1.811850 1.786015 1.618437 1.345716 1.262776
0.000000 0.000000 0.000000 0.000000 0.000000 0.000000 0.000000 0.000000 0.000000 0.000000 0.000000 0.000000 0.000000 0.000000 0.000000 0.000000 0.000000 0.000000 0.000000 0.000000 0.000000 0.000000 0.000000 0.000000 0.000000 0.000000 0.000000 0.000000 0.000000 0.000000 0.000000 0.000000 0.000000 0.000000 0.000000 0.000000 0.000000 0.000000 0.000000 0.000000 0.000000 0.000000 0.000000 0.000000 0.000000 0.000000 0.000000 0.000000 0.000000 0.000000 0.000000 0.000000 0.000000 0.000000 0.000000 0.000000 0.000000 0.000000 0.000000 0.000000 0.000000 0.000000 0.000000 0.000000 0.000000 0.000000 0.000000 0.000000 0.000000 0.000000 0.000000 0.000000 0.000000 0.000000 0.000000 0.000000 0.000000 0.000000 0.000000 0.000000 0.000000 0.000000 0.000000 0.000000 0.000000 0.000000 0.000000 0.000000 0.000000 0.000000 0.000000 0.000000 0.000000 0.000000 0.000000 0.000000 0.000000 0.000000 0.000000 0.000000 0.000000 0.000000 0.000000 0.000000 0.000000 0.000000 0.000000 0.000000 0.000000 0.000000 0.000000 0.004000 0.000000 0.433474 0.559939 0.468381 0.597705 0.685272 0.737749 0.765696 0.791190 0.793341 1.011532 0.823023 0.852828 0.816733 0.695887 0.697958 1.125714 1.043454 0.388694 0.000000 0.000000 0.000000 0.000000 0.590794 0.631812 0.665352 0.620005 0.532402 0.458992 0.000000 0.000000 0.000000 0.000000 0.000000 0.000000 0.000000 0.000000 0.000000 0.000000 0.000000 0.000000 0.000000 0.000000 0.000000 0.000000 0.000000 0.000000 0.000000 0.000000 0.000000 0.000000 0.000000 0.000000 0.000000 0.000000 0.000000 0.000000 0.000000 0.000000 0.000000 0.000000 0.000000 0.000000 0.000000 0.000000 0.000000 0.000000 0.579222 0.000000 0.000000 0.000000 0.408384 0.518532 0.618171 0.705447 0.763481 0.792148 0.826309 0.780606 0.691137 0.532609 0.000000 0.000000 0.000000 0.000000 0.000000 0.000000 0.000000 0.000000 0.000000 0.000000 0.000000 0.000000 0.000000 0.000000 0.000000 0.000000 0.000000 0.000000 0.000000 0.000000 0.000000 0.000000 0.000000 0.000000 0.000000 0.000000 0.000000 0.000000 0.000000 0.000000 0.000000 0.000000 0.000000 0.000000 0.000000 0.000000 0.000000 0.000000 0.000000 0.000000 0.000000 0.000000 0.000000 0.000000 0.000000 0.000000 0.000000 0.000000 0.000000 0.000000 0.000000 0.000000 0.000000 0.000000 0.000000 0.000000 0.000000 0.000000 0.000000 0.000000 0.000000 0.000000 0.000000 0.000000 0.000000 0.000000 0.000000 0.000000 0.000000 0.000000 0.000000 0.000000 0.000000 0.000000 0.330287 0.346759 0.000000 0.492530 0.606580 0.708606 0.805469 0.939513 1.066640 1.220528 1.155439 1.130608 1.158215
0.000000 0.000000 0.000000 0.000000 0.000000 0.000000 0.000000 0.000000 0.000000 0.000000 0.000000 0.000000 0.000000 0.000000 0.000000 0.000000 0.000000 0.000000 0.000000 0.000000 0.000000 0.000000 0.000000 0.000000 0.000000 0.000000 0.000000 0.000000 0.000000 0.000000 0.000000 0.000000 0.000000 0.000000 0.000000 0.000000 0.000000 0.000000 0.000000 0.000000 0.000000 0.000000 0.000000 0.000000 0.000000 0.000000 0.000000 0.000000 0.000000 0.000000 0.000000 0.000000 0.000000 0.000000 0.000000 0.000000 0.000000 0.000000 0.000000 0.000000 0.000000 0.000000 0.000000 0.000000 0.000000 0.000000 0.000000 0.000000 0.000000 0.000000 0.000000 0.000000 0.000000 0.000000 0.000000 0.000000 0.000000 0.000000 0.000000 0.000000 0.000000 0.000000 0.000000 0.000000 0.000000 0.000000 0.000000 0.000000 0.000000 0.000000 0.000000 0.000000 0.000000 0.000000 0.000000 0.000000 0.000000 0.000000 0.000000 0.000000 0.000000 0.000000 0.000000 0.000000 0.000000 0.000000 0.000000 0.000000 0.000000 0.000000 0.000000 0.000000 0.422750 0.561889 0.543017 0.663892 0.751455 0.797800 0.812277 0.827464 0.830850 0.827408 1.040210 0.795721 0.758836 0.691815 0.595821 0.483925 0.004000 0.000000 0.000000 0.000000 0.000000 0.495326 0.000000 0.517865 0.572375 0.555268 0.473821 0.000000 0.000000 0.000000 0.000000 0.000000 0.000000 0.000000 0.000000 0.000000 0.000000 0.000000 0.000000 0.000000 0.000000 0.000000 0.000000 0.000000 0.000000 0.000000 0.000000 0.000000 0.000000 0.000000 0.000000 0.000000 0.000000 0.000000 0.000000 0.000000 0.000000 0.000000 0.000000 0.000000 0.000000 0.000000 0.000000 0.000000 0.000000 0.000000 0.000000 0.000000 0.000000 0.000000 0.443963 0.548752 0.632005 0.702137 0.764280 0.769099 0.753907 0.710631 0.638009 0.552105 0.000000 0.000000 0.000000 0.000000 0.000000 0.000000 0.000000 0.000000 0.000000 0.000000 0.000000 0.000000 0.000000 0.000000 0.000000 0.000000 0.000000 0.000000 0.000000 0.000000 0.000000 0.000000 0.000000 0.000000 0.000000 0.000000 0.000000 0.000000 0.000000 0.000000 0.000000 0.000000 0.000000 0.000000 0.000000 0.000000 0.000000 0.000000 0.000000 0.000000 0.000000 0.000000 0.000000 0.000000 0.000000 0.000000 0.000000 0.000000 0.000000 0.000000 0.000000 0.000000 0.000000 0.000000 0.000000 0.000000 0.000000 0.000000 0.000000 0.000000 0.000000 0.000000 0.000000 0.000000 0.000000 0.000000 0.000000 0.000000 0.000000 0.000000 0.000000 0.000000 0.000000 0.000000 0.000000 0.000000 0.000000 0.000000 0.000000 0.000000 0.000000 0.000000 0.000000 0.000000 0.702956 0.899263 0.939883 0.978528
0.000000 0.000000 0.000000 0.000000 0.000000 0.000000 0.000000 0.000000 0.000000 0.000000 0.000000 0.000000 0.000000 0.000000 0.000000 0.000000 0.000000 0.000000 0.000000 0.000000 0.000000 0.000000 0.000000 0.000000 0.000000 0.000000 0.000000 0.000000 0.000000 0.000000 0.000000 0.000000 0.000000 0.000000 0.000000 0.000000 0.000000 0.000000 0.000000 0.000000 0.000000 0.000000 0.000000 0.000000 0.000000 0.000000 0.000000 0.000000 0.000000 0.000000 0.000000 0.000000 0.000000 0.000000 0.000000 0.000000 0.000000 0.000000 0.000000 0.000000 0.000000 0.000000 0.000000 0.000000 0.000000 0.000000 0.000000 0.000000 0.000000 0.000000 0.000000 0.000000 0.000000 0.000000 0.000000 0.000000 0.000000 0.000000 0.000000 0.000000 0.000000 0.000000 0.000000 0.000000 0.000000 0.000000 0.000000 0.000000 0.000000 0.000000 0.000000 0.000000 0.000000 0.000000 0.000000 0.000000 0.000000 0.000000 0.000000 0.000000 0.000000 0.000000 0.000000 0.000000 0.000000 0.000000 0.000000 0.000000 0.000000 0.000000 0.000000 0.000000 0.496085 1.463971 0.706825 0.800425 0.850977 0.856573 0.850507 0.844766 0.833025 0.825059 0.788035 0.708221 0.599861 0.460805 0.000000 0.000000 0.000000 0.000000 0.000000 0.000000 0.000000 0.000000 0.000000 0.000000 0.000000 0.000000 0.000000 0.000000 0.000000 0.000000 0.000000 0.000000 0.000000 0.000000 0.000000 0.000000 0.000000 0.000000 0.000000 0.000000 0.000000 0.000000 0.000000 0.000000 0.000000 0.000000 0.000000 0.000000 0.000000 0.000000 0.000000 0.000000 0.000000 0.000000 0.000000 0.000000 0.000000 0.000000 0.000000 0.000000 0.000000 0.000000 0.000000 0.000000 0.000000 0.000000 0.000000 0.000000 0.000000 0.421647 0.553447 0.631609 0.674611 0.677693 0.633962 0.629557 0.626311 0.567837 0.465986 0.000000 0.000000 0.000000 0.000000 0.000000 0.000000 0.000000 0.000000 0.000000 0.000000 0.000000 0.000000 0.000000 0.000000 0.000000 0.000000 0.000000 0.000000 0.000000 0.000000 0.000000 0.000000 0.000000 0.000000 0.000000 0.000000 0.000000 0.000000 0.000000 0.000000 0.000000 0.000000 0.000000 0.000000 0.000000 0.000000 0.000000 0.000000 0.000000 0.000000 0.000000 0.000000 0.000000 0.000000 0.000000 0.000000 0.000000 0.000000 0.000000 0.000000 0.000000 0.000000 0.000000 0.000000 0.000000 0.000000 0.000000 0.000000 0.000000 0.000000 0.000000 0.000000 0.000000 0.000000 0.000000 0.000000 0.000000 0.000000 0.000000 0.000000 0.000000 0.000000 0.000000 0.000000 0.000000 0.000000 0.000000 0.000000 0.000000 0.000000 0.000000 0.000000 0.000000 0.000000 0.000000 0.416548 0.628534 0.683246 0.749227
0.000000 0.000000 0.000000 0.000000 0.000000 0.000000 0.000000 0.000000 0.000000 0.000000 0.000000 0.000000 0.000000 0.000000 0.000000 0.000000 0.000000 0.000000 0.000000 0.000000 0.000000 0.000000 0.000000 0.000000 0.000000 0.000000 0.000000 0.000000 0.000000 0.000000 0.000000 0.000000 0.000000 0.000000 0.000000 0.000000 0.000000 0.000000 0.000000 0.000000 0.000000 0.000000 0.000000 0.000000 0.000000 0.000000 0.000000 0.000000 0.000000 0.000000 0.000000 0.000000 0.000000 0.000000 0.000000 0.000000 0.000000 0.000000 0.000000 0.000000 0.000000 0.000000 0.000000 0.000000 0.000000 0.000000 0.000000 0.000000 0.000000 0.000000 0.000000 0.000000 0.000000 0.000000 0.000000 0.000000 0.000000 0.000000 0.000000 0.000000 0.000000 0.000000 0.000000 0.000000 0.000000 0.000000 0.000000 0.000000 0.000000 0.000000 0.000000 0.000000 0.000000 0.000000 0.000000 0.000000 0.000000 0.000000 0.000000 0.000000 0.000000 0.000000 0.000000 0.000000 0.000000 0.000000 0.000000 0.000000 0.000000 0.000000 0.465672 0.457771 0.590365 0.706067 0.795040 0.850301 0.869026 0.850881 0.811634 0.758334 0.696011 0.620292 0.510303 0.000000 0.000000 0.000000 0.000000 0.000000 0.000000 0.000000 0.000000 0.000000 0.000000 0.000000 0.000000 0.000000 0.000000 0.000000 0.000000 0.000000 0.000000 0.000000 0.000000 0.000000 0.000000 0.000000 0.000000 0.000000 0.000000 0.000000 0.000000 0.000000 0.000000 0.000000 0.000000 0.000000 0.000000 0.000000 0.000000 0.000000 0.000000 0.000000 0.000000 0.000000 0.000000 0.000000 0.000000 0.000000 0.000000 0.000000 0.000000 0.000000 0.000000 0.000000 0.000000 0.000000 0.000000 0.000000 0.754162 0.000000 0.000000 0.490020 0.593556 0.630428 0.627132 0.616681 0.613960 0.611218 0.561937 0.498640 0.000000 0.000000 0.000000 0.000000 0.000000 0.000000 0.000000 0.000000 0.000000 0.000000 0.000000 0.000000 0.000000 0.000000 0.000000 0.000000 0.000000 0.000000 0.000000 0.000000 0.000000 0.000000 0.000000 0.000000 0.000000 0.000000 0.000000 0.000000 0.000000 0.000000 0.000000 0.000000 0.000000 0.000000 0.000000 0.000000 0.000000 0.000000 0.000000 0.000000 0.000000 0.000000 0.000000 0.000000 0.000000 0.000000 0.000000 0.000000 0.000000 0.000000 0.000000 0.000000 0.000000 0.000000 0.000000 0.000000 0.000000 0.000000 0.000000 0.000000 0.000000 0.000000 0.000000 0.000000 0.000000 0.000000 0.000000 0.000000 0.000000 0.000000 0.000000 0.000000 0.000000 0.000000 0.000000 0.000000 0.000000 0.000000 0.000000 0.000000 0.000000 0.000000 0.000000 0.000000 0.000000 0.000000 0.000000 0.000000 0.000000 0.297324
0.000000 0.000000 0.000000 0.000000 0.000000 0.000000 0.000000 0.000000 0.000000 0.000000 0.000000 0.000000 0.000000 0.000000 0.000000 0.000000 0.000000 0.000000 0.000000 0.000000 0.000000 0.000000 0.000000 0.000000 0.000000 0.000000 0.000000 0.000000 0.000000 0.000000 0.000000 0.000000 0.000000 0.000000 0.000000 0.000000 0.000000 0.000000 0.000000 0.000000 0.000000 0.000000 0.000000 0.000000 0.000000 0.000000 0.000000 0.000000 0.000000 0.000000 0.000000 0.000000 0.000000 0.000000 0.000000 0.000000 0.000000 0.000000 0.000000 0.000000 0.000000 0.000000 0.000000 0.000000 0.000000 0.000000 0.000000 0.000000 0.000000 0.000000 0.000000 0.000000 0.000000 0.000000 0.000000 0.000000 0.000000 0.000000 0.000000 0.000000 0.000000 0.000000 0.000000 0.000000 0.000000 0.000000 0.000000 0.000000 0.000000 0.000000 0.000000 0.000000 0.000000 0.000000 0.000000 0.000000 0.000000 0.000000 0.000000 0.000000 0.000000 0.000000 0.000000 0.000000 0.000000 0.000000 0.000000 0.000000 0.710428 0.000000 0.411071 0.512345 0.635556 0.719104 0.763487 0.786056 0.767010 0.706446 0.601221 0.450314 0.000000 0.000000 0.000000 0.000000 0.000000 0.000000 0.000000 0.000000 0.000000 0.000000 0.000000 0.000000 0.000000 0.000000 0.000000 0.000000 0.000000 0.000000 0.000000 0.000000 0.000000 0.000000 0.000000 0.000000 0.000000 0.000000 0.000000 0.000000 0.000000 0.000000 0.000000 0.000000 0.000000 0.000000 0.000000 0.000000 0.000000 0.000000 0.000000 0.000000 0.000000 0.000000 0.000000 0.000000 0.000000 0.000000 0.000000 0.000000 0.000000 0.000000 0.000000 0.000000 0.000000 0.000000 0.000000 0.000000 0.000000 0.000000 0.000000 0.000000 0.000000 0.625235 0.606409 0.552564 0.626416 0.680094 0.670007 0.652510 0.561702 0.000000 0.000000 0.000000 0.000000 0.000000 0.000000 0.000000 0.000000 0.000000 0.000000 0.000000 0.000000 0.000000 0.000000 0.000000 0.000000 0.000000 0.000000 0.000000 0.000000 0.000000 0.000000 0.000000 0.000000 0.000000 0.000000 0.000000 0.000000 0.000000 0.000000 0.000000 0.000000 0.000000 0.000000 0.000000 0.000000 0.000000 0.000000 0.000000 0.000000 0.000000 0.000000 0.000000 0.000000 0.000000 0.000000 0.000000 0.000000 0.000000 0.000000 0.000000 0.000000 0.000000 0.000000 0.000000 0.000000 0.000000 0.000000 0.000000 0.000000 0.000000 0.000000 0.000000 0.000000 0.000000 0.000000 0.000000 0.000000 0.000000 0.000000 0.000000 0.000000 0.000000 0.000000 0.000000 0.000000 0.000000 0.000000 0.000000 0.000000 0.000000 0.000000 0.000000 0.000000 0.000000 0.000000 0.000000 0.000000 0.000000 0.000000 0.158030
0.000000 0.000000 0.000000 0.000000 0.000000 0.000000 0.000000 0.000000 0.000000 0.000000 0.000000 0.000000 0.000000 0.000000 0.000000 0.000000 0.000000 0.000000 0.000000 0.000000 0.000000 0.000000 0.000000 0.000000 0.000000 0.000000 0.000000 0.000000 0.000000 0.000000 0.000000 0.000000 0.000000 0.000000 0.000000 0.000000 0.000000 0.000000 0.000000 0.000000 0.000000 0.000000 0.000000 0.000000 0.000000 0.000000 0.000000 0.000000 0.000000 0.000000 0.000000 0.000000 0.000000 0.000000 0.000000 0.000000 0.000000 0.000000 0.000000 0.000000 0.000000 0.000000 0.000000 0.000000 0.000000 0.000000 0.000000 0.000000 0.000000 0.000000 0.000000 0.000000 0.000000 0.000000 0.000000 0.000000 0.000000 0.000000 0.000000 0.000000 0.000000 0.000000 0.000000 0.000000 0.000000 0.000000 0.000000 0.000000 0.000000 0.000000 0.000000 0.000000 0.000000 0.000000 0.000000 0.000000 0.000000 0.000000 0.000000 0.000000 0.000000 0.000000 0.000000 0.000000 0.000000 0.000000 0.000000 0.000000 0.000000 0.000000 0.414696 0.485190 0.550635 0.566696 0.536787 0.446393 0.000000 0.000000 0.000000 0.417714 0.419946 0.414822 0.000000 0.000000 0.000000 0.000000 0.000000 0.000000 0.000000 0.000000 0.000000 0.000000 0.000000 0.000000 0.000000 0.000000 0.000000 0.000000 0.000000 0.000000 0.000000 0.000000 0.000000 0.000000 0.000000 0.000000 0.000000 0.000000 0.000000 0.000000 0.000000 0.000000 0.000000 0.000000 0.000000 0.000000 0.000000 0.000000 0.000000 0.000000 0.000000 0.000000 0.000000 0.000000 0.000000 0.000000 0.000000 0.000000 0.000000 0.000000 0.000000 0.000000 0.000000 0.000000 0.000000 0.000000 0.000000 0.000000 0.000000 0.000000 0.000000 0.000000 0.000000 0.000000 0.620598 0.576369 0.643954 0.448484 0.000000 0.000000 0.000000 0.000000 0.000000 0.000000 0.000000 0.000000 0.000000 0.000000 0.000000 0.000000 0.000000 0.000000 0.000000 0.000000 0.000000 0.000000 0.000000 0.000000 0.000000 0.000000 0.000000 0.000000 0.000000 0.000000 0.000000 0.000000 0.000000 0.000000 0.000000 0.000000 0.000000 0.000000 0.000000 0.000000 0.000000 0.000000 0.000000 0.000000 0.000000 0.000000 0.000000 0.000000 0.000000 0.000000 0.000000 0.000000 0.000000 0.000000 0.000000 0.000000 0.000000 0.000000 0.000000 0.000000 0.000000 0.000000 0.000000 0.000000 0.000000 0.000000 0.000000 0.000000 0.000000 0.000000 0.000000 0.000000 0.000000 0.000000 0.000000 0.000000 0.000000 0.000000 0.000000 0.000000 0.000000 0.000000 0.000000 0.000000 0.000000 0.000000 0.000000 0.000000 0.000000 0.000000 0.000000 0.000000 0.000000 0.000000 0.309449 0.311200
0.000000 0.000000 0.000000 0.000000 0.000000 0.000000 0.000000 0.000000 0.000000 0.000000 0.000000 0.000000 0.000000 0.000000 0.000000 0.000000 0.000000 0.000000 0.000000 0.000000 0.000000 0.000000 0.000000 0.000000 0.000000 0.000000 0.000000 0.000000 0.000000 0.000000 0.000000 0.000000 0.000000 0.000000 0.000000 0.000000 0.000000 0.000000 0.000000 0.000000 0.000000 0.000000 0.000000 0.000000 0.000000 0.000000 0.000000 0.000000 0.000000 0.000000 0.000000 0.000000 0.000000 0.000000 0.000000 0.000000 0.000000 0.000000 0.000000 0.000000 0.000000 0.000000 0.000000 0.000000 0.000000 0.000000 0.000000 0.000000 0.000000 0.000000 0.000000 0.000000 0.000000 0.000000 0.000000 0.000000 0.000000 0.000000 0.000000 0.000000 0.000000 0.000000 0.000000 0.000000 0.000000 0.000000 0.000000 0.000000 0.000000 0.000000 0.000000 0.000000 0.000000 0.000000 0.000000 0.000000 0.000000 0.000000 0.000000 0.000000 0.000000 0.000000 0.000000 0.000000 0.000000 0.000000 0.000000 0.000000 0.000000 0.000000 0.000000 0.000000 0.000000 0.000000 0.000000 0.000000 0.442356 0.458816 0.454742 0.444724 0.421949 0.000000 0.000000 0.000000 0.000000 0.000000 0.000000 0.000000 0.000000 0.000000 0.000000 0.000000 0.000000 0.000000 0.000000 0.000000 0.000000 0.000000 0.000000 0.000000 0.000000 0.000000 0.000000 0.000000 0.000000 0.000000 0.000000 0.000000 0.000000 0.000000 0.000000 0.000000 0.000000 0.000000 0.000000 0.000000 0.000000 0.000000 0.000000 0.000000 0.000000 0.000000 0.000000 0.000000 0.000000 0.000000 0.000000 0.000000 0.000000 0.000000 0.000000 0.000000 0.000000 0.000000 0.000000 0.000000 0.000000 0.000000 0.000000 0.000000 0.000000 0.000000 0.000000 0.000000 0.000000 0.000000 0.000000 0.425588 0.000000 0.000000 0.000000 0.000000 0.000000 0.000000 0.000000 0.000000 0.000000 0.000000 0.000000 0.000000 0.000000 0.000000 0.000000 0.000000 0.000000 0.000000 0.000000 0.000000 0.000000 0.000000 0.000000 0.000000 0.000000 0.000000 0.000000 0.000000 0.000000 0.000000 0.000000 0.000000 0.000000 0.000000 0.000000 0.000000 0.000000 0.000000 0.000000 0.000000 0.000000 0.000000 0.000000 0.000000 0.000000 0.000000 0.000000 0.000000 0.000000 0.000000 0.000000 0.000000 0.000000 0.000000 0.000000 0.000000 0.000000 0.000000 0.000000 0.000000 0.000000 0.000000 0.000000 0.000000 0.000000 0.000000 0.000000 0.000000 0.000000 0.000000 0.000000 0.000000 0.000000 0.000000 0.000000 0.000000 0.000000 0.000000 0.000000 0.000000 0.000000 0.000000 0.000000 0.000000 0.000000 0.000000 0.000000 0.000000 0.000000 0.000000 0.000000 0.000000
0.000000 0.000000 0.000000 0.000000 0.000000 0.000000 0.000000 0.000000 0.000000 0.000000 0.000000 0.000000 0.000000 0.000000 0.000000 0.000000 0.000000 0.000000 0.000000 0.000000 0.000000 0.000000 0.000000 0.000000 0.000000 0.000000 0.000000 0.000000 0.000000 0.000000 0.000000 0.000000 0.000000 0.000000 0.000000 0.000000 0.000000 0.000000 0.000000 0.000000 0.000000 0.000000 0.000000 0.000000 0.000000 0.000000 0.000000 0.000000 0.000000 0.000000 0.000000 0.000000 0.000000 0.000000 0.000000 0.000000 0.000000 0.000000 0.000000 0.000000 0.000000 0.000000 0.000000 0.000000 0.000000 0.000000 0.000000 0.000000 0.000000 0.000000 0.000000 0.000000 0.000000 0.000000 0.000000 0.000000 0.000000 0.000000 0.000000 0.000000 0.000000 0.000000 0.000000 0.000000 0.000000 0.000000 0.000000 0.000000 0.000000 0.000000 0.000000 0.000000 0.000000 0.000000 0.000000 0.000000 0.000000 0.000000 0.000000 0.000000 0.000000 0.000000 0.000000 0.000000 0.000000 0.000000 0.000000 0.000000 0.000000 0.000000 0.000000 0.000000 0.000000 0.000000 0.000000 0.000000 0.000000 0.000000 0.000000 0.000000 0.000000 0.000000 0.000000 0.000000 0.000000 0.000000 0.000000 0.000000 0.000000 0.000000 0.000000 0.000000 0.000000 0.000000 0.000000 0.000000 0.000000 0.000000 0.000000 0.000000 0.000000 0.000000 0.000000 0.000000 0.000000 0.000000 0.000000 0.000000 0.000000 0.000000 0.000000 0.000000 0.000000 0.000000 0.000000 0.000000 0.000000 0.000000 0.000000 0.000000 0.000000 0.000000 0.000000 0.000000 0.000000 0.000000 0.000000 0.000000 0.000000 0.000000 0.000000 0.000000 0.000000 0.000000 0.000000 0.000000 0.000000 0.000000 0.000000 0.000000 0.000000 0.000000 0.000000 0.000000 0.000000 0.000000 0.000000 0.000000 0.000000 0.000000 0.000000 0.000000 0.000000 0.000000 0.000000 0.000000 0.000000 0.000000 0.000000 0.000000 0.000000 0.000000 0.000000 0.000000 0.000000 0.000000 0.000000 0.000000 0.000000 0.000000 0.000000 0.000000 0.000000 0.000000 0.000000 0.000000 0.000000 0.000000 0.000000 0.000000 0.000000 0.000000 0.000000 0.000000 0.000000 0.000000 0.000000 0.000000 0.000000 0.000000 0.000000 0.000000 0.000000 0.000000 0.000000 0.000000 0.000000 0.000000 0.000000 0.000000 0.000000 0.000000 0.000000 0.000000 0.000000 0.000000 0.000000 0.000000 0.000000 0.000000 0.000000 0.000000 0.000000 0.000000 0.000000 0.000000 0.000000 0.000000 0.000000 0.000000 0.000000 0.000000 0.000000 0.000000 0.000000 0.000000 0.000000 0.000000 0.000000 0.000000 0.000000 0.000000 0.000000 0.000000 0.000000 0.000000 0.000000 0.000000 0.000000 0.000000
0.000000 0.000000 0.000000 0.000000 0.000000 0.000000 0.000000 0.000000 0.000000 0.000000 0.000000 0.000000 0.000000 0.000000 0.000000 0.000000 0.000000 0.000000 0.000000 0.000000 0.000000 0.000000 0.000000 0.000000 0.000000 0.000000 0.000000 0.000000 0.000000 0.000000 0.000000 0.000000 0.000000 0.000000 0.000000 0.000000 0.000000 0.000000 0.000000 0.000000 0.000000 0.000000 0.000000 0.000000 0.000000 0.000000 0.000000 0.000000 0.000000 0.000000 0.000000 0.000000 0.000000 0.000000 0.000000 0.000000 0.000000 0.000000 0.000000 0.000000 0.000000 0.000000 0.000000 0.000000 0.000000 0.000000 0.000000 0.000000 0.000000 0.000000 0.000000 0.000000 0.000000 0.000000 0.000000 0.000000 0.000000 0.000000 0.000000 0.000000 0.000000 0.000000 0.000000 0.000000 0.000000 0.000000 0.000000 0.000000 0.000000 0.000000 0.000000 0.000000 0.000000 0.000000 0.000000 0.000000 0.000000 0.000000 0.000000 0.000000 0.000000 0.000000 0.000000 0.000000 0.000000 0.000000 0.000000 0.000000 0.000000 0.000000 0.000000 0.000000 0.000000 0.000000 0.000000 0.000000 0.000000 0.000000 0.000000 0.000000 0.000000 0.000000 0.000000 0.000000 0.000000 0.000000 0.000000 0.000000 0.000000 0.000000 0.000000 0.000000 0.000000 0.000000 0.000000 0.000000 0.000000 0.000000 0.000000 0.000000 0.000000 0.000000 0.000000 0.000000 0.000000 0.000000 0.000000 0.000000 0.000000 0.000000 0.000000 0.000000 0.000000 0.000000 0.000000 0.000000 0.000000 0.000000 0.000000 0.000000 0.000000 0.000000 0.000000 0.000000 0.000000 0.000000 0.000000 0.000000 0.000000 0.000000 0.000000 0.000000 0.000000 0.000000 0.000000 0.000000 0.000000 0.000000 0.000000 0.000000 0.000000 0.000000 0.000000 0.000000 0.000000 0.000000 0.000000 0.000000 0.000000 0.000000 0.000000 0.000000 0.000000 0.000000 0.000000 0.000000 0.000000 0.000000 0.000000 0.000000 0.000000 0.000000 0.000000 0.000000 0.000000 0.000000 0.000000 0.000000 0.000000 0.000000 0.000000 0.000000 0.000000 0.000000 0.000000 0.000000 0.000000 0.000000 0.000000 0.000000 0.000000 0.000000 0.000000 0.000000 0.000000 0.000000 0.000000 0.000000 0.000000 0.000000 0.000000 0.000000 0.000000 0.000000 0.000000 0.000000 0.000000 0.000000 0.000000 0.000000 0.000000 0.000000 0.000000 0.000000 0.000000 0.000000 0.000000 0.000000 0.000000 0.000000 0.000000 0.000000 0.000000 0.000000 0.000000 0.000000 0.000000 0.000000 0.000000 0.000000 0.000000 0.000000 0.000000 0.000000 0.000000 0.000000 0.000000 0.000000 0.000000 0.000000 0.000000 0.000000 0.000000 0.000000 0.000000 0.000000 0.000000 0.000000 0.000000 0.000000
0.000000 0.000000 0.000000 0.000000 0.000000 0.000000 0.000000 0.000000 0.000000 0.000000 0.000000 0.000000 0.000000 0.000000 0.000000 0.000000 0.000000 0.000000 0.000000 0.000000 0.000000 0.000000 0.000000 0.000000 0.000000 0.000000 0.000000 0.000000 0.000000 0.000000 0.000000 0.000000 0.000000 0.000000 0.000000 0.000000 0.000000 0.000000 0.000000 0.000000 0.000000 0.000000 0.000000 0.000000 0.000000 0.000000 0.000000 0.000000 0.000000 0.000000 0.000000 0.000000 0.000000 0.000000 0.000000 0.000000 0.000000 0.000000 0.000000 0.000000 0.000000 0.000000 0.000000 0.000000 0.000000 0.000000 0.000000 0.000000 0.000000 0.000000 0.000000 0.000000 0.000000 0.000000 0.000000 0.000000 0.000000 0.000000 0.000000 0.000000 0.000000 0.000000 0.000000 0.000000 0.000000 0.000000 0.000000 0.000000 0.000000 0.000000 0.000000 0.000000 0.000000 0.000000 0.000000 0.000000 0.000000 0.000000 0.000000 0.000000 0.000000 0.000000 0.000000 0.000000 0.000000 0.000000 0.000000 0.000000 0.000000 0.000000 0.000000 0.000000 0.000000 0.000000 0.000000 0.000000 0.000000 0.000000 0.000000 0.000000 0.000000 0.000000 0.000000 0.000000 0.000000 0.000000 0.000000 0.000000 0.000000 0.000000 0.000000 0.000000 0.000000 0.000000 0.000000 0.000000 0.000000 0.000000 0.000000 0.000000 0.000000 0.000000 0.000000 0.000000 0.000000 0.000000 0.000000 0.000000 0.000000 0.000000 0.000000 0.000000 0.000000 0.000000 0.000000 0.000000 0.000000 0.000000 0.000000 0.000000 0.000000 0.000000 0.000000 0.000000 0.000000 0.000000 0.000000 0.000000 0.000000 0.000000 0.000000 0.000000 0.000000 0.000000 0.000000 0.000000 0.000000 0.000000 0.000000 0.000000 0.000000 0.000000 0.000000 0.000000 0.000000 0.000000 0.000000 0.000000 0.000000 0.000000 0.000000 0.000000 0.000000 0.000000 0.000000 0.000000 0.000000 0.000000 0.000000 0.000000 0.000000 0.000000 0.000000 0.000000 0.000000 0.000000 0.000000 0.000000 0.000000 0.000000 0.000000 0.000000 0.000000 0.000000 0.000000 0.000000 0.000000 0.000000 0.000000 0.000000 0.000000 0.000000 0.000000 0.000000 0.000000 0.000000 0.000000 0.000000 0.000000 0.000000 0.000000 0.000000 0.000000 0.000000 0.000000 0.000000 0.000000 0.000000 0.000000 0.000000 0.000000 0.000000 0.000000 0.000000 0.000000 0.000000 0.000000 0.000000 0.000000 0.000000 0.000000 0.000000 0.000000 0.000000 0.000000 0.000000 0.000000 0.000000 0.000000 0.000000 0.000000 0.000000 0.000000 0.000000 0.000000 0.000000 0.000000 0.000000 0.000000 0.000000 0.000000 0.000000 0.000000 0.000000 0.000000 0.000000 0.000000 0.000000 0.000000 0.000000
0.000000 0.000000 0.000000 0.000000 0.000000 0.000000 0.000000 0.000000 0.000000 0.000000 0.000000 0.000000 0.000000 0.000000 0.000000 0.000000 0.000000 0.000000 0.000000 0.000000 0.000000 0.000000 0.000000 0.000000 0.000000 0.000000 0.000000 0.000000 0.000000 0.000000 0.000000 0.000000 0.000000 0.000000 0.000000 0.000000 0.000000 0.000000 0.000000 0.000000 0.000000 0.000000 0.000000 0.000000 0.000000 0.000000 0.000000 0.000000 0.000000 0.000000 0.000000 0.000000 0.000000 0.000000 0.000000 0.000000 0.000000 0.000000 0.000000 0.000000 0.000000 0.000000 0.000000 0.000000 0.000000 0.000000 0.000000 0.000000 0.000000 0.000000 0.000000 0.000000 0.000000 0.000000 0.000000 0.000000 0.000000 0.000000 0.000000 0.000000 0.000000 0.000000 0.004000 0.000000 0.000000 0.000000 0.000000 0.000000 0.000000 0.000000 0.000000 0.000000 0.000000 0.000000 0.000000 0.000000 0.000000 0.000000 0.000000 0.000000 0.000000 0.000000 0.000000 0.000000 0.000000 0.000000 0.000000 0.000000 0.000000 0.000000 0.000000 0.000000 0.000000 0.000000 0.000000 0.000000 0.000000 0.000000 0.000000 0.000000 0.000000 0.000000 0.000000 0.000000 0.000000 0.000000 0.000000 0.000000 0.000000 0.000000 0.000000 0.000000 0.000000 0.000000 0.000000 0.000000 0.000000 0.000000 0.000000 0.000000 0.000000 0.000000 0.000000 0.000000 0.000000 0.000000 0.000000 0.000000 0.000000 0.000000 0.000000 0.000000 0.000000 0.000000 0.000000 0.000000 0.000000 0.000000 0.000000 0.000000 0.000000 0.000000 0.000000 0.000000 0.000000 0.000000 0.000000 0.000000 0.000000 0.000000 0.000000 0.000000 0.000000 0.000000 0.000000 0.000000 0.000000 0.000000 0.000000 0.000000 0.000000 0.000000 0.000000 0.000000 0.000000 0.000000 0.000000 0.000000 0.000000 0.000000 0.000000 0.000000 0.000000 0.000000 0.000000 0.000000 0.000000 0.000000 0.000000 0.000000 0.000000 0.000000 0.000000 0.000000 0.000000 0.000000 0.000000 0.000000 0.000000 0.000000 0.000000 0.000000 0.000000 0.000000 0.000000 0.000000 0.000000 0.000000 0.000000 0.000000 0.000000 0.000000 0.000000 0.000000 0.000000 0.000000 0.000000 0.000000 0.000000 0.000000 0.000000 0.000000 0.000000 0.000000 0.000000 0.000000 0.000000 0.000000 0.000000 0.000000 0.000000 0.000000 0.000000 0.000000 0.000000 0.000000 0.000000 0.000000 0.000000 0.000000 0.000000 0.000000 0.000000 0.000000 0.000000 0.000000 0.000000 0.000000 0.000000 0.000000 0.000000 0.000000 0.000000 0.000000 0.000000 0.000000 0.000000 0.000000 0.000000 0.000000 0.004000 0.048877 0.202210 0.210298 0.173580 0.170222 0.004000 0.004000 0.004000 0.000000
