0.000000 0.000000 0.000000 0.000000 0.000000 0.000000 0.000000 0.000000 0.000000 0.000000 0.000000 0.000000 0.000000 0.000000 0.000000 0.000000 0.000000 0.000000 0.000000 0.000000 0.000000 0.000000 0.000000 0.000000 0.000000 0.000000 0.000000 0.000000 0.000000 0.000000 0.000000 0.000000 0.000000 0.000000 0.000000 0.000000 0.000000 0.000000 0.000000 0.000000 0.000000 0.000000 0.000000 0.000000 0.000000 0.000000 0.000000 0.000000 0.000000 0.000000 0.000000 0.000000 0.000000 0.000000 0.000000 0.000000 0.000000 0.000000 0.000000 0.000000 0.000000 0.000000 0.000000 0.000000 0.000000 0.000000 0.000000 0.000000 0.000000 0.000000 0.000000 0.000000 0.000000 0.000000 0.000000 0.000000 0.000000 0.000000 0.000000 0.000000 0.000000 0.000000 0.000000 0.000000 0.000000 0.000000 0.000000 0.000000 0.000000 0.000000 0.000000 0.000000 0.000000 0.000000 0.000000 0.000000 0.000000 0.000000 0.000000 0.000000 0.000000 0.000000 0.000000 0.000000 0.000000 0.000000 0.000000 0.000000 0.000000 0.000000 0.000000 0.000000 0.000000 0.000000 0.000000 0.000000 0.000000 0.000000 0.000000 0.000000 0.000000 0.000000 0.000000 0.000000 0.000000 0.000000 0.000000 0.000000 0.000000 0.000000 0.000000 0.000000 0.000000 0.000000 0.000000 0.000000 0.000000 0.000000 0.000000 0.000000 0.000000 0.000000 0.000000 0.000000 0.000000 0.000000 0.000000 0.000000 0.000000 0.000000 0.000000 0.000000 0.000000 0.000000 0.000000 0.000000 0.000000 0.000000 0.000000 0.000000 0.000000 0.000000 0.000000 0.000000 0.000000 0.000000 0.000000 0.000000 0.000000 0.000000 0.000000 0.000000 0.000000 0.000000 0.000000 0.000000 0.000000 0.000000 0.000000 0.000000 0.000000 0.000000 0.000000 0.000000 0.000000 0.000000 0.000000 0.000000 0.000000 0.000000 0.000000 0.000000 0.000000 0.000000 0.000000 0.000000 0.000000 0.000000 0.000000 0.000000 0.000000 0.000000 0.000000 0.000000 0.000000 0.000000 0.000000 0.000000 0.000000 0.000000 0.000000 0.000000 0.000000 0.000000 0.000000 0.000000 0.000000 0.000000 0.000000 0.000000 0.000000 0.000000 0.000000 0.000000 0.000000 0.000000 0.000000 0.000000 0.000000 0.000000 0.000000 0.000000 0.000000 0.000000 0.000000 0.000000 0.000000 0.000000 0.000000 0.000000 0.000000 0.000000 0.000000 0.000000 0.000000 0.000000 0.000000 0.000000 0.000000 0.000000 0.000000 0.000000 0.000000 0.000000 0.000000 0.000000 0.000000 0.000000 0.000000 0.000000 0.000000 0.000000 0.000000 0.000000 0.000000 0.000000 0.000000 0.000000 0.000000 0.000000 0.000000 0.000000 0.000000 0.000000 0.000000 0.000000 0.000000 0.000000 0.000000 0.000000
0.000000 0.000000 0.000000 0.000000 0.000000 0.000000 0.000000 0.000000 0.000000 0.000000 0.000000 0.000000 0.000000 0.000000 0.000000 0.000000 0.000000 0.000000 0.000000 0.000000 0.000000 0.000000 0.000000 0.000000 0.000000 0.000000 0.000000 0.000000 0.000000 0.000000 0.000000 0.000000 0.000000 0.000000 0.000000 0.000000 0.000000 0.000000 0.000000 0.000000 0.000000 0.000000 0.000000 0.000000 0.000000 0.000000 0.000000 0.000000 0.000000 0.000000 0.000000 0.000000 0.000000 0.000000 0.000000 0.000000 0.000000 0.000000 0.000000 0.000000 0.000000 0.000000 0.000000 0.000000 0.000000 0.000000 0.000000 0.000000 0.000000 0.000000 0.000000 0.000000 0.000000 0.000000 0.000000 0.000000 0.000000 0.000000 0.000000 0.000000 0.000000 0.000000 0.000000 0.000000 0.000000 0.000000 0.000000 0.000000 0.000000 0.000000 0.000000 0.000000 0.000000 0.000000 0.000000 0.000000 0.000000 0.000000 0.000000 0.000000 0.000000 0.000000 0.000000 0.000000 0.000000 0.000000 0.000000 0.000000 0.000000 0.000000 0.000000 0.000000 0.000000 0.000000 0.000000 0.000000 0.000000 0.000000 0.000000 0.000000 0.000000 0.000000 0.000000 0.000000 0.000000 0.000000 0.000000 0.000000 0.000000 0.000000 0.000000 0.000000 0.000000 0.000000 0.000000 0.000000 0.000000 0.000000 0.000000 0.000000 0.000000 0.000000 0.000000 0.000000 0.000000 0.000000 0.000000 0.000000 0.000000 0.000000 0.000000 0.000000 0.000000 0.000000 0.000000 0.000000 0.000000 0.000000 0.000000 0.000000 0.000000 0.000000 0.000000 0.000000 0.000000 0.000000 0.000000 0.000000 0.000000 0.000000 0.000000 0.000000 0.000000 0.000000 0.000000 0.000000 0.000000 0.000000 0.000000 0.000000 0.000000 0.000000 0.000000 0.000000 0.000000 0.000000 0.000000 0.000000 0.000000 0.000000 0.000000 0.000000 0.000000 0.000000 0.000000 0.000000 0.000000 0.000000 0.000000 0.000000 0.000000 0.000000 0.000000 0.000000 0.000000 0.000000 0.000000 0.000000 0.000000 0.000000 0.000000 0.000000 0.000000 0.000000 0.000000 0.000000 0.000000 0.000000 0.000000 0.000000 0.000000 0.000000 0.000000 0.000000 0.000000 0.000000 0.000000 0.000000 0.000000 0.000000 0.000000 0.000000 0.000000 0.000000 0.000000 0.000000 0.000000 0.000000 0.000000 0.000000 0.000000 0.000000 0.000000 0.000000 0.000000 0.000000 0.000000 0.000000 0.000000 0.000000 0.000000 0.000000 0.000000 0.000000 0.000000 0.000000 0.000000 0.000000 0.000000 0.000000 0.000000 0.000000 0.000000 0.000000 0.000000 0.000000 0.000000 0.000000 0.000000 0.000000 0.000000 0.000000 0.000000 0.000000 0.000000 0.000000 0.000000 0.000000 0.000000 0.000000
0.000000 0.000000 0.000000 0.000000 0.000000 0.000000 0.000000 0.000000 0.000000 0.000000 0.000000 0.000000 0.000000 0.000000 0.000000 0.000000 0.000000 0.000000 0.000000 0.000000 0.000000 0.000000 0.000000 0.000000 0.000000 0.000000 0.000000 0.000000 0.000000 0.000000 0.000000 0.000000 0.000000 0.000000 0.000000 0.000000 0.000000 0.000000 0.000000 0.000000 0.000000 0.000000 0.000000 0.000000 0.000000 0.000000 0.000000 0.000000 0.000000 0.000000 0.000000 0.000000 0.000000 0.000000 0.000000 0.000000 0.000000 0.000000 0.000000 0.000000 0.000000 0.000000 0.000000 0.000000 0.000000 0.000000 0.000000 0.000000 0.000000 0.000000 0.000000 0.000000 0.000000 0.000000 0.000000 0.000000 0.000000 0.000000 0.000000 0.000000 0.000000 0.000000 0.000000 0.000000 0.000000 0.000000 0.000000 0.000000 0.000000 0.000000 0.000000 0.000000 0.000000 0.000000 0.000000 0.000000 0.000000 0.000000 0.000000 0.000000 0.000000 0.000000 0.000000 0.000000 0.000000 0.000000 0.000000 0.000000 0.000000 0.000000 0.000000 0.000000 0.000000 0.000000 0.000000 0.000000 0.000000 0.000000 0.000000 0.000000 0.000000 0.000000 0.000000 0.000000 0.000000 0.000000 0.000000 0.000000 0.000000 0.000000 0.000000 0.000000 0.000000 0.000000 0.000000 0.000000 0.000000 0.000000 0.000000 0.000000 0.000000 0.000000 0.000000 0.000000 0.000000 0.000000 0.000000 0.000000 0.000000 0.000000 0.000000 0.000000 0.000000 0.000000 0.000000 0.000000 0.000000 0.000000 0.000000 0.000000 0.000000 0.000000 0.000000 0.000000 0.000000 0.000000 0.000000 0.000000 0.000000 0.000000 0.000000 0.000000 0.000000 0.000000 0.000000 0.000000 0.000000 0.000000 0.000000 0.000000 0.000000 0.000000 0.000000 0.000000 0.000000 0.000000 0.000000 0.000000 0.000000 0.000000 0.000000 0.000000 0.000000 0.000000 0.000000 0.000000 0.000000 0.000000 0.000000 0.000000 0.000000 0.000000 0.000000 0.000000 0.000000 0.000000 0.000000 0.000000 0.000000 0.000000 0.000000 0.000000 0.000000 0.000000 0.000000 0.000000 0.000000 0.000000 0.000000 0.000000 0.000000 0.000000 0.000000 0.000000 0.000000 0.000000 0.000000 0.000000 0.000000 0.000000 0.000000 0.000000 0.000000 0.000000 0.000000 0.000000 0.000000 0.000000 0.000000 0.000000 0.000000 0.000000 0.000000 0.000000 0.000000 0.000000 0.000000 0.000000 0.000000 0.000000 0.000000 0.000000 0.000000 0.000000 0.000000 0.000000 0.000000 0.000000 0.000000 0.000000 0.000000 0.000000 0.000000 0.000000 0.000000 0.000000 0.000000 0.000000 0.000000 0.000000 0.000000 0.000000 0.000000 0.000000 0.000000 0.000000 0.000000 0.000000 0.000000 0.000000
0.000000 0.000000 0.000000 0.000000 0.000000 0.000000 0.000000 0.000000 0.000000 0.000000 0.000000 0.000000 0.000000 0.000000 0.000000 0.000000 0.000000 0.000000 0.000000 0.000000 0.000000 0.000000 0.000000 0.000000 0.000000 0.000000 0.000000 0.000000 0.000000 0.000000 0.000000 0.000000 0.000000 0.000000 0.000000 0.000000 0.000000 0.000000 0.000000 0.000000 0.000000 0.000000 0.000000 0.000000 0.000000 0.000000 0.000000 0.000000 0.000000 0.000000 0.000000 0.000000 0.000000 0.000000 0.000000 0.000000 0.000000 0.000000 0.000000 0.000000 0.000000 0.000000 0.000000 0.000000 0.000000 0.000000 0.000000 0.000000 0.000000 0.000000 0.000000 0.000000 0.000000 0.000000 0.000000 0.000000 0.000000 0.000000 0.000000 0.000000 0.000000 0.000000 0.000000 0.000000 0.000000 0.000000 0.000000 0.000000 0.000000 0.000000 0.000000 0.000000 0.000000 0.000000 0.000000 0.000000 0.000000 0.000000 0.000000 0.000000 0.000000 0.000000 0.000000 0.000000 0.000000 0.000000 0.000000 0.000000 0.000000 0.000000 0.000000 0.000000 0.000000 0.000000 0.000000 0.000000 0.000000 0.000000 0.000000 0.000000 0.000000 0.000000 0.000000 0.000000 0.000000 0.000000 0.000000 0.000000 0.000000 0.000000 0.000000 0.000000 0.000000 0.000000 0.000000 0.000000 0.000000 0.000000 0.000000 0.000000 0.000000 0.000000 0.000000 0.000000 0.000000 0.000000 0.000000 0.000000 0.000000 0.000000 0.000000 0.000000 0.000000 0.000000 0.000000 0.000000 0.000000 0.000000 0.000000 0.000000 0.000000 0.000000 0.000000 0.000000 0.000000 0.000000 0.000000 0.000000 0.000000 0.000000 0.000000 0.000000 0.000000 0.000000 0.000000 0.000000 0.000000 0.000000 0.000000 0.000000 0.000000 0.000000 0.000000 0.000000 0.000000 0.000000 0.000000 0.000000 0.000000 0.000000 0.000000 0.000000 0.000000 0.000000 0.000000 0.000000 0.000000 0.000000 0.000000 0.000000 0.000000 0.000000 0.000000 0.000000 0.000000 0.000000 0.000000 0.000000 0.000000 0.000000 0.000000 0.000000 0.000000 0.000000 0.000000 0.000000 0.000000 0.000000 0.000000 0.000000 0.000000 0.000000 0.000000 0.000000 0.000000 0.000000 0.000000 0.000000 0.000000 0.000000 0.000000 0.000000 0.000000 0.000000 0.000000 0.000000 0.000000 0.000000 0.000000 0.000000 0.000000 0.000000 0.000000 0.000000 0.000000 0.000000 0.000000 0.000000 0.000000 0.000000 0.000000 0.000000 0.000000 0.000000 0.000000 0.000000 0.000000 0.000000 0.000000 0.000000 0.000000 0.000000 0.000000 0.000000 0.000000 0.000000 0.000000 0.000000 0.000000 0.000000 0.000000 0.000000 0.000000 0.000000 0.000000 0.000000 0.000000 0.000000 0.000000 0.000000
0.000000 0.000000 0.000000 0.000000 0.000000 0.000000 0.000000 0.000000 0.000000 0.000000 0.000000 0.000000 0.000000 0.000000 0.000000 0.000000 0.000000 0.000000 0.000000 0.000000 0.000000 0.000000 0.000000 0.000000 0.000000 0.000000 0.000000 0.000000 0.000000 0.000000 0.000000 0.000000 0.000000 0.000000 0.000000 0.000000 0.000000 0.000000 0.000000 0.000000 0.000000 0.000000 0.000000 0.000000 0.000000 0.000000 0.000000 0.000000 0.000000 0.000000 0.000000 0.000000 0.000000 0.000000 0.000000 0.000000 0.000000 0.000000 0.000000 0.000000 0.000000 0.000000 0.000000 0.000000 0.000000 0.000000 0.000000 0.000000 0.000000 0.000000 0.000000 0.000000 0.000000 0.000000 0.000000 0.000000 0.000000 0.000000 0.000000 0.000000 0.000000 0.000000 0.000000 0.000000 0.000000 0.000000 0.000000 0.000000 0.000000 0.000000 0.000000 0.000000 0.000000 0.000000 0.000000 0.000000 0.000000 0.000000 0.000000 0.000000 0.000000 0.000000 0.000000 0.000000 0.000000 0.000000 0.000000 0.000000 0.000000 0.000000 0.000000 0.000000 0.000000 0.000000 0.000000 0.000000 0.000000 0.000000 0.000000 0.000000 0.000000 0.000000 0.000000 0.000000 0.000000 0.000000 0.000000 0.000000 0.000000 0.000000 0.000000 0.000000 0.000000 0.000000 0.000000 0.000000 0.000000 0.000000 0.000000 0.000000 0.000000 0.000000 0.441204 0.000000 0.000000 0.000000 0.000000 0.000000 0.000000 0.000000 0.000000 0.000000 0.000000 0.000000 0.000000 0.000000 0.000000 0.000000 0.000000 0.000000 0.000000 0.000000 0.000000 0.000000 0.000000 0.000000 0.000000 0.000000 0.000000 0.000000 0.000000 0.000000 0.000000 0.000000 0.000000 0.000000 0.000000 0.000000 0.000000 0.000000 0.000000 0.000000 0.000000 0.000000 0.000000 0.000000 0.000000 0.000000 0.000000 0.000000 0.000000 0.000000 0.000000 0.000000 0.000000 0.000000 0.000000 0.000000 0.000000 0.000000 0.000000 0.000000 0.000000 0.000000 0.000000 0.000000 0.000000 0.000000 0.000000 0.000000 0.000000 0.000000 0.000000 0.000000 0.000000 0.000000 0.000000 0.000000 0.000000 0.000000 0.000000 0.000000 0.000000 0.000000 0.000000 0.000000 0.000000 0.000000 0.000000 0.000000 0.000000 0.000000 0.000000 0.000000 0.000000 0.000000 0.000000 0.000000 0.000000 0.000000 0.000000 0.000000 0.000000 0.000000 0.000000 0.000000 0.000000 0.000000 0.000000 0.000000 0.000000 0.000000 0.000000 0.000000 0.000000 0.000000 0.000000 0.000000 0.000000 0.000000 0.000000 0.000000 0.000000 0.000000 0.000000 0.000000 0.000000 0.000000 0.000000 0.000000 0.000000 0.000000 0.000000 0.000000 0.000000 0.000000 0.000000 0.000000 0.000000 0.000000
0.000000 0.000000 0.000000 0.000000 0.000000 0.000000 0.000000 0.000000 0.000000 0.000000 0.000000 0.000000 0.000000 0.000000 0.000000 0.000000 0.000000 0.000000 0.000000 0.000000 0.000000 0.000000 0.000000 0.000000 0.000000 0.000000 0.000000 0.000000 0.000000 0.000000 0.000000 0.000000 0.000000 0.000000 0.000000 0.000000 0.000000 0.000000 0.000000 0.000000 0.000000 0.000000 0.000000 0.000000 0.000000 0.000000 0.000000 0.000000 0.000000 0.000000 0.000000 0.000000 0.000000 0.000000 0.000000 0.000000 0.000000 0.000000 0.000000 0.000000 0.000000 0.000000 0.000000 0.000000 0.000000 0.000000 0.000000 0.000000 0.000000 0.000000 0.000000 0.000000 0.000000 0.000000 0.000000 0.000000 0.000000 0.000000 0.000000 0.000000 0.000000 0.000000 0.000000 0.000000 0.000000 0.000000 0.000000 0.000000 0.000000 0.000000 0.000000 0.000000 0.000000 0.000000 0.000000 0.000000 0.000000 0.000000 0.000000 0.000000 0.000000 0.000000 0.000000 0.000000 0.000000 0.000000 0.000000 0.000000 0.000000 0.000000 0.000000 0.000000 0.000000 0.000000 0.000000 0.000000 0.000000 0.000000 0.000000 0.000000 0.000000 0.000000 0.000000 0.000000 0.000000 0.000000 0.000000 0.000000 0.000000 0.000000 0.000000 0.000000 0.000000 0.000000 0.000000 0.000000 0.000000 0.000000 0.000000 0.000000 0.000000 0.000000 0.000000 0.000000 0.000000 0.000000 0.000000 0.000000 0.000000 0.000000 0.000000 0.000000 0.000000 0.000000 0.000000 0.000000 0.000000 0.000000 0.000000 0.000000 0.000000 0.000000 0.000000 0.000000 0.000000 0.000000 0.000000 0.000000 0.000000 0.000000 0.000000 0.000000 0.000000 0.000000 0.000000 0.000000 0.000000 0.000000 0.000000 0.000000 0.000000 0.000000 0.000000 0.000000 0.000000 0.000000 0.000000 0.000000 0.000000 0.000000 0.000000 0.000000 0.000000 0.000000 0.000000 0.000000 0.000000 0.000000 0.000000 0.000000 0.000000 0.000000 0.000000 0.000000 0.000000 0.000000 0.000000 0.000000 0.000000 0.000000 0.000000 0.000000 0.000000 0.000000 0.000000 0.000000 0.000000 0.000000 0.000000 0.000000 0.000000 0.000000 0.000000 0.000000 0.000000 0.000000 0.000000 0.000000 0.000000 0.000000 0.000000 0.000000 0.000000 0.000000 0.000000 0.000000 0.000000 0.000000 0.000000 0.000000 0.000000 0.000000 0.000000 0.000000 0.000000 0.000000 0.000000 0.000000 0.000000 0.000000 0.000000 0.000000 0.000000 0.000000 0.000000 0.000000 0.000000 0.000000 0.000000 0.000000 0.000000 0.000000 0.000000 0.000000 0.000000 0.000000 0.000000 0.000000 0.000000 0.000000 0.000000 0.000000 0.000000 0.000000 0.000000 0.000000 0.000000 0.000000 0.000000 0.000000
0.000000 0.000000 0.000000 0.000000 0.000000 0.000000 0.000000 0.000000 0.000000 0.000000 0.000000 0.000000 0.000000 0.000000 0.000000 0.000000 0.000000 0.000000 0.000000 0.000000 0.000000 0.000000 0.000000 0.000000 0.000000 0.000000 0.000000 0.000000 0.000000 0.000000 0.000000 0.000000 0.000000 0.000000 0.000000 0.000000 0.000000 0.000000 0.000000 0.000000 0.000000 0.000000 0.000000 0.000000 0.000000 0.000000 0.000000 0.000000 0.000000 0.000000 0.000000 0.000000 0.000000 0.000000 0.000000 0.000000 0.000000 0.000000 0.000000 0.000000 0.000000 0.000000 0.000000 0.000000 0.000000 0.000000 0.000000 0.000000 0.000000 0.000000 0.000000 0.000000 0.000000 0.000000 0.000000 0.000000 0.000000 0.000000 0.000000 0.000000 0.000000 0.000000 0.000000 0.000000 0.000000 0.000000 0.000000 0.000000 0.000000 0.000000 0.000000 0.000000 0.000000 0.000000 0.000000 0.000000 0.000000 0.000000 0.000000 0.000000 0.000000 0.000000 0.000000 0.000000 0.000000 0.000000 0.000000 0.000000 0.000000 0.000000 0.000000 0.000000 0.000000 0.000000 0.000000 0.000000 0.000000 0.000000 0.000000 0.000000 0.000000 0.000000 0.000000 0.000000 0.000000 0.000000 0.000000 0.000000 0.000000 0.000000 0.000000 0.000000 0.000000 0.000000 0.000000 0.000000 0.000000 0.000000 0.000000 0.000000 0.000000 0.000000 0.000000 0.000000 0.000000 0.000000 0.000000 0.000000 0.000000 0.000000 0.000000 0.000000 0.000000 0.000000 0.000000 0.000000 0.000000 0.000000 0.000000 0.000000 0.000000 0.000000 0.000000 0.000000 0.000000 0.000000 0.000000 0.000000 0.000000 0.000000 0.000000 0.000000 0.000000 0.000000 0.000000 0.000000 0.000000 0.000000 0.000000 0.000000 0.000000 0.000000 0.000000 0.000000 0.000000 0.000000 0.000000 0.000000 0.000000 0.000000 0.000000 0.000000 0.000000 0.000000 0.000000 0.000000 0.000000 0.000000 0.000000 0.000000 0.000000 0.000000 0.000000 0.000000 0.000000 0.000000 0.000000 0.000000 0.000000 0.000000 0.000000 0.000000 0.000000 0.000000 0.000000 0.000000 0.000000 0.000000 0.000000 0.000000 0.000000 0.000000 0.000000 0.000000 0.000000 0.000000 0.000000 0.000000 0.000000 0.000000 0.000000 0.000000 0.000000 0.000000 0.000000 0.000000 0.000000 0.000000 0.000000 0.000000 0.000000 0.000000 0.000000 0.000000 0.000000 0.000000 0.000000 0.000000 0.000000 0.000000 0.000000 0.000000 0.000000 0.000000 0.000000 0.000000 0.000000 0.000000 0.000000 0.000000 0.000000 0.000000 0.000000 0.000000 0.000000 0.000000 0.000000 0.000000 0.000000 0.000000 0.000000 0.000000 0.000000 0.000000 0.000000 0.000000 0.000000 0.000000 0.000000 0.000000
0.000000 0.000000 0.000000 0.000000 0.000000 0.000000 0.000000 0.000000 0.000000 0.000000 0.000000 0.000000 0.000000 0.000000 0.000000 0.000000 0.000000 0.000000 0.000000 0.000000 0.000000 0.000000 0.000000 0.000000 0.000000 0.000000 0.000000 0.000000 0.000000 0.000000 0.000000 0.000000 0.000000 0.000000 0.000000 0.000000 0.000000 0.000000 0.000000 0.000000 0.000000 0.000000 0.000000 0.000000 0.000000 0.000000 0.000000 0.000000 0.000000 0.000000 0.000000 0.000000 0.000000 0.000000 0.000000 0.000000 0.000000 0.000000 0.000000 0.000000 0.000000 0.000000 0.000000 0.000000 0.000000 0.000000 0.000000 0.000000 0.000000 0.000000 0.000000 0.000000 0.000000 0.000000 0.000000 0.000000 0.000000 0.000000 0.000000 0.000000 0.000000 0.000000 0.000000 0.000000 0.000000 0.000000 0.000000 0.000000 0.000000 0.000000 0.000000 0.000000 0.000000 0.000000 0.000000 0.000000 0.000000 0.000000 0.000000 0.000000 0.000000 0.000000 0.000000 0.000000 0.000000 0.000000 0.000000 0.000000 0.000000 0.000000 0.000000 0.000000 0.000000 0.000000 0.000000 0.000000 0.000000 0.000000 0.000000 0.000000 0.000000 0.000000 0.000000 0.000000 0.000000 0.000000 0.000000 0.000000 0.000000 0.000000 0.000000 0.000000 0.000000 0.000000 0.000000 0.000000 0.000000 0.000000 0.000000 0.000000 0.000000 0.000000 0.000000 0.000000 0.000000 0.000000 0.000000 0.000000 0.000000 0.000000 0.000000 0.000000 0.000000 0.000000 0.000000 0.000000 0.000000 0.000000 0.000000 0.000000 0.000000 0.000000 0.000000 0.000000 0.000000 0.000000 0.000000 0.000000 0.000000 0.000000 0.000000 0.000000 0.000000 0.000000 0.000000 0.000000 0.000000 0.000000 0.000000 0.000000 0.000000 0.000000 0.000000 0.000000 0.000000 0.000000 0.000000 0.000000 0.000000 0.000000 0.000000 0.000000 0.000000 0.000000 0.000000 0.000000 0.000000 0.000000 0.000000 0.000000 0.000000 0.000000 0.000000 0.000000 0.000000 0.000000 0.000000 0.000000 0.000000 0.000000 0.000000 0.000000 0.000000 0.000000 0.000000 0.000000 0.000000 0.000000 0.000000 0.000000 0.000000 0.000000 0.000000 0.000000 0.000000 0.000000 0.000000 0.000000 0.000000 0.000000 0.000000 0.000000 0.000000 0.000000 0.000000 0.000000 0.000000 0.000000 0.000000 0.000000 0.000000 0.000000 0.000000 0.000000 0.000000 0.000000 0.000000 0.000000 0.000000 0.000000 0.000000 0.000000 0.000000 0.000000 0.000000 0.000000 0.000000 0.000000 0.000000 0.000000 0.000000 0.000000 0.000000 0.000000 0.000000 0.000000 0.000000 0.000000 0.000000 0.000000 0.000000 0.000000 0.000000 0.000000 0.000000 0.000000 0.000000 0.000000 0.000000 0.000000
0.000000 0.000000 0.000000 0.000000 0.000000 0.000000 0.000000 0.000000 0.000000 0.000000 0.000000 0.000000 0.000000 0.000000 0.000000 0.000000 0.000000 0.000000 0.000000 0.000000 0.000000 0.000000 0.000000 0.000000 0.000000 0.000000 0.000000 0.000000 0.000000 0.000000 0.000000 0.000000 0.000000 0.000000 0.000000 0.000000 0.000000 0.000000 0.000000 0.000000 0.000000 0.000000 0.000000 0.000000 0.000000 0.000000 0.000000 0.000000 0.000000 0.000000 0.000000 0.000000 0.000000 0.000000 0.000000 0.000000 0.000000 0.000000 0.000000 0.000000 0.000000 0.000000 0.000000 0.000000 0.000000 0.000000 0.000000 0.000000 0.000000 0.000000 0.000000 0.000000 0.000000 0.000000 0.000000 0.000000 0.000000 0.000000 0.000000 0.000000 0.000000 0.000000 0.000000 0.000000 0.000000 0.000000 0.000000 0.000000 0.000000 0.000000 0.000000 0.000000 0.000000 0.000000 0.000000 0.000000 0.000000 0.000000 0.000000 0.000000 0.000000 0.000000 0.000000 0.000000 0.000000 0.000000 0.000000 0.000000 0.000000 0.000000 0.000000 0.000000 0.000000 0.000000 0.000000 0.000000 0.000000 0.000000 0.000000 0.000000 0.000000 0.000000 0.000000 0.000000 0.000000 0.000000 0.000000 0.000000 0.000000 0.000000 0.000000 0.000000 0.000000 0.000000 0.000000 0.000000 0.000000 0.000000 0.000000 0.000000 0.000000 0.000000 0.000000 0.000000 0.000000 0.000000 0.000000 0.000000 0.000000 0.000000 0.000000 0.000000 0.000000 0.000000 0.000000 0.000000 0.000000 0.000000 0.000000 0.000000 0.000000 0.000000 0.000000 0.000000 0.000000 0.000000 0.000000 0.000000 0.000000 0.000000 0.000000 0.000000 0.000000 0.000000 0.000000 0.000000 0.000000 0.000000 0.000000 0.000000 0.000000 0.000000 0.000000 0.000000 0.000000 0.000000 0.000000 0.000000 0.000000 0.000000 0.000000 0.000000 0.000000 0.000000 0.000000 0.000000 0.000000 0.000000 0.000000 0.000000 0.000000 0.000000 0.000000 0.000000 0.000000 0.000000 0.000000 0.000000 0.000000 0.000000 0.000000 0.000000 0.000000 0.000000 0.000000 0.000000 0.000000 0.000000 0.000000 0.000000 0.000000 0.000000 0.000000 0.000000 0.000000 0.000000 0.000000 0.000000 0.000000 0.000000 0.000000 0.000000 0.000000 0.000000 0.000000 0.000000 0.000000 0.000000 0.000000 0.000000 0.000000 0.000000 0.000000 0.000000 0.000000 0.000000 0.000000 0.000000 0.000000 0.000000 0.000000 0.000000 0.000000 0.000000 0.000000 0.000000 0.000000 0.000000 0.000000 0.000000 0.000000 0.000000 0.000000 0.000000 0.000000 0.000000 0.000000 0.000000 0.000000 0.000000 0.000000 0.000000 0.000000 0.000000 0.000000 0.000000 0.000000 0.000000 0.000000 0.000000
0.000000 0.000000 0.000000 0.000000 0.000000 0.000000 0.000000 0.000000 0.000000 0.000000 0.000000 0.000000 0.000000 0.000000 0.000000 0.000000 0.000000 0.000000 0.000000 0.000000 0.000000 0.000000 0.000000 0.000000 0.000000 0.000000 0.000000 0.000000 0.000000 0.000000 0.000000 0.000000 0.000000 0.000000 0.000000 0.000000 0.000000 0.000000 0.000000 0.000000 0.000000 0.000000 0.000000 0.000000 0.000000 0.000000 0.000000 0.000000 0.000000 0.000000 0.000000 0.000000 0.000000 0.000000 0.000000 0.000000 0.000000 0.000000 0.000000 0.000000 0.000000 0.000000 0.000000 0.000000 0.000000 0.000000 0.000000 0.000000 0.000000 0.000000 0.000000 0.000000 0.000000 0.000000 0.000000 0.000000 0.000000 0.000000 0.000000 0.000000 0.000000 0.000000 0.000000 0.000000 0.000000 0.000000 0.000000 0.000000 0.000000 0.000000 0.000000 0.000000 0.000000 0.000000 0.000000 0.000000 0.000000 0.000000 0.000000 0.000000 0.000000 0.000000 0.000000 0.000000 0.000000 0.000000 0.000000 0.000000 0.000000 0.000000 0.000000 0.000000 0.000000 0.000000 0.000000 0.000000 0.000000 0.000000 0.000000 0.000000 0.000000 0.000000 0.000000 0.000000 0.000000 0.000000 0.000000 0.000000 0.000000 0.000000 0.000000 0.000000 0.000000 0.000000 0.000000 0.000000 0.000000 0.000000 0.000000 0.000000 0.000000 0.000000 0.000000 0.000000 0.000000 0.000000 0.000000 0.000000 0.000000 0.000000 0.000000 0.000000 0.000000 0.000000 0.000000 0.000000 0.000000 0.000000 0.000000 0.000000 0.000000 0.000000 0.000000 0.000000 0.000000 0.000000 0.000000 0.000000 0.000000 0.000000 0.000000 0.000000 0.000000 0.000000 0.000000 0.000000 0.000000 0.000000 0.000000 0.000000 0.000000 0.000000 0.000000 0.000000 0.000000 0.000000 0.000000 0.000000 0.000000 0.000000 0.000000 0.000000 0.000000 0.000000 0.000000 0.000000 0.000000 0.000000 0.000000 0.000000 0.000000 0.000000 0.000000 0.000000 0.000000 0.000000 0.000000 0.000000 0.000000 0.000000 0.000000 0.000000 0.000000 0.000000 0.000000 0.000000 0.000000 0.000000 0.000000 0.000000 0.000000 0.000000 0.000000 0.000000 0.000000 0.000000 0.000000 0.000000 0.000000 0.000000 0.000000 0.000000 0.000000 0.000000 0.000000 0.000000 0.000000 0.000000 0.000000 0.000000 0.000000 0.000000 0.000000 0.000000 0.000000 0.000000 0.000000 0.000000 0.000000 0.000000 0.000000 0.000000 0.000000 0.000000 0.000000 0.000000 0.000000 0.000000 0.000000 0.000000 0.000000 0.000000 0.000000 0.000000 0.000000 0.000000 0.000000 0.000000 0.000000 0.000000 0.000000 0.000000 0.000000 0.000000 0.000000 0.000000 0.000000 0.000000 0.000000 0.000000
0.000000 0.000000 0.000000 0.000000 0.000000 0.000000 0.000000 0.000000 0.000000 0.000000 0.000000 0.000000 0.000000 0.000000 0.000000 0.000000 0.000000 0.000000 0.000000 0.000000 0.000000 0.000000 0.000000 0.000000 0.000000 0.000000 0.000000 0.000000 0.000000 0.000000 0.000000 0.000000 0.000000 0.000000 0.000000 0.000000 0.000000 0.000000 0.000000 0.000000 0.000000 0.000000 0.000000 0.000000 0.000000 0.000000 0.000000 0.000000 0.000000 0.000000 0.000000 0.000000 0.000000 0.000000 0.000000 0.000000 0.000000 0.000000 0.000000 0.000000 0.000000 0.000000 0.000000 0.000000 0.000000 0.000000 0.000000 0.000000 0.000000 0.000000 0.000000 0.000000 0.000000 0.000000 0.000000 0.000000 0.000000 0.000000 0.000000 0.000000 0.000000 0.000000 0.000000 0.000000 0.000000 0.000000 0.000000 0.000000 0.000000 0.000000 0.000000 0.000000 0.000000 0.000000 0.000000 0.000000 0.000000 0.000000 0.000000 0.000000 0.000000 0.000000 0.000000 0.000000 0.000000 0.000000 0.000000 0.000000 0.000000 0.000000 0.000000 0.000000 0.000000 0.000000 0.000000 0.000000 0.000000 0.000000 0.000000 0.000000 0.000000 0.000000 0.000000 0.000000 0.000000 0.000000 0.000000 0.000000 0.000000 0.000000 0.000000 0.000000 0.000000 0.000000 0.000000 0.000000 0.000000 0.000000 0.000000 0.000000 0.000000 0.000000 0.000000 0.000000 0.000000 0.000000 0.000000 0.000000 0.000000 0.000000 0.000000 0.000000 0.000000 0.000000 0.000000 0.000000 0.000000 0.000000 0.000000 0.000000 0.000000 0.000000 0.000000 0.000000 0.000000 0.000000 0.000000 0.000000 0.000000 0.000000 0.000000 0.000000 0.000000 0.000000 0.000000 0.000000 0.000000 0.000000 0.000000 0.000000 0.000000 0.000000 0.000000 0.000000 0.000000 0.000000 0.000000 0.000000 0.000000 0.000000 0.000000 0.000000 0.000000 0.000000 0.000000 0.000000 0.000000 0.000000 0.000000 0.000000 0.000000 0.000000 0.000000 0.000000 0.000000 0.000000 0.000000 0.000000 0.000000 0.000000 0.000000 0.000000 0.000000 0.000000 0.000000 0.000000 0.000000 0.000000 0.000000 0.000000 0.000000 0.000000 0.000000 0.000000 0.000000 0.000000 0.000000 0.000000 0.000000 0.000000 0.000000 0.000000 0.000000 0.000000 0.000000 0.000000 0.000000 0.000000 0.000000 0.000000 0.000000 0.000000 0.000000 0.000000 0.000000 0.000000 0.000000 0.000000 0.000000 0.000000 0.000000 0.000000 0.000000 0.000000 0.000000 0.000000 0.000000 0.000000 0.000000 0.000000 0.000000 0.000000 0.000000 0.000000 0.000000 0.000000 0.000000 0.000000 0.000000 0.000000 0.000000 0.000000 0.000000 0.000000 0.000000 0.000000 0.000000 0.000000 0.000000 0.000000
0.000000 0.000000 0.000000 0.000000 0.000000 0.000000 0.000000 0.000000 0.000000 0.000000 0.000000 0.000000 0.000000 0.000000 0.000000 0.000000 0.000000 0.000000 0.000000 0.000000 0.000000 0.000000 0.000000 0.000000 0.000000 0.000000 0.000000 0.000000 0.000000 0.000000 0.000000 0.000000 0.000000 0.000000 0.000000 0.000000 0.000000 0.000000 0.000000 0.000000 0.000000 0.000000 0.000000 0.000000 0.000000 0.000000 0.000000 0.000000 0.000000 0.000000 0.000000 0.000000 0.000000 0.000000 0.000000 0.000000 0.000000 0.000000 0.000000 0.000000 0.000000 0.000000 0.000000 0.000000 0.000000 0.000000 0.000000 0.000000 0.000000 0.000000 0.000000 0.000000 0.000000 0.000000 0.000000 0.000000 0.000000 0.000000 0.000000 0.000000 0.000000 0.000000 0.000000 0.000000 0.000000 0.000000 0.000000 0.000000 0.000000 0.000000 0.000000 0.000000 0.000000 0.000000 0.000000 0.000000 0.000000 0.000000 0.000000 0.000000 0.000000 0.000000 0.000000 0.000000 0.000000 0.000000 0.000000 0.000000 0.000000 0.000000 0.000000 0.000000 0.000000 0.000000 0.000000 0.000000 0.000000 0.000000 0.000000 0.000000 0.000000 0.000000 0.000000 0.000000 0.000000 0.000000 0.000000 0.000000 0.000000 0.000000 0.000000 0.000000 0.000000 0.000000 0.000000 0.000000 0.000000 0.000000 0.000000 0.000000 0.000000 0.000000 0.000000 0.000000 0.000000 0.000000 0.000000 0.000000 0.000000 0.000000 0.000000 0.000000 0.000000 0.000000 0.000000 0.000000 0.000000 0.000000 0.000000 0.000000 0.000000 0.000000 0.000000 0.000000 0.000000 0.000000 0.000000 0.000000 0.000000 0.000000 0.000000 0.000000 0.000000 0.000000 0.000000 0.000000 0.000000 0.000000 0.000000 0.000000 0.000000 0.000000 0.000000 0.000000 0.000000 0.000000 0.000000 0.000000 0.000000 0.000000 0.000000 0.000000 0.000000 0.000000 0.000000 0.000000 0.000000 0.000000 0.000000 0.000000 0.000000 0.000000 0.000000 0.000000 0.000000 0.000000 0.000000 0.000000 0.000000 0.000000 0.000000 0.000000 0.000000 0.000000 0.000000 0.000000 0.000000 0.000000 0.000000 0.000000 0.000000 0.000000 0.000000 0.000000 0.000000 0.000000 0.000000 0.000000 0.000000 0.000000 0.000000 0.000000 0.000000 0.000000 0.000000 0.000000 0.000000 0.000000 0.000000 0.000000 0.000000 0.000000 0.000000 0.000000 0.000000 0.000000 0.000000 0.000000 0.000000 0.000000 0.000000 0.000000 0.000000 0.000000 0.000000 0.000000 0.000000 0.000000 0.000000 0.000000 0.000000 0.000000 0.000000 0.000000 0.000000 0.000000 0.000000 0.000000 0.000000 0.000000 0.000000 0.000000 0.000000 0.000000 0.000000 0.000000 0.000000 0.000000 0.000000 0.000000
0.000000 0.000000 0.000000 0.000000 0.000000 0.000000 0.000000 0.000000 0.000000 0.000000 0.000000 0.000000 0.000000 0.000000 0.000000 0.000000 0.000000 0.000000 0.000000 0.000000 0.000000 0.000000 0.000000 0.000000 0.000000 0.000000 0.000000 0.000000 0.000000 0.000000 0.000000 0.000000 0.000000 0.000000 0.000000 0.000000 0.000000 0.000000 0.000000 0.000000 0.000000 0.000000 0.000000 0.000000 0.000000 0.000000 0.000000 0.000000 0.000000 0.000000 0.000000 0.000000 0.000000 0.000000 0.000000 0.000000 0.000000 0.000000 0.000000 0.000000 0.000000 0.000000 0.000000 0.000000 0.000000 0.000000 0.000000 0.000000 0.000000 0.000000 0.000000 0.000000 0.000000 0.000000 0.000000 0.000000 0.000000 0.000000 0.000000 0.000000 0.000000 0.000000 0.000000 0.000000 0.000000 0.000000 0.000000 0.000000 0.000000 0.000000 0.000000 0.000000 0.000000 0.000000 0.000000 0.000000 0.000000 0.000000 0.000000 0.000000 0.000000 0.000000 0.000000 0.000000 0.000000 0.000000 0.000000 0.000000 0.000000 0.000000 0.000000 0.000000 0.000000 0.000000 0.000000 0.000000 0.000000 0.000000 0.000000 0.000000 0.000000 0.000000 0.000000 0.000000 0.000000 0.000000 0.000000 0.000000 0.000000 0.000000 0.000000 0.000000 0.000000 0.000000 0.000000 0.000000 0.000000 0.000000 0.000000 0.000000 0.000000 0.000000 0.000000 0.000000 0.000000 0.000000 0.000000 0.000000 0.000000 0.000000 0.000000 0.000000 0.000000 0.000000 0.000000 0.000000 0.000000 0.000000 0.000000 0.000000 0.000000 0.000000 0.000000 0.000000 0.000000 0.000000 0.000000 0.000000 0.000000 0.000000 0.000000 0.000000 0.000000 0.000000 0.000000 0.000000 0.000000 0.000000 0.000000 0.000000 0.000000 0.000000 0.000000 0.000000 0.000000 0.000000 0.000000 0.000000 0.000000 0.000000 0.000000 0.000000 0.000000 0.000000 0.000000 0.000000 0.000000 0.000000 0.000000 0.000000 0.000000 0.000000 0.000000 0.000000 0.000000 0.000000 0.000000 0.000000 0.000000 0.000000 0.000000 0.000000 0.000000 0.000000 0.000000 0.000000 0.000000 0.000000 0.000000 0.000000 0.000000 0.000000 0.000000 0.000000 0.000000 0.000000 0.000000 0.000000 0.000000 0.000000 0.000000 0.000000 0.000000 0.000000 0.000000 0.000000 0.000000 0.000000 0.000000 0.000000 0.000000 0.000000 0.000000 0.000000 0.000000 0.000000 0.000000 0.000000 0.000000 0.000000 0.000000 0.000000 0.000000 0.000000 0.000000 0.000000 0.000000 0.000000 0.000000 0.000000 0.000000 0.000000 0.000000 0.000000 0.000000 0.000000 0.000000 0.000000 0.000000 0.000000 0.000000 0.000000 0.000000 0.000000 0.000000 0.000000 0.000000 0.000000 0.000000 0.000000
0.000000 0.000000 0.000000 0.000000 0.000000 0.000000 0.000000 0.000000 0.000000 0.000000 0.000000 0.000000 0.000000 0.000000 0.000000 0.000000 0.000000 0.000000 0.000000 0.000000 0.000000 0.000000 0.000000 0.000000 0.000000 0.000000 0.000000 0.000000 0.000000 0.000000 0.000000 0.000000 0.000000 0.000000 0.000000 0.000000 0.000000 0.000000 0.000000 0.000000 0.000000 0.000000 0.000000 0.000000 0.000000 0.000000 0.000000 0.000000 0.000000 0.000000 0.000000 0.000000 0.000000 0.000000 0.000000 0.000000 0.000000 0.000000 0.000000 0.000000 0.000000 0.000000 0.000000 0.000000 0.000000 0.000000 0.000000 0.000000 0.000000 0.000000 0.000000 0.000000 0.000000 0.000000 0.000000 0.000000 0.000000 0.000000 0.000000 0.000000 0.000000 0.000000 0.000000 0.000000 0.000000 0.000000 0.000000 0.000000 0.000000 0.000000 0.000000 0.000000 0.000000 0.000000 0.000000 0.000000 0.000000 0.000000 0.000000 0.000000 0.000000 0.000000 0.000000 0.000000 0.000000 0.000000 0.000000 0.000000 0.000000 0.000000 0.000000 0.000000 0.000000 0.000000 0.000000 0.000000 0.000000 0.000000 0.000000 0.000000 0.000000 0.000000 0.000000 0.000000 0.000000 0.000000 0.000000 0.000000 0.000000 0.000000 0.000000 0.000000 0.000000 0.000000 0.000000 0.000000 0.000000 0.000000 0.000000 0.000000 0.000000 0.000000 0.000000 0.000000 0.000000 0.000000 0.000000 0.000000 0.000000 0.000000 0.000000 0.000000 0.000000 0.000000 0.000000 0.000000 0.000000 0.000000 0.000000 0.000000 0.000000 0.000000 0.000000 0.000000 0.000000 0.000000 0.000000 0.000000 0.000000 0.000000 0.000000 0.000000 0.000000 0.000000 0.000000 0.000000 0.000000 0.000000 0.000000 0.000000 0.000000 0.000000 0.000000 0.000000 0.000000 0.000000 0.000000 0.000000 0.000000 0.000000 0.000000 0.000000 0.000000 0.000000 0.000000 0.000000 0.000000 0.000000 0.000000 0.000000 0.000000 0.000000 0.000000 0.000000 0.000000 0.000000 0.000000 0.000000 0.000000 0.000000 0.000000 0.000000 0.000000 0.000000 0.000000 0.000000 0.000000 0.000000 0.000000 0.000000 0.000000 0.000000 0.000000 0.000000 0.000000 0.000000 0.000000 0.000000 0.000000 0.000000 0.000000 0.000000 0.000000 0.000000 0.000000 0.000000 0.000000 0.000000 0.000000 0.000000 0.000000 0.000000 0.000000 0.000000 0.000000 0.000000 0.000000 0.000000 0.000000 0.000000 0.000000 0.000000 0.000000 0.000000 0.000000 0.000000 0.000000 0.000000 0.000000 0.000000 0.000000 0.000000 0.000000 0.000000 0.000000 0.000000 0.000000 0.000000 0.000000 0.000000 0.000000 0.000000 0.000000 0.000000 0.000000 0.000000 0.000000 0.000000 0.000000 0.000000
0.000000 0.000000 0.000000 0.000000 0.000000 0.000000 0.000000 0.000000 0.000000 0.000000 0.000000 0.000000 0.000000 0.000000 0.000000 0.000000 0.000000 0.000000 0.000000 0.000000 0.000000 0.000000 0.000000 0.000000 0.000000 0.000000 0.000000 0.000000 0.000000 0.000000 0.000000 0.000000 0.000000 0.000000 0.000000 0.000000 0.000000 0.000000 0.000000 0.000000 0.000000 0.000000 0.000000 0.000000 0.000000 0.000000 0.000000 0.000000 0.000000 0.000000 0.000000 0.000000 0.000000 0.000000 0.000000 0.000000 0.000000 0.000000 0.000000 0.000000 0.000000 0.000000 0.000000 0.000000 0.000000 0.000000 0.000000 0.000000 0.000000 0.000000 0.000000 0.000000 0.000000 0.000000 0.000000 0.000000 0.000000 0.000000 0.000000 0.000000 0.000000 0.000000 0.000000 0.000000 0.000000 0.000000 0.000000 0.000000 0.000000 0.000000 0.000000 0.000000 0.000000 0.000000 0.000000 0.000000 0.000000 0.000000 0.000000 0.000000 0.000000 0.000000 0.000000 0.000000 0.000000 0.000000 0.000000 0.000000 0.000000 0.000000 0.000000 0.000000 0.000000 0.000000 0.000000 0.000000 0.000000 0.000000 0.000000 0.000000 0.000000 0.000000 0.000000 0.000000 0.000000 0.000000 0.000000 0.000000 0.000000 0.000000 0.000000 0.000000 0.000000 0.000000 0.000000 0.000000 0.000000 0.000000 0.000000 0.000000 0.000000 0.000000 0.000000 0.000000 0.000000 0.000000 0.000000 0.000000 0.000000 0.000000 0.000000 0.000000 0.000000 0.000000 0.000000 0.000000 0.000000 0.000000 0.000000 0.000000 0.000000 0.000000 0.000000 0.000000 0.000000 0.000000 0.000000 0.000000 0.000000 0.000000 0.000000 0.000000 0.000000 0.000000 0.000000 0.000000 0.000000 0.000000 0.000000 0.000000 0.000000 0.000000 0.000000 0.000000 0.000000 0.000000 0.000000 0.000000 0.000000 0.000000 0.000000 0.000000 0.000000 0.000000 0.000000 0.000000 0.000000 0.000000 0.000000 0.000000 0.000000 0.000000 0.000000 0.000000 0.000000 0.000000 0.000000 0.000000 0.000000 0.000000 0.000000 0.000000 0.000000 0.000000 0.000000 0.000000 0.000000 0.000000 0.000000 0.000000 0.000000 0.000000 0.000000 0.000000 0.000000 0.000000 0.000000 0.000000 0.000000 0.000000 0.000000 0.000000 0.000000 0.000000 0.000000 0.000000 0.000000 0.000000 0.000000 0.000000 0.000000 0.000000 0.000000 0.000000 0.000000 0.000000 0.000000 0.000000 0.000000 0.000000 0.000000 0.000000 0.000000 0.000000 0.000000 0.000000 0.000000 0.000000 0.000000 0.000000 0.000000 0.000000 0.000000 0.000000 0.000000 0.000000 0.000000 0.000000 0.000000 0.000000 0.000000 0.000000 0.000000 0.000000 0.000000 0.000000 0.000000 0.000000 0.000000 0.000000
0.000000 0.000000 0.000000 0.000000 0.000000 0.000000 0.000000 0.000000 0.000000 0.000000 0.000000 0.000000 0.000000 0.000000 0.000000 0.000000 0.000000 0.000000 0.000000 0.000000 0.000000 0.000000 0.000000 0.000000 0.000000 0.000000 0.000000 0.000000 0.000000 0.000000 0.000000 0.000000 0.000000 0.000000 0.000000 0.000000 0.000000 0.000000 0.000000 0.000000 0.000000 0.000000 0.000000 0.000000 0.000000 0.000000 0.000000 0.000000 0.000000 0.000000 0.000000 0.000000 0.000000 0.000000 0.000000 0.000000 0.000000 0.000000 0.000000 0.000000 0.000000 0.000000 0.000000 0.000000 0.000000 0.000000 0.000000 0.000000 0.000000 0.000000 0.000000 0.000000 0.000000 0.000000 0.000000 0.000000 0.000000 0.000000 0.000000 0.000000 0.000000 0.000000 0.000000 0.000000 0.000000 0.000000 0.000000 0.000000 0.000000 0.000000 0.000000 0.000000 0.000000 0.000000 0.000000 0.000000 0.000000 0.000000 0.000000 0.000000 0.000000 0.000000 0.000000 0.000000 0.000000 0.000000 0.000000 0.000000 0.000000 0.000000 0.000000 0.000000 0.000000 0.000000 0.000000 0.000000 0.000000 0.000000 0.000000 0.000000 0.000000 0.000000 0.000000 0.000000 0.000000 0.000000 0.000000 0.000000 0.000000 0.000000 0.000000 0.000000 0.000000 0.000000 0.000000 0.000000 0.000000 0.000000 0.000000 0.000000 0.000000 0.000000 0.000000 0.000000 0.000000 0.000000 0.000000 0.000000 0.000000 0.000000 0.000000 0.000000 0.000000 0.000000 0.000000 0.000000 0.000000 0.000000 0.000000 0.000000 0.000000 0.000000 0.000000 0.000000 0.000000 0.000000 0.000000 0.000000 0.000000 0.000000 0.000000 0.000000 0.000000 0.000000 0.000000 0.000000 0.000000 0.000000 0.000000 0.000000 0.000000 0.000000 0.000000 0.000000 0.000000 0.000000 0.000000 0.000000 0.000000 0.000000 0.000000 0.000000 0.000000 0.000000 0.000000 0.000000 0.000000 0.000000 0.000000 0.000000 0.000000 0.000000 0.000000 0.000000 0.000000 0.000000 0.000000 0.000000 0.000000 0.000000 0.000000 0.000000 0.000000 0.000000 0.000000 0.000000 0.000000 0.000000 0.000000 0.000000 0.000000 0.000000 0.000000 0.000000 0.000000 0.000000 0.000000 0.000000 0.000000 0.000000 0.000000 0.000000 0.000000 0.000000 0.000000 0.000000 0.000000 0.000000 0.000000 0.000000 0.000000 0.000000 0.000000 0.000000 0.000000 0.000000 0.000000 0.000000 0.000000 0.000000 0.000000 0.000000 0.000000 0.000000 0.000000 0.000000 0.000000 0.000000 0.000000 0.000000 0.000000 0.000000 0.000000 0.000000 0.000000 0.000000 0.000000 0.000000 0.000000 0.000000 0.000000 0.000000 0.000000 0.000000 0.000000 0.000000 0.000000 0.000000 0.000000 0.000000
0.000000 0.000000 0.000000 0.000000 0.000000 0.000000 0.000000 0.000000 0.000000 0.000000 0.000000 0.000000 0.000000 0.000000 0.000000 0.000000 0.000000 0.000000 0.000000 0.000000 0.000000 0.000000 0.000000 0.000000 0.000000 0.000000 0.000000 0.000000 0.000000 0.000000 0.000000 0.000000 0.000000 0.000000 0.000000 0.000000 0.000000 0.000000 0.000000 0.000000 0.000000 0.000000 0.000000 0.000000 0.000000 0.000000 0.000000 0.000000 0.000000 0.000000 0.000000 0.000000 0.000000 0.000000 0.000000 0.000000 0.000000 0.000000 0.000000 0.000000 0.000000 0.000000 0.000000 0.000000 0.000000 0.000000 0.000000 0.000000 0.000000 0.000000 0.000000 0.000000 0.000000 0.000000 0.000000 0.000000 0.000000 0.000000 0.000000 0.000000 0.000000 0.000000 0.000000 0.000000 0.000000 0.000000 0.000000 0.000000 0.000000 0.000000 0.000000 0.000000 0.000000 0.000000 0.000000 0.000000 0.000000 0.000000 0.000000 0.000000 0.000000 0.000000 0.000000 0.000000 0.000000 0.000000 0.000000 0.000000 0.000000 0.000000 0.000000 0.000000 0.000000 0.000000 0.000000 0.000000 0.000000 0.000000 0.000000 0.000000 0.000000 0.000000 0.000000 0.000000 0.000000 0.000000 0.000000 0.000000 0.000000 0.000000 0.000000 0.000000 0.000000 0.000000 0.000000 0.000000 0.000000 0.000000 0.000000 0.000000 0.000000 0.000000 0.000000 0.000000 0.000000 0.000000 0.000000 0.000000 0.000000 0.000000 0.000000 0.000000 0.000000 0.000000 0.000000 0.000000 0.000000 0.000000 0.000000 0.000000 0.000000 0.000000 0.000000 0.000000 0.000000 0.000000 0.000000 0.000000 0.000000 0.000000 0.000000 0.000000 0.000000 0.000000 0.000000 0.000000 0.000000 0.000000 0.000000 0.000000 0.000000 0.000000 0.000000 0.000000 0.000000 0.000000 0.000000 0.000000 0.000000 0.000000 0.000000 0.000000 0.000000 0.000000 0.000000 0.000000 0.000000 0.000000 0.000000 0.000000 0.000000 0.000000 0.000000 0.000000 0.000000 0.000000 0.000000 0.000000 0.000000 0.000000 0.000000 0.000000 0.000000 0.000000 0.000000 0.000000 0.000000 0.000000 0.000000 0.000000 0.000000 0.000000 0.000000 0.000000 0.000000 0.000000 0.000000 0.000000 0.000000 0.000000 0.000000 0.000000 0.000000 0.000000 0.000000 0.000000 0.000000 0.000000 0.000000 0.000000 0.000000 0.000000 0.000000 0.000000 0.000000 0.000000 0.000000 0.000000 0.000000 0.000000 0.000000 0.000000 0.000000 0.000000 0.000000 0.000000 0.000000 0.000000 0.000000 0.000000 0.000000 0.000000 0.000000 0.000000 0.000000 0.000000 0.000000 0.000000 0.000000 0.000000 0.000000 0.000000 0.000000 0.000000 0.000000 0.000000 0.000000 0.000000 0.000000 0.000000
0.000000 0.000000 0.000000 0.000000 0.000000 0.000000 0.000000 0.000000 0.000000 0.000000 0.000000 0.000000 0.000000 0.000000 0.000000 0.000000 0.000000 0.000000 0.000000 0.000000 0.000000 0.000000 0.000000 0.000000 0.000000 0.000000 0.000000 0.000000 0.000000 0.000000 0.000000 0.000000 0.000000 0.000000 0.000000 0.000000 0.000000 0.000000 0.000000 0.000000 0.000000 0.000000 0.000000 0.000000 0.000000 0.000000 0.000000 0.000000 0.000000 0.000000 0.000000 0.000000 0.000000 0.000000 0.000000 0.000000 0.000000 0.000000 0.000000 0.000000 0.000000 0.000000 0.000000 0.000000 0.000000 0.000000 0.000000 0.000000 0.000000 0.000000 0.000000 0.000000 0.000000 0.000000 0.000000 0.000000 0.000000 0.000000 0.000000 0.000000 0.000000 0.000000 0.000000 0.000000 0.000000 0.000000 0.000000 0.000000 0.000000 0.000000 0.000000 0.000000 0.000000 0.000000 0.000000 0.000000 0.000000 0.000000 0.000000 0.000000 0.000000 0.000000 0.000000 0.000000 0.000000 0.000000 0.000000 0.000000 0.000000 0.000000 0.000000 0.000000 0.000000 0.000000 0.000000 0.000000 0.000000 0.000000 0.000000 0.000000 0.000000 0.000000 0.000000 0.000000 0.000000 0.000000 0.000000 0.000000 0.000000 0.000000 0.000000 0.000000 0.000000 0.000000 0.000000 0.000000 0.000000 0.000000 0.000000 0.000000 0.000000 0.000000 0.000000 0.000000 0.000000 0.000000 0.000000 0.000000 0.000000 0.000000 0.000000 0.000000 0.000000 0.000000 0.000000 0.000000 0.000000 0.000000 0.000000 0.000000 0.000000 0.000000 0.000000 0.000000 0.000000 0.000000 0.000000 0.000000 0.000000 0.000000 0.000000 0.000000 0.000000 0.000000 0.000000 0.000000 0.000000 0.000000 0.000000 0.000000 0.000000 0.000000 0.000000 0.000000 0.000000 0.000000 0.000000 0.000000 0.000000 0.000000 0.000000 0.000000 0.000000 0.000000 0.000000 0.000000 0.000000 0.000000 0.000000 0.000000 0.000000 0.000000 0.000000 0.000000 0.000000 0.000000 0.000000 0.000000 0.000000 0.000000 0.000000 0.000000 0.000000 0.000000 0.000000 0.000000 0.000000 0.000000 0.000000 0.000000 0.000000 0.000000 0.000000 0.000000 0.000000 0.000000 0.000000 0.000000 0.000000 0.000000 0.000000 0.000000 0.000000 0.000000 0.000000 0.000000 0.000000 0.000000 0.000000 0.000000 0.000000 0.000000 0.000000 0.000000 0.000000 0.000000 0.000000 0.000000 0.000000 0.000000 0.000000 0.000000 0.000000 0.000000 0.000000 0.000000 0.000000 0.000000 0.000000 0.000000 0.000000 0.000000 0.000000 0.000000 0.000000 0.000000 0.000000 0.000000 0.000000 0.000000 0.000000 0.000000 0.000000 0.000000 0.000000 0.000000 0.000000 0.000000 0.000000 0.000000
0.000000 0.000000 0.000000 0.000000 0.000000 0.000000 0.000000 0.000000 0.000000 0.000000 0.000000 0.000000 0.000000 0.000000 0.000000 0.000000 0.000000 0.000000 0.000000 0.000000 0.000000 0.000000 0.000000 0.000000 0.000000 0.000000 0.000000 0.000000 0.000000 0.000000 0.000000 0.000000 0.000000 0.000000 0.000000 0.000000 0.000000 0.000000 0.000000 0.000000 0.000000 0.000000 0.000000 0.000000 0.000000 0.000000 0.000000 0.000000 0.000000 0.000000 0.000000 0.000000 0.000000 0.000000 0.000000 0.000000 0.000000 0.000000 0.000000 0.000000 0.000000 0.000000 0.000000 0.000000 0.000000 0.000000 0.000000 0.000000 0.000000 0.000000 0.000000 0.000000 0.000000 0.000000 0.000000 0.000000 0.000000 0.000000 0.000000 0.000000 0.000000 0.000000 0.000000 0.000000 0.000000 0.000000 0.000000 0.000000 0.000000 0.000000 0.000000 0.000000 0.000000 0.000000 0.000000 0.000000 0.000000 0.000000 0.000000 0.000000 0.000000 0.000000 0.000000 0.000000 0.358451 0.380698 0.350757 0.000000 0.000000 0.000000 0.000000 0.000000 0.000000 0.000000 0.000000 0.000000 0.000000 0.000000 0.000000 0.000000 0.000000 0.000000 0.000000 0.000000 0.000000 0.000000 0.000000 0.000000 0.000000 0.000000 0.000000 0.000000 0.000000 0.000000 0.000000 0.000000 0.000000 0.000000 0.000000 0.000000 0.000000 0.000000 0.000000 0.000000 0.000000 0.000000 0.000000 0.000000 0.000000 0.000000 0.000000 0.000000 0.000000 0.000000 0.000000 0.000000 0.000000 0.000000 0.000000 0.000000 0.000000 0.000000 0.000000 0.000000 0.000000 0.000000 0.000000 0.000000 0.000000 0.000000 0.000000 0.000000 0.000000 0.000000 0.000000 0.000000 0.000000 0.000000 0.000000 0.000000 0.000000 0.000000 0.000000 0.000000 0.000000 0.000000 0.000000 0.000000 0.000000 0.000000 0.000000 0.000000 0.000000 0.000000 0.000000 0.000000 0.000000 0.000000 0.000000 0.000000 0.000000 0.000000 0.000000 0.000000 0.000000 0.000000 0.000000 0.000000 0.000000 0.000000 0.000000 0.000000 0.000000 0.000000 0.000000 0.000000 0.000000 0.000000 0.000000 0.000000 0.000000 0.000000 0.000000 0.000000 0.000000 0.000000 0.000000 0.000000 0.000000 0.000000 0.000000 0.000000 0.000000 0.000000 0.000000 0.000000 0.000000 0.000000 0.000000 0.000000 0.000000 0.000000 0.000000 0.000000 0.000000 0.000000 0.000000 0.000000 0.000000 0.000000 0.000000 0.000000 0.000000 0.000000 0.000000 0.000000 0.000000 0.000000 0.000000 0.000000 0.000000 0.000000 0.000000 0.000000 0.000000 0.000000 0.000000 0.000000 0.000000 0.000000 0.000000 0.000000 0.000000 0.000000 0.000000 0.000000 0.000000 0.000000 0.000000 0.000000
0.000000 0.000000 0.000000 0.000000 0.000000 0.000000 0.000000 0.000000 0.000000 0.000000 0.000000 0.000000 0.000000 0.000000 0.000000 0.000000 0.000000 0.000000 0.000000 0.000000 0.000000 0.000000 0.000000 0.000000 0.000000 0.000000 0.000000 0.000000 0.000000 0.000000 0.000000 0.000000 0.000000 0.000000 0.000000 0.000000 0.000000 0.000000 0.000000 0.000000 0.000000 0.000000 0.000000 0.000000 0.000000 0.000000 0.000000 0.000000 0.000000 0.000000 0.000000 0.000000 0.000000 0.000000 0.000000 0.000000 0.000000 0.000000 0.000000 0.000000 0.000000 0.000000 0.000000 0.000000 0.000000 0.000000 0.000000 0.000000 0.000000 0.000000 0.000000 0.000000 0.000000 0.000000 0.000000 0.000000 0.000000 0.000000 0.000000 0.000000 0.000000 0.000000 0.000000 0.000000 0.000000 0.000000 0.000000 0.000000 0.000000 0.000000 0.000000 0.000000 0.000000 0.000000 0.000000 0.000000 0.000000 0.000000 0.000000 0.000000 0.000000 0.000000 0.409561 0.457050 0.483000 0.486365 0.440353 0.381844 0.340832 0.000000 0.000000 0.000000 0.000000 0.000000 0.000000 0.000000 0.000000 0.000000 0.000000 0.000000 0.000000 0.000000 0.000000 0.000000 0.000000 0.000000 0.000000 0.000000 0.000000 0.000000 0.000000 0.000000 0.000000 0.000000 0.000000 0.000000 0.000000 0.000000 0.000000 0.000000 0.000000 0.000000 0.000000 0.000000 0.000000 0.000000 0.000000 0.000000 0.000000 0.000000 0.000000 0.000000 0.000000 0.000000 0.000000 0.000000 0.000000 0.000000 0.000000 0.000000 0.000000 0.000000 0.000000 0.000000 0.000000 0.000000 0.000000 0.412020 0.398463 0.000000 0.000000 0.000000 0.000000 0.000000 0.000000 0.000000 0.000000 0.000000 0.000000 0.000000 0.000000 0.000000 0.000000 0.000000 0.000000 0.000000 0.000000 0.000000 0.000000 0.000000 0.000000 0.000000 0.000000 0.000000 0.000000 0.000000 0.000000 0.000000 0.000000 0.000000 0.000000 0.000000 0.000000 0.000000 0.000000 0.000000 0.000000 0.000000 0.000000 0.000000 0.000000 0.000000 0.000000 0.000000 0.000000 0.000000 0.000000 0.000000 0.000000 0.000000 0.000000 0.000000 0.000000 0.000000 0.000000 0.000000 0.000000 0.000000 0.000000 0.000000 0.000000 0.000000 0.000000 0.000000 0.000000 0.000000 0.000000 0.000000 0.000000 0.000000 0.000000 0.000000 0.000000 0.000000 0.000000 0.000000 0.000000 0.000000 0.000000 0.000000 0.000000 0.000000 0.000000 0.000000 0.000000 0.000000 0.000000 0.000000 0.000000 0.000000 0.000000 0.000000 0.000000 0.000000 0.000000 0.000000 0.000000 0.000000 0.000000 0.000000 0.000000 0.000000 0.000000 0.000000 0.000000 0.000000 0.000000 0.000000 0.000000 0.000000
0.000000 0.000000 0.000000 0.000000 0.000000 0.000000 0.000000 0.000000 0.000000 0.000000 0.000000 0.000000 0.000000 0.000000 0.000000 0.000000 0.000000 0.000000 0.000000 0.000000 0.000000 0.000000 0.000000 0.000000 0.000000 0.000000 0.000000 0.000000 0.000000 0.000000 0.000000 0.000000 0.000000 0.000000 0.000000 0.000000 0.000000 0.000000 0.000000 0.000000 0.000000 0.000000 0.000000 0.000000 0.000000 0.000000 0.000000 0.000000 0.000000 0.000000 0.000000 0.000000 0.000000 0.000000 0.000000 0.000000 0.000000 0.000000 0.000000 0.000000 0.000000 0.000000 0.000000 0.000000 0.000000 0.000000 0.000000 0.000000 0.000000 0.000000 0.000000 0.000000 0.000000 0.000000 0.000000 0.000000 0.000000 0.000000 0.000000 0.000000 0.000000 0.000000 0.000000 0.000000 0.000000 0.000000 0.000000 0.000000 0.000000 0.000000 0.000000 0.000000 0.000000 0.000000 0.000000 0.000000 0.000000 0.000000 0.571025 0.000000 0.000000 0.401323 0.505162 0.532601 0.530749 0.502463 0.438284 0.000000 0.000000 0.000000 0.000000 0.000000 0.000000 0.000000 0.000000 0.000000 0.000000 0.000000 0.000000 0.000000 0.000000 0.000000 0.000000 0.000000 0.000000 0.000000 0.000000 0.000000 0.000000 0.000000 0.000000 0.000000 0.000000 0.000000 0.000000 0.000000 0.000000 0.000000 0.000000 0.000000 0.000000 0.000000 0.000000 0.000000 0.000000 0.000000 0.000000 0.000000 0.000000 0.000000 0.000000 0.000000 0.000000 0.000000 0.000000 0.000000 0.000000 0.000000 0.000000 0.000000 0.000000 0.000000 0.000000 0.000000 0.000000 0.487285 0.571132 0.576242 0.523363 0.434576 0.000000 0.000000 0.000000 0.000000 0.000000 0.000000 0.000000 0.000000 0.000000 0.000000 0.000000 0.000000 0.000000 0.000000 0.000000 0.000000 0.000000 0.000000 0.000000 0.000000 0.000000 0.000000 0.000000 0.000000 0.000000 0.000000 0.000000 0.000000 0.000000 0.000000 0.000000 0.000000 0.000000 0.000000 0.000000 0.000000 0.000000 0.000000 0.000000 0.000000 0.000000 0.000000 0.000000 0.000000 0.000000 0.000000 0.000000 0.000000 0.000000 0.000000 0.000000 0.000000 0.000000 0.000000 0.000000 0.000000 0.000000 0.000000 0.000000 0.000000 0.000000 0.000000 0.000000 0.000000 0.000000 0.000000 0.000000 0.000000 0.000000 0.000000 0.000000 0.000000 0.000000 0.000000 0.000000 0.000000 0.000000 0.000000 0.000000 0.000000 0.000000 0.000000 0.000000 0.000000 0.000000 0.000000 0.000000 0.000000 0.000000 0.000000 0.000000 0.000000 0.000000 0.000000 0.000000 0.000000 0.000000 0.000000 0.000000 0.000000 0.000000 0.000000 0.000000 0.000000 0.000000 0.000000 0.000000 0.000000 0.000000 0.000000
0.000000 0.000000 0.000000 0.000000 0.000000 0.000000 0.000000 0.000000 0.000000 0.000000 0.000000 0.000000 0.000000 0.000000 0.000000 0.000000 0.000000 0.000000 0.000000 0.000000 0.000000 0.000000 0.000000 0.000000 0.000000 0.000000 0.000000 0.000000 0.000000 0.000000 0.000000 0.000000 0.000000 0.000000 0.000000 0.000000 0.000000 0.000000 0.000000 0.000000 0.000000 0.000000 0.000000 0.000000 0.000000 0.000000 0.000000 0.000000 0.000000 0.000000 0.000000 0.000000 0.000000 0.000000 0.000000 0.000000 0.000000 0.000000 0.000000 0.000000 0.000000 0.000000 0.000000 0.000000 0.000000 0.000000 0.000000 0.000000 0.000000 0.000000 0.000000 0.000000 0.000000 0.000000 0.000000 0.000000 0.000000 0.000000 0.000000 0.000000 0.000000 0.000000 0.000000 0.000000 0.000000 0.000000 0.000000 0.000000 0.000000 0.000000 0.000000 0.000000 0.000000 0.000000 0.000000 0.000000 0.000000 0.000000 0.000000 0.000000 0.383612 0.408633 0.407494 0.000000 0.000000 0.000000 0.000000 0.000000 0.000000 0.000000 0.000000 0.000000 0.000000 0.000000 0.000000 0.000000 0.000000 0.000000 0.000000 0.000000 0.000000 0.000000 0.000000 0.000000 0.000000 0.000000 0.000000 0.000000 0.000000 0.000000 0.000000 0.000000 0.000000 0.000000 0.000000 0.000000 0.000000 0.000000 0.000000 0.000000 0.000000 0.000000 0.000000 0.000000 0.000000 0.000000 0.000000 0.000000 0.000000 0.000000 0.000000 0.000000 0.000000 0.000000 0.000000 0.385091 0.399359 0.398318 0.000000 0.000000 0.000000 0.450470 0.468755 0.440756 0.496411 0.625965 0.687473 0.671202 0.586227 0.449590 0.000000 0.000000 0.000000 0.000000 0.000000 0.000000 0.000000 0.000000 0.000000 0.000000 0.000000 0.000000 0.000000 0.000000 0.000000 0.000000 0.000000 0.000000 0.000000 0.000000 0.000000 0.000000 0.000000 0.000000 0.000000 0.000000 0.000000 0.000000 0.000000 0.000000 0.000000 0.000000 0.000000 0.000000 0.000000 0.000000 0.000000 0.000000 0.000000 0.000000 0.000000 0.000000 0.000000 0.000000 0.000000 0.000000 0.000000 0.000000 0.000000 0.000000 0.000000 0.000000 0.000000 0.000000 0.000000 0.000000 0.000000 0.000000 0.000000 0.000000 0.000000 0.000000 0.000000 0.000000 0.000000 0.000000 0.000000 0.000000 0.000000 0.000000 0.000000 0.000000 0.000000 0.000000 0.000000 0.000000 0.000000 0.000000 0.000000 0.000000 0.000000 0.000000 0.000000 0.000000 0.000000 0.000000 0.000000 0.000000 0.000000 0.000000 0.000000 0.000000 0.000000 0.000000 0.000000 0.000000 0.000000 0.000000 0.000000 0.000000 0.000000 0.000000 0.000000 0.000000 0.000000 0.000000 0.000000 0.000000 0.000000 0.000000
0.000000 0.000000 0.000000 0.000000 0.000000 0.000000 0.000000 0.000000 0.000000 0.000000 0.000000 0.000000 0.000000 0.000000 0.000000 0.000000 0.000000 0.000000 0.000000 0.000000 0.000000 0.000000 0.000000 0.000000 0.000000 0.000000 0.000000 0.000000 0.000000 0.000000 0.000000 0.000000 0.000000 0.000000 0.000000 0.000000 0.000000 0.000000 0.000000 0.000000 0.000000 0.000000 0.000000 0.000000 0.000000 0.000000 0.000000 0.000000 0.000000 0.000000 0.000000 0.000000 0.000000 0.000000 0.000000 0.000000 0.000000 0.000000 0.000000 0.000000 0.000000 0.000000 0.000000 0.000000 0.000000 0.000000 0.000000 0.000000 0.000000 0.000000 0.000000 0.000000 0.000000 0.000000 0.000000 0.000000 0.000000 0.000000 0.000000 0.000000 0.000000 0.000000 0.000000 0.000000 0.000000 0.000000 0.000000 0.000000 0.000000 0.000000 0.000000 0.000000 0.000000 0.000000 0.000000 0.000000 0.000000 0.000000 0.000000 0.000000 0.000000 0.000000 0.000000 0.000000 0.000000 0.000000 0.000000 0.000000 0.000000 0.000000 0.000000 0.000000 0.000000 0.000000 0.000000 0.000000 0.000000 0.000000 0.000000 0.000000 0.000000 0.000000 0.000000 0.000000 0.000000 0.000000 0.000000 0.000000 0.000000 0.000000 0.000000 0.000000 0.000000 0.000000 0.000000 0.000000 0.000000 0.000000 0.000000 0.000000 0.000000 0.000000 0.000000 0.000000 0.000000 0.000000 0.000000 0.000000 0.000000 0.000000 0.000000 0.000000 0.425720 0.586627 0.622550 0.589806 0.516551 0.467716 0.392695 0.427728 0.492341 0.560291 0.546138 0.491574 0.541715 0.659152 0.689138 0.656343 0.560777 0.000000 0.000000 0.000000 0.000000 0.000000 0.000000 0.000000 0.000000 0.000000 0.000000 0.000000 0.000000 0.000000 0.000000 0.000000 0.000000 0.000000 0.000000 0.000000 0.000000 0.000000 0.000000 0.000000 0.000000 0.000000 0.000000 0.000000 0.000000 0.000000 0.000000 0.000000 0.000000 0.000000 0.000000 0.000000 0.000000 0.000000 0.000000 0.000000 0.000000 0.000000 0.000000 0.000000 0.000000 0.000000 0.000000 0.000000 0.000000 0.000000 0.000000 0.000000 0.000000 0.000000 0.000000 0.000000 0.000000 0.000000 0.000000 0.000000 0.000000 0.000000 0.000000 0.000000 0.000000 0.000000 0.000000 0.000000 0.000000 0.000000 0.000000 0.000000 0.000000 0.000000 0.000000 0.000000 0.000000 0.000000 0.000000 0.000000 0.000000 0.000000 0.000000 0.000000 0.000000 0.000000 0.000000 0.000000 0.000000 0.000000 0.000000 0.000000 0.000000 0.000000 0.000000 0.000000 0.000000 0.000000 0.000000 0.000000 0.000000 0.000000 0.000000 0.000000 0.000000 0.000000 0.000000 0.000000 0.000000 0.000000 0.000000 0.000000
0.000000 0.000000 0.000000 0.000000 0.000000 0.000000 0.000000 0.000000 0.000000 0.000000 0.000000 0.000000 0.000000 0.000000 0.000000 0.000000 0.000000 0.000000 0.000000 0.000000 0.000000 0.000000 0.000000 0.000000 0.000000 0.000000 0.000000 0.000000 0.000000 0.000000 0.000000 0.000000 0.000000 0.000000 0.000000 0.000000 0.000000 0.000000 0.000000 0.000000 0.000000 0.000000 0.000000 0.000000 0.000000 0.000000 0.000000 0.000000 0.000000 0.000000 0.000000 0.000000 0.000000 0.000000 0.000000 0.000000 0.000000 0.000000 0.000000 0.000000 0.000000 0.000000 0.000000 0.000000 0.000000 0.000000 0.000000 0.000000 0.000000 0.000000 0.000000 0.000000 0.000000 0.000000 0.000000 0.000000 0.000000 0.000000 0.000000 0.000000 0.000000 0.000000 0.000000 0.000000 0.000000 0.000000 0.000000 0.000000 0.000000 0.000000 0.000000 0.000000 0.000000 0.000000 0.000000 0.000000 0.000000 0.000000 0.000000 0.000000 0.000000 0.000000 0.000000 0.000000 0.000000 0.000000 0.000000 0.000000 0.000000 0.000000 0.000000 0.000000 0.000000 0.000000 0.000000 0.000000 0.000000 0.000000 0.000000 0.000000 0.000000 0.000000 0.000000 0.000000 0.000000 0.000000 0.000000 0.000000 0.000000 0.000000 0.000000 0.000000 0.000000 0.000000 0.000000 0.000000 0.000000 0.000000 0.000000 0.000000 0.000000 0.000000 0.000000 0.000000 0.000000 0.000000 0.000000 0.000000 0.000000 0.000000 0.000000 0.000000 0.569794 0.748030 0.784598 0.737289 0.615076 0.504634 0.000000 0.469132 0.530484 0.571336 0.554386 0.430817 0.000000 0.000000 0.432309 0.442828 0.000000 0.000000 0.000000 0.000000 0.000000 0.000000 0.000000 0.000000 0.000000 0.000000 0.000000 0.000000 0.000000 0.000000 0.000000 0.000000 0.000000 0.000000 0.000000 0.000000 0.000000 0.000000 0.000000 0.000000 0.000000 0.000000 0.000000 0.000000 0.000000 0.000000 0.000000 0.000000 0.000000 0.000000 0.000000 0.000000 0.000000 0.000000 0.000000 0.000000 0.000000 0.000000 0.000000 0.000000 0.000000 0.000000 0.000000 0.000000 0.000000 0.000000 0.000000 0.000000 0.000000 0.000000 0.000000 0.000000 0.000000 0.000000 0.000000 0.000000 0.000000 0.000000 0.000000 0.000000 0.000000 0.000000 0.000000 0.000000 0.000000 0.000000 0.000000 0.000000 0.000000 0.000000 0.000000 0.000000 0.000000 0.000000 0.000000 0.000000 0.000000 0.000000 0.000000 0.000000 0.000000 0.000000 0.000000 0.000000 0.000000 0.000000 0.000000 0.000000 0.000000 0.000000 0.000000 0.000000 0.000000 0.000000 0.000000 0.000000 0.000000 0.000000 0.000000 0.000000 0.000000 0.000000 0.000000 0.000000 0.000000 0.000000 0.000000 0.000000
0.000000 0.000000 0.000000 0.000000 0.000000 0.000000 0.000000 0.000000 0.000000 0.000000 0.000000 0.000000 0.000000 0.000000 0.000000 0.000000 0.000000 0.000000 0.000000 0.000000 0.000000 0.000000 0.000000 0.000000 0.000000 0.000000 0.000000 0.000000 0.000000 0.000000 0.000000 0.000000 0.000000 0.000000 0.000000 0.000000 0.000000 0.000000 0.000000 0.000000 0.000000 0.000000 0.000000 0.000000 0.000000 0.000000 0.000000 0.000000 0.000000 0.000000 0.000000 0.000000 0.000000 0.000000 0.000000 0.000000 0.000000 0.000000 0.000000 0.000000 0.000000 0.000000 0.000000 0.000000 0.000000 0.000000 0.000000 0.000000 0.000000 0.000000 0.000000 0.000000 0.000000 0.000000 0.000000 0.000000 0.000000 0.000000 0.000000 0.000000 0.000000 0.000000 0.000000 0.000000 0.000000 0.000000 0.000000 0.000000 0.000000 0.000000 0.000000 0.000000 0.000000 0.000000 0.000000 0.000000 0.000000 0.000000 0.000000 0.000000 0.000000 0.000000 0.000000 0.000000 0.000000 0.000000 0.000000 0.000000 0.000000 0.000000 0.000000 0.000000 0.000000 0.000000 0.000000 0.000000 0.000000 0.000000 0.000000 0.000000 0.000000 0.000000 0.000000 0.000000 0.000000 0.000000 0.000000 0.000000 0.000000 0.000000 0.000000 0.000000 0.000000 0.000000 0.000000 0.000000 0.000000 0.000000 0.000000 0.000000 0.000000 0.000000 0.000000 0.000000 0.000000 0.000000 0.000000 0.000000 0.000000 0.000000 0.000000 0.449198 0.619233 0.773554 0.825401 0.767254 0.643036 0.482240 0.000000 0.000000 0.000000 0.000000 0.000000 0.000000 0.000000 0.000000 0.000000 0.000000 0.000000 0.000000 0.000000 0.000000 0.000000 0.000000 0.000000 0.000000 0.000000 0.000000 0.000000 0.000000 0.000000 0.000000 0.000000 0.000000 0.000000 0.000000 0.000000 0.000000 0.000000 0.000000 0.000000 0.000000 0.000000 0.000000 0.000000 0.000000 0.000000 0.000000 0.000000 0.000000 0.000000 0.000000 0.000000 0.000000 0.000000 0.000000 0.000000 0.000000 0.000000 0.000000 0.000000 0.000000 0.000000 0.000000 0.000000 0.000000 0.000000 0.000000 0.000000 0.000000 0.000000 0.000000 0.000000 0.000000 0.000000 0.000000 0.000000 0.000000 0.000000 0.000000 0.000000 0.000000 0.000000 0.000000 0.000000 0.000000 0.000000 0.000000 0.000000 0.000000 0.000000 0.000000 0.000000 0.000000 0.000000 0.000000 0.000000 0.000000 0.000000 0.000000 0.000000 0.000000 0.000000 0.000000 0.000000 0.000000 0.000000 0.000000 0.000000 0.000000 0.000000 0.000000 0.000000 0.000000 0.000000 0.000000 0.000000 0.000000 0.000000 0.000000 0.000000 0.000000 0.000000 0.000000 0.000000 0.000000 0.000000 0.000000 0.000000 0.000000
0.000000 0.000000 0.000000 0.000000 0.000000 0.000000 0.000000 0.000000 0.000000 0.000000 0.000000 0.000000 0.000000 0.000000 0.000000 0.000000 0.000000 0.000000 0.000000 0.000000 0.000000 0.000000 0.000000 0.000000 0.000000 0.000000 0.000000 0.000000 0.000000 0.000000 0.000000 0.000000 0.000000 0.000000 0.000000 0.000000 0.000000 0.000000 0.000000 0.000000 0.000000 0.000000 0.000000 0.000000 0.000000 0.000000 0.000000 0.000000 0.000000 0.000000 0.000000 0.000000 0.000000 0.000000 0.000000 0.000000 0.000000 0.000000 0.000000 0.000000 0.000000 0.000000 0.000000 0.000000 0.000000 0.000000 0.000000 0.000000 0.000000 0.000000 0.000000 0.000000 0.000000 0.000000 0.000000 0.000000 0.000000 0.000000 0.000000 0.000000 0.000000 0.000000 0.000000 0.000000 0.000000 0.000000 0.000000 0.000000 0.000000 0.000000 0.000000 0.000000 0.000000 0.000000 0.000000 0.000000 0.000000 0.000000 0.000000 0.000000 0.000000 0.000000 0.000000 0.000000 0.000000 0.000000 0.000000 0.000000 0.000000 0.000000 0.000000 0.000000 0.000000 0.000000 0.000000 0.000000 0.000000 0.000000 0.000000 0.000000 0.000000 0.000000 0.000000 0.000000 0.000000 0.000000 0.000000 0.000000 0.000000 0.000000 0.000000 0.000000 0.000000 0.000000 0.000000 0.000000 0.000000 0.000000 0.000000 0.000000 0.000000 0.000000 0.000000 0.000000 0.000000 0.000000 0.000000 0.000000 0.000000 0.000000 0.000000 0.402991 0.738778 0.766818 0.760837 0.677306 0.490702 0.000000 0.000000 0.000000 0.000000 0.000000 0.000000 0.000000 0.000000 0.000000 0.000000 0.000000 0.000000 0.000000 0.000000 0.000000 0.000000 0.000000 0.000000 0.000000 0.000000 0.000000 0.000000 0.000000 0.000000 0.000000 0.000000 0.000000 0.000000 0.000000 0.000000 0.000000 0.000000 0.000000 0.000000 0.000000 0.000000 0.000000 0.000000 0.000000 0.000000 0.000000 0.000000 0.000000 0.000000 0.000000 0.000000 0.000000 0.000000 0.000000 0.000000 0.000000 0.000000 0.000000 0.000000 0.000000 0.000000 0.000000 0.000000 0.000000 0.000000 0.000000 0.000000 0.000000 0.000000 0.000000 0.000000 0.000000 0.000000 0.000000 0.000000 0.000000 0.000000 0.000000 0.000000 0.000000 0.000000 0.000000 0.000000 0.000000 0.000000 0.000000 0.000000 0.000000 0.000000 0.000000 0.000000 0.000000 0.000000 0.000000 0.000000 0.000000 0.000000 0.000000 0.000000 0.000000 0.000000 0.000000 0.000000 0.000000 0.000000 0.000000 0.000000 0.000000 0.000000 0.000000 0.000000 0.000000 0.000000 0.000000 0.000000 0.000000 0.000000 0.000000 0.000000 0.000000 0.000000 0.000000 0.000000 0.000000 0.000000 0.000000 0.000000 0.000000
0.000000 0.000000 0.000000 0.000000 0.000000 0.000000 0.000000 0.000000 0.000000 0.000000 0.000000 0.000000 0.000000 0.000000 0.000000 0.000000 0.000000 0.000000 0.000000 0.000000 0.000000 0.000000 0.000000 0.000000 0.000000 0.000000 0.000000 0.000000 0.000000 0.000000 0.000000 0.000000 0.000000 0.000000 0.000000 0.000000 0.000000 0.000000 0.000000 0.000000 0.000000 0.000000 0.000000 0.000000 0.000000 0.000000 0.000000 0.000000 0.000000 0.000000 0.000000 0.000000 0.000000 0.000000 0.000000 0.000000 0.000000 0.000000 0.000000 0.000000 0.000000 0.000000 0.000000 0.000000 0.000000 0.000000 0.000000 0.000000 0.000000 0.000000 0.000000 0.000000 0.000000 0.000000 0.000000 0.000000 0.000000 0.000000 0.000000 0.000000 0.000000 0.000000 0.000000 0.000000 0.000000 0.000000 0.000000 0.000000 0.000000 0.000000 0.000000 0.000000 0.000000 0.000000 0.000000 0.000000 0.000000 0.000000 0.000000 0.000000 0.000000 0.000000 0.000000 0.000000 0.000000 0.000000 0.000000 0.000000 0.000000 0.000000 0.000000 0.000000 0.000000 0.000000 0.000000 0.000000 0.000000 0.000000 0.000000 0.000000 0.000000 0.000000 0.000000 0.000000 0.000000 0.000000 0.000000 0.000000 0.000000 0.000000 0.000000 0.000000 0.000000 0.000000 0.000000 0.000000 0.000000 0.000000 0.000000 0.000000 0.000000 0.000000 0.000000 0.000000 0.000000 0.000000 0.452539 0.000000 0.000000 0.000000 0.000000 0.000000 0.586356 0.669125 0.648582 0.546996 0.410345 0.000000 0.000000 0.000000 0.000000 0.000000 0.000000 0.000000 0.000000 0.000000 0.000000 0.000000 0.000000 0.000000 0.000000 0.000000 0.000000 0.000000 0.000000 0.000000 0.000000 0.000000 0.000000 0.000000 0.000000 0.000000 0.000000 0.000000 0.000000 0.000000 0.000000 0.000000 0.000000 0.000000 0.000000 0.000000 0.000000 0.000000 0.000000 0.000000 0.000000 0.000000 0.000000 0.000000 0.000000 0.000000 0.000000 0.000000 0.000000 0.000000 0.000000 0.000000 0.000000 0.000000 0.000000 0.000000 0.000000 0.000000 0.000000 0.000000 0.000000 0.000000 0.000000 0.000000 0.000000 0.000000 0.000000 0.000000 0.000000 0.000000 0.000000 0.000000 0.000000 0.000000 0.000000 0.000000 0.000000 0.000000 0.000000 0.000000 0.000000 0.000000 0.000000 0.000000 0.000000 0.000000 0.000000 0.000000 0.000000 0.000000 0.000000 0.000000 0.000000 0.000000 0.000000 0.000000 0.000000 0.000000 0.000000 0.000000 0.000000 0.000000 0.000000 0.000000 0.000000 0.000000 0.000000 0.000000 0.000000 0.000000 0.000000 0.000000 0.000000 0.000000 0.000000 0.000000 0.000000 0.000000 0.000000 0.000000 0.000000 0.000000 0.000000 0.000000
0.000000 0.000000 0.000000 0.000000 0.000000 0.000000 0.000000 0.000000 0.000000 0.000000 0.000000 0.000000 0.000000 0.000000 0.000000 0.000000 0.000000 0.000000 0.000000 0.000000 0.000000 0.000000 0.000000 0.000000 0.000000 0.000000 0.000000 0.000000 0.000000 0.000000 0.000000 0.000000 0.000000 0.000000 0.000000 0.000000 0.000000 0.000000 0.000000 0.000000 0.000000 0.000000 0.000000 0.000000 0.000000 0.000000 0.000000 0.000000 0.000000 0.000000 0.000000 0.000000 0.000000 0.000000 0.000000 0.000000 0.000000 0.000000 0.000000 0.000000 0.000000 0.000000 0.000000 0.000000 0.000000 0.000000 0.000000 0.000000 0.000000 0.000000 0.000000 0.000000 0.000000 0.000000 0.000000 0.000000 0.000000 0.000000 0.000000 0.000000 0.000000 0.000000 0.000000 0.000000 0.000000 0.000000 0.000000 0.000000 0.000000 0.000000 0.000000 0.000000 0.000000 0.000000 0.000000 0.000000 0.000000 0.000000 0.000000 0.000000 0.000000 0.000000 0.000000 0.000000 0.000000 0.000000 0.000000 0.000000 0.000000 0.000000 0.000000 0.000000 0.000000 0.000000 0.000000 0.000000 0.000000 0.000000 0.000000 0.000000 0.000000 0.000000 0.000000 0.000000 0.000000 0.000000 0.000000 0.000000 0.000000 0.000000 0.000000 0.000000 0.000000 0.000000 0.000000 0.000000 0.000000 0.000000 0.000000 0.000000 0.000000 0.000000 0.000000 0.000000 0.000000 0.000000 0.000000 0.000000 0.000000 0.000000 0.000000 0.000000 0.623018 0.423632 0.430383 0.445035 0.415466 0.000000 0.000000 0.000000 0.000000 0.000000 0.000000 0.000000 0.000000 0.000000 0.000000 0.000000 0.000000 0.000000 0.000000 0.000000 0.000000 0.000000 0.000000 0.000000 0.000000 0.000000 0.000000 0.000000 0.000000 0.000000 0.000000 0.000000 0.000000 0.000000 0.000000 0.000000 0.000000 0.000000 0.000000 0.000000 0.000000 0.000000 0.000000 0.000000 0.000000 0.000000 0.000000 0.000000 0.000000 0.000000 0.000000 0.000000 0.000000 0.000000 0.000000 0.000000 0.000000 0.000000 0.000000 0.000000 0.000000 0.000000 0.000000 0.000000 0.000000 0.000000 0.000000 0.000000 0.000000 0.000000 0.000000 0.000000 0.000000 0.000000 0.000000 0.000000 0.000000 0.000000 0.000000 0.000000 0.000000 0.000000 0.000000 0.000000 0.000000 0.000000 0.000000 0.000000 0.000000 0.000000 0.000000 0.000000 0.000000 0.000000 0.000000 0.000000 0.000000 0.000000 0.000000 0.000000 0.000000 0.000000 0.000000 0.000000 0.000000 0.000000 0.000000 0.000000 0.000000 0.000000 0.000000 0.000000 0.000000 0.000000 0.000000 0.000000 0.000000 0.000000 0.000000 0.000000 0.000000 0.000000 0.000000 0.000000 0.000000 0.000000 0.000000 0.000000
0.000000 0.000000 0.000000 0.000000 0.000000 0.000000 0.000000 0.000000 0.000000 0.000000 0.000000 0.000000 0.000000 0.000000 0.000000 0.000000 0.000000 0.000000 0.000000 0.000000 0.000000 0.000000 0.000000 0.000000 0.000000 0.000000 0.000000 0.000000 0.000000 0.000000 0.000000 0.000000 0.000000 0.000000 0.000000 0.000000 0.000000 0.000000 0.000000 0.000000 0.000000 0.000000 0.000000 0.000000 0.000000 0.000000 0.000000 0.000000 0.000000 0.000000 0.000000 0.000000 0.000000 0.000000 0.000000 0.000000 0.000000 0.000000 0.000000 0.000000 0.000000 0.000000 0.000000 0.000000 0.000000 0.000000 0.000000 0.000000 0.000000 0.000000 0.000000 0.000000 0.000000 0.000000 0.000000 0.000000 0.000000 0.000000 0.000000 0.000000 0.000000 0.000000 0.000000 0.000000 0.000000 0.000000 0.000000 0.000000 0.000000 0.000000 0.000000 0.000000 0.000000 0.000000 0.000000 0.000000 0.000000 0.000000 0.000000 0.000000 0.000000 0.000000 0.000000 0.000000 0.000000 0.000000 0.000000 0.000000 0.000000 0.000000 0.000000 0.000000 0.000000 0.000000 0.000000 0.000000 0.000000 0.000000 0.000000 0.000000 0.000000 0.000000 0.000000 0.000000 0.000000 0.000000 0.000000 0.000000 0.000000 0.000000 0.000000 0.000000 0.000000 0.000000 0.000000 0.000000 0.000000 0.000000 0.000000 0.000000 0.000000 0.000000 0.000000 0.000000 0.000000 0.000000 0.000000 0.000000 0.000000 0.000000 0.000000 0.000000 0.000000 0.447248 0.503131 0.458200 0.406061 0.000000 0.000000 0.000000 0.000000 0.000000 0.000000 0.000000 0.000000 0.000000 0.000000 0.000000 0.000000 0.000000 0.000000 0.000000 0.000000 0.000000 0.000000 0.000000 0.000000 0.000000 0.000000 0.000000 0.000000 0.000000 0.000000 0.000000 0.000000 0.000000 0.000000 0.000000 0.000000 0.000000 0.000000 0.000000 0.000000 0.000000 0.000000 0.000000 0.000000 0.000000 0.000000 0.000000 0.000000 0.000000 0.000000 0.000000 0.000000 0.000000 0.000000 0.000000 0.000000 0.000000 0.000000 0.000000 0.000000 0.000000 0.000000 0.000000 0.000000 0.000000 0.000000 0.000000 0.000000 0.000000 0.000000 0.000000 0.000000 0.000000 0.000000 0.000000 0.000000 0.000000 0.000000 0.000000 0.000000 0.000000 0.000000 0.000000 0.000000 0.000000 0.000000 0.000000 0.000000 0.000000 0.000000 0.000000 0.000000 0.000000 0.000000 0.000000 0.000000 0.000000 0.000000 0.000000 0.000000 0.000000 0.000000 0.000000 0.000000 0.000000 0.000000 0.000000 0.000000 0.000000 0.000000 0.000000 0.000000 0.000000 0.000000 0.000000 0.000000 0.000000 0.000000 0.000000 0.000000 0.000000 0.000000 0.000000 0.000000 0.000000 0.000000 0.000000
0.000000 0.000000 0.000000 0.000000 0.000000 0.000000 0.000000 0.000000 0.000000 0.000000 0.000000 0.000000 0.000000 0.000000 0.000000 0.000000 0.000000 0.000000 0.000000 0.000000 0.000000 0.000000 0.000000 0.000000 0.000000 0.000000 0.000000 0.000000 0.000000 0.000000 0.000000 0.000000 0.000000 0.000000 0.000000 0.000000 0.000000 0.000000 0.000000 0.000000 0.000000 0.000000 0.000000 0.000000 0.000000 0.000000 0.000000 0.000000 0.000000 0.000000 0.000000 0.000000 0.000000 0.000000 0.000000 0.000000 0.000000 0.000000 0.000000 0.000000 0.000000 0.000000 0.000000 0.000000 0.000000 0.000000 0.000000 0.000000 0.000000 0.000000 0.000000 0.000000 0.000000 0.000000 0.000000 0.000000 0.000000 0.000000 0.000000 0.000000 0.000000 0.000000 0.000000 0.000000 0.000000 0.000000 0.000000 0.000000 0.000000 0.000000 0.000000 0.000000 0.000000 0.000000 0.000000 0.000000 0.000000 0.000000 0.000000 0.000000 0.000000 0.000000 0.000000 0.000000 0.000000 0.000000 0.000000 0.000000 0.000000 0.000000 0.000000 0.000000 0.000000 0.000000 0.000000 0.000000 0.000000 0.000000 0.000000 0.000000 0.000000 0.000000 0.000000 0.000000 0.000000 0.000000 0.000000 0.000000 0.000000 0.000000 0.000000 0.000000 0.000000 0.000000 0.000000 0.000000 0.000000 0.000000 0.000000 0.000000 0.000000 0.000000 0.000000 0.000000 0.000000 0.000000 0.000000 0.000000 0.000000 0.000000 0.000000 0.000000 0.000000 0.403678 0.428375 0.000000 0.000000 0.000000 0.000000 0.000000 0.000000 0.000000 0.000000 0.000000 0.000000 0.000000 0.000000 0.000000 0.000000 0.000000 0.000000 0.000000 0.000000 0.000000 0.000000 0.000000 0.000000 0.000000 0.000000 0.000000 0.000000 0.000000 0.000000 0.000000 0.000000 0.000000 0.000000 0.000000 0.000000 0.000000 0.000000 0.000000 0.000000 0.000000 0.000000 0.000000 0.000000 0.000000 0.000000 0.000000 0.000000 0.000000 0.000000 0.000000 0.000000 0.000000 0.000000 0.000000 0.000000 0.000000 0.000000 0.000000 0.000000 0.000000 0.000000 0.000000 0.000000 0.000000 0.000000 0.000000 0.000000 0.000000 0.000000 0.000000 0.000000 0.000000 0.000000 0.000000 0.000000 0.000000 0.000000 0.000000 0.000000 0.000000 0.000000 0.000000 0.000000 0.000000 0.000000 0.000000 0.000000 0.000000 0.000000 0.000000 0.000000 0.000000 0.000000 0.000000 0.000000 0.000000 0.000000 0.000000 0.000000 0.000000 0.000000 0.000000 0.000000 0.000000 0.000000 0.000000 0.000000 0.000000 0.000000 0.000000 0.000000 0.000000 0.000000 0.000000 0.000000 0.000000 0.000000 0.000000 0.000000 0.000000 0.000000 0.000000 0.000000 0.000000 0.000000 0.000000
0.000000 0.000000 0.000000 0.000000 0.000000 0.000000 0.000000 0.000000 0.000000 0.000000 0.000000 0.000000 0.000000 0.000000 0.000000 0.000000 0.000000 0.000000 0.000000 0.000000 0.000000 0.000000 0.000000 0.000000 0.000000 0.000000 0.000000 0.000000 0.000000 0.000000 0.000000 0.000000 0.000000 0.000000 0.000000 0.000000 0.000000 0.000000 0.000000 0.000000 0.000000 0.000000 0.000000 0.000000 0.000000 0.000000 0.000000 0.000000 0.000000 0.000000 0.000000 0.000000 0.000000 0.000000 0.000000 0.000000 0.000000 0.000000 0.000000 0.000000 0.000000 0.000000 0.000000 0.000000 0.000000 0.000000 0.000000 0.000000 0.000000 0.000000 0.000000 0.000000 0.000000 0.000000 0.000000 0.000000 0.000000 0.000000 0.000000 0.000000 0.000000 0.000000 0.000000 0.000000 0.000000 0.000000 0.000000 0.000000 0.000000 0.000000 0.000000 0.000000 0.000000 0.000000 0.000000 0.000000 0.000000 0.000000 0.000000 0.000000 0.000000 0.000000 0.000000 0.000000 0.000000 0.000000 0.000000 0.000000 0.000000 0.000000 0.000000 0.000000 0.000000 0.000000 0.000000 0.000000 0.000000 0.000000 0.000000 0.000000 0.000000 0.000000 0.000000 0.000000 0.000000 0.000000 0.000000 0.000000 0.000000 0.000000 0.000000 0.000000 0.000000 0.000000 0.000000 0.000000 0.000000 0.000000 0.000000 0.000000 0.000000 0.407736 0.404563 0.000000 0.000000 0.000000 0.000000 0.000000 0.000000 0.000000 0.000000 0.000000 0.000000 0.000000 0.000000 0.000000 0.000000 0.000000 0.000000 0.000000 0.000000 0.000000 0.000000 0.000000 0.000000 0.000000 0.000000 0.000000 0.000000 0.000000 0.000000 0.000000 0.000000 0.000000 0.000000 0.000000 0.000000 0.000000 0.000000 0.000000 0.000000 0.000000 0.000000 0.000000 0.000000 0.000000 0.000000 0.000000 0.000000 0.000000 0.000000 0.000000 0.000000 0.000000 0.000000 0.000000 0.000000 0.000000 0.000000 0.000000 0.000000 0.000000 0.000000 0.000000 0.000000 0.000000 0.000000 0.000000 0.000000 0.000000 0.000000 0.000000 0.000000 0.000000 0.000000 0.000000 0.000000 0.000000 0.000000 0.000000 0.000000 0.000000 0.000000 0.000000 0.000000 0.000000 0.000000 0.000000 0.000000 0.000000 0.000000 0.000000 0.000000 0.000000 0.000000 0.000000 0.000000 0.000000 0.000000 0.000000 0.000000 0.000000 0.000000 0.000000 0.000000 0.000000 0.000000 0.000000 0.000000 0.000000 0.000000 0.000000 0.000000 0.000000 0.000000 0.000000 0.000000 0.000000 0.000000 0.000000 0.000000 0.000000 0.000000 0.000000 0.000000 0.000000 0.000000 0.000000 0.000000 0.000000 0.000000 0.000000 0.000000 0.000000 0.000000 0.000000 0.000000 0.000000 0.000000 0.000000
0.000000 0.000000 0.000000 0.000000 0.000000 0.000000 0.000000 0.000000 0.000000 0.000000 0.000000 0.000000 0.000000 0.000000 0.000000 0.000000 0.000000 0.000000 0.000000 0.000000 0.000000 0.000000 0.000000 0.000000 0.000000 0.000000 0.000000 0.000000 0.000000 0.000000 0.000000 0.000000 0.000000 0.000000 0.000000 0.000000 0.000000 0.000000 0.000000 0.000000 0.000000 0.000000 0.000000 0.000000 0.000000 0.000000 0.000000 0.000000 0.000000 0.000000 0.000000 0.000000 0.000000 0.000000 0.000000 0.000000 0.000000 0.000000 0.000000 0.000000 0.000000 0.000000 0.000000 0.000000 0.000000 0.000000 0.000000 0.000000 0.000000 0.000000 0.000000 0.000000 0.000000 0.000000 0.000000 0.000000 0.000000 0.000000 0.000000 0.000000 0.000000 0.000000 0.000000 0.000000 0.000000 0.000000 0.000000 0.000000 0.000000 0.000000 0.000000 0.000000 0.000000 0.000000 0.000000 0.000000 0.000000 0.000000 0.000000 0.000000 0.000000 0.000000 0.000000 0.000000 0.000000 0.000000 0.000000 0.000000 0.000000 0.000000 0.000000 0.000000 0.000000 0.000000 0.000000 0.000000 0.000000 0.000000 0.000000 0.000000 0.000000 0.000000 0.000000 0.000000 0.000000 0.000000 0.000000 0.000000 0.000000 0.000000 0.000000 0.000000 0.000000 0.000000 0.000000 0.000000 0.000000 0.000000 0.000000 0.000000 0.418207 0.423676 0.000000 0.000000 0.000000 0.000000 0.000000 0.000000 0.000000 0.000000 0.000000 0.000000 0.000000 0.000000 0.000000 0.000000 0.000000 0.000000 0.000000 0.000000 0.000000 0.000000 0.000000 0.000000 0.000000 0.000000 0.000000 0.000000 0.000000 0.000000 0.000000 0.000000 0.000000 0.000000 0.000000 0.000000 0.000000 0.000000 0.000000 0.000000 0.000000 0.000000 0.000000 0.000000 0.000000 0.000000 0.000000 0.000000 0.000000 0.000000 0.000000 0.000000 0.000000 0.000000 0.000000 0.000000 0.000000 0.000000 0.000000 0.000000 0.000000 0.000000 0.000000 0.000000 0.000000 0.000000 0.000000 0.000000 0.000000 0.000000 0.000000 0.000000 0.000000 0.000000 0.000000 0.000000 0.000000 0.000000 0.000000 0.000000 0.000000 0.000000 0.000000 0.000000 0.000000 0.000000 0.000000 0.000000 0.000000 0.000000 0.000000 0.000000 0.000000 0.000000 0.000000 0.000000 0.000000 0.000000 0.000000 0.000000 0.000000 0.000000 0.000000 0.000000 0.000000 0.000000 0.000000 0.000000 0.000000 0.000000 0.000000 0.000000 0.000000 0.000000 0.000000 0.000000 0.000000 0.000000 0.000000 0.000000 0.000000 0.000000 0.000000 0.000000 0.000000 0.000000 0.000000 0.000000 0.000000 0.000000 0.000000 0.000000 0.000000 0.000000 0.000000 0.000000 0.000000 0.000000 0.000000 0.000000
0.000000 0.000000 0.000000 0.000000 0.000000 0.000000 0.000000 0.000000 0.000000 0.000000 0.000000 0.000000 0.000000 0.000000 0.000000 0.000000 0.000000 0.000000 0.000000 0.000000 0.000000 0.000000 0.000000 0.000000 0.000000 0.000000 0.000000 0.000000 0.000000 0.000000 0.000000 0.000000 0.000000 0.000000 0.000000 0.000000 0.000000 0.000000 0.000000 0.000000 0.000000 0.000000 0.000000 0.000000 0.000000 0.000000 0.000000 0.000000 0.000000 0.000000 0.000000 0.000000 0.000000 0.000000 0.000000 0.000000 0.000000 0.000000 0.000000 0.000000 0.000000 0.000000 0.000000 0.000000 0.000000 0.000000 0.000000 0.000000 0.000000 0.000000 0.000000 0.000000 0.000000 0.000000 0.000000 0.000000 0.000000 0.000000 0.000000 0.000000 0.000000 0.000000 0.000000 0.000000 0.000000 0.000000 0.000000 0.000000 0.000000 0.000000 0.000000 0.000000 0.000000 0.000000 0.000000 0.000000 0.000000 0.000000 0.000000 0.000000 0.000000 0.000000 0.000000 0.000000 0.000000 0.000000 0.000000 0.000000 0.000000 0.000000 0.000000 0.000000 0.000000 0.000000 0.000000 0.000000 0.000000 0.000000 0.000000 0.000000 0.000000 0.000000 0.000000 0.000000 0.000000 0.000000 0.000000 0.000000 0.000000 0.000000 0.000000 0.000000 0.000000 0.000000 0.000000 0.000000 0.000000 0.000000 0.000000 0.000000 0.000000 0.000000 0.530016 0.537793 0.000000 0.000000 0.000000 0.000000 0.000000 0.000000 0.000000 0.000000 0.000000 0.000000 0.000000 0.000000 0.000000 0.000000 0.000000 0.000000 0.000000 0.000000 0.000000 0.000000 0.000000 0.000000 0.000000 0.000000 0.000000 0.000000 0.000000 0.000000 0.000000 0.000000 0.000000 0.000000 0.000000 0.000000 0.000000 0.000000 0.000000 0.000000 0.000000 0.000000 0.000000 0.000000 0.000000 0.000000 0.000000 0.000000 0.000000 0.000000 0.000000 0.000000 0.000000 0.000000 0.000000 0.000000 0.000000 0.000000 0.000000 0.000000 0.000000 0.000000 0.000000 0.000000 0.000000 0.000000 0.000000 0.000000 0.000000 0.000000 0.000000 0.000000 0.000000 0.000000 0.000000 0.000000 0.000000 0.000000 0.000000 0.000000 0.000000 0.000000 0.000000 0.000000 0.000000 0.000000 0.000000 0.000000 0.000000 0.000000 0.000000 0.000000 0.000000 0.000000 0.000000 0.000000 0.000000 0.000000 0.000000 0.000000 0.000000 0.000000 0.000000 0.000000 0.000000 0.000000 0.000000 0.000000 0.000000 0.000000 0.000000 0.000000 0.000000 0.000000 0.000000 0.000000 0.000000 0.000000 0.000000 0.000000 0.000000 0.000000 0.000000 0.000000 0.000000 0.000000 0.000000 0.000000 0.000000 0.000000 0.000000 0.000000 0.000000 0.000000 0.000000 0.000000 0.000000 0.000000
0.000000 0.000000 0.000000 0.000000 0.000000 0.000000 0.000000 0.000000 0.000000 0.000000 0.000000 0.000000 0.000000 0.000000 0.000000 0.000000 0.000000 0.000000 0.000000 0.000000 0.000000 0.000000 0.000000 0.000000 0.000000 0.000000 0.000000 0.000000 0.000000 0.000000 0.000000 0.000000 0.000000 0.000000 0.000000 0.000000 0.000000 0.000000 0.000000 0.000000 0.000000 0.000000 0.000000 0.000000 0.000000 0.000000 0.000000 0.000000 0.000000 0.000000 0.000000 0.000000 0.000000 0.000000 0.000000 0.000000 0.000000 0.000000 0.000000 0.000000 0.000000 0.000000 0.000000 0.000000 0.000000 0.000000 0.000000 0.000000 0.000000 0.000000 0.000000 0.000000 0.000000 0.000000 0.000000 0.000000 0.000000 0.000000 0.000000 0.000000 0.000000 0.000000 0.000000 0.000000 0.000000 0.000000 0.000000 0.000000 0.000000 0.000000 0.000000 0.000000 0.000000 0.000000 0.000000 0.000000 0.000000 0.000000 0.000000 0.000000 0.000000 0.000000 0.000000 0.000000 0.000000 0.000000 0.000000 0.000000 0.000000 0.000000 0.000000 0.000000 0.000000 0.000000 0.000000 0.000000 0.000000 0.000000 0.000000 0.000000 0.000000 0.000000 0.000000 0.000000 0.000000 0.000000 0.000000 0.000000 0.000000 0.000000 0.000000 0.000000 0.000000 0.000000 0.000000 0.000000 0.000000 0.000000 0.000000 0.000000 0.000000 0.000000 0.000000 0.000000 0.000000 0.000000 0.000000 0.000000 0.000000 0.000000 0.000000 0.000000 0.000000 0.000000 0.000000 0.000000 0.000000 0.000000 0.000000 0.000000 0.000000 0.000000 0.000000 0.000000 0.000000 0.000000 0.000000 0.000000 0.000000 0.000000 0.000000 0.000000 0.000000 0.000000 0.000000 0.000000 0.000000 0.000000 0.000000 0.000000 0.000000 0.000000 0.000000 0.000000 0.000000 0.000000 0.000000 0.000000 0.000000 0.000000 0.000000 0.000000 0.000000 0.000000 0.000000 0.000000 0.000000 0.000000 0.000000 0.000000 0.000000 0.000000 0.000000 0.000000 0.000000 0.000000 0.000000 0.000000 0.000000 0.000000 0.000000 0.000000 0.000000 0.000000 0.000000 0.000000 0.000000 0.000000 0.000000 0.000000 0.000000 0.000000 0.000000 0.000000 0.000000 0.000000 0.000000 0.000000 0.000000 0.000000 0.000000 0.000000 0.000000 0.000000 0.000000 0.000000 0.000000 0.000000 0.000000 0.000000 0.000000 0.000000 0.000000 0.000000 0.000000 0.000000 0.000000 0.000000 0.000000 0.000000 0.000000 0.000000 0.000000 0.000000 0.000000 0.000000 0.000000 0.000000 0.000000 0.000000 0.000000 0.000000 0.000000 0.000000 0.000000 0.000000 0.000000 0.000000 0.000000 0.000000 0.000000 0.000000 0.000000 0.000000 0.000000 0.000000 0.000000 0.000000 0.000000 0.000000
0.000000 0.000000 0.000000 0.000000 0.000000 0.000000 0.000000 0.000000 0.000000 0.000000 0.000000 0.000000 0.000000 0.000000 0.000000 0.000000 0.000000 0.000000 0.000000 0.000000 0.000000 0.000000 0.000000 0.000000 0.000000 0.000000 0.000000 0.000000 0.000000 0.000000 0.000000 0.000000 0.000000 0.000000 0.000000 0.000000 0.000000 0.000000 0.000000 0.000000 0.000000 0.000000 0.000000 0.000000 0.000000 0.000000 0.000000 0.000000 0.000000 0.000000 0.000000 0.000000 0.000000 0.000000 0.000000 0.000000 0.000000 0.000000 0.000000 0.000000 0.000000 0.000000 0.000000 0.000000 0.000000 0.000000 0.000000 0.000000 0.000000 0.000000 0.000000 0.000000 0.000000 0.000000 0.000000 0.000000 0.000000 0.000000 0.000000 0.000000 0.000000 0.000000 0.000000 0.000000 0.000000 0.000000 0.000000 0.000000 0.000000 0.000000 0.000000 0.000000 0.000000 0.000000 0.000000 0.000000 0.000000 0.000000 0.000000 0.000000 0.000000 0.000000 0.000000 0.000000 0.000000 0.000000 0.000000 0.000000 0.000000 0.000000 0.000000 0.000000 0.000000 0.000000 0.000000 0.000000 0.000000 0.000000 0.000000 0.000000 0.000000 0.000000 0.000000 0.000000 0.000000 0.000000 0.000000 0.000000 0.000000 0.000000 0.000000 0.000000 0.000000 0.000000 0.000000 0.000000 0.000000 0.000000 0.000000 0.000000 0.000000 0.000000 0.000000 0.000000 0.000000 0.000000 0.000000 0.000000 0.000000 0.000000 0.000000 0.000000 0.000000 0.000000 0.000000 0.000000 0.000000 0.000000 0.000000 0.000000 0.393623 0.417218 0.000000 0.000000 0.000000 0.000000 0.000000 0.000000 0.000000 0.000000 0.000000 0.000000 0.000000 0.000000 0.000000 0.000000 0.000000 0.000000 0.000000 0.000000 0.000000 0.000000 0.000000 0.000000 0.000000 0.000000 0.000000 0.000000 0.000000 0.000000 0.000000 0.000000 0.000000 0.000000 0.000000 0.000000 0.000000 0.000000 0.000000 0.000000 0.000000 0.000000 0.000000 0.000000 0.000000 0.000000 0.000000 0.000000 0.000000 0.000000 0.000000 0.000000 0.000000 0.000000 0.000000 0.000000 0.000000 0.000000 0.000000 0.000000 0.000000 0.000000 0.000000 0.000000 0.000000 0.000000 0.000000 0.000000 0.000000 0.000000 0.000000 0.000000 0.000000 0.000000 0.000000 0.000000 0.000000 0.000000 0.000000 0.000000 0.000000 0.000000 0.000000 0.000000 0.000000 0.000000 0.000000 0.000000 0.000000 0.000000 0.000000 0.000000 0.000000 0.000000 0.000000 0.000000 0.000000 0.000000 0.000000 0.000000 0.000000 0.000000 0.000000 0.000000 0.000000 0.000000 0.000000 0.000000 0.000000 0.000000 0.000000 0.000000 0.000000 0.000000 0.000000 0.000000 0.000000 0.000000 0.000000 0.000000
0.000000 0.000000 0.000000 0.000000 0.000000 0.000000 0.000000 0.000000 0.000000 0.000000 0.000000 0.000000 0.000000 0.000000 0.000000 0.000000 0.000000 0.000000 0.000000 0.000000 0.000000 0.000000 0.000000 0.000000 0.000000 0.000000 0.000000 0.000000 0.000000 0.000000 0.000000 0.000000 0.000000 0.000000 0.000000 0.000000 0.000000 0.000000 0.000000 0.000000 0.000000 0.000000 0.000000 0.000000 0.000000 0.000000 0.000000 0.000000 0.000000 0.000000 0.000000 0.000000 0.000000 0.000000 0.000000 0.000000 0.000000 0.000000 0.000000 0.000000 0.000000 0.000000 0.000000 0.000000 0.000000 0.000000 0.000000 0.000000 0.000000 0.000000 0.000000 0.000000 0.000000 0.000000 0.000000 0.000000 0.000000 0.000000 0.000000 0.000000 0.000000 0.000000 0.000000 0.000000 0.000000 0.000000 0.000000 0.000000 0.000000 0.000000 0.000000 0.000000 0.000000 0.000000 0.000000 0.000000 0.000000 0.000000 0.000000 0.000000 0.000000 0.000000 0.000000 0.000000 0.000000 0.000000 0.000000 0.000000 0.000000 0.000000 0.000000 0.000000 0.000000 0.000000 0.000000 0.000000 0.000000 0.000000 0.000000 0.000000 0.000000 0.000000 0.000000 0.000000 0.000000 0.000000 0.000000 0.000000 0.000000 0.000000 0.000000 0.000000 0.000000 0.000000 0.000000 0.000000 0.000000 0.000000 0.000000 0.000000 0.000000 0.000000 0.000000 0.000000 0.000000 0.000000 0.000000 0.000000 0.000000 0.000000 0.000000 0.393194 0.416617 0.000000 0.000000 0.000000 0.000000 0.000000 0.000000 0.000000 0.548408 0.538586 0.432726 0.000000 0.000000 0.000000 0.000000 0.000000 0.000000 0.000000 0.000000 0.000000 0.000000 0.000000 0.000000 0.000000 0.000000 0.000000 0.000000 0.000000 0.000000 0.000000 0.000000 0.000000 0.000000 0.000000 0.000000 0.000000 0.000000 0.000000 0.000000 0.000000 0.000000 0.000000 0.000000 0.000000 0.000000 0.000000 0.000000 0.000000 0.000000 0.000000 0.000000 0.000000 0.000000 0.000000 0.000000 0.000000 0.000000 0.000000 0.000000 0.000000 0.000000 0.000000 0.000000 0.000000 0.000000 0.000000 0.000000 0.000000 0.000000 0.000000 0.000000 0.000000 0.000000 0.000000 0.000000 0.000000 0.000000 0.000000 0.000000 0.000000 0.000000 0.000000 0.000000 0.000000 0.000000 0.000000 0.000000 0.000000 0.000000 0.000000 0.000000 0.000000 0.000000 0.000000 0.000000 0.000000 0.000000 0.000000 0.000000 0.000000 0.000000 0.000000 0.000000 0.000000 0.000000 0.000000 0.000000 0.000000 0.000000 0.000000 0.000000 0.000000 0.000000 0.000000 0.000000 0.000000 0.000000 0.000000 0.000000 0.000000 0.000000 0.000000 0.000000 0.000000 0.000000 0.000000 0.000000 0.000000
0.000000 0.000000 0.000000 0.000000 0.000000 0.000000 0.000000 0.000000 0.000000 0.000000 0.000000 0.000000 0.000000 0.000000 0.000000 0.000000 0.000000 0.000000 0.000000 0.000000 0.000000 0.000000 0.000000 0.000000 0.000000 0.000000 0.000000 0.000000 0.000000 0.000000 0.000000 0.000000 0.000000 0.000000 0.000000 0.000000 0.000000 0.000000 0.000000 0.000000 0.000000 0.000000 0.000000 0.000000 0.000000 0.000000 0.000000 0.000000 0.000000 0.000000 0.000000 0.000000 0.000000 0.000000 0.000000 0.000000 0.000000 0.000000 0.000000 0.000000 0.000000 0.000000 0.000000 0.000000 0.000000 0.000000 0.000000 0.000000 0.000000 0.000000 0.000000 0.000000 0.000000 0.000000 0.000000 0.000000 0.000000 0.000000 0.000000 0.000000 0.000000 0.000000 0.000000 0.000000 0.000000 0.000000 0.000000 0.000000 0.000000 0.000000 0.000000 0.000000 0.000000 0.000000 0.000000 0.000000 0.000000 0.000000 0.000000 0.000000 0.000000 0.000000 0.000000 0.000000 0.000000 0.000000 0.000000 0.000000 0.000000 0.000000 0.000000 0.000000 0.000000 0.000000 0.000000 0.000000 0.000000 0.000000 0.000000 0.000000 0.000000 0.000000 0.000000 0.000000 0.000000 0.000000 0.000000 0.000000 0.000000 0.000000 0.000000 0.000000 0.000000 0.000000 0.000000 0.000000 0.000000 0.000000 0.000000 0.000000 0.000000 0.000000 0.000000 0.000000 0.000000 0.000000 0.000000 0.000000 0.000000 0.924599 0.000000 0.431874 0.447803 0.000000 0.000000 0.000000 0.000000 0.000000 0.000000 0.000000 0.611349 0.577220 0.435147 0.000000 0.000000 0.000000 0.000000 0.000000 0.000000 0.000000 0.000000 0.000000 0.000000 0.000000 0.000000 0.000000 0.000000 0.000000 0.000000 0.000000 0.000000 0.000000 0.000000 0.000000 0.000000 0.000000 0.000000 0.000000 0.000000 0.000000 0.000000 0.000000 0.000000 0.000000 0.000000 0.000000 0.000000 0.000000 0.000000 0.000000 0.000000 0.000000 0.000000 0.000000 0.000000 0.000000 0.000000 0.000000 0.000000 0.000000 0.000000 0.000000 0.000000 0.000000 0.000000 0.000000 0.000000 0.000000 0.000000 0.000000 0.000000 0.000000 0.000000 0.000000 0.000000 0.000000 0.000000 0.000000 0.000000 0.000000 0.000000 0.000000 0.000000 0.000000 0.000000 0.000000 0.000000 0.000000 0.000000 0.000000 0.000000 0.000000 0.000000 0.000000 0.000000 0.000000 0.000000 0.000000 0.000000 0.000000 0.000000 0.000000 0.000000 0.000000 0.000000 0.000000 0.000000 0.000000 0.000000 0.000000 0.000000 0.000000 0.000000 0.000000 0.000000 0.000000 0.000000 0.000000 0.000000 0.000000 0.000000 0.000000 0.000000 0.000000 0.000000 0.000000 0.000000 0.000000 0.000000 0.000000
0.000000 0.000000 0.000000 0.000000 0.000000 0.000000 0.000000 0.000000 0.000000 0.000000 0.000000 0.000000 0.000000 0.000000 0.000000 0.000000 0.000000 0.000000 0.000000 0.000000 0.000000 0.000000 0.000000 0.000000 0.000000 0.000000 0.000000 0.000000 0.000000 0.000000 0.000000 0.000000 0.000000 0.000000 0.000000 0.000000 0.000000 0.000000 0.000000 0.000000 0.000000 0.000000 0.000000 0.000000 0.000000 0.000000 0.000000 0.000000 0.000000 0.000000 0.000000 0.000000 0.000000 0.000000 0.000000 0.000000 0.000000 0.000000 0.000000 0.000000 0.000000 0.000000 0.000000 0.000000 0.000000 0.000000 0.000000 0.000000 0.000000 0.000000 0.000000 0.000000 0.000000 0.000000 0.000000 0.000000 0.000000 0.000000 0.000000 0.000000 0.000000 0.000000 0.000000 0.000000 0.000000 0.000000 0.000000 0.000000 0.000000 0.000000 0.000000 0.000000 0.000000 0.000000 0.000000 0.000000 0.000000 0.000000 0.000000 0.000000 0.000000 0.000000 0.000000 0.000000 0.000000 0.000000 0.000000 0.000000 0.000000 0.000000 0.000000 0.000000 0.000000 0.000000 0.000000 0.000000 0.000000 0.000000 0.000000 0.000000 0.000000 0.000000 0.000000 0.000000 0.000000 0.000000 0.000000 0.000000 0.000000 0.000000 0.000000 0.000000 0.000000 0.000000 0.000000 0.000000 0.000000 0.000000 0.000000 0.000000 0.000000 0.000000 0.000000 0.000000 0.000000 0.000000 0.000000 0.000000 0.000000 0.000000 0.000000 0.000000 0.000000 0.000000 0.000000 0.000000 0.000000 0.000000 0.000000 0.437997 0.617141 0.550981 0.000000 0.000000 0.000000 0.000000 0.000000 0.000000 0.000000 0.000000 0.000000 0.000000 0.000000 0.000000 0.000000 0.000000 0.000000 0.000000 0.000000 0.000000 0.000000 0.000000 0.000000 0.000000 0.000000 0.000000 0.000000 0.000000 0.000000 0.000000 0.000000 0.000000 0.000000 0.000000 0.000000 0.000000 0.000000 0.000000 0.000000 0.000000 0.000000 0.000000 0.000000 0.000000 0.000000 0.000000 0.000000 0.000000 0.000000 0.000000 0.000000 0.000000 0.000000 0.000000 0.000000 0.000000 0.000000 0.000000 0.000000 0.000000 0.000000 0.000000 0.000000 0.000000 0.000000 0.000000 0.000000 0.000000 0.000000 0.000000 0.000000 0.000000 0.000000 0.000000 0.000000 0.000000 0.000000 0.000000 0.000000 0.000000 0.000000 0.000000 0.000000 0.000000 0.000000 0.000000 0.000000 0.000000 0.000000 0.000000 0.000000 0.000000 0.000000 0.000000 0.000000 0.000000 0.000000 0.000000 0.000000 0.000000 0.000000 0.000000 0.000000 0.000000 0.000000 0.000000 0.000000 0.000000 0.000000 0.000000 0.000000 0.000000 0.000000 0.000000 0.000000 0.000000 0.000000 0.000000 0.000000 0.000000
0.000000 0.000000 0.000000 0.000000 0.000000 0.000000 0.000000 0.000000 0.000000 0.000000 0.000000 0.000000 0.000000 0.000000 0.000000 0.000000 0.000000 0.000000 0.000000 0.000000 0.000000 0.000000 0.000000 0.000000 0.000000 0.000000 0.000000 0.000000 0.000000 0.000000 0.000000 0.000000 0.000000 0.000000 0.000000 0.000000 0.000000 0.000000 0.000000 0.000000 0.000000 0.000000 0.000000 0.000000 0.000000 0.000000 0.000000 0.000000 0.000000 0.000000 0.000000 0.000000 0.000000 0.000000 0.000000 0.000000 0.000000 0.000000 0.000000 0.000000 0.000000 0.000000 0.000000 0.000000 0.000000 0.000000 0.000000 0.000000 0.000000 0.000000 0.000000 0.000000 0.000000 0.000000 0.000000 0.000000 0.000000 0.000000 0.000000 0.000000 0.000000 0.000000 0.000000 0.000000 0.000000 0.000000 0.000000 0.000000 0.000000 0.000000 0.000000 0.000000 0.000000 0.000000 0.000000 0.000000 0.000000 0.000000 0.000000 0.000000 0.000000 0.000000 0.000000 0.000000 0.000000 0.000000 0.000000 0.000000 0.000000 0.000000 0.000000 0.000000 0.000000 0.000000 0.000000 0.000000 0.000000 0.000000 0.000000 0.000000 0.000000 0.000000 0.000000 0.000000 0.000000 0.000000 0.000000 0.000000 0.000000 0.000000 0.000000 0.000000 0.000000 0.000000 0.000000 0.000000 0.000000 0.000000 0.000000 0.000000 0.000000 0.000000 0.000000 0.000000 0.000000 0.000000 0.000000 0.000000 0.000000 0.000000 0.000000 0.000000 0.000000 0.000000 0.000000 0.000000 0.000000 0.000000 0.000000 0.000000 0.414687 0.000000 0.000000 0.000000 0.000000 0.000000 0.000000 0.000000 0.000000 0.000000 0.000000 0.000000 0.000000 0.000000 0.000000 0.000000 0.000000 0.000000 0.000000 0.000000 0.000000 0.000000 0.000000 0.000000 0.000000 0.000000 0.000000 0.000000 0.000000 0.000000 0.000000 0.000000 0.000000 0.000000 0.000000 0.000000 0.000000 0.000000 0.000000 0.000000 0.000000 0.000000 0.000000 0.000000 0.000000 0.000000 0.000000 0.000000 0.000000 0.000000 0.000000 0.000000 0.000000 0.000000 0.000000 0.000000 0.000000 0.000000 0.000000 0.000000 0.000000 0.000000 0.000000 0.000000 0.000000 0.000000 0.000000 0.000000 0.000000 0.000000 0.000000 0.000000 0.000000 0.000000 0.000000 0.000000 0.000000 0.000000 0.000000 0.000000 0.000000 0.000000 0.000000 0.000000 0.000000 0.000000 0.000000 0.000000 0.000000 0.000000 0.000000 0.000000 0.000000 0.000000 0.000000 0.000000 0.000000 0.000000 0.000000 0.000000 0.000000 0.000000 0.000000 0.000000 0.000000 0.000000 0.000000 0.000000 0.000000 0.000000 0.000000 0.000000 0.000000 0.000000 0.000000 0.000000 0.000000 0.000000 0.000000 0.000000
0.000000 0.000000 0.000000 0.000000 0.000000 0.000000 0.000000 0.000000 0.000000 0.000000 0.000000 0.000000 0.000000 0.000000 0.000000 0.000000 0.000000 0.000000 0.000000 0.000000 0.000000 0.000000 0.000000 0.000000 0.000000 0.000000 0.000000 0.000000 0.000000 0.000000 0.000000 0.000000 0.000000 0.000000 0.000000 0.000000 0.000000 0.000000 0.000000 0.000000 0.000000 0.000000 0.000000 0.000000 0.000000 0.000000 0.000000 0.000000 0.000000 0.000000 0.000000 0.000000 0.000000 0.000000 0.000000 0.000000 0.000000 0.000000 0.000000 0.000000 0.000000 0.000000 0.000000 0.000000 0.000000 0.000000 0.000000 0.000000 0.000000 0.000000 0.000000 0.000000 0.000000 0.000000 0.000000 0.000000 0.000000 0.000000 0.000000 0.000000 0.000000 0.000000 0.000000 0.000000 0.000000 0.000000 0.000000 0.000000 0.000000 0.000000 0.000000 0.000000 0.000000 0.000000 0.000000 0.000000 0.000000 0.000000 0.000000 0.000000 0.000000 0.000000 0.000000 0.000000 0.000000 0.000000 0.000000 0.000000 0.000000 0.000000 0.000000 0.000000 0.000000 0.000000 0.000000 0.000000 0.000000 0.000000 0.000000 0.000000 0.000000 0.000000 0.000000 0.000000 0.000000 0.000000 0.000000 0.000000 0.000000 0.000000 0.000000 0.000000 0.000000 0.000000 0.000000 0.000000 0.000000 0.000000 0.000000 0.000000 0.000000 0.000000 0.000000 0.000000 0.000000 0.000000 0.464538 0.448150 0.477777 0.520962 0.477150 0.000000 0.000000 0.000000 0.000000 0.000000 0.000000 0.000000 0.389687 0.000000 0.000000 0.000000 0.000000 0.000000 0.000000 0.000000 0.000000 0.000000 0.000000 0.000000 0.000000 0.000000 0.000000 0.000000 0.000000 0.000000 0.000000 0.000000 0.000000 0.000000 0.000000 0.000000 0.000000 0.000000 0.000000 0.000000 0.000000 0.000000 0.000000 0.000000 0.000000 0.000000 0.000000 0.000000 0.000000 0.000000 0.000000 0.000000 0.000000 0.000000 0.000000 0.000000 0.000000 0.000000 0.000000 0.000000 0.000000 0.000000 0.000000 0.000000 0.000000 0.000000 0.000000 0.000000 0.000000 0.000000 0.000000 0.000000 0.000000 0.000000 0.000000 0.000000 0.000000 0.000000 0.000000 0.000000 0.000000 0.000000 0.000000 0.000000 0.000000 0.000000 0.000000 0.000000 0.000000 0.000000 0.000000 0.000000 0.000000 0.000000 0.000000 0.000000 0.000000 0.000000 0.000000 0.000000 0.000000 0.000000 0.000000 0.000000 0.000000 0.000000 0.000000 0.000000 0.000000 0.000000 0.000000 0.000000 0.000000 0.000000 0.000000 0.000000 0.000000 0.000000 0.000000 0.000000 0.000000 0.000000 0.000000 0.000000 0.000000 0.000000 0.000000 0.000000 0.000000 0.000000 0.000000 0.000000 0.000000 0.000000
0.000000 0.000000 0.000000 0.000000 0.000000 0.000000 0.000000 0.000000 0.000000 0.000000 0.000000 0.000000 0.000000 0.000000 0.000000 0.000000 0.000000 0.000000 0.000000 0.000000 0.000000 0.000000 0.000000 0.000000 0.000000 0.000000 0.000000 0.000000 0.000000 0.000000 0.000000 0.000000 0.000000 0.000000 0.000000 0.000000 0.000000 0.000000 0.000000 0.000000 0.000000 0.000000 0.000000 0.000000 0.000000 0.000000 0.000000 0.000000 0.000000 0.000000 0.000000 0.000000 0.000000 0.000000 0.000000 0.000000 0.000000 0.000000 0.000000 0.000000 0.000000 0.000000 0.000000 0.000000 0.000000 0.000000 0.000000 0.000000 0.000000 0.000000 0.000000 0.000000 0.000000 0.000000 0.000000 0.000000 0.000000 0.000000 0.000000 0.000000 0.000000 0.000000 0.000000 0.000000 0.000000 0.000000 0.000000 0.000000 0.000000 0.000000 0.000000 0.000000 0.000000 0.000000 0.000000 0.000000 0.000000 0.000000 0.000000 0.000000 0.000000 0.000000 0.000000 0.000000 0.000000 0.000000 0.000000 0.000000 0.000000 0.000000 0.000000 0.000000 0.000000 0.000000 0.000000 0.000000 0.000000 0.000000 0.000000 0.000000 0.000000 0.000000 0.000000 0.000000 0.000000 0.000000 0.000000 0.000000 0.000000 0.000000 0.000000 0.000000 0.000000 0.000000 0.000000 0.000000 0.000000 0.000000 0.000000 0.000000 0.000000 0.000000 0.000000 0.000000 0.000000 0.000000 0.537871 0.567095 0.569639 0.479753 0.443205 0.000000 0.484425 0.556800 0.563894 0.543171 0.489993 0.495530 0.482571 0.421566 0.000000 0.000000 0.000000 0.000000 0.390402 0.404173 0.000000 0.000000 0.000000 0.000000 0.000000 0.000000 0.000000 0.000000 0.000000 0.000000 0.000000 0.000000 0.000000 0.000000 0.000000 0.000000 0.000000 0.000000 0.000000 0.000000 0.000000 0.000000 0.000000 0.000000 0.000000 0.000000 0.000000 0.000000 0.000000 0.000000 0.000000 0.000000 0.000000 0.000000 0.000000 0.000000 0.000000 0.000000 0.000000 0.000000 0.000000 0.000000 0.000000 0.000000 0.000000 0.000000 0.000000 0.000000 0.000000 0.000000 0.000000 0.000000 0.000000 0.000000 0.000000 0.000000 0.000000 0.000000 0.000000 0.000000 0.000000 0.000000 0.000000 0.000000 0.000000 0.000000 0.000000 0.000000 0.000000 0.000000 0.000000 0.000000 0.000000 0.000000 0.000000 0.000000 0.000000 0.000000 0.000000 0.000000 0.000000 0.000000 0.000000 0.000000 0.000000 0.000000 0.000000 0.000000 0.000000 0.000000 0.000000 0.000000 0.000000 0.000000 0.000000 0.000000 0.000000 0.000000 0.000000 0.000000 0.000000 0.000000 0.000000 0.000000 0.000000 0.000000 0.000000 0.000000 0.000000 0.000000 0.000000 0.000000 0.000000 0.000000
0.000000 0.000000 0.000000 0.000000 0.000000 0.000000 0.000000 0.000000 0.000000 0.000000 0.000000 0.000000 0.000000 0.000000 0.000000 0.000000 0.000000 0.000000 0.000000 0.000000 0.000000 0.000000 0.000000 0.000000 0.000000 0.000000 0.000000 0.000000 0.000000 0.000000 0.000000 0.000000 0.000000 0.000000 0.000000 0.000000 0.000000 0.000000 0.000000 0.000000 0.000000 0.000000 0.000000 0.000000 0.000000 0.000000 0.000000 0.000000 0.000000 0.000000 0.000000 0.000000 0.000000 0.000000 0.000000 0.000000 0.000000 0.000000 0.000000 0.000000 0.000000 0.000000 0.000000 0.000000 0.000000 0.000000 0.000000 0.000000 0.000000 0.000000 0.000000 0.000000 0.000000 0.000000 0.000000 0.000000 0.000000 0.000000 0.000000 0.000000 0.000000 0.000000 0.000000 0.000000 0.000000 0.000000 0.000000 0.000000 0.000000 0.000000 0.000000 0.000000 0.000000 0.000000 0.000000 0.000000 0.000000 0.000000 0.000000 0.000000 0.000000 0.000000 0.000000 0.000000 0.000000 0.000000 0.000000 0.000000 0.000000 0.000000 0.000000 0.000000 0.000000 0.000000 0.000000 0.000000 0.000000 0.000000 0.000000 0.000000 0.000000 0.000000 0.000000 0.000000 0.000000 0.000000 0.000000 0.000000 0.000000 0.000000 0.000000 0.000000 0.000000 0.000000 0.000000 0.000000 0.000000 0.000000 0.000000 0.000000 0.000000 0.000000 0.000000 0.000000 0.000000 0.708445 0.614855 0.614031 0.569284 0.537711 0.558030 0.642707 0.728014 0.754655 0.717756 0.691190 0.652027 0.591372 0.518219 0.419432 0.416030 0.000000 0.000000 0.000000 0.400016 0.406043 0.000000 0.000000 0.000000 0.000000 0.000000 0.000000 0.000000 0.000000 0.000000 0.000000 0.000000 0.000000 0.000000 0.000000 0.000000 0.000000 0.000000 0.000000 0.000000 0.000000 0.000000 0.000000 0.000000 0.000000 0.000000 0.000000 0.000000 0.000000 0.000000 0.000000 0.000000 0.000000 0.000000 0.000000 0.000000 0.000000 0.000000 0.000000 0.000000 0.000000 0.000000 0.000000 0.000000 0.000000 0.000000 0.000000 0.000000 0.000000 0.000000 0.000000 0.000000 0.000000 0.000000 0.000000 0.000000 0.000000 0.000000 0.000000 0.000000 0.000000 0.000000 0.000000 0.000000 0.000000 0.000000 0.000000 0.000000 0.000000 0.000000 0.000000 0.000000 0.000000 0.000000 0.000000 0.000000 0.000000 0.000000 0.000000 0.000000 0.000000 0.000000 0.000000 0.000000 0.000000 0.000000 0.000000 0.000000 0.000000 0.000000 0.000000 0.000000 0.000000 0.000000 0.000000 0.000000 0.000000 0.000000 0.000000 0.000000 0.000000 0.000000 0.000000 0.000000 0.000000 0.000000 0.000000 0.000000 0.000000 0.000000 0.000000 0.000000 0.000000 0.000000 0.000000
0.000000 0.000000 0.000000 0.000000 0.000000 0.000000 0.000000 0.000000 0.000000 0.000000 0.000000 0.000000 0.000000 0.000000 0.000000 0.000000 0.000000 0.000000 0.000000 0.000000 0.000000 0.000000 0.000000 0.000000 0.000000 0.000000 0.000000 0.000000 0.000000 0.000000 0.000000 0.000000 0.000000 0.000000 0.000000 0.000000 0.000000 0.000000 0.000000 0.000000 0.000000 0.000000 0.000000 0.000000 0.000000 0.000000 0.000000 0.000000 0.000000 0.000000 0.000000 0.000000 0.000000 0.000000 0.000000 0.000000 0.000000 0.000000 0.000000 0.000000 0.000000 0.000000 0.000000 0.000000 0.000000 0.000000 0.000000 0.000000 0.000000 0.000000 0.000000 0.000000 0.000000 0.000000 0.000000 0.000000 0.000000 0.000000 0.000000 0.000000 0.000000 0.000000 0.000000 0.000000 0.000000 0.000000 0.000000 0.000000 0.000000 0.000000 0.000000 0.000000 0.000000 0.000000 0.000000 0.000000 0.000000 0.000000 0.000000 0.000000 0.000000 0.000000 0.000000 0.000000 0.000000 0.000000 0.000000 0.000000 0.000000 0.000000 0.000000 0.000000 0.000000 0.000000 0.000000 0.000000 0.000000 0.000000 0.000000 0.000000 0.000000 0.000000 0.000000 0.000000 0.000000 0.000000 0.000000 0.000000 0.000000 0.000000 0.000000 0.000000 0.000000 0.000000 0.000000 0.000000 0.000000 0.000000 0.000000 0.000000 0.000000 0.000000 0.000000 0.496304 0.609668 0.943102 0.696489 0.734469 0.727675 0.841718 0.853551 0.894285 0.937331 0.907948 0.877178 0.821558 0.740292 0.633478 0.430955 0.000000 0.519633 0.480675 0.000000 0.000000 0.000000 0.000000 0.000000 0.000000 0.000000 0.000000 0.000000 0.000000 0.000000 0.000000 0.000000 0.000000 0.000000 0.000000 0.000000 0.000000 0.000000 0.000000 0.000000 0.000000 0.000000 0.000000 0.000000 0.000000 0.000000 0.000000 0.000000 0.000000 0.000000 0.000000 0.000000 0.000000 0.000000 0.000000 0.000000 0.000000 0.000000 0.000000 0.000000 0.000000 0.000000 0.000000 0.000000 0.000000 0.000000 0.000000 0.000000 0.000000 0.000000 0.000000 0.000000 0.000000 0.000000 0.000000 0.000000 0.000000 0.000000 0.000000 0.000000 0.000000 0.000000 0.000000 0.000000 0.000000 0.000000 0.000000 0.000000 0.000000 0.000000 0.000000 0.000000 0.000000 0.000000 0.000000 0.000000 0.000000 0.000000 0.000000 0.000000 0.000000 0.000000 0.000000 0.000000 0.000000 0.000000 0.000000 0.000000 0.000000 0.000000 0.000000 0.000000 0.000000 0.000000 0.000000 0.000000 0.000000 0.000000 0.000000 0.000000 0.000000 0.000000 0.000000 0.000000 0.000000 0.000000 0.000000 0.000000 0.000000 0.000000 0.000000 0.000000 0.000000 0.000000 0.000000 0.000000 0.000000
0.000000 0.000000 0.000000 0.000000 0.000000 0.000000 0.000000 0.000000 0.000000 0.000000 0.000000 0.000000 0.000000 0.000000 0.000000 0.000000 0.000000 0.000000 0.000000 0.000000 0.000000 0.000000 0.000000 0.000000 0.000000 0.000000 0.000000 0.000000 0.000000 0.000000 0.000000 0.000000 0.000000 0.000000 0.000000 0.000000 0.000000 0.000000 0.000000 0.000000 0.000000 0.000000 0.000000 0.000000 0.000000 0.000000 0.000000 0.000000 0.000000 0.000000 0.000000 0.000000 0.000000 0.000000 0.000000 0.000000 0.000000 0.000000 0.000000 0.000000 0.000000 0.000000 0.000000 0.000000 0.000000 0.000000 0.000000 0.000000 0.000000 0.000000 0.000000 0.000000 0.000000 0.000000 0.000000 0.000000 0.000000 0.000000 0.000000 0.000000 0.000000 0.000000 0.000000 0.000000 0.000000 0.000000 0.000000 0.000000 0.000000 0.000000 0.000000 0.000000 0.000000 0.000000 0.000000 0.000000 0.000000 0.000000 0.000000 0.000000 0.000000 0.000000 0.000000 0.000000 0.000000 0.000000 0.000000 0.000000 0.000000 0.000000 0.000000 0.000000 0.000000 0.000000 0.000000 0.000000 0.000000 0.000000 0.000000 0.000000 0.000000 0.000000 0.000000 0.000000 0.000000 0.000000 0.000000 0.000000 0.000000 0.000000 0.000000 0.000000 0.000000 0.000000 0.000000 0.000000 0.000000 0.000000 0.000000 0.000000 0.000000 0.000000 0.446073 0.632370 0.775036 0.838651 0.834869 0.859538 0.939695 1.024156 1.040916 1.088162 1.105582 1.020813 0.909039 0.818367 0.754544 0.652072 0.474029 0.461356 0.589047 0.554688 0.437325 0.000000 0.000000 0.000000 0.000000 0.000000 0.000000 0.000000 0.000000 0.000000 0.000000 0.000000 0.000000 0.000000 0.000000 0.000000 0.000000 0.000000 0.000000 0.000000 0.000000 0.000000 0.000000 0.000000 0.000000 0.000000 0.000000 0.000000 0.000000 0.000000 0.000000 0.000000 0.000000 0.000000 0.000000 0.000000 0.000000 0.000000 0.000000 0.000000 0.000000 0.000000 0.000000 0.000000 0.000000 0.000000 0.000000 0.000000 0.000000 0.000000 0.000000 0.000000 0.000000 0.000000 0.000000 0.000000 0.000000 0.000000 0.000000 0.000000 0.000000 0.000000 0.000000 0.000000 0.000000 0.000000 0.000000 0.000000 0.000000 0.000000 0.000000 0.000000 0.000000 0.000000 0.000000 0.000000 0.000000 0.000000 0.000000 0.000000 0.000000 0.000000 0.000000 0.000000 0.000000 0.000000 0.000000 0.000000 0.000000 0.000000 0.000000 0.000000 0.000000 0.000000 0.000000 0.000000 0.000000 0.000000 0.000000 0.000000 0.000000 0.000000 0.000000 0.000000 0.000000 0.000000 0.000000 0.000000 0.000000 0.000000 0.000000 0.000000 0.000000 0.000000 0.000000 0.000000 0.000000 0.000000
0.000000 0.000000 0.000000 0.000000 0.000000 0.000000 0.000000 0.000000 0.000000 0.000000 0.000000 0.000000 0.000000 0.000000 0.000000 0.000000 0.000000 0.000000 0.000000 0.000000 0.000000 0.000000 0.000000 0.000000 0.000000 0.000000 0.000000 0.000000 0.000000 0.000000 0.000000 0.000000 0.000000 0.000000 0.000000 0.000000 0.000000 0.000000 0.000000 0.000000 0.000000 0.000000 0.000000 0.000000 0.000000 0.000000 0.000000 0.000000 0.000000 0.000000 0.000000 0.000000 0.000000 0.000000 0.000000 0.000000 0.000000 0.000000 0.000000 0.000000 0.000000 0.000000 0.000000 0.000000 0.000000 0.000000 0.000000 0.000000 0.000000 0.000000 0.000000 0.000000 0.000000 0.000000 0.000000 0.000000 0.000000 0.000000 0.000000 0.000000 0.000000 0.000000 0.000000 0.000000 0.000000 0.000000 0.000000 0.000000 0.000000 0.000000 0.000000 0.000000 0.000000 0.000000 0.000000 0.000000 0.000000 0.000000 0.000000 0.000000 0.000000 0.000000 0.000000 0.000000 0.000000 0.000000 0.000000 0.000000 0.000000 0.000000 0.000000 0.000000 0.000000 0.000000 0.000000 0.000000 0.000000 0.000000 0.000000 0.000000 0.000000 0.000000 0.000000 0.000000 0.000000 0.000000 0.000000 0.000000 0.000000 0.000000 0.000000 0.000000 0.000000 0.000000 0.000000 0.000000 0.000000 0.000000 0.000000 0.000000 0.383215 0.407412 0.573103 0.734403 0.877789 0.919525 0.942538 1.010777 1.110136 1.138248 1.125671 1.080299 1.022018 0.864433 0.741817 0.773130 0.764802 0.731661 0.626746 0.517347 0.509153 0.489129 0.423458 0.000000 0.000000 0.000000 0.000000 0.000000 0.000000 0.000000 0.000000 0.000000 0.000000 0.000000 0.000000 0.000000 0.000000 0.000000 0.000000 0.000000 0.000000 0.000000 0.000000 0.000000 0.000000 0.000000 0.000000 0.000000 0.000000 0.000000 0.000000 0.000000 0.000000 0.000000 0.000000 0.000000 0.000000 0.000000 0.000000 0.000000 0.000000 0.000000 0.000000 0.000000 0.000000 0.000000 0.000000 0.000000 0.000000 0.000000 0.000000 0.000000 0.000000 0.000000 0.000000 0.000000 0.000000 0.000000 0.000000 0.000000 0.000000 0.000000 0.000000 0.000000 0.000000 0.000000 0.000000 0.000000 0.000000 0.000000 0.000000 0.000000 0.000000 0.000000 0.000000 0.000000 0.000000 0.000000 0.000000 0.000000 0.000000 0.000000 0.000000 0.000000 0.000000 0.000000 0.000000 0.000000 0.000000 0.000000 0.000000 0.000000 0.000000 0.000000 0.000000 0.000000 0.000000 0.000000 0.000000 0.000000 0.000000 0.000000 0.000000 0.000000 0.000000 0.000000 0.000000 0.000000 0.000000 0.000000 0.000000 0.000000 0.000000 0.000000 0.000000 0.000000 0.000000 0.000000 0.000000 0.000000
0.000000 0.000000 0.000000 0.000000 0.000000 0.000000 0.000000 0.000000 0.000000 0.000000 0.000000 0.000000 0.000000 0.000000 0.000000 0.000000 0.000000 0.000000 0.000000 0.000000 0.000000 0.000000 0.000000 0.000000 0.000000 0.000000 0.000000 0.000000 0.000000 0.000000 0.000000 0.000000 0.000000 0.000000 0.000000 0.000000 0.000000 0.000000 0.000000 0.000000 0.000000 0.000000 0.000000 0.000000 0.000000 0.000000 0.000000 0.000000 0.000000 0.000000 0.000000 0.000000 0.000000 0.000000 0.000000 0.000000 0.000000 0.000000 0.000000 0.000000 0.000000 0.000000 0.000000 0.000000 0.000000 0.000000 0.000000 0.000000 0.000000 0.000000 0.000000 0.000000 0.000000 0.000000 0.000000 0.000000 0.000000 0.000000 0.000000 0.000000 0.000000 0.000000 0.000000 0.000000 0.000000 0.000000 0.000000 0.000000 0.000000 0.000000 0.000000 0.000000 0.000000 0.000000 0.000000 0.000000 0.000000 0.000000 0.000000 0.000000 0.000000 0.000000 0.000000 0.000000 0.000000 0.000000 0.000000 0.000000 0.000000 0.000000 0.000000 0.000000 0.000000 0.000000 0.000000 0.000000 0.000000 0.000000 0.000000 0.000000 0.000000 0.000000 0.000000 0.000000 0.000000 0.000000 0.000000 0.000000 0.000000 0.000000 0.000000 0.000000 0.000000 0.000000 0.000000 0.000000 0.000000 0.000000 0.000000 0.000000 0.504659 0.565851 0.710109 0.799756 0.857331 0.876544 1.041670 1.215531 1.169707 1.077654 0.979326 0.846307 0.764957 0.674684 0.774474 0.818116 0.800491 0.741448 0.687760 0.541767 0.397426 0.000000 0.000000 0.000000 0.000000 0.000000 0.000000 0.000000 0.000000 0.000000 0.000000 0.000000 0.000000 0.000000 0.000000 0.000000 0.000000 0.000000 0.000000 0.000000 0.000000 0.000000 0.000000 0.000000 0.000000 0.000000 0.000000 0.000000 0.000000 0.000000 0.000000 0.000000 0.000000 0.000000 0.000000 0.000000 0.000000 0.000000 0.000000 0.000000 0.000000 0.000000 0.000000 0.000000 0.000000 0.000000 0.000000 0.000000 0.000000 0.000000 0.000000 0.000000 0.000000 0.000000 0.000000 0.000000 0.000000 0.000000 0.000000 0.000000 0.000000 0.000000 0.000000 0.000000 0.000000 0.000000 0.000000 0.000000 0.000000 0.000000 0.000000 0.000000 0.000000 0.000000 0.000000 0.000000 0.000000 0.000000 0.000000 0.000000 0.000000 0.000000 0.000000 0.000000 0.000000 0.000000 0.000000 0.000000 0.000000 0.000000 0.000000 0.000000 0.000000 0.000000 0.000000 0.000000 0.000000 0.000000 0.000000 0.000000 0.000000 0.000000 0.000000 0.000000 0.000000 0.000000 0.000000 0.000000 0.000000 0.000000 0.000000 0.000000 0.000000 0.000000 0.000000 0.000000 0.000000 0.000000 0.000000 0.000000
0.000000 0.000000 0.000000 0.000000 0.000000 0.000000 0.000000 0.000000 0.000000 0.000000 0.000000 0.000000 0.000000 0.000000 0.000000 0.000000 0.000000 0.000000 0.000000 0.000000 0.000000 0.000000 0.000000 0.000000 0.000000 0.000000 0.000000 0.000000 0.000000 0.000000 0.000000 0.000000 0.000000 0.000000 0.000000 0.000000 0.000000 0.000000 0.000000 0.000000 0.000000 0.000000 0.000000 0.000000 0.000000 0.000000 0.000000 0.000000 0.000000 0.000000 0.000000 0.000000 0.000000 0.000000 0.000000 0.000000 0.000000 0.000000 0.000000 0.000000 0.000000 0.000000 0.000000 0.000000 0.000000 0.000000 0.000000 0.000000 0.000000 0.000000 0.000000 0.000000 0.000000 0.000000 0.000000 0.000000 0.000000 0.000000 0.000000 0.000000 0.000000 0.000000 0.000000 0.000000 0.000000 0.000000 0.000000 0.000000 0.000000 0.000000 0.000000 0.000000 0.000000 0.000000 0.000000 0.000000 0.000000 0.000000 0.000000 0.000000 0.000000 0.000000 0.000000 0.000000 0.000000 0.000000 0.000000 0.000000 0.000000 0.000000 0.000000 0.000000 0.000000 0.000000 0.000000 0.000000 0.000000 0.000000 0.000000 0.000000 0.000000 0.000000 0.000000 0.000000 0.000000 0.000000 0.000000 0.000000 0.000000 0.000000 0.000000 0.000000 0.000000 0.000000 0.000000 0.000000 0.000000 0.000000 0.000000 0.419176 0.576149 0.688504 0.793185 0.822593 0.806399 0.791085 0.956123 0.985852 0.956572 0.907465 0.862184 0.779818 0.771874 0.822053 0.792648 0.715909 0.663754 0.618169 0.586298 0.455637 0.000000 0.000000 0.000000 0.000000 0.000000 0.000000 0.000000 0.000000 0.000000 0.000000 0.000000 0.000000 0.000000 0.000000 0.000000 0.000000 0.000000 0.000000 0.000000 0.000000 0.000000 0.000000 0.000000 0.000000 0.000000 0.000000 0.000000 0.000000 0.000000 0.000000 0.000000 0.000000 0.000000 0.000000 0.000000 0.000000 0.000000 0.000000 0.000000 0.000000 0.000000 0.000000 0.000000 0.000000 0.000000 0.000000 0.000000 0.000000 0.000000 0.000000 0.000000 0.000000 0.000000 0.000000 0.000000 0.000000 0.000000 0.000000 0.000000 0.000000 0.000000 0.000000 0.000000 0.000000 0.000000 0.000000 0.000000 0.000000 0.000000 0.000000 0.000000 0.000000 0.000000 0.000000 0.000000 0.000000 0.000000 0.000000 0.000000 0.000000 0.000000 0.000000 0.000000 0.000000 0.000000 0.000000 0.000000 0.000000 0.000000 0.000000 0.000000 0.000000 0.000000 0.000000 0.000000 0.000000 0.000000 0.000000 0.000000 0.000000 0.000000 0.000000 0.000000 0.000000 0.000000 0.000000 0.000000 0.000000 0.000000 0.000000 0.000000 0.000000 0.000000 0.000000 0.000000 0.000000 0.000000 0.000000 0.000000 0.000000
0.000000 0.000000 0.000000 0.000000 0.000000 0.000000 0.000000 0.000000 0.000000 0.000000 0.000000 0.000000 0.000000 0.000000 0.000000 0.000000 0.000000 0.000000 0.000000 0.000000 0.000000 0.000000 0.000000 0.000000 0.000000 0.000000 0.000000 0.000000 0.000000 0.000000 0.000000 0.000000 0.000000 0.000000 0.000000 0.000000 0.000000 0.000000 0.000000 0.000000 0.000000 0.000000 0.000000 0.000000 0.000000 0.000000 0.000000 0.000000 0.000000 0.000000 0.000000 0.000000 0.000000 0.000000 0.000000 0.000000 0.000000 0.000000 0.000000 0.000000 0.000000 0.000000 0.000000 0.000000 0.000000 0.000000 0.000000 0.000000 0.000000 0.000000 0.000000 0.000000 0.000000 0.000000 0.000000 0.000000 0.000000 0.000000 0.000000 0.000000 0.000000 0.000000 0.000000 0.000000 0.000000 0.000000 0.000000 0.000000 0.000000 0.000000 0.000000 0.000000 0.000000 0.000000 0.000000 0.000000 0.000000 0.000000 0.000000 0.000000 0.000000 0.000000 0.000000 0.000000 0.000000 0.000000 0.000000 0.000000 0.000000 0.000000 0.000000 0.000000 0.000000 0.000000 0.000000 0.000000 0.000000 0.000000 0.000000 0.000000 0.000000 0.000000 0.000000 0.000000 0.000000 0.000000 0.000000 0.000000 0.000000 0.000000 0.000000 0.000000 0.000000 0.000000 0.000000 0.416825 0.000000 0.000000 0.000000 0.000000 0.000000 0.000000 0.451795 0.541848 0.601549 0.667619 0.740735 0.781088 0.778203 0.741973 0.825525 0.860660 0.850728 0.800948 0.764068 0.709409 0.634667 0.523054 0.459738 0.000000 0.000000 0.000000 0.000000 0.000000 0.000000 0.000000 0.000000 0.000000 0.000000 0.000000 0.000000 0.000000 0.000000 0.000000 0.000000 0.000000 0.000000 0.000000 0.000000 0.000000 0.000000 0.000000 0.000000 0.000000 0.000000 0.000000 0.000000 0.000000 0.000000 0.000000 0.000000 0.000000 0.000000 0.000000 0.000000 0.000000 0.000000 0.000000 0.000000 0.000000 0.000000 0.000000 0.000000 0.000000 0.000000 0.000000 0.000000 0.000000 0.000000 0.000000 0.000000 0.000000 0.000000 0.000000 0.000000 0.000000 0.000000 0.000000 0.000000 0.000000 0.000000 0.000000 0.000000 0.000000 0.000000 0.000000 0.000000 0.000000 0.000000 0.000000 0.000000 0.000000 0.000000 0.000000 0.000000 0.000000 0.000000 0.000000 0.000000 0.000000 0.000000 0.000000 0.000000 0.000000 0.000000 0.000000 0.000000 0.000000 0.000000 0.000000 0.000000 0.000000 0.000000 0.000000 0.000000 0.000000 0.000000 0.000000 0.000000 0.000000 0.000000 0.000000 0.000000 0.000000 0.000000 0.000000 0.000000 0.000000 0.000000 0.000000 0.000000 0.000000 0.000000 0.000000 0.000000 0.000000 0.000000 0.000000 0.000000 0.000000
0.000000 0.000000 0.000000 0.000000 0.000000 0.000000 0.000000 0.000000 0.000000 0.000000 0.000000 0.000000 0.000000 0.000000 0.000000 0.000000 0.000000 0.000000 0.000000 0.000000 0.000000 0.000000 0.000000 0.000000 0.000000 0.000000 0.000000 0.000000 0.000000 0.000000 0.000000 0.000000 0.000000 0.000000 0.000000 0.000000 0.000000 0.000000 0.000000 0.000000 0.000000 0.000000 0.000000 0.000000 0.000000 0.000000 0.000000 0.000000 0.000000 0.000000 0.000000 0.000000 0.000000 0.000000 0.000000 0.000000 0.000000 0.000000 0.000000 0.000000 0.000000 0.000000 0.000000 0.000000 0.000000 0.000000 0.000000 0.000000 0.000000 0.000000 0.000000 0.000000 0.000000 0.000000 0.000000 0.000000 0.000000 0.000000 0.000000 0.000000 0.000000 0.000000 0.000000 0.000000 0.000000 0.000000 0.000000 0.000000 0.000000 0.000000 0.000000 0.000000 0.000000 0.000000 0.000000 0.000000 0.000000 0.000000 0.000000 0.000000 0.000000 0.000000 0.000000 0.000000 0.000000 0.000000 0.000000 0.000000 0.000000 0.000000 0.000000 0.000000 0.000000 0.000000 0.000000 0.000000 0.000000 0.000000 0.000000 0.000000 0.000000 0.000000 0.000000 0.000000 0.000000 0.000000 0.000000 0.000000 0.000000 0.000000 0.000000 0.000000 0.000000 0.000000 0.000000 0.000000 0.000000 0.000000 0.000000 0.000000 0.000000 0.437758 0.557882 0.631034 0.810448 0.651872 0.583704 0.495446 0.648125 0.719603 0.812056 0.857904 0.836963 0.750885 0.677605 0.540072 0.448935 0.000000 0.000000 0.433311 0.478674 0.000000 0.000000 0.000000 0.000000 0.000000 0.555726 0.594016 0.603079 0.000000 0.000000 0.000000 0.000000 0.000000 0.000000 0.000000 0.000000 0.000000 0.000000 0.000000 0.000000 0.000000 0.000000 0.000000 0.000000 0.000000 0.000000 0.000000 0.000000 0.000000 0.000000 0.000000 0.000000 0.000000 0.000000 0.000000 0.000000 0.000000 0.000000 0.000000 0.000000 0.000000 0.000000 0.000000 0.000000 0.000000 0.000000 0.000000 0.000000 0.000000 0.000000 0.000000 0.000000 0.000000 0.000000 0.000000 0.000000 0.000000 0.000000 0.000000 0.000000 0.000000 0.000000 0.000000 0.000000 0.000000 0.000000 0.000000 0.000000 0.000000 0.000000 0.000000 0.000000 0.000000 0.000000 0.000000 0.000000 0.000000 0.000000 0.000000 0.000000 0.000000 0.000000 0.000000 0.000000 0.000000 0.000000 0.000000 0.000000 0.000000 0.000000 0.000000 0.000000 0.000000 0.000000 0.000000 0.000000 0.000000 0.000000 0.000000 0.000000 0.000000 0.000000 0.000000 0.000000 0.000000 0.000000 0.000000 0.000000 0.000000 0.000000 0.000000 0.000000 0.000000 0.000000 0.000000 0.000000 0.000000 0.000000 0.000000
0.000000 0.000000 0.000000 0.000000 0.000000 0.000000 0.000000 0.000000 0.000000 0.000000 0.000000 0.000000 0.000000 0.000000 0.000000 0.000000 0.000000 0.000000 0.000000 0.000000 0.000000 0.000000 0.000000 0.000000 0.000000 0.000000 0.000000 0.000000 0.000000 0.000000 0.000000 0.000000 0.000000 0.000000 0.000000 0.000000 0.000000 0.000000 0.000000 0.000000 0.000000 0.000000 0.000000 0.000000 0.000000 0.000000 0.000000 0.000000 0.000000 0.000000 0.000000 0.000000 0.000000 0.000000 0.000000 0.000000 0.000000 0.000000 0.000000 0.000000 0.000000 0.000000 0.000000 0.000000 0.000000 0.000000 0.000000 0.000000 0.000000 0.000000 0.000000 0.000000 0.000000 0.000000 0.000000 0.000000 0.000000 0.000000 0.000000 0.000000 0.000000 0.000000 0.000000 0.000000 0.000000 0.000000 0.000000 0.000000 0.000000 0.000000 0.000000 0.000000 0.000000 0.000000 0.000000 0.000000 0.000000 0.000000 0.000000 0.000000 0.000000 0.000000 0.000000 0.000000 0.000000 0.000000 0.000000 0.000000 0.000000 0.000000 0.000000 0.000000 0.000000 0.000000 0.000000 0.000000 0.000000 0.000000 0.000000 0.000000 0.000000 0.000000 0.000000 0.000000 0.000000 0.000000 0.000000 0.000000 0.000000 0.000000 0.000000 0.000000 0.000000 0.000000 0.000000 0.000000 0.399689 0.000000 0.000000 0.419330 0.448597 0.520439 0.615100 0.653740 0.652481 0.610193 0.509546 0.381387 0.000000 0.502364 0.572068 0.604099 0.848470 0.840851 0.748655 0.606469 0.428756 0.000000 0.000000 0.000000 0.000000 0.000000 0.000000 0.000000 0.000000 0.000000 0.000000 0.000000 0.000000 0.000000 0.000000 0.000000 0.000000 0.000000 0.000000 0.000000 0.000000 0.000000 0.000000 0.000000 0.000000 0.000000 0.000000 0.000000 0.000000 0.000000 0.000000 0.000000 0.000000 0.000000 0.000000 0.000000 0.000000 0.000000 0.000000 0.000000 0.000000 0.000000 0.000000 0.000000 0.000000 0.000000 0.000000 0.000000 0.000000 0.000000 0.000000 0.000000 0.000000 0.000000 0.000000 0.000000 0.000000 0.000000 0.000000 0.000000 0.000000 0.000000 0.000000 0.000000 0.000000 0.000000 0.000000 0.000000 0.000000 0.000000 0.000000 0.000000 0.000000 0.000000 0.000000 0.000000 0.000000 0.000000 0.000000 0.000000 0.000000 0.000000 0.000000 0.000000 0.000000 0.000000 0.000000 0.000000 0.000000 0.000000 0.000000 0.000000 0.000000 0.000000 0.000000 0.000000 0.000000 0.000000 0.000000 0.000000 0.000000 0.000000 0.000000 0.000000 0.000000 0.000000 0.000000 0.000000 0.000000 0.000000 0.000000 0.000000 0.000000 0.000000 0.000000 0.000000 0.000000 0.000000 0.000000 0.000000 0.000000 0.000000 0.000000 0.000000
0.000000 0.000000 0.000000 0.000000 0.000000 0.000000 0.000000 0.000000 0.000000 0.000000 0.000000 0.000000 0.000000 0.000000 0.000000 0.000000 0.000000 0.000000 0.000000 0.000000 0.000000 0.000000 0.000000 0.000000 0.000000 0.000000 0.000000 0.000000 0.000000 0.000000 0.000000 0.000000 0.000000 0.000000 0.000000 0.000000 0.000000 0.000000 0.000000 0.000000 0.000000 0.000000 0.000000 0.000000 0.000000 0.000000 0.000000 0.000000 0.000000 0.000000 0.000000 0.000000 0.000000 0.000000 0.000000 0.000000 0.000000 0.000000 0.000000 0.000000 0.000000 0.000000 0.000000 0.000000 0.000000 0.000000 0.000000 0.000000 0.000000 0.000000 0.000000 0.000000 0.000000 0.000000 0.000000 0.000000 0.000000 0.000000 0.000000 0.000000 0.000000 0.000000 0.000000 0.000000 0.000000 0.000000 0.000000 0.000000 0.000000 0.000000 0.000000 0.000000 0.000000 0.000000 0.000000 0.000000 0.000000 0.000000 0.000000 0.000000 0.000000 0.000000 0.000000 0.000000 0.000000 0.000000 0.000000 0.000000 0.000000 0.000000 0.000000 0.000000 0.000000 0.000000 0.000000 0.000000 0.000000 0.000000 0.000000 0.000000 0.000000 0.000000 0.000000 0.000000 0.000000 0.000000 0.000000 0.000000 0.000000 0.000000 0.000000 0.000000 0.000000 0.000000 0.000000 0.000000 0.000000 0.000000 0.439686 0.614378 0.670495 0.667082 0.622386 0.598172 0.567428 0.542673 0.628062 0.538375 0.000000 0.000000 0.457262 0.695016 0.843537 0.853910 0.762990 0.629344 0.485742 0.000000 0.000000 0.000000 0.000000 0.000000 0.000000 0.000000 0.000000 0.000000 0.000000 0.000000 0.000000 0.000000 0.000000 0.000000 0.000000 0.000000 0.000000 0.000000 0.000000 0.000000 0.000000 0.000000 0.000000 0.000000 0.000000 0.000000 0.000000 0.000000 0.000000 0.000000 0.000000 0.000000 0.000000 0.000000 0.000000 0.000000 0.000000 0.000000 0.000000 0.000000 0.000000 0.000000 0.000000 0.000000 0.000000 0.000000 0.000000 0.000000 0.000000 0.000000 0.000000 0.000000 0.000000 0.000000 0.000000 0.000000 0.000000 0.000000 0.000000 0.000000 0.000000 0.000000 0.000000 0.000000 0.000000 0.000000 0.000000 0.000000 0.000000 0.000000 0.000000 0.000000 0.000000 0.000000 0.000000 0.000000 0.000000 0.000000 0.000000 0.000000 0.000000 0.000000 0.000000 0.000000 0.000000 0.000000 0.000000 0.000000 0.000000 0.000000 0.000000 0.000000 0.000000 0.000000 0.000000 0.000000 0.000000 0.000000 0.000000 0.000000 0.000000 0.000000 0.000000 0.000000 0.000000 0.000000 0.000000 0.000000 0.000000 0.000000 0.000000 0.000000 0.000000 0.000000 0.000000 0.000000 0.000000 0.000000 0.000000 0.000000 0.000000 0.000000
0.000000 0.000000 0.000000 0.000000 0.000000 0.000000 0.000000 0.000000 0.000000 0.000000 0.000000 0.000000 0.000000 0.000000 0.000000 0.000000 0.000000 0.000000 0.000000 0.000000 0.000000 0.000000 0.000000 0.000000 0.000000 0.000000 0.000000 0.000000 0.000000 0.000000 0.000000 0.000000 0.000000 0.000000 0.000000 0.000000 0.000000 0.000000 0.000000 0.000000 0.000000 0.000000 0.000000 0.000000 0.000000 0.000000 0.000000 0.000000 0.000000 0.000000 0.000000 0.000000 0.000000 0.000000 0.000000 0.000000 0.000000 0.000000 0.000000 0.000000 0.000000 0.000000 0.000000 0.000000 0.000000 0.000000 0.000000 0.000000 0.000000 0.000000 0.000000 0.000000 0.000000 0.000000 0.000000 0.000000 0.000000 0.000000 0.000000 0.000000 0.000000 0.000000 0.000000 0.000000 0.000000 0.000000 0.000000 0.000000 0.000000 0.000000 0.000000 0.000000 0.000000 0.000000 0.000000 0.000000 0.000000 0.000000 0.000000 0.000000 0.000000 0.000000 0.000000 0.000000 0.000000 0.000000 0.000000 0.000000 0.000000 0.000000 0.000000 0.000000 0.000000 0.000000 0.000000 0.000000 0.000000 0.000000 0.000000 0.000000 0.000000 0.000000 0.000000 0.000000 0.000000 0.000000 0.000000 0.000000 0.000000 0.000000 0.000000 0.000000 0.000000 0.434871 0.476436 0.473630 0.454257 0.539874 0.651739 0.751352 0.803274 0.797834 0.727702 0.673628 0.619761 0.568049 0.503720 0.412605 0.000000 0.387081 0.468671 0.742981 0.856630 0.828821 0.735444 0.622262 0.497159 0.000000 0.000000 0.000000 0.000000 0.000000 0.000000 0.000000 0.000000 0.000000 0.000000 0.000000 0.000000 0.004000 0.000000 0.000000 0.000000 0.000000 0.000000 0.000000 0.000000 0.000000 0.000000 0.000000 0.000000 0.000000 0.000000 0.000000 0.000000 0.000000 0.000000 0.000000 0.000000 0.000000 0.000000 0.000000 0.000000 0.000000 0.000000 0.000000 0.000000 0.000000 0.000000 0.000000 0.000000 0.000000 0.000000 0.000000 0.000000 0.000000 0.000000 0.000000 0.000000 0.000000 0.000000 0.000000 0.000000 0.000000 0.000000 0.000000 0.000000 0.000000 0.000000 0.000000 0.000000 0.000000 0.000000 0.000000 0.000000 0.000000 0.000000 0.000000 0.000000 0.000000 0.000000 0.000000 0.000000 0.000000 0.000000 0.000000 0.000000 0.000000 0.000000 0.000000 0.000000 0.000000 0.000000 0.000000 0.000000 0.000000 0.000000 0.000000 0.000000 0.000000 0.000000 0.000000 0.000000 0.000000 0.000000 0.000000 0.000000 0.000000 0.000000 0.000000 0.000000 0.000000 0.000000 0.000000 0.000000 0.000000 0.000000 0.000000 0.000000 0.000000 0.000000 0.000000 0.000000 0.000000 0.000000 0.000000 0.000000 0.000000 0.000000 0.000000
0.000000 0.000000 0.000000 0.000000 0.000000 0.000000 0.000000 0.000000 0.000000 0.000000 0.000000 0.000000 0.000000 0.000000 0.000000 0.000000 0.000000 0.000000 0.000000 0.000000 0.000000 0.000000 0.000000 0.000000 0.000000 0.000000 0.000000 0.000000 0.000000 0.000000 0.000000 0.000000 0.000000 0.000000 0.000000 0.000000 0.000000 0.000000 0.000000 0.000000 0.000000 0.000000 0.000000 0.000000 0.000000 0.000000 0.000000 0.000000 0.000000 0.000000 0.000000 0.000000 0.000000 0.000000 0.000000 0.000000 0.000000 0.000000 0.000000 0.000000 0.000000 0.000000 0.000000 0.000000 0.000000 0.000000 0.000000 0.000000 0.000000 0.000000 0.000000 0.000000 0.000000 0.000000 0.000000 0.000000 0.000000 0.000000 0.000000 0.000000 0.000000 0.000000 0.000000 0.000000 0.000000 0.000000 0.000000 0.000000 0.000000 0.000000 0.000000 0.000000 0.000000 0.000000 0.000000 0.000000 0.000000 0.000000 0.000000 0.000000 0.000000 0.000000 0.000000 0.000000 0.000000 0.000000 0.000000 0.000000 0.000000 0.000000 0.000000 0.000000 0.000000 0.000000 0.000000 0.000000 0.000000 0.000000 0.000000 0.000000 0.000000 0.000000 0.000000 0.000000 0.000000 0.000000 0.000000 0.000000 0.000000 0.000000 0.000000 0.000000 0.000000 0.460937 0.503719 0.553846 0.550954 0.638031 0.704025 0.780490 0.792537 0.763336 0.663789 0.579052 0.509166 0.449509 0.386612 0.000000 0.000000 0.000000 0.000000 0.569798 0.645150 0.687068 0.725140 0.709380 0.650077 0.524121 0.408949 0.000000 0.000000 0.000000 0.000000 0.000000 0.000000 0.000000 0.000000 0.412038 0.000000 0.000000 0.000000 0.000000 0.000000 0.000000 0.000000 0.000000 0.000000 0.000000 0.000000 0.000000 0.000000 0.000000 0.000000 0.000000 0.000000 0.000000 0.000000 0.000000 0.000000 0.000000 0.000000 0.000000 0.000000 0.000000 0.000000 0.000000 0.000000 0.000000 0.000000 0.000000 0.000000 0.000000 0.000000 0.000000 0.000000 0.000000 0.000000 0.000000 0.000000 0.000000 0.000000 0.000000 0.000000 0.000000 0.000000 0.000000 0.000000 0.000000 0.000000 0.000000 0.000000 0.000000 0.000000 0.000000 0.000000 0.000000 0.000000 0.000000 0.000000 0.000000 0.000000 0.000000 0.000000 0.000000 0.000000 0.000000 0.000000 0.000000 0.000000 0.000000 0.000000 0.000000 0.000000 0.000000 0.000000 0.000000 0.000000 0.000000 0.000000 0.000000 0.000000 0.000000 0.000000 0.000000 0.000000 0.000000 0.000000 0.000000 0.000000 0.000000 0.000000 0.000000 0.000000 0.000000 0.000000 0.000000 0.000000 0.000000 0.000000 0.000000 0.000000 0.000000 0.000000 0.000000 0.000000 0.000000 0.000000 0.000000 0.000000 0.000000
0.000000 0.000000 0.000000 0.000000 0.000000 0.000000 0.000000 0.000000 0.000000 0.000000 0.000000 0.000000 0.000000 0.000000 0.000000 0.000000 0.000000 0.000000 0.000000 0.000000 0.000000 0.000000 0.000000 0.000000 0.000000 0.000000 0.000000 0.000000 0.000000 0.000000 0.000000 0.000000 0.000000 0.000000 0.000000 0.000000 0.000000 0.000000 0.000000 0.000000 0.000000 0.000000 0.000000 0.000000 0.000000 0.000000 0.000000 0.000000 0.000000 0.000000 0.000000 0.000000 0.000000 0.000000 0.000000 0.000000 0.000000 0.000000 0.000000 0.000000 0.000000 0.000000 0.000000 0.000000 0.000000 0.000000 0.000000 0.000000 0.000000 0.000000 0.000000 0.000000 0.000000 0.000000 0.000000 0.000000 0.000000 0.000000 0.000000 0.000000 0.000000 0.000000 0.000000 0.000000 0.000000 0.000000 0.000000 0.000000 0.000000 0.000000 0.000000 0.000000 0.000000 0.000000 0.000000 0.000000 0.000000 0.000000 0.000000 0.000000 0.000000 0.000000 0.000000 0.000000 0.000000 0.000000 0.000000 0.000000 0.000000 0.000000 0.000000 0.000000 0.000000 0.429817 0.000000 0.000000 0.000000 0.000000 0.000000 0.000000 0.000000 0.000000 0.000000 0.000000 0.000000 0.000000 0.000000 0.000000 0.000000 0.000000 0.000000 0.000000 0.000000 0.000000 0.000000 0.500129 0.655290 0.678554 0.737849 0.741720 0.711850 0.653014 0.541051 0.431331 0.000000 0.000000 0.000000 0.000000 0.455989 0.000000 0.000000 0.393217 0.595220 0.743389 0.791157 0.797902 0.739388 0.600673 0.447473 0.000000 0.000000 0.000000 0.000000 0.000000 0.000000 0.000000 0.000000 0.000000 0.508163 0.604027 0.534523 0.424796 0.000000 0.000000 0.000000 0.000000 0.000000 0.000000 0.000000 0.000000 0.000000 0.000000 0.000000 0.000000 0.000000 0.000000 0.000000 0.000000 0.000000 0.000000 0.000000 0.000000 0.000000 0.000000 0.000000 0.000000 0.000000 0.000000 0.000000 0.000000 0.000000 0.000000 0.000000 0.000000 0.000000 0.000000 0.000000 0.000000 0.000000 0.000000 0.000000 0.000000 0.000000 0.000000 0.000000 0.000000 0.000000 0.000000 0.000000 0.000000 0.000000 0.000000 0.000000 0.000000 0.000000 0.000000 0.000000 0.000000 0.000000 0.000000 0.000000 0.000000 0.000000 0.000000 0.000000 0.000000 0.000000 0.000000 0.000000 0.000000 0.000000 0.000000 0.000000 0.000000 0.000000 0.000000 0.000000 0.000000 0.000000 0.000000 0.000000 0.000000 0.000000 0.000000 0.000000 0.000000 0.000000 0.000000 0.000000 0.000000 0.000000 0.000000 0.000000 0.000000 0.000000 0.000000 0.000000 0.000000 0.000000 0.000000 0.000000 0.000000 0.000000 0.000000 0.000000 0.000000 0.000000 0.000000 0.000000 0.000000
0.000000 0.000000 0.000000 0.000000 0.000000 0.000000 0.000000 0.000000 0.000000 0.000000 0.000000 0.000000 0.000000 0.000000 0.000000 0.000000 0.000000 0.000000 0.000000 0.000000 0.000000 0.000000 0.000000 0.000000 0.000000 0.000000 0.000000 0.000000 0.000000 0.000000 0.000000 0.000000 0.000000 0.000000 0.000000 0.000000 0.000000 0.000000 0.000000 0.000000 0.000000 0.000000 0.000000 0.000000 0.000000 0.000000 0.000000 0.000000 0.000000 0.000000 0.000000 0.000000 0.000000 0.000000 0.000000 0.000000 0.000000 0.000000 0.000000 0.000000 0.000000 0.000000 0.000000 0.000000 0.000000 0.000000 0.000000 0.000000 0.000000 0.000000 0.000000 0.000000 0.000000 0.000000 0.000000 0.000000 0.000000 0.000000 0.000000 0.000000 0.000000 0.000000 0.000000 0.000000 0.000000 0.000000 0.000000 0.000000 0.000000 0.000000 0.000000 0.000000 0.000000 0.000000 0.000000 0.000000 0.000000 0.000000 0.000000 0.000000 0.000000 0.000000 0.000000 0.000000 0.000000 0.000000 0.000000 0.000000 0.000000 0.000000 0.000000 0.000000 0.000000 0.000000 0.000000 0.000000 0.000000 0.000000 0.000000 0.000000 0.000000 0.000000 0.000000 0.000000 0.000000 0.000000 0.000000 0.000000 0.000000 0.000000 0.000000 0.000000 0.000000 0.000000 0.421093 0.588627 0.704561 0.770892 0.772430 0.730623 0.667688 0.581754 0.464558 0.000000 0.000000 0.000000 0.000000 0.000000 0.000000 0.000000 0.498429 0.633257 0.766211 0.765282 0.789656 0.843508 0.766030 0.632554 0.386990 0.000000 0.394718 0.402008 0.404480 0.369629 0.000000 0.000000 0.437557 0.545440 0.787261 0.828497 0.744922 0.566847 0.417623 0.000000 0.000000 0.000000 0.000000 0.000000 0.000000 0.000000 0.000000 0.000000 0.000000 0.000000 0.000000 0.000000 0.000000 0.000000 0.000000 0.000000 0.000000 0.000000 0.000000 0.000000 0.000000 0.000000 0.000000 0.000000 0.000000 0.000000 0.000000 0.000000 0.000000 0.000000 0.000000 0.000000 0.000000 0.000000 0.000000 0.000000 0.000000 0.000000 0.000000 0.000000 0.000000 0.000000 0.000000 0.000000 0.000000 0.000000 0.000000 0.000000 0.000000 0.000000 0.000000 0.000000 0.000000 0.000000 0.000000 0.000000 0.000000 0.000000 0.000000 0.000000 0.000000 0.000000 0.000000 0.000000 0.000000 0.000000 0.000000 0.000000 0.000000 0.000000 0.000000 0.000000 0.000000 0.000000 0.000000 0.000000 0.000000 0.000000 0.000000 0.000000 0.000000 0.000000 0.000000 0.000000 0.000000 0.000000 0.000000 0.000000 0.000000 0.000000 0.000000 0.000000 0.000000 0.000000 0.000000 0.000000 0.000000 0.000000 0.000000 0.000000 0.000000 0.000000 0.000000 0.000000 0.000000 0.000000
0.000000 0.000000 0.000000 0.000000 0.000000 0.000000 0.000000 0.000000 0.000000 0.000000 0.000000 0.000000 0.000000 0.000000 0.000000 0.000000 0.000000 0.000000 0.000000 0.000000 0.000000 0.000000 0.000000 0.000000 0.000000 0.000000 0.000000 0.000000 0.000000 0.000000 0.000000 0.000000 0.000000 0.000000 0.000000 0.000000 0.000000 0.000000 0.000000 0.000000 0.000000 0.000000 0.000000 0.000000 0.000000 0.000000 0.000000 0.000000 0.000000 0.000000 0.000000 0.000000 0.000000 0.000000 0.000000 0.000000 0.000000 0.000000 0.000000 0.000000 0.000000 0.000000 0.000000 0.000000 0.000000 0.000000 0.000000 0.000000 0.000000 0.000000 0.000000 0.000000 0.000000 0.000000 0.000000 0.000000 0.000000 0.000000 0.000000 0.000000 0.000000 0.000000 0.000000 0.000000 0.000000 0.000000 0.000000 0.000000 0.000000 0.000000 0.000000 0.000000 0.000000 0.000000 0.000000 0.000000 0.000000 0.000000 0.000000 0.000000 0.000000 0.000000 0.000000 0.000000 0.000000 0.000000 0.000000 0.000000 0.000000 0.000000 0.000000 0.000000 0.000000 0.000000 0.000000 0.000000 0.000000 0.000000 0.000000 0.000000 0.000000 0.000000 0.000000 0.000000 0.000000 0.000000 0.000000 0.000000 0.000000 0.000000 0.000000 0.000000 0.000000 0.000000 0.765982 0.653424 0.716116 0.735147 0.699165 0.638081 0.559047 0.459917 0.000000 0.000000 0.000000 0.000000 0.000000 0.000000 0.474578 0.631244 0.748732 0.730996 0.781866 0.796003 0.796721 0.732278 0.652620 0.506469 0.442002 0.411244 0.566896 0.587511 0.587858 0.555652 0.477460 0.534097 0.627660 0.690729 0.886951 0.909604 0.805216 0.640184 0.519560 0.412253 0.000000 0.000000 0.000000 0.000000 0.000000 0.000000 0.000000 0.000000 0.000000 0.000000 0.000000 0.000000 0.000000 0.000000 0.000000 0.000000 0.000000 0.000000 0.000000 0.000000 0.000000 0.000000 0.000000 0.000000 0.000000 0.000000 0.000000 0.000000 0.000000 0.000000 0.000000 0.000000 0.000000 0.000000 0.000000 0.000000 0.000000 0.000000 0.000000 0.000000 0.000000 0.000000 0.000000 0.000000 0.000000 0.000000 0.000000 0.000000 0.000000 0.000000 0.000000 0.000000 0.000000 0.000000 0.000000 0.000000 0.000000 0.000000 0.000000 0.000000 0.000000 0.000000 0.000000 0.000000 0.000000 0.000000 0.000000 0.000000 0.000000 0.000000 0.000000 0.000000 0.000000 0.000000 0.000000 0.000000 0.000000 0.000000 0.000000 0.000000 0.000000 0.000000 0.000000 0.000000 0.000000 0.000000 0.000000 0.000000 0.000000 0.000000 0.000000 0.000000 0.000000 0.000000 0.000000 0.000000 0.000000 0.000000 0.000000 0.000000 0.000000 0.000000 0.000000 0.000000 0.000000 0.000000
0.000000 0.000000 0.000000 0.000000 0.000000 0.000000 0.000000 0.000000 0.000000 0.000000 0.000000 0.000000 0.000000 0.000000 0.000000 0.000000 0.000000 0.000000 0.000000 0.000000 0.000000 0.000000 0.000000 0.000000 0.000000 0.000000 0.000000 0.000000 0.000000 0.000000 0.000000 0.000000 0.000000 0.000000 0.000000 0.000000 0.000000 0.000000 0.000000 0.000000 0.000000 0.000000 0.000000 0.000000 0.000000 0.000000 0.000000 0.000000 0.000000 0.000000 0.000000 0.000000 0.000000 0.000000 0.000000 0.000000 0.000000 0.000000 0.000000 0.000000 0.000000 0.000000 0.000000 0.000000 0.000000 0.000000 0.000000 0.000000 0.000000 0.000000 0.000000 0.000000 0.000000 0.000000 0.000000 0.000000 0.000000 0.000000 0.000000 0.000000 0.000000 0.000000 0.000000 0.000000 0.000000 0.000000 0.000000 0.000000 0.000000 0.000000 0.000000 0.000000 0.000000 0.000000 0.000000 0.000000 0.000000 0.000000 0.000000 0.000000 0.000000 0.000000 0.000000 0.000000 0.000000 0.000000 0.000000 0.000000 0.000000 0.000000 0.000000 0.000000 0.000000 0.000000 0.000000 0.000000 0.000000 0.000000 0.000000 0.000000 0.000000 0.000000 0.000000 0.000000 0.000000 0.000000 0.000000 0.000000 0.000000 0.000000 0.000000 0.000000 0.000000 0.000000 0.000000 0.474886 0.541656 0.544038 0.502702 0.433620 0.000000 0.000000 0.000000 0.417303 0.000000 0.000000 0.000000 0.396846 0.552354 0.767454 0.830191 0.738426 0.782898 0.762284 0.709684 0.652660 0.661964 0.553972 0.526175 0.639321 0.720775 0.719317 0.676480 0.616439 0.553550 0.633575 0.695973 0.736699 0.761213 0.761835 0.668889 0.595535 0.541341 0.465820 0.000000 0.000000 0.000000 0.000000 0.000000 0.000000 0.000000 0.000000 0.000000 0.000000 0.000000 0.000000 0.000000 0.000000 0.000000 0.000000 0.000000 0.000000 0.000000 0.000000 0.000000 0.000000 0.000000 0.000000 0.000000 0.000000 0.000000 0.000000 0.000000 0.000000 0.000000 0.000000 0.000000 0.000000 0.000000 0.000000 0.000000 0.000000 0.000000 0.000000 0.000000 0.000000 0.000000 0.000000 0.000000 0.000000 0.000000 0.000000 0.000000 0.000000 0.000000 0.000000 0.000000 0.000000 0.000000 0.000000 0.000000 0.000000 0.000000 0.000000 0.000000 0.000000 0.000000 0.000000 0.000000 0.000000 0.000000 0.000000 0.000000 0.000000 0.000000 0.000000 0.000000 0.000000 0.000000 0.000000 0.000000 0.000000 0.000000 0.000000 0.000000 0.000000 0.000000 0.000000 0.000000 0.000000 0.000000 0.000000 0.000000 0.000000 0.000000 0.000000 0.000000 0.000000 0.000000 0.000000 0.000000 0.000000 0.000000 0.000000 0.000000 0.000000 0.000000 0.000000 0.000000 0.000000
0.000000 0.000000 0.000000 0.000000 0.000000 0.000000 0.000000 0.000000 0.000000 0.000000 0.000000 0.000000 0.000000 0.000000 0.000000 0.000000 0.000000 0.000000 0.000000 0.000000 0.000000 0.000000 0.000000 0.000000 0.000000 0.000000 0.000000 0.000000 0.000000 0.000000 0.000000 0.000000 0.000000 0.000000 0.000000 0.000000 0.000000 0.000000 0.000000 0.000000 0.000000 0.000000 0.000000 0.000000 0.000000 0.000000 0.000000 0.000000 0.000000 0.000000 0.000000 0.000000 0.000000 0.000000 0.000000 0.000000 0.000000 0.000000 0.000000 0.000000 0.000000 0.000000 0.000000 0.000000 0.000000 0.000000 0.000000 0.000000 0.000000 0.000000 0.000000 0.000000 0.000000 0.000000 0.000000 0.000000 0.000000 0.000000 0.000000 0.000000 0.000000 0.000000 0.000000 0.000000 0.000000 0.000000 0.000000 0.000000 0.000000 0.000000 0.000000 0.000000 0.000000 0.000000 0.000000 0.000000 0.000000 0.000000 0.000000 0.000000 0.000000 0.000000 0.000000 0.000000 0.000000 0.000000 0.000000 0.000000 0.000000 0.000000 0.000000 0.000000 0.000000 0.000000 0.000000 0.000000 0.000000 0.000000 0.000000 0.000000 0.000000 0.000000 0.000000 0.000000 0.000000 0.000000 0.000000 0.000000 0.000000 0.000000 0.000000 0.000000 0.000000 0.000000 0.000000 0.000000 0.000000 0.000000 0.000000 0.000000 0.000000 0.000000 0.000000 0.000000 0.000000 0.000000 0.000000 0.513370 0.597742 0.751431 0.767884 0.675297 0.705260 0.790839 0.750819 0.761403 0.668954 0.610485 0.604387 0.707052 0.774564 0.713537 0.599690 0.510093 0.558560 0.596317 0.529720 0.507829 0.696133 0.000000 0.000000 0.000000 0.000000 0.000000 0.000000 0.000000 0.000000 0.000000 0.000000 0.000000 0.000000 0.000000 0.000000 0.000000 0.000000 0.000000 0.000000 0.000000 0.000000 0.000000 0.000000 0.000000 0.000000 0.000000 0.000000 0.000000 0.000000 0.000000 0.000000 0.000000 0.000000 0.000000 0.000000 0.000000 0.000000 0.000000 0.000000 0.000000 0.000000 0.000000 0.000000 0.000000 0.000000 0.000000 0.000000 0.000000 0.000000 0.000000 0.000000 0.000000 0.000000 0.000000 0.000000 0.000000 0.000000 0.000000 0.000000 0.000000 0.000000 0.000000 0.000000 0.000000 0.000000 0.000000 0.000000 0.000000 0.000000 0.000000 0.000000 0.000000 0.000000 0.000000 0.000000 0.000000 0.000000 0.000000 0.000000 0.000000 0.000000 0.000000 0.000000 0.000000 0.000000 0.000000 0.000000 0.000000 0.000000 0.000000 0.000000 0.000000 0.000000 0.000000 0.000000 0.000000 0.000000 0.000000 0.000000 0.000000 0.000000 0.000000 0.000000 0.000000 0.000000 0.000000 0.000000 0.000000 0.000000 0.000000 0.000000 0.000000
0.000000 0.000000 0.000000 0.000000 0.000000 0.000000 0.000000 0.000000 0.000000 0.000000 0.000000 0.000000 0.000000 0.000000 0.000000 0.000000 0.000000 0.000000 0.000000 0.000000 0.000000 0.000000 0.000000 0.000000 0.000000 0.000000 0.000000 0.000000 0.000000 0.000000 0.000000 0.000000 0.000000 0.000000 0.000000 0.000000 0.000000 0.000000 0.000000 0.000000 0.000000 0.000000 0.000000 0.000000 0.000000 0.000000 0.000000 0.000000 0.000000 0.000000 0.000000 0.000000 0.000000 0.000000 0.000000 0.000000 0.000000 0.000000 0.000000 0.000000 0.000000 0.000000 0.000000 0.000000 0.000000 0.000000 0.000000 0.000000 0.000000 0.000000 0.000000 0.000000 0.000000 0.000000 0.000000 0.000000 0.000000 0.000000 0.000000 0.000000 0.000000 0.000000 0.000000 0.000000 0.000000 0.000000 0.000000 0.000000 0.000000 0.000000 0.000000 0.000000 0.000000 0.000000 0.000000 0.000000 0.000000 0.000000 0.000000 0.000000 0.000000 0.000000 0.000000 0.000000 0.000000 0.000000 0.000000 0.000000 0.000000 0.000000 0.000000 0.000000 0.000000 0.000000 0.000000 0.000000 0.000000 0.000000 0.000000 0.000000 0.000000 0.000000 0.000000 0.000000 0.000000 0.000000 0.000000 0.000000 0.000000 0.000000 0.000000 0.000000 0.000000 0.000000 0.000000 0.000000 0.000000 0.000000 0.000000 0.000000 0.000000 0.000000 0.000000 0.000000 0.510308 0.598458 0.716998 0.712322 0.635290 0.722260 0.772201 0.701442 0.731325 0.809820 0.820836 0.778272 0.694565 0.638117 0.573603 0.504977 0.549897 0.503104 0.000000 0.000000 0.000000 0.000000 0.000000 0.000000 0.000000 0.000000 0.000000 0.000000 0.000000 0.000000 0.000000 0.000000 0.000000 0.000000 0.000000 0.000000 0.000000 0.000000 0.000000 0.000000 0.000000 0.000000 0.000000 0.000000 0.000000 0.000000 0.000000 0.000000 0.000000 0.000000 0.000000 0.000000 0.000000 0.000000 0.000000 0.000000 0.000000 0.000000 0.000000 0.000000 0.000000 0.000000 0.000000 0.000000 0.000000 0.000000 0.000000 0.000000 0.000000 0.000000 0.000000 0.000000 0.000000 0.000000 0.000000 0.000000 0.000000 0.000000 0.000000 0.000000 0.000000 0.000000 0.000000 0.000000 0.000000 0.000000 0.000000 0.000000 0.000000 0.000000 0.000000 0.000000 0.000000 0.000000 0.000000 0.000000 0.000000 0.000000 0.000000 0.000000 0.000000 0.000000 0.000000 0.000000 0.000000 0.000000 0.000000 0.000000 0.000000 0.000000 0.000000 0.000000 0.000000 0.000000 0.000000 0.000000 0.000000 0.000000 0.000000 0.000000 0.000000 0.000000 0.000000 0.000000 0.000000 0.000000 0.000000 0.000000 0.000000 0.000000 0.000000 0.000000 0.000000 0.000000 0.000000 0.000000
0.000000 0.000000 0.000000 0.000000 0.000000 0.000000 0.000000 0.000000 0.000000 0.000000 0.000000 0.000000 0.000000 0.000000 0.000000 0.000000 0.000000 0.000000 0.000000 0.000000 0.000000 0.000000 0.000000 0.000000 0.000000 0.000000 0.000000 0.000000 0.000000 0.000000 0.000000 0.000000 0.000000 0.000000 0.000000 0.000000 0.000000 0.000000 0.000000 0.000000 0.000000 0.000000 0.000000 0.000000 0.000000 0.000000 0.000000 0.000000 0.000000 0.000000 0.000000 0.000000 0.000000 0.000000 0.000000 0.000000 0.000000 0.000000 0.000000 0.000000 0.000000 0.000000 0.000000 0.000000 0.000000 0.000000 0.000000 0.000000 0.000000 0.000000 0.000000 0.000000 0.000000 0.000000 0.000000 0.000000 0.000000 0.000000 0.000000 0.000000 0.000000 0.000000 0.000000 0.000000 0.000000 0.000000 0.000000 0.000000 0.000000 0.000000 0.000000 0.000000 0.000000 0.000000 0.000000 0.000000 0.000000 0.000000 0.000000 0.000000 0.000000 0.000000 0.000000 0.000000 0.000000 0.000000 0.000000 0.000000 0.000000 0.000000 0.000000 0.000000 0.000000 0.000000 0.000000 0.000000 0.000000 0.000000 0.000000 0.000000 0.000000 0.000000 0.000000 0.000000 0.000000 0.000000 0.435052 0.000000 0.000000 0.000000 0.000000 0.000000 0.000000 0.000000 0.000000 0.000000 0.000000 0.000000 0.000000 0.404496 0.454024 0.438731 0.617295 0.815601 0.870557 0.838594 0.841260 0.784038 0.691931 0.629176 0.574619 0.619455 0.693234 0.725053 0.751403 0.688456 0.657286 0.583373 0.516986 0.439877 0.373209 0.000000 0.000000 0.000000 0.000000 0.000000 0.000000 0.000000 0.000000 0.000000 0.000000 0.405138 0.399851 0.000000 0.000000 0.000000 0.000000 0.000000 0.000000 0.000000 0.000000 0.000000 0.000000 0.000000 0.000000 0.000000 0.000000 0.000000 0.000000 0.000000 0.000000 0.000000 0.000000 0.000000 0.000000 0.000000 0.000000 0.000000 0.000000 0.000000 0.000000 0.000000 0.000000 0.000000 0.000000 0.000000 0.000000 0.000000 0.000000 0.000000 0.000000 0.000000 0.000000 0.000000 0.000000 0.000000 0.000000 0.000000 0.000000 0.000000 0.000000 0.000000 0.000000 0.000000 0.000000 0.000000 0.000000 0.000000 0.000000 0.000000 0.000000 0.000000 0.000000 0.000000 0.000000 0.000000 0.000000 0.000000 0.000000 0.000000 0.000000 0.000000 0.000000 0.000000 0.000000 0.000000 0.000000 0.000000 0.000000 0.000000 0.000000 0.000000 0.000000 0.000000 0.000000 0.000000 0.000000 0.000000 0.000000 0.000000 0.000000 0.000000 0.000000 0.000000 0.000000 0.000000 0.000000 0.000000 0.000000 0.000000 0.000000 0.000000 0.000000 0.000000 0.000000 0.000000 0.000000 0.000000 0.000000 0.000000
0.000000 0.000000 0.000000 0.000000 0.000000 0.000000 0.000000 0.000000 0.000000 0.000000 0.000000 0.000000 0.000000 0.000000 0.000000 0.000000 0.000000 0.000000 0.000000 0.000000 0.000000 0.000000 0.000000 0.000000 0.000000 0.000000 0.000000 0.000000 0.000000 0.000000 0.000000 0.000000 0.000000 0.000000 0.000000 0.000000 0.000000 0.000000 0.000000 0.000000 0.000000 0.000000 0.000000 0.000000 0.000000 0.000000 0.000000 0.000000 0.000000 0.000000 0.000000 0.000000 0.000000 0.000000 0.000000 0.000000 0.000000 0.000000 0.000000 0.000000 0.000000 0.000000 0.000000 0.000000 0.000000 0.000000 0.000000 0.000000 0.000000 0.000000 0.000000 0.000000 0.000000 0.000000 0.000000 0.000000 0.000000 0.000000 0.000000 0.000000 0.000000 0.000000 0.000000 0.000000 0.000000 0.000000 0.000000 0.000000 0.000000 0.000000 0.000000 0.000000 0.000000 0.000000 0.000000 0.000000 0.000000 0.000000 0.000000 0.000000 0.000000 0.000000 0.000000 0.000000 0.000000 0.000000 0.000000 0.000000 0.000000 0.000000 0.000000 0.000000 0.000000 0.000000 0.000000 0.000000 0.000000 0.000000 0.000000 0.000000 0.000000 0.000000 0.000000 0.000000 0.000000 0.000000 0.000000 0.000000 0.000000 0.000000 0.000000 0.000000 0.000000 0.611223 0.444628 0.000000 0.000000 0.000000 0.000000 0.475361 0.615866 0.629685 1.134171 0.896087 0.907504 0.918072 0.833928 0.704958 0.595617 0.552228 0.496783 0.493428 0.516444 0.584170 0.663369 0.718635 0.700846 0.485169 0.415667 0.368512 0.000000 0.000000 0.000000 0.000000 0.448821 0.474467 0.400325 0.000000 0.000000 0.000000 0.000000 0.431650 0.422726 0.000000 0.000000 0.000000 0.000000 0.000000 0.000000 0.000000 0.000000 0.000000 0.000000 0.000000 0.000000 0.000000 0.000000 0.000000 0.000000 0.000000 0.000000 0.000000 0.000000 0.000000 0.000000 0.000000 0.000000 0.000000 0.000000 0.000000 0.000000 0.000000 0.000000 0.000000 0.000000 0.000000 0.000000 0.000000 0.000000 0.000000 0.000000 0.000000 0.000000 0.000000 0.000000 0.000000 0.000000 0.000000 0.000000 0.000000 0.000000 0.000000 0.000000 0.000000 0.000000 0.000000 0.000000 0.000000 0.000000 0.000000 0.000000 0.000000 0.000000 0.000000 0.000000 0.000000 0.000000 0.000000 0.000000 0.000000 0.000000 0.000000 0.000000 0.000000 0.000000 0.000000 0.000000 0.000000 0.000000 0.000000 0.000000 0.000000 0.000000 0.000000 0.000000 0.000000 0.000000 0.000000 0.000000 0.000000 0.000000 0.000000 0.000000 0.000000 0.000000 0.000000 0.000000 0.000000 0.000000 0.000000 0.000000 0.000000 0.000000 0.000000 0.000000 0.000000 0.000000 0.000000 0.000000 0.000000
0.000000 0.000000 0.000000 0.000000 0.000000 0.000000 0.000000 0.000000 0.000000 0.000000 0.000000 0.000000 0.000000 0.000000 0.000000 0.000000 0.000000 0.000000 0.000000 0.000000 0.000000 0.000000 0.000000 0.000000 0.000000 0.000000 0.000000 0.000000 0.000000 0.000000 0.000000 0.000000 0.000000 0.000000 0.000000 0.000000 0.000000 0.000000 0.000000 0.000000 0.000000 0.000000 0.000000 0.000000 0.000000 0.000000 0.000000 0.000000 0.000000 0.000000 0.000000 0.000000 0.000000 0.000000 0.000000 0.000000 0.000000 0.000000 0.000000 0.000000 0.000000 0.000000 0.000000 0.000000 0.000000 0.000000 0.000000 0.000000 0.000000 0.000000 0.000000 0.000000 0.000000 0.000000 0.000000 0.000000 0.000000 0.000000 0.000000 0.000000 0.000000 0.000000 0.000000 0.000000 0.000000 0.000000 0.000000 0.000000 0.000000 0.000000 0.000000 0.000000 0.000000 0.000000 0.000000 0.000000 0.000000 0.000000 0.000000 0.000000 0.000000 0.000000 0.000000 0.000000 0.000000 0.000000 0.000000 0.000000 0.000000 0.000000 0.000000 0.000000 0.000000 0.000000 0.000000 0.000000 0.000000 0.000000 0.000000 0.000000 0.000000 0.000000 0.000000 0.000000 0.000000 0.000000 0.000000 0.000000 0.000000 0.000000 0.000000 0.000000 0.000000 0.893952 0.538318 0.688248 0.490334 0.423647 0.448963 0.627768 0.645670 0.715400 1.080206 0.783016 0.785802 0.733230 0.678676 0.669614 0.649886 0.617639 0.717072 0.608741 0.516748 0.495778 0.546072 0.524544 0.526074 0.421221 0.376390 0.000000 0.000000 0.000000 0.000000 0.541062 0.650497 0.666955 0.596603 0.000000 0.448835 0.710740 0.570812 0.000000 0.000000 0.000000 0.382711 0.412157 0.398212 0.000000 0.000000 0.000000 0.000000 0.000000 0.519988 0.524611 0.000000 0.000000 0.000000 0.000000 0.000000 0.000000 0.000000 0.000000 0.000000 0.000000 0.000000 0.000000 0.000000 0.000000 0.000000 0.000000 0.000000 0.000000 0.000000 0.000000 0.000000 0.000000 0.000000 0.000000 0.000000 0.000000 0.000000 0.000000 0.000000 0.000000 0.000000 0.000000 0.000000 0.000000 0.000000 0.000000 0.000000 0.000000 0.000000 0.000000 0.000000 0.000000 0.000000 0.000000 0.000000 0.000000 0.000000 0.000000 0.000000 0.000000 0.000000 0.000000 0.000000 0.000000 0.000000 0.000000 0.000000 0.000000 0.000000 0.000000 0.000000 0.000000 0.000000 0.000000 0.000000 0.000000 0.000000 0.000000 0.000000 0.000000 0.000000 0.000000 0.000000 0.000000 0.000000 0.000000 0.000000 0.000000 0.000000 0.000000 0.000000 0.000000 0.000000 0.000000 0.000000 0.000000 0.000000 0.000000 0.000000 0.000000 0.000000 0.000000 0.000000 0.000000 0.000000 0.000000
0.000000 0.000000 0.000000 0.000000 0.000000 0.000000 0.000000 0.000000 0.000000 0.000000 0.000000 0.000000 0.000000 0.000000 0.000000 0.000000 0.000000 0.000000 0.000000 0.000000 0.000000 0.000000 0.000000 0.000000 0.000000 0.000000 0.000000 0.000000 0.000000 0.000000 0.000000 0.000000 0.000000 0.000000 0.000000 0.000000 0.000000 0.000000 0.000000 0.000000 0.000000 0.000000 0.000000 0.000000 0.000000 0.000000 0.000000 0.000000 0.000000 0.000000 0.000000 0.000000 0.000000 0.000000 0.000000 0.000000 0.000000 0.000000 0.000000 0.000000 0.000000 0.000000 0.000000 0.000000 0.000000 0.000000 0.000000 0.000000 0.000000 0.000000 0.000000 0.000000 0.000000 0.000000 0.000000 0.000000 0.000000 0.000000 0.000000 0.000000 0.000000 0.000000 0.000000 0.000000 0.000000 0.000000 0.000000 0.000000 0.000000 0.000000 0.000000 0.000000 0.000000 0.000000 0.000000 0.000000 0.000000 0.000000 0.000000 0.000000 0.000000 0.000000 0.000000 0.000000 0.000000 0.000000 0.000000 0.000000 0.000000 0.000000 0.000000 0.000000 0.000000 0.000000 0.000000 0.000000 0.000000 0.000000 0.000000 0.000000 0.000000 0.000000 0.000000 0.000000 0.000000 0.000000 0.000000 0.000000 0.000000 0.000000 0.384879 0.388157 0.376361 0.683853 0.454556 1.049076 0.619069 0.516980 0.473982 0.468301 0.569499 0.678886 0.658614 0.674096 0.643120 0.635443 0.580989 0.648834 0.669186 0.654309 0.647524 0.701467 0.684731 0.641738 0.507036 0.484083 0.573744 0.559813 0.574766 0.522471 0.407516 0.000000 0.427218 0.582668 0.697083 0.706672 0.628388 0.522542 0.563051 0.860912 0.569043 0.419134 0.368777 0.467913 0.489549 0.438951 0.405553 0.000000 0.000000 0.000000 0.000000 0.000000 0.544195 0.793986 0.426353 0.000000 0.000000 0.000000 0.000000 0.000000 0.000000 0.004000 0.000000 0.000000 0.000000 0.000000 0.000000 0.000000 0.000000 0.000000 0.000000 0.000000 0.000000 0.000000 0.000000 0.000000 0.000000 0.000000 0.000000 0.000000 0.000000 0.000000 0.000000 0.000000 0.000000 0.000000 0.000000 0.000000 0.000000 0.000000 0.000000 0.000000 0.000000 0.000000 0.000000 0.000000 0.000000 0.000000 0.000000 0.000000 0.000000 0.000000 0.000000 0.000000 0.000000 0.000000 0.000000 0.000000 0.000000 0.000000 0.000000 0.000000 0.000000 0.000000 0.000000 0.000000 0.000000 0.000000 0.000000 0.000000 0.000000 0.000000 0.000000 0.000000 0.000000 0.000000 0.000000 0.000000 0.000000 0.000000 0.000000 0.000000 0.000000 0.000000 0.000000 0.000000 0.000000 0.000000 0.000000 0.000000 0.000000 0.000000 0.000000 0.000000 0.000000 0.000000 0.000000 0.000000 0.000000 0.000000
0.000000 0.000000 0.000000 0.000000 0.000000 0.000000 0.000000 0.000000 0.000000 0.000000 0.000000 0.000000 0.000000 0.000000 0.000000 0.000000 0.000000 0.000000 0.000000 0.000000 0.000000 0.000000 0.000000 0.000000 0.000000 0.000000 0.000000 0.000000 0.000000 0.000000 0.000000 0.000000 0.000000 0.000000 0.000000 0.000000 0.000000 0.000000 0.000000 0.000000 0.000000 0.000000 0.000000 0.000000 0.000000 0.000000 0.000000 0.000000 0.000000 0.000000 0.000000 0.000000 0.000000 0.000000 0.000000 0.000000 0.000000 0.000000 0.000000 0.000000 0.000000 0.000000 0.000000 0.000000 0.000000 0.000000 0.000000 0.000000 0.000000 0.000000 0.000000 0.000000 0.000000 0.000000 0.000000 0.000000 0.000000 0.000000 0.000000 0.000000 0.000000 0.000000 0.000000 0.000000 0.000000 0.000000 0.000000 0.000000 0.000000 0.000000 0.000000 0.000000 0.000000 0.000000 0.000000 0.000000 0.000000 0.000000 0.000000 0.000000 0.000000 0.000000 0.000000 0.000000 0.000000 0.000000 0.000000 0.000000 0.000000 0.000000 0.000000 0.000000 0.000000 0.000000 0.000000 0.000000 0.000000 0.000000 0.000000 0.000000 0.000000 0.000000 0.000000 0.000000 0.000000 0.000000 0.000000 0.380175 0.466027 0.501637 0.499833 0.484921 0.461299 0.424998 0.410600 0.620787 0.000000 0.369261 0.000000 0.000000 0.565151 0.630808 0.654553 0.605297 0.567255 0.503323 0.566935 0.523824 0.840846 0.595189 0.669931 0.658960 0.589765 0.578292 0.548864 0.511496 0.500199 0.637308 0.696737 0.651744 0.538010 0.458621 0.408977 0.571025 0.640732 0.548014 0.594332 0.625809 0.621267 0.623823 0.874829 0.584275 0.509158 0.487479 0.462953 0.000000 0.000000 0.000000 0.402195 0.423836 0.441060 0.419767 0.383088 0.004000 0.000000 0.000000 0.000000 0.000000 0.000000 0.000000 0.000000 0.000000 0.000000 0.000000 0.000000 0.000000 0.000000 0.000000 0.000000 0.000000 0.000000 0.000000 0.000000 0.000000 0.000000 0.000000 0.000000 0.000000 0.000000 0.000000 0.000000 0.000000 0.000000 0.000000 0.000000 0.000000 0.000000 0.000000 0.000000 0.000000 0.000000 0.000000 0.000000 0.000000 0.000000 0.000000 0.000000 0.000000 0.000000 0.000000 0.000000 0.000000 0.000000 0.000000 0.000000 0.000000 0.000000 0.000000 0.000000 0.000000 0.000000 0.000000 0.000000 0.000000 0.000000 0.000000 0.000000 0.000000 0.000000 0.000000 0.000000 0.000000 0.000000 0.000000 0.000000 0.000000 0.000000 0.000000 0.000000 0.000000 0.000000 0.000000 0.000000 0.000000 0.000000 0.000000 0.000000 0.000000 0.000000 0.000000 0.000000 0.000000 0.000000 0.000000 0.000000 0.000000 0.000000 0.000000 0.000000 0.000000
0.000000 0.000000 0.000000 0.000000 0.000000 0.000000 0.000000 0.000000 0.000000 0.000000 0.000000 0.000000 0.000000 0.000000 0.000000 0.000000 0.000000 0.000000 0.000000 0.000000 0.000000 0.000000 0.000000 0.000000 0.000000 0.000000 0.000000 0.000000 0.000000 0.000000 0.000000 0.000000 0.000000 0.000000 0.000000 0.000000 0.000000 0.000000 0.000000 0.000000 0.000000 0.000000 0.000000 0.000000 0.000000 0.000000 0.000000 0.000000 0.000000 0.000000 0.000000 0.000000 0.000000 0.000000 0.000000 0.000000 0.000000 0.000000 0.000000 0.000000 0.000000 0.000000 0.000000 0.000000 0.000000 0.000000 0.000000 0.000000 0.000000 0.000000 0.000000 0.000000 0.000000 0.000000 0.000000 0.000000 0.000000 0.000000 0.000000 0.000000 0.000000 0.000000 0.000000 0.000000 0.000000 0.000000 0.000000 0.000000 0.000000 0.000000 0.000000 0.000000 0.000000 0.000000 0.000000 0.000000 0.000000 0.000000 0.000000 0.000000 0.000000 0.000000 0.000000 0.000000 0.000000 0.000000 0.000000 0.000000 0.000000 0.000000 0.000000 0.000000 0.000000 0.000000 0.000000 0.000000 0.000000 0.000000 0.000000 0.000000 0.000000 0.000000 0.000000 0.000000 0.000000 0.430485 0.497862 0.505291 0.524295 0.553085 0.543784 0.521506 0.496343 0.450524 0.399275 0.433072 0.607180 0.918076 0.546538 0.615297 0.634869 0.639429 0.584222 0.533676 0.454452 0.350882 0.000000 0.000000 0.000000 0.673293 0.775859 0.666201 0.741719 0.676280 0.605482 0.612448 0.616863 0.685497 0.707088 0.676134 0.582067 0.476581 0.464020 0.571494 0.735476 0.726880 0.696424 0.725469 0.771789 0.681435 0.706384 0.601244 0.529833 0.512680 0.464882 0.000000 0.406991 0.517161 0.568606 0.616263 0.619450 0.585877 0.560655 0.546147 0.507696 0.425519 0.000000 0.000000 0.000000 0.000000 0.000000 0.000000 0.000000 0.000000 0.000000 0.000000 0.000000 0.000000 0.000000 0.000000 0.000000 0.000000 0.000000 0.000000 0.000000 0.000000 0.000000 0.000000 0.000000 0.000000 0.000000 0.000000 0.000000 0.000000 0.000000 0.000000 0.000000 0.000000 0.000000 0.000000 0.000000 0.000000 0.000000 0.000000 0.000000 0.000000 0.000000 0.000000 0.000000 0.000000 0.000000 0.000000 0.000000 0.000000 0.000000 0.000000 0.000000 0.000000 0.000000 0.000000 0.000000 0.000000 0.000000 0.000000 0.000000 0.000000 0.000000 0.000000 0.000000 0.000000 0.000000 0.000000 0.000000 0.000000 0.000000 0.000000 0.000000 0.000000 0.000000 0.000000 0.000000 0.000000 0.000000 0.000000 0.000000 0.000000 0.000000 0.000000 0.000000 0.000000 0.000000 0.000000 0.000000 0.000000 0.000000 0.000000 0.000000 0.000000 0.000000 0.000000
0.000000 0.000000 0.000000 0.000000 0.000000 0.000000 0.000000 0.000000 0.000000 0.000000 0.000000 0.000000 0.000000 0.000000 0.000000 0.000000 0.000000 0.000000 0.000000 0.000000 0.000000 0.000000 0.000000 0.000000 0.000000 0.000000 0.000000 0.000000 0.000000 0.000000 0.000000 0.000000 0.000000 0.000000 0.000000 0.000000 0.000000 0.000000 0.000000 0.000000 0.000000 0.000000 0.000000 0.000000 0.000000 0.000000 0.000000 0.000000 0.000000 0.000000 0.000000 0.000000 0.000000 0.000000 0.000000 0.000000 0.000000 0.000000 0.000000 0.000000 0.000000 0.000000 0.000000 0.000000 0.000000 0.000000 0.000000 0.000000 0.000000 0.000000 0.000000 0.000000 0.000000 0.000000 0.000000 0.000000 0.000000 0.000000 0.000000 0.000000 0.000000 0.000000 0.000000 0.000000 0.000000 0.000000 0.000000 0.000000 0.000000 0.000000 0.000000 0.000000 0.000000 0.000000 0.000000 0.000000 0.000000 0.000000 0.000000 0.000000 0.000000 0.000000 0.000000 0.000000 0.000000 0.000000 0.000000 0.000000 0.000000 0.000000 0.000000 0.000000 0.000000 0.000000 0.000000 0.000000 0.000000 0.000000 0.000000 0.000000 0.000000 0.000000 0.380696 0.416873 0.425306 0.475612 0.540183 0.543090 0.509082 0.455041 0.408941 0.388488 0.000000 0.000000 0.446330 0.562118 0.633143 0.656499 0.775940 0.705704 0.710557 0.664473 0.596825 0.476047 0.382887 0.000000 0.000000 0.000000 0.000000 0.749213 0.979650 0.906310 0.832512 0.745928 0.657664 0.566975 0.496106 0.000000 0.472249 0.491996 0.423049 0.000000 0.369926 0.618111 0.785233 0.803530 0.732269 0.620470 0.766178 0.590542 0.578293 0.523128 0.593868 0.541981 0.467256 0.457888 0.544525 0.631941 0.691114 0.748224 0.807913 0.794886 0.756245 0.696782 0.597802 0.485394 0.000000 0.000000 0.000000 0.000000 0.000000 0.000000 0.000000 0.000000 0.000000 0.000000 0.000000 0.000000 0.000000 0.000000 0.000000 0.000000 0.000000 0.000000 0.000000 0.000000 0.000000 0.000000 0.000000 0.000000 0.000000 0.000000 0.000000 0.000000 0.000000 0.000000 0.000000 0.000000 0.000000 0.000000 0.000000 0.000000 0.000000 0.000000 0.000000 0.000000 0.000000 0.000000 0.000000 0.000000 0.000000 0.000000 0.000000 0.000000 0.000000 0.000000 0.000000 0.000000 0.000000 0.000000 0.000000 0.000000 0.000000 0.000000 0.000000 0.000000 0.000000 0.000000 0.000000 0.000000 0.000000 0.000000 0.000000 0.000000 0.000000 0.000000 0.000000 0.000000 0.000000 0.000000 0.000000 0.000000 0.000000 0.000000 0.000000 0.000000 0.000000 0.000000 0.000000 0.000000 0.000000 0.000000 0.000000 0.000000 0.000000 0.000000 0.000000 0.000000 0.000000 0.000000
0.000000 0.000000 0.000000 0.000000 0.000000 0.000000 0.000000 0.000000 0.000000 0.000000 0.000000 0.000000 0.000000 0.000000 0.000000 0.000000 0.000000 0.000000 0.000000 0.000000 0.000000 0.000000 0.000000 0.000000 0.000000 0.000000 0.000000 0.000000 0.000000 0.000000 0.000000 0.000000 0.000000 0.000000 0.000000 0.000000 0.000000 0.000000 0.000000 0.000000 0.000000 0.000000 0.000000 0.000000 0.000000 0.000000 0.000000 0.000000 0.000000 0.000000 0.000000 0.000000 0.000000 0.000000 0.000000 0.000000 0.000000 0.000000 0.000000 0.000000 0.000000 0.000000 0.000000 0.000000 0.000000 0.000000 0.000000 0.000000 0.000000 0.000000 0.000000 0.000000 0.000000 0.000000 0.000000 0.000000 0.000000 0.000000 0.000000 0.000000 0.000000 0.000000 0.000000 0.000000 0.000000 0.000000 0.000000 0.000000 0.000000 0.000000 0.000000 0.000000 0.000000 0.000000 0.000000 0.000000 0.000000 0.000000 0.000000 0.000000 0.000000 0.000000 0.000000 0.000000 0.000000 0.000000 0.000000 0.000000 0.000000 0.000000 0.000000 0.000000 0.000000 0.000000 0.000000 0.000000 0.000000 0.000000 0.000000 0.000000 0.000000 0.000000 0.418892 0.446927 0.440193 0.422984 0.416247 0.379834 0.000000 0.395119 0.434257 0.445953 0.423269 0.362845 0.554594 0.626288 0.729074 0.630672 0.642722 0.656995 0.647702 0.613913 0.560824 0.494866 0.460112 0.417886 0.371242 0.456789 0.000000 0.442831 0.804594 0.946089 0.922382 0.844700 0.750226 0.648473 0.596600 0.523827 0.478189 0.423779 0.000000 0.000000 0.000000 0.000000 0.548920 0.705081 0.729386 0.785158 0.766341 0.762782 0.626186 0.568138 0.500447 0.558049 0.508891 0.541839 0.633052 0.731250 0.796313 0.849615 0.923309 0.905974 0.835266 0.747094 0.614474 0.496860 0.000000 0.000000 0.000000 0.000000 0.000000 0.000000 0.000000 0.000000 0.000000 0.000000 0.000000 0.000000 0.000000 0.000000 0.000000 0.000000 0.000000 0.000000 0.000000 0.000000 0.000000 0.000000 0.000000 0.000000 0.000000 0.000000 0.000000 0.000000 0.000000 0.000000 0.000000 0.000000 0.000000 0.000000 0.000000 0.000000 0.000000 0.000000 0.000000 0.000000 0.000000 0.000000 0.000000 0.000000 0.000000 0.000000 0.000000 0.000000 0.000000 0.000000 0.000000 0.000000 0.000000 0.000000 0.000000 0.000000 0.000000 0.000000 0.000000 0.000000 0.000000 0.000000 0.000000 0.000000 0.000000 0.000000 0.000000 0.000000 0.000000 0.000000 0.000000 0.000000 0.000000 0.000000 0.000000 0.000000 0.000000 0.000000 0.000000 0.000000 0.000000 0.000000 0.000000 0.000000 0.000000 0.000000 0.000000 0.000000 0.000000 0.000000 0.000000 0.000000 0.000000 0.000000
0.000000 0.000000 0.000000 0.000000 0.000000 0.000000 0.000000 0.000000 0.000000 0.000000 0.000000 0.000000 0.000000 0.000000 0.000000 0.000000 0.000000 0.000000 0.000000 0.000000 0.000000 0.000000 0.000000 0.000000 0.000000 0.000000 0.000000 0.000000 0.000000 0.000000 0.000000 0.000000 0.000000 0.000000 0.000000 0.000000 0.000000 0.000000 0.000000 0.000000 0.000000 0.000000 0.000000 0.000000 0.000000 0.000000 0.000000 0.000000 0.000000 0.000000 0.000000 0.000000 0.000000 0.000000 0.000000 0.000000 0.000000 0.000000 0.000000 0.000000 0.000000 0.000000 0.000000 0.000000 0.000000 0.000000 0.000000 0.000000 0.000000 0.000000 0.000000 0.000000 0.000000 0.000000 0.000000 0.000000 0.000000 0.000000 0.000000 0.000000 0.000000 0.000000 0.000000 0.000000 0.000000 0.000000 0.000000 0.000000 0.000000 0.000000 0.000000 0.000000 0.000000 0.000000 0.000000 0.000000 0.000000 0.000000 0.000000 0.000000 0.000000 0.000000 0.000000 0.000000 0.000000 0.000000 0.000000 0.000000 0.000000 0.000000 0.000000 0.000000 0.000000 0.000000 0.000000 0.000000 0.000000 0.000000 0.000000 0.000000 0.000000 0.000000 0.000000 0.000000 0.000000 0.000000 0.000000 0.000000 0.000000 0.440531 0.546516 0.536789 0.523372 0.447609 0.557347 0.665765 0.547767 0.491510 0.527278 0.519506 0.608043 0.640050 0.645134 0.611421 0.555339 0.437115 0.000000 0.000000 0.000000 0.496406 0.622762 0.706295 0.712041 0.752377 0.739501 0.683251 0.668773 0.602127 0.518281 0.459086 0.395620 0.583012 0.000000 0.000000 0.399046 0.683600 0.780390 0.856664 0.882102 0.816328 0.681504 0.587469 0.508777 0.586905 0.602803 0.615692 0.695500 0.772092 0.817096 0.812400 0.793090 0.769357 0.667603 0.542631 0.440604 0.382630 0.004000 0.000000 0.000000 0.000000 0.000000 0.000000 0.000000 0.000000 0.000000 0.000000 0.000000 0.000000 0.000000 0.000000 0.000000 0.000000 0.000000 0.000000 0.000000 0.000000 0.000000 0.000000 0.000000 0.000000 0.000000 0.000000 0.000000 0.000000 0.000000 0.000000 0.000000 0.000000 0.000000 0.000000 0.000000 0.000000 0.000000 0.000000 0.000000 0.000000 0.000000 0.000000 0.000000 0.000000 0.000000 0.000000 0.000000 0.000000 0.000000 0.000000 0.000000 0.000000 0.000000 0.000000 0.000000 0.000000 0.000000 0.000000 0.000000 0.000000 0.000000 0.000000 0.000000 0.000000 0.000000 0.000000 0.000000 0.000000 0.000000 0.000000 0.000000 0.000000 0.000000 0.000000 0.000000 0.000000 0.000000 0.000000 0.000000 0.000000 0.000000 0.000000 0.000000 0.000000 0.000000 0.000000 0.000000 0.000000 0.000000 0.000000 0.000000 0.000000 0.000000 0.000000
0.000000 0.000000 0.000000 0.000000 0.000000 0.000000 0.000000 0.000000 0.000000 0.000000 0.000000 0.000000 0.000000 0.000000 0.000000 0.000000 0.000000 0.000000 0.000000 0.000000 0.000000 0.000000 0.000000 0.000000 0.000000 0.000000 0.000000 0.000000 0.000000 0.000000 0.000000 0.000000 0.000000 0.000000 0.000000 0.000000 0.000000 0.000000 0.000000 0.000000 0.000000 0.000000 0.000000 0.000000 0.000000 0.000000 0.000000 0.000000 0.000000 0.000000 0.000000 0.000000 0.000000 0.000000 0.000000 0.000000 0.000000 0.000000 0.000000 0.000000 0.000000 0.000000 0.000000 0.000000 0.000000 0.000000 0.000000 0.000000 0.000000 0.000000 0.000000 0.000000 0.000000 0.000000 0.000000 0.000000 0.000000 0.000000 0.000000 0.000000 0.000000 0.000000 0.000000 0.000000 0.000000 0.000000 0.000000 0.000000 0.000000 0.000000 0.000000 0.000000 0.000000 0.000000 0.000000 0.000000 0.000000 0.000000 0.000000 0.000000 0.000000 0.000000 0.000000 0.000000 0.000000 0.000000 0.000000 0.000000 0.000000 0.000000 0.000000 0.000000 0.000000 0.000000 0.000000 0.000000 0.000000 0.000000 0.000000 0.000000 0.000000 0.000000 0.000000 0.000000 0.000000 0.000000 0.000000 0.000000 0.000000 0.000000 0.000000 0.433540 0.539410 0.549738 0.538297 0.458278 0.422725 0.391387 0.538499 0.669145 0.706745 0.681110 0.675295 0.656012 0.680410 0.555119 0.510914 0.448509 0.510384 1.191122 0.430600 0.635221 0.683610 0.521455 0.520781 0.629750 0.636493 0.569930 0.415900 0.383807 0.000000 0.000000 0.000000 0.530951 0.647452 0.657896 0.795821 0.777489 0.825909 0.783947 0.674003 0.666442 0.609937 0.556866 0.575114 0.663427 0.731283 0.772776 0.725064 0.637894 0.537193 0.000000 0.405318 0.427955 0.399975 0.000000 0.000000 0.000000 0.000000 0.000000 0.000000 0.000000 0.000000 0.000000 0.000000 0.000000 0.000000 0.000000 0.000000 0.000000 0.000000 0.000000 0.000000 0.000000 0.000000 0.000000 0.000000 0.000000 0.000000 0.000000 0.000000 0.000000 0.000000 0.000000 0.000000 0.000000 0.000000 0.000000 0.000000 0.000000 0.000000 0.000000 0.000000 0.000000 0.000000 0.000000 0.000000 0.000000 0.000000 0.000000 0.000000 0.000000 0.000000 0.000000 0.000000 0.000000 0.000000 0.000000 0.000000 0.000000 0.000000 0.000000 0.000000 0.000000 0.000000 0.000000 0.000000 0.000000 0.000000 0.000000 0.000000 0.000000 0.000000 0.000000 0.000000 0.000000 0.000000 0.000000 0.000000 0.000000 0.000000 0.000000 0.000000 0.000000 0.000000 0.000000 0.000000 0.000000 0.000000 0.000000 0.000000 0.000000 0.000000 0.000000 0.000000 0.000000 0.000000 0.000000 0.000000 0.000000
0.000000 0.000000 0.000000 0.000000 0.000000 0.000000 0.000000 0.000000 0.000000 0.000000 0.000000 0.000000 0.000000 0.000000 0.000000 0.000000 0.000000 0.000000 0.000000 0.000000 0.000000 0.000000 0.000000 0.000000 0.000000 0.000000 0.000000 0.000000 0.000000 0.000000 0.000000 0.000000 0.000000 0.000000 0.000000 0.000000 0.000000 0.000000 0.000000 0.000000 0.000000 0.000000 0.000000 0.000000 0.000000 0.000000 0.000000 0.000000 0.000000 0.000000 0.000000 0.000000 0.000000 0.000000 0.000000 0.000000 0.000000 0.000000 0.000000 0.000000 0.000000 0.000000 0.000000 0.000000 0.000000 0.000000 0.000000 0.000000 0.000000 0.000000 0.000000 0.000000 0.000000 0.000000 0.000000 0.000000 0.000000 0.000000 0.000000 0.000000 0.000000 0.000000 0.000000 0.000000 0.000000 0.000000 0.000000 0.000000 0.000000 0.000000 0.000000 0.000000 0.000000 0.000000 0.000000 0.000000 0.000000 0.000000 0.000000 0.000000 0.000000 0.000000 0.000000 0.000000 0.000000 0.000000 0.000000 0.000000 0.000000 0.000000 0.000000 0.000000 0.000000 0.000000 0.000000 0.000000 0.000000 0.000000 0.000000 0.000000 0.000000 0.000000 0.000000 0.000000 0.000000 0.000000 0.000000 0.000000 0.000000 0.000000 0.000000 0.399992 0.419370 0.415465 0.000000 0.004000 0.000000 0.563409 0.717580 0.813520 0.765462 0.687648 0.630441 0.603612 0.590863 0.630567 0.625650 0.561408 0.376764 0.000000 0.000000 0.452898 0.604021 0.631682 0.691870 0.703533 0.673222 0.590855 0.503826 0.000000 0.000000 0.417899 0.560875 0.707494 0.907095 0.835634 0.829819 0.882176 0.900091 0.804190 0.696769 0.652691 0.530278 0.604473 0.588989 0.559549 0.000000 0.000000 0.000000 0.000000 0.510145 0.417199 0.487096 0.483078 0.423714 0.000000 0.000000 0.000000 0.000000 0.000000 0.000000 0.000000 0.000000 0.000000 0.000000 0.000000 0.000000 0.000000 0.000000 0.000000 0.000000 0.000000 0.000000 0.000000 0.000000 0.000000 0.000000 0.000000 0.000000 0.000000 0.000000 0.000000 0.000000 0.000000 0.000000 0.000000 0.000000 0.000000 0.000000 0.000000 0.000000 0.000000 0.000000 0.000000 0.000000 0.000000 0.000000 0.000000 0.000000 0.000000 0.000000 0.000000 0.000000 0.000000 0.000000 0.000000 0.000000 0.000000 0.000000 0.000000 0.000000 0.000000 0.000000 0.000000 0.000000 0.000000 0.000000 0.000000 0.000000 0.000000 0.000000 0.000000 0.000000 0.000000 0.000000 0.000000 0.000000 0.000000 0.000000 0.000000 0.000000 0.000000 0.000000 0.000000 0.000000 0.000000 0.000000 0.000000 0.000000 0.000000 0.000000 0.000000 0.000000 0.000000 0.000000 0.000000 0.000000 0.000000 0.000000 0.000000
0.000000 0.000000 0.000000 0.000000 0.000000 0.000000 0.000000 0.000000 0.000000 0.000000 0.000000 0.000000 0.000000 0.000000 0.000000 0.000000 0.000000 0.000000 0.000000 0.000000 0.000000 0.000000 0.000000 0.000000 0.000000 0.000000 0.000000 0.000000 0.000000 0.000000 0.000000 0.000000 0.000000 0.000000 0.000000 0.000000 0.000000 0.000000 0.000000 0.000000 0.000000 0.000000 0.000000 0.000000 0.000000 0.000000 0.000000 0.000000 0.000000 0.000000 0.000000 0.000000 0.000000 0.000000 0.000000 0.000000 0.000000 0.000000 0.000000 0.000000 0.000000 0.000000 0.000000 0.000000 0.000000 0.000000 0.000000 0.000000 0.000000 0.000000 0.000000 0.000000 0.000000 0.000000 0.000000 0.000000 0.000000 0.000000 0.000000 0.000000 0.000000 0.000000 0.000000 0.000000 0.000000 0.000000 0.000000 0.000000 0.000000 0.000000 0.000000 0.000000 0.000000 0.000000 0.000000 0.000000 0.000000 0.000000 0.000000 0.000000 0.000000 0.000000 0.000000 0.000000 0.000000 0.000000 0.000000 0.000000 0.000000 0.000000 0.000000 0.000000 0.000000 0.000000 0.000000 0.000000 0.000000 0.000000 0.000000 0.000000 0.440359 0.464518 0.524238 0.531092 0.466799 0.462261 0.444906 0.414092 0.960289 0.000000 0.000000 0.000000 0.004000 0.000000 0.000000 0.000000 0.515706 0.715164 0.832748 0.830803 0.744391 0.649001 0.547429 0.448978 0.585174 0.627059 0.628117 0.580986 0.516383 0.452906 0.403067 0.000000 0.802721 0.474037 0.620396 0.693722 0.661896 0.699755 0.448721 0.000000 0.000000 0.000000 0.532485 0.820595 0.808483 0.872695 0.901393 0.767355 0.770310 0.769436 0.719764 0.672705 0.653756 0.614547 0.533121 0.564679 0.000000 0.000000 0.000000 0.000000 0.424270 0.495624 0.499883 0.450260 0.000000 0.000000 0.000000 0.000000 0.000000 0.000000 0.000000 0.000000 0.000000 0.000000 0.000000 0.000000 0.000000 0.000000 0.000000 0.000000 0.000000 0.000000 0.000000 0.000000 0.000000 0.000000 0.000000 0.000000 0.000000 0.000000 0.000000 0.000000 0.000000 0.000000 0.000000 0.000000 0.000000 0.000000 0.000000 0.000000 0.000000 0.000000 0.000000 0.000000 0.000000 0.000000 0.000000 0.000000 0.000000 0.000000 0.000000 0.000000 0.000000 0.000000 0.000000 0.000000 0.000000 0.000000 0.000000 0.000000 0.000000 0.000000 0.000000 0.000000 0.000000 0.000000 0.000000 0.000000 0.000000 0.000000 0.000000 0.000000 0.000000 0.000000 0.000000 0.000000 0.000000 0.000000 0.000000 0.000000 0.000000 0.000000 0.000000 0.000000 0.000000 0.000000 0.000000 0.000000 0.000000 0.000000 0.000000 0.000000 0.000000 0.000000 0.000000 0.000000 0.000000 0.000000 0.000000 0.000000
0.000000 0.000000 0.000000 0.000000 0.000000 0.000000 0.000000 0.000000 0.000000 0.000000 0.000000 0.000000 0.000000 0.000000 0.000000 0.000000 0.000000 0.000000 0.000000 0.000000 0.000000 0.000000 0.000000 0.000000 0.000000 0.000000 0.000000 0.000000 0.000000 0.000000 0.000000 0.000000 0.000000 0.000000 0.000000 0.000000 0.000000 0.000000 0.000000 0.000000 0.000000 0.000000 0.000000 0.000000 0.000000 0.000000 0.000000 0.000000 0.000000 0.000000 0.000000 0.000000 0.000000 0.000000 0.000000 0.000000 0.000000 0.000000 0.000000 0.000000 0.000000 0.000000 0.000000 0.000000 0.000000 0.000000 0.000000 0.000000 0.000000 0.000000 0.000000 0.000000 0.000000 0.000000 0.000000 0.000000 0.000000 0.000000 0.000000 0.000000 0.000000 0.000000 0.000000 0.000000 0.000000 0.000000 0.000000 0.000000 0.000000 0.000000 0.000000 0.000000 0.000000 0.000000 0.000000 0.000000 0.000000 0.000000 0.000000 0.000000 0.000000 0.000000 0.000000 0.000000 0.000000 0.000000 0.000000 0.000000 0.000000 0.000000 0.000000 0.000000 0.000000 0.000000 0.000000 0.000000 0.000000 0.000000 0.000000 0.000000 0.000000 0.421574 0.476768 0.512571 0.516539 0.501342 0.463263 0.416648 0.000000 0.000000 0.466100 0.500773 0.538014 0.540281 0.538322 0.502836 0.640397 0.736266 0.773313 0.731595 0.660123 0.582125 0.548172 0.512629 0.697428 0.712845 0.730244 0.693988 0.630136 0.586677 0.518983 0.459914 0.386362 0.916113 0.834753 0.602794 0.485522 0.430139 0.000000 0.000000 0.000000 0.000000 0.000000 0.699808 0.763440 0.775457 0.733221 0.732074 0.753043 0.813698 0.766249 0.644401 0.536899 0.425089 0.000000 0.000000 0.000000 0.000000 0.000000 0.000000 0.000000 0.460252 0.418335 0.000000 0.000000 0.000000 0.000000 0.000000 0.000000 0.000000 0.000000 0.000000 0.000000 0.000000 0.000000 0.000000 0.000000 0.000000 0.000000 0.000000 0.000000 0.000000 0.000000 0.000000 0.000000 0.000000 0.000000 0.000000 0.000000 0.000000 0.000000 0.000000 0.000000 0.000000 0.000000 0.000000 0.000000 0.000000 0.000000 0.000000 0.000000 0.000000 0.000000 0.000000 0.000000 0.000000 0.000000 0.000000 0.000000 0.000000 0.000000 0.000000 0.000000 0.000000 0.000000 0.000000 0.000000 0.000000 0.000000 0.000000 0.000000 0.000000 0.000000 0.000000 0.000000 0.000000 0.000000 0.000000 0.000000 0.000000 0.000000 0.000000 0.000000 0.000000 0.000000 0.000000 0.000000 0.000000 0.000000 0.000000 0.000000 0.000000 0.000000 0.000000 0.000000 0.000000 0.000000 0.000000 0.000000 0.000000 0.000000 0.000000 0.000000 0.000000 0.000000 0.000000 0.000000 0.000000 0.000000 0.000000
0.000000 0.000000 0.000000 0.000000 0.000000 0.000000 0.000000 0.000000 0.000000 0.000000 0.000000 0.000000 0.000000 0.000000 0.000000 0.000000 0.000000 0.000000 0.000000 0.000000 0.000000 0.000000 0.000000 0.000000 0.000000 0.000000 0.000000 0.000000 0.000000 0.000000 0.000000 0.000000 0.000000 0.000000 0.000000 0.000000 0.000000 0.000000 0.000000 0.000000 0.000000 0.000000 0.000000 0.000000 0.000000 0.000000 0.000000 0.000000 0.000000 0.000000 0.000000 0.000000 0.000000 0.000000 0.000000 0.000000 0.000000 0.000000 0.000000 0.000000 0.000000 0.000000 0.000000 0.000000 0.000000 0.000000 0.000000 0.000000 0.000000 0.000000 0.000000 0.000000 0.000000 0.000000 0.000000 0.000000 0.000000 0.000000 0.000000 0.000000 0.000000 0.000000 0.000000 0.000000 0.000000 0.000000 0.000000 0.000000 0.000000 0.000000 0.000000 0.000000 0.000000 0.000000 0.000000 0.000000 0.000000 0.000000 0.000000 0.000000 0.000000 0.000000 0.000000 0.000000 0.000000 0.000000 0.378816 0.391801 0.378975 0.378032 0.000000 0.000000 0.000000 0.000000 0.000000 0.000000 0.000000 0.000000 0.000000 0.000000 0.716011 0.462889 0.504420 0.522821 0.515761 0.487327 0.436575 0.375872 0.000000 0.413782 0.519326 0.601433 0.608317 0.660842 0.594516 0.641871 0.670349 0.684619 0.690449 0.676732 0.647886 0.480897 0.653282 0.710975 0.850271 0.843724 0.849705 0.813447 0.737876 0.712481 0.604456 0.515969 0.430411 0.387327 0.000000 0.000000 0.000000 0.000000 0.000000 0.000000 0.000000 0.000000 0.380563 0.863592 0.831030 0.816093 0.705484 0.697268 0.671843 0.729023 0.625680 0.480894 0.000000 0.000000 0.000000 0.000000 0.000000 0.000000 0.448546 0.000000 0.000000 0.000000 0.000000 0.000000 0.000000 0.000000 0.000000 0.000000 0.000000 0.000000 0.000000 0.000000 0.000000 0.000000 0.000000 0.000000 0.000000 0.000000 0.000000 0.000000 0.000000 0.000000 0.000000 0.000000 0.000000 0.000000 0.000000 0.000000 0.000000 0.000000 0.000000 0.000000 0.000000 0.000000 0.000000 0.000000 0.000000 0.000000 0.000000 0.000000 0.000000 0.000000 0.000000 0.000000 0.000000 0.000000 0.000000 0.000000 0.000000 0.000000 0.000000 0.000000 0.000000 0.000000 0.000000 0.000000 0.000000 0.000000 0.000000 0.000000 0.000000 0.000000 0.000000 0.000000 0.000000 0.000000 0.000000 0.000000 0.000000 0.000000 0.000000 0.000000 0.000000 0.000000 0.000000 0.000000 0.000000 0.000000 0.000000 0.000000 0.000000 0.000000 0.000000 0.000000 0.000000 0.000000 0.000000 0.000000 0.000000 0.000000 0.000000 0.000000 0.000000 0.000000 0.000000 0.000000 0.000000 0.000000 0.000000 0.000000
0.000000 0.000000 0.000000 0.000000 0.000000 0.000000 0.000000 0.000000 0.000000 0.000000 0.000000 0.000000 0.000000 0.000000 0.000000 0.000000 0.000000 0.000000 0.000000 0.000000 0.000000 0.000000 0.000000 0.000000 0.000000 0.000000 0.000000 0.000000 0.000000 0.000000 0.000000 0.000000 0.000000 0.000000 0.000000 0.000000 0.000000 0.000000 0.000000 0.000000 0.000000 0.000000 0.000000 0.000000 0.000000 0.000000 0.000000 0.000000 0.000000 0.000000 0.000000 0.000000 0.000000 0.000000 0.000000 0.000000 0.000000 0.000000 0.000000 0.000000 0.000000 0.000000 0.000000 0.000000 0.000000 0.000000 0.000000 0.000000 0.000000 0.000000 0.000000 0.000000 0.000000 0.000000 0.000000 0.000000 0.000000 0.000000 0.000000 0.000000 0.000000 0.000000 0.000000 0.000000 0.000000 0.000000 0.000000 0.000000 0.000000 0.000000 0.000000 0.000000 0.000000 0.000000 0.000000 0.000000 0.000000 0.000000 0.000000 0.000000 0.000000 0.000000 0.000000 0.000000 0.367084 0.401999 0.425877 0.441619 0.426891 0.388052 0.000000 0.000000 0.000000 0.000000 0.000000 0.000000 0.000000 0.000000 0.000000 0.000000 0.000000 0.000000 0.000000 0.000000 0.000000 0.000000 0.131451 0.000000 0.583296 0.501549 0.604446 0.659815 0.667913 0.035251 0.181167 0.256951 0.609547 0.787201 0.569982 0.542564 0.513807 0.520725 0.594661 0.746355 0.840473 0.787514 0.778256 0.719628 0.694064 0.646501 0.632942 0.629710 0.604203 0.550931 0.474776 0.000000 0.000000 0.000000 0.000000 0.000000 0.000000 0.000000 0.648828 0.825400 0.849000 0.624244 0.547746 0.643876 0.641661 0.573626 0.420493 0.000000 0.000000 0.000000 0.000000 0.000000 0.000000 0.000000 0.000000 0.000000 0.000000 0.000000 0.000000 0.000000 0.000000 0.000000 0.000000 0.000000 0.000000 0.000000 0.000000 0.000000 0.000000 0.000000 0.000000 0.000000 0.000000 0.000000 0.000000 0.000000 0.000000 0.000000 0.000000 0.000000 0.000000 0.000000 0.000000 0.000000 0.000000 0.000000 0.000000 0.000000 0.000000 0.000000 0.000000 0.000000 0.000000 0.000000 0.000000 0.000000 0.000000 0.000000 0.000000 0.000000 0.000000 0.000000 0.000000 0.000000 0.000000 0.000000 0.000000 0.000000 0.000000 0.000000 0.000000 0.000000 0.000000 0.000000 0.000000 0.000000 0.000000 0.000000 0.000000 0.000000 0.000000 0.000000 0.000000 0.000000 0.000000 0.000000 0.000000 0.000000 0.000000 0.000000 0.000000 0.000000 0.000000 0.000000 0.000000 0.000000 0.000000 0.000000 0.000000 0.000000 0.000000 0.000000 0.000000 0.000000 0.000000 0.000000 0.000000 0.000000 0.000000 0.000000 0.000000 0.000000 0.000000 0.000000 0.000000 0.000000
0.000000 0.000000 0.000000 0.000000 0.000000 0.000000 0.000000 0.000000 0.000000 0.000000 0.000000 0.000000 0.000000 0.000000 0.000000 0.000000 0.000000 0.000000 0.000000 0.000000 0.000000 0.000000 0.000000 0.000000 0.000000 0.000000 0.000000 0.000000 0.000000 0.000000 0.000000 0.000000 0.000000 0.000000 0.000000 0.000000 0.000000 0.000000 0.000000 0.000000 0.000000 0.000000 0.000000 0.000000 0.000000 0.000000 0.000000 0.000000 0.000000 0.000000 0.000000 0.000000 0.000000 0.000000 0.000000 0.000000 0.000000 0.000000 0.000000 0.000000 0.000000 0.000000 0.000000 0.000000 0.000000 0.000000 0.000000 0.000000 0.000000 0.000000 0.000000 0.000000 0.000000 0.000000 0.000000 0.000000 0.000000 0.000000 0.000000 0.000000 0.000000 0.000000 0.000000 0.000000 0.000000 0.000000 0.000000 0.000000 0.000000 0.000000 0.000000 0.000000 0.000000 0.000000 0.000000 0.000000 0.000000 0.000000 0.000000 0.000000 0.000000 0.000000 0.000000 0.000000 0.000000 0.000000 0.000000 0.000000 0.000000 0.000000 0.000000 0.000000 0.000000 0.000000 0.000000 0.000000 0.000000 0.000000 0.000000 0.000000 0.000000 0.000000 0.000000 0.000000 0.000000 0.374101 0.561617 0.585687 0.599066 0.693521 0.790518 1.198785 0.734229 0.681936 0.571771 0.300725 0.789402 0.762928 0.723980 0.539413 0.498591 0.461410 0.567627 0.775778 0.705486 0.615778 0.566824 0.549692 0.693168 0.738796 0.758894 0.727181 0.688906 0.629263 0.555463 0.455162 0.000000 0.000000 0.000000 0.000000 0.000000 0.000000 0.701067 0.780284 0.685237 0.304738 0.189071 0.512920 0.636608 0.589382 0.521281 0.000000 0.000000 0.000000 0.000000 0.000000 0.000000 0.000000 0.000000 0.000000 0.000000 0.000000 0.000000 0.000000 0.000000 0.000000 0.000000 0.000000 0.000000 0.000000 0.000000 0.000000 0.000000 0.000000 0.000000 0.000000 0.000000 0.000000 0.000000 0.000000 0.000000 0.000000 0.000000 0.000000 0.000000 0.000000 0.000000 0.000000 0.000000 0.000000 0.000000 0.000000 0.000000 0.000000 0.000000 0.000000 0.000000 0.000000 0.000000 0.000000 0.000000 0.000000 0.000000 0.000000 0.000000 0.000000 0.000000 0.000000 0.000000 0.000000 0.000000 0.000000 0.000000 0.000000 0.000000 0.000000 0.000000 0.000000 0.000000 0.000000 0.000000 0.000000 0.000000 0.000000 0.000000 0.000000 0.000000 0.000000 0.000000 0.000000 0.000000 0.000000 0.000000 0.000000 0.000000 0.000000 0.000000 0.000000 0.000000 0.000000 0.000000 0.000000 0.000000 0.000000 0.000000 0.000000 0.000000 0.000000 0.000000 0.000000 0.000000 0.000000 0.000000 0.000000 0.000000 0.000000 0.000000 0.000000 0.000000 0.000000
0.000000 0.000000 0.000000 0.000000 0.000000 0.000000 0.000000 0.000000 0.000000 0.000000 0.000000 0.000000 0.000000 0.000000 0.000000 0.000000 0.000000 0.000000 0.000000 0.000000 0.000000 0.000000 0.000000 0.000000 0.000000 0.000000 0.000000 0.000000 0.000000 0.000000 0.000000 0.000000 0.000000 0.000000 0.000000 0.000000 0.000000 0.000000 0.000000 0.000000 0.000000 0.000000 0.000000 0.000000 0.000000 0.000000 0.000000 0.000000 0.000000 0.000000 0.000000 0.000000 0.000000 0.000000 0.000000 0.000000 0.000000 0.000000 0.000000 0.000000 0.000000 0.000000 0.000000 0.000000 0.000000 0.000000 0.000000 0.000000 0.000000 0.000000 0.000000 0.000000 0.000000 0.000000 0.000000 0.000000 0.000000 0.000000 0.000000 0.000000 0.000000 0.000000 0.000000 0.000000 0.000000 0.000000 0.000000 0.000000 0.000000 0.000000 0.000000 0.000000 0.000000 0.000000 0.000000 0.000000 0.000000 0.000000 0.000000 0.000000 0.000000 0.000000 0.000000 0.000000 0.000000 0.000000 0.000000 0.000000 0.000000 0.000000 0.000000 0.000000 0.000000 0.000000 0.000000 0.000000 0.000000 0.000000 0.000000 0.000000 0.000000 0.000000 0.000000 0.000000 0.481956 0.629240 0.681359 0.699142 0.749683 0.841321 0.900146 0.895685 0.870560 0.839747 0.694549 0.745284 0.776385 0.715217 0.694985 0.651411 0.472435 0.434908 0.501376 0.117542 0.534455 0.000000 0.594162 0.562128 0.575536 0.647855 0.675988 0.637518 0.625289 0.590301 0.530568 0.442509 0.000000 0.000000 0.000000 0.527755 0.000000 0.544395 0.958818 0.841612 0.687040 0.873736 0.804411 0.716151 0.657109 0.606095 0.451969 0.000000 0.000000 0.000000 0.000000 0.000000 0.000000 0.000000 0.000000 0.000000 0.000000 0.000000 0.000000 0.000000 0.000000 0.000000 0.000000 0.000000 0.000000 0.000000 0.000000 0.000000 0.000000 0.000000 0.000000 0.000000 0.000000 0.000000 0.000000 0.000000 0.000000 0.000000 0.000000 0.000000 0.000000 0.000000 0.000000 0.000000 0.000000 0.000000 0.000000 0.000000 0.000000 0.000000 0.000000 0.000000 0.000000 0.000000 0.000000 0.000000 0.000000 0.000000 0.000000 0.000000 0.000000 0.000000 0.000000 0.000000 0.000000 0.000000 0.000000 0.000000 0.000000 0.000000 0.000000 0.000000 0.000000 0.000000 0.000000 0.000000 0.000000 0.000000 0.000000 0.000000 0.000000 0.000000 0.000000 0.000000 0.000000 0.000000 0.000000 0.000000 0.000000 0.000000 0.000000 0.000000 0.000000 0.000000 0.000000 0.000000 0.000000 0.000000 0.000000 0.000000 0.000000 0.000000 0.000000 0.000000 0.000000 0.000000 0.000000 0.000000 0.000000 0.000000 0.000000 0.000000 0.000000 0.000000 0.000000 0.000000
0.000000 0.000000 0.000000 0.000000 0.000000 0.000000 0.000000 0.000000 0.000000 0.000000 0.000000 0.000000 0.000000 0.000000 0.000000 0.000000 0.000000 0.000000 0.000000 0.000000 0.000000 0.000000 0.000000 0.000000 0.000000 0.000000 0.000000 0.000000 0.000000 0.000000 0.000000 0.000000 0.000000 0.000000 0.000000 0.000000 0.000000 0.000000 0.000000 0.000000 0.000000 0.000000 0.000000 0.000000 0.000000 0.000000 0.000000 0.000000 0.000000 0.000000 0.000000 0.000000 0.000000 0.000000 0.000000 0.000000 0.000000 0.000000 0.000000 0.000000 0.000000 0.000000 0.000000 0.000000 0.000000 0.000000 0.000000 0.000000 0.000000 0.000000 0.000000 0.000000 0.000000 0.000000 0.000000 0.000000 0.000000 0.000000 0.000000 0.000000 0.000000 0.000000 0.000000 0.000000 0.000000 0.000000 0.000000 0.000000 0.000000 0.000000 0.000000 0.000000 0.000000 0.000000 0.000000 0.000000 0.000000 0.000000 0.000000 0.000000 0.000000 0.000000 0.000000 0.000000 0.000000 0.000000 0.000000 0.000000 0.000000 0.000000 0.000000 0.000000 0.000000 0.000000 0.000000 0.000000 0.000000 0.000000 0.000000 0.000000 0.000000 1.109789 0.477234 0.710539 0.823251 0.779132 0.742968 0.737851 0.771195 0.809154 0.789673 0.799167 0.807579 0.807332 0.737064 0.719321 0.545445 0.126459 0.128641 0.509009 0.488339 0.572871 0.545330 0.443384 0.485157 0.448722 0.695977 0.632487 0.587152 0.560083 0.514567 0.465648 0.408215 0.482990 0.000000 0.498742 0.368871 0.383280 0.402306 0.914079 0.000000 0.657010 0.928356 0.778003 0.770204 0.812636 0.714664 0.697894 0.568683 0.432775 0.000000 0.000000 0.000000 0.000000 0.000000 0.000000 0.000000 0.000000 0.000000 0.000000 0.000000 0.000000 0.000000 0.000000 0.000000 0.000000 0.000000 0.000000 0.000000 0.000000 0.000000 0.000000 0.000000 0.000000 0.000000 0.000000 0.000000 0.000000 0.000000 0.000000 0.000000 0.000000 0.000000 0.000000 0.000000 0.000000 0.000000 0.000000 0.000000 0.000000 0.000000 0.000000 0.000000 0.000000 0.000000 0.000000 0.000000 0.000000 0.000000 0.000000 0.000000 0.000000 0.000000 0.000000 0.000000 0.000000 0.000000 0.000000 0.000000 0.000000 0.000000 0.000000 0.000000 0.000000 0.000000 0.000000 0.000000 0.000000 0.000000 0.000000 0.000000 0.000000 0.000000 0.000000 0.000000 0.000000 0.000000 0.000000 0.000000 0.000000 0.000000 0.000000 0.000000 0.000000 0.000000 0.000000 0.000000 0.000000 0.000000 0.000000 0.000000 0.000000 0.000000 0.000000 0.000000 0.000000 0.000000 0.000000 0.000000 0.000000 0.000000 0.000000 0.000000 0.000000 0.000000 0.000000 0.000000 0.000000 0.000000 0.000000
0.000000 0.000000 0.000000 0.000000 0.000000 0.000000 0.000000 0.000000 0.000000 0.000000 0.000000 0.000000 0.000000 0.000000 0.000000 0.000000 0.000000 0.000000 0.000000 0.000000 0.000000 0.000000 0.000000 0.000000 0.000000 0.000000 0.000000 0.000000 0.000000 0.000000 0.000000 0.000000 0.000000 0.000000 0.000000 0.000000 0.000000 0.000000 0.000000 0.000000 0.000000 0.000000 0.000000 0.000000 0.406894 0.421082 0.398932 0.000000 0.000000 0.000000 0.000000 0.000000 0.000000 0.000000 0.000000 0.000000 0.000000 0.000000 0.000000 0.000000 0.000000 0.000000 0.000000 0.000000 0.000000 0.000000 0.000000 0.000000 0.000000 0.000000 0.000000 0.000000 0.000000 0.000000 0.000000 0.000000 0.000000 0.000000 0.000000 0.000000 0.000000 0.000000 0.000000 0.000000 0.000000 0.000000 0.000000 0.000000 0.000000 0.000000 0.000000 0.000000 0.000000 0.000000 0.000000 0.000000 0.000000 0.000000 0.000000 0.000000 0.000000 0.000000 0.000000 0.000000 0.000000 0.000000 0.000000 0.000000 0.000000 0.000000 0.000000 0.000000 0.000000 0.000000 0.000000 0.000000 0.000000 0.000000 0.000000 0.406265 0.404799 0.419578 0.462509 1.151574 1.017546 0.764202 0.710037 0.762874 0.808074 0.844361 0.820706 0.855698 0.869486 0.866231 0.643396 0.639602 0.623807 0.596798 0.208232 0.532928 0.644451 0.642259 0.598640 0.660555 0.754302 0.687858 0.572327 0.571366 0.622352 0.681872 0.688227 0.661275 0.616927 0.557918 0.487266 0.569867 0.525758 0.504987 0.451283 0.564704 0.000000 0.000000 0.588202 0.583226 0.603396 0.609889 0.618726 0.585726 0.549381 0.465282 0.000000 0.000000 0.000000 0.000000 0.000000 0.000000 0.000000 0.000000 0.000000 0.000000 0.000000 0.000000 0.000000 0.000000 0.000000 0.000000 0.000000 0.000000 0.000000 0.000000 0.000000 0.000000 0.000000 0.000000 0.000000 0.000000 0.000000 0.000000 0.000000 0.000000 0.000000 0.000000 0.000000 0.000000 0.000000 0.000000 0.000000 0.000000 0.000000 0.000000 0.000000 0.000000 0.000000 0.000000 0.000000 0.000000 0.000000 0.000000 0.000000 0.000000 0.000000 0.000000 0.000000 0.000000 0.000000 0.000000 0.000000 0.000000 0.000000 0.000000 0.000000 0.000000 0.000000 0.000000 0.000000 0.000000 0.000000 0.000000 0.000000 0.000000 0.000000 0.000000 0.000000 0.000000 0.000000 0.000000 0.000000 0.000000 0.000000 0.000000 0.000000 0.000000 0.000000 0.000000 0.000000 0.000000 0.000000 0.000000 0.000000 0.000000 0.000000 0.000000 0.000000 0.000000 0.000000 0.000000 0.000000 0.000000 0.000000 0.000000 0.000000 0.000000 0.000000 0.000000 0.000000 0.000000 0.000000 0.000000 0.000000 0.000000
0.000000 0.000000 0.000000 0.000000 0.000000 0.000000 0.000000 0.000000 0.000000 0.000000 0.000000 0.000000 0.000000 0.000000 0.000000 0.000000 0.000000 0.000000 0.000000 0.000000 0.000000 0.000000 0.000000 0.000000 0.000000 0.000000 0.000000 0.000000 0.000000 0.000000 0.000000 0.000000 0.000000 0.000000 0.000000 0.000000 0.000000 0.000000 0.000000 0.383944 0.440722 0.455501 0.521889 0.550721 0.543723 0.533231 0.484533 0.402761 0.000000 0.000000 0.000000 0.000000 0.000000 0.000000 0.000000 0.000000 0.000000 0.000000 0.000000 0.000000 0.000000 0.000000 0.000000 0.000000 0.000000 0.000000 0.000000 0.000000 0.000000 0.000000 0.000000 0.000000 0.000000 0.000000 0.000000 0.000000 0.000000 0.000000 0.000000 0.000000 0.000000 0.000000 0.000000 0.000000 0.000000 0.000000 0.000000 0.000000 0.000000 0.000000 0.000000 0.000000 0.000000 0.000000 0.000000 0.000000 0.000000 0.000000 0.000000 0.000000 0.000000 0.000000 0.000000 0.000000 0.000000 0.000000 0.000000 0.000000 0.000000 0.000000 0.000000 0.000000 0.000000 0.000000 0.000000 0.000000 0.000000 0.000000 0.431615 0.485074 0.488627 0.593678 0.575573 0.699323 0.748243 0.699667 0.603582 0.455342 0.442340 0.547263 0.606401 0.674735 0.732517 0.706780 0.790833 0.660619 0.809192 0.770291 0.727089 0.667359 0.670547 0.642397 0.696180 0.724892 0.881795 0.866447 0.748458 0.726469 0.731515 0.779170 0.794055 0.781539 0.775530 0.708070 0.698960 0.640086 0.634453 0.614688 0.575883 0.520537 0.527137 0.415054 0.000000 0.000000 0.000000 0.000000 0.000000 0.445054 0.451036 0.424503 0.000000 0.000000 0.000000 0.000000 0.000000 0.000000 0.000000 0.000000 0.000000 0.000000 0.000000 0.000000 0.000000 0.000000 0.000000 0.000000 0.000000 0.000000 0.000000 0.000000 0.000000 0.000000 0.000000 0.000000 0.000000 0.000000 0.000000 0.000000 0.000000 0.000000 0.000000 0.000000 0.000000 0.000000 0.000000 0.000000 0.000000 0.000000 0.000000 0.000000 0.000000 0.000000 0.000000 0.000000 0.000000 0.000000 0.000000 0.000000 0.000000 0.000000 0.000000 0.000000 0.000000 0.000000 0.000000 0.000000 0.000000 0.000000 0.000000 0.000000 0.000000 0.000000 0.000000 0.000000 0.000000 0.000000 0.000000 0.000000 0.000000 0.000000 0.000000 0.000000 0.000000 0.000000 0.000000 0.000000 0.000000 0.000000 0.000000 0.000000 0.000000 0.000000 0.000000 0.000000 0.000000 0.000000 0.000000 0.000000 0.000000 0.000000 0.000000 0.000000 0.000000 0.000000 0.000000 0.000000 0.000000 0.000000 0.000000 0.000000 0.000000 0.000000 0.000000 0.000000 0.000000 0.000000 0.000000 0.000000 0.000000 0.000000
0.000000 0.000000 0.000000 0.000000 0.000000 0.000000 0.000000 0.000000 0.000000 0.000000 0.000000 0.000000 0.000000 0.000000 0.000000 0.000000 0.000000 0.000000 0.000000 0.000000 0.000000 0.000000 0.000000 0.000000 0.000000 0.000000 0.000000 0.000000 0.000000 0.000000 0.000000 0.000000 0.000000 0.000000 0.000000 0.000000 0.000000 0.000000 0.395515 0.445013 0.465664 0.533613 0.578130 0.572704 0.583145 0.552970 0.479872 0.000000 0.000000 0.000000 0.000000 0.000000 0.000000 0.000000 0.000000 0.000000 0.000000 0.000000 0.000000 0.000000 0.000000 0.000000 0.000000 0.000000 0.000000 0.000000 0.000000 0.000000 0.000000 0.000000 0.000000 0.000000 0.000000 0.000000 0.000000 0.000000 0.000000 0.000000 0.000000 0.000000 0.000000 0.000000 0.000000 0.000000 0.000000 0.000000 0.000000 0.000000 0.000000 0.000000 0.000000 0.000000 0.000000 0.000000 0.000000 0.000000 0.000000 0.000000 0.000000 0.000000 0.000000 0.000000 0.000000 0.000000 0.000000 0.000000 0.000000 0.000000 0.000000 0.000000 0.000000 0.000000 0.000000 0.000000 0.000000 0.000000 0.000000 0.000000 0.000000 0.644409 0.649006 0.573271 0.678183 0.717468 0.672176 0.582642 0.461993 0.393025 0.500389 0.597562 0.645920 0.652462 0.619010 0.556158 0.582414 0.679357 0.703216 0.685550 0.646020 0.563666 0.517800 0.464735 0.600053 0.654372 0.766475 0.856082 0.844439 0.815700 0.812239 0.759942 0.743170 0.743435 0.751942 0.747111 0.772166 0.742284 0.716359 0.681745 0.634211 0.588787 0.599780 0.561665 0.436093 0.000000 0.004000 0.000000 0.000000 0.000000 0.000000 0.000000 0.000000 0.000000 0.000000 0.000000 0.000000 0.000000 0.000000 0.000000 0.000000 0.000000 0.000000 0.000000 0.000000 0.000000 0.000000 0.000000 0.000000 0.000000 0.000000 0.000000 0.000000 0.000000 0.000000 0.000000 0.000000 0.000000 0.000000 0.000000 0.000000 0.000000 0.000000 0.000000 0.000000 0.000000 0.000000 0.000000 0.000000 0.000000 0.000000 0.000000 0.000000 0.000000 0.000000 0.000000 0.000000 0.000000 0.000000 0.000000 0.000000 0.000000 0.000000 0.000000 0.000000 0.000000 0.000000 0.000000 0.000000 0.000000 0.000000 0.000000 0.000000 0.000000 0.000000 0.000000 0.000000 0.000000 0.000000 0.000000 0.000000 0.000000 0.000000 0.000000 0.000000 0.000000 0.000000 0.000000 0.000000 0.000000 0.000000 0.000000 0.000000 0.000000 0.000000 0.000000 0.000000 0.000000 0.000000 0.000000 0.000000 0.000000 0.000000 0.000000 0.000000 0.000000 0.000000 0.000000 0.000000 0.000000 0.000000 0.000000 0.000000 0.000000 0.000000 0.000000 0.000000 0.000000 0.000000 0.000000 0.000000 0.000000
0.000000 0.000000 0.000000 0.000000 0.000000 0.000000 0.000000 0.000000 0.000000 0.000000 0.000000 0.000000 0.000000 0.000000 0.000000 0.000000 0.000000 0.000000 0.000000 0.000000 0.000000 0.000000 0.000000 0.000000 0.000000 0.000000 0.000000 0.000000 0.000000 0.000000 0.000000 0.000000 0.000000 0.000000 0.000000 0.000000 0.000000 0.000000 0.365441 0.354738 0.000000 0.441167 0.511154 0.536369 0.510937 0.423443 0.000000 0.000000 0.000000 0.000000 0.000000 0.000000 0.000000 0.000000 0.000000 0.000000 0.000000 0.000000 0.000000 0.000000 0.000000 0.000000 0.000000 0.000000 0.000000 0.000000 0.000000 0.000000 0.000000 0.000000 0.000000 0.000000 0.000000 0.000000 0.000000 0.000000 0.000000 0.000000 0.000000 0.000000 0.000000 0.000000 0.000000 0.000000 0.000000 0.000000 0.000000 0.000000 0.000000 0.000000 0.000000 0.000000 0.000000 0.000000 0.000000 0.000000 0.000000 0.000000 0.000000 0.000000 0.000000 0.000000 0.000000 0.000000 0.000000 0.000000 0.000000 0.000000 0.000000 0.000000 0.000000 0.000000 0.000000 0.000000 0.000000 0.000000 0.000000 0.529413 0.847744 0.901851 0.820040 0.702952 0.569723 0.545674 0.487449 0.417613 0.413185 0.000000 0.504372 0.619440 0.682078 0.685926 0.639479 0.568364 0.483566 0.394514 0.000000 0.000000 0.000000 0.000000 0.000000 0.000000 0.506514 0.557451 0.545210 0.628884 0.707677 0.749230 0.631003 0.694022 0.789345 0.750314 0.764650 0.756176 0.727196 0.665839 0.605666 0.611535 0.577738 0.565077 0.655209 0.625740 0.563393 0.452021 0.000000 0.000000 0.000000 0.000000 0.000000 0.000000 0.000000 0.000000 0.000000 0.000000 0.000000 0.000000 0.000000 0.000000 0.000000 0.000000 0.000000 0.000000 0.000000 0.000000 0.000000 0.000000 0.000000 0.000000 0.000000 0.000000 0.000000 0.000000 0.000000 0.000000 0.000000 0.000000 0.000000 0.000000 0.000000 0.000000 0.000000 0.000000 0.000000 0.000000 0.000000 0.000000 0.000000 0.000000 0.000000 0.000000 0.000000 0.000000 0.000000 0.000000 0.000000 0.000000 0.000000 0.000000 0.000000 0.000000 0.000000 0.000000 0.000000 0.000000 0.000000 0.000000 0.000000 0.000000 0.000000 0.000000 0.000000 0.000000 0.000000 0.000000 0.000000 0.000000 0.000000 0.000000 0.000000 0.000000 0.000000 0.000000 0.000000 0.000000 0.000000 0.000000 0.000000 0.000000 0.000000 0.000000 0.000000 0.000000 0.000000 0.000000 0.000000 0.000000 0.000000 0.000000 0.000000 0.000000 0.000000 0.000000 0.000000 0.000000 0.000000 0.000000 0.000000 0.000000 0.000000 0.000000 0.000000 0.000000 0.000000 0.000000 0.000000 0.000000 0.000000 0.000000 0.000000 0.000000
0.000000 0.000000 0.000000 0.000000 0.000000 0.000000 0.000000 0.000000 0.000000 0.000000 0.000000 0.000000 0.000000 0.000000 0.000000 0.000000 0.000000 0.000000 0.000000 0.000000 0.000000 0.000000 0.000000 0.000000 0.000000 0.000000 0.000000 0.000000 0.000000 0.000000 0.000000 0.000000 0.000000 0.000000 0.000000 0.000000 0.000000 0.000000 0.000000 0.000000 0.000000 0.000000 0.000000 0.000000 0.000000 0.000000 0.000000 0.000000 0.000000 0.000000 0.000000 0.000000 0.000000 0.000000 0.000000 0.000000 0.000000 0.000000 0.000000 0.000000 0.000000 0.000000 0.000000 0.000000 0.000000 0.000000 0.000000 0.000000 0.000000 0.000000 0.000000 0.000000 0.000000 0.000000 0.000000 0.000000 0.000000 0.000000 0.000000 0.000000 0.000000 0.000000 0.000000 0.000000 0.000000 0.000000 0.000000 0.000000 0.000000 0.000000 0.000000 0.000000 0.000000 0.000000 0.000000 0.000000 0.000000 0.000000 0.000000 0.000000 0.000000 0.000000 0.000000 0.000000 0.000000 0.000000 0.000000 0.000000 0.000000 0.000000 0.000000 0.000000 0.000000 0.000000 0.000000 0.000000 0.762884 0.936376 1.032013 1.001577 0.852163 0.685885 0.536700 0.410580 0.000000 0.000000 0.000000 0.000000 0.422369 0.525785 0.575640 0.623451 0.647487 0.624920 0.574318 0.493683 0.466111 0.434372 0.392899 0.421022 0.550821 0.602464 0.598376 0.601922 0.818801 0.609801 0.691260 0.957078 0.974085 1.002346 0.718919 0.816662 0.757494 0.758196 0.752174 0.715695 0.649119 0.572574 0.509122 0.456716 0.555997 0.544369 0.512350 0.000000 0.000000 0.000000 0.000000 0.000000 0.000000 0.000000 0.000000 0.000000 0.000000 0.000000 0.000000 0.000000 0.000000 0.000000 0.000000 0.000000 0.000000 0.000000 0.000000 0.000000 0.000000 0.000000 0.000000 0.000000 0.000000 0.000000 0.000000 0.000000 0.000000 0.000000 0.000000 0.000000 0.000000 0.000000 0.000000 0.000000 0.000000 0.000000 0.000000 0.000000 0.000000 0.000000 0.000000 0.000000 0.000000 0.000000 0.000000 0.000000 0.000000 0.000000 0.000000 0.000000 0.000000 0.000000 0.000000 0.000000 0.000000 0.000000 0.000000 0.000000 0.000000 0.000000 0.000000 0.000000 0.000000 0.000000 0.000000 0.000000 0.000000 0.000000 0.000000 0.000000 0.000000 0.000000 0.000000 0.000000 0.000000 0.000000 0.000000 0.000000 0.000000 0.000000 0.000000 0.000000 0.000000 0.000000 0.000000 0.000000 0.000000 0.000000 0.000000 0.000000 0.000000 0.000000 0.000000 0.000000 0.000000 0.000000 0.000000 0.000000 0.000000 0.000000 0.000000 0.000000 0.000000 0.000000 0.000000 0.000000 0.000000 0.000000 0.000000 0.000000 0.000000 0.000000 0.000000 0.000000
0.000000 0.000000 0.000000 0.000000 0.000000 0.000000 0.000000 0.000000 0.000000 0.000000 0.000000 0.000000 0.000000 0.000000 0.000000 0.000000 0.000000 0.000000 0.000000 0.000000 0.000000 0.000000 0.000000 0.000000 0.000000 0.000000 0.000000 0.000000 0.000000 0.000000 0.000000 0.000000 0.000000 0.000000 0.000000 0.000000 0.000000 0.000000 0.000000 0.000000 0.000000 0.000000 0.000000 0.000000 0.000000 0.000000 0.000000 0.000000 0.000000 0.000000 0.000000 0.000000 0.000000 0.000000 0.000000 0.000000 0.000000 0.000000 0.000000 0.000000 0.000000 0.000000 0.000000 0.000000 0.000000 0.000000 0.000000 0.000000 0.000000 0.000000 0.000000 0.000000 0.000000 0.000000 0.000000 0.000000 0.000000 0.000000 0.000000 0.000000 0.000000 0.000000 0.000000 0.000000 0.000000 0.000000 0.000000 0.000000 0.000000 0.000000 0.000000 0.000000 0.000000 0.000000 0.000000 0.000000 0.000000 0.000000 0.000000 0.000000 0.000000 0.000000 0.000000 0.000000 0.000000 0.000000 0.000000 0.000000 0.000000 0.000000 0.000000 0.000000 0.000000 0.000000 0.000000 0.000000 1.032284 1.084711 0.970205 0.802024 0.615864 0.514424 0.475890 0.000000 0.000000 0.000000 0.000000 0.000000 0.000000 0.000000 0.417596 0.568029 0.670938 0.668150 0.647503 0.594238 0.561520 0.516313 0.577093 0.551663 0.617000 0.616376 0.585449 0.626946 0.554742 0.892935 0.856863 0.827246 0.786186 0.747957 0.829707 0.824730 0.750998 0.757811 0.771747 0.753668 0.699710 0.617324 0.532986 0.436288 0.000000 0.474501 0.487356 0.428515 0.000000 0.000000 0.000000 0.000000 0.000000 0.000000 0.000000 0.000000 0.000000 0.000000 0.000000 0.000000 0.000000 0.000000 0.000000 0.000000 0.000000 0.000000 0.000000 0.000000 0.000000 0.000000 0.000000 0.000000 0.000000 0.000000 0.000000 0.000000 0.000000 0.000000 0.000000 0.000000 0.000000 0.000000 0.000000 0.000000 0.000000 0.000000 0.000000 0.000000 0.000000 0.000000 0.000000 0.000000 0.000000 0.000000 0.000000 0.000000 0.000000 0.000000 0.000000 0.000000 0.000000 0.000000 0.000000 0.000000 0.000000 0.000000 0.000000 0.000000 0.000000 0.000000 0.000000 0.000000 0.000000 0.000000 0.000000 0.000000 0.000000 0.000000 0.000000 0.000000 0.000000 0.000000 0.000000 0.000000 0.000000 0.000000 0.000000 0.000000 0.000000 0.000000 0.000000 0.000000 0.000000 0.000000 0.000000 0.000000 0.000000 0.000000 0.000000 0.000000 0.000000 0.000000 0.000000 0.000000 0.000000 0.000000 0.000000 0.000000 0.000000 0.000000 0.000000 0.000000 0.000000 0.000000 0.000000 0.000000 0.000000 0.000000 0.000000 0.000000 0.000000 0.000000 0.000000 0.000000
0.000000 0.000000 0.000000 0.000000 0.000000 0.000000 0.000000 0.000000 0.000000 0.000000 0.000000 0.000000 0.000000 0.000000 0.000000 0.000000 0.000000 0.000000 0.000000 0.000000 0.000000 0.000000 0.000000 0.000000 0.000000 0.000000 0.000000 0.000000 0.000000 0.000000 0.000000 0.000000 0.000000 0.000000 0.000000 0.000000 0.000000 0.000000 0.000000 0.000000 0.000000 0.000000 0.000000 0.000000 0.000000 0.000000 0.000000 0.000000 0.000000 0.000000 0.000000 0.000000 0.000000 0.000000 0.000000 0.000000 0.000000 0.000000 0.000000 0.000000 0.000000 0.000000 0.000000 0.000000 0.000000 0.000000 0.000000 0.000000 0.000000 0.000000 0.000000 0.000000 0.000000 0.000000 0.000000 0.000000 0.000000 0.000000 0.000000 0.000000 0.000000 0.000000 0.000000 0.000000 0.000000 0.000000 0.000000 0.000000 0.000000 0.000000 0.000000 0.000000 0.000000 0.000000 0.000000 0.000000 0.000000 0.000000 0.000000 0.000000 0.000000 0.000000 0.000000 0.000000 0.000000 0.000000 0.000000 0.000000 0.000000 0.000000 0.000000 0.000000 0.000000 0.000000 0.000000 0.000000 0.000000 0.000000 0.429187 0.451985 0.448579 0.432199 0.412663 0.394890 0.380585 0.000000 0.000000 0.000000 0.000000 0.000000 0.438683 0.583967 0.638046 0.644224 0.633719 0.617503 0.602525 0.543706 0.487052 0.490571 0.367808 0.447153 0.664322 0.689081 0.721741 0.841506 0.900550 0.876130 0.828714 0.783510 0.637663 0.809742 0.811821 0.763789 0.807543 0.726516 0.691169 0.621873 0.533898 0.489566 0.399473 0.541167 0.495890 0.397745 0.000000 0.000000 0.000000 0.000000 0.000000 0.000000 0.000000 0.000000 0.000000 0.000000 0.000000 0.000000 0.000000 0.000000 0.000000 0.000000 0.000000 0.000000 0.000000 0.000000 0.000000 0.000000 0.000000 0.000000 0.000000 0.000000 0.000000 0.000000 0.000000 0.000000 0.000000 0.000000 0.000000 0.000000 0.000000 0.000000 0.000000 0.000000 0.000000 0.000000 0.000000 0.000000 0.000000 0.000000 0.000000 0.000000 0.000000 0.000000 0.000000 0.000000 0.000000 0.000000 0.000000 0.000000 0.000000 0.000000 0.000000 0.000000 0.000000 0.000000 0.000000 0.000000 0.000000 0.000000 0.000000 0.000000 0.000000 0.000000 0.000000 0.000000 0.000000 0.000000 0.000000 0.000000 0.000000 0.000000 0.000000 0.000000 0.000000 0.000000 0.000000 0.000000 0.000000 0.000000 0.000000 0.000000 0.000000 0.000000 0.000000 0.000000 0.000000 0.000000 0.000000 0.000000 0.000000 0.000000 0.000000 0.000000 0.000000 0.000000 0.000000 0.000000 0.000000 0.000000 0.000000 0.000000 0.000000 0.000000 0.000000 0.000000 0.000000 0.000000 0.000000 0.000000 0.000000 0.000000
0.000000 0.000000 0.000000 0.000000 0.000000 0.000000 0.000000 0.000000 0.000000 0.000000 0.000000 0.000000 0.000000 0.000000 0.000000 0.000000 0.000000 0.000000 0.000000 0.000000 0.000000 0.000000 0.000000 0.000000 0.000000 0.000000 0.000000 0.000000 0.000000 0.000000 0.000000 0.000000 0.000000 0.000000 0.000000 0.000000 0.000000 0.000000 0.000000 0.000000 0.000000 0.000000 0.000000 0.000000 0.000000 0.000000 0.000000 0.000000 0.000000 0.000000 0.000000 0.000000 0.000000 0.000000 0.000000 0.000000 0.000000 0.000000 0.000000 0.000000 0.000000 0.000000 0.000000 0.000000 0.000000 0.000000 0.000000 0.000000 0.000000 0.000000 0.000000 0.000000 0.000000 0.000000 0.000000 0.000000 0.000000 0.000000 0.000000 0.000000 0.000000 0.000000 0.000000 0.000000 0.000000 0.000000 0.000000 0.000000 0.000000 0.000000 0.000000 0.000000 0.000000 0.000000 0.000000 0.000000 0.000000 0.000000 0.000000 0.000000 0.000000 0.000000 0.000000 0.000000 0.000000 0.000000 0.000000 0.000000 0.000000 0.000000 0.000000 0.000000 0.000000 0.000000 0.000000 0.000000 0.000000 0.467111 0.520148 0.548248 0.544979 0.528656 0.510364 0.492873 0.468920 0.447841 0.420497 0.391392 0.000000 0.000000 0.405060 0.000000 0.409533 0.477057 0.502865 0.502077 0.485310 0.450755 0.397343 0.000000 0.000000 0.446645 0.448762 0.473746 0.850257 0.857995 0.835343 0.631299 0.554715 0.541477 0.610239 0.857072 0.890513 0.840223 0.746383 0.730742 0.718906 0.688738 0.638260 0.580833 0.552655 0.523307 0.444273 0.000000 0.000000 0.000000 0.000000 0.000000 0.000000 0.000000 0.000000 0.000000 0.000000 0.000000 0.000000 0.000000 0.000000 0.000000 0.000000 0.000000 0.000000 0.000000 0.000000 0.000000 0.000000 0.000000 0.000000 0.000000 0.000000 0.000000 0.000000 0.000000 0.000000 0.000000 0.000000 0.000000 0.000000 0.000000 0.000000 0.000000 0.000000 0.000000 0.000000 0.000000 0.000000 0.000000 0.000000 0.000000 0.000000 0.000000 0.000000 0.000000 0.000000 0.000000 0.000000 0.000000 0.000000 0.000000 0.000000 0.000000 0.000000 0.000000 0.000000 0.000000 0.000000 0.000000 0.000000 0.000000 0.000000 0.000000 0.000000 0.000000 0.000000 0.000000 0.000000 0.000000 0.000000 0.000000 0.000000 0.000000 0.000000 0.000000 0.000000 0.000000 0.000000 0.000000 0.000000 0.000000 0.000000 0.000000 0.000000 0.000000 0.000000 0.000000 0.000000 0.000000 0.000000 0.000000 0.000000 0.000000 0.000000 0.000000 0.000000 0.000000 0.000000 0.000000 0.000000 0.000000 0.000000 0.000000 0.000000 0.000000 0.000000 0.000000 0.000000 0.000000 0.000000 0.000000 0.000000 0.000000
0.000000 0.000000 0.000000 0.000000 0.000000 0.000000 0.000000 0.000000 0.000000 0.000000 0.000000 0.000000 0.000000 0.000000 0.000000 0.000000 0.000000 0.000000 0.000000 0.000000 0.000000 0.000000 0.000000 0.000000 0.000000 0.000000 0.000000 0.000000 0.000000 0.000000 0.000000 0.000000 0.000000 0.000000 0.000000 0.000000 0.000000 0.000000 0.000000 0.000000 0.000000 0.000000 0.000000 0.000000 0.000000 0.000000 0.000000 0.000000 0.000000 0.000000 0.000000 0.000000 0.000000 0.000000 0.000000 0.000000 0.000000 0.000000 0.000000 0.000000 0.000000 0.000000 0.000000 0.000000 0.000000 0.000000 0.000000 0.000000 0.000000 0.000000 0.000000 0.000000 0.000000 0.000000 0.000000 0.000000 0.000000 0.000000 0.000000 0.000000 0.000000 0.000000 0.000000 0.000000 0.000000 0.000000 0.000000 0.000000 0.000000 0.000000 0.000000 0.000000 0.000000 0.000000 0.000000 0.000000 0.000000 0.000000 0.000000 0.000000 0.000000 0.000000 0.000000 0.000000 0.000000 0.000000 0.000000 0.000000 0.000000 0.000000 0.000000 0.000000 0.000000 0.000000 0.000000 0.000000 0.000000 0.447968 0.510531 0.551363 0.563907 0.555857 0.530362 0.496169 0.450242 0.404142 0.000000 0.000000 0.000000 0.000000 0.000000 0.000000 0.000000 0.000000 0.000000 0.000000 0.000000 0.000000 0.000000 0.000000 0.445542 0.464852 0.420730 0.683269 1.141746 1.070912 0.628876 0.226631 0.156479 0.568679 0.665351 0.928032 0.944767 0.882625 0.795329 0.734099 0.781900 0.785668 0.749653 0.694633 0.724674 0.677331 0.554046 0.000000 0.000000 0.000000 0.000000 0.000000 0.000000 0.000000 0.000000 0.000000 0.000000 0.000000 0.000000 0.000000 0.000000 0.000000 0.000000 0.000000 0.000000 0.000000 0.000000 0.000000 0.000000 0.000000 0.000000 0.000000 0.000000 0.000000 0.000000 0.000000 0.000000 0.000000 0.000000 0.000000 0.000000 0.000000 0.000000 0.000000 0.000000 0.000000 0.000000 0.000000 0.000000 0.000000 0.000000 0.000000 0.000000 0.000000 0.000000 0.000000 0.000000 0.000000 0.000000 0.000000 0.000000 0.000000 0.000000 0.000000 0.000000 0.000000 0.000000 0.000000 0.000000 0.000000 0.000000 0.000000 0.000000 0.000000 0.000000 0.000000 0.000000 0.000000 0.000000 0.000000 0.000000 0.000000 0.000000 0.000000 0.000000 0.000000 0.000000 0.000000 0.000000 0.000000 0.000000 0.000000 0.000000 0.000000 0.000000 0.000000 0.000000 0.000000 0.000000 0.000000 0.000000 0.000000 0.000000 0.000000 0.000000 0.000000 0.000000 0.000000 0.000000 0.000000 0.000000 0.000000 0.000000 0.000000 0.000000 0.000000 0.000000 0.000000 0.000000 0.000000 0.000000 0.000000 0.000000 0.000000
0.000000 0.000000 0.000000 0.000000 0.000000 0.000000 0.000000 0.000000 0.000000 0.000000 0.000000 0.000000 0.000000 0.000000 0.000000 0.000000 0.000000 0.000000 0.000000 0.000000 0.000000 0.000000 0.000000 0.000000 0.000000 0.000000 0.000000 0.000000 0.000000 0.000000 0.000000 0.000000 0.000000 0.000000 0.000000 0.000000 0.000000 0.000000 0.000000 0.000000 0.000000 0.000000 0.000000 0.000000 0.000000 0.000000 0.000000 0.000000 0.000000 0.000000 0.000000 0.000000 0.000000 0.000000 0.000000 0.000000 0.000000 0.000000 0.000000 0.000000 0.000000 0.000000 0.000000 0.000000 0.000000 0.000000 0.000000 0.000000 0.000000 0.000000 0.000000 0.000000 0.000000 0.000000 0.000000 0.000000 0.000000 0.000000 0.000000 0.000000 0.000000 0.000000 0.000000 0.000000 0.000000 0.000000 0.000000 0.000000 0.000000 0.000000 0.000000 0.000000 0.000000 0.000000 0.000000 0.000000 0.000000 0.000000 0.000000 0.000000 0.000000 0.000000 0.000000 0.000000 0.000000 0.000000 0.000000 0.000000 0.000000 0.000000 0.000000 0.000000 0.000000 0.000000 0.000000 0.000000 0.000000 0.000000 0.000000 0.000000 0.000000 0.000000 0.000000 0.000000 0.000000 0.000000 0.518658 0.488988 0.000000 0.000000 0.000000 0.000000 0.000000 0.000000 0.000000 0.000000 0.000000 0.000000 0.000000 0.481982 0.505252 0.467415 0.000000 0.402819 0.000000 0.584014 0.547702 0.210684 0.319268 0.715823 0.800761 0.981136 0.953169 0.892091 0.836093 0.807405 0.877611 0.900640 0.871052 0.908982 0.932016 0.818866 0.628696 0.545909 0.442431 0.000000 0.000000 0.429746 0.418881 0.000000 0.000000 0.000000 0.000000 0.000000 0.000000 0.000000 0.000000 0.000000 0.000000 0.000000 0.000000 0.000000 0.000000 0.000000 0.000000 0.000000 0.000000 0.000000 0.000000 0.000000 0.000000 0.000000 0.000000 0.000000 0.000000 0.000000 0.000000 0.000000 0.000000 0.000000 0.000000 0.000000 0.000000 0.000000 0.000000 0.000000 0.000000 0.000000 0.000000 0.000000 0.000000 0.000000 0.000000 0.000000 0.000000 0.000000 0.000000 0.000000 0.000000 0.000000 0.000000 0.000000 0.000000 0.000000 0.000000 0.000000 0.000000 0.000000 0.000000 0.000000 0.000000 0.000000 0.000000 0.000000 0.000000 0.000000 0.000000 0.000000 0.000000 0.000000 0.000000 0.000000 0.000000 0.000000 0.000000 0.000000 0.000000 0.000000 0.000000 0.000000 0.000000 0.000000 0.000000 0.000000 0.000000 0.000000 0.000000 0.000000 0.000000 0.000000 0.000000 0.000000 0.000000 0.000000 0.000000 0.000000 0.000000 0.000000 0.000000 0.000000 0.000000 0.000000 0.000000 0.000000 0.000000 0.000000 0.000000 0.000000 0.000000 0.000000
0.000000 0.000000 0.000000 0.000000 0.000000 0.000000 0.000000 0.000000 0.000000 0.000000 0.000000 0.000000 0.000000 0.000000 0.000000 0.000000 0.000000 0.000000 0.000000 0.000000 0.000000 0.000000 0.000000 0.000000 0.000000 0.000000 1.070617 0.000000 0.000000 0.000000 0.000000 0.000000 0.000000 0.000000 0.000000 0.000000 0.000000 0.000000 0.000000 0.000000 0.000000 0.000000 0.000000 0.000000 0.000000 0.000000 0.000000 0.000000 0.000000 0.000000 0.000000 0.000000 0.000000 0.000000 0.000000 0.000000 0.000000 0.000000 0.000000 0.000000 0.000000 0.000000 0.000000 0.000000 0.000000 0.000000 0.000000 0.000000 0.000000 0.000000 0.000000 0.000000 0.000000 0.000000 0.000000 0.000000 0.000000 0.000000 0.000000 0.000000 0.000000 0.000000 0.000000 0.000000 0.000000 0.000000 0.000000 0.000000 0.000000 0.000000 0.000000 0.000000 0.000000 0.000000 0.000000 0.000000 0.000000 0.000000 0.000000 0.000000 0.000000 0.000000 0.000000 0.000000 0.000000 0.000000 0.000000 0.000000 0.000000 0.000000 0.000000 0.000000 0.000000 0.000000 0.000000 0.000000 0.000000 0.000000 0.000000 0.000000 0.000000 0.000000 0.000000 0.000000 0.000000 0.000000 0.401750 0.423149 0.409487 0.000000 0.000000 0.000000 0.000000 0.000000 0.000000 0.000000 0.000000 0.000000 0.000000 0.000000 0.000000 0.000000 0.000000 0.966937 0.524706 0.563741 0.616123 0.557795 0.845572 0.936769 0.988371 0.968364 0.883615 0.774415 0.751309 0.879477 0.960716 1.089051 1.122623 1.167266 1.023610 0.725687 0.754341 0.679808 0.625927 0.493739 0.482073 0.499118 0.451010 0.381955 0.362932 0.000000 0.000000 0.000000 0.000000 0.000000 0.000000 0.000000 0.000000 0.000000 0.000000 0.000000 0.000000 0.000000 0.000000 0.000000 0.000000 0.000000 0.000000 0.000000 0.000000 0.000000 0.000000 0.000000 0.000000 0.000000 0.000000 0.000000 0.000000 0.000000 0.000000 0.000000 0.000000 0.000000 0.000000 0.000000 0.000000 0.000000 0.000000 0.000000 0.000000 0.000000 0.000000 0.000000 0.000000 0.000000 0.000000 0.000000 0.000000 0.000000 0.000000 0.000000 0.000000 0.000000 0.000000 0.000000 0.000000 0.000000 0.000000 0.000000 0.000000 0.000000 0.000000 0.000000 0.000000 0.000000 0.000000 0.000000 0.000000 0.000000 0.000000 0.000000 0.000000 0.000000 0.000000 0.000000 0.000000 0.000000 0.000000 0.000000 0.000000 0.000000 0.000000 0.000000 0.000000 0.000000 0.000000 0.000000 0.000000 0.000000 0.000000 0.000000 0.000000 0.000000 0.000000 0.000000 0.000000 0.000000 0.000000 0.000000 0.000000 0.000000 0.000000 0.000000 0.000000 0.000000 0.000000 0.000000 0.000000 0.000000
0.000000 0.000000 0.000000 0.000000 0.000000 0.000000 0.000000 0.000000 0.000000 0.000000 0.000000 0.000000 0.000000 0.000000 0.000000 0.000000 0.000000 0.000000 0.000000 0.000000 0.000000 0.000000 0.000000 0.000000 0.000000 0.000000 0.000000 0.000000 0.000000 0.000000 0.000000 0.004000 0.000000 0.000000 0.000000 0.000000 0.000000 0.000000 0.000000 0.000000 0.000000 0.000000 0.000000 0.000000 0.000000 0.000000 0.000000 0.000000 0.000000 0.000000 0.000000 0.000000 0.000000 0.000000 0.000000 0.000000 0.000000 0.000000 0.000000 0.000000 0.000000 0.000000 0.000000 0.000000 0.000000 0.000000 0.000000 0.000000 0.000000 0.000000 0.000000 0.000000 0.000000 0.000000 0.000000 0.000000 0.000000 0.000000 0.000000 0.000000 0.000000 0.000000 0.000000 0.000000 0.000000 0.000000 0.000000 0.000000 0.000000 0.000000 0.000000 0.000000 0.000000 0.000000 0.000000 0.000000 0.000000 0.000000 0.000000 0.000000 0.000000 0.000000 0.000000 0.000000 0.000000 0.000000 0.000000 0.000000 0.000000 0.000000 0.000000 0.000000 0.000000 0.000000 0.000000 0.000000 0.000000 0.000000 0.000000 0.000000 0.000000 0.000000 0.000000 0.000000 0.000000 0.000000 0.436472 0.453793 0.428438 0.000000 0.000000 0.000000 0.000000 0.000000 0.398571 0.390833 0.000000 0.000000 0.000000 0.000000 0.000000 0.000000 0.004000 0.604590 0.577552 0.633026 0.622955 0.721174 0.717495 0.796930 0.986412 1.047996 1.014688 0.815910 0.844304 0.942612 1.056503 1.086720 1.012590 0.840717 0.483269 0.665460 0.787771 0.728234 0.673141 0.522882 0.453112 0.430775 0.398374 0.460151 0.428345 0.000000 0.000000 0.000000 0.000000 0.000000 0.000000 0.000000 0.000000 0.000000 0.000000 0.000000 0.000000 0.000000 0.000000 0.000000 0.000000 0.000000 0.000000 0.000000 0.000000 0.000000 0.000000 0.000000 0.000000 0.000000 0.000000 0.000000 0.000000 0.000000 0.000000 0.000000 0.000000 0.000000 0.000000 0.000000 0.000000 0.000000 0.000000 0.000000 0.000000 0.000000 0.000000 0.000000 0.000000 0.000000 0.000000 0.000000 0.000000 0.000000 0.000000 0.000000 0.000000 0.000000 0.000000 0.000000 0.000000 0.000000 0.000000 0.000000 0.000000 0.000000 0.000000 0.000000 0.000000 0.000000 0.000000 0.000000 0.000000 0.000000 0.000000 0.000000 0.000000 0.000000 0.000000 0.000000 0.000000 0.000000 0.000000 0.000000 0.000000 0.000000 0.000000 0.000000 0.000000 0.000000 0.000000 0.000000 0.000000 0.000000 0.000000 0.000000 0.000000 0.000000 0.000000 0.000000 0.000000 0.000000 0.000000 0.000000 0.000000 0.000000 0.000000 0.000000 0.000000 0.000000 0.000000 0.000000 0.000000 0.000000
0.000000 0.000000 0.000000 0.000000 0.000000 0.000000 0.000000 0.000000 0.000000 0.000000 0.000000 0.000000 0.000000 0.000000 0.000000 0.000000 0.000000 0.000000 0.000000 0.000000 0.000000 0.000000 0.000000 0.000000 0.000000 0.000000 0.000000 0.000000 0.000000 0.000000 0.000000 0.000000 0.000000 0.000000 0.000000 0.000000 0.000000 0.000000 0.000000 0.000000 0.000000 0.000000 0.000000 0.000000 0.000000 0.000000 0.000000 0.000000 0.000000 0.000000 0.000000 0.000000 0.000000 0.000000 0.000000 0.000000 0.000000 0.000000 0.000000 0.000000 0.000000 0.000000 0.000000 0.000000 0.000000 0.000000 0.000000 0.000000 0.000000 0.000000 0.000000 0.000000 0.000000 0.000000 0.000000 0.000000 0.000000 0.000000 0.000000 0.000000 0.000000 0.000000 0.000000 0.000000 0.000000 0.000000 0.000000 0.000000 0.000000 0.000000 0.000000 0.000000 0.000000 0.000000 0.000000 0.000000 0.000000 0.000000 0.000000 0.000000 0.000000 0.000000 0.000000 0.000000 0.000000 0.000000 0.000000 0.000000 0.000000 0.000000 0.000000 0.000000 0.000000 0.000000 0.000000 0.000000 0.000000 0.000000 0.000000 0.000000 0.000000 0.000000 0.000000 0.000000 0.000000 0.000000 0.314137 0.000000 0.314527 0.000000 0.000000 0.000000 0.000000 0.000000 0.000000 0.000000 0.000000 0.000000 0.000000 0.000000 0.000000 0.000000 0.714133 0.549797 0.556241 0.631326 0.677018 0.696727 0.717949 0.563374 0.666661 0.917913 1.019185 0.952870 0.785752 0.789006 0.793553 0.834420 1.048792 0.899210 0.853086 0.671146 0.778638 0.707330 0.617572 0.532490 0.415007 0.000000 0.450886 0.497232 0.452793 0.000000 0.000000 0.000000 0.000000 0.000000 0.000000 0.000000 0.000000 0.000000 0.000000 0.000000 0.000000 0.000000 0.000000 0.000000 0.000000 0.000000 0.000000 0.000000 0.000000 0.000000 0.000000 0.000000 0.000000 0.000000 0.000000 0.000000 0.000000 0.000000 0.000000 0.000000 0.000000 0.000000 0.000000 0.000000 0.000000 0.000000 0.000000 0.000000 0.000000 0.000000 0.000000 0.000000 0.000000 0.000000 0.000000 0.000000 0.000000 0.000000 0.000000 0.000000 0.000000 0.000000 0.000000 0.000000 0.000000 0.000000 0.000000 0.000000 0.000000 0.000000 0.000000 0.000000 0.000000 0.000000 0.000000 0.000000 0.000000 0.000000 0.000000 0.000000 0.000000 0.000000 0.000000 0.000000 0.000000 0.000000 0.000000 0.000000 0.000000 0.000000 0.000000 0.000000 0.000000 0.000000 0.000000 0.000000 0.000000 0.000000 0.000000 0.000000 0.000000 0.000000 0.000000 0.000000 0.000000 0.000000 0.000000 0.000000 0.000000 0.000000 0.000000 0.000000 0.000000 0.000000 0.000000 0.000000 0.000000 0.000000
0.000000 0.000000 0.000000 0.000000 0.000000 0.000000 0.000000 0.000000 0.000000 0.000000 0.000000 0.000000 0.000000 0.000000 0.000000 0.000000 0.000000 0.000000 0.000000 0.000000 0.000000 0.000000 0.000000 0.000000 0.000000 0.000000 0.000000 0.000000 0.000000 0.000000 0.000000 0.000000 0.000000 0.000000 0.000000 0.000000 0.000000 0.000000 0.000000 0.000000 0.000000 0.000000 0.000000 0.000000 0.000000 0.000000 0.000000 0.000000 0.000000 0.000000 0.000000 0.000000 0.000000 0.000000 0.000000 0.000000 0.000000 0.000000 0.000000 0.000000 0.000000 0.000000 0.000000 0.000000 0.000000 0.000000 0.000000 0.000000 0.000000 0.000000 0.000000 0.000000 0.000000 0.000000 0.000000 0.000000 0.000000 0.000000 0.000000 0.000000 0.000000 0.000000 0.000000 0.000000 0.000000 0.000000 0.000000 0.000000 0.000000 0.000000 0.000000 0.000000 0.000000 0.000000 0.000000 0.000000 0.000000 0.000000 0.000000 0.000000 0.000000 0.000000 0.000000 0.000000 0.000000 0.000000 0.000000 0.000000 0.000000 0.000000 0.000000 0.000000 0.000000 0.000000 0.000000 0.000000 0.000000 0.000000 0.000000 0.000000 0.000000 0.000000 0.000000 0.000000 0.000000 0.000000 0.000000 0.000000 0.000000 0.000000 0.000000 0.000000 0.000000 0.000000 0.000000 0.000000 0.000000 0.000000 0.000000 0.000000 0.000000 0.000000 0.000000 0.458365 0.524899 0.532129 0.584518 0.657590 0.666260 0.515861 0.651148 0.739889 0.941076 0.886160 0.811227 0.718565 0.721029 0.778510 0.917883 0.728120 0.637457 0.617829 0.716637 0.590459 0.574036 0.510110 0.534068 0.482541 0.549644 0.462173 0.427726 0.445033 0.418580 0.496606 0.514205 0.458699 0.000000 0.000000 0.000000 0.000000 0.000000 0.000000 0.000000 0.000000 0.000000 0.000000 0.000000 0.000000 0.000000 0.000000 0.000000 0.000000 0.000000 0.000000 0.000000 0.000000 0.000000 0.000000 0.000000 0.000000 0.000000 0.000000 0.000000 0.000000 0.000000 0.000000 0.000000 0.000000 0.000000 0.000000 0.000000 0.000000 0.000000 0.000000 0.000000 0.000000 0.000000 0.000000 0.000000 0.000000 0.000000 0.000000 0.000000 0.000000 0.000000 0.000000 0.000000 0.000000 0.000000 0.000000 0.000000 0.000000 0.000000 0.000000 0.000000 0.000000 0.000000 0.000000 0.000000 0.000000 0.000000 0.000000 0.000000 0.000000 0.000000 0.000000 0.000000 0.000000 0.000000 0.000000 0.000000 0.000000 0.000000 0.000000 0.000000 0.000000 0.000000 0.000000 0.000000 0.000000 0.000000 0.000000 0.000000 0.000000 0.000000 0.000000 0.000000 0.000000 0.000000 0.000000 0.000000 0.000000 0.000000 0.000000 0.000000 0.000000 0.000000 0.000000 0.000000 0.000000
0.000000 0.000000 0.000000 0.000000 0.000000 0.000000 0.000000 0.000000 0.000000 0.000000 0.000000 0.000000 0.000000 0.000000 0.000000 0.000000 0.000000 0.000000 0.000000 0.000000 0.000000 0.000000 0.000000 0.000000 0.000000 0.000000 0.000000 0.000000 0.000000 0.000000 0.000000 0.000000 0.000000 0.000000 0.000000 0.000000 0.000000 0.000000 0.000000 0.000000 0.000000 0.000000 0.000000 0.000000 0.000000 0.000000 0.000000 0.000000 0.000000 0.000000 0.000000 0.000000 0.000000 0.000000 0.000000 0.000000 0.000000 0.000000 0.000000 0.000000 0.000000 0.000000 0.000000 0.000000 0.000000 0.000000 0.000000 0.000000 0.000000 0.000000 0.000000 0.000000 0.000000 0.000000 0.000000 0.000000 0.000000 0.000000 0.000000 0.000000 0.000000 0.000000 0.000000 0.000000 0.000000 0.000000 0.000000 0.000000 0.000000 0.000000 0.000000 0.000000 0.000000 0.000000 0.000000 0.000000 0.000000 0.000000 0.000000 0.000000 0.000000 0.000000 0.000000 0.000000 0.000000 0.000000 0.000000 0.000000 0.000000 0.000000 0.000000 0.000000 0.000000 0.000000 0.000000 0.000000 0.000000 0.000000 0.000000 0.000000 0.000000 0.000000 0.000000 0.373968 0.384623 0.377550 0.353931 0.000000 0.000000 0.000000 0.000000 0.000000 0.000000 0.000000 0.000000 0.004000 0.477191 0.000000 0.000000 0.000000 0.000000 0.000000 0.000000 0.000000 0.000000 0.000000 0.406167 0.505660 0.553531 0.660820 0.663607 0.839690 0.919427 0.832354 0.651182 0.288493 0.813876 0.871857 0.811870 0.727515 0.664057 0.640072 0.305628 0.164939 0.152784 0.166431 0.129424 0.605775 0.589880 0.545664 0.551771 0.516151 0.455936 0.675283 0.663191 0.527241 0.417242 0.000000 0.000000 0.000000 0.000000 0.000000 0.000000 0.000000 0.000000 0.000000 0.000000 0.000000 0.000000 0.000000 0.000000 0.000000 0.000000 0.000000 0.000000 0.000000 0.000000 0.000000 0.000000 0.000000 0.000000 0.000000 0.000000 0.000000 0.000000 0.000000 0.000000 0.000000 0.000000 0.000000 0.000000 0.000000 0.000000 0.000000 0.000000 0.000000 0.000000 0.000000 0.000000 0.000000 0.000000 0.000000 0.000000 0.000000 0.000000 0.000000 0.000000 0.000000 0.000000 0.000000 0.000000 0.000000 0.000000 0.000000 0.000000 0.000000 0.000000 0.000000 0.000000 0.000000 0.000000 0.000000 0.000000 0.000000 0.000000 0.000000 0.000000 0.000000 0.000000 0.000000 0.000000 0.000000 0.000000 0.000000 0.000000 0.000000 0.000000 0.000000 0.000000 0.000000 0.000000 0.000000 0.000000 0.000000 0.000000 0.000000 0.000000 0.000000 0.000000 0.000000 0.000000 0.000000 0.000000 0.000000 0.000000 0.000000 0.000000 0.000000 0.000000 0.000000
0.000000 0.000000 0.000000 0.000000 0.000000 0.000000 0.000000 0.000000 0.000000 0.000000 0.000000 0.000000 0.000000 0.000000 0.000000 0.000000 0.000000 0.000000 0.000000 0.000000 0.000000 0.000000 0.000000 0.000000 0.000000 0.000000 0.000000 0.000000 0.000000 0.000000 0.000000 0.000000 0.000000 0.000000 0.000000 0.000000 0.000000 0.000000 0.000000 0.000000 0.000000 0.000000 0.000000 0.000000 0.000000 0.000000 0.000000 0.000000 0.000000 0.000000 0.000000 0.000000 0.000000 0.000000 0.000000 0.000000 0.000000 0.000000 0.000000 0.000000 0.000000 0.000000 0.000000 0.000000 0.000000 0.000000 0.000000 0.000000 0.000000 0.000000 0.000000 0.000000 0.000000 0.000000 0.000000 0.000000 0.000000 0.000000 0.000000 0.000000 0.000000 0.000000 0.000000 0.000000 0.000000 0.000000 0.000000 0.000000 0.000000 0.000000 0.000000 0.000000 0.000000 0.000000 0.000000 0.000000 0.000000 0.000000 0.000000 0.000000 0.000000 0.000000 0.000000 0.000000 0.000000 0.000000 0.000000 0.000000 0.000000 0.000000 0.000000 0.000000 0.000000 0.000000 0.000000 0.000000 0.000000 0.000000 0.000000 0.000000 0.000000 0.000000 0.423042 0.484660 0.502029 0.503522 0.494670 0.467636 0.431060 0.379662 0.000000 0.000000 0.000000 0.000000 0.427956 0.665884 0.720753 0.681039 0.602056 0.611955 0.584649 0.526226 0.440920 0.000000 0.000000 0.000000 0.433292 0.454250 0.476895 0.433181 0.644875 0.731920 0.739340 0.343592 0.274826 0.287198 0.746328 0.771574 0.741231 0.312362 0.671508 0.601635 0.116225 0.194168 0.242197 0.164272 0.101550 0.630629 0.650774 0.613815 0.533128 0.453295 0.465844 0.578854 0.600312 0.587029 0.571789 0.507858 0.425428 0.000000 0.000000 0.000000 0.000000 0.000000 0.000000 0.000000 0.000000 0.000000 0.000000 0.000000 0.000000 0.000000 0.000000 0.000000 0.000000 0.000000 0.000000 0.000000 0.000000 0.000000 0.000000 0.000000 0.000000 0.000000 0.000000 0.000000 0.000000 0.000000 0.000000 0.000000 0.000000 0.000000 0.000000 0.000000 0.000000 0.000000 0.000000 0.000000 0.000000 0.000000 0.000000 0.000000 0.000000 0.000000 0.000000 0.000000 0.000000 0.000000 0.000000 0.000000 0.000000 0.000000 0.000000 0.000000 0.000000 0.000000 0.000000 0.000000 0.000000 0.000000 0.000000 0.000000 0.000000 0.000000 0.000000 0.000000 0.000000 0.000000 0.000000 0.000000 0.000000 0.000000 0.000000 0.000000 0.000000 0.000000 0.000000 0.000000 0.000000 0.000000 0.000000 0.000000 0.000000 0.000000 0.000000 0.000000 0.000000 0.000000 0.000000 0.000000 0.000000 0.000000 0.000000 0.000000 0.000000 0.000000 0.000000 0.000000 0.000000 0.000000
0.000000 0.000000 0.000000 0.000000 0.000000 0.000000 0.000000 0.000000 0.000000 0.000000 0.000000 0.000000 0.000000 0.000000 0.000000 0.000000 0.000000 0.000000 0.000000 0.000000 0.000000 0.000000 0.000000 0.000000 0.000000 0.000000 0.000000 0.000000 0.000000 0.000000 0.000000 0.000000 0.000000 0.000000 0.000000 0.000000 0.000000 0.000000 0.000000 0.000000 0.000000 0.000000 0.000000 0.000000 0.000000 0.000000 0.000000 0.000000 0.000000 0.000000 0.000000 0.000000 0.000000 0.000000 0.000000 0.000000 0.000000 0.000000 0.000000 0.000000 0.000000 0.000000 0.000000 0.000000 0.000000 0.000000 0.000000 0.000000 0.000000 0.000000 0.000000 0.000000 0.000000 0.000000 0.000000 0.000000 0.000000 0.000000 0.000000 0.000000 0.000000 0.000000 0.000000 0.000000 0.000000 0.000000 0.000000 0.000000 0.000000 0.000000 0.000000 0.000000 0.000000 0.000000 0.000000 0.000000 0.000000 0.000000 0.000000 0.000000 0.000000 0.000000 0.000000 0.000000 0.000000 0.000000 0.000000 0.000000 0.000000 0.000000 0.000000 0.000000 0.000000 0.000000 0.000000 0.000000 0.000000 0.000000 0.000000 0.000000 0.000000 0.000000 0.441631 0.515179 0.548254 0.559118 0.558278 0.558851 0.499604 0.510097 0.447812 0.000000 0.516611 0.567890 0.634121 0.820910 0.874173 0.843807 0.781711 0.759039 0.693491 0.611347 0.506259 0.376911 0.411081 0.697597 0.771058 0.728762 0.851159 0.611887 0.545556 0.597489 0.464233 0.407476 0.227458 0.389173 0.790404 0.769244 0.301129 0.205556 0.284021 0.330032 0.145016 0.274373 0.154090 0.071836 0.115771 0.613885 0.636059 0.723135 0.629731 0.570730 0.513918 0.639075 0.662416 0.823358 0.788486 0.651803 0.547580 0.514132 0.463714 0.000000 0.000000 0.000000 0.000000 0.000000 0.000000 0.000000 0.000000 0.000000 0.000000 0.000000 0.000000 0.000000 0.000000 0.000000 0.000000 0.000000 0.000000 0.000000 0.000000 0.000000 0.000000 0.000000 0.000000 0.000000 0.000000 0.000000 0.000000 0.000000 0.000000 0.000000 0.000000 0.000000 0.000000 0.000000 0.000000 0.000000 0.000000 0.000000 0.000000 0.000000 0.000000 0.000000 0.000000 0.000000 0.000000 0.000000 0.000000 0.000000 0.000000 0.000000 0.000000 0.000000 0.000000 0.000000 0.000000 0.000000 0.000000 0.000000 0.000000 0.000000 0.000000 0.000000 0.000000 0.000000 0.000000 0.000000 0.000000 0.000000 0.000000 0.000000 0.000000 0.000000 0.000000 0.000000 0.000000 0.000000 0.000000 0.000000 0.000000 0.000000 0.000000 0.000000 0.000000 0.000000 0.000000 0.000000 0.000000 0.000000 0.000000 0.000000 0.000000 0.000000 0.000000 0.000000 0.000000 0.000000 0.000000 0.000000
0.000000 0.000000 0.000000 0.000000 0.000000 0.000000 0.000000 0.000000 0.000000 0.000000 0.000000 0.000000 0.000000 0.000000 0.000000 0.000000 0.000000 0.000000 0.000000 0.000000 0.000000 0.000000 0.000000 0.000000 0.000000 0.000000 0.000000 0.000000 0.000000 0.000000 0.000000 0.000000 0.000000 0.000000 0.000000 0.000000 0.000000 0.000000 0.000000 0.000000 0.000000 0.000000 0.000000 0.000000 0.000000 0.000000 0.000000 0.000000 0.000000 0.000000 0.000000 0.000000 0.000000 0.000000 0.000000 0.000000 0.000000 0.000000 0.000000 0.000000 0.000000 0.000000 0.000000 0.000000 0.000000 0.000000 0.000000 0.000000 0.000000 0.000000 0.000000 0.000000 0.000000 0.000000 0.000000 0.000000 0.000000 0.000000 0.000000 0.000000 0.000000 0.000000 0.000000 0.000000 0.000000 0.000000 0.000000 0.000000 0.000000 0.000000 0.000000 0.000000 0.000000 0.000000 0.000000 0.000000 0.000000 0.000000 0.000000 0.000000 0.000000 0.000000 0.000000 0.000000 0.000000 0.000000 0.000000 0.000000 0.000000 0.000000 0.000000 0.000000 0.000000 0.000000 0.000000 0.000000 0.000000 0.000000 0.000000 0.000000 0.000000 0.000000 0.000000 0.000000 0.403718 0.460447 0.493163 0.701031 0.482553 0.450635 0.403975 0.423001 0.472041 0.508444 0.628261 0.774563 0.848335 0.850476 0.809645 0.726289 0.614027 0.497341 0.391705 0.622639 0.763503 0.983340 0.969136 0.688477 0.920537 0.855340 1.079837 0.864028 0.312532 0.376764 0.549588 0.907565 0.862309 0.489987 0.292711 0.275757 0.365646 0.339161 0.259990 0.332773 0.313325 0.129408 0.195952 0.419665 0.760868 0.724337 0.767605 0.622926 0.663492 0.605936 0.594152 0.615157 0.651267 0.848581 0.786474 0.726967 0.663985 0.507722 0.000000 0.000000 0.000000 0.000000 0.000000 0.000000 0.000000 0.000000 0.000000 0.000000 0.000000 0.000000 0.000000 0.000000 0.000000 0.000000 0.000000 0.000000 0.000000 0.000000 0.000000 0.000000 0.000000 0.000000 0.000000 0.000000 0.000000 0.000000 0.000000 0.000000 0.000000 0.000000 0.000000 0.000000 0.000000 0.000000 0.000000 0.000000 0.000000 0.000000 0.000000 0.000000 0.000000 0.000000 0.000000 0.000000 0.000000 0.000000 0.000000 0.000000 0.000000 0.000000 0.000000 0.000000 0.000000 0.000000 0.000000 0.000000 0.000000 0.000000 0.000000 0.000000 0.000000 0.000000 0.000000 0.000000 0.000000 0.000000 0.000000 0.000000 0.000000 0.000000 0.000000 0.000000 0.000000 0.000000 0.000000 0.000000 0.000000 0.000000 0.000000 0.000000 0.000000 0.000000 0.000000 0.000000 0.000000 0.000000 0.000000 0.000000 0.000000 0.000000 0.000000 0.000000 0.000000 0.000000 0.000000 0.000000
0.000000 0.000000 0.000000 0.000000 0.000000 0.000000 0.000000 0.000000 0.000000 0.000000 0.000000 0.000000 0.000000 0.000000 0.000000 0.000000 0.000000 0.000000 0.000000 0.000000 0.000000 0.000000 0.000000 0.000000 0.000000 0.000000 0.000000 0.000000 0.000000 0.000000 0.000000 0.000000 0.000000 0.000000 0.000000 0.000000 0.000000 0.000000 0.000000 0.000000 0.000000 0.000000 0.000000 0.422917 0.450519 0.413470 0.000000 0.000000 0.000000 0.000000 0.000000 0.000000 0.000000 0.000000 0.000000 0.000000 0.000000 0.000000 0.000000 0.000000 0.000000 0.000000 0.000000 0.000000 0.000000 0.000000 0.000000 0.000000 0.000000 0.000000 0.000000 0.000000 0.000000 0.000000 0.000000 0.000000 0.000000 0.000000 0.000000 0.000000 0.000000 0.000000 0.000000 0.000000 0.000000 0.000000 0.000000 0.000000 0.000000 0.000000 0.000000 0.000000 0.000000 0.000000 0.000000 0.000000 0.000000 0.000000 0.000000 0.000000 0.000000 0.000000 0.000000 0.000000 0.000000 0.000000 0.000000 0.000000 0.000000 0.000000 0.000000 0.000000 0.000000 0.000000 0.000000 0.000000 0.000000 0.000000 0.000000 0.000000 0.000000 0.000000 0.000000 0.000000 0.000000 0.000000 0.000000 0.000000 0.000000 0.311803 0.000000 0.000000 0.000000 0.000000 0.466414 0.604555 0.653807 0.660079 0.601742 0.583570 0.541831 0.468364 0.439624 0.656608 0.904534 1.063589 0.995233 0.866489 0.974230 0.919037 0.943641 0.911903 0.668515 0.356710 0.776291 1.144240 1.168500 0.749516 0.407477 0.324296 0.380854 0.296060 0.230411 0.330108 0.320934 0.214057 0.399091 0.519677 0.826731 0.882052 0.758989 0.601683 0.724418 0.777872 0.740701 0.676699 0.778235 0.879206 0.864853 0.789966 0.721612 0.589586 0.439204 0.381205 0.000000 0.000000 0.000000 0.000000 0.000000 0.000000 0.000000 0.000000 0.000000 0.000000 0.000000 0.000000 0.000000 0.000000 0.000000 0.000000 0.000000 0.000000 0.000000 0.000000 0.000000 0.000000 0.000000 0.000000 0.000000 0.000000 0.000000 0.000000 0.000000 0.000000 0.000000 0.000000 0.000000 0.000000 0.000000 0.000000 0.000000 0.000000 0.000000 0.000000 0.000000 0.000000 0.000000 0.000000 0.000000 0.000000 0.000000 0.000000 0.000000 0.000000 0.000000 0.000000 0.000000 0.000000 0.000000 0.000000 0.000000 0.000000 0.000000 0.000000 0.000000 0.000000 0.000000 0.000000 0.000000 0.000000 0.000000 0.000000 0.000000 0.000000 0.000000 0.000000 0.000000 0.000000 0.000000 0.000000 0.000000 0.000000 0.000000 0.000000 0.000000 0.000000 0.000000 0.000000 0.000000 0.000000 0.000000 0.000000 0.000000 0.000000 0.000000 0.000000 0.000000 0.000000 0.000000 0.000000
0.000000 0.000000 0.000000 0.000000 0.000000 0.000000 0.000000 0.000000 0.000000 0.000000 0.000000 0.000000 0.000000 0.000000 0.000000 0.000000 0.000000 0.000000 0.000000 0.000000 0.000000 0.000000 0.000000 0.000000 0.000000 0.000000 0.000000 0.000000 0.000000 0.000000 0.000000 0.000000 0.000000 0.000000 0.000000 0.000000 0.000000 0.000000 0.000000 0.000000 0.000000 0.000000 0.601054 0.649891 0.619194 0.545356 0.431953 0.000000 0.000000 0.000000 0.000000 0.000000 0.000000 0.000000 0.000000 0.000000 0.000000 0.000000 0.000000 0.000000 0.000000 0.000000 0.000000 0.000000 0.000000 0.000000 0.000000 0.000000 0.000000 0.000000 0.000000 0.000000 0.000000 0.000000 0.000000 0.000000 0.000000 0.000000 0.000000 0.000000 0.000000 0.000000 0.000000 0.000000 0.000000 0.000000 0.000000 0.000000 0.000000 0.000000 0.000000 0.000000 0.000000 0.000000 0.000000 0.000000 0.000000 0.000000 0.000000 0.000000 0.000000 0.000000 0.000000 0.000000 0.000000 0.000000 0.000000 0.000000 0.000000 0.000000 0.000000 0.000000 0.000000 0.000000 0.000000 0.000000 0.000000 0.000000 0.000000 0.000000 0.000000 0.000000 0.000000 0.430393 0.000000 0.000000 0.000000 0.000000 0.000000 0.000000 0.000000 0.000000 0.000000 0.000000 0.000000 0.400044 0.405666 0.376028 0.000000 0.466828 0.536492 0.560658 0.542972 0.532686 0.567964 0.876470 0.919592 0.965225 1.045492 0.993693 0.728544 0.652648 0.369277 0.859701 1.125665 0.869816 0.945061 0.854107 0.903988 0.436220 0.444923 0.414213 0.292019 0.240623 0.167854 0.252329 0.347057 0.481400 0.859904 0.835254 0.651912 0.543616 0.706102 0.774197 0.810555 0.775165 0.788885 0.895530 0.866006 0.774599 0.702147 0.562889 0.545305 0.475071 0.365753 0.358314 0.000000 0.000000 0.000000 0.000000 0.000000 0.000000 0.000000 0.000000 0.000000 0.000000 0.000000 0.000000 0.000000 0.000000 0.000000 0.000000 0.000000 0.000000 0.000000 0.000000 0.000000 0.000000 0.000000 0.000000 0.000000 0.000000 0.000000 0.000000 0.000000 0.000000 0.000000 0.000000 0.000000 0.000000 0.000000 0.000000 0.000000 0.000000 0.000000 0.000000 0.000000 0.000000 0.000000 0.000000 0.000000 0.000000 0.000000 0.000000 0.000000 0.000000 0.000000 0.000000 0.000000 0.000000 0.000000 0.000000 0.000000 0.000000 0.000000 0.000000 0.000000 0.000000 0.000000 0.000000 0.000000 0.000000 0.000000 0.000000 0.000000 0.000000 0.000000 0.000000 0.000000 0.000000 0.000000 0.000000 0.000000 0.000000 0.000000 0.000000 0.000000 0.000000 0.000000 0.000000 0.000000 0.000000 0.000000 0.000000 0.000000 0.000000 0.000000 0.000000 0.000000 0.000000
0.000000 0.000000 0.000000 0.000000 0.000000 0.000000 0.000000 0.000000 0.000000 0.000000 0.000000 0.000000 0.000000 0.000000 0.000000 0.000000 0.000000 0.000000 0.000000 0.000000 0.000000 0.000000 0.000000 0.000000 0.000000 0.000000 0.000000 0.000000 0.000000 0.000000 0.000000 0.000000 0.000000 0.000000 0.000000 0.000000 0.000000 0.000000 0.000000 0.000000 0.000000 0.501629 0.734942 0.762584 0.683697 0.573626 0.433531 0.000000 0.000000 0.000000 0.000000 0.000000 0.000000 0.000000 0.000000 0.000000 0.000000 0.000000 0.000000 0.000000 0.000000 0.000000 0.000000 0.000000 0.000000 0.000000 0.000000 0.000000 0.000000 0.000000 0.000000 0.000000 0.000000 0.000000 0.000000 0.000000 0.000000 0.000000 0.000000 0.000000 0.000000 0.000000 0.000000 0.000000 0.000000 0.000000 0.000000 0.000000 0.000000 0.000000 0.000000 0.000000 0.000000 0.000000 0.000000 0.000000 0.000000 0.000000 0.000000 0.000000 0.000000 0.000000 0.000000 0.000000 0.000000 0.000000 0.000000 0.000000 0.000000 0.000000 0.000000 0.000000 0.000000 0.000000 0.000000 0.000000 0.000000 0.000000 0.000000 0.000000 0.000000 0.000000 0.000000 0.000000 0.000000 0.000000 0.000000 0.000000 0.000000 0.000000 0.000000 0.000000 0.000000 0.000000 0.000000 0.384197 0.405385 0.402862 0.378295 0.516087 0.603767 0.655944 0.718087 0.732981 0.658867 0.680733 0.806821 0.833570 1.087515 0.835234 0.745621 0.729836 0.758971 0.755583 1.008164 0.936821 0.975785 0.590288 0.481012 0.501356 0.462941 0.392317 0.402452 0.212693 0.080222 0.142885 0.209832 0.324636 0.636171 0.683487 0.515791 0.000000 0.522837 0.585773 0.683343 0.781030 0.746289 0.676189 0.639174 0.576329 0.498227 0.463044 0.487832 0.501118 0.375647 0.000000 0.000000 0.000000 0.000000 0.000000 0.000000 0.000000 0.000000 0.000000 0.000000 0.000000 0.000000 0.000000 0.000000 0.000000 0.455218 0.558145 0.534403 0.445247 0.000000 0.000000 0.000000 0.000000 0.000000 0.000000 0.000000 0.000000 0.000000 0.000000 0.000000 0.000000 0.000000 0.000000 0.000000 0.000000 0.000000 0.000000 0.000000 0.000000 0.000000 0.000000 0.000000 0.000000 0.000000 0.000000 0.000000 0.000000 0.000000 0.000000 0.000000 0.000000 0.000000 0.000000 0.000000 0.000000 0.000000 0.000000 0.000000 0.000000 0.000000 0.000000 0.000000 0.000000 0.000000 0.000000 0.000000 0.000000 0.000000 0.000000 0.000000 0.000000 0.000000 0.000000 0.000000 0.000000 0.000000 0.000000 0.000000 0.000000 0.000000 0.000000 0.000000 0.000000 0.000000 0.000000 0.000000 0.000000 0.000000 0.000000 0.000000 0.000000 0.000000 0.000000 0.000000 0.000000
0.000000 0.000000 0.000000 0.000000 0.000000 0.000000 0.000000 0.000000 0.000000 0.000000 0.000000 0.000000 0.000000 0.000000 0.000000 0.000000 0.000000 0.000000 0.000000 0.000000 0.000000 0.000000 0.000000 0.000000 0.000000 0.000000 0.000000 0.000000 0.000000 0.000000 0.000000 0.000000 0.000000 0.000000 0.000000 0.000000 0.000000 0.000000 0.000000 0.000000 0.000000 0.499750 0.681844 0.772216 0.630036 0.000000 0.000000 0.000000 0.000000 0.000000 0.000000 0.000000 0.000000 0.000000 0.000000 0.000000 0.000000 0.000000 0.000000 0.000000 0.000000 0.000000 0.000000 0.000000 0.000000 0.000000 0.000000 0.000000 0.000000 0.000000 0.000000 0.000000 0.000000 0.000000 0.000000 0.000000 0.000000 0.000000 0.000000 0.000000 0.000000 0.000000 0.000000 0.000000 0.000000 0.000000 0.000000 0.000000 0.000000 0.000000 0.000000 0.000000 0.000000 0.000000 0.000000 0.000000 0.000000 0.000000 0.000000 0.000000 0.000000 0.000000 0.000000 0.000000 0.000000 0.000000 0.000000 0.000000 0.000000 0.000000 0.000000 0.000000 0.000000 0.000000 0.000000 0.000000 0.000000 0.000000 0.000000 0.000000 0.000000 0.000000 0.000000 0.000000 0.000000 0.000000 0.000000 0.000000 0.000000 0.000000 0.000000 0.000000 0.000000 0.000000 0.000000 0.394721 0.491005 0.507853 0.474687 0.530261 0.621045 0.727200 0.789757 0.849134 0.799051 0.713137 0.509509 0.720088 1.008423 0.775629 0.343506 0.393146 0.585558 1.076622 1.145268 1.053900 1.042526 0.515560 0.414873 0.416218 0.471779 0.376703 0.378896 0.300546 0.195230 0.199430 0.240014 0.241790 0.507764 0.497093 0.000000 0.000000 0.000000 0.000000 0.449628 0.547168 0.521814 0.599773 0.553328 0.560851 0.551990 0.546394 0.489321 0.374914 0.386288 0.000000 0.000000 0.000000 0.000000 0.000000 0.000000 0.000000 0.000000 0.000000 0.000000 0.000000 0.000000 0.000000 0.000000 0.000000 0.554448 0.669691 0.659326 0.598468 0.632196 0.574438 0.420726 0.000000 0.000000 0.000000 0.000000 0.000000 0.000000 0.000000 0.000000 0.000000 0.000000 0.000000 0.000000 0.000000 0.000000 0.000000 0.000000 0.000000 0.000000 0.000000 0.000000 0.000000 0.000000 0.000000 0.000000 0.000000 0.000000 0.000000 0.000000 0.000000 0.000000 0.000000 0.000000 0.000000 0.000000 0.000000 0.000000 0.000000 0.000000 0.000000 0.000000 0.000000 0.000000 0.000000 0.000000 0.000000 0.000000 0.000000 0.000000 0.000000 0.000000 0.000000 0.000000 0.000000 0.000000 0.000000 0.000000 0.000000 0.000000 0.000000 0.000000 0.000000 0.000000 0.000000 0.000000 0.000000 0.000000 0.000000 0.000000 0.000000 0.000000 0.000000 0.000000 0.000000
0.000000 0.000000 0.000000 0.000000 0.000000 0.000000 0.000000 0.000000 0.000000 0.000000 0.000000 0.000000 0.000000 0.000000 0.000000 0.000000 0.000000 0.000000 0.000000 0.000000 0.000000 0.000000 0.000000 0.000000 0.000000 0.000000 0.000000 0.000000 0.000000 0.000000 0.000000 0.000000 0.000000 0.000000 0.000000 0.000000 0.000000 0.000000 0.000000 0.000000 0.487417 0.000000 0.000000 0.000000 0.000000 0.000000 0.000000 0.000000 0.000000 0.000000 0.000000 0.000000 0.000000 0.000000 0.000000 0.000000 0.000000 0.000000 0.000000 0.000000 0.000000 0.000000 0.000000 0.000000 0.000000 0.000000 0.000000 0.000000 0.000000 0.000000 0.000000 0.000000 0.000000 0.000000 0.000000 0.000000 0.000000 0.000000 0.000000 0.000000 0.000000 0.000000 0.000000 0.000000 0.000000 0.000000 0.000000 0.000000 0.000000 0.000000 0.000000 0.000000 0.000000 0.000000 0.000000 0.000000 0.000000 0.000000 0.000000 0.000000 0.000000 0.000000 0.000000 0.000000 0.000000 0.000000 0.000000 0.000000 0.000000 0.000000 0.000000 0.000000 0.000000 0.000000 0.000000 0.000000 0.000000 0.000000 0.000000 0.000000 0.000000 0.000000 0.000000 0.000000 0.000000 0.000000 0.000000 0.000000 0.000000 0.000000 0.000000 0.000000 0.000000 0.000000 0.000000 0.000000 0.421457 0.504456 0.537842 0.532320 0.799363 0.758964 0.827990 0.810652 0.628385 0.737769 0.262220 0.286051 0.809420 0.864313 0.897013 0.548058 0.582364 0.372977 0.590240 0.579581 0.600548 0.412404 0.348247 0.334287 0.324035 0.410333 0.492323 0.430380 0.750136 0.678322 0.612058 0.520451 0.506542 0.397057 0.000000 0.000000 0.438708 0.437486 0.000000 0.000000 0.558185 0.573965 0.551824 0.675173 0.600576 0.539200 0.430168 0.000000 0.000000 0.000000 0.000000 0.000000 0.000000 0.000000 0.000000 0.000000 0.000000 0.000000 0.000000 0.000000 0.000000 0.000000 0.000000 0.000000 0.594629 0.677443 0.690169 0.748664 0.851888 0.764073 0.550938 0.000000 0.000000 0.000000 0.000000 0.000000 0.000000 0.000000 0.000000 0.000000 0.000000 0.000000 0.000000 0.000000 0.000000 0.000000 0.000000 0.000000 0.000000 0.000000 0.000000 0.000000 0.000000 0.000000 0.000000 0.000000 0.000000 0.000000 0.000000 0.000000 0.000000 0.000000 0.000000 0.000000 0.000000 0.000000 0.000000 0.000000 0.000000 0.000000 0.000000 0.000000 0.000000 0.000000 0.000000 0.000000 0.000000 0.000000 0.000000 0.000000 0.000000 0.000000 0.000000 0.000000 0.000000 0.000000 0.000000 0.000000 0.000000 0.000000 0.000000 0.000000 0.000000 0.000000 0.000000 0.000000 0.000000 0.000000 0.000000 0.000000 0.000000 0.000000 0.000000 0.000000
0.000000 0.000000 0.000000 0.000000 0.000000 0.000000 0.000000 0.000000 0.000000 0.000000 0.000000 0.000000 0.000000 0.000000 0.000000 0.000000 0.000000 0.000000 0.000000 0.000000 0.000000 0.000000 0.000000 0.000000 0.000000 0.000000 0.000000 0.000000 0.000000 0.000000 0.000000 0.000000 0.000000 0.000000 0.000000 0.000000 0.000000 0.000000 0.000000 0.000000 0.000000 0.000000 0.000000 0.000000 0.000000 0.000000 0.000000 0.000000 0.000000 0.000000 0.000000 0.000000 0.000000 0.000000 0.000000 0.000000 0.000000 0.000000 0.000000 0.000000 0.000000 0.000000 0.000000 0.000000 0.000000 0.000000 0.000000 0.000000 0.000000 0.000000 0.000000 0.000000 0.000000 0.000000 0.000000 0.000000 0.000000 0.000000 0.000000 0.000000 0.000000 0.000000 0.000000 0.000000 0.000000 0.000000 0.000000 0.000000 0.000000 0.000000 0.000000 0.000000 0.000000 0.000000 0.000000 0.000000 0.000000 0.000000 0.000000 0.000000 0.000000 0.000000 0.000000 0.000000 0.000000 0.000000 0.000000 0.000000 0.000000 0.000000 0.000000 0.000000 0.000000 0.000000 0.000000 0.000000 0.000000 0.000000 0.000000 0.000000 0.000000 0.447202 0.000000 0.000000 0.000000 0.000000 0.000000 0.000000 0.000000 0.000000 0.000000 0.000000 0.000000 0.000000 0.000000 0.000000 0.000000 0.000000 0.404825 0.480278 0.511796 0.579857 0.610346 0.710720 0.612174 0.690303 0.378057 0.512396 0.639974 0.762510 0.734943 0.677347 0.496963 0.520787 0.262061 0.298699 0.345030 0.356996 0.270787 0.243586 0.410273 0.527680 0.606372 0.577853 0.502532 0.659527 0.552822 0.463913 0.488850 0.377019 0.000000 0.000000 0.000000 0.000000 0.000000 0.000000 0.474021 0.000000 0.671614 0.736306 0.577981 0.487814 0.000000 0.000000 0.000000 0.000000 0.000000 0.000000 0.000000 0.000000 0.000000 0.000000 0.000000 0.000000 0.000000 0.000000 0.000000 0.000000 0.000000 0.000000 0.566128 0.507094 0.636496 0.924289 1.026863 0.911215 0.638623 0.449674 0.000000 0.000000 0.000000 0.000000 0.000000 0.000000 0.000000 0.000000 0.000000 0.000000 0.000000 0.000000 0.000000 0.000000 0.000000 0.000000 0.000000 0.000000 0.000000 0.000000 0.000000 0.000000 0.000000 0.000000 0.000000 0.000000 0.000000 0.000000 0.000000 0.000000 0.000000 0.000000 0.000000 0.000000 0.000000 0.000000 0.000000 0.000000 0.000000 0.000000 0.000000 0.000000 0.000000 0.000000 0.000000 0.000000 0.000000 0.000000 0.000000 0.000000 0.000000 0.000000 0.000000 0.000000 0.000000 0.000000 0.000000 0.000000 0.000000 0.000000 0.000000 0.000000 0.000000 0.000000 0.000000 0.000000 0.000000 0.000000 0.000000 0.000000 0.000000 0.000000
0.000000 0.000000 0.000000 0.000000 0.000000 0.000000 0.000000 0.000000 0.000000 0.000000 0.000000 0.000000 0.000000 0.000000 0.000000 0.000000 0.000000 0.000000 0.000000 0.000000 0.000000 0.000000 0.000000 0.000000 0.000000 0.000000 0.000000 0.000000 0.000000 0.000000 0.000000 0.000000 0.000000 0.000000 0.000000 0.000000 0.000000 0.000000 0.000000 0.000000 0.000000 0.000000 0.000000 0.000000 0.000000 0.000000 0.000000 0.000000 0.000000 0.000000 0.000000 0.000000 0.000000 0.000000 0.000000 0.000000 0.000000 0.000000 0.000000 0.000000 0.000000 0.000000 0.000000 0.000000 0.000000 0.000000 0.000000 0.000000 0.000000 0.000000 0.000000 0.000000 0.000000 0.000000 0.000000 0.000000 0.000000 0.000000 0.000000 0.000000 0.000000 0.000000 0.000000 0.000000 0.000000 0.000000 0.000000 0.000000 0.000000 0.000000 0.000000 0.000000 0.000000 0.000000 0.000000 0.000000 0.000000 0.000000 0.000000 0.000000 0.000000 0.000000 0.000000 0.000000 0.000000 0.000000 0.000000 0.000000 0.000000 0.000000 0.000000 0.000000 0.000000 0.000000 0.000000 0.000000 0.000000 0.000000 0.000000 0.000000 0.000000 0.000000 0.000000 0.000000 0.000000 0.000000 0.000000 0.000000 0.000000 0.000000 0.000000 0.000000 0.000000 0.000000 0.000000 0.000000 0.000000 0.000000 0.000000 0.000000 0.000000 0.456728 0.599065 0.553165 0.662401 0.383140 0.506101 0.641132 0.711336 0.732271 0.729516 0.661224 0.495098 0.373144 0.271286 0.648139 0.633877 0.196510 0.210677 0.428442 0.482691 0.558242 0.548865 0.451740 0.361826 0.338498 0.720798 0.629767 0.574372 0.468464 0.494343 0.403253 0.368753 0.000000 0.000000 0.619466 0.000000 0.000000 0.610680 0.628721 0.686161 0.431400 0.000000 0.000000 0.000000 0.000000 0.000000 0.000000 0.000000 0.000000 0.000000 0.000000 0.000000 0.000000 0.000000 0.000000 0.000000 0.000000 0.000000 0.000000 0.442202 0.437095 0.697133 1.043923 1.095797 0.946170 0.663442 0.458819 0.000000 0.000000 0.000000 0.000000 0.000000 0.000000 0.000000 0.000000 0.000000 0.000000 0.000000 0.000000 0.000000 0.000000 0.000000 0.000000 0.000000 0.000000 0.000000 0.000000 0.000000 0.000000 0.000000 0.000000 0.000000 0.000000 0.000000 0.000000 0.000000 0.000000 0.000000 0.000000 0.000000 0.000000 0.000000 0.000000 0.000000 0.000000 0.000000 0.000000 0.000000 0.000000 0.000000 0.000000 0.000000 0.000000 0.000000 0.000000 0.000000 0.000000 0.000000 0.000000 0.000000 0.000000 0.000000 0.000000 0.000000 0.000000 0.000000 0.000000 0.000000 0.000000 0.000000 0.000000 0.000000 0.000000 0.000000 0.000000 0.000000 0.000000 0.000000 0.000000
0.000000 0.000000 0.000000 0.000000 0.000000 0.000000 0.000000 0.000000 0.000000 0.000000 0.000000 0.000000 0.000000 0.000000 0.000000 0.000000 0.000000 0.000000 0.000000 0.000000 0.000000 0.000000 0.000000 0.000000 0.000000 0.000000 0.000000 0.000000 0.000000 0.000000 0.000000 0.000000 0.381727 0.394947 0.396514 0.392651 0.372976 0.000000 0.000000 0.000000 0.000000 0.000000 0.000000 0.000000 0.000000 0.000000 0.000000 0.000000 0.000000 0.000000 0.000000 0.000000 0.000000 0.000000 0.000000 0.000000 0.000000 0.000000 0.000000 0.000000 0.000000 0.000000 0.000000 0.000000 0.000000 0.000000 0.000000 0.000000 0.000000 0.000000 0.000000 0.000000 0.000000 0.000000 0.000000 0.000000 0.000000 0.000000 0.000000 0.000000 0.000000 0.000000 0.000000 0.000000 0.000000 0.000000 0.000000 0.000000 0.000000 0.000000 0.000000 0.000000 0.000000 0.000000 0.000000 0.000000 0.000000 0.000000 0.000000 0.000000 0.000000 0.000000 0.000000 0.000000 0.000000 0.000000 0.000000 0.000000 0.000000 0.000000 0.000000 0.000000 0.000000 0.000000 0.000000 0.000000 0.440835 0.448080 0.421621 0.377369 0.335513 0.000000 0.000000 0.000000 0.000000 0.000000 0.000000 0.000000 0.000000 0.000000 0.000000 0.000000 0.000000 0.000000 0.000000 0.000000 0.000000 0.000000 0.000000 0.000000 0.390891 0.609042 0.665539 0.768862 0.719017 0.837833 0.522492 0.525051 0.645624 0.699190 0.996464 0.898578 0.793450 0.701296 0.662870 0.580710 0.209854 0.238166 0.321037 0.399657 0.452342 0.519540 0.849637 0.402852 0.296028 0.287741 0.593910 0.685047 0.627274 0.594533 0.532785 0.429476 0.378630 0.000000 0.000000 0.594755 0.000000 0.000000 0.000000 0.389382 0.482137 0.395687 0.000000 0.000000 0.000000 0.000000 0.000000 0.000000 0.000000 0.000000 0.000000 0.000000 0.000000 0.000000 0.000000 0.000000 0.000000 0.000000 0.000000 0.000000 0.000000 0.529638 0.735141 0.909910 0.886180 0.746135 0.553924 0.000000 0.000000 0.000000 0.000000 0.000000 0.000000 0.000000 0.000000 0.000000 0.000000 0.000000 0.000000 0.000000 0.000000 0.000000 0.000000 0.000000 0.000000 0.000000 0.000000 0.000000 0.000000 0.000000 0.000000 0.000000 0.000000 0.000000 0.000000 0.000000 0.000000 0.000000 0.000000 0.000000 0.000000 0.000000 0.000000 0.000000 0.000000 0.000000 0.000000 0.000000 0.000000 0.000000 0.000000 0.000000 0.000000 0.000000 0.000000 0.000000 0.000000 0.000000 0.000000 0.000000 0.000000 0.000000 0.000000 0.000000 0.000000 0.000000 0.000000 0.000000 0.000000 0.000000 0.000000 0.000000 0.000000 0.000000 0.000000 0.000000 0.000000 0.000000 0.000000 0.000000
0.000000 0.000000 0.000000 0.000000 0.000000 0.000000 0.000000 0.000000 0.000000 0.000000 0.000000 0.000000 0.000000 0.000000 0.000000 0.000000 0.000000 0.000000 0.000000 0.000000 0.000000 0.000000 0.000000 0.000000 0.000000 0.000000 0.000000 0.000000 0.000000 0.004000 0.000000 0.392970 0.434959 0.499773 0.403571 0.000000 0.529953 0.000000 0.000000 0.000000 0.000000 0.000000 0.000000 0.000000 0.000000 0.000000 0.000000 0.000000 0.000000 0.000000 0.000000 0.000000 0.000000 0.000000 0.000000 0.000000 0.000000 0.000000 0.000000 0.000000 0.000000 0.000000 0.000000 0.000000 0.000000 0.000000 0.000000 0.000000 0.000000 0.000000 0.000000 0.000000 0.000000 0.000000 0.000000 0.000000 0.000000 0.000000 0.000000 0.000000 0.000000 0.000000 0.000000 0.000000 0.000000 0.000000 0.000000 0.000000 0.000000 0.000000 0.000000 0.000000 0.000000 0.000000 0.000000 0.000000 0.000000 0.000000 0.000000 0.000000 0.000000 0.000000 0.000000 0.000000 0.000000 0.000000 0.000000 0.000000 0.000000 0.000000 0.000000 0.000000 0.000000 0.000000 0.000000 0.000000 0.447794 0.469723 0.460081 0.418897 0.449036 0.000000 0.000000 0.000000 0.000000 0.000000 0.000000 0.000000 0.000000 0.000000 0.000000 0.000000 0.000000 0.000000 0.000000 0.000000 0.000000 0.000000 0.399995 0.420240 0.608083 0.695221 0.689012 0.813473 0.740205 0.843578 0.571442 0.528110 0.517947 0.451356 0.407561 0.391113 0.275625 0.312068 0.667348 0.150111 0.937179 0.247719 0.701788 0.819069 0.870589 0.883974 0.869906 0.805806 0.362059 0.636493 0.616901 0.711871 0.698939 0.610778 0.498424 0.000000 0.386201 0.386755 0.000000 0.000000 0.000000 0.000000 0.000000 0.412356 0.425785 0.000000 0.000000 0.399671 0.404659 0.000000 0.000000 0.000000 0.000000 0.000000 0.000000 0.000000 0.000000 0.000000 0.000000 0.000000 0.000000 0.000000 0.000000 0.000000 0.000000 0.501706 0.605264 0.749598 0.708272 0.570221 0.435180 0.000000 0.000000 0.000000 0.000000 0.000000 0.000000 0.000000 0.000000 0.000000 0.000000 0.000000 0.000000 0.000000 0.000000 0.000000 0.000000 0.000000 0.000000 0.000000 0.000000 0.000000 0.000000 0.000000 0.000000 0.000000 0.000000 0.000000 0.000000 0.000000 0.000000 0.000000 0.000000 0.000000 0.000000 0.000000 0.000000 0.000000 0.000000 0.000000 0.000000 0.000000 0.000000 0.000000 0.000000 0.000000 0.000000 0.000000 0.000000 0.000000 0.000000 0.000000 0.000000 0.000000 0.000000 0.000000 0.000000 0.000000 0.000000 0.000000 0.000000 0.000000 0.000000 0.000000 0.000000 0.000000 0.000000 0.000000 0.000000 0.000000 0.000000 0.000000 0.000000 0.000000
0.000000 0.000000 0.000000 0.000000 0.000000 0.000000 0.000000 0.000000 0.000000 0.000000 0.000000 0.000000 0.000000 0.000000 0.000000 0.000000 0.000000 0.000000 0.000000 0.000000 0.000000 0.000000 0.000000 0.000000 0.000000 0.000000 0.000000 0.000000 0.000000 0.004899 0.000000 0.000000 0.000000 0.000000 0.000000 0.000000 0.000000 0.000000 0.000000 0.000000 0.000000 0.000000 0.000000 0.000000 0.000000 0.000000 0.000000 0.000000 0.000000 0.000000 0.000000 0.000000 0.000000 0.000000 0.000000 0.000000 0.000000 0.000000 0.000000 0.000000 0.000000 0.000000 0.000000 0.000000 0.000000 0.000000 0.000000 0.000000 0.000000 0.000000 0.000000 0.000000 0.000000 0.000000 0.000000 0.000000 0.000000 0.000000 0.000000 0.000000 0.000000 0.000000 0.000000 0.000000 0.000000 0.000000 0.000000 0.000000 0.000000 0.000000 0.000000 0.000000 0.000000 0.000000 0.000000 0.000000 0.000000 0.000000 0.000000 0.000000 0.000000 0.000000 0.000000 0.000000 0.000000 0.000000 0.000000 0.000000 0.000000 0.000000 0.000000 0.000000 0.000000 0.000000 0.000000 0.000000 0.000000 0.000000 0.000000 0.000000 0.000000 0.000000 0.000000 0.000000 0.000000 0.000000 0.000000 0.000000 0.000000 0.000000 0.000000 0.000000 0.000000 0.404642 0.435098 0.429031 0.485063 0.472418 0.580572 0.580581 0.551747 0.640879 0.669680 0.815553 0.727634 0.451492 0.450540 0.370551 0.225254 0.097225 0.226353 0.247853 0.141259 0.218467 0.263444 0.640219 0.854227 0.291540 0.893752 1.031239 0.878675 0.872525 0.834994 0.746475 0.630220 0.738798 0.742251 0.720449 0.657845 0.617977 0.510749 0.000000 0.363102 0.000000 0.000000 0.000000 0.000000 0.602082 0.000000 0.000000 0.670069 0.000000 0.000000 0.000000 0.000000 0.000000 0.000000 0.000000 0.000000 0.000000 0.000000 0.000000 0.000000 0.000000 0.000000 0.000000 0.000000 0.000000 0.000000 0.000000 0.000000 0.444685 0.511692 0.635807 0.581887 0.486698 0.000000 0.000000 0.000000 0.000000 0.000000 0.000000 0.000000 0.000000 0.000000 0.000000 0.000000 0.000000 0.000000 0.000000 0.000000 0.000000 0.000000 0.000000 0.000000 0.000000 0.000000 0.000000 0.000000 0.000000 0.000000 0.000000 0.000000 0.000000 0.000000 0.000000 0.000000 0.000000 0.000000 0.000000 0.000000 0.000000 0.000000 0.000000 0.000000 0.000000 0.000000 0.000000 0.000000 0.000000 0.000000 0.000000 0.000000 0.000000 0.000000 0.000000 0.000000 0.000000 0.000000 0.000000 0.000000 0.000000 0.000000 0.000000 0.000000 0.000000 0.000000 0.000000 0.000000 0.000000 0.000000 0.000000 0.000000 0.000000 0.000000 0.000000 0.000000 0.000000 0.000000 0.000000
0.000000 0.000000 0.000000 0.000000 0.000000 0.000000 0.000000 0.000000 0.000000 0.000000 0.000000 0.000000 0.000000 0.000000 0.000000 0.000000 0.000000 0.000000 0.000000 0.000000 0.000000 0.000000 0.000000 0.000000 0.000000 0.000000 0.000000 0.000000 0.000000 0.000000 0.375048 0.407675 0.409390 0.385673 0.348517 0.000000 0.000000 0.000000 0.000000 0.000000 0.000000 0.000000 0.000000 0.000000 0.000000 0.000000 0.000000 0.000000 0.000000 0.000000 0.000000 0.000000 0.000000 0.000000 0.000000 0.000000 0.000000 0.000000 0.000000 0.000000 0.000000 0.000000 0.000000 0.000000 0.000000 0.000000 0.000000 0.000000 0.000000 0.000000 0.000000 0.000000 0.000000 0.000000 0.000000 0.000000 0.000000 0.000000 0.000000 0.000000 0.000000 0.000000 0.000000 0.000000 0.000000 0.000000 0.000000 0.000000 0.000000 0.000000 0.000000 0.000000 0.000000 0.000000 0.000000 0.000000 0.000000 0.000000 0.000000 0.000000 0.000000 0.000000 0.000000 0.000000 0.000000 0.000000 0.000000 0.000000 0.000000 0.000000 0.000000 0.000000 0.000000 0.000000 0.000000 0.000000 0.000000 0.000000 0.000000 0.000000 0.000000 0.000000 0.000000 0.000000 0.000000 0.000000 0.000000 0.000000 0.000000 0.000000 0.000000 0.000000 0.000000 0.000000 0.432502 0.917209 0.607688 0.617147 0.630143 0.620119 0.596515 0.581937 0.664238 0.691998 0.812491 0.187577 0.219790 0.265446 0.243526 0.277124 0.133587 0.115176 0.274001 0.405330 0.239012 0.626173 0.590035 0.529404 0.736377 0.498908 0.434353 0.425390 0.335542 0.219741 0.472887 0.663928 0.724647 0.701209 0.650415 0.598000 0.590998 0.542157 0.389445 0.000000 0.000000 0.000000 0.000000 0.000000 0.000000 0.000000 0.633021 0.000000 0.000000 0.000000 0.000000 0.000000 0.000000 0.000000 0.000000 0.000000 0.000000 0.000000 0.000000 0.000000 0.000000 0.000000 0.000000 0.416250 0.429886 0.488813 0.466635 0.417074 0.488101 0.495941 0.465672 0.387937 0.000000 0.000000 0.000000 0.000000 0.000000 0.000000 0.000000 0.000000 0.000000 0.000000 0.000000 0.000000 0.000000 0.000000 0.000000 0.000000 0.000000 0.000000 0.000000 0.000000 0.000000 0.000000 0.000000 0.000000 0.000000 0.000000 0.000000 0.000000 0.000000 0.000000 0.000000 0.000000 0.000000 0.000000 0.000000 0.000000 0.000000 0.000000 0.000000 0.000000 0.000000 0.000000 0.000000 0.000000 0.000000 0.000000 0.000000 0.000000 0.000000 0.000000 0.000000 0.000000 0.000000 0.000000 0.000000 0.000000 0.000000 0.000000 0.000000 0.000000 0.000000 0.000000 0.000000 0.000000 0.000000 0.000000 0.000000 0.000000 0.000000 0.000000 0.000000 0.000000 0.000000 0.000000
0.000000 0.000000 0.000000 0.000000 0.000000 0.000000 0.000000 0.000000 0.000000 0.000000 0.000000 0.000000 0.000000 0.000000 0.000000 0.000000 0.000000 0.000000 0.000000 0.000000 0.000000 0.000000 0.000000 0.000000 0.000000 0.000000 0.000000 0.000000 0.519781 0.542880 0.532649 0.497656 0.469801 0.429881 0.375343 0.000000 0.000000 0.000000 0.000000 0.000000 0.000000 0.000000 0.000000 0.000000 0.000000 0.000000 0.000000 0.000000 0.000000 0.000000 0.000000 0.000000 0.000000 0.000000 0.000000 0.000000 0.000000 0.000000 0.000000 0.000000 0.000000 0.000000 0.000000 0.000000 0.000000 0.000000 0.000000 0.000000 0.000000 0.000000 0.000000 0.000000 0.000000 0.000000 0.000000 0.000000 0.000000 0.000000 0.000000 0.000000 0.000000 0.000000 0.000000 0.000000 0.000000 0.000000 0.000000 0.000000 0.000000 0.000000 0.000000 0.000000 0.000000 0.000000 0.000000 0.000000 0.000000 0.000000 0.000000 0.000000 0.000000 0.000000 0.000000 0.000000 0.000000 0.000000 0.000000 0.000000 0.000000 0.000000 0.000000 0.000000 0.000000 0.000000 0.000000 0.347831 0.362329 0.000000 0.000000 0.000000 0.000000 0.000000 0.000000 0.000000 0.000000 0.000000 0.000000 0.000000 0.000000 0.000000 0.378563 0.392724 0.390240 0.374936 0.000000 1.457784 0.710839 0.665136 0.605767 0.551393 0.740654 0.792459 0.968212 1.164034 0.808673 0.716905 0.830231 0.669291 0.372510 0.391771 0.281269 0.214081 0.630554 0.579245 0.534861 0.561299 0.206131 0.717789 0.700123 0.203653 0.212465 0.236876 0.599396 0.673544 0.474557 0.679468 0.736612 0.734201 0.679877 0.653024 0.619521 0.607534 0.445111 0.000000 0.000000 0.000000 0.000000 0.000000 0.000000 0.000000 0.474844 0.000000 0.000000 0.000000 0.000000 0.000000 0.000000 0.000000 0.000000 0.000000 0.000000 0.000000 0.000000 0.000000 0.000000 0.423636 0.564477 0.685013 0.645404 0.612020 0.568250 0.485157 0.429053 0.412262 0.395617 0.000000 0.000000 0.000000 0.000000 0.524271 0.545643 0.457816 0.000000 0.000000 0.000000 0.000000 0.000000 0.000000 0.000000 0.000000 0.000000 0.000000 0.000000 0.000000 0.000000 0.000000 0.000000 0.000000 0.000000 0.000000 0.000000 0.000000 0.000000 0.000000 0.000000 0.000000 0.000000 0.000000 0.000000 0.000000 0.000000 0.000000 0.000000 0.000000 0.000000 0.000000 0.000000 0.000000 0.000000 0.000000 0.000000 0.000000 0.000000 0.000000 0.000000 0.000000 0.000000 0.000000 0.000000 0.000000 0.000000 0.000000 0.000000 0.000000 0.000000 0.000000 0.000000 0.000000 0.000000 0.000000 0.000000 0.000000 0.000000 0.000000 0.000000 0.000000 0.000000 0.000000 0.000000 0.000000
0.000000 0.000000 0.000000 0.000000 0.000000 0.000000 0.000000 0.000000 0.000000 0.000000 0.000000 0.000000 0.000000 0.000000 0.000000 0.000000 0.000000 0.000000 0.000000 0.000000 0.000000 0.000000 0.000000 0.000000 0.563512 0.000000 0.395950 0.524666 0.603582 0.620356 0.596002 0.548998 0.508798 0.499825 0.451358 0.454930 0.434267 0.398535 0.000000 0.000000 0.000000 0.000000 0.000000 0.000000 0.000000 0.000000 0.000000 0.000000 0.000000 0.000000 0.000000 0.000000 0.000000 0.000000 0.000000 0.000000 0.000000 0.000000 0.000000 0.000000 0.000000 0.000000 0.000000 0.000000 0.000000 0.000000 0.000000 0.000000 0.000000 0.000000 0.000000 0.000000 0.000000 0.000000 0.000000 0.000000 0.000000 0.000000 0.000000 0.000000 0.000000 0.000000 0.000000 0.000000 0.000000 0.000000 0.000000 0.000000 0.000000 0.000000 0.000000 0.000000 0.000000 0.000000 0.000000 0.000000 0.000000 0.000000 0.000000 0.000000 0.000000 0.000000 0.000000 0.000000 0.000000 0.000000 0.000000 0.000000 0.000000 0.000000 0.000000 0.000000 0.000000 0.000000 0.000000 0.000000 0.000000 0.000000 0.000000 0.000000 0.000000 0.000000 0.000000 0.000000 0.000000 0.000000 0.000000 0.000000 0.421708 0.471020 0.501817 0.504536 0.483832 0.583114 0.422038 1.698326 0.815302 0.656215 0.599616 0.631667 0.862304 1.076620 1.084427 1.297161 1.095495 1.061935 1.082808 1.002963 0.309661 0.220958 0.245795 0.591030 0.749144 0.768091 0.485852 0.613191 0.726551 0.789357 0.832868 0.695678 0.940667 0.927174 0.778797 0.660161 0.581241 0.705090 0.856309 0.792282 0.760928 0.648374 0.509097 0.516712 0.464099 0.429513 0.000000 0.000000 0.000000 0.000000 0.000000 0.000000 0.000000 0.004000 0.000000 0.000000 0.000000 0.000000 0.000000 0.000000 0.000000 0.000000 0.000000 0.000000 0.000000 0.000000 0.000000 0.629721 0.743646 0.813020 0.741631 0.661077 0.612699 0.566377 0.452957 0.000000 0.000000 0.000000 0.000000 0.000000 0.535607 0.701105 0.705336 0.618386 0.494772 0.389854 0.000000 0.000000 0.000000 0.000000 0.000000 0.000000 0.000000 0.000000 0.000000 0.000000 0.000000 0.000000 0.000000 0.000000 0.000000 0.000000 0.000000 0.000000 0.000000 0.000000 0.000000 0.000000 0.000000 0.000000 0.000000 0.000000 0.000000 0.000000 0.000000 0.000000 0.000000 0.000000 0.000000 0.000000 0.000000 0.000000 0.000000 0.000000 0.000000 0.000000 0.000000 0.000000 0.000000 0.000000 0.000000 0.000000 0.000000 0.000000 0.000000 0.000000 0.000000 0.000000 0.000000 0.000000 0.000000 0.000000 0.000000 0.000000 0.000000 0.000000 0.000000 0.000000 0.000000 0.000000 0.000000 0.000000
0.000000 0.000000 0.000000 0.000000 0.000000 0.000000 0.000000 0.000000 0.000000 0.000000 0.000000 0.000000 0.000000 0.000000 0.000000 0.000000 0.000000 0.000000 0.000000 0.000000 0.000000 0.000000 0.979535 0.902233 0.000000 0.430167 0.471346 0.541058 0.542570 0.488175 0.517302 0.678629 0.512887 0.540685 0.545955 0.523975 0.487768 0.431642 0.369719 0.000000 0.000000 0.000000 0.000000 0.000000 0.000000 0.000000 0.000000 0.000000 0.000000 0.000000 0.000000 0.000000 0.000000 0.000000 0.000000 0.000000 0.000000 0.000000 0.000000 0.000000 0.000000 0.000000 0.000000 0.000000 0.000000 0.000000 0.000000 0.000000 0.000000 0.000000 0.000000 0.000000 0.000000 0.000000 0.000000 0.000000 0.000000 0.000000 0.000000 0.000000 0.000000 0.000000 0.000000 0.000000 0.000000 0.000000 0.000000 0.000000 0.000000 0.000000 0.000000 0.000000 0.000000 0.000000 0.000000 0.000000 0.000000 0.000000 0.000000 0.000000 0.000000 0.000000 0.000000 0.000000 0.000000 0.000000 0.000000 0.000000 0.000000 0.000000 0.000000 0.000000 0.000000 0.000000 0.000000 0.000000 0.000000 0.000000 0.000000 0.000000 0.000000 0.000000 0.000000 0.000000 0.000000 0.000000 0.000000 0.000000 0.461416 0.525625 0.558198 0.556623 0.523775 0.632835 0.426821 1.492057 0.844828 0.630304 0.603852 0.572302 0.875556 0.993020 1.050138 0.987531 1.101059 0.876791 1.037936 0.954578 0.670001 0.565549 0.675962 0.832144 0.843268 0.786059 0.655978 0.542723 0.728965 0.842823 0.895783 0.969721 0.973463 0.942785 0.852041 0.699531 0.588884 0.598127 0.742252 0.792860 0.718223 0.638555 0.669025 0.662719 0.611064 0.539489 0.359565 0.000000 0.000000 0.000000 0.000000 0.000000 0.000000 0.432831 0.393510 0.000000 0.000000 0.000000 0.408873 0.534492 0.468178 0.418493 0.000000 0.000000 0.000000 0.000000 0.000000 0.725409 0.803902 0.827790 0.750371 0.668136 0.693138 0.734948 0.660060 0.508298 0.000000 0.000000 0.000000 0.000000 0.637705 0.769541 0.764858 0.678274 0.552593 0.448184 0.000000 0.000000 0.000000 0.000000 0.000000 0.000000 0.000000 0.000000 0.000000 0.000000 0.000000 0.000000 0.000000 0.000000 0.000000 0.000000 0.000000 0.000000 0.000000 0.000000 0.000000 0.000000 0.000000 0.000000 0.000000 0.000000 0.000000 0.000000 0.000000 0.000000 0.000000 0.000000 0.000000 0.000000 0.000000 0.000000 0.000000 0.000000 0.000000 0.000000 0.000000 0.000000 0.000000 0.000000 0.000000 0.000000 0.000000 0.000000 0.000000 0.000000 0.000000 0.000000 0.000000 0.000000 0.000000 0.000000 0.000000 0.000000 0.000000 0.000000 0.000000 0.000000 0.000000 0.000000 0.000000 0.000000
0.000000 0.000000 0.000000 0.000000 0.000000 0.000000 0.000000 0.000000 0.000000 0.000000 0.000000 0.000000 0.000000 0.000000 0.000000 0.000000 0.000000 0.000000 0.000000 0.000000 0.000000 0.000000 1.269644 0.004000 0.408323 0.475384 0.495172 0.470488 0.436510 0.491296 0.556779 0.587886 0.599430 0.600370 0.566419 0.525265 0.464634 0.388236 0.000000 0.000000 0.000000 0.000000 0.000000 0.000000 0.000000 0.000000 0.000000 0.000000 0.000000 0.000000 0.000000 0.000000 0.000000 0.000000 0.000000 0.000000 0.000000 0.000000 0.000000 0.000000 0.000000 0.000000 0.000000 0.000000 0.000000 0.000000 0.000000 0.000000 0.000000 0.000000 0.000000 0.000000 0.000000 0.000000 0.000000 0.000000 0.000000 0.000000 0.000000 0.000000 0.000000 0.000000 0.000000 0.000000 0.000000 0.000000 0.000000 0.000000 0.000000 0.000000 0.000000 0.000000 0.000000 0.000000 0.000000 0.000000 0.000000 0.000000 0.000000 0.000000 0.000000 0.000000 0.000000 0.000000 0.000000 0.000000 0.000000 0.000000 0.000000 0.000000 0.000000 0.000000 0.000000 0.000000 0.000000 0.000000 0.000000 0.000000 0.000000 0.000000 0.000000 0.000000 0.000000 0.000000 0.000000 0.000000 0.000000 0.000000 0.396856 0.481578 0.518756 0.518258 0.492384 0.445837 0.392206 1.039538 0.606701 0.579742 0.592290 0.714699 0.972926 1.058899 1.131235 1.087219 0.981805 0.736424 0.867755 0.802589 0.730518 0.793899 0.947832 0.951963 0.927722 0.818726 0.627648 0.572609 0.709774 0.811220 0.896512 0.915390 0.859084 0.794139 0.723862 0.621361 0.581706 0.601906 0.762459 0.807407 0.806277 0.771239 0.746252 0.711663 0.696011 0.577885 0.375421 0.000000 0.000000 0.000000 0.000000 0.000000 0.506524 0.635853 0.578842 0.000000 0.000000 0.000000 0.541633 0.662041 0.533690 0.447673 0.000000 0.000000 0.000000 0.000000 0.000000 0.716469 0.764641 0.735900 0.713933 0.784767 0.772027 0.884421 0.813658 0.689520 0.515345 0.000000 0.359686 0.371942 0.674287 0.717690 0.690818 0.609481 0.517226 0.445011 0.000000 0.000000 0.000000 0.000000 0.000000 0.000000 0.000000 0.000000 0.000000 0.000000 0.000000 0.000000 0.000000 0.000000 0.000000 0.000000 0.000000 0.000000 0.000000 0.000000 0.000000 0.000000 0.000000 0.000000 0.000000 0.000000 0.000000 0.000000 0.000000 0.000000 0.000000 0.000000 0.000000 0.000000 0.000000 0.000000 0.000000 0.000000 0.000000 0.000000 0.000000 0.000000 0.000000 0.000000 0.000000 0.000000 0.000000 0.000000 0.000000 0.000000 0.000000 0.000000 0.000000 0.000000 0.000000 0.000000 0.000000 0.000000 0.000000 0.000000 0.000000 0.000000 0.000000 0.000000 0.000000 0.000000
0.000000 0.000000 0.000000 0.000000 0.000000 0.000000 0.000000 0.000000 0.000000 0.000000 0.000000 0.000000 0.000000 0.000000 0.000000 0.000000 0.000000 0.000000 0.000000 0.000000 0.000000 0.000000 0.000000 0.000000 0.000000 0.373200 0.538422 0.555193 0.535617 0.599788 0.599414 0.578965 0.567108 0.539525 0.517063 0.465532 0.386290 0.000000 0.000000 0.000000 0.000000 0.000000 0.000000 0.000000 0.000000 0.000000 0.000000 0.000000 0.000000 0.000000 0.000000 0.000000 0.000000 0.000000 0.000000 0.000000 0.000000 0.000000 0.000000 0.000000 0.000000 0.000000 0.000000 0.000000 0.000000 0.000000 0.000000 0.000000 0.000000 0.000000 0.000000 0.000000 0.000000 0.000000 0.000000 0.000000 0.000000 0.000000 0.000000 0.000000 0.000000 0.000000 0.000000 0.000000 0.000000 0.000000 0.000000 0.000000 0.000000 0.000000 0.000000 0.000000 0.000000 0.000000 0.000000 0.000000 0.000000 0.000000 0.000000 0.000000 0.000000 0.000000 0.000000 0.000000 0.000000 0.000000 0.000000 0.000000 0.000000 0.000000 0.000000 0.000000 0.000000 0.000000 0.000000 0.000000 0.000000 0.000000 0.000000 0.000000 0.000000 0.000000 0.000000 0.000000 0.000000 0.000000 0.000000 0.000000 0.000000 0.000000 0.440738 0.455026 0.433536 0.489243 0.458086 0.455937 0.414638 0.569593 0.650833 0.736046 1.004177 1.066172 1.126498 0.982148 0.907079 0.827038 0.836258 0.855223 0.828342 0.951818 0.981818 1.002936 0.873334 0.690052 0.570832 0.539028 0.622513 0.718229 0.756081 0.800841 0.754149 0.685508 0.590530 0.554421 0.626398 0.570133 0.669795 0.706125 0.764318 0.830248 0.771372 0.703557 0.664860 0.510794 0.000000 0.000000 0.000000 0.000000 0.000000 0.436750 0.629911 0.759302 0.683042 0.000000 0.000000 0.418061 0.572652 0.687544 0.550991 0.000000 0.000000 0.000000 0.000000 0.004000 0.000000 0.460124 0.691649 0.785017 0.813278 0.835441 0.875858 0.957965 0.896070 0.791977 0.623141 0.550304 0.422046 0.420994 0.584563 0.585821 0.457417 0.000000 0.000000 0.000000 0.000000 0.000000 0.000000 0.000000 0.000000 0.000000 0.000000 0.000000 0.000000 0.000000 0.000000 0.000000 0.000000 0.000000 0.000000 0.000000 0.000000 0.000000 0.000000 0.000000 0.000000 0.000000 0.000000 0.000000 0.000000 0.000000 0.000000 0.000000 0.000000 0.000000 0.000000 0.000000 0.000000 0.000000 0.000000 0.000000 0.000000 0.000000 0.000000 0.000000 0.000000 0.000000 0.000000 0.000000 0.000000 0.000000 0.000000 0.000000 0.000000 0.000000 0.000000 0.000000 0.000000 0.000000 0.000000 0.000000 0.000000 0.000000 0.000000 0.000000 0.000000 0.000000 0.000000 0.000000 0.000000 0.000000
0.000000 0.000000 0.000000 0.000000 0.000000 0.000000 0.000000 0.000000 0.000000 0.000000 0.000000 0.000000 0.000000 0.000000 0.000000 0.000000 0.000000 0.000000 0.000000 0.000000 0.000000 0.000000 0.000000 0.000000 0.538978 0.612344 0.654987 0.646779 0.590772 0.510410 0.453572 0.562690 0.566679 0.538851 0.463736 0.000000 0.000000 0.000000 0.000000 0.000000 0.000000 0.000000 0.000000 0.000000 0.000000 0.000000 0.000000 0.000000 0.000000 0.000000 0.000000 0.000000 0.000000 0.000000 0.000000 0.000000 0.000000 0.000000 0.000000 0.000000 0.000000 0.000000 0.000000 0.000000 0.000000 0.000000 0.000000 0.000000 0.000000 0.000000 0.000000 0.000000 0.000000 0.000000 0.000000 0.000000 0.000000 0.000000 0.000000 0.000000 0.000000 0.000000 0.000000 0.000000 0.000000 0.000000 0.000000 0.000000 0.000000 0.000000 0.000000 0.000000 0.000000 0.000000 0.000000 0.000000 0.000000 0.000000 0.000000 0.000000 0.000000 0.000000 0.000000 0.000000 0.000000 0.000000 0.000000 0.000000 0.000000 0.000000 0.000000 0.000000 0.000000 0.000000 0.000000 0.000000 0.000000 0.000000 0.000000 0.000000 0.000000 0.000000 0.000000 0.000000 0.000000 0.000000 0.000000 0.000000 0.000000 0.441752 0.495037 0.000000 0.416617 0.000000 0.492350 0.517982 0.497644 0.634178 0.694663 0.834725 0.947906 1.118854 1.110702 0.907581 0.830461 0.853809 0.886709 0.896815 0.874655 0.948782 0.911499 0.725049 0.746529 0.602552 0.435302 0.568807 0.548717 0.567337 0.697349 0.711597 0.706467 0.732474 0.670991 0.734846 0.806134 0.793382 0.692585 0.692285 0.642133 0.593606 0.683601 0.601781 0.579402 0.464970 0.438569 0.381437 0.000000 0.000000 0.574272 0.664193 0.683180 0.645420 0.464994 0.000000 0.000000 0.414078 0.508723 0.417871 0.000000 0.000000 0.000000 0.000000 0.000000 0.000000 0.000000 0.453240 0.650124 0.781825 0.838161 0.880644 0.900434 0.900866 0.842019 0.774711 0.653219 0.596336 0.533313 0.449698 0.505522 0.496737 0.375965 0.000000 0.000000 0.000000 0.000000 0.375712 0.000000 0.000000 0.000000 0.000000 0.000000 0.000000 0.000000 0.000000 0.000000 0.000000 0.000000 0.000000 0.000000 0.000000 0.000000 0.000000 0.000000 0.000000 0.000000 0.000000 0.000000 0.000000 0.000000 0.000000 0.000000 0.000000 0.000000 0.000000 0.000000 0.000000 0.000000 0.000000 0.000000 0.000000 0.000000 0.000000 0.000000 0.000000 0.000000 0.000000 0.000000 0.000000 0.000000 0.000000 0.000000 0.000000 0.000000 0.000000 0.000000 0.000000 0.000000 0.000000 0.000000 0.000000 0.000000 0.000000 0.000000 0.000000 0.000000 0.000000 0.000000 0.000000 0.000000 0.000000
0.000000 0.000000 0.000000 0.000000 0.000000 0.000000 0.000000 0.000000 0.000000 0.000000 0.000000 0.000000 0.000000 0.000000 0.000000 0.000000 0.000000 0.000000 0.000000 0.000000 0.000000 0.000000 0.359580 0.494073 0.626705 0.647455 0.641348 0.592890 0.539317 0.455257 0.000000 0.464206 0.464121 0.404269 0.000000 0.000000 0.000000 0.000000 0.000000 0.000000 0.000000 0.000000 0.000000 0.000000 0.000000 0.000000 0.000000 0.000000 0.000000 0.000000 0.000000 0.000000 0.000000 0.000000 0.000000 0.000000 0.000000 0.000000 0.000000 0.000000 0.000000 0.000000 0.000000 0.000000 0.000000 0.000000 0.000000 0.000000 0.000000 0.000000 0.000000 0.000000 0.000000 0.000000 0.000000 0.000000 0.000000 0.000000 0.000000 0.000000 0.000000 0.000000 0.000000 0.000000 0.000000 0.000000 0.000000 0.000000 0.000000 0.000000 0.000000 0.000000 0.000000 0.000000 0.000000 0.000000 0.000000 0.000000 0.000000 0.000000 0.000000 0.000000 0.000000 0.000000 0.000000 0.000000 0.000000 0.000000 0.000000 0.000000 0.000000 0.000000 0.000000 0.000000 0.000000 0.000000 0.000000 0.000000 0.000000 0.000000 0.000000 0.000000 0.000000 0.000000 0.000000 0.000000 0.000000 0.000000 0.000000 0.544715 0.589443 0.463388 0.384163 0.000000 0.604374 0.610573 0.571118 0.654382 0.812073 0.742657 0.727399 0.825591 0.961108 0.902030 0.843301 0.900315 0.892759 0.850138 0.811565 0.822205 0.774330 1.501926 0.658164 0.550669 0.568292 0.662683 0.755410 0.802236 0.877380 0.830968 0.810292 0.741238 0.615446 0.769288 0.823262 0.825351 0.821753 0.624296 0.513098 0.584654 0.525203 0.535244 0.538782 0.539862 0.505307 0.432623 0.370909 0.567264 0.763470 0.847876 0.669419 0.550047 0.561283 0.457708 0.559694 0.533755 0.521316 0.493011 0.423618 0.407213 0.383654 0.000000 0.000000 0.000000 0.399785 0.477781 0.565568 0.713837 0.758855 0.821801 0.783598 0.665585 0.584698 0.574825 0.601906 0.573629 0.484953 0.454687 0.493748 0.413354 0.379099 0.000000 0.000000 0.000000 0.453257 0.488765 0.486746 0.463530 0.431015 0.422046 0.394771 0.000000 0.000000 0.000000 0.000000 0.000000 0.000000 0.000000 0.000000 0.000000 0.000000 0.000000 0.000000 0.000000 0.000000 0.000000 0.000000 0.000000 0.000000 0.000000 0.000000 0.000000 0.000000 0.000000 0.000000 0.000000 0.000000 0.000000 0.000000 0.000000 0.000000 0.000000 0.000000 0.000000 0.000000 0.000000 0.000000 0.000000 0.000000 0.000000 0.000000 0.000000 0.000000 0.000000 0.000000 0.000000 0.000000 0.000000 0.000000 0.000000 0.000000 0.000000 0.000000 0.000000 0.000000 0.000000 0.000000 0.000000 0.000000 0.000000
0.000000 0.000000 0.000000 0.000000 0.000000 0.000000 0.000000 0.000000 0.000000 0.000000 0.000000 0.000000 0.000000 0.000000 0.000000 0.000000 0.000000 0.000000 0.000000 1.315975 0.000000 0.000000 0.452418 0.535251 0.568898 0.564980 0.530013 0.460211 0.000000 0.000000 0.000000 0.000000 0.000000 0.000000 0.000000 0.000000 0.000000 0.000000 0.000000 0.000000 0.000000 0.000000 0.000000 0.000000 0.000000 0.000000 0.000000 0.000000 0.000000 0.000000 0.000000 0.000000 0.000000 0.000000 0.000000 0.000000 0.000000 0.000000 0.000000 0.000000 0.000000 0.000000 0.000000 0.000000 0.000000 0.000000 0.000000 0.000000 0.000000 0.000000 0.000000 0.000000 0.000000 0.000000 0.000000 0.000000 0.000000 0.000000 0.000000 0.000000 0.000000 0.000000 0.000000 0.000000 0.000000 0.000000 0.000000 0.000000 0.000000 0.000000 0.390602 0.449745 0.463691 0.444381 0.400639 0.000000 0.000000 0.000000 0.000000 0.000000 0.000000 0.000000 0.000000 0.000000 0.000000 0.000000 0.000000 0.000000 0.000000 0.000000 0.000000 0.000000 0.000000 0.000000 0.000000 0.000000 0.936612 0.425966 0.000000 0.000000 0.000000 0.000000 0.000000 0.000000 0.000000 0.489226 0.000000 0.000000 0.388883 0.436250 0.452995 0.477449 0.462671 0.421620 0.361993 0.685952 0.736381 0.544705 0.843996 0.790651 0.716527 0.830212 0.931242 0.887776 0.802103 0.842665 0.768197 0.611232 0.663558 0.655577 0.663420 0.511018 0.651236 0.683819 0.686626 0.735295 0.895888 1.032837 1.090179 0.905881 0.852110 0.648446 0.641933 0.694069 0.738736 0.891054 0.808443 0.690152 0.549357 0.393311 0.000000 0.493494 0.559701 0.569405 0.529711 0.453160 0.498775 0.596059 0.777556 0.850053 0.705468 0.593443 0.565059 0.686676 0.572051 0.443390 0.487698 0.560709 0.523962 0.435911 0.000000 0.000000 0.000000 0.509482 0.458837 0.510668 0.545350 0.716515 0.598794 0.568943 0.493078 0.461599 0.603098 0.599991 0.566311 0.542124 0.474476 0.492199 0.516168 0.558710 0.525337 0.428931 0.395385 0.503812 0.571288 0.606762 0.615873 0.601155 0.563592 0.569547 0.532517 0.451026 0.367877 0.000000 0.000000 0.000000 0.000000 0.000000 0.000000 0.000000 0.000000 0.000000 0.000000 0.000000 0.000000 0.000000 0.000000 0.000000 0.000000 0.000000 0.000000 0.000000 0.000000 0.000000 0.000000 0.000000 0.000000 0.000000 0.000000 0.000000 0.000000 0.000000 0.000000 0.000000 0.000000 0.000000 0.000000 0.000000 0.000000 0.000000 0.000000 0.000000 0.000000 0.000000 0.000000 0.000000 0.000000 0.000000 0.000000 0.000000 0.000000 0.000000 0.000000 0.000000 0.000000 0.000000 0.000000 0.000000 0.000000 0.000000
0.000000 0.000000 0.000000 0.000000 0.000000 0.000000 0.000000 0.000000 0.000000 0.000000 0.000000 0.000000 0.000000 0.000000 0.000000 0.000000 0.000000 0.000000 0.000000 0.000000 0.000000 0.417848 0.457228 0.456695 0.642125 0.366556 0.000000 0.000000 0.000000 0.000000 0.000000 0.000000 0.000000 0.390732 0.424130 0.424892 0.409673 0.375479 0.000000 0.000000 0.000000 0.000000 0.000000 0.000000 0.000000 0.000000 0.000000 0.000000 0.000000 0.000000 0.000000 0.000000 0.000000 0.000000 0.000000 0.000000 0.000000 0.000000 0.000000 0.000000 0.000000 0.000000 0.000000 0.000000 0.000000 0.000000 0.000000 0.000000 0.000000 0.000000 0.000000 0.000000 0.000000 0.000000 0.000000 0.000000 0.000000 0.000000 0.000000 0.000000 0.000000 0.000000 0.000000 0.000000 0.000000 0.000000 0.000000 0.000000 0.000000 0.447154 0.519588 0.565755 0.568126 0.534160 0.474549 0.410882 0.000000 0.000000 0.000000 0.000000 0.000000 0.000000 0.000000 0.000000 0.000000 0.000000 0.000000 0.000000 0.000000 0.000000 0.000000 0.000000 0.000000 0.000000 0.000000 0.762711 0.460185 0.000000 0.000000 0.000000 0.000000 0.000000 0.000000 0.000000 0.000000 0.000000 0.000000 0.000000 0.000000 0.373817 0.405625 0.439861 0.640273 0.434774 0.390312 0.754450 0.744363 0.590182 0.724507 0.802345 0.923646 0.945549 0.906773 0.955417 0.871717 0.752512 0.717138 0.772529 0.739960 0.756381 0.551554 0.795436 0.859854 0.859450 0.821076 0.800310 0.955966 1.170794 1.118791 1.015453 0.956816 0.740298 0.684026 0.725008 0.758569 0.723807 0.798191 0.657629 0.579179 0.422170 0.000000 0.440551 0.505877 0.532513 0.489530 0.497501 0.558058 0.624407 0.555596 0.623582 0.748932 0.614668 0.464821 0.517157 0.443108 0.563012 0.535218 0.595769 0.561906 0.474307 0.000000 0.437779 0.599833 0.635717 0.621928 0.703828 0.585787 0.504259 0.529436 0.508065 0.472249 0.561384 0.593978 0.651574 0.650791 0.601267 0.522147 0.477076 0.596730 0.621019 0.600228 0.631625 0.653051 0.677751 0.709373 0.707274 0.701449 0.690589 0.667860 0.670439 0.618207 0.516321 0.414770 0.450291 0.454843 0.405857 0.000000 0.000000 0.000000 0.000000 0.000000 0.000000 0.000000 0.000000 0.000000 0.000000 0.000000 0.000000 0.000000 0.000000 0.000000 0.000000 0.000000 0.000000 0.000000 0.000000 0.000000 0.000000 0.000000 0.000000 0.000000 0.000000 0.000000 0.000000 0.000000 0.000000 0.000000 0.000000 0.000000 0.000000 0.000000 0.000000 0.000000 0.000000 0.000000 0.000000 0.000000 0.000000 0.000000 0.000000 0.000000 0.000000 0.000000 0.000000 0.000000 0.000000 0.000000 0.000000 0.000000 0.000000
0.000000 0.000000 0.000000 0.000000 0.000000 0.000000 0.000000 0.000000 0.000000 0.000000 0.000000 0.000000 0.000000 0.000000 0.000000 0.000000 0.000000 0.000000 0.000000 0.000000 0.000000 0.370898 0.660616 0.512444 0.000000 0.000000 0.000000 0.000000 0.000000 0.000000 0.425607 0.504301 0.547078 0.560337 0.553149 0.523902 0.483151 0.424105 0.360417 0.000000 0.000000 0.000000 0.000000 0.000000 0.000000 0.000000 0.000000 0.000000 0.000000 0.000000 0.000000 0.000000 0.000000 0.000000 0.000000 0.000000 0.000000 0.000000 0.000000 0.000000 0.000000 0.000000 0.000000 0.000000 0.000000 0.000000 0.000000 0.000000 0.000000 0.000000 0.000000 0.000000 0.000000 0.000000 0.000000 0.000000 0.000000 0.000000 0.000000 0.000000 0.000000 0.000000 0.000000 0.000000 0.000000 0.611821 0.000000 0.000000 0.431851 0.492830 0.550530 0.583754 0.572560 0.511442 0.420776 0.000000 0.000000 0.000000 0.000000 0.000000 0.000000 0.000000 0.000000 0.000000 0.000000 0.000000 0.000000 0.000000 0.000000 0.000000 0.000000 0.000000 0.000000 0.000000 0.000000 0.000000 0.468705 0.426312 0.000000 0.000000 0.000000 0.000000 0.000000 0.000000 0.000000 0.000000 0.000000 0.404406 0.516534 0.535196 0.526257 0.426626 0.385150 0.509248 0.562344 0.635933 0.722575 0.652913 0.640055 0.814888 0.845666 0.989717 0.989608 0.995114 0.847190 0.684605 0.889859 0.817318 0.741884 0.779685 0.815371 0.934688 0.961720 0.959916 0.884729 0.802397 0.945433 1.166368 1.134736 0.868536 0.823404 0.773078 0.741828 0.775674 0.781363 0.752650 0.792103 0.628155 0.517501 0.420508 0.000000 0.000000 0.000000 0.382295 0.385607 0.435746 0.587896 0.599214 0.617803 0.645205 0.737808 0.688163 0.567010 0.000000 0.000000 0.000000 0.424784 0.507540 0.488937 0.422228 0.000000 0.657653 0.698151 0.684592 0.773475 0.789981 0.691709 0.636045 0.672852 0.650157 0.598885 0.615298 0.630409 0.693981 0.693119 0.641556 0.561588 0.540183 0.616505 0.678617 0.763310 0.783467 0.777100 0.785960 0.787337 0.757180 0.758328 0.737673 0.724884 0.716564 0.657130 0.544292 0.475959 0.541913 0.522170 0.445582 0.000000 0.000000 0.000000 0.000000 0.000000 0.000000 0.000000 0.000000 0.000000 0.000000 0.000000 0.000000 0.000000 0.000000 0.000000 0.000000 0.000000 0.000000 0.000000 0.000000 0.000000 0.000000 0.000000 0.000000 0.000000 0.000000 0.000000 0.000000 0.000000 0.000000 0.000000 0.000000 0.000000 0.000000 0.000000 0.000000 0.000000 0.000000 0.000000 0.000000 0.000000 0.000000 0.000000 0.000000 0.000000 0.000000 0.000000 0.000000 0.000000 0.000000 0.000000 0.000000 0.000000 0.000000
0.000000 0.000000 0.000000 0.000000 0.000000 0.000000 0.000000 0.000000 0.000000 0.000000 0.000000 0.000000 0.000000 0.000000 0.000000 0.000000 0.000000 0.000000 0.000000 0.000000 0.000000 0.000000 0.000000 0.000000 0.000000 0.000000 0.000000 0.000000 0.413204 0.518202 0.602223 0.635661 0.662457 0.652667 0.630266 0.582268 0.488316 0.406360 0.000000 0.000000 0.000000 0.000000 0.000000 0.000000 0.000000 0.000000 0.000000 0.000000 0.000000 0.000000 0.000000 0.000000 0.000000 0.000000 0.000000 0.000000 0.000000 0.000000 0.000000 0.000000 0.000000 0.000000 0.000000 0.000000 0.000000 0.000000 0.000000 0.000000 0.000000 0.000000 0.000000 0.000000 0.000000 0.000000 0.000000 0.000000 0.000000 0.000000 0.000000 0.000000 0.000000 0.000000 0.000000 0.000000 0.000000 0.579684 0.000000 0.000000 0.403318 0.460415 0.455130 0.000000 0.000000 0.000000 0.000000 0.000000 0.000000 0.000000 0.000000 0.000000 0.000000 0.000000 0.000000 0.000000 0.000000 0.000000 0.000000 0.000000 0.000000 0.000000 0.000000 0.000000 0.000000 0.000000 0.000000 0.004000 0.000000 0.000000 0.000000 0.000000 0.398834 0.000000 0.000000 0.000000 0.000000 0.409177 0.452632 0.535799 0.593516 0.576084 0.582551 0.537444 0.686458 1.090583 0.763021 0.882527 0.916973 0.788165 0.656192 0.765812 0.852342 0.745952 0.738425 0.912255 0.824793 0.763853 0.816989 0.766701 0.647884 0.664563 0.867859 1.067881 1.071945 1.002049 0.851240 0.723642 0.803425 0.858116 1.065904 0.788686 0.756685 0.746322 0.763772 0.759709 0.908791 0.654194 0.568674 0.570568 0.422564 0.386096 0.000000 0.000000 0.000000 0.000000 0.000000 0.427896 0.512959 0.514591 0.574150 0.665241 0.641298 0.582474 0.509629 0.418364 0.000000 0.000000 0.470856 0.453420 0.000000 0.000000 0.000000 0.728126 0.789053 0.850644 0.848924 0.781389 0.620571 0.589354 0.624763 0.649728 0.618814 0.596863 0.568296 0.606213 0.650958 0.613337 0.569933 0.587829 0.685149 0.824286 0.890759 0.884025 0.849432 0.844484 0.804253 0.755013 0.740945 0.688002 0.694315 0.692744 0.628000 0.515384 0.540495 0.592811 0.544815 0.424548 0.000000 0.000000 0.000000 0.000000 0.000000 0.000000 0.000000 0.000000 0.000000 0.000000 0.000000 0.000000 0.000000 0.000000 0.000000 0.000000 0.000000 0.000000 0.000000 0.000000 0.000000 0.000000 0.000000 0.000000 0.000000 0.000000 0.000000 0.000000 0.000000 0.000000 0.000000 0.000000 0.000000 0.000000 0.000000 0.000000 0.000000 0.000000 0.000000 0.000000 0.000000 0.000000 0.000000 0.000000 0.000000 0.000000 0.000000 0.000000 0.000000 0.000000 0.000000 0.000000 0.000000 0.000000
0.000000 0.000000 0.000000 0.000000 0.000000 0.000000 0.000000 0.000000 0.000000 0.000000 0.000000 0.000000 0.000000 0.000000 0.000000 0.000000 0.000000 0.000000 0.000000 0.000000 0.000000 0.000000 0.000000 0.000000 0.000000 0.000000 0.424408 0.538718 0.640702 0.704361 0.740785 0.745067 0.726093 0.691158 0.636809 0.562025 0.437774 0.349954 0.000000 0.000000 0.000000 0.000000 0.000000 0.000000 0.000000 0.000000 0.000000 0.000000 0.000000 0.000000 0.000000 0.000000 0.000000 0.000000 0.000000 0.000000 0.000000 0.000000 0.000000 0.000000 0.000000 0.000000 0.000000 0.000000 0.000000 0.000000 0.000000 0.000000 0.000000 0.000000 0.000000 0.000000 0.000000 0.000000 0.000000 0.000000 0.000000 0.000000 0.000000 0.000000 0.000000 0.000000 0.000000 0.000000 0.000000 0.000000 0.000000 0.000000 0.000000 0.000000 0.000000 0.000000 0.000000 0.000000 0.000000 0.000000 0.000000 0.000000 0.000000 0.000000 0.000000 0.000000 0.000000 0.000000 0.000000 0.000000 0.000000 0.000000 0.576609 0.004000 0.000000 0.000000 0.000000 0.000000 0.000000 0.000000 0.004000 0.278226 0.000000 0.537223 0.623238 0.644876 0.656291 0.605773 0.430966 0.445074 0.564868 0.607141 0.583378 0.585562 0.554281 0.651136 0.873550 0.626693 0.721371 0.958152 0.999161 0.862447 0.740872 0.779143 0.748324 0.679885 0.604427 0.747015 0.833871 0.900775 0.856668 0.779249 0.725391 0.677845 0.702429 1.004136 1.044634 1.037197 0.938977 0.818091 0.943449 0.970194 0.847937 0.973389 0.715642 0.893192 0.959903 0.910567 0.668591 0.638356 0.603219 0.644281 0.558736 0.455702 0.000000 0.000000 0.582741 0.686980 0.638776 0.568220 0.546654 0.484637 0.473874 0.578983 0.593644 0.487749 0.512407 0.541569 0.465235 0.414233 0.479577 0.435648 0.000000 0.000000 0.447301 0.652852 0.759516 0.856579 0.809149 0.712336 0.570901 0.529964 0.565605 0.581433 0.560175 0.576649 0.550372 0.591622 0.630260 0.632233 0.624027 0.664462 0.781902 0.886286 0.953766 0.912977 0.858524 0.812715 0.726949 0.521998 0.398885 0.000000 0.457887 0.531656 0.499839 0.404019 0.546220 0.551995 0.464448 0.000000 0.000000 0.000000 0.000000 0.000000 0.000000 0.000000 0.000000 0.000000 0.000000 0.000000 0.000000 0.000000 0.000000 0.000000 0.000000 0.000000 0.000000 0.000000 0.000000 0.000000 0.000000 0.000000 0.000000 0.000000 0.000000 0.000000 0.000000 0.000000 0.000000 0.000000 0.000000 0.000000 0.000000 0.000000 0.000000 0.000000 0.000000 0.000000 0.000000 0.000000 0.000000 0.000000 0.000000 0.000000 0.000000 0.000000 0.000000 0.000000 0.000000 0.000000 0.000000 0.000000 0.000000 0.000000
0.000000 0.000000 0.000000 0.000000 0.000000 0.000000 0.000000 0.000000 0.000000 0.000000 0.000000 0.000000 0.000000 0.000000 0.000000 0.000000 0.000000 0.000000 0.000000 0.000000 0.000000 0.398133 0.399071 0.380175 0.000000 0.402496 0.612420 0.732731 0.864762 0.796863 0.800941 0.777803 0.724809 0.656021 0.574033 0.452145 0.361123 0.000000 0.000000 0.000000 0.000000 0.000000 0.000000 0.000000 0.000000 0.000000 0.000000 0.000000 0.000000 0.000000 0.000000 0.000000 0.000000 0.000000 0.000000 0.000000 0.000000 0.000000 0.000000 0.000000 0.000000 0.000000 0.000000 0.000000 0.000000 0.000000 0.000000 0.000000 0.000000 0.000000 0.000000 0.000000 0.000000 0.000000 0.000000 0.000000 0.000000 0.000000 0.000000 0.000000 0.000000 0.000000 0.000000 0.000000 0.000000 0.000000 0.000000 0.000000 0.000000 0.000000 0.000000 0.000000 0.000000 0.000000 0.000000 0.000000 0.000000 0.000000 0.000000 0.000000 0.000000 0.000000 0.000000 0.000000 0.000000 0.000000 0.000000 0.000000 0.000000 0.000000 0.000000 0.000000 0.000000 0.000000 0.000000 0.385007 0.516121 0.597974 0.566894 0.572047 0.611038 0.636919 0.732756 0.701307 0.738092 0.649787 0.643657 0.671014 0.708531 0.505647 0.577940 0.823107 0.971970 0.693714 0.771491 0.964253 1.030176 0.916132 0.767930 0.723521 0.688163 0.765336 0.708331 0.700312 0.694736 0.730137 0.787369 0.784075 0.763979 0.764371 0.785269 0.824455 0.893093 1.020540 0.865390 0.854334 0.965530 0.764022 0.893722 1.062547 0.796106 0.721267 0.880509 0.619052 0.801842 0.847015 0.795656 0.716685 0.663865 0.526689 0.396664 0.456480 0.685112 0.828047 0.841630 0.775415 0.726389 0.768162 0.863858 0.937355 0.815989 0.693121 0.574127 0.634310 0.635242 0.430113 0.413041 0.000000 0.000000 0.438122 0.463485 0.587640 0.651017 0.595288 0.681629 0.595344 0.411821 0.534672 0.539980 0.604598 0.643656 0.586089 0.583036 0.594123 0.642532 0.629211 0.677438 0.729767 0.744638 0.845052 0.775524 0.766715 0.668895 0.587849 0.472362 0.417674 0.000000 0.000000 0.410839 0.395859 0.000000 0.000000 0.000000 0.000000 0.000000 0.000000 0.000000 0.000000 0.000000 0.000000 0.000000 0.000000 0.000000 0.000000 0.000000 0.000000 0.000000 0.000000 0.000000 0.000000 0.000000 0.000000 0.000000 0.000000 0.000000 0.000000 0.000000 0.000000 0.000000 0.000000 0.000000 0.000000 0.000000 0.000000 0.000000 0.000000 0.000000 0.000000 0.000000 0.000000 0.000000 0.000000 0.000000 0.000000 0.000000 0.000000 0.000000 0.000000 0.000000 0.000000 0.000000 0.000000 0.000000 0.000000 0.000000 0.000000 0.000000 0.000000 0.000000 0.000000
0.000000 0.000000 0.000000 0.000000 0.000000 0.000000 0.000000 0.000000 0.000000 0.000000 0.000000 0.000000 0.000000 0.000000 0.000000 0.000000 0.000000 0.000000 0.000000 0.000000 0.428566 0.457336 0.424308 0.385674 0.000000 0.512897 0.692751 0.738146 0.763083 0.695491 0.617968 0.537239 0.475177 0.428314 0.368898 0.000000 0.000000 0.000000 0.000000 0.000000 0.000000 0.000000 0.000000 0.000000 0.000000 0.000000 0.000000 0.000000 0.000000 0.000000 0.000000 0.000000 0.000000 0.000000 0.000000 0.000000 0.000000 0.000000 0.000000 0.000000 0.000000 0.000000 0.000000 0.000000 0.000000 0.000000 0.000000 0.000000 0.000000 0.000000 0.000000 0.000000 0.000000 0.000000 0.000000 0.000000 0.000000 0.000000 0.000000 0.000000 0.000000 0.000000 0.000000 0.000000 0.000000 0.000000 0.000000 0.000000 0.000000 0.000000 0.000000 0.000000 0.000000 0.000000 0.000000 0.000000 0.000000 0.000000 0.000000 0.000000 0.000000 0.000000 0.000000 0.000000 0.000000 0.422224 0.469635 0.547834 0.557008 0.541413 0.431684 0.424920 0.497260 0.459238 0.499936 0.618658 0.686374 0.720037 0.670072 0.672480 0.536961 0.513916 0.536608 0.626597 0.796393 0.763798 0.662656 0.814313 0.892235 0.829378 0.539383 0.986282 1.287009 0.899761 0.799308 0.892707 0.918361 0.828248 0.741262 0.707544 0.676830 0.766013 0.696886 0.693109 0.695482 0.750644 0.782183 0.770940 0.760692 0.780213 0.850948 0.913261 0.948853 0.985129 0.886252 0.815047 0.695078 0.540243 0.767880 1.037942 0.904242 0.766515 0.675646 0.569584 0.863805 0.943506 0.792237 0.771537 0.657196 0.538043 0.000000 0.622609 0.721414 0.914190 0.865364 0.905450 0.881049 0.922888 0.916677 0.829337 0.716007 0.605625 0.588048 0.700388 0.743128 0.559538 0.431685 0.000000 0.512731 0.563143 0.579372 0.613320 0.695024 0.708078 0.640768 0.535433 0.519526 0.569214 0.650348 0.713315 0.717131 0.621516 0.585992 0.584757 0.495222 0.496556 0.556724 0.659513 0.696048 0.664810 0.553433 0.000000 0.400490 0.458181 0.447009 0.000000 0.000000 0.000000 0.000000 0.000000 0.000000 0.000000 0.000000 0.000000 0.000000 0.000000 0.000000 0.000000 0.000000 0.000000 0.000000 0.000000 0.000000 0.000000 0.000000 0.000000 0.000000 0.000000 0.000000 0.000000 0.000000 0.000000 0.000000 0.000000 0.000000 0.000000 0.000000 0.000000 0.000000 0.000000 0.000000 0.000000 0.000000 0.000000 0.000000 0.000000 0.000000 0.000000 0.000000 0.000000 0.000000 0.000000 0.000000 0.000000 0.000000 0.000000 0.000000 0.000000 0.000000 0.000000 0.000000 0.000000 0.000000 0.000000 0.000000 0.000000 0.000000 0.000000 0.000000 0.000000
0.000000 0.000000 0.000000 0.000000 0.000000 0.000000 0.000000 0.000000 0.000000 0.000000 0.000000 0.000000 0.000000 0.000000 0.000000 0.000000 0.000000 0.000000 0.000000 0.394229 0.413068 0.370933 0.000000 0.000000 0.000000 0.448589 0.429673 0.417133 0.521714 0.562469 0.600072 0.573678 0.515453 0.451116 0.400969 0.359548 0.000000 0.000000 0.000000 0.000000 0.000000 0.000000 0.000000 0.000000 0.000000 0.000000 0.000000 0.000000 0.000000 0.000000 0.000000 0.000000 0.000000 0.000000 0.000000 0.000000 0.000000 0.000000 0.000000 0.000000 0.000000 0.000000 0.000000 0.000000 0.000000 0.000000 0.000000 0.000000 0.000000 0.000000 0.000000 0.000000 0.000000 0.000000 0.000000 0.000000 0.000000 0.000000 0.000000 0.000000 0.000000 0.000000 0.000000 0.000000 0.000000 0.000000 0.000000 0.000000 0.000000 0.000000 0.000000 0.000000 0.000000 0.000000 0.000000 0.000000 0.000000 0.000000 0.000000 0.000000 0.000000 0.000000 0.000000 0.000000 0.495994 0.585000 0.609131 0.643171 0.618550 0.590748 0.477694 0.551099 0.613796 0.637998 0.681166 0.749249 0.792367 0.747216 0.751476 0.736147 0.716895 0.555722 0.539834 0.722976 0.782596 0.820354 0.766855 0.679182 0.830702 0.821296 0.734512 0.525954 0.619757 0.896030 0.885593 0.739670 0.760769 0.898460 0.691855 0.674562 0.657566 0.726466 0.738305 0.710663 0.705171 0.697154 0.696920 0.676695 0.680813 0.665510 0.815914 0.900678 0.898964 0.892711 0.872194 0.821542 0.627107 0.000000 0.706594 0.539935 0.770698 0.761089 0.728821 0.672962 0.845441 0.990783 0.863770 0.720387 0.627021 0.663518 0.692851 0.496661 0.529385 0.741478 0.643128 0.827528 0.671442 0.675168 0.767938 0.696394 0.598865 0.532602 0.553442 0.625620 0.545055 0.536769 0.490807 0.565832 0.555851 0.584222 0.485206 0.551991 0.614718 0.735440 0.641212 0.540034 0.562563 0.602619 0.676342 0.751687 0.687804 0.645820 0.576729 0.513459 0.498215 0.561041 0.565456 0.625650 0.611663 0.519557 0.000000 0.426179 0.427774 0.000000 0.000000 0.000000 0.000000 0.000000 0.000000 0.000000 0.000000 0.000000 0.000000 0.000000 0.000000 0.000000 0.000000 0.000000 0.000000 0.000000 0.000000 0.000000 0.000000 0.000000 0.000000 0.000000 0.000000 0.000000 0.000000 0.000000 0.000000 0.000000 0.000000 0.000000 0.000000 0.000000 0.000000 0.000000 0.000000 0.000000 0.000000 0.000000 0.000000 0.000000 0.000000 0.000000 0.000000 0.000000 0.000000 0.000000 0.000000 0.000000 0.000000 0.000000 0.000000 0.000000 0.000000 0.000000 0.000000 0.000000 0.000000 0.000000 0.000000 0.000000 0.000000 0.000000 0.000000 0.000000 0.000000 0.000000
0.000000 0.000000 0.000000 0.000000 0.000000 0.000000 0.000000 0.000000 0.000000 0.000000 0.000000 0.000000 0.000000 0.000000 0.000000 0.000000 0.383868 0.380977 0.000000 0.000000 0.000000 0.000000 0.000000 0.000000 0.000000 0.463844 0.535748 0.647938 0.726006 0.732378 0.700861 0.679308 0.596944 0.518821 0.462326 0.410568 0.351247 0.000000 0.000000 0.000000 0.000000 0.000000 0.000000 0.000000 0.000000 0.000000 0.000000 0.000000 0.000000 0.000000 0.000000 0.000000 0.000000 0.000000 0.000000 0.000000 0.000000 0.000000 0.000000 0.000000 0.000000 0.000000 0.000000 0.000000 0.000000 0.000000 0.000000 0.000000 0.000000 0.000000 0.000000 0.000000 0.000000 0.000000 0.000000 0.000000 0.000000 0.000000 0.000000 0.000000 0.000000 0.000000 0.000000 0.000000 0.000000 0.000000 0.000000 0.000000 0.000000 0.000000 0.000000 0.000000 0.000000 0.000000 0.000000 0.000000 0.000000 0.000000 0.000000 0.000000 0.004000 0.390453 0.499566 0.783276 0.580815 0.651954 0.661120 0.622554 0.558664 0.517370 0.458856 0.563354 0.690247 0.682957 0.625590 0.659662 1.031270 0.795388 0.739048 0.723377 0.706243 1.232278 0.686315 0.679227 0.766971 0.820426 0.786289 0.691246 0.636715 0.856018 0.682162 0.624739 0.617413 0.751928 0.814414 0.693589 0.680165 0.357605 0.627798 0.597207 0.706001 0.651611 0.651122 0.666562 0.605999 0.494078 0.608413 0.559200 0.552671 0.718654 0.856372 1.028194 0.710155 0.757280 0.754071 0.700233 0.599232 0.462392 0.000000 0.578436 0.479986 0.590623 0.590195 0.681115 0.810268 0.978088 0.878018 0.769550 0.809538 0.819688 0.793954 0.577040 0.674616 0.529249 0.588699 0.643953 0.682884 0.625842 0.545436 0.489214 0.551248 0.702723 0.786936 0.781212 0.810711 0.637177 0.729320 0.529230 0.499606 0.491980 0.506622 0.559378 0.652537 0.600353 0.572048 0.526093 0.534078 0.496944 0.545720 0.608941 0.648350 0.648297 0.651790 0.611067 0.612579 0.648908 0.609595 0.517603 0.430393 0.000000 0.000000 0.000000 0.000000 0.000000 0.000000 0.000000 0.000000 0.000000 0.000000 0.000000 0.000000 0.000000 0.000000 0.000000 0.000000 0.000000 0.000000 0.000000 0.000000 0.000000 0.000000 0.000000 0.000000 0.000000 0.000000 0.000000 0.000000 0.000000 0.000000 0.000000 0.000000 0.000000 0.000000 0.000000 0.000000 0.000000 0.000000 0.000000 0.000000 0.000000 0.000000 0.000000 0.000000 0.000000 0.000000 0.000000 0.000000 0.000000 0.000000 0.000000 0.000000 0.000000 0.000000 0.000000 0.000000 0.000000 0.000000 0.000000 0.000000 0.000000 0.000000 0.000000 0.000000 0.000000 0.000000 0.000000 0.000000 0.000000 0.000000 0.000000
0.000000 0.000000 0.000000 0.000000 0.000000 0.000000 0.000000 0.000000 0.000000 0.000000 0.000000 0.000000 0.000000 0.000000 0.000000 0.000000 0.421473 0.400510 0.000000 0.000000 0.000000 0.000000 0.000000 0.000000 0.000000 0.499934 0.668082 0.774861 0.837779 0.821177 0.766055 0.705675 0.649360 0.582614 0.465220 0.404882 0.000000 0.000000 0.000000 0.000000 0.000000 0.000000 0.000000 0.000000 0.000000 0.000000 0.000000 0.000000 0.000000 0.000000 0.000000 0.000000 0.000000 0.000000 0.000000 0.000000 0.000000 0.000000 0.000000 0.000000 0.000000 0.000000 0.000000 0.000000 0.000000 0.000000 0.000000 0.000000 0.000000 0.000000 0.000000 0.000000 0.000000 0.000000 0.000000 0.000000 0.000000 0.000000 0.000000 0.000000 0.000000 0.000000 0.000000 0.000000 0.000000 0.000000 0.000000 0.000000 0.000000 0.000000 0.000000 0.000000 0.000000 0.000000 0.000000 0.000000 0.000000 0.000000 0.000000 0.514770 0.604761 0.622410 0.616298 0.615634 0.636926 0.624366 0.609873 0.560473 0.500125 0.448039 0.388014 0.000000 0.000000 0.403738 0.594053 0.602902 0.541231 0.659167 0.673375 0.630542 0.926705 0.489140 0.519028 0.536452 0.518318 0.615362 0.146262 0.161800 0.257678 0.995728 0.944946 0.903688 0.658087 0.702212 0.733226 0.724907 0.742661 0.597550 0.701166 0.642111 0.582960 0.524899 0.497779 0.518618 0.486386 0.374136 0.517888 0.523760 0.608062 0.815423 0.827089 0.787555 0.744276 0.661235 0.583013 0.622927 0.559644 0.461478 0.000000 0.000000 0.588576 0.564722 0.568369 0.709444 0.736204 0.781565 0.775704 0.870821 0.921761 0.922356 0.964604 0.709294 0.736301 0.680124 0.700615 0.829393 0.867150 0.748288 0.836557 0.679007 0.728461 0.889685 0.852127 0.914404 0.876135 0.663287 0.608699 0.550637 0.504382 0.638206 0.617968 0.646834 0.777199 0.705519 0.530345 0.465367 0.443718 0.562563 0.599042 0.653972 0.695513 0.734479 0.723362 0.671927 0.684538 0.685879 0.610764 0.463782 0.000000 0.000000 0.000000 0.000000 0.000000 0.000000 0.000000 0.000000 0.000000 0.000000 0.000000 0.000000 0.000000 0.000000 0.000000 0.000000 0.000000 0.000000 0.000000 0.000000 0.000000 0.000000 0.000000 0.000000 0.000000 0.000000 0.000000 0.000000 0.000000 0.000000 0.000000 0.000000 0.000000 0.000000 0.000000 0.000000 0.000000 0.000000 0.000000 0.000000 0.000000 0.000000 0.000000 0.000000 0.000000 0.000000 0.000000 0.000000 0.000000 0.000000 0.000000 0.000000 0.000000 0.000000 0.000000 0.000000 0.000000 0.000000 0.000000 0.000000 0.000000 0.000000 0.000000 0.000000 0.000000 0.000000 0.000000 0.000000 0.000000 0.000000 0.000000 0.000000
0.000000 0.000000 0.000000 0.000000 0.000000 0.000000 0.000000 0.000000 0.000000 0.000000 0.000000 0.000000 0.000000 0.000000 0.000000 0.000000 0.000000 0.000000 0.000000 0.000000 0.000000 0.000000 0.496173 0.000000 0.471498 0.914148 0.727696 0.824217 0.734171 0.696639 0.638153 0.572808 0.477970 0.428162 0.000000 0.000000 0.000000 0.000000 0.000000 0.000000 0.000000 0.000000 0.000000 0.000000 0.000000 0.000000 0.000000 0.000000 0.000000 0.000000 0.000000 0.000000 0.000000 0.000000 0.000000 0.000000 0.000000 0.000000 0.000000 0.000000 0.000000 0.000000 0.000000 0.000000 0.000000 0.000000 0.000000 0.000000 0.000000 0.000000 0.000000 0.000000 0.000000 0.000000 0.000000 0.000000 0.000000 0.000000 0.000000 0.000000 0.000000 0.000000 0.000000 0.000000 0.000000 0.000000 0.000000 0.000000 0.000000 0.000000 0.000000 0.000000 0.000000 0.000000 0.000000 0.000000 0.000000 0.437629 0.485854 0.600663 0.687532 0.692544 0.669538 0.649837 0.679031 0.774361 0.837866 0.847678 0.781830 0.695585 0.627549 0.571894 0.590401 0.646159 0.679527 0.654292 0.736274 0.730740 0.695102 0.687842 0.512130 0.537584 0.553334 0.548145 0.106521 0.339112 0.440620 0.360017 0.634037 0.834831 0.873236 0.844728 0.626378 0.555108 0.514164 0.635865 0.657737 0.700519 0.666896 0.563431 0.493224 0.490374 0.492866 0.481729 0.375939 0.000000 0.570496 0.561857 0.637496 0.821141 0.794783 0.815271 0.723402 0.631063 0.532018 0.410063 0.434940 0.000000 0.000000 0.379537 0.496367 0.601038 0.519552 0.654663 0.685504 0.772683 0.810477 0.811997 0.927235 0.976355 1.017928 0.937058 0.779531 0.694763 0.682218 0.916813 0.946621 0.986367 0.880009 0.748399 0.880583 0.977772 0.914554 0.727381 0.677897 0.597600 0.700447 0.651033 0.583770 0.593238 0.592111 0.560585 0.471593 0.439928 0.431896 0.426592 0.541555 0.606136 0.646507 0.676055 0.724739 0.762215 0.723162 0.659439 0.683744 0.646708 0.538003 0.000000 0.000000 0.000000 0.000000 0.000000 0.000000 0.000000 0.000000 0.000000 0.000000 0.000000 0.000000 0.000000 0.000000 0.000000 0.000000 0.000000 0.000000 0.000000 0.000000 0.000000 0.000000 0.000000 0.000000 0.000000 0.000000 0.000000 0.000000 0.000000 0.000000 0.000000 0.000000 0.000000 0.000000 0.000000 0.000000 0.000000 0.000000 0.000000 0.000000 0.000000 0.000000 0.000000 0.000000 0.000000 0.000000 0.000000 0.000000 0.000000 0.000000 0.000000 0.000000 0.000000 0.000000 0.000000 0.000000 0.000000 0.000000 0.000000 0.000000 0.000000 0.000000 0.000000 0.000000 0.000000 0.000000 0.000000 0.000000 0.000000 0.000000 0.000000 0.000000 0.000000
0.000000 0.000000 0.000000 0.000000 0.000000 0.000000 0.000000 0.000000 0.000000 0.000000 0.000000 0.000000 0.000000 0.000000 0.000000 0.000000 0.000000 0.000000 0.000000 0.000000 0.000000 0.000000 0.505154 0.461541 0.491102 0.539430 0.540672 0.481143 0.485567 0.469744 0.422479 0.000000 0.000000 0.000000 0.000000 0.000000 0.000000 0.000000 0.000000 0.000000 0.000000 0.000000 0.000000 0.000000 0.000000 0.000000 0.000000 0.000000 0.000000 0.000000 0.000000 0.000000 0.000000 0.000000 0.000000 0.000000 0.000000 0.000000 0.000000 0.000000 0.000000 0.000000 0.000000 0.000000 0.000000 0.000000 0.000000 0.000000 0.000000 0.000000 0.000000 0.000000 0.000000 0.000000 0.000000 0.000000 0.000000 0.000000 0.000000 0.000000 0.000000 0.000000 0.000000 0.000000 0.000000 0.000000 0.000000 0.000000 0.004000 0.000000 0.000000 0.420789 0.459488 0.456155 0.436707 0.503526 0.570752 0.643444 0.713803 0.759855 0.775865 0.762676 0.772475 0.716178 0.931209 0.960070 0.983467 0.920121 0.860187 0.853938 0.781175 0.672084 0.750176 0.802736 0.783180 0.746390 0.685536 0.703269 0.797590 0.501152 0.121092 0.294816 0.323477 0.309529 0.347023 0.727554 0.770222 0.742252 0.799272 0.552254 0.574186 0.629645 0.672807 0.628516 0.740928 0.703267 0.533663 0.595008 0.553923 0.439672 0.454506 0.567131 0.531154 0.485168 0.000000 0.611524 0.367417 0.579246 0.686956 0.843485 0.761886 0.739811 0.684122 0.610361 0.513022 0.400113 0.000000 0.000000 0.000000 0.406238 0.631824 0.651895 0.678490 0.663626 0.624954 0.680364 0.688462 0.679907 0.834002 0.777699 0.868356 0.954780 0.803345 0.702779 0.797157 0.870894 0.958182 1.019051 0.921661 0.901827 0.881236 0.688826 0.717255 0.705523 0.647855 0.726730 0.668598 0.489661 0.443087 0.566982 0.514371 0.584734 0.543235 0.505906 0.353043 0.529006 0.590591 0.616110 0.606140 0.617203 0.686481 0.677919 0.589928 0.541458 0.525283 0.507500 0.425805 0.000000 0.000000 0.000000 0.000000 0.000000 0.000000 0.000000 0.000000 0.000000 0.000000 0.000000 0.000000 0.000000 0.000000 0.000000 0.000000 0.000000 0.000000 0.000000 0.000000 0.000000 0.000000 0.000000 0.000000 0.000000 0.000000 0.000000 0.000000 0.000000 0.000000 0.000000 0.000000 0.000000 0.000000 0.000000 0.000000 0.000000 0.000000 0.000000 0.000000 0.000000 0.000000 0.000000 0.000000 0.000000 0.000000 0.000000 0.000000 0.000000 0.000000 0.000000 0.000000 0.000000 0.000000 0.000000 0.000000 0.000000 0.000000 0.000000 0.000000 0.000000 0.000000 0.000000 0.000000 0.000000 0.000000 0.000000 0.000000 0.000000 0.000000 0.000000 0.000000 0.000000
0.000000 0.000000 0.000000 0.000000 0.000000 0.000000 0.000000 0.000000 0.000000 0.000000 0.000000 0.000000 0.000000 0.000000 0.000000 0.000000 0.000000 0.000000 0.000000 0.000000 0.000000 0.000000 0.000000 0.000000 0.000000 0.445248 0.467798 0.465236 0.439059 0.387463 0.000000 0.000000 0.000000 0.000000 0.000000 0.000000 0.000000 0.000000 0.000000 0.000000 0.000000 0.000000 0.000000 0.000000 0.000000 0.000000 0.000000 0.000000 0.000000 0.000000 0.000000 0.000000 0.000000 0.000000 0.000000 0.000000 0.000000 0.000000 0.000000 0.000000 0.000000 0.000000 0.000000 0.000000 0.000000 0.000000 0.000000 0.000000 0.000000 0.000000 0.000000 0.000000 0.000000 0.000000 0.000000 0.000000 0.000000 0.000000 0.000000 0.000000 0.000000 0.000000 0.000000 0.000000 0.000000 0.000000 0.000000 0.368899 0.631240 0.493582 0.573248 0.621179 0.620615 0.677297 0.674221 0.677593 0.741144 0.775723 0.819390 0.845597 0.835973 0.800795 0.772911 0.642001 0.843892 0.875955 0.846200 0.821172 0.685289 0.646602 0.620136 0.144473 0.209499 0.353343 0.674093 0.651029 0.731661 0.658172 0.642850 0.209038 0.210458 0.416167 0.380935 0.348495 0.377907 0.422419 0.426423 0.747103 0.671660 0.755897 0.771132 0.734708 0.921827 0.882231 0.825980 0.629298 0.572242 0.619998 0.614083 0.647597 0.717756 0.679293 0.618121 0.544072 0.461814 0.483816 0.537958 0.640579 0.493782 0.732880 0.807759 0.746125 0.646614 0.548127 0.699870 0.000000 0.000000 0.000000 0.000000 0.000000 0.461524 0.524903 0.559212 0.629501 0.670528 0.711645 0.229849 0.536159 0.596038 0.366810 0.702970 0.859505 0.736500 0.683950 0.772166 0.871007 0.965949 1.061180 1.033064 1.017589 0.850134 0.682591 0.683546 0.662652 0.594629 0.569433 0.656826 0.589697 0.513980 0.507548 0.494582 0.454180 0.469374 0.455075 0.379435 0.589677 0.574094 0.604163 0.583832 0.615045 0.634675 0.548984 0.397566 0.000000 0.423632 0.430639 0.000000 0.000000 0.000000 0.000000 0.000000 0.000000 0.000000 0.000000 0.000000 0.000000 0.000000 0.000000 0.000000 0.000000 0.000000 0.000000 0.000000 0.000000 0.000000 0.000000 0.000000 0.000000 0.000000 0.000000 0.000000 0.000000 0.000000 0.000000 0.000000 0.000000 0.000000 0.000000 0.000000 0.000000 0.000000 0.000000 0.000000 0.000000 0.000000 0.000000 0.000000 0.000000 0.000000 0.000000 0.000000 0.000000 0.000000 0.000000 0.000000 0.000000 0.000000 0.000000 0.000000 0.000000 0.000000 0.000000 0.000000 0.000000 0.000000 0.000000 0.000000 0.000000 0.000000 0.000000 0.000000 0.000000 0.000000 0.000000 0.000000 0.000000 0.000000 0.000000 0.000000 0.000000
0.000000 0.000000 0.000000 0.000000 0.000000 0.000000 0.000000 0.000000 0.000000 0.000000 0.000000 0.000000 0.000000 0.000000 0.000000 0.000000 0.000000 0.000000 0.000000 0.000000 0.000000 0.000000 0.000000 0.000000 0.000000 0.419144 0.000000 0.000000 0.000000 0.000000 0.000000 0.000000 0.000000 0.000000 0.000000 0.000000 0.000000 0.000000 0.000000 0.000000 0.000000 0.000000 0.000000 0.000000 0.000000 0.000000 0.000000 0.000000 0.000000 0.000000 0.000000 0.000000 0.000000 0.000000 0.000000 0.000000 0.000000 0.000000 0.000000 0.000000 0.000000 0.000000 0.000000 0.000000 0.000000 0.000000 0.000000 0.000000 0.000000 0.000000 0.000000 0.000000 0.000000 0.000000 0.000000 0.000000 0.000000 0.000000 0.000000 0.000000 0.000000 0.000000 0.000000 0.000000 0.000000 0.000000 0.000000 0.409623 0.554999 0.633281 0.701981 0.723371 0.696446 0.731867 0.757201 0.756444 0.789063 0.804235 0.806534 0.815715 0.805200 0.608307 0.813876 0.737490 0.751642 0.748152 0.763438 0.743854 0.749461 0.615390 0.334296 0.252559 0.229669 0.243705 0.574244 0.565091 0.561442 0.240754 0.084163 0.112663 0.333544 0.418969 0.387351 0.309659 0.323091 0.243922 0.273270 0.381252 0.738961 0.719237 0.846998 0.879825 0.920860 0.927733 0.827825 0.622509 0.579926 0.707494 0.678417 0.691374 0.668716 0.618273 0.627085 0.550532 0.546373 0.490382 0.575748 0.619402 0.651936 0.626735 0.788122 0.692884 0.567788 0.431304 0.000000 0.563277 0.570984 0.488468 0.000000 0.404059 0.455241 0.446315 0.615359 0.691623 0.647142 0.759402 0.576264 0.590835 0.566907 0.100479 0.568986 0.726640 0.664791 0.631567 0.810611 0.846222 0.967026 1.030713 1.175452 1.061206 0.951904 0.688646 0.835637 0.762698 0.297037 0.551569 0.523063 0.560314 0.520611 0.513902 0.434568 0.383355 0.535198 0.564656 0.506044 0.527278 0.534636 0.504440 0.552059 0.589486 0.586241 0.494567 0.422367 0.000000 0.000000 0.000000 0.000000 0.000000 0.000000 0.000000 0.000000 0.000000 0.000000 0.000000 0.000000 0.000000 0.000000 0.000000 0.000000 0.000000 0.000000 0.000000 0.000000 0.000000 0.000000 0.000000 0.000000 0.000000 0.000000 0.000000 0.000000 0.000000 0.000000 0.000000 0.000000 0.000000 0.000000 0.000000 0.000000 0.000000 0.000000 0.000000 0.000000 0.000000 0.000000 0.000000 0.000000 0.000000 0.000000 0.000000 0.000000 0.000000 0.000000 0.000000 0.000000 0.000000 0.000000 0.000000 0.000000 0.000000 0.000000 0.000000 0.000000 0.000000 0.000000 0.000000 0.000000 0.000000 0.000000 0.000000 0.000000 0.000000 0.000000 0.000000 0.000000 0.000000 0.000000 0.000000 0.000000 0.000000
0.000000 0.000000 0.000000 0.000000 0.000000 0.000000 0.000000 0.000000 0.000000 0.000000 0.000000 0.000000 0.000000 0.000000 0.000000 0.000000 0.000000 0.000000 0.000000 0.000000 0.000000 0.000000 0.000000 0.000000 0.000000 0.000000 0.000000 0.000000 0.000000 0.000000 0.000000 0.000000 0.000000 0.000000 0.000000 0.000000 0.000000 0.000000 0.000000 0.000000 0.000000 0.000000 0.000000 0.000000 0.000000 0.000000 0.000000 0.000000 0.000000 0.000000 0.000000 0.000000 0.000000 0.000000 0.000000 0.000000 0.000000 0.000000 0.000000 0.000000 0.000000 0.000000 0.000000 0.000000 0.000000 0.000000 0.000000 0.000000 0.000000 0.000000 0.000000 0.000000 0.000000 0.000000 0.000000 0.000000 0.000000 0.000000 0.000000 0.000000 0.000000 0.000000 0.000000 0.000000 0.000000 0.000000 0.000000 0.424334 0.580238 0.688426 0.746394 0.732045 0.688262 0.657955 0.673663 0.670663 0.686423 0.702283 0.701002 0.691911 0.669183 0.816067 0.859894 0.860546 0.733145 0.685567 0.679613 0.655776 0.620224 0.621384 0.625332 0.150709 0.092282 0.200821 0.579006 0.715852 0.766641 0.327839 0.221759 0.121186 0.245306 0.295636 0.367203 0.312709 0.175064 0.185765 0.270834 0.380851 0.749527 0.763932 0.891593 0.931885 0.968125 0.898942 0.759988 0.694241 0.664792 0.620310 0.492345 0.609386 0.557709 0.534604 0.841262 0.635119 0.648958 0.510786 0.639067 0.790490 0.609072 0.611080 0.589732 0.564093 0.374784 0.000000 0.000000 0.680240 0.688895 0.591657 0.559257 0.579711 0.543227 0.560984 0.629824 0.700163 0.653617 0.747881 0.544626 0.736613 0.731997 0.527532 0.518405 0.695246 0.849904 0.919843 0.867106 0.912764 0.964018 1.021784 1.058215 1.040673 0.960577 0.681635 0.807492 0.760809 0.545290 0.133610 0.471219 0.442279 0.571285 0.510300 0.459704 0.376101 0.537701 0.560335 0.518759 0.506636 0.387244 0.000000 0.517519 0.571000 0.563677 0.500919 0.492650 0.449823 0.412416 0.000000 0.000000 0.000000 0.000000 0.000000 0.000000 0.000000 0.000000 0.000000 0.000000 0.000000 0.000000 0.000000 0.000000 0.000000 0.000000 0.000000 0.000000 0.000000 0.000000 0.000000 0.000000 0.000000 0.000000 0.000000 0.000000 0.000000 0.000000 0.000000 0.000000 0.000000 0.000000 0.000000 0.000000 0.000000 0.000000 0.000000 0.000000 0.000000 0.000000 0.000000 0.000000 0.000000 0.000000 0.000000 0.000000 0.000000 0.000000 0.000000 0.000000 0.000000 0.000000 0.000000 0.000000 0.000000 0.000000 0.000000 0.000000 0.000000 0.000000 0.000000 0.000000 0.000000 0.000000 0.000000 0.000000 0.000000 0.000000 0.000000 0.000000 0.000000 0.000000 0.000000 0.000000 0.000000
0.000000 0.000000 0.000000 0.000000 0.000000 0.000000 0.000000 0.000000 0.000000 0.000000 0.000000 0.000000 0.000000 0.000000 0.000000 0.000000 0.000000 0.000000 0.000000 0.000000 0.000000 0.000000 0.000000 0.000000 0.000000 0.000000 0.000000 0.000000 0.000000 0.000000 0.000000 0.000000 0.000000 0.000000 0.000000 0.000000 0.000000 0.000000 0.000000 0.000000 0.000000 0.000000 0.000000 0.000000 0.000000 0.000000 0.000000 0.000000 0.000000 0.000000 0.000000 0.000000 0.000000 0.000000 0.000000 0.000000 0.000000 0.000000 0.000000 0.000000 0.000000 0.000000 0.000000 0.000000 0.000000 0.000000 0.000000 0.000000 0.000000 0.000000 0.000000 0.000000 0.000000 0.000000 0.000000 0.000000 0.000000 0.000000 0.000000 0.000000 0.000000 0.000000 0.000000 0.000000 0.378167 0.420686 0.484684 0.492112 0.569265 0.656029 0.645042 0.587729 0.609028 0.611534 0.639494 0.650724 0.658869 0.655374 0.640275 0.571581 0.549982 0.540892 0.597130 0.602023 0.542100 0.542250 0.588149 0.593793 0.554925 0.455282 0.461736 0.482064 0.548797 0.585262 0.846318 0.802955 0.673492 0.291140 0.195021 0.111063 0.190114 0.293108 0.404486 0.308184 0.145830 0.156579 0.170880 0.209103 0.380974 0.903696 0.939319 0.988053 0.782811 0.694415 0.718916 0.604917 0.550620 0.525814 0.591626 0.583472 0.534691 0.594607 0.685501 0.758239 0.764507 0.738691 0.709498 0.652051 0.623837 0.546733 0.557401 0.604167 0.438406 0.000000 0.000000 0.679621 0.762264 0.748961 0.698845 0.658448 0.635952 0.656786 0.744316 0.743977 0.688340 0.666995 0.622350 0.509959 0.555548 0.517324 0.604248 0.803283 1.035494 0.981296 0.976381 1.024343 0.917535 0.933310 0.896338 0.965235 0.883559 0.890425 0.895230 0.622817 0.535266 0.472626 0.462902 0.600688 0.628088 0.540753 0.460776 0.000000 0.459411 0.502255 0.505045 0.000000 0.000000 0.000000 0.548461 0.582384 0.535842 0.527256 0.505924 0.514923 0.456806 0.356645 0.000000 0.000000 0.000000 0.000000 0.000000 0.000000 0.000000 0.000000 0.000000 0.000000 0.000000 0.000000 0.000000 0.000000 0.000000 0.000000 0.000000 0.000000 0.000000 0.000000 0.000000 0.000000 0.000000 0.000000 0.000000 0.000000 0.000000 0.000000 0.000000 0.000000 0.000000 0.000000 0.000000 0.000000 0.000000 0.000000 0.000000 0.000000 0.000000 0.000000 0.000000 0.000000 0.000000 0.000000 0.000000 0.000000 0.000000 0.000000 0.000000 0.000000 0.000000 0.000000 0.000000 0.000000 0.000000 0.000000 0.000000 0.000000 0.000000 0.000000 0.000000 0.000000 0.000000 0.000000 0.000000 0.000000 0.000000 0.000000 0.000000 0.000000 0.000000 0.000000 0.000000 0.000000
0.000000 0.000000 0.000000 0.000000 0.000000 0.000000 0.000000 0.000000 0.000000 0.000000 0.000000 0.000000 0.000000 0.000000 0.000000 0.000000 0.000000 0.000000 0.000000 0.000000 0.000000 0.000000 0.000000 0.000000 0.000000 0.000000 0.000000 0.000000 0.000000 0.000000 0.000000 0.000000 0.000000 0.000000 0.000000 0.000000 0.000000 0.000000 0.000000 0.000000 0.000000 0.000000 0.000000 0.000000 0.000000 0.000000 0.000000 0.000000 0.000000 0.000000 0.000000 0.000000 0.000000 0.000000 0.000000 0.000000 0.000000 0.000000 0.000000 0.000000 0.000000 0.000000 0.000000 0.000000 0.000000 0.000000 0.000000 0.000000 0.000000 0.000000 0.000000 0.000000 0.000000 0.000000 0.000000 0.000000 0.000000 0.000000 0.000000 0.000000 0.000000 0.000000 0.407441 0.462763 0.533668 0.553572 0.547344 0.534530 0.503554 0.452283 0.383536 0.499869 0.589224 0.579236 0.527541 0.510238 0.468054 0.411488 0.399335 0.415655 0.000000 0.338126 0.255698 0.475477 0.346735 0.000000 0.000000 0.000000 0.485403 0.523685 0.682887 0.752840 0.735498 0.790289 1.075965 0.916569 0.700356 0.236136 0.142765 0.117791 0.244386 0.318188 0.369622 0.277950 0.096447 0.153244 0.222551 0.341923 0.456108 0.809218 0.855591 0.836636 0.753673 0.645409 0.701169 0.605608 0.526221 0.464635 0.557202 0.564228 0.541564 0.687139 0.738983 0.815737 0.815972 0.794466 0.735504 0.634587 0.556296 0.543405 0.585713 0.567488 0.483001 0.413912 0.000000 0.580800 0.760296 0.703110 0.681706 0.707835 0.691679 0.730994 0.834187 0.754073 0.648782 0.623975 0.620886 0.595371 0.507338 0.619616 0.652408 0.855639 0.976463 0.860707 0.850200 0.766185 0.848101 0.846302 0.776020 0.861951 0.851981 0.764021 0.678904 0.778672 0.559139 0.493340 0.620934 0.675824 0.644614 0.535296 0.422624 0.000000 0.000000 0.000000 0.000000 0.000000 0.000000 0.000000 0.516777 0.519762 0.462362 0.485437 0.561491 0.542243 0.438735 0.000000 0.000000 0.000000 0.000000 0.000000 0.000000 0.000000 0.000000 0.000000 0.000000 0.000000 0.000000 0.000000 0.000000 0.000000 0.000000 0.000000 0.000000 0.000000 0.000000 0.000000 0.000000 0.000000 0.000000 0.000000 0.000000 0.000000 0.000000 0.000000 0.000000 0.000000 0.000000 0.000000 0.000000 0.000000 0.000000 0.000000 0.000000 0.000000 0.000000 0.000000 0.000000 0.000000 0.000000 0.000000 0.000000 0.000000 0.000000 0.000000 0.000000 0.000000 0.000000 0.000000 0.000000 0.000000 0.000000 0.000000 0.000000 0.000000 0.000000 0.000000 0.000000 0.000000 0.000000 0.000000 0.000000 0.000000 0.000000 0.000000 0.000000 0.000000 0.000000 0.000000 0.000000 0.000000
0.000000 0.000000 0.000000 0.000000 0.000000 0.000000 0.000000 0.000000 0.000000 0.000000 0.000000 0.000000 0.000000 0.000000 0.000000 0.000000 0.000000 0.000000 0.000000 0.000000 0.000000 0.000000 0.000000 0.000000 0.000000 0.000000 0.000000 0.000000 0.000000 0.000000 0.000000 0.000000 0.000000 0.000000 0.000000 0.000000 0.000000 0.000000 0.000000 0.000000 0.000000 0.000000 0.000000 0.000000 0.000000 0.000000 0.000000 0.000000 0.000000 0.000000 0.000000 0.000000 0.000000 0.000000 0.000000 0.000000 0.000000 0.000000 0.000000 0.000000 0.000000 0.000000 0.000000 0.000000 0.000000 0.000000 0.000000 0.000000 0.000000 0.000000 0.000000 0.000000 0.000000 0.000000 0.000000 0.000000 0.000000 0.000000 0.000000 0.000000 0.000000 0.381222 0.573111 0.636931 0.668058 0.669517 0.646436 0.616080 0.591077 0.571149 0.522599 0.489381 0.423894 0.383984 0.383923 0.000000 0.000000 0.000000 0.356203 0.367068 0.000000 0.000000 0.000000 0.429663 0.488757 0.000000 0.000000 0.000000 0.288237 0.799140 0.710081 0.683183 0.686280 0.763545 0.826991 0.833626 0.922879 0.421134 0.364133 0.305166 0.242342 0.249515 0.278705 0.239362 0.176235 0.212947 0.323933 0.753346 0.813937 0.866171 0.875572 0.535168 0.380238 0.574463 0.519505 0.613302 0.516223 0.416402 0.557266 0.584039 0.668329 0.829846 0.835180 0.808741 0.783604 0.740739 0.683298 0.613457 0.563261 0.460219 0.559439 0.575284 0.505802 0.543153 0.582159 0.738045 0.780822 0.733440 0.677582 0.676932 0.737819 0.702399 0.703630 0.504429 0.500617 0.643073 0.656495 0.624996 0.667155 0.737716 0.883774 1.000687 0.754432 0.707572 0.661582 0.709913 0.730668 0.723821 0.650005 0.626001 0.788245 0.627359 0.838859 0.808049 0.728593 0.720825 0.864240 0.651597 0.584542 0.448076 0.000000 0.000000 0.000000 0.000000 0.000000 0.000000 0.000000 0.000000 0.428962 0.412217 0.000000 0.669254 0.720132 0.592351 0.000000 0.000000 0.000000 0.000000 0.000000 0.000000 0.000000 0.000000 0.000000 0.000000 0.000000 0.000000 0.000000 0.000000 0.000000 0.000000 0.000000 0.000000 0.000000 0.000000 0.000000 0.000000 0.000000 0.000000 0.000000 0.000000 0.000000 0.000000 0.000000 0.000000 0.000000 0.000000 0.000000 0.000000 0.000000 0.000000 0.000000 0.000000 0.000000 0.000000 0.000000 0.000000 0.000000 0.000000 0.000000 0.000000 0.000000 0.000000 0.000000 0.000000 0.000000 0.000000 0.000000 0.000000 0.000000 0.000000 0.000000 0.000000 0.000000 0.000000 0.000000 0.000000 0.000000 0.000000 0.000000 0.000000 0.000000 0.000000 0.000000 0.000000 0.000000 0.000000 0.000000 0.000000 0.000000 0.000000
0.000000 0.000000 0.000000 0.000000 0.000000 0.000000 0.000000 0.000000 0.000000 0.000000 0.000000 0.000000 0.000000 0.000000 0.000000 0.000000 0.000000 0.000000 0.000000 0.000000 0.000000 0.000000 0.000000 0.000000 0.000000 0.000000 0.000000 0.000000 0.000000 0.000000 0.000000 0.000000 0.000000 0.000000 0.000000 0.000000 0.000000 0.000000 0.000000 0.000000 0.000000 0.000000 0.000000 0.000000 0.000000 0.000000 0.000000 0.000000 0.000000 0.000000 0.000000 0.000000 0.000000 0.000000 0.000000 0.000000 0.000000 0.000000 0.000000 0.000000 0.000000 0.000000 0.000000 0.000000 0.000000 0.000000 0.000000 0.000000 0.000000 0.000000 0.000000 0.000000 0.000000 0.000000 0.000000 0.000000 0.000000 0.000000 0.000000 0.427141 0.463862 0.528681 0.711562 0.767953 0.716495 0.758164 0.734084 0.706599 0.668361 0.686375 0.709693 0.691962 0.632669 0.507689 0.415613 0.000000 0.000000 0.000000 0.000000 0.000000 0.000000 0.000000 0.000000 0.000000 0.000000 0.000000 0.000000 0.000000 0.550916 0.571308 0.657970 0.666700 0.694424 0.629152 0.732481 0.771881 0.823453 0.803528 0.994462 0.468497 0.467356 0.318203 0.241057 0.304906 0.317643 0.241621 0.481352 0.649460 0.432146 0.427150 0.391163 0.325655 0.248080 0.561887 0.499545 0.536762 0.460658 0.000000 0.464805 0.954678 0.774155 0.798838 0.788556 0.722789 0.611316 0.584728 0.633610 0.588250 0.535821 0.424157 0.561873 0.535209 0.511736 0.629500 0.673134 0.767173 0.757787 0.677648 0.591001 0.594177 0.702369 0.696525 0.628967 0.506540 0.659052 0.671662 0.665401 0.705413 0.655740 0.729003 0.932534 0.964615 0.743913 0.685432 0.633158 0.279071 0.642210 0.623248 0.566569 0.566336 0.662986 0.836338 0.832562 0.805696 0.571628 0.571799 0.590423 0.502260 0.000000 0.375915 0.353563 0.000000 0.000000 0.000000 0.416053 0.415529 0.000000 0.000000 0.000000 0.000000 0.000000 0.000000 0.000000 0.000000 0.000000 0.000000 0.000000 0.000000 0.000000 0.000000 0.000000 0.000000 0.000000 0.000000 0.000000 0.000000 0.000000 0.000000 0.000000 0.000000 0.000000 0.000000 0.000000 0.000000 0.000000 0.000000 0.000000 0.000000 0.000000 0.000000 0.000000 0.000000 0.000000 0.000000 0.000000 0.000000 0.000000 0.000000 0.000000 0.000000 0.000000 0.000000 0.000000 0.000000 0.000000 0.000000 0.000000 0.000000 0.000000 0.000000 0.000000 0.000000 0.000000 0.000000 0.000000 0.000000 0.000000 0.000000 0.000000 0.000000 0.000000 0.000000 0.000000 0.000000 0.000000 0.000000 0.000000 0.000000 0.000000 0.000000 0.000000 0.000000 0.000000 0.000000 0.000000 0.000000 0.000000 0.000000 0.000000 0.000000
0.000000 0.000000 0.000000 0.000000 0.000000 0.000000 0.000000 0.000000 0.000000 0.000000 0.000000 0.000000 0.000000 0.000000 0.000000 0.000000 0.000000 0.000000 0.000000 0.000000 0.000000 0.000000 0.000000 0.000000 0.000000 0.000000 0.000000 0.000000 0.000000 0.000000 0.000000 0.000000 0.000000 0.000000 0.000000 0.000000 0.000000 0.000000 0.000000 0.000000 0.000000 0.000000 0.000000 0.000000 0.000000 0.000000 0.000000 0.000000 0.000000 0.000000 0.000000 0.000000 0.000000 0.000000 0.000000 0.000000 0.000000 0.000000 0.000000 0.000000 0.000000 0.000000 0.000000 0.000000 0.000000 0.000000 0.000000 0.000000 0.000000 0.000000 0.000000 0.000000 0.000000 0.000000 0.000000 0.000000 0.000000 0.000000 0.000000 0.392611 0.571946 0.681939 0.762032 0.792830 0.817960 0.820339 0.813404 0.823445 0.883193 0.947355 0.955123 0.884895 0.773237 0.650674 0.526430 0.436109 0.000000 0.000000 0.522727 0.000000 0.000000 0.000000 0.000000 0.000000 0.000000 0.438069 0.430481 0.626054 0.745593 0.765138 0.666630 0.650236 0.625531 0.650863 0.597292 0.792000 0.385289 0.931218 0.524794 0.434740 0.885532 0.241052 0.200656 0.216876 0.178341 0.267122 0.618422 0.575401 0.312439 0.300406 0.633739 0.636225 0.374667 0.595458 0.514515 0.568299 0.495453 0.417554 0.000000 0.000000 0.401258 0.440869 0.560543 0.570991 0.593693 0.527078 0.498936 0.504865 0.472187 0.407653 0.441485 0.484272 0.522425 0.570296 0.683852 0.717396 0.636890 0.513812 0.529989 0.402801 0.000000 0.590817 0.652169 0.682298 0.729268 0.724513 0.661842 0.707432 0.575037 0.442311 1.043383 0.961145 0.712819 0.610580 0.557765 0.585288 0.578675 0.531919 0.518755 0.550252 0.680047 0.864284 0.817861 0.705344 0.694715 0.588537 0.530982 0.000000 0.513621 0.526596 0.469930 0.000000 0.000000 0.000000 0.522527 0.508962 0.419605 0.000000 0.000000 0.000000 0.000000 0.000000 0.000000 0.000000 0.000000 0.000000 0.000000 0.000000 0.000000 0.000000 0.000000 0.000000 0.000000 0.000000 0.000000 0.000000 0.000000 0.000000 0.000000 0.000000 0.000000 0.000000 0.000000 0.000000 0.000000 0.000000 0.000000 0.000000 0.000000 0.000000 0.000000 0.000000 0.000000 0.000000 0.000000 0.000000 0.000000 0.000000 0.000000 0.000000 0.000000 0.000000 0.000000 0.000000 0.000000 0.000000 0.000000 0.000000 0.000000 0.000000 0.000000 0.000000 0.000000 0.000000 0.000000 0.000000 0.000000 0.000000 0.000000 0.000000 0.000000 0.000000 0.000000 0.000000 0.000000 0.000000 0.000000 0.000000 0.000000 0.000000 0.000000 0.000000 0.000000 0.000000 0.000000 0.000000 0.000000 0.000000 0.000000 0.000000
0.000000 0.000000 0.000000 0.000000 0.000000 0.000000 0.000000 0.000000 0.000000 0.000000 0.000000 0.000000 0.000000 0.000000 0.000000 0.000000 0.000000 0.000000 0.000000 0.000000 0.000000 0.000000 0.000000 0.000000 0.000000 0.000000 0.000000 0.000000 0.000000 0.000000 0.000000 0.000000 0.000000 0.000000 0.000000 0.000000 0.000000 0.000000 0.000000 0.000000 0.000000 0.000000 0.000000 0.000000 0.000000 0.000000 0.000000 0.000000 0.000000 0.000000 0.000000 0.000000 0.000000 0.000000 0.000000 0.000000 0.000000 0.000000 0.000000 0.000000 0.000000 0.000000 0.000000 0.000000 0.000000 0.000000 0.000000 0.000000 0.000000 0.000000 0.000000 0.000000 0.000000 0.000000 0.000000 0.000000 0.000000 0.538404 0.672019 0.760718 0.790114 0.814780 0.835106 0.831278 0.904675 0.950368 0.958141 0.989863 1.044786 1.098122 1.087938 0.969098 0.815147 0.679846 0.588383 0.516515 0.446704 0.000000 0.000000 0.000000 0.000000 0.000000 0.612599 0.825521 0.582476 0.627126 0.554558 0.780501 0.804587 0.881127 0.798256 0.673027 0.654398 0.645496 0.560904 0.744462 0.785709 0.781753 0.786000 0.457767 0.585716 0.471074 0.415968 0.362454 0.281823 0.338545 0.749750 0.602969 0.504612 0.515178 0.574213 0.609928 0.733654 0.669765 0.633055 0.615195 0.543948 0.454320 0.000000 0.000000 0.000000 0.000000 0.000000 0.434878 0.470011 0.389102 0.361334 0.389725 0.400176 0.365750 0.520222 0.534186 0.541357 0.500164 0.492162 0.602326 0.584758 0.556818 0.598550 0.556538 0.488460 0.435953 0.677400 0.715854 0.657924 0.570866 0.595507 0.618312 0.598120 0.389395 0.710412 0.760243 0.692032 0.499283 0.589727 0.669815 0.562702 0.532112 0.535360 0.547622 0.756129 0.797063 0.795960 0.724750 0.608502 0.525791 0.523205 0.375902 0.543007 0.539415 0.418668 0.000000 0.000000 0.000000 0.587199 0.568783 0.464647 0.000000 0.000000 0.000000 0.000000 0.000000 0.000000 0.505477 0.434917 0.000000 0.000000 0.000000 0.000000 0.000000 0.000000 0.000000 0.000000 0.000000 0.000000 0.000000 0.000000 0.000000 0.000000 0.000000 0.000000 0.000000 0.000000 0.000000 0.000000 0.000000 0.000000 0.000000 0.000000 0.000000 0.000000 0.000000 0.000000 0.000000 0.000000 0.000000 0.000000 0.000000 0.000000 0.000000 0.000000 0.000000 0.000000 0.000000 0.000000 0.000000 0.000000 0.000000 0.000000 0.000000 0.000000 0.000000 0.000000 0.000000 0.000000 0.000000 0.000000 0.000000 0.000000 0.000000 0.000000 0.000000 0.000000 0.000000 0.000000 0.000000 0.000000 0.000000 0.000000 0.000000 0.000000 0.000000 0.000000 0.000000 0.000000 0.000000 0.000000 0.000000 0.000000 0.000000
0.000000 0.000000 0.000000 0.000000 0.000000 0.000000 0.000000 0.000000 0.000000 0.000000 0.000000 0.000000 0.000000 0.000000 0.000000 0.000000 0.000000 0.000000 0.000000 0.000000 0.000000 0.000000 0.000000 0.000000 0.000000 0.000000 0.000000 0.000000 0.000000 0.000000 0.000000 0.000000 0.000000 0.000000 0.000000 0.000000 0.000000 0.000000 0.000000 0.000000 0.000000 0.000000 0.000000 0.000000 0.000000 0.000000 0.000000 0.000000 0.000000 0.000000 0.000000 0.000000 0.000000 0.000000 0.000000 0.000000 0.000000 0.000000 0.000000 0.000000 0.000000 0.000000 0.000000 0.000000 0.000000 0.000000 0.000000 0.000000 0.000000 0.000000 0.000000 0.000000 0.000000 0.000000 0.459741 0.640879 0.788950 0.916922 0.956344 0.974806 0.953386 0.893046 0.836474 0.786407 0.910760 0.987151 1.033367 1.061289 1.080185 1.097558 1.023877 0.878075 0.733190 0.622937 0.587316 0.558533 0.498683 0.420230 0.000000 0.000000 0.396143 0.411347 0.549845 0.400023 0.395351 0.506911 0.457491 0.594268 0.715646 0.756364 0.690772 0.573514 0.598323 0.680686 0.630397 0.745323 0.440832 0.878468 0.398314 0.402358 0.870514 0.872342 0.873290 0.835079 0.733418 0.789200 0.587532 0.656639 0.588239 0.656286 0.755081 0.770589 0.785677 0.739717 0.672741 0.600961 0.507956 0.372689 0.000000 0.000000 0.000000 0.335619 0.000000 0.000000 0.000000 0.443751 0.000000 0.000000 0.000000 0.000000 0.513120 0.556911 0.507889 0.475583 0.439669 0.421180 0.539387 0.555523 0.567793 0.524414 0.698735 0.000000 0.701140 0.730205 0.678988 0.482666 0.514467 0.601156 0.531893 0.457274 0.373756 0.562734 0.491953 0.596079 0.496312 0.655302 0.708625 0.754018 0.722136 0.650863 0.587628 0.491175 0.877293 0.645769 0.538068 0.475233 0.000000 0.000000 0.461559 0.455058 0.000000 0.000000 0.000000 0.367945 0.610154 0.590191 0.467215 0.000000 0.000000 0.000000 0.000000 0.000000 0.000000 0.000000 0.000000 0.000000 0.000000 0.000000 0.000000 0.000000 0.000000 0.000000 0.000000 0.000000 0.000000 0.000000 0.000000 0.000000 0.000000 0.000000 0.000000 0.000000 0.000000 0.000000 0.000000 0.000000 0.000000 0.000000 0.000000 0.000000 0.000000 0.000000 0.000000 0.000000 0.000000 0.000000 0.000000 0.000000 0.000000 0.000000 0.000000 0.000000 0.000000 0.000000 0.000000 0.000000 0.000000 0.000000 0.000000 0.000000 0.000000 0.000000 0.000000 0.000000 0.000000 0.000000 0.000000 0.000000 0.000000 0.000000 0.000000 0.000000 0.000000 0.000000 0.000000 0.000000 0.000000 0.000000 0.000000 0.000000 0.000000 0.000000 0.000000 0.000000 0.000000 0.000000 0.000000 0.000000 0.000000 0.000000
0.000000 0.000000 0.000000 0.000000 0.000000 0.000000 0.000000 0.000000 0.000000 0.000000 0.000000 0.000000 0.000000 0.000000 0.000000 0.000000 0.000000 0.000000 0.000000 0.000000 0.000000 0.000000 0.000000 0.000000 0.000000 0.000000 0.000000 0.000000 0.000000 0.000000 0.000000 0.000000 0.000000 0.000000 0.000000 0.000000 0.000000 0.000000 0.000000 0.000000 0.000000 0.000000 0.000000 0.000000 0.000000 0.000000 0.000000 0.000000 0.000000 0.000000 0.000000 0.000000 0.000000 0.000000 0.000000 0.000000 0.000000 0.000000 0.000000 0.000000 0.000000 0.000000 0.000000 0.000000 0.000000 0.000000 0.000000 0.000000 0.000000 0.000000 0.000000 0.000000 0.000000 0.423477 0.650939 0.892128 1.039838 1.114254 1.122200 1.074834 0.951916 0.945212 0.865485 0.791510 0.795051 0.864503 0.893432 0.867701 0.830195 0.731452 0.682260 0.644746 0.578820 0.525289 0.517185 0.519014 0.478116 0.000000 0.000000 0.000000 0.000000 0.000000 0.000000 0.476619 0.402920 0.376234 0.000000 0.424129 0.494052 0.500009 0.538055 0.548728 0.506335 0.562614 0.610766 0.660831 0.717478 0.709159 0.870361 0.643146 0.780364 0.820790 1.015550 1.008720 0.938642 0.847761 0.789521 0.830087 0.576427 0.714971 0.794311 0.785565 0.780523 0.700377 0.616984 0.516991 0.419242 0.000000 0.000000 0.000000 0.000000 0.000000 0.000000 0.415980 0.398264 0.000000 0.000000 0.000000 0.000000 0.000000 0.000000 0.000000 0.410699 0.000000 0.000000 0.510800 0.567295 0.426798 0.506590 0.463366 0.624592 0.575876 0.775339 0.836284 0.667765 0.608833 0.711924 0.701630 0.627781 0.420140 0.502544 0.669216 0.686891 0.618771 0.551159 0.705475 0.733080 0.696194 0.672775 0.540485 0.515822 0.432118 0.505469 0.475596 0.459364 0.000000 0.000000 0.000000 0.000000 0.490885 0.458100 0.388032 0.382895 0.487162 0.620035 0.612401 0.505427 0.000000 0.000000 0.000000 0.000000 0.000000 0.000000 0.000000 0.000000 0.000000 0.000000 0.000000 0.000000 0.000000 0.000000 0.000000 0.000000 0.000000 0.000000 0.000000 0.000000 0.000000 0.000000 0.000000 0.000000 0.000000 0.000000 0.000000 0.000000 0.000000 0.000000 0.000000 0.000000 0.000000 0.000000 0.000000 0.000000 0.000000 0.000000 0.000000 0.000000 0.000000 0.000000 0.000000 0.000000 0.000000 0.000000 0.000000 0.000000 0.000000 0.000000 0.000000 0.000000 0.000000 0.000000 0.000000 0.000000 0.000000 0.000000 0.000000 0.000000 0.000000 0.000000 0.000000 0.000000 0.000000 0.000000 0.000000 0.000000 0.000000 0.000000 0.000000 0.000000 0.000000 0.000000 0.000000 0.000000 0.000000 0.000000 0.000000 0.000000 0.000000 0.000000 0.000000
0.000000 0.000000 0.000000 0.000000 0.000000 0.000000 0.000000 0.000000 0.000000 0.000000 0.000000 0.000000 0.000000 0.000000 0.000000 0.000000 0.000000 0.000000 0.000000 0.000000 0.000000 0.000000 0.000000 0.000000 0.000000 0.000000 0.000000 0.000000 0.000000 0.000000 0.000000 0.000000 0.000000 0.000000 0.000000 0.000000 0.000000 0.000000 0.000000 0.000000 0.000000 0.000000 0.000000 0.000000 0.000000 0.000000 0.000000 0.000000 0.000000 0.000000 0.000000 0.000000 0.000000 0.000000 0.000000 0.000000 0.000000 0.000000 0.000000 0.000000 0.000000 0.000000 0.000000 0.000000 0.000000 0.000000 0.000000 0.000000 0.000000 0.000000 0.000000 0.572871 0.000000 0.475475 0.688374 0.901690 1.067963 1.031757 0.937657 0.878647 0.851627 0.835175 0.808102 0.770762 0.730942 0.700122 0.659183 0.608949 0.578407 0.614320 0.566488 0.534209 0.490827 0.432946 0.422460 0.000000 0.000000 0.000000 0.000000 0.000000 0.000000 0.490194 0.000000 0.504482 0.529477 0.460684 0.424063 0.000000 0.000000 0.000000 0.481274 0.561539 0.608465 0.605286 0.567133 0.561516 0.610225 0.609166 0.582063 0.512136 0.664230 0.786316 0.874360 0.998064 1.057544 0.968286 0.885365 0.732772 0.717001 0.768898 0.799873 0.782792 0.720339 0.626417 0.525821 0.460390 0.383405 0.000000 0.659663 0.466220 0.371729 0.000000 0.465368 0.507925 0.485053 0.416278 0.000000 0.000000 0.000000 0.000000 0.407909 0.401453 0.000000 0.442861 0.601534 0.654547 0.635195 0.668151 0.625892 0.513442 0.667001 0.826965 0.906634 0.941766 0.741049 0.370337 0.619635 0.685342 0.617131 0.552942 0.649850 0.590110 0.722329 0.631664 0.560279 0.806032 0.825165 0.747712 0.615824 0.464041 0.000000 0.422463 0.524544 0.464642 0.000000 0.000000 0.000000 0.000000 0.474853 0.587106 0.574204 0.542570 0.466395 0.546591 0.608175 0.557282 0.509192 0.000000 0.000000 0.000000 0.000000 0.000000 0.000000 0.000000 0.000000 0.000000 0.000000 0.000000 0.000000 0.000000 0.000000 0.000000 0.000000 0.000000 0.000000 0.000000 0.000000 0.000000 0.000000 0.000000 0.000000 0.000000 0.000000 0.000000 0.000000 0.000000 0.000000 0.000000 0.000000 0.000000 0.000000 0.000000 0.000000 0.000000 0.000000 0.000000 0.000000 0.000000 0.000000 0.000000 0.000000 0.000000 0.000000 0.000000 0.000000 0.000000 0.000000 0.000000 0.000000 0.000000 0.000000 0.000000 0.000000 0.000000 0.000000 0.000000 0.000000 0.000000 0.000000 0.000000 0.000000 0.000000 0.000000 0.000000 0.000000 0.000000 0.000000 0.000000 0.000000 0.000000 0.000000 0.000000 0.000000 0.000000 0.000000 0.000000 0.000000 0.000000 0.000000 0.000000
0.000000 0.000000 0.000000 0.000000 0.000000 0.000000 0.000000 0.000000 0.000000 0.000000 0.000000 0.000000 0.000000 0.000000 0.000000 0.000000 0.000000 0.000000 0.000000 0.000000 0.000000 0.000000 0.000000 0.000000 0.000000 0.000000 0.000000 0.000000 0.000000 0.000000 0.000000 0.000000 0.000000 0.000000 0.000000 0.000000 0.000000 0.000000 0.000000 0.000000 0.000000 0.000000 0.000000 0.000000 0.000000 0.000000 0.000000 0.000000 0.000000 0.000000 0.000000 0.000000 0.000000 0.000000 0.000000 0.000000 0.000000 0.000000 0.000000 0.000000 0.000000 0.000000 0.000000 0.000000 0.000000 0.000000 0.000000 0.000000 0.000000 0.000000 0.000000 0.000000 0.000000 0.000000 0.626099 0.643374 0.708559 0.717010 0.748277 0.692131 0.675865 0.621609 0.593756 0.565980 0.530808 0.485682 0.544037 0.570542 0.506934 0.459813 0.000000 0.000000 0.000000 0.000000 0.000000 0.000000 0.000000 0.000000 0.000000 0.000000 0.000000 0.000000 0.449767 0.533442 0.568891 0.566515 0.531804 0.465813 0.487547 0.508968 0.855889 0.688309 0.631402 0.613217 0.578343 0.570661 0.539515 0.489568 0.470686 0.000000 0.583386 0.690572 0.907584 1.078897 1.123065 1.107892 0.981975 0.833316 0.780397 0.776468 0.768189 0.716412 0.632742 0.529012 0.468918 0.408696 0.000000 0.000000 0.347663 0.423565 0.000000 0.382364 0.478408 0.514003 0.501721 0.435106 0.000000 0.000000 0.000000 0.459395 0.561291 0.531917 0.464256 0.568436 0.688739 0.724036 0.765356 0.811783 0.809150 0.705075 0.249779 1.352485 1.142623 0.956911 0.729032 0.280472 0.619166 0.725438 0.541365 0.530735 0.593772 0.603962 0.565877 0.507502 0.669370 0.760703 0.770674 0.690070 0.591934 0.450556 0.000000 0.493788 0.608819 0.541414 0.388444 0.000000 0.000000 0.000000 0.542765 0.615327 0.636164 0.595310 0.644450 0.745908 0.831825 0.589144 0.515568 0.392131 0.365649 0.000000 0.000000 0.000000 0.000000 0.000000 0.000000 0.000000 0.000000 0.000000 0.000000 0.000000 0.000000 0.000000 0.000000 0.000000 0.000000 0.000000 0.000000 0.000000 0.000000 0.000000 0.000000 0.000000 0.000000 0.000000 0.000000 0.000000 0.000000 0.000000 0.000000 0.000000 0.000000 0.000000 0.000000 0.000000 0.000000 0.000000 0.000000 0.000000 0.000000 0.000000 0.000000 0.000000 0.000000 0.000000 0.000000 0.000000 0.000000 0.000000 0.000000 0.000000 0.000000 0.000000 0.000000 0.000000 0.000000 0.000000 0.000000 0.000000 0.000000 0.000000 0.000000 0.000000 0.000000 0.000000 0.000000 0.000000 0.000000 0.000000 0.000000 0.000000 0.000000 0.000000 0.000000 0.000000 0.000000 0.000000 0.000000 0.000000 0.000000 0.000000
0.000000 0.000000 0.000000 0.000000 0.000000 0.000000 0.000000 0.000000 0.000000 0.000000 0.000000 0.000000 0.000000 0.000000 0.000000 0.000000 0.000000 0.000000 0.000000 0.000000 0.000000 0.000000 0.000000 0.000000 0.000000 0.000000 0.000000 0.000000 0.000000 0.000000 0.000000 0.000000 0.000000 0.000000 0.000000 0.000000 0.000000 0.000000 0.000000 0.000000 0.000000 0.000000 0.000000 0.000000 0.000000 0.000000 0.000000 0.000000 0.000000 0.000000 0.000000 0.000000 0.000000 0.000000 0.000000 0.000000 0.000000 0.000000 0.000000 0.000000 0.000000 0.000000 0.000000 0.000000 0.000000 0.000000 0.000000 0.000000 0.000000 0.000000 0.000000 0.000000 0.000000 0.000000 0.584644 0.623262 0.604251 0.508016 0.431987 0.000000 0.000000 0.000000 0.504381 0.524184 0.375344 0.000000 0.000000 0.000000 0.000000 0.000000 0.000000 0.000000 0.000000 0.000000 0.467441 0.000000 0.000000 0.000000 0.000000 0.000000 0.000000 0.465553 0.514519 0.565613 0.625992 0.616231 0.557196 0.553722 0.614061 0.663702 0.696312 0.692158 0.628744 0.595574 0.553294 0.502519 0.467456 0.565960 0.623032 0.631319 0.683262 0.660950 0.736042 0.900634 1.068088 1.028825 0.977248 0.828693 0.804935 0.781536 0.709416 0.611861 0.479079 0.436964 0.387210 0.000000 0.000000 0.000000 0.000000 0.000000 0.579539 0.499757 0.478563 0.428889 0.429578 0.385809 0.000000 0.000000 0.000000 0.494450 0.583474 0.568545 0.506915 0.974900 0.713791 0.710367 0.722199 0.763750 0.779536 0.724304 0.631623 0.740127 1.003851 0.815358 0.638332 0.312397 0.632619 0.623519 0.609191 0.609018 0.622912 0.611002 0.584007 0.732745 0.728858 0.766092 0.727339 0.643104 0.548576 0.499804 0.000000 0.492808 0.623613 0.533072 0.445786 0.375486 0.394349 0.467740 0.547813 0.600355 0.658255 0.658308 1.007610 1.265301 1.144786 0.603850 0.475140 0.439189 0.407571 0.000000 0.000000 0.000000 0.000000 0.000000 0.000000 0.000000 0.000000 0.000000 0.000000 0.000000 0.000000 0.000000 0.000000 0.000000 0.000000 0.000000 0.000000 0.000000 0.000000 0.000000 0.000000 0.000000 0.000000 0.000000 0.000000 0.000000 0.000000 0.000000 0.000000 0.000000 0.000000 0.000000 0.000000 0.000000 0.000000 0.000000 0.000000 0.000000 0.000000 0.000000 0.000000 0.000000 0.000000 0.000000 0.000000 0.000000 0.000000 0.000000 0.000000 0.000000 0.000000 0.000000 0.000000 0.000000 0.000000 0.000000 0.000000 0.000000 0.000000 0.000000 0.000000 0.000000 0.000000 0.000000 0.000000 0.000000 0.000000 0.000000 0.000000 0.000000 0.000000 0.000000 0.000000 0.000000 0.000000 0.000000 0.000000 0.000000 0.000000 0.000000
0.000000 0.000000 0.000000 0.000000 0.000000 0.000000 0.000000 0.000000 0.000000 0.000000 0.000000 0.000000 0.000000 0.000000 0.000000 0.000000 0.000000 0.000000 0.000000 0.000000 0.000000 0.000000 0.000000 0.000000 0.000000 0.000000 0.000000 0.000000 0.000000 0.000000 0.000000 0.000000 0.000000 0.000000 0.000000 0.000000 0.000000 0.000000 0.000000 0.000000 0.000000 0.000000 0.000000 0.000000 0.000000 0.000000 0.000000 0.000000 0.000000 0.000000 0.000000 0.000000 0.000000 0.000000 0.000000 0.000000 0.000000 0.000000 0.000000 0.000000 0.000000 0.000000 0.000000 0.000000 0.000000 0.000000 0.000000 0.000000 0.000000 0.000000 0.000000 0.000000 0.000000 0.361227 0.000000 0.614317 0.396437 0.000000 0.000000 0.000000 0.000000 0.417241 0.505814 0.491271 0.429538 0.000000 0.000000 0.000000 0.000000 0.000000 0.004000 0.000000 0.000000 0.000000 0.000000 0.000000 0.000000 0.472679 0.535371 0.622030 0.685677 0.669510 0.649811 0.591969 0.578359 0.578259 0.645770 0.633286 0.742301 0.782764 0.796063 0.792558 0.748930 0.688731 0.679562 0.609687 0.541070 0.652260 0.759693 0.812800 0.816226 0.758443 0.800302 1.080282 1.126729 1.080079 0.967612 0.917391 0.816604 0.717454 0.602641 0.464896 0.403411 0.348739 0.000000 0.000000 0.000000 0.000000 0.459468 0.625895 0.573572 0.549706 0.522273 0.478191 0.000000 0.000000 0.000000 0.000000 0.000000 0.493232 0.597845 0.626790 0.606527 0.706733 0.798254 0.710283 0.659517 0.654977 0.649652 0.628155 0.575143 0.507695 0.569811 0.646484 0.506408 0.616372 0.682899 0.688118 0.669620 0.635787 0.635946 0.652109 0.782290 0.807768 0.783280 0.831652 0.717499 0.637580 0.610217 0.531466 0.000000 0.498204 0.561176 0.578164 0.525688 0.647251 0.562591 0.446863 0.493848 0.590905 0.657819 0.674231 0.543033 0.000000 0.000000 0.459367 0.486818 0.455143 0.418327 0.000000 0.000000 0.000000 0.000000 0.000000 0.000000 0.000000 0.000000 0.000000 0.000000 0.000000 0.000000 0.000000 0.000000 0.000000 0.000000 0.000000 0.000000 0.000000 0.000000 0.000000 0.000000 0.000000 0.000000 0.000000 0.000000 0.000000 0.000000 0.000000 0.000000 0.000000 0.000000 0.000000 0.000000 0.000000 0.000000 0.000000 0.000000 0.000000 0.000000 0.000000 0.000000 0.000000 0.000000 0.000000 0.000000 0.000000 0.000000 0.000000 0.000000 0.000000 0.000000 0.000000 0.000000 0.000000 0.000000 0.000000 0.000000 0.000000 0.000000 0.000000 0.000000 0.000000 0.000000 0.000000 0.000000 0.000000 0.000000 0.000000 0.000000 0.000000 0.000000 0.000000 0.000000 0.000000 0.000000 0.000000 0.000000 0.000000 0.000000 0.000000
0.000000 0.000000 0.000000 0.000000 0.000000 0.000000 0.000000 0.000000 0.000000 0.000000 0.000000 0.000000 0.000000 0.000000 0.000000 0.000000 0.000000 0.000000 0.000000 0.000000 0.000000 0.000000 0.000000 0.000000 0.000000 0.000000 0.000000 0.000000 0.000000 0.000000 0.000000 0.000000 0.000000 0.000000 0.000000 0.000000 0.000000 0.000000 0.000000 0.000000 0.000000 0.000000 0.000000 0.000000 0.000000 0.000000 0.000000 0.000000 0.000000 0.000000 0.000000 0.000000 0.000000 0.000000 0.000000 0.000000 0.000000 0.000000 0.000000 0.000000 0.000000 0.000000 0.000000 0.000000 0.000000 0.000000 0.000000 0.000000 0.000000 0.000000 0.000000 0.000000 0.000000 0.000000 0.000000 0.000000 0.000000 0.000000 0.000000 0.000000 0.000000 0.461202 0.522311 0.489215 0.408391 0.000000 0.000000 0.586753 0.000000 0.000000 1.139695 0.000000 0.000000 0.004000 0.523745 0.509436 0.558593 0.687403 0.773795 0.835041 0.846930 0.812738 0.746139 0.658405 0.609276 0.636911 0.809832 0.803003 0.839070 0.857051 0.879872 0.877888 0.838261 0.769595 0.760206 0.686328 0.614282 0.547978 0.675602 0.887025 0.910284 0.887314 0.672483 1.132576 1.104774 1.041606 1.026115 0.951559 0.792292 0.616827 0.540737 0.420597 0.364682 0.000000 0.000000 0.000000 0.394794 0.543433 0.635076 0.749609 0.671490 0.597840 0.562441 0.493514 0.000000 0.000000 0.000000 0.000000 0.000000 0.000000 0.004000 0.000000 0.000000 0.655102 0.808387 0.762960 0.619160 0.642971 0.591972 0.604206 0.523545 0.000000 0.544437 0.616680 0.530071 0.826932 0.952584 0.769370 0.475500 0.647183 0.372272 0.843317 0.858081 0.830725 0.845149 0.781373 0.681824 0.636160 0.613026 0.518806 0.377604 0.519363 0.624762 0.629678 0.582097 0.607393 0.644837 0.575592 0.620622 0.678404 0.661498 0.606025 0.371355 0.000000 0.000000 0.471783 0.429667 0.414916 0.361418 0.000000 0.000000 0.000000 0.000000 0.000000 0.000000 0.000000 0.000000 0.000000 0.000000 0.000000 0.000000 0.000000 0.000000 0.000000 0.000000 0.000000 0.000000 0.000000 0.000000 0.000000 0.000000 0.000000 0.000000 0.000000 0.000000 0.000000 0.000000 0.000000 0.000000 0.000000 0.000000 0.000000 0.000000 0.000000 0.000000 0.000000 0.000000 0.000000 0.000000 0.000000 0.000000 0.000000 0.000000 0.000000 0.000000 0.000000 0.000000 0.000000 0.000000 0.000000 0.000000 0.000000 0.000000 0.000000 0.000000 0.000000 0.000000 0.000000 0.000000 0.000000 0.000000 0.000000 0.000000 0.000000 0.000000 0.000000 0.000000 0.000000 0.000000 0.000000 0.000000 0.000000 0.000000 0.000000 0.000000 0.000000 0.000000 0.000000 0.000000 0.000000
0.000000 0.000000 0.000000 0.000000 0.000000 0.000000 0.000000 0.000000 0.000000 0.000000 0.000000 0.000000 0.000000 0.000000 0.000000 0.000000 0.000000 0.000000 0.000000 0.000000 0.000000 0.000000 0.000000 0.000000 0.000000 0.000000 0.000000 0.000000 0.000000 0.000000 0.000000 0.000000 0.000000 0.000000 0.000000 0.000000 0.000000 0.000000 0.000000 0.000000 0.000000 0.000000 0.000000 0.000000 0.000000 0.000000 0.000000 0.000000 0.000000 0.000000 0.000000 0.000000 0.000000 0.000000 0.000000 0.000000 0.000000 0.000000 0.000000 0.000000 0.000000 0.000000 0.000000 0.000000 0.000000 0.000000 0.000000 0.000000 0.000000 0.000000 0.000000 0.000000 0.000000 0.000000 0.000000 0.000000 0.000000 0.000000 0.000000 0.000000 0.000000 0.379784 0.412753 0.429048 0.426317 0.409382 0.374709 0.000000 0.000000 0.000000 0.317477 0.000000 0.000000 0.000000 0.000000 0.004000 0.476305 0.728215 0.855231 0.899731 0.886441 0.854789 0.806885 0.742964 0.536413 0.809164 0.864283 0.956729 0.892735 0.908225 0.938425 0.945341 0.892500 0.824851 0.815252 0.726815 0.604700 0.611365 0.580366 0.696219 0.784858 0.748919 0.833421 0.851293 0.906981 0.878308 0.967365 0.865690 0.741445 0.607772 0.566699 0.569793 0.569187 0.514541 0.438374 0.476896 0.528044 0.620267 0.665958 0.729684 0.730859 0.637510 0.504422 0.422365 0.000000 0.000000 0.000000 0.000000 0.000000 0.000000 0.000000 0.000000 0.000000 0.495965 0.717928 0.801504 0.740656 0.710230 0.678859 0.611438 0.532326 0.436298 0.655740 0.312736 0.726764 0.855928 0.750961 0.745779 0.672394 0.616349 0.719789 0.675138 0.652414 0.632091 0.669063 0.742008 0.692147 0.582133 0.595831 0.525192 0.375791 0.541616 0.638281 0.633388 0.638672 0.651100 0.663033 0.687229 0.686899 0.727351 0.695945 0.659413 0.381300 0.000000 0.462736 0.817680 0.619005 0.418259 0.446455 0.423327 0.000000 0.000000 0.000000 0.000000 0.000000 0.000000 0.000000 0.000000 0.000000 0.000000 0.000000 0.000000 0.000000 0.000000 0.000000 0.000000 0.000000 0.000000 0.000000 0.000000 0.000000 0.000000 0.000000 0.000000 0.000000 0.000000 0.000000 0.000000 0.000000 0.000000 0.000000 0.000000 0.000000 0.000000 0.000000 0.000000 0.000000 0.000000 0.000000 0.000000 0.000000 0.000000 0.000000 0.000000 0.000000 0.000000 0.000000 0.000000 0.477196 0.459639 0.000000 0.000000 0.000000 0.000000 0.000000 0.000000 0.000000 0.000000 0.000000 0.000000 0.000000 0.000000 0.000000 0.000000 0.000000 0.000000 0.000000 0.000000 0.000000 0.000000 0.000000 0.000000 0.000000 0.000000 0.000000 0.000000 0.000000 0.000000 0.000000 0.000000
0.000000 0.000000 0.000000 0.000000 0.000000 0.000000 0.000000 0.000000 0.000000 0.000000 0.000000 0.000000 0.000000 0.000000 0.000000 0.000000 0.000000 0.000000 0.000000 0.000000 0.000000 0.000000 0.000000 0.000000 0.000000 0.000000 0.000000 0.000000 0.000000 0.000000 0.000000 0.000000 0.000000 0.000000 0.000000 0.000000 0.000000 0.000000 0.000000 0.000000 0.000000 0.000000 0.000000 0.000000 0.000000 0.000000 0.000000 0.000000 0.000000 0.000000 0.000000 0.000000 0.000000 0.000000 0.000000 0.000000 0.000000 0.000000 0.000000 0.000000 0.000000 0.000000 0.000000 0.000000 0.000000 0.000000 0.000000 0.000000 0.000000 0.000000 0.000000 0.000000 0.000000 0.000000 0.000000 0.000000 0.000000 0.000000 0.000000 0.000000 0.000000 0.000000 0.000000 0.000000 0.000000 0.000000 0.000000 0.000000 0.411819 0.380907 0.393351 0.393333 0.347124 0.000000 0.000000 0.000000 0.000000 0.505305 0.637209 0.591855 0.695660 0.779542 0.792954 0.700094 0.581205 0.853095 0.863623 0.932239 0.952068 0.950007 0.989258 0.935266 0.883059 0.890032 0.796029 0.714230 0.680081 0.667207 0.674590 0.671990 0.698582 0.731863 0.966080 0.913763 0.907315 0.892679 0.815567 0.691781 0.702920 0.626410 0.757766 0.750232 0.720064 0.650149 0.553380 0.609858 0.685667 0.667454 0.653654 0.638989 0.604122 0.537130 0.470826 0.395616 0.000000 0.000000 0.000000 0.000000 0.000000 0.000000 0.000000 0.000000 0.613711 0.576995 0.693523 0.753776 0.781240 0.785192 0.716455 0.650123 0.522667 0.594914 0.668304 0.820616 0.797370 0.755731 0.872712 0.690232 0.624349 0.693935 0.624040 0.553704 0.501816 0.586911 0.575191 0.544280 0.620203 0.653592 0.630035 0.454630 0.389120 0.516948 0.600284 0.580920 0.628154 1.025530 0.950616 0.768522 0.705792 0.710507 0.689275 0.472866 0.467250 0.538141 0.779992 0.796175 0.511234 0.560605 0.468513 0.438615 0.000000 0.000000 0.000000 0.000000 0.000000 0.000000 0.000000 0.000000 0.000000 0.000000 0.000000 0.000000 0.000000 0.000000 0.000000 0.000000 0.000000 0.000000 0.000000 0.000000 0.000000 0.000000 0.000000 0.000000 0.000000 0.000000 0.000000 0.000000 0.000000 0.000000 0.000000 0.000000 0.000000 0.000000 0.000000 0.000000 0.000000 0.000000 0.000000 0.000000 0.000000 0.000000 0.000000 0.000000 0.000000 0.000000 0.000000 0.000000 0.530439 0.502000 0.409575 0.000000 0.000000 0.000000 0.000000 0.000000 0.000000 0.000000 0.000000 0.000000 0.000000 0.000000 0.000000 0.000000 0.000000 0.000000 0.000000 0.000000 0.000000 0.000000 0.000000 0.000000 0.000000 0.000000 0.000000 0.000000 0.000000 0.000000 0.000000 0.000000
0.000000 0.000000 0.000000 0.000000 0.000000 0.000000 0.000000 0.000000 0.000000 0.000000 0.000000 0.000000 0.000000 0.000000 0.000000 0.000000 0.000000 0.000000 0.000000 0.000000 0.000000 0.000000 0.000000 0.000000 0.000000 0.000000 0.000000 0.000000 0.000000 0.000000 0.000000 0.000000 0.000000 0.000000 0.000000 0.000000 0.000000 0.000000 0.000000 0.000000 0.000000 0.000000 0.000000 0.000000 0.000000 0.000000 0.000000 0.000000 0.000000 0.000000 0.000000 0.000000 0.000000 0.403248 0.396600 0.000000 0.000000 0.000000 0.000000 0.000000 0.000000 0.000000 0.000000 0.000000 0.000000 0.000000 0.000000 0.000000 0.000000 0.000000 0.000000 0.000000 0.000000 0.000000 0.000000 0.000000 0.000000 0.000000 0.000000 0.000000 0.000000 0.000000 0.000000 0.000000 0.000000 0.000000 0.000000 0.000000 0.382246 0.418541 0.396006 0.345266 0.000000 0.000000 0.000000 0.000000 0.000000 0.000000 0.000000 0.446577 0.638112 0.934923 0.974174 0.871435 0.822650 0.815736 0.804874 0.788342 0.794906 0.924632 1.008287 1.018165 0.998612 0.897426 0.787991 0.693265 0.743930 0.773908 0.793508 0.806901 0.830815 0.916266 1.023071 0.907639 0.850281 0.806377 0.727293 0.640113 0.567237 0.735042 0.871947 0.873548 0.820509 0.939441 0.621891 0.559238 0.586337 0.568288 0.543641 0.544993 0.525200 0.462903 0.408482 0.000000 0.000000 0.000000 0.000000 0.000000 0.000000 0.000000 0.803909 0.624402 0.671624 0.682961 0.642647 0.696954 0.679731 0.781158 0.786152 0.749951 0.602338 0.651291 0.642449 0.873272 0.897084 0.819112 0.877553 0.941862 0.769067 0.652208 0.588433 0.532675 0.483576 0.000000 0.436674 0.000000 0.479454 0.469849 0.387374 0.000000 0.451393 0.456706 0.508278 0.504473 0.891969 1.316033 0.886412 0.890576 0.754138 0.550701 0.651897 0.581186 0.657189 0.745458 0.679438 0.619946 0.586090 0.608168 0.495884 0.000000 0.000000 0.000000 0.000000 0.000000 0.000000 0.000000 0.000000 0.000000 0.000000 0.000000 0.000000 0.000000 0.000000 0.000000 0.000000 0.000000 0.000000 0.419053 0.412733 0.000000 0.000000 0.000000 0.000000 0.000000 0.000000 0.000000 0.000000 0.000000 0.000000 0.000000 0.000000 0.000000 0.000000 0.000000 0.000000 0.000000 0.000000 0.000000 0.000000 0.000000 0.000000 0.000000 0.000000 0.000000 0.000000 0.000000 0.000000 0.000000 0.479416 0.450472 0.000000 0.000000 0.000000 0.000000 0.000000 0.000000 0.000000 0.000000 0.000000 0.000000 0.000000 0.000000 0.000000 0.000000 0.000000 0.000000 0.000000 0.000000 0.000000 0.000000 0.000000 0.000000 0.000000 0.000000 0.000000 0.000000 0.000000 0.000000 0.000000 0.000000
0.000000 0.000000 0.000000 0.000000 0.000000 0.000000 0.000000 0.000000 0.000000 0.000000 0.000000 0.000000 0.000000 0.000000 0.000000 0.000000 0.000000 0.000000 0.000000 0.000000 0.000000 0.000000 0.000000 0.000000 0.000000 0.000000 0.000000 0.000000 0.000000 0.000000 0.000000 0.000000 0.000000 0.000000 0.000000 0.000000 0.000000 0.000000 0.000000 0.000000 0.000000 0.000000 0.000000 0.000000 0.000000 0.000000 0.000000 0.000000 0.394224 0.466758 0.486337 0.516782 0.536674 0.507386 0.484420 0.413537 0.000000 0.000000 0.000000 0.000000 0.000000 0.000000 0.000000 0.000000 0.000000 0.000000 0.000000 0.000000 0.000000 0.000000 0.000000 0.000000 0.000000 0.462279 0.000000 0.000000 0.000000 0.000000 0.000000 0.000000 0.000000 0.000000 0.000000 0.000000 0.000000 0.000000 0.000000 0.400628 0.406802 0.381641 0.000000 0.000000 0.000000 0.000000 0.000000 0.419591 0.000000 0.000000 0.000000 0.000000 0.458843 0.774443 0.933821 0.953388 0.875200 0.830311 0.786619 0.720766 0.787480 0.743988 0.840044 0.886320 0.876771 0.782229 0.631079 0.750674 0.739161 0.687322 0.750218 0.754022 0.743296 0.992408 1.162611 1.078813 0.992965 0.721264 0.655132 0.656781 0.688712 0.698215 0.739347 0.911339 0.859331 0.777905 0.646667 0.494626 0.467932 0.435629 0.404245 0.000000 0.000000 0.000000 0.000000 0.000000 0.000000 0.000000 0.000000 0.000000 0.000000 0.581505 0.701292 0.736581 0.708943 0.668066 0.540822 0.563943 0.601009 0.637594 0.779287 0.614456 0.694799 0.499338 0.657753 1.039465 1.105130 0.902191 0.939922 0.822922 0.616164 0.525679 0.577032 0.533213 0.474006 0.000000 0.000000 0.000000 0.000000 0.000000 0.000000 0.372530 0.465282 0.410916 0.552264 0.832482 0.515511 0.712610 0.971235 0.923582 0.786302 0.717263 0.714212 0.637398 0.803154 0.835607 0.760941 0.637850 0.619622 0.574358 0.000000 0.000000 0.000000 0.000000 0.000000 0.000000 0.413222 0.385588 0.000000 0.000000 0.000000 0.000000 0.000000 0.000000 0.000000 0.000000 0.000000 0.000000 0.443693 0.567897 0.544091 0.454155 0.000000 0.000000 0.000000 0.000000 0.000000 0.000000 0.000000 0.000000 0.000000 0.000000 0.000000 0.000000 0.000000 0.000000 0.000000 0.000000 0.000000 0.000000 0.000000 0.000000 0.000000 0.000000 0.000000 0.000000 0.000000 0.000000 0.000000 0.000000 0.000000 0.000000 0.000000 0.000000 0.000000 0.000000 0.000000 0.000000 0.000000 0.000000 0.000000 0.000000 0.000000 0.000000 0.000000 0.000000 0.000000 0.000000 0.000000 0.000000 0.000000 0.000000 0.000000 0.000000 0.000000 0.000000 0.000000 0.000000 0.000000 0.000000 0.000000 0.000000
0.000000 0.000000 0.000000 0.000000 0.000000 0.000000 0.000000 0.000000 0.000000 0.000000 0.000000 0.000000 0.000000 0.000000 0.000000 0.000000 0.000000 0.000000 0.000000 0.000000 0.000000 0.000000 0.000000 0.000000 0.000000 0.000000 0.000000 0.000000 0.000000 0.000000 0.000000 0.000000 0.000000 0.000000 0.000000 0.000000 0.000000 0.000000 0.000000 0.000000 0.000000 0.000000 0.000000 0.000000 0.000000 0.000000 0.000000 0.507572 0.569122 0.593910 0.575392 0.560970 0.542771 0.467840 0.423784 0.000000 0.000000 0.000000 0.000000 0.000000 0.000000 0.000000 0.000000 0.000000 0.000000 0.000000 0.000000 0.000000 0.000000 0.000000 0.000000 0.000000 0.000000 0.000000 0.000000 0.000000 0.000000 0.000000 0.000000 0.000000 0.000000 0.000000 0.350149 0.000000 0.489918 0.000000 0.000000 0.000000 0.000000 0.000000 0.000000 0.000000 0.000000 0.000000 0.000000 0.000000 0.004000 0.000000 0.000000 0.410715 0.460076 0.609124 0.771580 0.731587 0.766411 0.697153 0.693423 0.622576 0.532471 0.593104 0.688721 0.656447 0.433850 0.448762 0.453175 0.566072 0.773712 0.655560 0.689370 0.688833 0.704322 1.317044 1.104205 1.095989 1.052898 0.456074 0.420231 0.831710 0.816701 0.773602 0.871920 0.818447 0.744920 0.694462 0.573309 0.000000 0.000000 0.000000 0.000000 0.000000 0.000000 0.000000 0.000000 0.000000 0.000000 0.000000 0.000000 0.000000 0.425044 0.672944 0.697099 0.639573 0.540967 0.445959 0.000000 0.000000 0.568405 0.690445 0.666600 0.587736 0.580905 0.628955 0.554224 1.041329 1.112707 0.932417 0.739533 0.815734 0.613144 0.541738 0.454763 0.496379 0.416996 0.000000 0.000000 0.000000 0.000000 0.000000 0.000000 0.000000 0.396898 0.000000 0.000000 0.559086 0.511595 0.766512 0.970835 0.914816 0.667834 0.809914 0.616712 0.467895 0.000000 0.594935 0.661705 0.632724 0.453316 0.000000 0.000000 0.000000 0.000000 0.000000 0.400569 0.413778 0.440108 0.403614 0.000000 0.000000 0.000000 0.000000 0.000000 0.000000 0.000000 0.000000 0.000000 0.450118 0.505038 0.616428 0.572230 0.453479 0.000000 0.000000 0.000000 0.000000 0.000000 0.000000 0.000000 0.000000 0.000000 0.000000 0.000000 0.000000 0.000000 0.000000 0.000000 0.000000 0.000000 0.000000 0.000000 0.000000 0.000000 0.000000 0.000000 0.000000 0.000000 0.000000 0.000000 0.000000 0.000000 0.000000 0.000000 0.000000 0.000000 0.000000 0.000000 0.000000 0.000000 0.000000 0.000000 0.000000 0.000000 0.000000 0.000000 0.000000 0.000000 0.000000 0.000000 0.000000 0.000000 0.000000 0.000000 0.000000 0.000000 0.000000 0.000000 0.000000 0.000000 0.000000 0.000000 0.000000
0.000000 0.000000 0.000000 0.000000 0.000000 0.000000 0.000000 0.000000 0.000000 0.000000 0.000000 0.000000 0.000000 0.000000 0.000000 0.000000 0.000000 0.000000 0.000000 0.000000 0.000000 0.000000 0.000000 0.000000 0.000000 0.000000 0.000000 0.000000 0.000000 0.000000 0.000000 0.000000 0.000000 0.000000 0.000000 0.000000 0.000000 0.000000 0.000000 0.000000 0.000000 0.000000 0.000000 0.000000 0.000000 0.000000 0.538676 0.657133 0.678045 0.630284 0.571233 0.484643 0.000000 0.000000 0.000000 0.000000 0.000000 0.000000 0.000000 0.000000 0.000000 0.000000 0.000000 0.000000 0.000000 0.000000 0.000000 0.000000 0.000000 0.000000 0.000000 0.000000 0.000000 0.000000 0.000000 0.000000 0.000000 0.000000 0.404950 0.416115 0.414059 0.407605 0.389229 0.366326 0.000000 0.000000 0.000000 0.000000 0.000000 0.000000 0.000000 0.000000 0.000000 0.000000 0.000000 0.000000 0.000000 0.004000 0.000000 0.000000 0.408885 0.450834 0.465357 0.461311 0.524336 0.462110 0.459494 0.416450 0.446724 0.000000 0.000000 0.380430 0.000000 0.000000 0.418958 0.474345 0.509457 0.607118 0.629068 0.638869 0.543875 0.784262 1.121257 0.992788 0.852512 0.562288 0.471730 0.509176 0.503734 0.951210 0.913037 0.830555 0.643501 0.559411 0.479831 0.000000 0.000000 0.000000 0.000000 0.000000 0.000000 0.000000 0.000000 0.000000 0.000000 0.000000 0.442529 0.435250 0.465062 0.476705 0.419655 0.425494 0.000000 0.000000 0.000000 0.476778 0.565945 0.747400 0.728276 0.750243 0.614482 0.677979 0.685510 0.880459 0.984871 0.784987 0.671092 0.296128 0.241478 0.526757 0.576299 0.482728 0.857894 0.000000 0.367914 0.000000 0.419554 0.379441 0.000000 0.000000 0.000000 0.000000 0.000000 0.000000 0.500067 0.751548 0.904588 0.808684 0.739503 0.693150 0.600664 0.378142 0.381967 0.496352 0.478843 0.639062 0.233180 0.000000 0.000000 0.000000 0.000000 0.417687 0.461240 0.422898 0.000000 0.000000 0.000000 0.000000 0.000000 0.000000 0.000000 0.000000 0.000000 0.000000 0.000000 0.482853 0.418295 0.000000 0.000000 0.000000 0.000000 0.000000 0.000000 0.000000 0.000000 0.000000 0.000000 0.000000 0.000000 0.000000 0.000000 0.000000 0.000000 0.000000 0.000000 0.000000 0.000000 0.000000 0.000000 0.000000 0.000000 0.000000 0.000000 0.000000 0.000000 0.000000 0.000000 0.000000 0.000000 0.000000 0.000000 0.000000 0.000000 0.000000 0.000000 0.000000 0.000000 0.000000 0.000000 0.000000 0.000000 0.000000 0.000000 0.000000 0.000000 0.000000 0.000000 0.000000 0.000000 0.000000 0.000000 0.000000 0.000000 0.000000 0.000000 0.000000 0.000000 0.000000 0.000000 0.000000
0.000000 0.000000 0.000000 0.000000 0.000000 0.000000 0.000000 0.000000 0.000000 0.000000 0.000000 0.000000 0.000000 0.000000 0.000000 0.000000 0.000000 0.000000 0.000000 0.000000 0.000000 0.000000 0.000000 0.000000 0.000000 0.000000 0.000000 0.000000 0.000000 0.000000 0.000000 0.000000 0.000000 0.000000 0.000000 0.000000 0.000000 0.000000 0.000000 0.000000 0.000000 0.000000 0.000000 0.000000 0.000000 0.508514 0.612406 0.641120 0.561911 0.475023 0.000000 0.000000 0.000000 0.000000 0.000000 0.000000 0.000000 0.000000 0.000000 0.000000 0.000000 0.000000 0.000000 0.000000 0.000000 0.000000 0.000000 0.000000 0.000000 0.000000 0.000000 0.000000 0.000000 0.000000 0.000000 0.000000 0.000000 0.000000 0.000000 0.000000 0.000000 0.000000 0.453634 0.490313 0.471931 0.470596 0.371807 0.430093 0.453033 0.451258 0.429348 0.344370 0.000000 0.000000 0.000000 0.000000 0.000000 0.000000 0.000000 0.000000 0.000000 0.000000 0.000000 0.000000 0.000000 0.000000 0.000000 0.000000 0.000000 0.000000 0.000000 0.000000 0.000000 0.000000 0.000000 0.000000 0.000000 0.420631 0.410684 0.538906 0.546993 0.584076 0.725522 0.728534 0.809902 0.862065 0.889241 0.646626 0.613392 0.780960 0.836093 0.770439 0.674824 0.604218 0.466677 0.000000 0.000000 0.000000 0.000000 0.000000 0.000000 0.000000 0.000000 0.000000 0.000000 0.409837 0.480278 0.465139 0.000000 0.000000 0.000000 0.000000 0.000000 0.000000 0.000000 0.646906 0.608177 0.668581 0.697153 0.742792 0.789659 0.746706 0.746409 0.810513 0.862143 0.701710 0.289229 0.217798 0.172260 0.573472 0.504753 0.445080 0.000000 1.223678 0.497979 0.468191 0.458711 0.419664 0.000000 0.000000 0.000000 0.000000 0.000000 0.000000 0.473396 0.705723 0.927514 0.858175 0.903070 0.750824 0.553897 0.478728 0.430644 0.429112 0.000000 0.000000 0.550101 0.604269 0.000000 0.000000 0.000000 0.518046 0.558902 0.523284 0.000000 0.507845 0.000000 0.000000 0.000000 0.000000 0.000000 0.000000 0.000000 0.000000 0.000000 0.000000 0.000000 0.000000 0.000000 0.000000 0.000000 0.000000 0.000000 0.000000 0.000000 0.000000 0.000000 0.000000 0.000000 0.000000 0.000000 0.000000 0.000000 0.000000 0.000000 0.000000 0.000000 0.000000 0.000000 0.000000 0.000000 0.000000 0.000000 0.000000 0.000000 0.000000 0.000000 0.000000 0.000000 0.000000 0.000000 0.000000 0.000000 0.000000 0.000000 0.000000 0.000000 0.000000 0.000000 0.000000 0.000000 0.000000 0.000000 0.000000 0.000000 0.000000 0.000000 0.000000 0.000000 0.000000 0.000000 0.000000 0.000000 0.000000 0.000000 0.000000 0.000000 0.000000 0.000000 0.000000
0.000000 0.000000 0.000000 0.000000 0.000000 0.000000 0.000000 0.000000 0.000000 0.000000 0.000000 0.000000 0.000000 0.000000 0.000000 0.000000 0.000000 0.000000 0.000000 0.000000 0.000000 0.000000 0.000000 0.000000 0.000000 0.000000 0.000000 0.000000 0.000000 0.000000 0.000000 0.000000 0.000000 0.000000 0.000000 0.000000 0.000000 0.000000 0.000000 0.000000 0.000000 0.000000 0.605002 0.000000 0.000000 0.447072 0.577714 0.630790 0.548921 0.447258 0.000000 0.000000 0.000000 0.000000 0.000000 0.000000 0.000000 0.004000 0.000000 0.393865 0.000000 0.000000 0.000000 0.000000 0.000000 0.000000 0.000000 0.000000 0.000000 0.000000 0.000000 0.000000 0.518809 0.000000 0.000000 0.000000 0.000000 0.000000 0.000000 0.357214 0.508858 0.596660 0.596864 0.591641 0.562389 0.534403 0.575823 0.508769 0.536998 0.520042 0.469645 0.425766 0.000000 0.419474 0.467937 0.475821 0.455145 0.419735 0.392266 0.374414 0.000000 0.000000 0.000000 0.000000 0.000000 0.000000 0.000000 0.000000 0.000000 0.000000 0.000000 0.000000 0.000000 0.000000 0.000000 0.000000 0.000000 0.000000 0.487182 0.528904 0.535128 0.659569 1.102971 0.744709 0.789644 0.654227 0.696734 1.064873 1.070902 1.100186 1.009460 0.896039 0.779429 0.668227 0.472782 0.000000 0.000000 0.517573 0.464233 0.461631 0.428960 0.379809 0.000000 0.000000 0.000000 0.000000 0.000000 0.000000 0.000000 0.000000 0.000000 0.000000 0.000000 0.000000 0.000000 0.587687 1.072805 0.713746 0.704634 0.728226 0.522205 0.815294 0.806126 0.707995 0.596708 0.242167 0.195718 0.152414 0.128141 0.503443 0.414240 0.000000 0.000000 0.483304 0.554377 0.522745 0.570624 0.500037 0.000000 0.000000 0.000000 0.000000 0.000000 0.000000 0.450605 0.634417 0.940013 0.720769 0.682877 0.559376 0.462189 0.560763 0.515824 0.673886 0.000000 0.000000 0.000000 0.538894 0.545677 0.476837 0.403431 0.548243 0.567797 0.567408 0.000000 0.000000 0.000000 0.000000 0.000000 0.000000 0.000000 0.000000 0.000000 0.000000 0.000000 0.000000 0.000000 0.000000 0.000000 0.000000 0.000000 0.000000 0.000000 0.000000 0.000000 0.000000 0.000000 0.000000 0.000000 0.000000 0.000000 0.000000 0.000000 0.000000 0.000000 0.000000 0.000000 0.000000 0.000000 0.000000 0.000000 0.000000 0.000000 0.000000 0.000000 0.000000 0.000000 0.000000 0.000000 0.000000 0.000000 0.000000 0.000000 0.000000 0.000000 0.000000 0.000000 0.000000 0.000000 0.000000 0.000000 0.000000 0.000000 0.000000 0.000000 0.000000 0.000000 0.000000 0.000000 0.000000 0.000000 0.000000 0.000000 0.000000 0.000000 0.000000 0.000000 0.000000 0.000000 0.000000
0.000000 0.000000 0.000000 0.000000 0.000000 0.000000 0.000000 0.000000 0.000000 0.000000 0.000000 0.000000 0.000000 0.000000 0.000000 0.000000 0.000000 0.000000 0.000000 0.000000 0.000000 0.000000 0.000000 0.000000 0.000000 0.000000 0.000000 0.000000 0.000000 0.000000 0.000000 0.000000 0.000000 0.000000 0.000000 0.000000 0.000000 0.000000 0.000000 0.000000 0.000000 0.000000 0.000000 0.000000 0.000000 0.000000 0.370660 0.426135 0.456813 0.449484 0.411931 0.000000 0.000000 0.000000 0.000000 0.000000 0.000000 0.000000 0.403504 0.408889 0.379817 0.000000 0.000000 0.000000 0.000000 0.368541 0.000000 0.000000 0.000000 0.000000 0.000000 0.000000 0.000000 0.000000 0.000000 0.000000 0.000000 0.000000 0.000000 0.004000 0.589836 0.739201 0.540884 0.533696 0.496761 0.297899 0.154481 0.465520 0.608651 0.546128 0.496851 0.485184 0.484158 0.536924 0.544937 0.547357 0.507556 0.463810 0.443634 0.433591 0.415163 0.381920 0.000000 0.000000 0.000000 0.000000 0.000000 0.000000 0.000000 0.000000 0.000000 0.000000 0.000000 0.000000 0.000000 0.000000 0.000000 0.000000 0.000000 0.000000 0.000000 0.442727 0.469070 0.479438 0.683027 0.921708 0.924762 0.989802 1.118724 1.072813 0.974703 0.863123 0.764652 0.655487 0.516300 0.000000 0.564154 0.588680 0.619241 0.573593 0.565197 0.515902 0.431683 0.000000 0.000000 0.000000 0.000000 0.000000 0.000000 0.000000 0.000000 0.000000 0.000000 0.494490 0.614356 0.622124 0.706437 0.690558 0.652734 0.794739 0.846684 0.860681 0.740959 0.508076 0.499275 0.121617 0.574413 0.563746 0.602267 0.490436 0.000000 0.000000 0.000000 0.461636 0.519119 0.522678 0.944891 0.723211 0.000000 0.000000 0.000000 0.000000 0.000000 0.000000 0.428548 0.645366 0.929599 0.723830 0.700193 0.590322 0.519863 0.655974 0.500247 0.561882 0.480253 0.449095 0.411877 0.715047 0.701831 0.610372 0.539565 0.577416 0.513418 0.486585 0.000000 0.000000 0.000000 0.000000 0.000000 0.000000 0.000000 0.000000 0.000000 0.000000 0.000000 0.000000 0.000000 0.000000 0.417503 0.405735 0.000000 0.000000 0.000000 0.000000 0.000000 0.000000 0.000000 0.000000 0.000000 0.000000 0.000000 0.000000 0.000000 0.000000 0.000000 0.000000 0.000000 0.000000 0.000000 0.000000 0.000000 0.000000 0.000000 0.000000 0.000000 0.000000 0.000000 0.000000 0.000000 0.000000 0.000000 0.000000 0.000000 0.000000 0.000000 0.000000 0.000000 0.000000 0.000000 0.000000 0.000000 0.000000 0.000000 0.000000 0.000000 0.000000 0.000000 0.000000 0.000000 0.000000 0.000000 0.000000 0.000000 0.000000 0.000000 0.000000 0.000000 0.000000 0.000000 0.000000
0.000000 0.000000 0.000000 0.000000 0.000000 0.000000 0.000000 0.000000 0.000000 0.000000 0.000000 0.000000 0.000000 0.000000 0.000000 0.000000 0.000000 0.000000 0.000000 0.000000 0.000000 0.000000 0.000000 0.000000 0.000000 0.000000 0.000000 0.000000 0.000000 0.000000 0.000000 0.000000 0.000000 0.000000 0.000000 0.000000 0.000000 0.000000 0.000000 0.402782 0.477574 0.502020 0.492642 0.473543 0.444089 0.372444 0.450645 0.507074 0.521996 0.501031 0.440438 0.000000 0.000000 0.000000 0.000000 0.000000 0.000000 0.000000 0.000000 0.000000 0.000000 0.000000 0.000000 0.000000 0.000000 0.000000 0.000000 0.000000 0.000000 0.000000 0.000000 0.000000 0.000000 0.000000 0.000000 0.000000 0.000000 0.586088 1.105864 0.455689 0.963219 0.660623 0.531360 0.222191 0.221821 0.206598 0.547379 0.518062 0.460967 0.560005 0.548760 0.552563 0.573373 0.530751 0.508997 0.508952 0.462423 0.413470 0.416513 0.411006 0.373597 0.000000 0.000000 0.000000 0.000000 0.000000 0.000000 0.000000 0.000000 0.000000 0.000000 0.410924 0.449488 0.463124 0.458357 0.423374 0.367262 0.000000 0.000000 0.000000 0.000000 0.000000 0.426848 0.437531 0.564804 0.740567 0.797970 0.907865 0.881322 0.824856 0.733462 0.648938 0.662673 0.657086 0.560933 0.488492 0.000000 0.568431 0.729180 0.756124 0.687801 0.568771 0.438624 0.000000 0.000000 0.000000 0.000000 0.000000 0.000000 0.000000 0.635308 0.000000 0.522107 0.683852 0.760790 0.683926 0.740093 0.591879 0.549573 0.584615 0.525456 0.765911 0.655331 0.560980 0.546303 0.106230 0.217224 0.515941 0.558473 0.000000 0.000000 0.000000 0.000000 0.000000 0.000000 0.000000 0.000000 0.000000 0.000000 0.000000 0.000000 0.000000 0.000000 0.000000 0.000000 0.583651 0.861668 0.671916 0.682573 0.609837 0.586524 0.798747 0.788954 0.758700 0.598526 0.634787 0.658021 0.800428 0.777280 0.656146 0.593052 0.577967 0.570122 0.446212 0.000000 0.000000 0.000000 0.000000 0.000000 0.000000 0.000000 0.000000 0.000000 0.000000 0.000000 0.000000 0.000000 0.000000 0.515360 0.488584 0.392911 0.000000 0.000000 0.000000 0.000000 0.000000 0.000000 0.000000 0.000000 0.000000 0.000000 0.000000 0.000000 0.000000 0.000000 0.000000 0.000000 0.000000 0.000000 0.000000 0.000000 0.000000 0.000000 0.000000 0.000000 0.000000 0.000000 0.000000 0.000000 0.000000 0.000000 0.000000 0.000000 0.000000 0.000000 0.000000 0.000000 0.000000 0.000000 0.000000 0.000000 0.000000 0.000000 0.000000 0.000000 0.000000 0.000000 0.000000 0.000000 0.000000 0.000000 0.000000 0.000000 0.000000 0.000000 0.000000 0.000000 0.000000 0.000000 0.000000
0.000000 0.000000 0.000000 0.000000 0.000000 0.000000 0.000000 0.000000 0.000000 0.000000 0.000000 0.000000 0.000000 0.000000 0.000000 0.000000 0.000000 0.000000 0.000000 0.000000 0.000000 0.000000 0.000000 0.000000 0.000000 0.000000 0.000000 0.000000 0.000000 0.000000 0.000000 0.000000 0.000000 0.000000 0.000000 0.000000 0.000000 0.000000 0.450890 0.560315 0.589665 0.574843 0.537086 0.492218 0.454415 0.000000 0.457793 0.498631 0.487978 0.410922 0.000000 0.000000 0.000000 0.000000 0.000000 0.000000 0.000000 0.000000 0.000000 0.000000 0.000000 0.000000 0.000000 0.000000 0.000000 0.000000 0.000000 0.000000 0.000000 0.000000 0.000000 0.000000 0.000000 0.000000 0.000000 0.000000 0.000000 0.000000 0.410599 0.826538 0.572841 0.639354 0.616425 0.673525 0.550079 0.543437 0.536711 0.501959 0.567986 0.549703 0.513111 0.382582 0.381757 0.363632 0.000000 0.000000 0.000000 0.000000 0.000000 0.000000 0.000000 0.000000 0.000000 0.000000 0.000000 0.000000 0.000000 0.000000 0.000000 0.470370 0.557821 0.539779 0.563551 0.566294 0.547532 0.502572 0.430596 0.000000 0.000000 0.000000 0.516234 0.004000 0.000000 0.709862 0.974415 1.036175 1.095581 1.072253 0.966963 0.860716 0.774212 0.725170 0.789449 0.796998 0.760862 0.678704 0.548751 0.632926 0.749544 0.753309 0.652248 0.495612 0.000000 0.000000 0.000000 0.000000 0.000000 0.000000 0.000000 0.620172 0.688656 0.584755 0.623780 0.707661 0.801656 0.833473 0.779711 0.584400 0.552700 0.304089 0.431489 0.779094 0.715209 0.773441 0.716245 0.659829 0.105173 0.487078 0.375043 0.000000 0.000000 0.000000 0.000000 0.000000 0.000000 0.000000 0.000000 0.000000 0.000000 0.000000 0.000000 0.000000 0.000000 0.000000 0.000000 0.450655 0.731301 0.575460 0.606400 0.615115 0.799388 0.771281 0.906557 0.788863 0.713880 0.650625 0.762481 0.803725 0.751505 0.627952 0.554106 0.635922 0.614341 0.507212 0.000000 0.000000 0.000000 0.000000 0.000000 0.000000 0.000000 0.000000 0.000000 0.000000 0.000000 0.000000 0.000000 0.000000 0.561164 0.522882 0.000000 0.000000 0.000000 0.000000 0.000000 0.000000 0.000000 0.000000 0.000000 0.000000 0.000000 0.000000 0.000000 0.000000 0.000000 0.000000 0.000000 0.000000 0.000000 0.000000 0.000000 0.000000 0.000000 0.000000 0.000000 0.000000 0.000000 0.000000 0.000000 0.000000 0.000000 0.000000 0.000000 0.000000 0.000000 0.000000 0.000000 0.000000 0.000000 0.000000 0.000000 0.000000 0.000000 0.000000 0.000000 0.000000 0.000000 0.000000 0.000000 0.000000 0.000000 0.000000 0.000000 0.000000 0.000000 0.000000 0.000000 0.000000 0.000000 0.000000
0.000000 0.000000 0.000000 0.000000 0.000000 0.000000 0.000000 0.000000 0.000000 0.000000 0.000000 0.000000 0.000000 0.000000 0.000000 0.000000 0.000000 0.000000 0.000000 0.000000 0.000000 0.000000 0.000000 0.000000 0.000000 0.000000 0.000000 0.000000 0.000000 0.000000 0.000000 0.000000 0.000000 0.000000 0.000000 0.471173 0.000000 0.000000 0.510790 0.562996 0.545737 0.514863 0.445210 0.000000 0.000000 0.000000 0.000000 0.000000 0.000000 0.000000 0.000000 0.000000 0.000000 0.000000 0.000000 0.000000 0.000000 0.000000 0.000000 0.000000 0.000000 0.000000 0.000000 0.000000 0.000000 0.000000 0.000000 0.000000 0.000000 0.000000 0.000000 0.000000 0.000000 0.417122 0.439647 0.440357 0.414224 0.000000 0.000000 0.000000 0.596526 0.457156 0.520258 0.493364 0.561725 0.565220 0.554607 0.649062 0.635320 0.564394 0.483173 0.396023 0.365749 0.000000 0.000000 0.000000 0.000000 0.363564 0.357108 0.347090 0.000000 0.000000 0.000000 0.000000 0.000000 0.000000 0.000000 0.000000 0.000000 0.389335 0.510081 0.597408 0.619448 0.614658 0.573175 0.509267 0.421042 0.000000 0.000000 0.000000 0.000000 0.000000 0.476533 0.312304 0.556813 0.696137 1.078096 1.026732 1.070026 0.948684 0.838400 0.790196 0.859767 0.908531 0.889825 0.802961 0.697312 0.605103 0.517803 0.381083 0.000000 0.000000 0.000000 0.000000 0.387566 0.422270 0.404468 0.358887 0.547114 0.830559 0.852764 0.764799 0.803980 0.709416 0.784565 0.851890 0.670096 0.258751 0.140801 0.264904 0.734743 0.760635 0.871982 0.590919 0.539302 0.113913 0.518449 0.450989 0.000000 0.000000 0.000000 0.000000 0.000000 0.000000 0.000000 0.000000 0.000000 0.000000 0.000000 0.000000 0.000000 0.000000 0.000000 0.000000 0.661852 0.442104 0.601248 0.648144 0.557320 0.609429 0.808392 0.913489 0.756029 0.653915 0.682891 0.667576 0.678780 0.585998 0.606462 0.580688 0.606011 0.652744 0.644081 0.461029 0.000000 0.000000 0.000000 0.000000 0.000000 0.000000 0.000000 0.000000 0.000000 0.000000 0.000000 0.000000 0.000000 0.000000 0.484052 0.453139 0.000000 0.000000 0.000000 0.000000 0.000000 0.000000 0.000000 0.000000 0.000000 0.000000 0.000000 0.000000 0.000000 0.000000 0.000000 0.000000 0.000000 0.000000 0.000000 0.000000 0.000000 0.000000 0.000000 0.000000 0.000000 0.000000 0.000000 0.000000 0.000000 0.000000 0.000000 0.000000 0.000000 0.000000 0.000000 0.000000 0.000000 0.000000 0.000000 0.000000 0.000000 0.000000 0.000000 0.000000 0.000000 0.000000 0.000000 0.000000 0.000000 0.000000 0.000000 0.000000 0.000000 0.000000 0.000000 0.000000 0.000000 0.000000 0.000000 0.000000
0.000000 0.000000 0.000000 0.000000 0.000000 0.000000 0.000000 0.000000 0.000000 0.000000 0.000000 0.000000 0.000000 0.000000 0.000000 0.000000 0.000000 0.000000 0.000000 0.000000 0.000000 0.000000 0.000000 0.000000 0.000000 0.000000 0.000000 0.000000 0.000000 0.000000 0.000000 0.000000 0.000000 0.000000 0.000000 0.000000 0.000000 0.000000 0.395058 0.424874 0.409866 0.000000 0.000000 0.000000 0.000000 0.000000 0.000000 0.000000 0.000000 0.000000 0.000000 0.000000 0.000000 0.000000 0.000000 0.000000 0.000000 0.000000 0.000000 0.000000 0.000000 0.000000 0.000000 0.000000 0.000000 0.000000 0.000000 0.000000 0.000000 0.000000 0.000000 0.000000 0.000000 0.384411 0.000000 0.000000 0.000000 0.000000 0.000000 0.814707 0.473803 0.463023 0.613425 0.662989 0.776398 0.798894 0.769275 0.720453 0.658164 0.574608 0.498310 0.382247 0.000000 0.000000 0.000000 0.000000 0.373629 0.388620 0.397406 0.380433 0.000000 0.000000 0.000000 0.000000 0.000000 0.000000 0.000000 0.000000 0.000000 0.000000 0.414439 0.492420 0.512844 0.506715 0.465009 0.000000 0.000000 0.000000 0.000000 0.000000 0.000000 0.599857 0.809500 0.304498 0.233315 0.563257 0.642251 0.700262 0.862927 0.908563 0.807210 0.691440 0.570699 0.607227 0.755286 0.847521 0.833601 0.758476 0.673257 0.584390 0.493835 0.372872 0.391980 0.464085 0.487026 0.469921 0.602704 0.519996 0.685802 0.933549 1.006967 0.932675 0.805415 0.655824 0.297769 0.662581 0.315868 0.281429 0.255311 0.649672 0.708264 0.712198 0.642674 0.544183 0.502153 0.546086 0.587505 0.522299 0.431486 0.000000 0.000000 0.000000 0.000000 0.000000 0.000000 0.000000 0.000000 0.000000 0.000000 0.000000 0.000000 0.000000 0.000000 0.000000 0.000000 0.000000 0.443836 0.650155 0.558426 0.613992 0.807054 0.888149 0.738299 0.673268 0.705994 0.623960 0.630471 0.588965 0.539685 0.593907 0.609664 0.611913 0.574849 0.000000 0.000000 0.000000 0.000000 0.000000 0.000000 0.000000 0.000000 0.000000 0.000000 0.000000 0.000000 0.000000 0.000000 0.000000 0.000000 0.000000 0.000000 0.000000 0.000000 0.000000 0.000000 0.000000 0.000000 0.000000 0.000000 0.000000 0.000000 0.000000 0.000000 0.000000 0.000000 0.000000 0.000000 0.000000 0.000000 0.000000 0.000000 0.000000 0.000000 0.000000 0.000000 0.000000 0.000000 0.000000 0.000000 0.000000 0.000000 0.000000 0.000000 0.000000 0.000000 0.000000 0.000000 0.000000 0.000000 0.000000 0.000000 0.000000 0.000000 0.000000 0.000000 0.000000 0.000000 0.000000 0.000000 0.000000 0.000000 0.000000 0.000000 0.000000 0.000000 0.000000 0.000000 0.000000 0.000000 0.000000
0.000000 0.000000 0.000000 0.000000 0.000000 0.000000 0.000000 0.000000 0.000000 0.000000 0.000000 0.000000 0.000000 0.000000 0.000000 0.000000 0.000000 0.000000 0.000000 0.000000 0.000000 0.000000 0.000000 0.000000 0.000000 0.000000 0.000000 0.000000 0.000000 0.000000 0.000000 0.000000 0.000000 0.000000 0.000000 0.000000 0.000000 0.000000 0.000000 0.000000 0.000000 0.000000 0.000000 0.000000 0.000000 0.000000 0.000000 0.000000 0.000000 0.000000 0.000000 0.000000 0.000000 0.000000 0.000000 0.000000 0.000000 0.000000 0.000000 0.000000 0.000000 0.000000 0.000000 0.000000 0.000000 0.000000 0.000000 0.000000 0.000000 0.000000 0.000000 0.000000 0.000000 0.000000 0.592175 0.000000 0.000000 0.000000 0.343162 0.642475 0.585071 0.607975 0.585422 0.555489 0.522421 0.554727 0.613080 0.599110 0.526597 0.461331 0.596817 0.000000 0.000000 0.000000 0.000000 0.000000 0.515133 0.431142 0.504688 0.505237 0.473551 0.437437 0.393916 0.362625 0.000000 0.000000 0.000000 0.395447 0.390255 0.370568 0.000000 0.000000 0.000000 0.000000 0.000000 0.000000 0.000000 0.000000 0.000000 0.758063 0.578623 0.807494 0.960317 0.767154 0.280814 0.173203 0.334430 0.394335 0.490930 0.727089 0.885538 0.794521 0.702068 0.651604 0.748511 0.889818 0.853491 0.808497 0.784771 0.721187 0.623690 0.523324 0.548272 0.545637 0.538102 0.568328 0.697296 0.566711 0.649941 0.972981 1.073841 1.056202 0.956779 0.828476 0.589832 0.234323 0.260197 0.332721 0.361520 0.696519 0.701992 0.803217 0.543520 0.523114 0.619031 0.597437 0.631528 0.560343 0.467747 0.000000 0.000000 0.000000 0.000000 0.000000 0.000000 0.000000 0.000000 0.000000 0.000000 0.000000 0.000000 0.000000 0.000000 0.000000 0.000000 1.208287 0.000000 0.651766 0.687306 0.772535 0.797598 0.810789 0.702549 0.779675 0.692561 0.649445 0.629100 0.539592 0.586795 0.670623 0.596189 0.529115 0.486153 0.000000 0.000000 0.000000 0.000000 0.000000 0.000000 0.000000 0.000000 0.000000 0.000000 0.000000 0.000000 0.000000 0.000000 0.000000 0.000000 0.000000 0.000000 0.000000 0.000000 0.000000 0.000000 0.000000 0.000000 0.000000 0.000000 0.000000 0.000000 0.000000 0.000000 0.000000 0.000000 0.000000 0.000000 0.000000 0.000000 0.000000 0.000000 0.000000 0.000000 0.000000 0.000000 0.000000 0.000000 0.000000 0.000000 0.000000 0.000000 0.000000 0.000000 0.000000 0.000000 0.000000 0.000000 0.000000 0.000000 0.000000 0.000000 0.000000 0.000000 0.000000 0.000000 0.000000 0.000000 0.000000 0.000000 0.000000 0.000000 0.000000 0.000000 0.000000 0.000000 0.000000 0.000000 0.000000 0.000000 0.000000
0.000000 0.000000 0.000000 0.000000 0.000000 0.000000 0.000000 0.000000 0.000000 0.000000 0.000000 0.000000 0.000000 0.000000 0.000000 0.000000 0.000000 0.000000 0.000000 0.000000 0.000000 0.000000 0.000000 0.000000 0.000000 0.000000 0.000000 0.000000 0.000000 0.000000 0.000000 0.000000 0.000000 0.000000 0.000000 0.000000 0.000000 0.000000 0.000000 0.000000 0.000000 0.000000 0.000000 0.000000 0.000000 0.000000 0.000000 0.000000 0.000000 0.000000 0.000000 0.000000 0.000000 0.000000 0.000000 0.000000 0.000000 0.000000 0.000000 0.000000 0.000000 0.000000 0.000000 0.000000 0.000000 0.000000 0.000000 0.000000 0.000000 0.000000 0.000000 0.000000 0.000000 0.000000 0.004000 0.633570 0.447411 0.000000 0.565499 0.920649 0.620760 0.658096 0.755940 0.610131 0.562233 0.513672 0.453642 0.369763 0.360242 0.000000 0.394002 0.000000 0.000000 0.000000 0.000000 0.000000 0.950350 0.587944 0.637599 0.654657 0.574050 0.554025 0.531445 0.468027 0.536353 0.353709 0.442606 0.496929 0.478165 0.451769 0.386956 0.000000 0.000000 0.000000 0.000000 0.161782 0.627442 0.323744 0.549898 0.753124 0.718657 1.054787 0.814289 0.850084 0.821248 0.383510 0.444752 0.348412 0.661899 0.608467 0.742965 0.716920 0.768366 0.708915 0.668050 0.681738 0.739245 0.838786 0.819649 0.738275 0.635068 0.520713 0.414833 0.453106 0.450625 0.410575 0.545670 0.569117 0.622109 0.906909 1.026879 1.089795 0.955103 0.873905 0.785994 0.573198 0.221183 0.296983 0.630749 0.676520 0.791692 0.705299 0.608533 0.489161 0.630994 0.544261 0.550165 0.507559 0.456533 0.000000 0.000000 0.000000 0.000000 0.000000 0.000000 0.000000 0.000000 0.000000 0.000000 0.000000 0.000000 0.000000 0.000000 0.000000 0.000000 0.000000 0.000000 0.000000 0.680057 0.797908 0.786423 0.751615 0.726554 0.665317 0.616791 0.613328 0.653450 0.735514 0.722562 0.659841 0.595726 0.551176 0.387839 0.000000 0.000000 0.000000 0.000000 0.000000 0.000000 0.000000 0.000000 0.000000 0.000000 0.000000 0.000000 0.000000 0.000000 0.000000 0.000000 0.000000 0.000000 0.000000 0.000000 0.000000 0.000000 0.000000 0.000000 0.000000 0.000000 0.000000 0.000000 0.000000 0.000000 0.000000 0.000000 0.000000 0.000000 0.000000 0.000000 0.000000 0.000000 0.000000 0.000000 0.000000 0.000000 0.000000 0.000000 0.000000 0.000000 0.000000 0.000000 0.000000 0.000000 0.000000 0.000000 0.000000 0.000000 0.000000 0.000000 0.000000 0.000000 0.000000 0.000000 0.000000 0.000000 0.000000 0.000000 0.000000 0.000000 0.000000 0.000000 0.000000 0.000000 0.000000 0.000000 0.000000 0.000000 0.000000 0.000000 0.000000
0.000000 0.000000 0.000000 0.000000 0.000000 0.000000 0.000000 0.000000 0.000000 0.000000 0.000000 0.000000 0.000000 0.000000 0.000000 0.000000 0.000000 0.000000 0.000000 0.000000 0.000000 0.000000 0.000000 0.000000 0.000000 0.000000 0.000000 0.000000 0.000000 0.000000 0.000000 0.000000 0.000000 0.000000 0.000000 0.000000 0.000000 0.000000 0.000000 0.000000 0.000000 0.000000 0.000000 0.000000 0.000000 0.000000 0.000000 0.000000 0.000000 0.000000 0.369315 0.379403 0.377296 0.000000 0.000000 0.000000 0.000000 0.000000 0.000000 0.000000 0.000000 0.000000 0.000000 0.000000 0.000000 0.000000 0.000000 0.000000 0.000000 0.000000 0.000000 0.000000 0.000000 0.000000 0.000000 0.860983 0.469465 0.605753 0.597048 0.712853 0.988487 0.679046 0.651160 0.622652 0.567883 0.462241 0.384920 0.000000 0.000000 0.000000 0.000000 0.000000 0.000000 0.000000 0.000000 0.000000 0.619544 0.651963 0.693606 0.668191 0.624184 0.702915 0.669300 0.533587 0.565779 0.469581 0.513814 0.479497 0.448480 0.400901 0.000000 0.000000 0.000000 0.393983 0.394488 0.388864 0.478043 0.000000 0.505580 0.552568 0.699740 0.826277 0.667720 0.587094 0.595071 0.362527 0.510348 0.802653 0.883855 0.813099 0.741485 0.711938 0.743859 0.740023 0.686619 0.627756 0.581141 0.657075 0.591764 0.533735 0.457634 0.000000 0.000000 0.000000 0.000000 0.000000 0.000000 0.447256 0.521549 0.806113 0.941397 0.928510 0.783943 0.752884 0.709307 0.664207 0.635132 0.637308 0.612059 0.719501 0.733109 0.619227 0.519987 0.614457 0.630065 0.542076 0.503761 0.391726 0.000000 0.000000 0.000000 0.000000 0.000000 0.000000 0.000000 0.000000 0.000000 0.000000 0.000000 0.000000 0.000000 0.000000 0.000000 0.000000 0.000000 0.000000 0.000000 0.000000 0.000000 0.596137 0.000000 0.000000 0.454062 0.410288 0.711859 0.737324 0.627589 0.954327 0.816581 0.728645 0.646959 0.512086 0.000000 0.000000 0.000000 0.000000 0.000000 0.000000 0.000000 0.000000 0.000000 0.000000 0.000000 0.000000 0.000000 0.000000 0.000000 0.000000 0.000000 0.000000 0.000000 0.000000 0.000000 0.000000 0.000000 0.000000 0.000000 0.000000 0.000000 0.000000 0.000000 0.000000 0.000000 0.000000 0.000000 0.000000 0.000000 0.000000 0.000000 0.000000 0.000000 0.000000 0.000000 0.000000 0.000000 0.000000 0.000000 0.000000 0.000000 0.000000 0.000000 0.000000 0.000000 0.000000 0.000000 0.000000 0.000000 0.000000 0.000000 0.000000 0.000000 0.000000 0.000000 0.000000 0.000000 0.000000 0.000000 0.000000 0.000000 0.000000 0.000000 0.000000 0.000000 0.000000 0.000000 0.000000 0.000000 0.000000 0.000000 0.000000
0.000000 0.000000 0.000000 0.000000 0.000000 0.000000 0.000000 0.000000 0.000000 0.000000 0.000000 0.000000 0.000000 0.000000 0.000000 0.000000 0.000000 0.000000 0.000000 0.000000 0.000000 0.000000 0.000000 0.000000 0.000000 0.000000 0.000000 0.000000 0.000000 0.000000 0.000000 0.000000 0.000000 0.000000 0.000000 0.000000 0.000000 0.000000 0.000000 0.000000 0.000000 0.440678 0.494638 0.488892 0.449870 0.384050 0.000000 0.392353 0.455136 0.488817 0.501932 0.495226 0.527492 0.527823 0.507315 0.545287 0.480024 0.456505 0.409051 0.000000 0.000000 0.000000 0.000000 0.000000 0.000000 0.000000 0.000000 0.000000 0.000000 0.000000 0.000000 0.000000 0.004000 0.555698 0.568530 0.529967 0.527100 0.811942 0.837108 0.442354 0.622588 0.616863 0.627576 0.566905 0.507915 0.412066 0.000000 0.000000 0.000000 0.000000 0.000000 0.000000 0.000000 0.375599 0.000000 0.000000 0.000000 0.427361 0.557821 0.542628 0.534080 0.536977 0.500059 0.489597 0.531977 0.430847 0.426875 0.104270 0.486975 0.489314 0.476434 0.496823 0.597692 0.591973 0.607188 0.607722 0.511918 0.516301 0.505113 0.590520 0.493290 0.524136 0.186959 0.187769 0.664489 0.755119 0.980676 0.852331 0.862957 0.836652 0.917080 0.687819 0.668844 0.634282 0.594997 0.632714 0.546516 0.490764 0.396121 0.000000 0.000000 0.000000 0.000000 0.000000 0.000000 0.000000 0.528616 0.468084 0.581566 0.773679 0.856271 0.778919 0.853924 0.867046 0.818876 0.760528 0.679068 0.705545 0.846512 0.738512 0.626298 0.575914 0.488475 0.606035 0.645888 0.596433 0.532207 0.442362 0.000000 0.410656 0.000000 0.000000 0.000000 0.000000 0.000000 0.000000 0.000000 0.000000 0.000000 0.000000 0.630565 0.399777 0.000000 0.000000 0.000000 0.000000 0.000000 0.000000 0.000000 0.000000 0.000000 0.000000 0.000000 0.583060 0.777659 0.787983 0.807965 0.989295 0.833914 0.741786 0.580413 0.000000 0.000000 0.000000 0.000000 0.000000 0.000000 0.000000 0.000000 0.000000 0.000000 0.000000 0.000000 0.000000 0.000000 0.000000 0.000000 0.000000 0.000000 0.000000 0.000000 0.000000 0.000000 0.000000 0.000000 0.000000 0.000000 0.000000 0.000000 0.000000 0.000000 0.000000 0.000000 0.000000 0.000000 0.000000 0.000000 0.000000 0.000000 0.000000 0.000000 0.000000 0.000000 0.000000 0.000000 0.000000 0.000000 0.000000 0.000000 0.000000 0.000000 0.000000 0.000000 0.000000 0.000000 0.000000 0.000000 0.000000 0.000000 0.000000 0.000000 0.000000 0.000000 0.000000 0.000000 0.000000 0.000000 0.000000 0.000000 0.000000 0.000000 0.000000 0.000000 0.000000 0.000000 0.000000 0.000000 0.000000 0.000000 0.000000
0.000000 0.000000 0.000000 0.000000 0.000000 0.000000 0.000000 0.000000 0.000000 0.000000 0.000000 0.000000 0.000000 0.000000 0.000000 0.000000 0.000000 0.000000 0.000000 0.000000 0.000000 0.000000 0.000000 0.000000 0.000000 0.000000 0.000000 0.000000 0.000000 0.000000 0.000000 0.000000 0.000000 0.000000 0.000000 0.000000 0.000000 0.000000 0.000000 0.000000 0.512637 0.613873 0.632665 0.615617 0.566117 0.515907 0.539920 0.577598 0.598368 0.582514 0.558157 0.547451 0.542941 0.546299 0.628932 0.625935 0.578149 0.491857 0.426402 0.371248 0.000000 0.000000 0.000000 0.000000 0.000000 0.000000 0.000000 0.000000 0.000000 0.000000 0.000000 0.000000 0.885261 0.517158 0.559322 0.619342 0.551821 0.771687 1.014297 0.649345 0.620895 0.602586 0.589230 0.504180 0.507932 0.674621 0.475214 0.475629 0.424595 0.419956 0.502112 0.556199 0.572681 0.557323 0.502289 0.510213 0.373477 1.195067 0.238102 0.466672 0.550011 0.531769 0.206848 0.298557 0.458153 0.125057 0.119245 0.123532 0.156454 0.531732 0.532273 0.696637 0.746114 0.730254 0.761067 0.752793 0.604217 0.562003 0.583555 0.693098 0.610769 0.341234 0.304970 0.313473 0.468890 0.871677 1.064542 1.046582 1.016465 0.988627 0.933199 0.873834 0.795565 0.707200 0.644644 0.638085 0.596657 0.560687 0.554243 0.516433 0.447573 0.000000 0.000000 0.385936 0.438024 0.471672 0.568723 0.446134 0.646533 0.785137 0.817200 0.740439 0.937840 0.977140 0.578463 0.824500 0.763520 0.936038 0.762203 0.624517 0.614079 0.547325 0.478039 0.532330 0.559819 0.593305 0.623753 0.511408 0.472473 0.499190 0.426859 0.000000 0.000000 0.000000 0.000000 0.000000 0.000000 0.000000 0.000000 0.000000 0.553522 0.000000 0.000000 0.000000 0.000000 0.000000 0.000000 0.000000 0.000000 0.000000 0.000000 0.000000 0.454558 0.640265 0.774940 0.740548 0.583282 0.763833 0.785926 0.702625 0.549140 0.000000 0.000000 0.000000 0.000000 0.000000 0.000000 0.000000 0.000000 0.000000 0.000000 0.000000 0.000000 0.000000 0.000000 0.000000 0.000000 0.000000 0.000000 0.387372 0.000000 0.000000 0.000000 0.000000 0.000000 0.000000 0.000000 0.000000 0.000000 0.000000 0.000000 0.000000 0.000000 0.000000 0.000000 0.000000 0.000000 0.000000 0.000000 0.000000 0.000000 0.000000 0.000000 0.000000 0.000000 0.000000 0.000000 0.000000 0.000000 0.000000 0.000000 0.000000 0.000000 0.000000 0.000000 0.000000 0.000000 0.000000 0.000000 0.000000 0.000000 0.000000 0.000000 0.000000 0.000000 0.000000 0.000000 0.000000 0.000000 0.000000 0.000000 0.000000 0.000000 0.000000 0.000000 0.000000 0.000000 0.000000 0.000000 0.000000
0.000000 0.000000 0.000000 0.000000 0.000000 0.000000 0.000000 0.000000 0.000000 0.000000 0.000000 0.000000 0.000000 0.000000 0.000000 0.000000 0.000000 0.000000 0.000000 0.000000 0.000000 0.000000 0.000000 0.000000 0.000000 0.000000 0.000000 0.000000 0.000000 0.000000 0.000000 0.000000 0.000000 0.000000 0.000000 0.000000 0.000000 0.000000 0.000000 0.405065 0.586590 0.682841 0.689562 0.657551 0.608649 0.568011 0.550626 0.539391 0.518385 0.540259 0.513722 0.455536 0.455879 0.778117 0.575515 0.503923 0.469383 0.412532 0.000000 0.000000 0.000000 0.000000 0.000000 0.000000 0.000000 0.000000 0.000000 0.000000 0.000000 0.000000 0.000000 0.498817 0.004000 0.000000 0.517454 0.000000 0.346028 0.474376 0.579098 0.588491 0.692065 0.695777 0.602661 0.582332 0.581407 0.559513 0.532703 0.503264 0.583660 0.669118 0.702157 0.706675 0.698971 0.664801 0.593348 0.634570 0.515816 0.574924 0.547041 0.564169 0.554975 0.705469 0.750903 0.626452 0.538109 0.208294 0.515867 0.187861 0.218089 0.600665 0.650885 0.783978 0.754352 0.728220 0.690987 0.687295 0.562678 0.405601 0.642997 0.667294 0.959180 0.823394 0.454083 0.538815 0.523449 0.894036 1.060745 1.027831 0.999822 0.987391 0.943335 0.881360 0.789500 0.768067 0.686105 0.647855 0.650733 0.698306 0.733628 0.703169 0.627955 0.536527 0.610127 0.602906 0.611229 0.614506 0.578093 0.660562 0.641837 0.809196 0.799405 0.855606 0.919277 0.588379 0.532057 0.794590 0.777241 0.953400 0.717492 0.606562 0.519064 0.522158 0.511947 0.565310 0.602900 0.594351 0.674119 0.494873 0.510895 0.535763 0.454838 0.000000 0.000000 0.000000 0.000000 0.000000 0.000000 0.000000 0.000000 0.000000 0.000000 0.000000 0.000000 0.000000 0.000000 0.000000 0.000000 0.000000 0.000000 0.711186 0.000000 0.000000 0.479562 0.530707 0.688934 0.839793 0.803061 0.847872 0.902441 0.797110 0.572172 0.000000 0.000000 0.000000 0.000000 0.000000 0.000000 0.000000 0.000000 0.000000 0.000000 0.000000 0.382480 0.000000 0.000000 0.000000 0.000000 0.000000 0.000000 0.000000 0.000000 0.000000 0.000000 0.000000 0.000000 0.000000 0.000000 0.000000 0.000000 0.000000 0.000000 0.000000 0.000000 0.000000 0.000000 0.000000 0.000000 0.000000 0.000000 0.000000 0.000000 0.000000 0.000000 0.000000 0.000000 0.000000 0.000000 0.000000 0.000000 0.000000 0.000000 0.000000 0.000000 0.000000 0.000000 0.000000 0.000000 0.000000 0.000000 0.000000 0.000000 0.000000 0.000000 0.000000 0.000000 0.000000 0.000000 0.000000 0.000000 0.000000 0.000000 0.000000 0.000000 0.000000 0.000000 0.000000 0.000000 0.000000 0.000000 0.000000
0.000000 0.000000 0.000000 0.000000 0.000000 0.000000 0.000000 0.000000 0.000000 0.000000 0.000000 0.000000 0.000000 0.000000 0.000000 0.000000 0.000000 0.000000 0.000000 0.000000 0.000000 0.000000 0.000000 0.000000 0.000000 0.000000 0.000000 0.000000 0.000000 0.000000 0.000000 0.000000 0.000000 0.000000 0.000000 0.000000 0.000000 0.000000 0.000000 0.000000 0.000000 0.000000 0.000000 0.469576 0.515091 0.514580 0.500189 0.466608 0.423067 0.385833 0.000000 0.000000 0.000000 0.000000 0.000000 0.000000 0.000000 0.000000 0.000000 0.000000 0.000000 0.000000 0.000000 0.000000 0.000000 0.000000 0.000000 0.000000 0.000000 0.000000 0.000000 0.000000 0.000000 0.000000 0.000000 0.000000 0.407927 0.653703 0.808471 0.620863 0.610772 0.610284 0.501754 0.497482 0.495340 0.599294 0.567571 0.416986 0.678816 0.728286 0.778931 0.757445 0.721235 0.654578 0.607794 0.598661 0.517731 0.563014 0.541846 0.794828 0.643524 0.509031 0.514520 0.525516 0.079710 0.084492 0.106779 0.452435 0.533703 0.571876 0.551300 0.668368 0.709596 0.738764 0.662357 0.636859 0.630179 0.672150 0.666688 0.610221 0.710123 0.744036 0.745513 0.743865 0.745028 0.750933 0.776483 0.492014 0.999268 0.991764 0.799059 0.712824 0.752149 0.656976 0.588308 0.615258 0.690966 0.771728 0.821496 0.788106 0.701458 0.707368 0.751307 0.728145 0.704867 0.694781 0.728900 0.870980 0.790436 0.743651 0.616076 0.899708 1.043012 0.615888 0.779887 0.727620 0.761552 0.387734 0.303876 0.652297 0.577137 0.455497 0.512645 0.697252 0.655845 0.567324 0.453382 0.000000 0.454459 0.480519 0.398113 0.000000 0.000000 0.000000 0.000000 0.000000 0.000000 0.000000 0.000000 0.000000 0.000000 0.000000 0.000000 0.000000 0.000000 0.000000 0.000000 0.000000 0.000000 0.000000 0.000000 0.000000 0.409470 0.378044 0.718636 0.959349 0.917816 0.929835 0.933272 0.840495 0.674295 0.514825 0.444512 0.419284 0.000000 0.000000 0.000000 0.406392 0.430702 0.533183 0.000000 0.000000 0.000000 0.000000 0.000000 0.000000 0.000000 0.000000 0.000000 0.000000 0.000000 0.000000 0.000000 0.000000 0.000000 0.000000 0.000000 0.000000 0.000000 0.000000 0.000000 0.000000 0.000000 0.000000 0.000000 0.000000 0.000000 0.000000 0.000000 0.000000 0.000000 0.000000 0.000000 0.000000 0.000000 0.000000 0.000000 0.000000 0.000000 0.000000 0.000000 0.000000 0.000000 0.000000 0.000000 0.000000 0.000000 0.000000 0.000000 0.000000 0.000000 0.000000 0.000000 0.000000 0.000000 0.000000 0.000000 0.000000 0.000000 0.000000 0.000000 0.000000 0.000000 0.000000 0.000000 0.000000 0.000000 0.000000 0.000000 0.000000
0.000000 0.000000 0.000000 0.000000 0.000000 0.000000 0.000000 0.000000 0.000000 0.000000 0.000000 0.000000 0.000000 0.000000 0.000000 0.000000 0.000000 0.000000 0.000000 0.000000 0.000000 0.000000 0.000000 0.000000 0.000000 0.000000 0.000000 0.000000 0.000000 0.000000 0.000000 0.000000 0.000000 0.000000 0.000000 0.000000 0.000000 0.000000 0.000000 0.000000 0.000000 0.000000 0.000000 0.000000 0.000000 0.000000 0.000000 0.000000 0.000000 0.000000 0.000000 0.447170 0.000000 0.000000 0.000000 0.000000 0.000000 0.000000 0.000000 0.000000 0.000000 0.000000 0.000000 0.000000 0.000000 0.000000 0.000000 0.000000 0.000000 0.000000 0.580909 0.505265 0.890971 0.507613 0.482471 0.446835 1.019963 0.564344 0.475500 0.552552 0.589559 0.621913 0.641703 0.713172 0.645669 0.506501 0.137905 0.111756 0.556121 0.212340 0.600600 0.460803 0.212809 0.535639 0.460444 0.464871 0.494294 0.512907 0.505943 0.643157 0.646118 0.532757 0.514717 0.665680 0.175577 0.263639 0.729896 0.704591 0.660619 0.592496 0.500004 0.604796 0.733294 0.724172 0.812486 0.788132 0.733186 0.654541 0.564135 0.627605 0.728705 0.286426 0.260835 0.227497 0.248957 0.335771 0.413458 0.499275 0.532928 0.569704 0.759114 0.812570 0.712526 0.618930 0.544756 0.580133 0.595423 0.613229 0.628316 1.103403 0.541084 0.660208 0.697243 0.733088 0.700854 0.678446 0.778221 0.884693 0.933923 0.908175 0.822613 0.679854 1.035768 1.265358 0.929940 0.904865 0.722822 0.240016 0.237737 0.688668 0.227759 0.517082 0.713443 0.765518 0.704501 0.593171 0.461575 0.000000 0.000000 0.000000 0.000000 0.000000 0.000000 0.000000 0.000000 0.000000 0.000000 0.000000 0.000000 0.000000 0.000000 0.000000 0.000000 0.000000 0.000000 0.000000 0.000000 0.000000 0.000000 0.000000 0.000000 0.000000 0.387927 0.391492 0.648587 0.906122 0.874970 0.927640 0.946298 0.899922 0.757564 0.632191 0.480610 0.433776 0.000000 0.000000 0.466393 0.441070 0.450800 0.387537 0.000000 0.000000 0.000000 0.000000 0.000000 0.000000 0.000000 0.000000 0.000000 0.000000 0.000000 0.517229 0.384404 0.363505 0.000000 0.000000 0.000000 0.000000 0.000000 0.000000 0.000000 0.000000 0.000000 0.000000 0.000000 0.000000 0.000000 0.000000 0.000000 0.000000 0.000000 0.000000 0.000000 0.000000 0.000000 0.000000 0.000000 0.000000 0.000000 0.000000 0.000000 0.000000 0.000000 0.000000 0.000000 0.000000 0.000000 0.000000 0.000000 0.000000 0.000000 0.000000 0.000000 0.000000 0.000000 0.000000 0.000000 0.000000 0.000000 0.000000 0.000000 0.000000 0.000000 0.000000 0.000000 0.000000 0.000000 0.000000 0.000000 0.000000
0.000000 0.000000 0.000000 0.000000 0.000000 0.000000 0.000000 0.000000 0.000000 0.000000 0.000000 0.000000 0.000000 0.000000 0.000000 0.000000 0.000000 0.000000 0.000000 0.000000 0.000000 0.000000 0.000000 0.000000 0.000000 0.000000 0.000000 0.000000 0.000000 0.000000 0.000000 0.000000 0.000000 0.000000 0.000000 0.000000 0.000000 0.000000 0.000000 0.000000 0.000000 0.000000 0.000000 0.000000 0.000000 0.000000 0.000000 0.000000 0.000000 0.000000 0.000000 0.000000 0.000000 0.000000 0.000000 0.000000 0.000000 0.000000 0.000000 0.000000 0.000000 0.000000 0.000000 0.463914 0.349128 0.347895 0.346606 0.000000 0.475607 0.812466 0.544962 0.521125 0.502861 0.593314 0.551606 0.524262 0.542028 0.557818 0.555622 0.546379 0.774656 0.487237 0.680739 0.668391 0.934341 0.658328 0.619983 0.591182 0.582868 0.566736 0.590039 0.594910 0.583202 0.549720 0.552846 0.558059 0.560587 0.574276 0.506597 0.497923 0.489532 0.482541 0.678280 1.133345 0.609837 0.712120 0.783278 0.736047 0.659201 0.555089 0.571472 0.581132 0.503072 0.687617 0.691471 0.709023 0.760680 0.754234 0.704212 0.631446 0.671151 0.281595 0.227863 0.261276 0.179349 0.114284 0.133457 0.241741 0.305590 0.338270 0.700524 0.797993 0.578632 0.542734 0.623589 0.564388 0.552700 0.535322 0.456733 0.416003 0.000000 0.000000 0.574877 0.645876 0.571792 0.579558 0.687955 0.698218 0.778978 0.758959 0.662926 0.096824 0.784484 0.970796 0.938761 0.899466 0.668890 0.145652 0.171183 0.306972 0.180191 0.575235 0.608666 0.758456 0.688575 0.541864 0.422677 0.000000 0.000000 0.000000 0.000000 0.000000 0.000000 0.000000 0.000000 0.000000 0.000000 0.000000 0.000000 0.000000 0.000000 0.000000 0.000000 0.000000 0.000000 0.000000 0.000000 0.000000 0.000000 0.000000 0.000000 0.000000 0.000000 0.410621 0.582023 0.854981 0.829273 0.786998 0.888861 0.906910 0.763202 0.561138 0.000000 0.000000 0.000000 0.496428 0.539207 0.480691 0.000000 0.000000 0.000000 0.000000 0.000000 0.000000 0.000000 0.000000 0.000000 0.000000 0.000000 0.000000 0.000000 0.456413 0.419591 0.381493 0.000000 0.000000 0.000000 0.000000 0.000000 0.000000 0.000000 0.000000 0.000000 0.000000 0.000000 0.000000 0.000000 0.000000 0.000000 0.000000 0.000000 0.000000 0.000000 0.000000 0.000000 0.000000 0.000000 0.000000 0.000000 0.000000 0.000000 0.000000 0.000000 0.000000 0.000000 0.000000 0.000000 0.000000 0.000000 0.000000 0.000000 0.000000 0.000000 0.000000 0.000000 0.000000 0.000000 0.000000 0.000000 0.000000 0.000000 0.000000 0.000000 0.000000 0.000000 0.000000 0.000000 0.000000 0.000000 0.000000
0.000000 0.000000 0.000000 0.000000 0.000000 0.000000 0.000000 0.000000 0.000000 0.000000 0.000000 0.000000 0.000000 0.000000 0.000000 0.000000 0.000000 0.000000 0.000000 0.000000 0.000000 0.000000 0.000000 0.000000 0.000000 0.000000 0.000000 0.000000 0.000000 0.000000 0.000000 0.000000 0.000000 0.000000 0.000000 0.000000 0.000000 0.000000 0.000000 0.000000 0.000000 0.000000 0.000000 0.000000 0.000000 0.000000 0.000000 0.000000 0.000000 0.000000 0.000000 0.000000 0.000000 0.000000 0.000000 0.000000 0.000000 0.000000 0.000000 0.000000 0.000000 0.000000 0.454244 0.481200 0.000000 0.000000 0.000000 0.569024 0.000000 0.000000 0.000000 0.534769 0.727125 0.829771 0.610464 0.580976 0.610570 0.642090 0.978490 0.459622 0.586460 0.522121 0.533958 0.540208 0.606854 0.672693 0.684936 0.676097 0.743340 0.697466 0.702324 0.688973 0.749723 0.664675 0.668281 0.672569 0.577323 0.621210 0.569865 0.771304 0.507579 0.501383 0.482383 0.658285 0.575238 0.587418 0.585882 0.551883 0.485504 0.617044 0.653948 0.611680 0.636046 0.672287 0.746906 0.822184 0.840494 0.843843 0.748247 0.799544 0.579498 0.652303 0.685023 0.745159 0.419531 0.301828 0.184421 0.138433 0.241619 0.312461 0.349870 0.828879 0.635418 0.594291 0.552814 0.508602 0.595995 0.504029 0.000000 0.000000 0.000000 0.000000 0.550873 0.643838 0.629163 0.632554 0.560552 0.673149 0.692259 0.150503 0.661793 0.559347 0.711839 1.007782 0.987678 0.928612 0.329047 0.176856 0.183776 0.236715 0.587565 0.729959 0.705549 0.691522 0.598862 0.423496 0.391168 0.000000 0.000000 0.000000 0.000000 0.000000 0.000000 0.000000 0.000000 0.000000 0.000000 0.000000 0.000000 0.000000 0.000000 0.000000 0.000000 0.000000 0.000000 0.000000 0.000000 0.000000 0.000000 0.000000 0.000000 0.000000 0.000000 0.381164 0.597512 0.736268 0.773989 0.701070 0.769339 0.804880 0.708495 0.448704 0.000000 0.000000 0.000000 0.540452 0.535300 0.387208 0.000000 0.000000 0.000000 0.000000 0.000000 0.000000 0.000000 0.000000 0.000000 0.000000 0.000000 0.000000 0.470602 0.490901 0.441677 0.000000 0.000000 0.000000 0.000000 0.000000 0.000000 0.000000 0.000000 0.000000 0.000000 0.000000 0.000000 0.000000 0.000000 0.000000 0.000000 0.000000 0.000000 0.000000 0.000000 0.000000 0.000000 0.000000 0.000000 0.000000 0.000000 0.000000 0.000000 0.000000 0.000000 0.000000 0.000000 0.000000 0.000000 0.000000 0.000000 0.000000 0.000000 0.000000 0.000000 0.000000 0.000000 0.000000 0.000000 0.000000 0.000000 0.000000 0.000000 0.000000 0.000000 0.000000 0.000000 0.000000 0.000000 0.000000 0.000000 0.000000
0.000000 0.000000 0.000000 0.000000 0.000000 0.000000 0.000000 0.000000 0.000000 0.000000 0.000000 0.000000 0.000000 0.000000 0.000000 0.000000 0.000000 0.000000 0.000000 0.000000 0.000000 0.000000 0.000000 0.000000 0.000000 0.000000 0.000000 0.000000 0.000000 0.000000 0.000000 0.000000 0.000000 0.000000 0.000000 0.000000 0.000000 0.000000 0.000000 0.000000 0.000000 0.000000 0.000000 0.000000 0.000000 0.000000 0.000000 0.000000 0.000000 0.000000 0.000000 0.000000 0.000000 0.000000 0.000000 0.000000 0.000000 0.000000 0.000000 0.000000 0.000000 0.000000 0.000000 0.000000 0.000000 0.000000 0.000000 0.000000 0.000000 0.000000 0.547901 0.000000 0.408607 0.524555 0.548360 0.541757 0.491588 0.385221 0.000000 0.000000 0.000000 0.460960 0.499557 0.577381 0.633981 0.749047 0.721781 0.782227 0.868520 0.878856 0.826419 0.849639 0.787981 0.716059 0.493982 0.423076 0.389714 0.371188 0.267671 0.000000 0.431420 0.435988 0.509235 0.572343 0.586771 0.596652 0.612410 0.584982 0.551912 0.631809 0.738409 0.685113 0.680415 0.591956 0.686680 0.774191 0.827351 0.828541 0.724098 0.951810 0.526139 0.555820 0.737915 0.610255 0.657267 0.377611 0.175497 0.156580 0.163091 0.254086 0.367770 0.700866 0.756197 0.740925 0.701254 0.697641 0.617658 0.489884 0.401485 0.000000 0.482563 0.573474 0.656274 0.682715 0.547488 0.586246 0.620969 0.653945 0.631256 0.165652 0.353484 0.369274 0.918662 1.016820 0.846089 0.415120 0.290320 0.292922 0.268012 0.544557 0.702795 0.695633 0.673918 0.571078 0.479156 0.000000 0.000000 0.000000 0.000000 0.000000 0.000000 0.000000 0.000000 0.000000 0.000000 0.000000 0.000000 0.000000 0.000000 0.000000 0.000000 0.000000 0.000000 0.000000 0.000000 0.000000 0.000000 0.000000 0.000000 0.000000 0.000000 0.000000 0.000000 0.000000 0.686090 0.741506 0.789743 0.712570 0.540978 0.666737 0.556358 0.000000 0.000000 0.426489 0.558621 0.591150 0.544268 0.397599 0.000000 0.000000 0.000000 0.000000 0.000000 0.000000 0.000000 0.000000 0.000000 0.000000 0.000000 0.378326 0.553376 0.463639 0.395263 0.000000 0.000000 0.000000 0.000000 0.000000 0.000000 0.000000 0.000000 0.000000 0.000000 0.000000 0.000000 0.000000 0.000000 0.000000 0.000000 0.000000 0.000000 0.000000 0.000000 0.000000 0.000000 0.000000 0.000000 0.000000 0.000000 0.000000 0.000000 0.000000 0.000000 0.000000 0.000000 0.000000 0.000000 0.000000 0.000000 0.000000 0.000000 0.000000 0.000000 0.000000 0.000000 0.000000 0.000000 0.000000 0.000000 0.000000 0.000000 0.000000 0.000000 0.000000 0.000000 0.000000 0.000000 0.000000 0.000000 0.000000
0.000000 0.000000 0.000000 0.000000 0.000000 0.000000 0.000000 0.000000 0.000000 0.000000 0.000000 0.000000 0.000000 0.000000 0.000000 0.000000 0.000000 0.000000 0.000000 0.000000 0.000000 0.000000 0.000000 0.000000 0.000000 0.000000 0.000000 0.000000 0.000000 0.000000 0.000000 0.000000 0.000000 0.000000 0.000000 0.000000 0.000000 0.000000 0.000000 0.000000 0.000000 0.000000 0.000000 0.000000 0.000000 0.000000 0.000000 0.000000 0.000000 0.000000 0.000000 0.000000 0.000000 0.000000 0.000000 0.000000 0.000000 0.000000 0.000000 0.000000 0.000000 0.000000 0.000000 0.000000 0.000000 0.000000 0.000000 0.000000 0.000000 0.000000 0.000000 0.907517 0.396523 0.469290 0.470994 0.401916 0.376284 0.000000 0.953784 0.000000 0.000000 0.004000 0.000000 0.555245 0.639412 0.764716 0.729108 0.666953 0.640430 0.686054 0.708366 0.697649 0.602760 0.513810 0.373629 0.000000 0.000000 0.000000 0.397138 0.475145 0.535602 0.619856 0.658560 0.671111 0.700180 0.698781 0.663143 0.625602 0.561820 0.596126 0.723519 0.708622 0.675537 0.650132 0.612762 0.675495 0.733108 0.758568 0.749547 0.751682 0.682319 0.624163 0.616946 0.521763 0.488269 0.319895 0.294211 0.221288 0.181513 0.228542 0.288312 0.601343 0.543636 0.647708 0.819539 0.837662 0.768644 0.656593 0.527661 0.000000 0.630572 0.690345 0.721191 0.714878 0.725518 0.561388 0.576383 0.741883 0.600637 0.194161 0.662171 0.699751 0.948358 0.988727 0.801241 0.290100 0.260402 0.285466 0.705249 0.625149 0.724086 0.697360 0.593630 0.500611 0.410648 0.000000 0.000000 0.000000 0.000000 0.000000 0.000000 0.000000 0.000000 0.000000 0.000000 0.000000 0.000000 0.000000 0.000000 0.000000 0.000000 0.000000 0.000000 0.000000 0.000000 0.000000 0.000000 0.000000 0.000000 0.000000 0.000000 0.000000 0.000000 0.517641 0.749357 0.744305 0.762427 0.689871 0.485922 0.573447 0.489081 0.000000 0.484133 0.596197 0.680812 0.648900 0.595074 0.488894 0.000000 0.000000 0.000000 0.000000 0.000000 0.000000 0.000000 0.000000 0.000000 0.000000 0.409045 0.477761 0.457741 0.390981 0.000000 0.000000 0.000000 0.000000 0.000000 0.000000 0.000000 0.000000 0.000000 0.000000 0.000000 0.000000 0.000000 0.000000 0.000000 0.000000 0.000000 0.000000 0.000000 0.000000 0.000000 0.000000 0.000000 0.000000 0.000000 0.000000 0.000000 0.000000 0.000000 0.000000 0.000000 0.000000 0.000000 0.000000 0.000000 0.000000 0.000000 0.000000 0.000000 0.000000 0.000000 0.000000 0.000000 0.000000 0.000000 0.000000 0.000000 0.000000 0.000000 0.000000 0.000000 0.000000 0.000000 0.000000 0.000000 0.000000 0.000000 0.000000
0.000000 0.000000 0.000000 0.000000 0.000000 0.000000 0.000000 0.000000 0.000000 0.000000 0.000000 0.000000 0.000000 0.000000 0.000000 0.000000 0.000000 0.000000 0.000000 0.000000 0.000000 0.000000 0.000000 0.000000 0.000000 0.000000 0.000000 0.000000 0.000000 0.000000 0.000000 0.000000 0.000000 0.000000 0.000000 0.000000 0.000000 0.000000 0.000000 0.000000 0.000000 0.000000 0.000000 0.000000 0.000000 0.000000 0.000000 0.000000 0.000000 0.000000 0.000000 0.000000 0.000000 0.000000 0.000000 0.000000 0.000000 0.000000 0.000000 0.000000 0.000000 0.000000 0.000000 0.000000 0.000000 0.000000 0.000000 0.000000 0.000000 0.492551 0.408325 0.367304 0.359725 0.000000 0.000000 0.000000 0.000000 0.000000 0.000000 0.000000 0.000000 0.000000 0.355298 0.524320 0.554326 0.603652 0.638337 0.653999 0.551827 0.527426 0.505382 0.477801 0.440478 0.329330 0.000000 0.000000 0.000000 0.459552 0.389791 0.476502 0.559521 0.698664 0.698275 0.669908 0.706460 0.701767 0.610787 0.562625 0.620724 0.813570 0.797137 0.735540 0.688193 0.626707 0.655644 0.735525 0.741174 0.725316 0.596336 0.697183 0.667577 0.578429 0.661377 0.630956 0.876813 0.906774 0.828960 0.309935 0.253958 0.763455 0.682421 0.639998 0.625308 0.589072 0.764326 0.956412 0.891718 0.792333 0.684958 0.532545 0.641695 0.638854 0.660926 0.675409 0.730866 0.732063 0.695550 0.683883 0.838079 0.907169 0.691221 0.886566 0.867637 0.681351 0.282514 0.215463 0.199636 0.203904 0.628372 0.616310 0.697479 0.590542 0.510859 0.474560 0.365357 0.000000 0.000000 0.000000 0.374367 0.406921 0.404035 0.380678 0.000000 0.000000 0.000000 0.000000 0.000000 0.000000 0.000000 0.000000 0.000000 0.000000 0.000000 0.000000 0.000000 0.000000 0.000000 0.000000 0.000000 0.000000 0.000000 0.000000 0.000000 0.582561 0.697269 0.665288 0.619288 0.415103 0.000000 0.569161 0.518915 0.545071 0.610343 0.684503 0.679028 0.698127 0.496916 0.445857 0.000000 0.000000 0.347414 0.000000 0.000000 0.000000 0.000000 0.000000 0.000000 0.000000 0.476671 0.512199 0.468074 0.000000 0.000000 0.000000 0.000000 0.000000 0.000000 0.000000 0.000000 0.000000 0.000000 0.000000 0.000000 0.000000 0.000000 0.000000 0.000000 0.000000 0.000000 0.000000 0.000000 0.000000 0.000000 0.000000 0.000000 0.000000 0.000000 0.000000 0.000000 0.000000 0.000000 0.000000 0.000000 0.000000 0.000000 0.000000 0.000000 0.000000 0.000000 0.000000 0.000000 0.000000 0.000000 0.000000 0.000000 0.000000 0.000000 0.000000 0.000000 0.000000 0.000000 0.000000 0.000000 0.000000 0.000000 0.000000 0.000000 0.000000 0.000000 0.000000
0.000000 0.000000 0.000000 0.000000 0.000000 0.000000 0.000000 0.000000 0.000000 0.000000 0.000000 0.000000 0.000000 0.000000 0.000000 0.000000 0.000000 0.000000 0.000000 0.000000 0.000000 0.000000 0.000000 0.000000 0.000000 0.000000 0.000000 0.000000 0.000000 0.000000 0.000000 0.000000 0.000000 0.000000 0.000000 0.000000 0.000000 0.000000 0.000000 0.000000 0.000000 0.000000 0.000000 0.000000 0.000000 0.000000 0.000000 0.000000 0.000000 0.000000 0.000000 0.000000 0.000000 0.000000 0.000000 0.000000 0.000000 0.000000 0.000000 0.000000 0.000000 0.000000 0.000000 0.000000 0.000000 0.000000 0.000000 0.490022 0.747647 0.405518 0.508717 0.517942 0.000000 0.000000 0.000000 0.000000 0.000000 0.000000 0.000000 0.000000 0.613271 0.344669 0.402847 0.515938 0.557872 0.513179 0.498936 0.458624 0.484225 0.485345 0.449794 0.000000 0.000000 0.000000 0.000000 0.000000 0.000000 0.000000 0.000000 0.444168 0.540205 0.594724 0.766661 0.696600 0.715755 0.698496 0.634071 0.625478 0.624436 0.655630 0.636762 0.653519 0.580873 0.601652 0.767583 0.811723 0.827496 0.761778 0.708232 0.628231 0.552110 0.603279 0.640785 0.733225 0.779143 0.763106 0.696199 0.649256 0.721579 0.747579 0.774533 0.736273 0.675497 0.468424 0.523815 0.813675 0.842217 0.810486 0.757181 0.701368 1.098973 0.583549 0.672315 0.754287 0.857520 0.806039 0.808567 0.767200 1.006599 0.844772 0.779691 0.785181 0.732530 0.656969 0.171680 0.228448 0.229657 0.210036 0.618921 0.501953 0.612613 0.573487 0.552347 0.487993 0.457134 0.410175 0.000000 0.000000 0.423145 0.452926 0.447158 0.422544 0.395267 0.000000 0.000000 0.000000 0.000000 0.000000 0.000000 0.000000 0.000000 0.000000 0.000000 0.000000 0.447931 0.448653 0.000000 0.000000 0.000000 0.000000 0.000000 0.004000 0.000000 0.558653 0.571956 0.534654 0.422421 0.000000 0.000000 0.552843 0.643825 0.640435 0.660513 0.725142 0.674209 0.674298 0.621744 0.399864 0.382528 0.392378 0.379258 0.000000 0.000000 0.382215 0.420713 0.376183 0.000000 0.000000 0.483239 0.472300 0.380174 0.000000 0.000000 0.000000 0.000000 0.000000 0.000000 0.000000 0.000000 0.000000 0.000000 0.000000 0.000000 0.000000 0.000000 0.000000 0.000000 0.000000 0.000000 0.000000 0.000000 0.000000 0.000000 0.000000 0.000000 0.000000 0.000000 0.000000 0.000000 0.000000 0.000000 0.000000 0.000000 0.000000 0.000000 0.000000 0.000000 0.000000 0.000000 0.000000 0.000000 0.000000 0.000000 0.000000 0.000000 0.000000 0.000000 0.000000 0.000000 0.000000 0.000000 0.000000 0.000000 0.000000 0.000000 0.000000 0.000000 0.000000 0.000000 0.000000
0.000000 0.000000 0.000000 0.000000 0.000000 0.000000 0.000000 0.000000 0.000000 0.000000 0.000000 0.000000 0.000000 0.000000 0.000000 0.000000 0.000000 0.000000 0.000000 0.000000 0.000000 0.000000 0.000000 0.000000 0.000000 0.000000 0.000000 0.000000 0.000000 0.000000 0.000000 0.000000 0.000000 0.000000 0.000000 0.000000 0.000000 0.000000 0.000000 0.000000 0.000000 0.000000 0.000000 0.000000 0.000000 0.000000 0.000000 0.000000 0.000000 0.000000 0.000000 0.000000 0.000000 0.000000 0.000000 0.000000 0.000000 0.000000 0.000000 0.000000 0.000000 0.000000 0.000000 0.000000 0.000000 0.000000 0.454095 0.414415 0.000000 0.367607 0.342542 0.329676 0.000000 0.000000 0.000000 0.000000 0.000000 0.000000 0.000000 0.000000 0.000000 0.000000 1.087514 0.561182 0.463608 0.567332 0.314605 0.428684 0.318007 0.000000 0.000000 0.000000 0.000000 0.000000 0.292379 0.612220 0.577989 0.468001 0.000000 0.351188 0.409321 0.508576 0.685746 0.629442 0.619669 0.602968 0.597521 0.645024 0.513874 0.706222 0.689878 0.671820 0.662607 0.715580 0.772709 0.801387 0.888949 0.839648 0.733964 0.623729 0.513538 0.616595 0.675437 0.665297 0.663573 0.636854 0.553242 0.501749 0.676872 0.707954 0.736779 0.674381 0.577534 0.481717 0.616909 0.719444 0.702009 0.658579 0.482401 0.704818 0.742923 0.677400 0.725878 0.767052 0.786828 0.753032 0.842571 0.873537 0.915679 0.984034 0.804981 0.792719 0.726346 0.646615 0.562435 0.186279 0.228840 0.503204 0.625438 0.636252 0.615797 0.565102 0.575086 0.560360 0.514260 0.450858 0.000000 0.000000 0.449954 0.467197 0.459864 0.440870 0.414667 0.375733 0.000000 0.000000 0.000000 0.000000 0.000000 0.000000 0.000000 0.000000 0.000000 0.000000 0.525302 0.523918 0.420392 0.000000 0.000000 0.436862 0.447987 0.398876 0.513774 0.563847 0.532264 0.498882 0.532603 0.000000 0.440766 0.636928 0.526869 0.633157 0.617087 0.657965 0.630292 0.595977 0.523634 0.000000 0.503818 0.529903 0.402198 0.000000 0.000000 0.437362 0.469276 0.423004 0.000000 0.000000 0.447747 0.390240 0.000000 0.000000 0.000000 0.000000 0.000000 0.000000 0.000000 0.000000 0.000000 0.000000 0.000000 0.000000 0.000000 0.000000 0.000000 0.000000 0.000000 0.000000 0.000000 0.000000 0.000000 0.000000 0.000000 0.000000 0.000000 0.000000 0.000000 0.000000 0.000000 0.000000 0.000000 0.000000 0.000000 0.000000 0.000000 0.000000 0.000000 0.000000 0.000000 0.000000 0.000000 0.000000 0.000000 0.000000 0.000000 0.000000 0.000000 0.000000 0.000000 0.000000 0.000000 0.000000 0.000000 0.000000 0.000000 0.000000 0.000000 0.000000 0.000000 0.000000
0.000000 0.000000 0.000000 0.000000 0.000000 0.000000 0.000000 0.000000 0.000000 0.000000 0.000000 0.000000 0.000000 0.000000 0.000000 0.000000 0.000000 0.000000 0.000000 0.000000 0.000000 0.000000 0.000000 0.000000 0.000000 0.000000 0.000000 0.000000 0.000000 0.000000 0.000000 0.000000 0.000000 0.000000 0.000000 0.000000 0.000000 0.000000 0.000000 0.000000 0.000000 0.000000 0.000000 0.000000 0.000000 0.000000 0.000000 0.000000 0.000000 0.000000 0.000000 0.000000 0.000000 0.000000 0.000000 0.000000 0.000000 0.000000 0.000000 0.000000 0.000000 0.000000 0.000000 0.000000 0.000000 0.000000 0.000000 0.000000 0.439099 0.497996 0.503424 0.511143 0.377731 0.000000 0.000000 0.376706 0.373515 0.000000 0.000000 0.000000 0.000000 0.000000 0.000000 0.000000 0.000000 0.000000 0.000000 0.000000 0.000000 0.000000 0.000000 0.000000 0.000000 0.000000 0.802767 0.876494 0.651190 0.421713 0.355422 0.000000 0.000000 0.424690 0.547209 0.602023 0.605208 0.578042 0.508425 0.497775 0.659842 0.691578 0.672655 0.618492 0.779058 0.808380 0.642894 0.651068 0.625940 0.663456 0.562192 0.436352 0.382130 0.000000 0.589826 0.561072 0.525724 0.448291 0.407112 0.452735 0.562960 0.699688 0.708874 0.678412 0.442240 0.504193 0.591969 0.639672 0.607298 0.585187 0.535943 0.512325 0.568275 0.681550 0.720164 0.719678 0.737806 0.637714 0.759649 0.817874 0.948972 1.001588 0.788840 0.746669 0.703441 0.626309 0.557855 0.240715 0.651812 0.640137 0.497502 0.555709 0.562605 0.621671 0.629053 0.604041 0.543392 0.454468 0.000000 0.000000 0.421002 0.444939 0.445774 0.431518 0.407628 0.000000 0.000000 0.000000 0.000000 0.000000 0.000000 0.000000 0.000000 0.000000 0.000000 0.004000 0.577786 0.615341 0.521484 0.000000 0.000000 0.544402 0.580459 0.560056 0.531715 0.503791 0.571070 0.496957 0.000000 0.482186 0.565832 0.639049 0.463092 0.589142 0.561879 0.495634 0.520121 0.500594 0.407448 0.374281 0.509135 0.516733 0.481571 0.387827 0.403148 0.472664 0.495524 0.444925 0.000000 0.000000 0.000000 0.392615 0.000000 0.000000 0.000000 0.000000 0.000000 0.000000 0.000000 0.000000 0.000000 0.000000 0.000000 0.000000 0.000000 0.000000 0.000000 0.000000 0.000000 0.000000 0.000000 0.000000 0.000000 0.000000 0.000000 0.000000 0.000000 0.000000 0.000000 0.000000 0.000000 0.000000 0.000000 0.000000 0.000000 0.000000 0.000000 0.000000 0.000000 0.000000 0.000000 0.000000 0.000000 0.000000 0.000000 0.000000 0.000000 0.000000 0.000000 0.000000 0.000000 0.000000 0.000000 0.000000 0.000000 0.000000 0.000000 0.000000 0.000000 0.000000 0.000000 0.000000
0.000000 0.000000 0.000000 0.000000 0.000000 0.000000 0.000000 0.000000 0.000000 0.000000 0.000000 0.000000 0.000000 0.000000 0.000000 0.000000 0.000000 0.000000 0.000000 0.000000 0.000000 0.000000 0.000000 0.000000 0.000000 0.000000 0.000000 0.000000 0.000000 0.000000 0.000000 0.000000 0.000000 0.000000 0.000000 0.000000 0.000000 0.000000 0.000000 0.000000 0.000000 0.000000 0.000000 0.000000 0.000000 0.000000 0.000000 0.000000 0.000000 0.000000 0.000000 0.000000 0.000000 0.000000 0.000000 0.000000 0.000000 0.000000 0.000000 0.000000 0.000000 0.000000 0.000000 0.000000 0.000000 0.000000 0.000000 0.500654 0.565378 0.577148 0.564517 0.511595 0.668093 0.922090 0.534891 0.520263 0.500297 0.455692 0.394599 0.000000 0.000000 0.000000 0.000000 0.000000 0.000000 0.000000 0.000000 0.000000 0.000000 0.000000 0.378223 0.376572 0.351256 0.861065 0.696920 0.508703 0.531860 0.505828 0.423275 0.373161 0.000000 0.422765 0.543168 0.601963 0.589074 0.547407 0.519692 0.629660 0.698903 0.680287 0.649521 0.625622 0.637343 0.481091 0.141137 0.129921 0.123627 0.578944 0.794469 0.568668 0.561154 0.478842 0.529857 0.448578 0.424361 0.396347 0.000000 0.000000 0.423013 0.611275 0.581913 0.000000 0.380676 0.513546 0.543914 0.515573 0.466872 0.496762 0.402849 0.524553 0.697742 0.764770 0.723628 0.637607 0.562973 0.660561 0.698244 0.780937 0.915877 0.961821 0.908929 0.864127 0.619166 0.582302 0.580018 0.675878 0.669965 0.536363 0.411032 0.546423 0.627647 0.679601 0.672908 0.613900 0.524759 0.000000 0.000000 0.000000 0.000000 0.398031 0.406267 0.390165 0.000000 0.000000 0.000000 0.000000 0.000000 0.000000 0.000000 0.000000 0.000000 0.000000 0.000000 0.004000 0.561709 0.553720 0.511132 0.430958 0.000000 0.595873 0.699918 0.643412 0.611471 0.469580 0.000000 0.000000 0.000000 0.381523 0.434729 0.432234 0.000000 0.000000 0.000000 0.000000 0.466454 0.433979 0.000000 0.472789 0.569799 0.586561 0.560217 0.475620 0.452777 0.488339 0.485625 0.603726 0.360276 0.000000 0.000000 0.000000 0.000000 0.000000 0.000000 0.000000 0.000000 0.000000 0.000000 0.000000 0.000000 0.000000 0.000000 0.000000 0.000000 0.000000 0.000000 0.000000 0.000000 0.000000 0.000000 0.000000 0.000000 0.000000 0.000000 0.000000 0.000000 0.000000 0.000000 0.000000 0.000000 0.000000 0.000000 0.000000 0.000000 0.000000 0.000000 0.000000 0.000000 0.000000 0.000000 0.000000 0.000000 0.000000 0.000000 0.000000 0.000000 0.000000 0.000000 0.000000 0.000000 0.000000 0.000000 0.000000 0.000000 0.000000 0.000000 0.000000 0.000000 0.000000 0.000000 0.000000
0.000000 0.000000 0.000000 0.000000 0.000000 0.000000 0.000000 0.000000 0.000000 0.000000 0.000000 0.000000 0.000000 0.000000 0.000000 0.000000 0.000000 0.000000 0.000000 0.000000 0.000000 0.000000 0.000000 0.000000 0.000000 0.000000 0.000000 0.000000 0.000000 0.000000 0.000000 0.000000 0.000000 0.000000 0.000000 0.000000 0.000000 0.000000 0.000000 0.000000 0.000000 0.000000 0.000000 0.000000 0.000000 0.000000 0.000000 0.000000 0.000000 0.000000 0.000000 0.000000 0.000000 0.000000 0.000000 0.000000 0.000000 0.000000 0.000000 0.000000 0.000000 0.000000 0.000000 0.000000 0.000000 0.000000 0.476654 0.527498 0.598516 0.563640 0.526183 0.496549 0.902448 0.699903 0.631491 0.600187 0.552118 0.480501 0.387940 0.000000 0.000000 0.000000 0.000000 0.000000 0.000000 0.000000 0.000000 0.390956 0.434662 0.449153 0.461448 0.441504 0.405368 0.421942 0.491696 0.544377 0.604790 0.585883 0.537473 0.421085 0.352826 0.381567 0.416882 0.495626 0.520291 0.640658 0.659118 0.731249 0.724770 0.695199 0.571772 0.566932 0.540234 0.503228 0.524779 0.522211 0.053211 0.140696 0.598953 0.633806 0.594088 0.554871 0.491455 0.418433 0.000000 0.000000 0.000000 0.375376 0.000000 0.000000 0.000000 0.000000 0.000000 0.870822 0.414581 0.000000 0.000000 0.423318 0.628045 0.726448 0.750969 0.687367 0.599685 0.573912 0.583919 0.678893 0.633540 0.768964 0.909528 0.934254 0.838704 0.854718 0.708769 0.592466 0.719932 0.703675 0.603624 0.452329 0.499236 0.635084 0.682980 0.702221 0.686009 0.616514 0.422700 0.000000 0.000000 0.000000 0.000000 0.000000 0.000000 0.000000 0.000000 0.000000 0.000000 0.000000 0.000000 0.000000 0.000000 0.000000 0.000000 0.000000 0.000000 0.477845 0.673213 0.716437 0.630118 0.508090 0.407858 0.545938 0.644381 0.740915 0.915827 0.629418 0.000000 0.000000 0.000000 0.000000 0.000000 0.000000 0.000000 0.000000 0.000000 0.000000 0.466724 0.481466 0.507444 0.579781 0.613309 0.699954 0.665711 0.552917 0.463095 0.407965 0.000000 0.000000 0.000000 0.000000 0.000000 0.000000 0.000000 0.000000 0.000000 0.000000 0.000000 0.000000 0.000000 0.000000 0.000000 0.000000 0.000000 0.000000 0.000000 0.000000 0.000000 0.000000 0.000000 0.407650 0.411570 0.000000 0.000000 0.000000 0.000000 0.000000 0.000000 0.426275 0.000000 0.000000 0.000000 0.000000 0.000000 0.000000 0.000000 0.000000 0.000000 0.000000 0.000000 0.000000 0.000000 0.000000 0.000000 0.000000 0.000000 0.000000 0.000000 0.000000 0.000000 0.000000 0.000000 0.000000 0.000000 0.000000 0.000000 0.000000 0.000000 0.000000 0.000000 0.000000 0.000000 0.000000
0.000000 0.000000 0.000000 0.000000 0.000000 0.000000 0.000000 0.000000 0.000000 0.000000 0.000000 0.000000 0.000000 0.000000 0.000000 0.000000 0.000000 0.000000 0.000000 0.000000 0.000000 0.000000 0.000000 0.000000 0.000000 0.000000 0.000000 0.000000 0.000000 0.000000 0.000000 0.000000 0.000000 0.000000 0.000000 0.000000 0.000000 0.000000 0.000000 0.000000 0.000000 0.000000 0.000000 0.000000 0.000000 0.000000 0.000000 0.000000 0.000000 0.000000 0.000000 0.000000 0.000000 0.000000 0.000000 0.000000 0.000000 0.000000 0.000000 0.000000 0.000000 0.000000 0.000000 0.000000 0.000000 0.000000 0.000000 0.000000 0.422911 0.449047 0.465448 0.536610 0.692038 0.714364 0.684529 0.630732 0.530941 0.406765 0.000000 0.335661 0.349503 0.335168 0.000000 0.375489 0.445322 0.582079 0.370891 0.452426 0.485531 0.492896 0.463640 0.417462 0.466823 0.561356 0.612869 0.669114 0.615266 0.575091 0.545436 0.503540 0.405043 0.374206 0.000000 0.000000 0.568347 0.751125 0.736840 0.816662 0.824249 0.808044 0.591381 0.622480 0.640172 0.627773 0.596543 0.561411 0.516225 0.639411 0.596274 0.591884 0.552639 0.502486 0.434567 0.000000 0.435732 0.000000 0.379839 0.000000 0.000000 0.000000 0.000000 0.000000 0.000000 0.000000 0.560798 0.666361 0.659719 0.720151 0.747184 0.735037 0.671634 0.630838 0.589240 0.575587 0.603232 0.611268 0.590444 0.602750 0.849466 0.834663 0.762550 0.568911 0.636564 0.581362 0.735040 0.649433 0.535525 0.000000 0.512150 0.682750 0.686332 0.653999 0.612697 0.577162 0.000000 0.000000 0.000000 0.000000 0.000000 0.000000 0.000000 0.000000 0.000000 0.000000 0.000000 0.000000 0.000000 0.000000 0.000000 0.000000 0.000000 0.000000 0.383317 0.584587 0.678996 0.743563 0.693415 0.608364 0.463011 0.494859 0.476031 0.458569 0.399247 0.000000 0.000000 0.000000 0.000000 0.000000 0.000000 0.000000 0.136484 0.000000 0.000000 0.000000 0.500323 0.604666 0.653448 0.655616 0.577457 0.779468 0.729715 0.614277 0.465928 0.000000 0.000000 0.000000 0.000000 0.000000 0.000000 0.000000 0.000000 0.000000 0.000000 0.000000 0.000000 0.000000 0.000000 0.000000 0.000000 0.000000 0.000000 0.000000 0.000000 0.000000 0.000000 0.000000 0.000000 0.483991 0.476176 0.417508 0.000000 0.000000 0.000000 0.000000 0.000000 0.000000 0.000000 0.000000 0.000000 0.000000 0.000000 0.000000 0.000000 0.000000 0.000000 0.000000 0.000000 0.000000 0.000000 0.000000 0.000000 0.000000 0.000000 0.000000 0.000000 0.000000 0.000000 0.000000 0.000000 0.000000 0.000000 0.000000 0.000000 0.000000 0.000000 0.000000 0.000000 0.000000 0.000000 0.000000
0.000000 0.000000 0.000000 0.000000 0.000000 0.000000 0.000000 0.000000 0.000000 0.000000 0.000000 0.000000 0.000000 0.000000 0.000000 0.000000 0.000000 0.000000 0.000000 0.000000 0.000000 0.000000 0.000000 0.000000 0.000000 0.000000 0.000000 0.000000 0.000000 0.000000 0.000000 0.000000 0.000000 0.000000 0.000000 0.000000 0.000000 0.000000 0.000000 0.000000 0.000000 0.000000 0.000000 0.000000 0.000000 0.000000 0.000000 0.000000 0.000000 0.000000 0.000000 0.000000 0.000000 0.000000 0.000000 0.000000 0.000000 0.000000 0.000000 0.000000 0.000000 0.000000 0.000000 0.000000 0.487235 0.004000 0.000000 0.397051 0.477229 0.492447 0.511352 0.572860 0.622886 0.599945 0.553477 0.495057 0.403083 0.000000 0.615128 0.372717 0.365203 0.386759 0.560523 0.475395 0.461300 0.416413 0.359150 0.374615 0.401126 0.366499 0.000000 0.000000 0.004000 0.461902 0.523661 0.522190 0.519018 0.516670 0.525089 0.613673 0.516838 0.488843 0.412441 0.000000 0.764233 0.821633 0.642971 0.744897 0.801217 0.724594 0.832058 0.731199 0.709489 0.668388 0.772855 0.707317 0.628699 0.596246 0.496918 0.000000 0.000000 0.413074 0.000000 0.478347 0.586480 0.487240 0.391530 0.000000 0.000000 0.000000 0.000000 0.000000 0.000000 0.469890 0.723292 0.849569 0.777668 0.837246 0.816861 0.702052 0.683244 0.646638 0.635600 0.302620 0.756348 0.790394 0.752313 0.692116 0.345066 0.652660 0.680716 0.672309 0.601258 0.680454 0.658196 0.612437 0.515775 0.000000 0.528790 0.655302 0.634422 0.630525 0.719203 0.659265 0.394167 0.000000 0.000000 0.000000 0.000000 0.000000 0.000000 0.000000 0.000000 0.000000 0.000000 0.000000 0.000000 0.000000 0.000000 0.000000 0.000000 0.000000 0.394323 0.576889 1.150904 0.752598 0.650536 0.589637 0.513689 0.384541 0.000000 0.000000 0.000000 0.000000 0.000000 0.000000 0.000000 0.000000 0.000000 0.000000 0.000000 0.000000 0.000000 0.000000 0.540654 0.755710 0.766414 0.581754 0.634091 0.829056 0.784729 0.665774 0.509055 0.000000 0.000000 0.000000 0.000000 0.000000 0.000000 0.000000 0.000000 0.000000 0.000000 0.000000 0.000000 0.000000 0.000000 0.000000 0.000000 0.000000 0.000000 0.000000 0.422629 0.423569 0.000000 0.000000 0.000000 0.455656 0.434221 0.000000 0.000000 0.000000 0.000000 0.000000 0.000000 0.000000 0.000000 0.000000 0.000000 0.000000 0.000000 0.000000 0.000000 0.000000 0.000000 0.000000 0.000000 0.000000 0.000000 0.000000 0.000000 0.000000 0.000000 0.000000 0.000000 0.000000 0.000000 0.000000 0.000000 0.000000 0.000000 0.000000 0.000000 0.000000 0.000000 0.000000 0.000000 0.000000 0.000000 0.000000
0.000000 0.000000 0.000000 0.000000 0.000000 0.000000 0.000000 0.000000 0.000000 0.000000 0.000000 0.000000 0.000000 0.000000 0.000000 0.000000 0.000000 0.000000 0.000000 0.000000 0.000000 0.000000 0.000000 0.000000 0.000000 0.000000 0.000000 0.000000 0.000000 0.000000 0.000000 0.000000 0.000000 0.000000 0.000000 0.000000 0.000000 0.000000 0.000000 0.000000 0.000000 0.000000 0.000000 0.000000 0.000000 0.000000 0.000000 0.000000 0.000000 0.000000 0.000000 0.000000 0.000000 0.000000 0.000000 0.000000 0.000000 0.000000 0.000000 0.000000 0.417527 0.470306 0.508816 0.505394 0.457265 0.717212 0.462922 0.402312 0.367886 0.750158 0.502848 0.373835 0.398501 0.436148 0.439791 0.407061 0.000000 0.000000 0.000000 0.000000 0.000000 0.000000 0.000000 0.000000 0.465302 0.000000 0.388503 0.425226 0.553306 0.874367 0.526676 0.000000 0.669341 0.448316 0.495288 0.516732 0.527093 0.525436 0.576097 0.585741 0.580722 0.455982 0.414354 0.623607 0.880976 0.950137 0.855006 0.901313 0.909393 0.823915 0.540066 0.642867 0.699443 0.663558 0.640515 0.622633 0.535475 0.411020 0.000000 0.000000 0.000000 0.000000 0.000000 0.536446 0.695865 0.615151 0.431394 0.000000 0.000000 0.000000 0.000000 0.000000 0.000000 0.603581 0.732723 0.898611 0.799757 0.670787 0.584047 0.458747 0.556256 0.562108 0.357697 0.455472 0.843023 0.887697 0.844382 0.384066 0.308471 0.580876 0.530652 0.631400 0.564252 0.516928 0.557161 0.465202 0.402123 0.000000 0.531543 0.625719 0.608633 0.609074 0.731467 0.674863 0.447079 0.000000 0.625607 0.000000 0.000000 0.000000 0.000000 0.000000 0.000000 0.000000 0.000000 0.000000 0.000000 0.000000 0.000000 0.000000 0.000000 0.000000 0.415682 0.757790 0.000000 0.000000 0.000000 0.335531 0.000000 0.000000 0.000000 0.000000 0.000000 0.000000 0.000000 0.000000 0.000000 0.000000 0.000000 0.000000 0.000000 0.000000 0.000000 0.000000 0.599159 0.642291 0.846337 0.654874 0.691195 0.699743 0.788822 0.753657 0.619374 0.420687 0.000000 0.000000 0.000000 0.000000 0.000000 0.000000 0.000000 0.000000 0.000000 0.000000 0.000000 0.000000 0.000000 0.000000 0.000000 0.000000 0.000000 0.404082 0.462948 0.453598 0.000000 0.000000 0.000000 0.000000 0.000000 0.000000 0.000000 0.423705 0.000000 0.000000 0.000000 0.000000 0.000000 0.000000 0.000000 0.000000 0.000000 0.000000 0.000000 0.000000 0.000000 0.000000 0.000000 0.000000 0.000000 0.000000 0.000000 0.000000 0.000000 0.000000 0.000000 0.000000 0.000000 0.000000 0.000000 0.000000 0.000000 0.000000 0.000000 0.000000 0.000000 0.000000 0.000000 0.000000 0.000000 0.000000
0.000000 0.000000 0.000000 0.000000 0.000000 0.000000 0.000000 0.000000 0.000000 0.000000 0.000000 0.000000 0.000000 0.000000 0.000000 0.000000 0.000000 0.000000 0.000000 0.000000 0.000000 0.000000 0.000000 0.000000 0.000000 0.000000 0.000000 0.000000 0.000000 0.000000 0.000000 0.000000 0.000000 0.000000 0.000000 0.000000 0.000000 0.000000 0.000000 0.000000 0.000000 0.000000 0.000000 0.000000 0.000000 0.000000 0.000000 0.000000 0.000000 0.000000 0.000000 0.000000 0.000000 0.000000 0.000000 0.000000 0.000000 0.596259 0.509309 0.550549 0.616023 0.671166 0.675565 0.570868 0.557654 0.542283 0.654761 0.555032 0.422737 0.346268 0.000000 0.000000 0.000000 0.389375 0.391372 0.000000 0.000000 0.000000 0.000000 0.000000 0.000000 0.359621 0.000000 0.000000 0.000000 0.394922 0.423613 0.422486 0.406022 0.364748 0.000000 0.000000 0.374568 0.384022 0.402130 0.417834 0.518005 0.527859 0.498112 0.496856 0.456717 0.000000 0.342828 0.575786 0.825380 0.935544 0.912219 0.791058 0.726394 0.654582 0.604028 0.671117 0.663440 0.608479 0.546919 0.456203 0.000000 0.000000 0.000000 0.000000 0.000000 0.000000 0.000000 0.511231 0.732331 0.699158 0.604406 0.500416 0.458857 0.513645 0.555628 0.626335 0.718867 0.691142 0.735198 0.774436 0.752381 0.538925 0.475415 0.486088 0.624832 0.610273 0.444204 0.668555 0.783734 0.788300 0.768811 0.297242 0.277204 0.555498 0.498812 0.563379 0.533759 0.492255 0.438380 0.395718 0.004000 0.469129 0.552054 0.696550 0.571630 0.554087 0.687562 0.625641 0.456439 0.000000 0.000000 0.000000 0.000000 0.000000 0.000000 0.000000 0.000000 0.000000 0.000000 0.000000 0.000000 0.000000 0.000000 0.000000 0.000000 0.000000 0.000000 0.000000 0.297863 0.736592 0.004000 0.000000 0.000000 0.000000 0.000000 0.000000 0.000000 0.000000 0.000000 0.000000 0.000000 0.000000 0.000000 0.000000 0.000000 0.000000 0.000000 0.401256 0.604945 0.725700 0.748559 0.361369 0.761338 0.747419 0.820404 0.694859 0.589834 0.481634 0.000000 0.000000 0.000000 0.000000 0.000000 0.000000 0.000000 0.000000 0.000000 0.000000 0.000000 0.000000 0.000000 0.000000 0.000000 0.000000 0.000000 0.000000 0.000000 0.000000 0.000000 0.000000 0.000000 0.000000 0.000000 0.000000 0.000000 0.000000 0.000000 0.000000 0.000000 0.000000 0.000000 0.000000 0.000000 0.000000 0.000000 0.000000 0.000000 0.000000 0.000000 0.000000 0.000000 0.000000 0.000000 0.000000 0.000000 0.000000 0.000000 0.000000 0.000000 0.000000 0.000000 0.000000 0.000000 0.000000 0.000000 0.000000 0.000000 0.000000 0.000000 0.000000 0.000000 0.000000 0.000000 0.000000
0.000000 0.000000 0.000000 0.000000 0.000000 0.000000 0.000000 0.000000 0.000000 0.000000 0.000000 0.000000 0.000000 0.000000 0.000000 0.000000 0.000000 0.000000 0.000000 0.000000 0.000000 0.000000 0.000000 0.000000 0.000000 0.000000 0.000000 0.000000 0.000000 0.000000 0.000000 0.000000 0.000000 0.000000 0.000000 0.000000 0.000000 0.000000 0.000000 0.000000 0.000000 0.000000 0.000000 0.000000 0.000000 0.000000 0.000000 0.000000 0.000000 0.000000 0.000000 0.000000 0.000000 0.000000 0.000000 0.000000 0.000000 0.567046 0.638087 0.687618 0.741742 0.704669 0.566845 0.528776 0.486070 0.442425 0.479815 0.342662 0.000000 0.000000 0.000000 0.000000 0.000000 0.410466 0.000000 0.000000 0.000000 0.000000 0.000000 0.000000 0.489280 0.000000 0.449572 0.000000 0.356817 0.408946 0.418983 0.389333 0.339307 0.000000 0.000000 0.350651 0.004000 0.565622 0.000000 0.000000 0.000000 0.349551 0.374737 0.382260 0.371428 0.000000 0.000000 0.000000 0.610864 0.814916 0.844265 0.781251 0.685096 0.572516 0.573831 0.632105 0.606626 0.558192 0.483436 0.411545 0.000000 0.000000 0.000000 0.000000 0.000000 0.000000 0.000000 0.698177 0.877271 0.881377 0.771586 0.678868 0.647440 0.697416 0.757260 0.801046 0.937977 0.767389 0.783140 0.621821 0.595682 0.559234 0.419293 0.748794 0.774269 0.651664 0.466813 0.781935 0.701981 0.373457 0.402806 0.340837 0.317586 0.541014 0.590473 0.542187 0.464681 0.453813 0.417865 0.376153 0.564958 0.714314 0.812576 0.797040 0.716900 0.494582 0.615303 0.569481 0.415278 0.000000 0.000000 0.000000 0.000000 0.000000 0.000000 0.000000 0.000000 0.000000 0.000000 0.000000 0.000000 0.000000 0.000000 0.000000 0.000000 0.000000 0.000000 0.000000 0.000000 0.000000 0.000000 0.000000 0.000000 0.000000 0.000000 0.000000 0.000000 0.000000 0.000000 0.000000 0.000000 0.000000 0.000000 0.000000 0.000000 0.000000 0.000000 0.688237 0.750400 0.800457 0.491617 0.410124 0.848533 0.982696 0.808997 0.643150 0.535344 0.395830 0.000000 0.000000 0.000000 0.000000 0.000000 0.000000 0.000000 0.000000 0.000000 0.000000 0.000000 0.000000 0.000000 0.000000 0.000000 0.000000 0.000000 0.000000 0.000000 0.375950 0.000000 0.000000 0.000000 0.000000 0.000000 0.000000 0.000000 0.000000 0.000000 0.000000 0.000000 0.000000 0.000000 0.000000 0.000000 0.000000 0.000000 0.000000 0.000000 0.000000 0.000000 0.000000 0.000000 0.000000 0.000000 0.000000 0.000000 0.000000 0.000000 0.000000 0.000000 0.000000 0.000000 0.000000 0.000000 0.000000 0.000000 0.000000 0.000000 0.000000 0.000000 0.000000 0.000000 0.000000 0.000000 0.000000
0.000000 0.000000 0.000000 0.000000 0.000000 0.000000 0.000000 0.000000 0.000000 0.000000 0.000000 0.000000 0.000000 0.000000 0.000000 0.000000 0.000000 0.000000 0.000000 0.000000 0.000000 0.000000 0.000000 0.000000 0.000000 0.000000 0.000000 0.000000 0.000000 0.000000 0.000000 0.000000 0.000000 0.000000 0.000000 0.000000 0.000000 0.000000 0.000000 0.000000 0.000000 0.000000 0.000000 0.000000 0.000000 0.000000 0.000000 0.000000 0.000000 0.000000 0.000000 0.000000 0.000000 0.000000 0.000000 0.000000 0.528437 1.633365 0.711316 0.727769 0.684302 0.691372 0.668104 0.497583 0.454882 0.537727 0.000000 0.000000 0.000000 0.000000 0.000000 0.000000 0.000000 0.000000 0.000000 0.000000 0.000000 0.547181 0.000000 0.000000 0.464259 0.000000 0.000000 0.000000 0.360767 0.356707 0.000000 0.000000 0.000000 0.000000 0.000000 0.000000 0.000000 0.000000 0.000000 0.468199 0.000000 0.000000 0.000000 0.000000 0.000000 0.000000 0.000000 0.000000 0.000000 0.531758 0.731471 0.752682 0.698255 0.609021 0.492775 0.552604 0.468514 0.416137 0.384374 0.000000 0.000000 0.000000 0.472834 0.507261 0.460953 0.457259 0.633520 0.899974 1.015981 0.997195 0.863860 0.797822 0.782463 0.786722 0.831221 0.807416 0.811281 0.654523 0.614193 0.676529 0.617028 0.710477 0.757539 0.614134 1.116555 0.783341 0.908037 0.947897 0.890347 0.632914 0.634400 0.340281 0.576360 0.671021 0.569499 0.418753 0.000000 0.000000 0.000000 0.000000 0.638300 0.867312 0.948606 0.888387 0.734301 0.588393 0.622487 0.599526 0.504457 0.000000 0.000000 0.000000 0.000000 0.000000 0.000000 0.000000 0.000000 0.000000 0.000000 0.000000 0.000000 0.000000 0.000000 0.000000 0.000000 0.000000 0.325684 0.000000 0.000000 0.000000 0.000000 0.000000 0.000000 0.000000 0.000000 0.000000 0.000000 0.000000 0.000000 0.000000 0.000000 0.000000 0.000000 0.000000 0.000000 0.439284 0.000000 0.835989 0.802020 0.853089 0.510302 0.504390 0.601493 0.993857 0.802674 0.620669 0.531025 0.000000 0.000000 0.000000 0.000000 0.000000 0.000000 0.000000 0.000000 0.000000 0.000000 0.000000 0.000000 0.000000 0.000000 0.000000 0.000000 0.000000 0.000000 0.000000 0.000000 0.390603 0.380279 0.000000 0.000000 0.000000 0.000000 0.000000 0.000000 0.000000 0.000000 0.000000 0.000000 0.000000 0.000000 0.000000 0.000000 0.000000 0.000000 0.000000 0.000000 0.000000 0.000000 0.000000 0.000000 0.000000 0.000000 0.000000 0.000000 0.000000 0.000000 0.000000 0.000000 0.000000 0.000000 0.000000 0.000000 0.000000 0.000000 0.000000 0.000000 0.000000 0.000000 0.000000 0.000000 0.000000 0.000000 0.000000
0.000000 0.000000 0.000000 0.000000 0.000000 0.000000 0.000000 0.000000 0.000000 0.000000 0.000000 0.000000 0.000000 0.000000 0.000000 0.000000 0.000000 0.000000 0.000000 0.000000 0.000000 0.000000 0.000000 0.000000 0.000000 0.000000 0.000000 0.000000 0.000000 0.000000 0.000000 0.000000 0.000000 0.000000 0.000000 0.000000 0.000000 0.000000 0.000000 0.000000 0.000000 0.000000 0.000000 0.000000 0.000000 0.000000 0.000000 0.000000 0.000000 0.000000 0.000000 0.000000 0.000000 0.000000 0.000000 0.473755 0.000000 0.000000 0.000000 0.000000 0.413968 0.521159 0.495521 0.405011 0.420747 0.199640 0.000000 0.000000 0.000000 0.000000 0.000000 0.000000 0.000000 0.000000 0.000000 0.000000 0.409835 0.803117 0.000000 0.000000 0.000000 0.000000 0.000000 0.000000 0.000000 0.000000 0.000000 0.000000 0.000000 0.000000 0.000000 0.000000 0.000000 0.000000 0.000000 0.000000 0.000000 0.000000 0.004000 0.000000 0.000000 0.000000 0.000000 0.000000 0.000000 0.000000 0.531892 0.623854 0.633597 0.611405 0.551856 0.463630 0.000000 0.342181 0.545561 0.000000 0.382318 0.483078 0.528607 0.552348 0.591081 0.582746 0.500919 0.631436 0.741579 0.730488 0.660493 0.756390 0.766644 0.812610 0.811869 0.726741 0.589785 0.593873 0.576324 0.542209 0.504651 0.521585 0.593562 0.591173 0.297500 0.505375 1.087054 0.850330 0.830471 0.764405 0.703092 0.724914 0.643365 0.579863 0.507792 0.000000 0.000000 0.000000 0.000000 0.754204 0.737033 0.882719 1.032161 0.931786 0.741087 0.641995 0.616593 0.602294 0.520591 0.000000 0.000000 0.000000 0.000000 0.000000 0.000000 0.000000 0.000000 0.000000 0.000000 0.000000 0.000000 0.000000 0.000000 0.000000 0.000000 0.000000 0.000000 0.000000 0.000000 0.000000 0.000000 0.000000 0.000000 0.000000 0.000000 0.000000 0.000000 0.000000 0.000000 0.000000 0.000000 0.000000 0.000000 0.000000 0.000000 0.509144 0.645327 0.991458 0.824087 0.891775 0.466804 0.433267 0.439803 0.804237 0.721991 0.614252 0.442264 0.000000 0.000000 0.000000 0.000000 0.000000 0.000000 0.000000 0.000000 0.000000 0.000000 0.000000 0.000000 0.000000 0.000000 0.000000 0.000000 0.000000 0.000000 0.000000 0.000000 0.380232 0.379204 0.000000 0.000000 0.000000 0.000000 0.000000 0.000000 0.000000 0.000000 0.000000 0.000000 0.000000 0.000000 0.000000 0.000000 0.000000 0.000000 0.000000 0.000000 0.000000 0.000000 0.000000 0.000000 0.000000 0.000000 0.000000 0.000000 0.000000 0.000000 0.000000 0.000000 0.000000 0.000000 0.000000 0.000000 0.000000 0.000000 0.000000 0.000000 0.000000 0.000000 0.000000 0.000000 0.000000 0.000000 0.000000
0.000000 0.000000 0.000000 0.000000 0.000000 0.000000 0.000000 0.000000 0.000000 0.000000 0.000000 0.000000 0.000000 0.000000 0.000000 0.000000 0.000000 0.000000 0.000000 0.000000 0.000000 0.000000 0.000000 0.000000 0.000000 0.000000 0.000000 0.000000 0.000000 0.000000 0.000000 0.000000 0.000000 0.000000 0.000000 0.000000 0.000000 0.000000 0.000000 0.000000 0.000000 0.000000 0.000000 0.000000 0.000000 0.000000 0.000000 0.000000 0.000000 0.000000 0.000000 0.000000 0.000000 0.000000 0.000000 0.000000 0.000000 0.501631 0.551108 0.565817 0.552628 0.509191 0.445254 0.378395 0.000000 0.000000 0.000000 0.000000 0.000000 0.000000 0.000000 0.000000 0.000000 0.000000 0.000000 0.000000 0.000000 0.416773 0.000000 0.000000 0.000000 0.000000 0.000000 0.000000 0.000000 0.000000 0.000000 0.000000 0.000000 0.000000 0.000000 0.000000 0.000000 0.000000 0.000000 0.000000 0.000000 0.000000 0.000000 0.000000 0.000000 0.000000 0.000000 0.000000 0.000000 0.000000 0.000000 0.000000 0.466488 0.484479 0.458421 0.415736 0.000000 0.000000 0.000000 0.000000 0.480113 0.565840 0.597034 0.624184 0.632149 0.592354 0.575367 0.551512 0.530715 0.693230 0.684958 0.613643 0.560966 0.613217 0.559199 0.570101 0.598841 0.612077 0.595815 0.563591 0.544434 0.541809 0.527100 0.091850 0.538474 0.813402 0.906055 0.895374 0.762353 0.754687 0.660872 0.636329 0.544688 0.473258 0.440895 0.000000 0.000000 0.000000 0.435340 0.765086 0.843359 0.975745 1.012726 0.925518 0.757076 0.682182 0.666503 0.583836 0.494543 0.000000 0.000000 0.000000 0.000000 0.000000 0.000000 0.000000 0.000000 0.000000 0.000000 0.000000 0.000000 0.000000 0.000000 0.000000 0.000000 0.000000 0.000000 0.000000 0.000000 0.000000 0.000000 0.000000 0.000000 0.000000 0.000000 0.000000 0.000000 0.000000 0.000000 0.000000 0.000000 0.000000 0.000000 0.000000 0.413745 0.004000 0.661305 0.876954 0.990678 0.797082 0.423520 0.349350 0.625485 0.746181 0.645977 0.576518 0.000000 0.000000 0.000000 0.000000 0.000000 0.000000 0.000000 0.000000 0.000000 0.000000 0.000000 0.000000 0.000000 0.000000 0.000000 0.000000 0.000000 0.000000 0.000000 0.000000 0.000000 0.400109 0.376209 0.000000 0.000000 0.000000 0.000000 0.000000 0.000000 0.000000 0.000000 0.000000 0.000000 0.000000 0.000000 0.000000 0.000000 0.000000 0.000000 0.000000 0.000000 0.000000 0.000000 0.000000 0.000000 0.000000 0.000000 0.000000 0.000000 0.000000 0.000000 0.000000 0.000000 0.000000 0.000000 0.000000 0.000000 0.000000 0.000000 0.000000 0.000000 0.000000 0.000000 0.000000 0.000000 0.000000 0.000000 0.000000
0.000000 0.000000 0.000000 0.000000 0.000000 0.000000 0.000000 0.000000 0.000000 0.000000 0.000000 0.000000 0.000000 0.000000 0.000000 0.000000 0.000000 0.000000 0.000000 0.000000 0.000000 0.000000 0.000000 0.000000 0.000000 0.000000 0.000000 0.000000 0.000000 0.000000 0.000000 0.000000 0.000000 0.000000 0.000000 0.000000 0.000000 0.000000 0.000000 0.000000 0.000000 0.000000 0.000000 0.000000 0.000000 0.000000 0.000000 0.000000 0.000000 0.000000 0.000000 0.000000 0.000000 0.000000 0.000000 0.000000 0.600357 0.709018 0.725304 0.701808 0.662051 0.601281 0.523581 0.444175 0.000000 0.000000 0.000000 0.000000 0.000000 0.000000 0.000000 0.000000 0.000000 0.000000 0.000000 0.000000 0.000000 0.000000 0.000000 0.000000 0.000000 0.000000 0.000000 0.000000 0.000000 0.000000 0.000000 0.000000 0.000000 0.000000 0.000000 0.000000 0.000000 0.000000 0.000000 0.000000 0.000000 0.000000 0.000000 0.000000 0.000000 0.000000 0.000000 0.000000 0.000000 0.000000 0.000000 0.371412 0.000000 0.000000 0.000000 0.000000 0.000000 0.000000 0.000000 0.415823 0.541076 0.599958 0.632168 0.599255 0.640974 0.678621 0.755948 0.785078 0.787711 0.746399 0.680267 0.590470 0.494562 0.461030 0.631077 0.588529 0.613190 0.726970 0.549203 0.520174 0.514049 0.177259 0.614102 0.511029 0.563517 0.740674 0.900423 0.868665 0.715043 0.686967 0.584077 0.507299 0.439152 0.401620 0.000000 0.000000 0.000000 0.000000 0.388095 0.648100 0.929217 0.853120 0.855774 0.807508 0.775376 0.673703 0.665461 0.556121 0.387522 0.000000 0.000000 0.000000 0.000000 0.000000 0.000000 0.000000 0.000000 0.000000 0.000000 0.000000 0.000000 0.000000 0.000000 0.000000 0.000000 0.000000 0.000000 0.000000 0.000000 0.000000 0.000000 0.000000 0.000000 0.000000 0.000000 0.000000 0.000000 0.000000 0.000000 0.000000 0.000000 0.000000 0.000000 0.000000 0.000000 0.000000 0.696241 0.824960 0.749457 0.760377 0.681379 0.653236 0.584021 0.671628 0.633108 0.518865 0.000000 0.000000 0.000000 0.000000 0.000000 0.000000 0.000000 0.000000 0.000000 0.000000 0.000000 0.000000 0.000000 0.000000 0.000000 0.000000 0.000000 0.000000 0.000000 0.000000 0.000000 0.000000 0.000000 0.000000 0.000000 0.000000 0.000000 0.000000 0.000000 0.000000 0.000000 0.000000 0.000000 0.000000 0.000000 0.000000 0.000000 0.000000 0.000000 0.000000 0.000000 0.000000 0.000000 0.000000 0.000000 0.000000 0.000000 0.000000 0.000000 0.000000 0.000000 0.000000 0.000000 0.000000 0.000000 0.000000 0.000000 0.000000 0.000000 0.000000 0.000000 0.000000 0.000000 0.000000 0.000000 0.000000 0.000000 0.000000
0.000000 0.000000 0.000000 0.000000 0.000000 0.000000 0.000000 0.000000 0.000000 0.000000 0.000000 0.000000 0.000000 0.000000 0.000000 0.000000 0.000000 0.000000 0.000000 0.000000 0.000000 0.000000 0.000000 0.000000 0.000000 0.000000 0.000000 0.000000 0.000000 0.000000 0.000000 0.000000 0.000000 0.000000 0.000000 0.000000 0.000000 0.000000 0.000000 0.000000 0.000000 0.000000 0.000000 0.000000 0.000000 0.000000 0.000000 0.000000 0.000000 0.000000 0.000000 0.000000 0.000000 0.000000 0.000000 0.000000 0.761678 0.914493 0.885496 0.803712 0.706831 0.621950 0.537035 0.449652 0.000000 0.000000 0.000000 0.000000 0.000000 0.000000 0.000000 0.000000 0.000000 0.000000 0.000000 0.000000 0.000000 0.000000 0.000000 0.000000 0.000000 0.411480 0.459846 0.450054 0.418369 0.375137 0.000000 0.000000 0.000000 0.000000 0.000000 0.000000 0.000000 0.000000 0.000000 0.000000 0.000000 0.000000 0.000000 0.471252 0.383470 0.000000 0.000000 0.000000 0.000000 0.000000 0.427091 0.451227 0.417185 0.000000 0.000000 0.000000 0.348732 0.000000 0.000000 0.382462 0.458397 0.537754 0.612334 0.717818 0.796760 0.943896 1.005560 0.988798 0.927059 0.832341 0.729082 0.508204 0.631138 0.666468 0.713494 0.701757 0.594317 0.435567 0.556197 0.617030 0.603918 0.535685 0.540736 0.607642 0.663138 0.697836 0.699176 0.670676 0.667619 0.642896 0.621927 0.553865 0.539077 0.401949 0.000000 0.000000 0.432806 0.000000 0.511375 0.773926 0.958033 0.834805 0.670646 0.692885 0.742683 0.687269 0.631646 0.518706 0.411724 0.000000 0.000000 0.000000 0.000000 0.000000 0.000000 0.000000 0.000000 0.000000 0.000000 0.000000 0.000000 0.000000 0.000000 0.000000 0.000000 0.000000 0.000000 0.000000 0.000000 0.000000 0.000000 0.000000 0.000000 0.000000 0.000000 0.000000 0.000000 0.000000 0.000000 0.000000 0.000000 0.000000 0.000000 0.000000 0.000000 0.410942 0.701009 0.781647 0.730481 0.311686 0.640610 0.598113 0.656700 0.614942 0.518798 0.392280 0.000000 0.000000 0.000000 0.000000 0.000000 0.000000 0.000000 0.000000 0.000000 0.000000 0.000000 0.000000 0.000000 0.000000 0.000000 0.000000 0.000000 0.000000 0.000000 0.000000 0.000000 0.000000 0.000000 0.000000 0.000000 0.000000 0.000000 0.000000 0.000000 0.000000 0.000000 0.000000 0.000000 0.000000 0.000000 0.000000 0.000000 0.000000 0.000000 0.000000 0.000000 0.000000 0.000000 0.000000 0.000000 0.000000 0.000000 0.000000 0.000000 0.000000 0.000000 0.000000 0.000000 0.000000 0.000000 0.000000 0.000000 0.000000 0.000000 0.000000 0.000000 0.000000 0.000000 0.000000 0.000000 0.000000 0.000000 0.000000
0.000000 0.000000 0.000000 0.000000 0.000000 0.000000 0.000000 0.000000 0.000000 0.000000 0.000000 0.000000 0.000000 0.000000 0.000000 0.000000 0.000000 0.000000 0.000000 0.000000 0.000000 0.000000 0.000000 0.000000 0.000000 0.000000 0.000000 0.000000 0.000000 0.000000 0.000000 0.000000 0.000000 0.000000 0.000000 0.000000 0.000000 0.000000 0.000000 0.000000 0.000000 0.000000 0.000000 0.000000 0.000000 0.000000 0.000000 0.000000 0.000000 0.000000 0.000000 0.000000 0.000000 0.000000 0.000000 0.000000 0.682212 0.749195 0.683392 0.628633 0.570534 0.490320 0.403197 0.000000 0.000000 0.000000 0.000000 0.000000 0.000000 0.000000 0.000000 0.000000 0.000000 0.000000 0.000000 0.000000 0.000000 0.000000 0.000000 0.000000 0.000000 0.534490 0.532589 0.554163 0.523846 0.484477 0.000000 0.000000 0.000000 0.000000 0.000000 0.000000 0.000000 0.000000 0.000000 0.000000 0.000000 0.382622 0.432422 0.421618 0.382076 0.328521 0.000000 0.000000 0.366768 0.373901 0.538407 0.424805 0.000000 0.000000 0.000000 0.000000 0.000000 0.000000 0.000000 0.000000 0.000000 0.487498 0.580268 0.710383 0.933604 1.004419 1.020409 0.970990 0.882518 0.792654 0.691984 0.643397 0.611057 0.704323 0.778500 0.708598 0.664735 0.508293 0.630031 0.602787 0.545895 0.429382 0.000000 0.000000 0.572249 0.675651 0.662104 0.670583 0.796418 0.737536 0.753423 0.666825 0.589839 0.507101 0.497176 0.683109 0.610638 0.000000 0.594674 0.873839 0.968812 0.840694 0.655365 0.630487 0.591023 0.617791 0.556787 0.504513 0.420207 0.000000 0.000000 0.000000 0.000000 0.000000 0.000000 0.000000 0.000000 0.000000 0.000000 0.000000 0.000000 0.000000 0.000000 0.000000 0.000000 0.000000 0.000000 0.000000 0.000000 0.000000 0.000000 0.000000 0.000000 0.000000 0.000000 0.000000 0.000000 0.000000 0.000000 0.000000 0.000000 0.000000 0.000000 0.424282 0.507869 0.644829 0.718432 0.625713 0.640590 0.594487 0.689023 0.675102 0.631517 0.560451 0.426272 0.000000 0.388322 0.411965 0.380806 0.414132 0.534203 0.357676 0.000000 0.000000 0.000000 0.000000 0.000000 0.000000 0.000000 0.450234 0.474003 0.401725 0.000000 0.000000 0.000000 0.000000 0.000000 0.000000 0.000000 0.000000 0.000000 0.000000 0.000000 0.000000 0.000000 0.000000 0.000000 0.000000 0.000000 0.000000 0.000000 0.000000 0.000000 0.000000 0.000000 0.000000 0.000000 0.000000 0.000000 0.000000 0.000000 0.000000 0.000000 0.000000 0.000000 0.000000 0.000000 0.000000 0.000000 0.000000 0.000000 0.000000 0.000000 0.000000 0.000000 0.000000 0.000000 0.000000 0.000000 0.000000 0.000000 0.000000 0.000000 0.000000
0.000000 0.000000 0.000000 0.000000 0.000000 0.000000 0.000000 0.000000 0.000000 0.000000 0.000000 0.000000 0.000000 0.000000 0.000000 0.000000 0.000000 0.000000 0.000000 0.000000 0.000000 0.000000 0.000000 0.000000 0.000000 0.000000 0.000000 0.000000 0.000000 0.000000 0.000000 0.000000 0.000000 0.000000 0.000000 0.000000 0.000000 0.000000 0.000000 0.000000 0.000000 0.000000 0.000000 0.000000 0.000000 0.000000 0.000000 0.000000 0.000000 0.000000 0.000000 0.000000 0.000000 0.000000 0.000000 0.000000 0.416936 0.400428 0.421702 0.402738 0.000000 0.000000 0.000000 0.000000 0.000000 0.000000 0.000000 0.000000 0.000000 0.000000 0.000000 0.000000 0.000000 0.000000 0.000000 0.000000 0.000000 0.000000 0.000000 0.000000 0.000000 0.000000 0.000000 0.000000 0.000000 0.370159 0.000000 0.000000 0.000000 0.000000 0.000000 0.000000 0.000000 0.000000 0.000000 0.000000 0.701155 0.548862 0.450905 0.408846 0.364539 0.340491 0.000000 0.000000 0.394215 0.418467 0.422761 0.403516 0.356397 0.000000 0.000000 0.000000 0.000000 0.000000 0.000000 0.004000 0.562873 0.656703 0.799527 1.068174 1.166727 1.067624 0.989321 0.898052 0.811845 0.731007 0.645467 0.597070 0.541078 0.560801 0.620345 0.747812 0.716350 0.652683 0.648006 0.602570 0.543554 0.000000 0.000000 0.523077 0.000000 0.600933 0.589331 0.496857 0.711466 0.776247 0.300508 0.648391 0.625807 0.687935 0.671914 0.835411 0.796373 0.605897 0.574690 0.862310 0.903384 0.813894 0.666333 0.657895 0.602373 0.515877 0.467954 0.431774 0.000000 0.000000 0.000000 0.000000 0.000000 0.000000 0.000000 0.000000 0.000000 0.000000 0.000000 0.000000 0.000000 0.000000 0.000000 0.000000 0.000000 0.000000 0.000000 0.000000 0.000000 0.000000 0.324717 0.387032 0.000000 0.000000 0.000000 0.000000 0.000000 0.000000 0.000000 0.000000 0.000000 0.000000 0.000000 0.541325 0.622647 0.705113 0.645215 0.500795 0.773003 0.751992 0.682789 0.647752 0.587237 0.460688 0.000000 0.417808 0.533056 0.549677 0.506834 0.656413 0.523310 0.457728 0.000000 0.000000 0.000000 0.000000 0.000000 0.000000 0.467778 0.575661 0.571321 0.506867 0.453438 0.456062 0.393244 0.000000 0.000000 0.000000 0.000000 0.000000 0.000000 0.000000 0.000000 0.000000 0.000000 0.000000 0.000000 0.000000 0.000000 0.000000 0.000000 0.000000 0.000000 0.000000 0.000000 0.000000 0.000000 0.000000 0.000000 0.000000 0.000000 0.000000 0.000000 0.000000 0.000000 0.000000 0.000000 0.000000 0.000000 0.000000 0.000000 0.000000 0.000000 0.000000 0.000000 0.000000 0.000000 0.000000 0.000000 0.000000 0.000000 0.000000 0.000000 0.000000
0.000000 0.000000 0.000000 0.000000 0.000000 0.000000 0.000000 0.000000 0.000000 0.000000 0.000000 0.000000 0.000000 0.000000 0.000000 0.000000 0.000000 0.000000 0.000000 0.000000 0.000000 0.000000 0.000000 0.000000 0.000000 0.000000 0.000000 0.000000 0.000000 0.000000 0.000000 0.000000 0.000000 0.000000 0.000000 0.000000 0.000000 0.000000 0.000000 0.000000 0.000000 0.000000 0.000000 0.000000 0.000000 0.000000 0.000000 0.000000 0.000000 0.000000 0.000000 0.000000 0.000000 0.000000 0.000000 0.000000 0.000000 0.000000 0.000000 0.000000 0.000000 0.000000 0.000000 0.000000 0.000000 0.000000 0.000000 0.000000 0.000000 0.000000 0.000000 0.000000 0.000000 0.000000 0.000000 0.000000 0.000000 0.000000 0.000000 0.000000 0.367122 0.000000 0.000000 0.000000 0.369409 0.405086 0.631873 0.407715 0.000000 0.000000 0.000000 0.000000 0.000000 0.479761 0.542143 0.421484 0.445852 0.452452 0.399485 0.378165 0.344586 0.000000 0.000000 0.389863 0.429487 0.488934 0.478211 0.475625 0.372216 0.000000 0.000000 0.000000 0.421084 0.000000 0.000000 0.000000 0.737694 0.826867 1.065765 1.155690 1.035370 0.964067 0.905689 0.845134 0.780346 0.713369 0.638773 0.622784 0.570610 0.512459 0.384017 0.000000 0.390900 0.000000 0.000000 0.518125 0.000000 0.000000 0.000000 0.000000 0.000000 0.000000 0.325517 0.543296 0.694252 0.733402 0.809560 0.825416 0.962258 0.647785 0.647629 1.010207 0.903820 0.735270 0.610398 0.775398 0.727128 0.691327 0.680900 0.638524 0.602446 0.523731 0.434252 0.000000 0.000000 0.000000 0.000000 0.000000 0.000000 0.000000 0.000000 0.000000 0.000000 0.000000 0.000000 0.000000 0.000000 0.000000 0.000000 0.000000 0.000000 0.000000 0.000000 0.000000 0.000000 0.000000 0.000000 0.000000 0.000000 0.000000 0.000000 0.000000 0.000000 0.000000 0.000000 0.000000 0.000000 0.000000 0.456548 0.607802 0.691148 0.686434 0.635847 0.598323 0.703533 0.731527 0.724316 0.605413 0.433450 0.387263 0.406008 0.544509 0.630989 0.707195 0.643276 0.774118 0.577346 0.509274 0.503159 0.396810 0.000000 0.390408 0.417559 0.000000 0.542699 0.624376 0.599762 0.541046 0.526363 0.501365 0.409714 0.000000 0.000000 0.000000 0.000000 0.000000 0.000000 0.000000 0.000000 0.000000 0.000000 0.000000 0.000000 0.000000 0.000000 0.000000 0.000000 0.000000 0.000000 0.000000 0.000000 0.000000 0.000000 0.000000 0.000000 0.000000 0.000000 0.000000 0.000000 0.000000 0.000000 0.000000 0.000000 0.000000 0.000000 0.000000 0.000000 0.000000 0.000000 0.000000 0.000000 0.000000 0.000000 0.000000 0.000000 0.000000 0.000000 0.000000 0.000000 0.000000
0.000000 0.000000 0.000000 0.000000 0.000000 0.000000 0.000000 0.000000 0.000000 0.000000 0.000000 0.000000 0.000000 0.000000 0.000000 0.000000 0.000000 0.000000 0.000000 0.000000 0.000000 0.000000 0.000000 0.000000 0.000000 0.000000 0.000000 0.000000 0.000000 0.000000 0.000000 0.000000 0.000000 0.000000 0.000000 0.000000 0.000000 0.000000 0.000000 0.000000 0.000000 0.000000 0.000000 0.000000 0.000000 0.000000 0.000000 0.000000 0.000000 0.000000 0.000000 0.379115 0.369790 0.000000 0.000000 0.000000 0.396118 0.424346 0.416867 0.371505 0.000000 0.000000 0.000000 0.000000 0.000000 0.000000 0.000000 0.000000 0.000000 0.000000 0.000000 0.450191 0.468359 0.466510 0.430369 0.365044 0.000000 0.000000 0.000000 0.000000 0.000000 0.000000 0.000000 0.000000 0.000000 0.425312 0.442738 0.449886 0.450881 0.423722 0.410321 0.403236 0.374787 0.344569 0.000000 0.000000 0.000000 0.000000 0.354942 0.354741 0.000000 0.475655 0.527543 0.498778 0.494932 0.519142 0.476433 0.433242 0.000000 0.396026 0.404603 0.000000 0.385790 0.000000 0.000000 0.000000 0.701340 0.927735 1.068415 1.092535 0.963271 0.914369 0.948251 0.889831 0.758391 0.701393 0.640684 0.595362 0.453372 0.441092 0.530181 0.534606 0.414981 0.000000 0.000000 0.000000 0.000000 0.000000 0.411987 0.510748 0.495173 0.455440 0.599764 0.715415 0.984869 0.914769 0.926109 1.126173 0.885067 0.331454 0.772719 0.885132 0.790625 0.827311 0.663247 0.631550 0.616898 0.649278 0.612528 0.545638 0.525494 0.472950 0.000000 0.000000 0.000000 0.000000 0.000000 0.000000 0.000000 0.000000 0.000000 0.000000 0.000000 0.000000 0.000000 0.000000 0.000000 0.000000 0.000000 0.000000 0.000000 0.000000 0.000000 0.000000 0.000000 0.000000 0.499092 0.404633 0.000000 0.000000 0.000000 0.000000 0.000000 0.000000 0.000000 0.000000 0.000000 0.392633 0.483576 0.651900 0.672926 0.657372 0.602975 0.582953 0.693852 0.727311 0.636563 0.548903 0.558347 0.553109 0.518051 0.648751 0.693422 0.684892 0.731667 0.884215 0.771151 0.643300 0.516097 0.408280 0.000000 0.000000 0.000000 0.000000 0.418426 0.560263 0.547510 0.497806 0.521004 0.453798 0.000000 0.000000 0.000000 0.000000 0.000000 0.000000 0.000000 0.000000 0.000000 0.000000 0.000000 0.000000 0.000000 0.000000 0.000000 0.000000 0.000000 0.000000 0.000000 0.000000 0.000000 0.000000 0.000000 0.000000 0.000000 0.000000 0.000000 0.000000 0.000000 0.000000 0.000000 0.000000 0.000000 0.000000 0.000000 0.000000 0.000000 0.000000 0.000000 0.000000 0.000000 0.000000 0.000000 0.000000 0.000000 0.000000 0.000000 0.000000 0.000000 0.000000
0.000000 0.000000 0.000000 0.000000 0.000000 0.000000 0.000000 0.000000 0.000000 0.000000 0.000000 0.000000 0.000000 0.000000 0.000000 0.000000 0.000000 0.000000 0.000000 0.000000 0.000000 0.000000 0.000000 0.000000 0.000000 0.000000 0.000000 0.000000 0.000000 0.000000 0.395782 0.405954 0.383237 0.349277 0.000000 0.000000 0.000000 0.000000 0.000000 0.000000 0.000000 0.000000 0.000000 0.000000 0.000000 0.000000 0.000000 0.000000 0.000000 0.421113 0.560556 0.582666 0.548373 0.474867 0.000000 0.458341 0.515861 0.517919 0.493750 0.419419 0.000000 0.000000 0.000000 0.000000 0.000000 0.000000 0.000000 0.000000 0.000000 0.000000 0.424378 0.714323 0.555038 0.519183 0.478007 0.932698 0.000000 0.632297 0.454515 0.393954 0.000000 0.000000 0.000000 0.000000 0.000000 0.000000 0.000000 0.000000 0.000000 0.000000 0.000000 0.000000 0.000000 0.000000 0.000000 0.000000 0.000000 0.000000 0.000000 0.000000 0.457485 0.541231 0.603871 0.562011 0.485188 0.454742 0.395825 0.000000 0.000000 0.000000 0.394181 0.541847 0.563607 1.034812 0.449477 0.000000 0.516511 0.753366 0.913758 0.909703 0.932225 0.888593 0.678199 0.314749 0.619254 0.607230 0.569978 0.532625 0.526823 0.508747 0.603088 0.610205 0.550456 0.422289 0.000000 0.000000 0.000000 0.000000 0.446525 0.545975 0.538372 0.633483 0.707596 0.888271 1.125436 1.237973 1.234150 0.999504 0.967330 0.937659 0.735243 1.135331 0.979991 0.771100 0.610203 0.621888 0.487881 0.550338 0.409296 0.359839 0.361797 0.000000 0.000000 0.000000 0.000000 0.000000 0.000000 0.000000 0.000000 0.000000 0.000000 0.000000 0.000000 0.000000 0.000000 0.000000 0.000000 0.000000 0.000000 0.000000 0.000000 0.000000 0.000000 0.000000 0.396627 0.578879 0.597535 0.550479 0.399753 0.000000 0.000000 0.000000 0.000000 0.000000 0.000000 0.000000 0.000000 0.379337 0.000000 0.576161 0.484445 0.490670 0.494679 0.616618 0.695931 0.641590 0.589130 0.666447 0.649942 0.623407 0.634500 0.700660 0.693010 0.823885 0.675046 0.739241 0.665579 0.582603 0.514363 0.000000 0.000000 0.374060 0.388184 0.378479 0.000000 0.000000 0.000000 0.000000 0.000000 0.000000 0.000000 0.000000 0.000000 0.000000 0.000000 0.000000 0.000000 0.000000 0.000000 0.000000 0.000000 0.000000 0.000000 0.000000 0.000000 0.000000 0.000000 0.000000 0.000000 0.000000 0.000000 0.000000 0.000000 0.000000 0.000000 0.000000 0.000000 0.000000 0.000000 0.000000 0.000000 0.000000 0.000000 0.000000 0.000000 0.000000 0.000000 0.000000 0.000000 0.000000 0.000000 0.000000 0.000000 0.000000 0.000000 0.000000 0.000000 0.000000 0.000000 0.000000
0.000000 0.000000 0.000000 0.000000 0.000000 0.000000 0.000000 0.000000 0.000000 0.000000 0.000000 0.000000 0.000000 0.000000 0.000000 0.000000 0.000000 0.000000 0.000000 0.000000 0.000000 0.000000 0.000000 0.000000 0.000000 0.000000 0.000000 0.000000 0.483495 0.535619 0.544749 0.520556 0.488018 0.437912 0.380896 0.000000 0.000000 0.000000 0.000000 0.000000 0.000000 0.000000 0.000000 0.000000 0.000000 0.000000 0.434222 0.506833 0.527724 0.434292 0.738287 0.639687 0.595356 0.502553 0.469947 0.516941 0.525322 0.477364 0.000000 0.000000 0.000000 0.000000 0.000000 0.000000 0.000000 0.000000 0.000000 0.000000 0.000000 0.371702 0.483932 0.680859 0.459408 0.376907 0.000000 0.000000 0.000000 0.000000 0.000000 0.000000 0.520165 0.550460 0.000000 0.000000 0.000000 0.000000 0.000000 0.000000 0.000000 0.000000 0.000000 0.000000 0.000000 0.000000 0.000000 0.000000 0.000000 0.000000 0.000000 0.408411 0.564932 0.604524 0.571261 0.566703 0.525997 0.476198 0.444434 0.396255 0.000000 0.000000 0.548947 0.635153 0.630649 0.576154 0.518302 0.454791 0.383082 0.437262 0.592242 0.778200 0.779780 0.981740 0.655938 0.672043 0.660260 0.292764 0.274463 0.563617 0.538016 0.639606 0.597473 0.547033 0.480819 0.420597 0.000000 0.000000 0.437930 0.489324 0.511535 0.493452 0.506105 0.650169 0.806872 1.083058 1.063779 0.962403 0.952571 1.045599 1.067026 1.095244 0.876986 0.929264 1.153516 0.989730 0.771499 0.272410 0.582976 0.639014 0.519878 0.483260 0.464472 0.412452 0.000000 0.000000 0.000000 0.000000 0.000000 0.000000 0.000000 0.000000 0.000000 0.000000 0.000000 0.000000 0.000000 0.000000 0.000000 0.000000 0.000000 0.000000 0.000000 0.000000 0.000000 0.477537 0.605899 0.634685 0.599950 0.569138 0.472354 0.000000 0.000000 0.000000 0.000000 0.000000 0.000000 0.000000 0.000000 0.936389 0.000000 0.442083 0.433775 0.541917 0.413866 0.514822 0.641000 0.561453 0.673238 0.699982 0.652368 0.661510 0.664670 0.693187 0.650460 0.607786 0.610092 0.687135 0.632381 0.533920 0.000000 0.000000 0.403835 0.450224 0.479976 0.463818 0.000000 0.000000 0.000000 0.000000 0.000000 0.000000 0.000000 0.000000 0.000000 0.000000 0.000000 0.000000 0.000000 0.000000 0.000000 0.000000 0.000000 0.000000 0.000000 0.000000 0.000000 0.000000 0.000000 0.000000 0.000000 0.000000 0.000000 0.000000 0.000000 0.000000 0.000000 0.000000 0.000000 0.000000 0.000000 0.000000 0.000000 0.000000 0.404848 0.414025 0.392038 0.000000 0.000000 0.000000 0.000000 0.000000 0.000000 0.000000 0.000000 0.000000 0.000000 0.000000 0.000000 0.000000 0.000000 0.000000
0.000000 0.000000 0.000000 0.000000 0.000000 0.000000 0.000000 0.000000 0.000000 0.000000 0.000000 0.000000 0.000000 0.000000 0.000000 0.000000 0.000000 0.000000 0.000000 0.000000 0.000000 0.000000 0.000000 0.000000 0.000000 0.000000 0.000000 0.468613 0.580577 0.608677 0.602860 0.569343 0.522964 0.464326 0.396436 0.000000 0.000000 0.000000 0.000000 0.000000 0.000000 0.000000 0.000000 0.000000 0.383622 0.598013 0.541037 0.553868 0.219035 0.475352 0.456281 0.584614 0.539174 0.355426 0.393936 0.000000 0.000000 0.000000 0.000000 0.000000 0.000000 0.000000 0.000000 0.000000 0.000000 0.000000 0.000000 0.000000 0.403503 0.472990 0.460126 0.423728 0.412269 0.382675 0.000000 0.000000 0.000000 0.000000 0.000000 0.000000 0.000000 0.447345 0.000000 0.000000 0.000000 0.000000 0.000000 0.000000 0.000000 0.000000 0.000000 0.000000 0.000000 0.000000 0.000000 0.000000 0.000000 0.000000 0.000000 0.445530 0.572785 0.598363 0.615133 0.558188 0.547339 0.513962 0.514950 0.484377 0.380679 0.000000 0.000000 0.400853 0.463513 0.482267 0.467681 0.444645 0.404165 0.000000 0.000000 0.454042 0.622074 0.514222 0.603180 0.615637 0.602307 0.588830 0.576974 0.678008 0.643183 0.583547 0.510672 0.404978 0.000000 0.000000 0.000000 0.000000 0.475620 0.516873 0.537234 0.516232 0.540222 0.680976 0.812974 0.852298 0.747276 1.030119 1.031392 1.139250 1.107694 0.761571 0.763685 0.716609 0.646802 0.920393 0.834679 0.377197 0.765346 0.669746 0.542734 0.520564 0.543989 0.497771 0.387640 0.000000 0.000000 0.000000 0.000000 0.000000 0.000000 0.000000 0.000000 0.000000 0.000000 0.000000 0.000000 0.000000 0.000000 0.000000 0.000000 0.000000 0.000000 0.000000 0.473252 0.604967 0.681189 0.709495 0.651407 0.577199 0.484269 0.382436 0.000000 0.000000 0.000000 0.000000 0.000000 0.000000 0.000000 0.000000 0.000000 0.000000 0.000000 0.482312 0.000000 0.516413 0.493521 0.470871 0.692928 0.742007 0.673807 0.560316 0.572668 0.624194 0.618959 0.560808 0.488855 0.602101 0.589930 0.497158 0.350199 0.380257 0.414185 0.453001 0.493626 0.457795 0.000000 0.000000 0.000000 0.000000 0.000000 0.000000 0.000000 0.000000 0.000000 0.000000 0.000000 0.000000 0.000000 0.000000 0.000000 0.000000 0.000000 0.000000 0.000000 0.000000 0.000000 0.000000 0.000000 0.000000 0.000000 0.000000 0.000000 0.000000 0.000000 0.000000 0.000000 0.000000 0.000000 0.000000 0.000000 0.000000 0.000000 0.394979 0.449803 0.445323 0.398678 0.000000 0.000000 0.000000 0.000000 0.000000 0.000000 0.000000 0.000000 0.000000 0.000000 0.000000 0.000000 0.000000 0.000000 0.000000
0.000000 0.000000 0.000000 0.000000 0.000000 0.000000 0.000000 0.000000 0.000000 0.000000 0.000000 0.000000 0.000000 0.000000 0.000000 0.000000 0.000000 0.000000 0.000000 0.000000 0.000000 0.000000 0.000000 0.000000 0.000000 0.000000 0.000000 0.496054 0.556728 0.568959 0.557169 0.515569 0.458376 0.381589 0.000000 0.000000 0.000000 0.000000 0.000000 0.000000 0.000000 0.000000 0.000000 0.551105 0.637426 0.578800 0.617314 0.620592 0.699558 0.588413 0.485922 0.384372 0.359477 0.000000 0.000000 0.000000 0.000000 0.000000 0.000000 0.000000 0.000000 0.000000 0.000000 0.000000 0.000000 0.000000 0.403998 0.508918 0.510412 0.516104 0.481082 0.432988 0.367628 0.000000 0.000000 0.000000 0.000000 0.000000 0.000000 0.000000 0.000000 0.709150 0.000000 0.000000 0.000000 0.000000 0.000000 0.000000 0.000000 0.000000 0.000000 0.000000 0.000000 0.000000 0.000000 0.000000 0.000000 0.000000 0.000000 0.000000 0.514726 0.404895 0.477266 0.487562 0.556211 0.568906 0.547752 0.495910 0.423052 0.000000 0.000000 0.000000 0.000000 0.000000 0.000000 0.000000 0.000000 0.297299 0.455293 0.664281 0.756242 0.749160 0.676274 0.676369 0.629935 0.494709 0.661113 0.648362 0.599164 0.564712 0.482350 0.430507 0.000000 0.000000 0.000000 0.000000 0.000000 0.000000 0.397676 0.403288 0.584882 0.734733 0.883402 0.849436 0.863409 0.893984 1.060693 0.533254 0.610361 0.539396 0.409378 0.494687 0.458468 0.731966 0.742461 0.665556 0.567942 0.648886 0.558437 0.535371 0.551887 0.513714 0.414004 0.000000 0.000000 0.000000 0.000000 0.000000 0.401379 0.375976 0.000000 0.000000 0.000000 0.000000 0.000000 0.000000 0.000000 0.000000 0.000000 0.000000 0.000000 0.000000 0.533719 0.628182 0.690810 0.755507 0.701482 0.619981 0.491238 0.444188 0.388943 0.000000 0.000000 0.000000 0.000000 0.000000 0.000000 0.000000 0.000000 0.000000 0.352837 0.000000 0.000000 0.000000 0.000000 0.521517 0.656537 0.740540 0.719088 0.542079 0.521135 0.571496 0.626896 0.591841 0.514102 0.634109 0.621935 0.475902 0.392568 0.359169 0.000000 0.000000 0.000000 0.000000 0.000000 0.000000 0.000000 0.000000 0.000000 0.000000 0.000000 0.000000 0.000000 0.000000 0.000000 0.000000 0.000000 0.000000 0.000000 0.000000 0.000000 0.000000 0.000000 0.000000 0.000000 0.000000 0.000000 0.000000 0.000000 0.000000 0.000000 0.000000 0.000000 0.000000 0.000000 0.000000 0.000000 0.000000 0.000000 0.000000 0.000000 0.384966 0.428557 0.416321 0.000000 0.000000 0.000000 0.000000 0.000000 0.000000 0.000000 0.000000 0.000000 0.000000 0.000000 0.000000 0.000000 0.000000 0.000000 0.000000
0.000000 0.000000 0.000000 0.000000 0.000000 0.000000 0.000000 0.000000 0.000000 0.000000 0.000000 0.000000 0.000000 0.000000 0.000000 0.000000 0.000000 0.000000 0.000000 0.000000 0.000000 0.000000 0.000000 0.000000 0.000000 0.000000 0.000000 0.000000 0.439163 0.450598 0.434531 0.384827 0.000000 0.000000 0.000000 0.000000 0.000000 0.000000 0.000000 0.000000 0.312504 0.461805 0.587993 0.528507 0.572711 0.744010 0.728908 0.656565 0.559381 0.514519 0.000000 0.000000 0.000000 0.000000 0.000000 0.000000 0.000000 0.000000 0.000000 0.000000 0.000000 0.000000 0.000000 0.000000 0.406175 0.599222 0.634551 0.629663 0.587546 0.522083 0.447149 0.361885 0.000000 0.000000 0.000000 0.000000 0.000000 0.000000 0.000000 0.000000 0.000000 0.000000 0.000000 0.000000 0.000000 0.000000 0.000000 0.000000 0.000000 0.000000 0.000000 0.364330 0.000000 0.000000 0.000000 0.000000 0.000000 0.000000 0.000000 0.000000 0.000000 0.000000 0.000000 0.433512 0.482191 0.484406 0.455722 0.400923 0.000000 0.000000 0.000000 0.000000 0.000000 0.000000 0.000000 0.000000 0.000000 0.834205 0.778190 0.906258 0.921159 0.840708 0.761115 0.765425 0.755517 0.762471 0.762282 0.638385 0.572478 0.517799 0.464098 0.405477 0.000000 0.000000 0.000000 0.000000 0.000000 0.000000 0.000000 0.000000 0.712950 0.878315 0.839622 0.807115 0.920818 0.410268 0.423912 0.803515 0.395749 0.392553 0.199459 0.280499 0.437158 0.678013 0.834814 0.729790 0.527049 0.645478 0.575265 0.476922 0.467198 0.487754 0.423880 0.000000 0.000000 0.000000 0.000000 0.000000 0.391561 0.000000 0.000000 0.000000 0.000000 0.000000 0.000000 0.000000 0.000000 0.000000 0.000000 0.000000 0.000000 0.366125 0.378483 0.528682 0.704482 0.710928 0.660378 0.610999 0.553438 0.435461 0.384411 0.000000 0.000000 0.000000 0.000000 0.000000 0.000000 0.000000 0.000000 0.000000 0.540803 0.501498 0.000000 0.000000 0.796622 0.474990 0.637433 0.801481 0.686618 0.525527 0.425552 0.523917 0.578758 0.630879 0.653315 0.712034 0.643355 0.504448 0.401008 0.469358 0.485713 0.455672 0.384534 0.000000 0.000000 0.000000 0.000000 0.000000 0.000000 0.000000 0.000000 0.000000 0.000000 0.000000 0.000000 0.000000 0.000000 0.000000 0.000000 0.000000 0.000000 0.000000 0.000000 0.000000 0.000000 0.000000 0.000000 0.000000 0.000000 0.000000 0.000000 0.000000 0.000000 0.000000 0.000000 0.000000 0.000000 0.000000 0.000000 0.000000 0.000000 0.000000 0.000000 0.000000 0.000000 0.000000 0.000000 0.000000 0.000000 0.000000 0.000000 0.000000 0.000000 0.000000 0.000000 0.000000 0.000000 0.000000 0.000000 0.000000
0.000000 0.000000 0.000000 0.000000 0.000000 0.000000 0.000000 0.000000 0.000000 0.000000 0.000000 0.000000 0.000000 0.000000 0.000000 0.000000 0.000000 0.000000 0.000000 0.000000 0.000000 0.000000 0.000000 0.000000 0.000000 0.000000 0.000000 0.000000 0.000000 0.000000 0.000000 0.000000 0.000000 0.000000 0.000000 0.000000 0.000000 0.000000 0.839962 0.000000 0.399617 0.550082 0.624894 0.654584 0.688639 0.604362 0.586747 0.577965 0.510179 0.000000 0.000000 0.000000 0.000000 0.000000 0.000000 0.000000 0.000000 0.000000 0.000000 0.000000 0.000000 0.000000 0.000000 0.000000 0.645469 0.780298 0.786577 0.724233 0.615568 0.505446 0.410984 0.000000 0.000000 0.000000 0.000000 0.000000 0.000000 0.000000 0.000000 0.000000 0.000000 0.000000 0.000000 0.000000 0.000000 0.000000 0.744961 0.000000 0.000000 0.501707 0.512199 0.484929 0.454806 0.403161 0.000000 0.000000 0.000000 0.000000 0.000000 0.000000 0.000000 0.000000 0.000000 0.000000 0.000000 0.000000 0.000000 0.000000 0.000000 0.000000 0.000000 0.000000 0.000000 0.000000 0.000000 0.000000 0.000000 0.452716 0.670523 0.788465 0.838252 0.769906 0.683819 0.679518 0.683488 0.686264 0.662497 0.616050 0.567044 0.512955 0.456047 0.000000 0.000000 0.000000 0.000000 0.000000 0.000000 0.000000 0.000000 0.000000 0.780843 0.946708 0.829543 0.821278 0.864817 0.922217 0.739554 0.241718 0.245278 0.213290 0.233052 0.320290 0.662045 0.735084 0.670276 0.636568 0.616836 0.553748 0.471269 0.387645 0.384713 0.459772 0.443899 0.387441 0.000000 0.000000 0.000000 0.000000 0.000000 0.000000 0.390298 0.380919 0.000000 0.000000 0.000000 0.000000 0.000000 0.000000 0.000000 0.000000 0.365535 0.000000 0.000000 0.457848 0.563131 0.567096 0.544058 0.665943 0.423413 0.000000 0.000000 0.000000 0.000000 0.000000 0.000000 0.000000 0.000000 0.000000 0.000000 0.000000 0.000000 0.000000 0.000000 0.000000 0.004000 0.412187 0.621833 0.771994 0.629135 0.462303 0.448101 0.502642 0.580732 0.635148 0.501157 0.665894 0.602343 0.468971 0.458414 0.532593 0.529305 0.487772 0.410778 0.000000 0.000000 0.000000 0.000000 0.000000 0.000000 0.000000 0.000000 0.000000 0.000000 0.000000 0.000000 0.000000 0.000000 0.000000 0.000000 0.000000 0.000000 0.000000 0.000000 0.000000 0.000000 0.000000 0.000000 0.000000 0.000000 0.000000 0.000000 0.000000 0.000000 0.000000 0.000000 0.000000 0.000000 0.000000 0.000000 0.000000 0.000000 0.000000 0.000000 0.000000 0.000000 0.000000 0.000000 0.000000 0.000000 0.000000 0.000000 0.000000 0.000000 0.000000 0.000000 0.000000 0.000000 0.000000 0.000000 0.000000
0.000000 0.000000 0.000000 0.000000 0.000000 0.000000 0.000000 0.000000 0.000000 0.000000 0.000000 0.000000 0.000000 0.000000 0.419757 0.438650 0.419212 0.000000 0.000000 0.000000 0.000000 0.000000 0.000000 0.000000 0.000000 0.000000 0.000000 0.000000 0.000000 0.000000 0.000000 0.000000 0.000000 0.000000 0.000000 0.000000 0.000000 0.000000 0.396782 0.404238 0.417649 0.663032 0.845826 0.698470 0.554491 0.464724 0.420108 0.000000 0.000000 0.000000 0.000000 0.000000 0.000000 0.000000 0.000000 0.000000 0.000000 0.000000 0.000000 0.000000 0.000000 0.000000 0.423136 0.524691 0.697124 0.829690 0.827927 0.749051 0.619499 0.487226 0.000000 0.000000 0.000000 0.000000 0.000000 0.000000 0.000000 0.000000 0.000000 0.000000 0.000000 0.000000 0.000000 0.000000 0.000000 0.000000 0.000000 0.000000 0.000000 0.774837 0.476945 0.437263 0.417200 0.403239 0.000000 0.000000 0.000000 0.000000 0.000000 0.000000 0.000000 0.000000 0.000000 0.000000 0.000000 0.000000 0.000000 0.000000 0.000000 0.000000 0.000000 0.000000 0.000000 0.000000 0.000000 0.000000 0.000000 0.000000 0.000000 0.000000 0.547585 0.551851 0.441185 0.460251 0.547626 0.602268 0.635754 0.588218 0.544418 0.490153 0.430404 0.000000 0.000000 0.000000 0.000000 0.000000 0.000000 0.000000 0.000000 0.000000 0.000000 0.456373 0.642376 0.763552 0.826524 0.841614 0.728060 0.335270 0.690341 0.671830 0.577992 0.556462 0.568564 0.687284 0.709137 0.615913 0.600834 0.518943 0.458787 0.395725 0.354952 0.388122 0.414745 0.380851 0.000000 0.000000 0.000000 0.000000 0.000000 0.417804 0.520301 0.491942 0.385587 0.000000 0.000000 0.000000 0.000000 0.000000 0.000000 0.000000 0.000000 0.433669 0.422122 0.374424 0.000000 0.383425 0.000000 0.000000 0.000000 0.000000 0.000000 0.000000 0.000000 0.000000 0.000000 0.000000 0.000000 0.000000 0.000000 0.000000 0.000000 0.000000 0.000000 0.000000 0.723740 0.000000 0.578456 0.689417 0.557534 0.438226 0.491865 0.518483 0.593960 0.573585 0.565804 0.564499 0.564265 0.541096 0.485605 0.000000 0.402547 0.394343 0.000000 0.000000 0.000000 0.000000 0.000000 0.000000 0.000000 0.000000 0.000000 0.000000 0.000000 0.000000 0.000000 0.000000 0.000000 0.000000 0.000000 0.000000 0.000000 0.000000 0.000000 0.000000 0.000000 0.000000 0.000000 0.000000 0.000000 0.000000 0.000000 0.000000 0.000000 0.000000 0.000000 0.000000 0.000000 0.000000 0.000000 0.000000 0.000000 0.000000 0.000000 0.000000 0.000000 0.000000 0.000000 0.000000 0.000000 0.000000 0.000000 0.000000 0.000000 0.000000 0.000000 0.000000 0.000000 0.000000 0.000000 0.000000
0.000000 0.000000 0.000000 0.000000 0.000000 0.000000 0.000000 0.000000 0.000000 0.000000 0.000000 0.000000 0.399343 0.458608 0.502086 0.497577 0.455739 0.383550 0.000000 0.000000 0.000000 0.000000 0.000000 0.000000 0.000000 0.000000 0.000000 0.000000 0.000000 0.000000 0.000000 0.000000 0.000000 0.000000 0.000000 0.000000 0.000000 0.393000 0.465068 0.397184 0.438514 0.379971 0.404079 0.405535 0.458481 0.000000 0.000000 0.352874 0.000000 0.000000 0.000000 0.000000 0.000000 0.000000 0.000000 0.000000 0.000000 0.000000 0.000000 0.000000 0.000000 0.000000 0.000000 0.505783 0.655587 0.694550 0.677287 0.645984 0.598047 0.571425 0.440263 0.411954 0.000000 0.000000 0.000000 0.000000 0.000000 0.000000 0.000000 0.000000 0.000000 0.000000 0.000000 0.000000 0.000000 0.000000 0.000000 0.000000 0.391731 0.000000 0.000000 0.000000 0.000000 0.000000 0.000000 0.000000 0.000000 0.000000 0.000000 0.000000 0.000000 0.000000 0.000000 0.000000 0.000000 0.000000 0.000000 0.000000 0.000000 0.000000 0.000000 0.000000 0.000000 0.000000 0.000000 0.000000 0.000000 0.000000 0.000000 0.000000 0.000000 0.000000 0.000000 0.000000 0.389381 0.600043 0.590971 0.444335 0.413259 0.000000 0.000000 0.000000 0.000000 0.000000 0.000000 0.000000 0.000000 0.000000 0.000000 0.000000 0.000000 0.486574 0.630462 0.879213 0.966361 0.790405 0.395796 0.330268 0.359794 0.703510 0.578135 0.660021 0.768885 0.727304 0.688018 0.634486 0.548080 0.509178 0.453216 0.382468 0.000000 0.000000 0.000000 0.000000 0.000000 0.000000 0.000000 0.000000 0.395981 0.462621 0.559105 0.517135 0.403262 0.000000 0.000000 0.000000 0.000000 0.000000 0.000000 0.000000 0.516376 0.576950 0.564107 0.479917 0.000000 0.000000 0.000000 0.000000 0.000000 0.000000 0.000000 0.000000 0.000000 0.000000 0.000000 0.000000 0.000000 0.000000 0.000000 0.000000 0.000000 0.000000 0.000000 0.000000 0.000000 0.000000 0.563840 0.540396 0.585370 0.584217 0.556160 0.612461 0.658871 0.603515 0.680981 0.666418 0.613943 0.479331 0.383138 0.000000 0.000000 0.000000 0.000000 0.000000 0.000000 0.000000 0.000000 0.000000 0.000000 0.000000 0.000000 0.000000 0.000000 0.000000 0.000000 0.000000 0.000000 0.000000 0.000000 0.000000 0.000000 0.000000 0.000000 0.000000 0.000000 0.000000 0.000000 0.000000 0.000000 0.000000 0.000000 0.000000 0.000000 0.000000 0.000000 0.000000 0.000000 0.000000 0.000000 0.000000 0.000000 0.000000 0.000000 0.000000 0.000000 0.000000 0.000000 0.000000 0.000000 0.000000 0.000000 0.000000 0.000000 0.000000 0.000000 0.000000 0.000000 0.000000 0.000000 0.000000
0.000000 0.000000 0.000000 0.000000 0.000000 0.000000 0.000000 0.000000 0.521680 0.000000 0.607439 0.000000 0.000000 0.480998 0.570785 0.000000 0.000000 0.000000 0.000000 0.000000 0.000000 0.000000 0.000000 0.000000 0.000000 0.000000 0.000000 0.000000 0.000000 0.000000 0.000000 0.000000 0.000000 0.332405 0.350260 0.468510 0.461875 0.453663 0.401798 0.406180 0.377989 0.384718 0.411325 0.398029 0.000000 0.000000 0.382037 0.379704 0.000000 0.000000 0.000000 0.000000 0.000000 0.000000 0.000000 0.000000 0.000000 0.000000 0.000000 0.000000 0.000000 0.000000 0.389064 0.419727 0.488451 0.000000 0.000000 0.000000 0.405884 0.503780 0.443067 0.413258 0.000000 0.000000 0.000000 0.000000 0.000000 0.000000 0.000000 0.000000 0.000000 0.000000 0.000000 0.000000 0.000000 0.000000 0.000000 0.000000 0.509744 0.000000 0.000000 0.000000 0.000000 0.000000 0.000000 0.000000 0.000000 0.000000 0.000000 0.000000 0.000000 0.000000 0.000000 0.000000 0.000000 0.000000 0.000000 0.000000 0.000000 0.000000 0.000000 0.000000 0.000000 0.000000 0.000000 0.000000 0.000000 0.000000 0.000000 0.000000 0.000000 0.000000 0.000000 0.000000 0.000000 0.657975 0.610003 0.000000 0.000000 0.000000 0.000000 0.000000 0.000000 0.000000 0.000000 0.000000 0.000000 0.000000 0.000000 0.000000 0.000000 0.537075 0.608247 0.854292 1.037785 0.925037 0.465053 0.317565 0.275785 0.278247 0.586475 0.577987 0.746557 0.751723 0.654071 0.624501 0.532108 0.500283 0.455627 0.400940 0.000000 0.000000 0.000000 0.000000 0.000000 0.000000 0.000000 0.423756 0.478519 0.543179 0.485678 0.464698 0.383249 0.000000 0.000000 0.383584 0.363798 0.000000 0.000000 0.404669 0.583048 0.632275 0.600819 0.505912 0.000000 0.000000 0.000000 0.000000 0.000000 0.000000 0.000000 0.000000 0.000000 0.000000 0.000000 0.000000 0.000000 0.000000 0.000000 0.000000 0.000000 0.000000 0.000000 0.000000 0.000000 0.000000 0.589952 0.587577 0.617955 0.634195 0.643397 0.757788 0.700628 0.709199 0.763050 0.707965 0.614490 0.497275 0.398605 0.000000 0.000000 0.000000 0.000000 0.000000 0.000000 0.000000 0.000000 0.000000 0.000000 0.000000 0.000000 0.000000 0.000000 0.000000 0.000000 0.000000 0.000000 0.000000 0.000000 0.000000 0.000000 0.000000 0.000000 0.000000 0.000000 0.000000 0.000000 0.000000 0.000000 0.000000 0.000000 0.000000 0.000000 0.000000 0.000000 0.000000 0.000000 0.000000 0.000000 0.000000 0.000000 0.000000 0.000000 0.000000 0.000000 0.000000 0.000000 0.000000 0.000000 0.000000 0.000000 0.000000 0.000000 0.000000 0.000000 0.000000 0.000000 0.000000 0.000000 0.000000
0.000000 0.000000 0.000000 0.000000 0.000000 0.000000 0.000000 0.000000 0.000000 0.000000 0.000000 0.000000 0.000000 0.000000 0.000000 0.000000 0.000000 0.000000 0.000000 0.000000 0.000000 0.000000 0.000000 0.000000 0.000000 0.000000 0.000000 0.000000 0.000000 0.000000 0.000000 0.395576 0.424408 0.485904 0.556916 0.640989 0.625177 0.650458 0.602903 0.474660 0.000000 0.000000 0.383549 0.424207 0.488820 0.472856 0.420118 0.000000 0.000000 0.000000 0.004000 0.000000 0.000000 0.000000 0.000000 0.000000 0.000000 0.000000 0.000000 0.000000 0.425567 0.595970 0.452787 0.418670 0.307782 0.004000 0.370761 0.397943 0.378042 0.000000 0.000000 0.000000 0.000000 0.000000 0.000000 0.000000 0.000000 0.000000 0.000000 0.000000 0.000000 0.404761 0.418332 0.403040 0.000000 0.000000 0.000000 0.000000 0.000000 0.000000 0.000000 0.000000 0.000000 0.000000 0.000000 0.000000 0.000000 0.000000 0.000000 0.000000 0.000000 0.000000 0.000000 0.000000 0.000000 0.000000 0.000000 0.000000 0.000000 0.000000 0.000000 0.000000 0.000000 0.000000 0.000000 0.000000 0.000000 0.000000 0.000000 0.000000 0.000000 0.000000 0.000000 0.000000 0.000000 1.059006 0.000000 0.000000 0.406329 0.000000 0.000000 0.000000 0.000000 0.000000 0.000000 0.000000 0.000000 0.000000 0.000000 0.398713 0.616071 0.788309 0.739305 0.623196 0.811687 0.899014 0.374907 0.242637 0.212795 0.204283 0.163854 0.550218 0.694988 0.720926 0.652351 0.588304 0.507962 0.482179 0.440937 0.387823 0.000000 0.000000 0.419227 0.451607 0.389683 0.000000 0.378016 0.461579 0.504952 0.486702 0.406615 0.540213 0.569668 0.000000 0.409751 0.445129 0.402410 0.000000 0.000000 0.617142 0.698113 0.577971 0.523612 0.533320 0.345470 0.000000 0.000000 0.000000 0.000000 0.000000 0.000000 0.000000 0.000000 0.000000 0.000000 0.000000 0.000000 0.000000 0.000000 0.000000 0.000000 0.000000 0.000000 0.000000 0.426090 0.446171 0.581996 0.528920 0.513015 0.578643 0.586539 0.657811 0.645245 0.677887 0.802518 0.736136 0.613725 0.492552 0.403913 0.000000 0.000000 0.000000 0.000000 0.000000 0.000000 0.000000 0.000000 0.000000 0.000000 0.000000 0.000000 0.000000 0.000000 0.000000 0.000000 0.000000 0.000000 0.000000 0.000000 0.000000 0.000000 0.000000 0.460426 0.393347 0.000000 0.000000 0.000000 0.000000 0.000000 0.000000 0.000000 0.000000 0.000000 0.000000 0.000000 0.000000 0.000000 0.000000 0.000000 0.000000 0.000000 0.000000 0.000000 0.000000 0.000000 0.000000 0.000000 0.000000 0.000000 0.000000 0.000000 0.000000 0.000000 0.000000 0.000000 0.000000 0.000000 0.000000 0.000000 0.000000
0.000000 0.000000 0.000000 0.000000 0.000000 0.000000 0.000000 0.000000 0.000000 0.000000 0.000000 0.000000 0.000000 0.000000 0.000000 0.000000 0.000000 0.000000 0.000000 0.000000 0.000000 0.000000 0.000000 0.000000 0.000000 0.000000 0.000000 0.000000 0.000000 0.000000 0.452332 0.593648 0.586861 0.640476 0.678233 0.573512 0.735714 0.673517 0.530689 0.583282 0.611598 0.658239 0.655418 0.624168 0.617153 0.569630 0.494021 0.406768 0.000000 0.000000 0.000000 0.000000 0.000000 0.000000 0.000000 0.000000 0.000000 0.000000 0.000000 0.000000 0.645103 0.528827 0.550301 0.518919 0.389710 0.414648 0.423903 0.405935 0.399056 0.000000 0.000000 0.000000 0.000000 0.000000 0.000000 0.000000 0.000000 0.000000 0.459520 0.584736 0.597394 0.551690 0.516732 0.481827 0.426661 0.000000 0.000000 0.000000 0.000000 0.000000 0.000000 0.000000 0.000000 0.000000 0.000000 0.000000 0.000000 0.000000 0.000000 0.000000 0.000000 0.000000 0.000000 0.000000 0.000000 0.000000 0.000000 0.000000 0.000000 0.000000 0.000000 0.000000 0.402598 0.454965 0.460781 0.410618 0.000000 0.000000 0.000000 0.000000 0.000000 0.000000 0.000000 0.000000 0.000000 0.000000 0.000000 0.000000 0.000000 0.000000 0.000000 0.000000 0.000000 0.000000 0.000000 0.000000 0.000000 0.000000 0.400577 0.566355 0.776862 0.928835 0.820217 0.655574 0.716444 0.392144 0.227389 0.174871 0.193098 0.187465 0.724149 0.797648 0.772765 0.710351 0.608305 0.540538 0.462546 0.435329 0.411861 0.367545 0.000000 0.000000 0.468973 0.513042 0.474697 0.439304 0.446279 0.428772 0.465642 0.505870 0.462647 0.000000 0.000000 0.000000 0.420128 0.427528 0.375607 0.000000 0.480197 0.521460 0.594023 0.598289 0.180306 0.525677 0.468301 0.000000 0.000000 0.000000 0.000000 0.000000 0.000000 0.000000 0.000000 0.000000 0.000000 0.000000 0.000000 0.000000 0.000000 0.000000 0.000000 0.000000 0.000000 0.383321 0.556643 0.566504 0.695229 0.699624 0.645676 0.575229 0.575863 0.655465 0.585451 0.703794 0.831181 0.733320 0.633835 0.550221 0.471181 0.000000 0.000000 0.000000 0.000000 0.000000 0.000000 0.000000 0.000000 0.000000 0.000000 0.000000 0.000000 0.000000 0.000000 0.000000 0.000000 0.000000 0.000000 0.000000 0.000000 0.000000 0.000000 0.659195 0.632405 0.552000 0.393016 0.000000 0.000000 0.000000 0.000000 0.000000 0.000000 0.000000 0.000000 0.000000 0.000000 0.000000 0.000000 0.000000 0.000000 0.000000 0.000000 0.000000 0.000000 0.000000 0.000000 0.000000 0.000000 0.000000 0.000000 0.000000 0.000000 0.000000 0.000000 0.000000 0.000000 0.000000 0.000000 0.000000 0.000000 0.000000
0.000000 0.000000 0.000000 0.000000 0.000000 0.000000 0.000000 0.000000 0.000000 0.000000 0.000000 0.000000 0.000000 0.000000 0.000000 0.000000 0.000000 0.000000 0.000000 0.000000 0.000000 0.000000 0.000000 0.000000 0.000000 0.000000 0.000000 0.000000 0.000000 0.433687 0.615767 0.657793 0.718323 0.626290 0.745829 0.561810 0.513437 0.698181 0.818350 0.878069 0.888045 0.767979 0.733647 0.689785 0.702712 0.644827 0.584766 0.519900 0.419197 0.000000 0.000000 0.000000 0.000000 0.000000 0.000000 0.000000 0.000000 0.000000 0.000000 0.000000 0.563934 0.517937 0.000000 0.391803 0.436450 0.451373 0.417997 0.422583 0.447670 0.403749 0.000000 0.000000 0.000000 0.000000 0.000000 0.000000 0.411349 0.570502 0.676708 0.737567 0.734238 0.670479 0.604862 0.538600 0.462615 0.000000 0.000000 0.000000 0.000000 0.423070 0.428593 0.400154 0.000000 0.000000 0.000000 0.000000 0.000000 0.000000 0.000000 0.000000 0.429090 0.000000 0.000000 0.000000 0.000000 0.000000 0.000000 0.000000 0.000000 0.000000 0.544908 0.609917 0.626081 0.616471 0.561112 0.488295 0.406121 0.000000 0.000000 0.000000 0.000000 0.000000 0.000000 0.392629 0.382070 0.000000 0.000000 0.000000 0.000000 0.000000 0.000000 0.000000 0.000000 0.000000 0.000000 0.000000 0.000000 0.407944 0.724293 0.725262 0.635002 0.699492 0.679496 0.729961 0.434155 0.479101 0.473843 0.344829 0.199416 0.275049 0.733706 0.908696 0.842870 0.763558 0.690552 0.574318 0.470715 0.417237 0.000000 0.000000 0.000000 0.000000 0.469379 0.505167 0.513267 0.483204 0.455306 0.446766 0.458236 0.431686 0.406590 0.345009 0.000000 0.000000 0.000000 0.373242 0.000000 0.462749 0.649239 0.548134 0.568412 0.166649 0.125828 0.554234 0.482070 0.396854 0.000000 0.000000 0.000000 0.000000 0.000000 0.000000 0.000000 0.000000 0.000000 0.000000 0.000000 0.000000 0.000000 0.000000 0.000000 0.000000 0.000000 0.441958 0.619448 0.628776 0.729305 0.771191 0.724654 0.641317 0.647537 0.647297 0.613685 0.753159 0.792426 0.753895 0.716638 0.527608 0.667722 0.553379 0.400039 0.000000 0.000000 0.000000 0.000000 0.000000 0.000000 0.000000 0.000000 0.000000 0.000000 0.000000 0.000000 0.000000 0.000000 0.000000 0.000000 0.000000 0.000000 0.000000 0.681135 0.792911 0.733050 0.635182 0.511679 0.000000 0.000000 0.000000 0.000000 0.000000 0.000000 0.000000 0.000000 0.000000 0.000000 0.000000 0.000000 0.000000 0.000000 0.000000 0.000000 0.004000 0.000000 0.000000 0.000000 0.000000 0.000000 0.000000 0.000000 0.000000 0.000000 0.000000 0.000000 0.000000 0.000000 0.000000 0.000000 0.000000 0.000000 0.000000
0.000000 0.000000 0.000000 0.000000 0.000000 0.000000 0.000000 0.000000 0.000000 0.000000 0.000000 0.000000 0.000000 0.000000 0.000000 0.000000 0.000000 0.000000 0.000000 0.000000 0.000000 0.000000 0.000000 0.000000 0.000000 0.000000 0.000000 0.000000 0.004000 0.594575 0.798688 0.528143 0.656609 0.652843 0.569554 0.592808 0.563793 0.850815 0.974673 0.992931 0.965273 0.882504 0.775180 0.721653 0.698630 0.677340 0.637367 0.577173 0.471438 0.374325 0.000000 0.000000 0.000000 0.000000 0.000000 0.000000 0.444937 0.000000 0.000000 0.000000 0.497078 0.636563 0.000000 0.421919 0.422594 0.382645 0.000000 0.004000 0.000000 0.000000 0.000000 0.000000 0.000000 0.000000 0.525778 0.729897 0.746727 0.778789 0.838802 0.823500 0.779626 0.703500 0.627214 0.531614 0.416905 0.000000 0.000000 0.000000 0.497955 0.568543 0.565661 0.519095 0.455178 0.000000 0.414838 0.454471 0.444485 0.399398 0.000000 0.000000 0.450322 0.000000 0.520705 0.398365 0.000000 0.000000 0.000000 0.000000 0.000000 0.439639 0.539856 0.525374 0.538436 0.529819 0.576415 0.585071 0.564130 0.528116 0.486348 0.431010 0.396573 0.428480 0.460751 0.538732 0.527653 0.407374 0.000000 0.254076 0.000000 0.000000 0.387662 0.414505 0.384652 0.502674 0.463943 0.378417 0.000000 0.590838 0.843808 0.637298 0.656875 0.656539 0.624618 0.262142 0.427143 0.404813 0.585032 0.427735 0.270987 0.399739 0.596669 0.863430 0.861739 0.808886 0.747841 0.651073 0.544191 0.427742 0.000000 0.000000 0.000000 0.415648 0.405008 0.446673 0.482423 0.449430 0.385488 0.407535 0.412781 0.414767 0.379863 0.000000 0.382535 0.412508 0.474835 0.383879 0.430601 0.580701 0.542375 0.666852 0.521842 0.515182 0.627708 0.580981 0.520962 0.421101 0.000000 0.000000 0.000000 0.000000 0.000000 0.000000 0.000000 0.000000 0.000000 0.000000 0.000000 0.549151 0.580167 0.494828 0.451548 0.476823 0.438004 0.426653 0.608413 0.589265 0.739289 0.773839 0.707711 0.659725 0.585514 0.590847 0.607185 0.835781 0.828431 0.674443 0.656335 0.612163 0.809158 0.656148 0.482015 0.396149 0.000000 0.000000 0.000000 0.000000 0.000000 0.000000 0.000000 0.000000 0.000000 0.000000 0.000000 0.000000 0.000000 0.000000 0.485849 0.429348 0.000000 0.000000 0.740649 0.821190 0.750629 0.664763 0.565643 0.431869 0.000000 0.000000 0.000000 0.000000 0.000000 0.000000 0.000000 0.000000 0.000000 0.000000 0.000000 0.000000 0.000000 0.000000 0.000000 0.004000 0.000000 0.000000 0.000000 0.000000 0.000000 0.000000 0.000000 0.000000 0.000000 0.000000 0.000000 0.000000 0.000000 0.000000 0.000000 0.000000 0.000000 0.000000
0.000000 0.000000 0.000000 0.000000 0.000000 0.000000 0.000000 0.000000 0.000000 0.000000 0.000000 0.000000 0.000000 0.000000 0.000000 0.000000 0.000000 0.000000 0.000000 0.000000 0.000000 0.000000 0.000000 0.000000 0.000000 0.000000 0.000000 0.000000 0.610966 0.455143 1.549798 0.747060 0.734011 0.532835 0.471886 0.498082 0.692604 0.832808 0.804062 0.710358 0.696525 0.688593 0.660429 0.633437 0.658371 0.633987 0.601855 0.534953 0.449459 0.000000 0.000000 0.000000 0.000000 0.000000 0.000000 0.000000 0.000000 0.000000 0.000000 0.543661 0.783635 0.000000 0.000000 0.000000 0.000000 0.420703 0.000000 0.000000 0.000000 0.000000 0.000000 0.000000 0.000000 0.718734 0.906642 0.994864 1.008217 0.961767 0.929097 0.846537 0.726280 0.618054 0.516636 0.439554 0.000000 0.000000 0.000000 0.415124 0.505220 0.562952 0.570650 0.536494 0.603344 0.610677 0.623421 0.630928 0.614681 0.565696 0.499421 0.411911 0.000000 0.000000 0.000000 0.000000 0.000000 0.000000 0.000000 0.533609 0.000000 0.524522 0.601929 0.594773 0.585907 0.659819 0.728268 0.706708 0.681680 0.638784 0.592962 0.532510 0.566462 0.591608 0.587028 0.544644 0.515388 0.470310 0.408266 0.000000 0.000000 0.462929 0.557361 0.610180 0.620381 0.651874 0.617351 0.514442 0.638513 0.580677 0.599004 0.588015 0.620813 0.618782 0.074939 0.202769 0.133665 0.310053 0.335944 0.272508 0.234682 0.430954 0.566476 0.844626 0.830265 0.803965 0.742000 0.654761 0.558958 0.443610 0.000000 0.000000 0.000000 0.000000 0.362056 0.000000 0.379478 0.355347 0.000000 0.000000 0.000000 0.000000 0.000000 0.000000 0.456425 0.462021 0.508431 0.638597 0.563543 0.611496 0.506044 0.492009 0.535731 0.644750 0.640000 0.607395 0.541520 0.446081 0.343674 0.330359 0.000000 0.000000 0.000000 0.000000 0.000000 0.000000 0.000000 0.000000 0.429008 0.676797 0.652911 0.658107 0.793359 0.768979 0.632663 0.525880 0.451339 0.441033 0.739024 0.857053 0.787145 0.685431 0.697945 0.708843 0.846463 0.836376 0.732066 0.758104 0.687389 0.327493 0.615178 0.711538 0.513696 0.000000 0.000000 0.000000 0.000000 0.000000 0.000000 0.000000 0.000000 0.000000 0.000000 0.000000 0.000000 0.000000 0.000000 0.420629 0.620110 0.571933 0.459611 0.000000 0.756407 0.772525 0.686965 0.592360 0.548172 0.419739 0.000000 0.000000 0.000000 0.000000 0.000000 0.000000 0.000000 0.000000 0.000000 0.000000 0.000000 0.000000 0.000000 0.000000 0.000000 0.000000 0.000000 0.000000 0.000000 0.000000 0.000000 0.000000 0.000000 0.000000 0.000000 0.000000 0.000000 0.000000 0.000000 0.000000 0.000000 0.000000 0.000000 0.000000
0.000000 0.000000 0.000000 0.000000 0.000000 0.000000 0.000000 0.000000 0.000000 0.000000 0.000000 0.000000 0.000000 0.000000 0.000000 0.000000 0.000000 0.000000 0.000000 0.000000 0.000000 0.000000 0.000000 0.000000 0.000000 0.000000 0.000000 0.004000 0.000000 0.611406 0.503501 0.459092 0.150365 0.446086 0.519728 0.534889 0.509172 0.586835 0.639824 0.653104 0.965925 0.644782 0.650552 0.609982 0.555742 0.549206 0.544437 0.485155 0.429102 0.357312 0.000000 0.000000 0.000000 0.000000 0.000000 0.000000 0.000000 0.000000 0.000000 0.000000 0.000000 0.000000 0.000000 0.000000 0.000000 0.000000 0.000000 0.000000 0.000000 0.000000 0.000000 0.000000 0.726796 0.994806 1.127666 1.147784 1.131778 1.080154 0.922052 0.717118 0.647975 0.563420 0.476752 0.000000 0.388895 0.000000 0.000000 0.379344 0.439127 0.456956 0.438498 0.538687 0.634568 0.697512 0.710888 0.693480 0.682446 0.645126 0.590069 0.511975 0.542219 0.565318 0.538122 0.524482 0.485243 0.372177 0.000000 0.000000 0.000000 0.391565 0.482214 0.520778 0.511227 0.756226 0.798718 0.758432 0.705205 0.665185 0.677556 0.633656 0.575050 0.585779 0.590269 0.550257 0.524293 0.486256 0.428264 0.000000 0.398951 0.512543 0.608216 0.676780 0.705024 0.684788 0.607526 0.554438 0.512192 0.492981 0.582862 0.695289 0.730444 0.639362 0.210279 0.217537 0.193158 0.456033 0.320526 0.305484 0.194939 0.218499 0.379654 0.365391 0.570549 0.727641 0.683138 0.607624 0.514080 0.419859 0.000000 0.000000 0.000000 0.000000 0.000000 0.000000 0.000000 0.000000 0.000000 0.000000 0.000000 0.000000 0.000000 0.000000 0.503020 0.500529 0.445204 0.819434 0.603858 0.611581 0.475279 0.500241 0.518686 0.658614 0.640433 0.610174 0.540124 0.418677 0.382243 0.338030 0.000000 0.000000 0.000000 0.000000 0.000000 0.000000 0.433052 0.434466 0.640853 0.633736 0.606176 0.811973 0.931094 0.878138 0.722500 0.570947 0.469540 0.469595 0.710079 0.856934 0.812442 0.758617 0.792662 0.902005 0.517171 0.881988 0.913904 0.483855 0.155031 0.215055 0.614902 0.666833 0.572423 0.000000 0.000000 0.000000 0.000000 0.000000 0.000000 0.000000 0.382922 0.412240 0.000000 0.000000 0.000000 0.000000 0.000000 0.502631 0.652127 0.624819 0.533102 0.422534 0.630915 0.620612 0.574520 0.587926 0.528985 0.428943 0.000000 0.000000 0.000000 0.000000 0.000000 0.000000 0.000000 0.000000 0.407382 0.382557 0.000000 0.000000 0.000000 0.000000 0.000000 0.000000 0.000000 0.000000 0.000000 0.000000 0.000000 0.000000 0.000000 0.000000 0.000000 0.000000 0.000000 0.000000 0.000000 0.000000 0.000000 0.000000 0.000000 0.000000
0.000000 0.000000 0.000000 0.000000 0.000000 0.000000 0.000000 0.000000 0.000000 0.000000 0.000000 0.000000 0.000000 0.000000 0.000000 0.000000 0.000000 0.000000 0.000000 0.000000 0.000000 0.000000 0.000000 0.000000 0.000000 0.000000 0.441376 0.695615 0.692472 0.797804 0.575316 0.451989 0.486463 0.588045 0.534626 0.520534 0.551587 0.483955 0.555790 0.683819 0.716673 0.655317 0.560545 0.511345 0.507729 0.529306 0.504566 0.401722 0.349048 0.000000 0.390011 0.397523 0.381660 0.000000 0.000000 0.000000 0.000000 0.000000 0.000000 0.000000 0.000000 0.000000 0.000000 0.000000 0.000000 0.000000 0.000000 0.000000 0.000000 0.000000 0.060622 0.634664 0.927168 1.120984 1.219599 1.189126 1.042887 0.786372 0.601456 0.568127 0.496939 0.000000 0.000000 0.000000 0.000000 0.000000 0.000000 0.000000 0.000000 0.000000 0.000000 0.000000 0.394415 0.471222 0.509106 0.524810 0.551613 0.543187 0.506262 0.534872 0.696352 0.716321 0.706519 0.667596 0.596464 0.517613 0.418999 0.373974 0.000000 0.000000 0.000000 0.000000 0.613277 0.559836 0.741222 0.683202 0.632597 0.600003 0.562940 0.526258 0.498745 0.506951 0.467447 0.469586 0.452814 0.416844 0.000000 0.000000 0.489780 0.542706 0.568839 0.629424 0.654388 0.629362 0.592346 0.628089 0.579385 0.562171 0.531176 0.646598 0.709984 0.654398 0.733721 0.604788 0.778151 0.650050 0.348647 0.349040 0.289023 0.246573 0.623782 0.641478 0.549033 0.616018 0.631401 0.546517 0.456257 0.000000 0.000000 0.000000 0.000000 0.000000 0.000000 0.000000 0.000000 0.000000 0.000000 0.000000 0.000000 0.000000 0.000000 0.000000 0.535097 0.609560 0.465967 0.453600 0.613719 0.496862 0.647057 0.660178 0.652092 0.498122 0.624871 0.591752 0.532855 0.511565 0.379098 0.000000 0.000000 0.000000 0.000000 0.000000 0.000000 0.417506 0.550803 0.559497 0.510690 0.419274 0.616655 0.828552 0.948292 0.866521 0.726634 0.975515 0.600870 0.688302 0.677179 0.807300 0.771128 0.712858 0.850529 0.536845 0.463603 0.957774 0.616972 0.312741 0.214308 0.620520 0.583631 0.651869 0.562435 0.438341 0.000000 0.000000 0.000000 0.000000 0.000000 0.446289 0.680233 0.719462 0.613575 0.415530 0.000000 0.000000 0.000000 0.500551 0.567791 0.589262 0.522154 0.435771 0.495420 0.514436 0.638309 0.561980 0.670501 0.595353 0.486394 0.458582 0.425922 0.380253 0.000000 0.000000 0.000000 0.408300 0.489545 0.460462 0.000000 0.000000 0.000000 0.000000 0.369957 0.389847 0.000000 0.000000 0.000000 0.000000 0.000000 0.000000 0.000000 0.000000 0.000000 0.000000 0.000000 0.000000 0.000000 0.000000 0.000000 0.000000 0.000000 0.000000
0.000000 0.000000 0.000000 0.000000 0.000000 0.000000 0.000000 0.000000 0.000000 0.000000 0.000000 0.000000 0.000000 0.000000 0.000000 0.000000 0.000000 0.000000 0.000000 0.000000 0.000000 0.000000 0.000000 0.664628 0.584081 0.645873 0.789268 0.866954 0.858661 0.741177 0.686069 0.777921 0.702292 0.540185 0.380928 0.000000 0.544055 0.599711 0.682339 0.649195 0.625862 0.582169 0.625261 0.625265 0.625827 0.632013 0.561861 0.488068 0.402463 0.403009 0.416453 0.397990 0.000000 0.000000 0.000000 0.000000 0.000000 0.000000 0.000000 0.000000 0.000000 0.000000 0.000000 0.000000 0.000000 0.000000 0.000000 0.000000 0.000000 0.000000 0.000000 0.749477 0.957591 1.022424 1.031417 0.915550 0.640983 0.582904 0.521156 0.000000 0.417997 0.000000 0.000000 0.000000 0.000000 0.000000 0.000000 0.000000 0.368930 0.363859 0.000000 0.000000 0.000000 0.365759 0.380944 0.396868 0.409504 0.406030 0.379537 0.000000 0.482838 0.537102 0.622956 0.609703 0.496310 0.465509 0.421725 0.000000 0.000000 0.000000 0.000000 0.000000 0.000000 0.000000 0.447982 0.457682 0.436457 0.442316 0.440420 0.416212 0.375730 0.000000 0.000000 0.000000 0.000000 0.000000 0.000000 0.000000 0.441343 0.488893 0.516715 0.508894 0.562156 0.567966 0.526603 0.568493 0.567880 0.511549 0.667037 0.668453 0.759796 0.834677 0.745996 0.801301 0.824031 0.632436 0.212965 0.175590 0.162041 0.170023 0.196799 0.238217 0.210486 0.475886 0.584571 0.539570 0.419179 0.000000 0.000000 0.000000 0.000000 0.000000 0.000000 0.000000 0.000000 0.000000 0.000000 0.000000 0.000000 0.000000 0.000000 0.000000 0.522135 0.521961 0.546525 0.210792 0.580938 0.525115 0.652099 0.644743 0.684171 0.528695 0.525766 0.494386 0.580806 0.541552 0.394996 0.000000 0.000000 0.000000 0.000000 0.000000 0.000000 0.488247 0.620971 0.614983 0.562965 0.450678 0.004000 0.533427 0.655773 0.697361 0.659751 0.585877 0.491039 0.581084 0.518610 0.783338 0.877905 0.746240 0.601941 0.215223 0.387399 0.867007 0.314267 0.220349 0.318852 0.311755 0.684733 0.654750 0.543288 0.477822 0.391702 0.000000 0.000000 0.000000 0.000000 0.609948 0.837204 0.874459 0.737704 0.481394 0.000000 0.379615 0.433695 0.482131 0.000000 0.483516 0.435395 0.000000 0.715590 0.742036 0.626502 0.701490 0.744383 0.706025 0.626667 0.590411 0.488227 0.457199 0.391708 0.000000 0.000000 0.401379 0.520199 0.489973 0.386305 0.000000 0.000000 0.000000 0.474450 0.480245 0.419028 0.000000 0.000000 0.000000 0.000000 0.000000 0.000000 0.000000 0.000000 0.000000 0.000000 0.000000 0.000000 0.000000 0.000000 0.000000 0.000000 0.000000
0.000000 0.000000 0.000000 0.000000 0.000000 0.000000 0.000000 0.000000 0.000000 0.000000 0.000000 0.000000 0.000000 0.000000 0.000000 0.000000 0.000000 0.000000 0.000000 0.000000 0.000000 0.000000 0.549448 0.673328 0.754579 0.847971 0.923952 0.953480 0.935298 0.881391 0.777443 0.681571 0.482613 0.000000 0.000000 0.690003 0.766116 0.797942 0.708246 0.674350 0.682716 0.683644 0.761545 0.775453 0.772557 0.757273 0.708603 0.648283 0.505366 0.383707 0.000000 0.000000 0.000000 0.000000 0.000000 0.000000 0.000000 0.000000 0.000000 0.000000 0.000000 0.000000 0.000000 0.000000 0.000000 0.000000 0.000000 0.000000 0.000000 0.000000 0.753753 0.000000 0.424988 0.495346 0.467895 0.501977 0.482184 0.000000 0.000000 0.000000 0.000000 0.000000 0.000000 0.000000 0.380070 0.412167 0.451374 0.517545 0.576871 0.568188 0.596778 0.577204 0.535869 0.530079 0.501132 0.453658 0.000000 0.000000 0.000000 0.000000 0.000000 0.000000 0.000000 0.000000 0.362038 0.000000 0.000000 0.000000 0.000000 0.000000 0.000000 0.000000 0.000000 0.000000 0.000000 0.000000 0.000000 0.000000 0.000000 0.000000 0.447716 0.451696 0.511973 0.523655 0.441655 0.000000 0.432795 0.436683 0.391603 0.000000 0.000000 0.398193 0.415585 0.443678 0.422800 0.371782 0.000000 0.395920 0.502900 0.766839 0.948575 1.017790 0.873303 0.666662 0.629658 0.310695 0.248508 0.323929 0.242754 0.186954 0.185364 0.186385 0.180365 0.503272 0.430585 0.563969 0.471697 0.384426 0.000000 0.000000 0.000000 0.000000 0.000000 0.000000 0.000000 0.000000 0.000000 0.000000 0.000000 0.000000 0.000000 0.000000 0.478840 0.507281 0.563775 0.661144 0.678256 0.662643 0.615900 0.606161 0.598008 0.655687 0.534556 0.502589 0.584821 0.549852 0.441349 0.000000 0.000000 0.000000 0.000000 0.000000 0.000000 0.554860 0.646274 0.619060 0.518509 0.532815 0.000000 0.000000 0.000000 0.000000 0.000000 0.000000 0.000000 0.625375 0.537742 0.898999 0.890188 0.817382 0.227106 0.148628 0.289065 0.339117 0.287553 0.286404 0.272001 0.547794 0.468425 1.009492 0.397183 0.000000 0.000000 0.000000 0.000000 0.000000 0.445915 0.667951 0.900788 0.899779 0.765231 0.548011 0.400877 0.493190 0.559613 0.514800 0.398843 0.000000 0.000000 0.529932 0.000000 0.554255 0.622485 0.689370 0.783638 0.712022 0.638376 0.556038 0.559015 0.478869 0.420609 0.000000 0.000000 0.000000 0.466463 0.688591 0.385378 0.000000 0.000000 0.423645 0.554886 0.534232 0.465953 0.000000 0.000000 0.000000 0.000000 0.000000 0.000000 0.000000 0.000000 0.000000 0.000000 0.000000 0.000000 0.000000 0.000000 0.000000 0.000000 0.000000
0.000000 0.000000 0.000000 0.000000 0.000000 0.000000 0.000000 0.000000 0.000000 0.000000 0.000000 0.000000 0.000000 0.000000 0.000000 0.000000 0.000000 0.000000 0.000000 0.000000 0.000000 0.451981 0.757024 0.786673 0.850620 0.909428 0.959531 0.931406 0.810624 0.735762 0.617077 0.485757 0.000000 0.000000 0.445760 0.879056 0.869999 0.823108 0.787580 0.757717 0.771809 0.773124 0.825826 0.839439 0.811784 0.768743 0.684722 0.578511 0.475748 0.000000 0.000000 0.000000 0.000000 0.000000 0.000000 0.000000 0.000000 0.000000 0.000000 0.000000 0.000000 0.000000 0.000000 0.000000 0.000000 0.000000 0.000000 0.000000 0.000000 0.000000 0.000000 0.000000 0.000000 0.000000 0.000000 0.419149 0.438495 0.424549 0.389982 0.000000 0.000000 0.000000 0.000000 0.443590 0.507293 0.516858 0.678301 0.757143 0.769849 0.805194 0.748168 0.698976 0.649888 0.709664 0.677211 0.617237 0.544401 0.439330 0.384386 0.340477 0.000000 0.000000 0.000000 0.000000 0.000000 0.000000 0.000000 0.000000 0.000000 0.000000 0.000000 0.000000 0.000000 0.000000 0.000000 0.000000 0.000000 0.000000 0.421888 0.460704 0.485513 0.595108 0.665245 0.659906 0.594856 0.512885 0.484908 0.456465 0.410740 0.000000 0.000000 0.000000 0.611164 0.582311 0.618750 0.569869 0.466282 0.000000 0.656066 0.908658 0.957322 0.888139 0.802965 0.683810 0.281170 0.375466 0.377237 0.485112 0.407561 0.223012 0.118197 0.156007 0.172096 0.164324 0.431134 0.505048 0.468376 0.386789 0.000000 0.000000 0.000000 0.000000 0.000000 0.000000 0.000000 0.000000 0.000000 0.000000 0.000000 0.000000 0.000000 0.000000 0.004000 0.638744 0.901435 0.648334 0.686978 0.633823 0.671974 0.668550 0.593257 0.668618 0.682423 0.657416 0.570093 0.535460 0.429122 0.000000 0.000000 0.000000 0.000000 0.382558 0.416945 0.595533 0.607421 0.561570 0.466638 0.385900 0.000000 0.000000 0.000000 0.000000 0.000000 0.000000 0.394792 0.465353 0.545020 0.852589 0.863295 0.644016 0.110427 0.135893 0.217251 0.228583 0.337854 0.321313 0.173525 0.070578 0.464768 0.547004 0.487862 0.492468 0.538197 0.364189 0.000000 0.000000 0.423333 0.614750 0.636380 0.716349 0.680240 0.602541 0.503032 0.602601 0.594112 0.564032 0.470239 0.000000 0.000000 0.558366 0.000000 0.580585 0.562303 0.725510 0.785316 0.698199 0.503109 0.560341 0.545541 0.425844 0.418815 0.000000 0.000000 0.000000 0.000000 0.000000 0.000000 0.000000 0.000000 0.000000 0.671999 0.553788 0.446448 0.000000 0.000000 0.000000 0.000000 0.000000 0.000000 0.000000 0.000000 0.000000 0.000000 0.000000 0.000000 0.000000 0.000000 0.000000 0.000000 0.000000
0.000000 0.000000 0.000000 0.000000 0.000000 0.000000 0.000000 0.000000 0.000000 0.000000 0.000000 0.000000 0.000000 0.000000 0.000000 0.000000 0.000000 0.000000 0.000000 0.004000 0.490130 0.672949 0.930125 0.927303 0.951721 0.929064 0.861517 0.754939 0.638528 0.541578 0.501892 0.441629 0.471063 0.491444 0.574627 0.568180 0.615352 0.511911 0.543505 0.702256 0.755723 0.762085 0.662442 0.463788 0.488359 0.526860 0.508029 0.525070 0.490838 0.000000 0.000000 0.000000 0.000000 0.000000 0.000000 0.000000 0.000000 0.000000 0.000000 0.000000 0.000000 0.000000 0.000000 0.000000 0.000000 0.000000 0.000000 0.000000 0.000000 0.000000 0.000000 0.000000 0.000000 0.000000 0.460392 0.502993 0.499772 0.477236 0.440509 0.383224 0.000000 0.000000 0.436325 0.558603 0.614186 0.706090 0.762410 0.849424 0.999641 0.936053 0.918383 0.891280 0.836501 0.788207 0.793484 0.719965 0.639119 0.561694 0.486839 0.432426 0.381458 0.501169 0.505825 0.482286 0.568701 0.685497 0.652201 0.561217 0.489344 0.421258 0.000000 0.000000 0.000000 0.000000 0.000000 0.452026 0.497875 0.568584 0.500157 1.106617 0.520242 0.587846 0.647901 0.661597 0.672656 0.594657 0.483513 0.530970 0.452110 0.420633 0.380608 0.000000 0.592177 0.749054 0.759718 0.687569 0.583844 0.725245 0.627166 0.787473 0.828721 0.835959 0.658566 0.660823 0.283205 0.367311 0.482247 0.523313 0.943747 0.448669 0.302333 0.178718 0.160203 0.164641 0.566489 0.585843 0.536875 0.398247 0.000000 0.000000 0.000000 0.000000 0.000000 0.000000 0.000000 0.000000 0.000000 0.000000 0.000000 0.000000 0.000000 0.725005 0.801057 1.061928 0.676411 0.689150 0.660845 0.626398 0.715174 0.690457 0.590510 0.628582 0.670600 0.639790 0.538409 0.448855 0.371303 0.433683 0.000000 0.000000 0.486054 0.650727 0.616319 0.628834 0.554357 0.545825 0.492956 0.398642 0.000000 0.000000 0.000000 0.000000 0.000000 0.442998 0.445922 0.675916 0.452285 0.777650 0.881365 0.705203 0.191889 0.181314 0.281444 0.376909 0.751989 0.196667 0.170779 0.132246 0.550763 0.505913 0.458774 0.624934 0.673442 0.568854 0.380993 0.000000 0.000000 0.526527 0.547158 0.625545 0.687277 0.660872 0.564377 0.582299 0.533370 0.544469 0.480816 0.000000 0.000000 0.000000 0.000000 0.527771 0.549052 0.604848 0.670831 0.643109 0.609488 0.630306 0.639210 0.553035 0.540718 0.376701 0.000000 0.000000 0.000000 0.000000 0.000000 0.000000 0.000000 0.000000 0.000000 0.000000 0.000000 0.000000 0.000000 0.000000 0.000000 0.000000 0.000000 0.000000 0.000000 0.000000 0.000000 0.000000 0.000000 0.000000 0.000000 0.000000 0.000000 0.000000
0.000000 0.000000 0.000000 0.000000 0.000000 0.000000 0.000000 0.000000 0.000000 0.000000 0.000000 0.000000 0.000000 0.000000 0.000000 0.000000 0.280002 0.000000 0.000000 0.452605 0.641240 0.710387 0.757769 0.736435 0.681790 0.634930 0.634654 0.557374 0.523277 0.467361 0.500780 0.545312 0.644262 0.564800 0.679151 0.697333 0.600406 0.536444 0.494186 0.374008 0.000000 0.462644 0.527968 0.476495 0.408566 0.524732 0.568034 0.574273 0.504835 0.461677 0.395527 0.000000 0.000000 0.000000 0.000000 0.000000 0.000000 0.000000 0.000000 0.000000 0.000000 0.000000 0.000000 0.000000 0.000000 0.000000 0.000000 0.000000 0.000000 0.000000 0.000000 0.000000 0.000000 0.000000 0.487290 0.420619 0.399302 0.000000 0.000000 0.423065 0.465730 0.496181 0.549675 0.669738 0.748343 0.786625 0.865555 0.859421 0.893307 1.004299 1.016809 1.068276 1.000091 0.903002 0.821566 0.728240 0.646389 0.551093 0.489390 0.436185 0.387063 0.602123 0.598736 0.566353 0.595603 0.804567 0.776326 0.737318 0.662291 0.560076 0.489210 0.420355 0.000000 0.741581 0.573559 0.642891 0.710092 0.796359 0.703641 0.684446 0.589089 0.577421 0.717322 0.646523 0.629657 0.614251 0.513092 0.596646 0.643543 0.606417 0.532659 0.568620 0.584392 0.719920 0.747727 0.718404 0.634866 0.543391 0.548423 0.745874 0.811588 0.635301 0.799818 0.853290 0.721276 0.381911 0.406118 0.466062 0.454667 0.425598 0.392506 0.313011 0.249041 0.546455 0.478876 0.676771 0.613819 0.498512 0.000000 0.000000 0.000000 0.000000 0.000000 0.000000 0.000000 0.000000 0.000000 0.000000 0.000000 0.000000 0.000000 0.450922 0.000000 0.000000 0.588920 0.684821 0.664501 0.749173 0.762570 0.701380 0.568990 0.620986 0.658267 0.591146 0.518929 0.440478 0.369277 0.000000 0.000000 0.479295 0.634577 0.791894 0.725831 0.637831 0.501078 0.488808 0.448270 0.381376 0.000000 0.000000 0.000000 0.000000 0.000000 0.000000 0.000000 0.000000 0.000000 0.686038 0.843104 0.916463 0.330602 0.358800 0.417825 0.780242 0.210881 0.281023 0.227830 0.626875 0.621075 0.253875 0.150484 0.548974 0.663582 0.617836 0.532710 0.502640 0.487081 0.492856 0.596134 0.743519 0.815451 0.779644 0.646388 0.399628 0.000000 0.000000 0.000000 0.000000 0.000000 0.000000 0.000000 0.000000 0.000000 0.000000 0.425547 0.480118 0.693096 0.759325 0.745735 0.680887 0.611274 0.418167 0.000000 0.000000 0.000000 0.000000 0.000000 0.000000 0.000000 0.000000 0.000000 0.000000 0.000000 0.000000 0.000000 0.000000 0.000000 0.000000 0.000000 0.000000 0.000000 0.000000 0.000000 0.000000 0.000000 0.000000 0.000000 0.000000 0.000000 0.000000
0.000000 0.000000 0.000000 0.000000 0.000000 0.000000 0.000000 0.000000 0.000000 0.000000 0.000000 0.000000 0.000000 0.000000 0.000000 0.000000 0.004000 0.000000 0.000000 0.522460 0.669674 0.740373 0.687914 0.705277 0.663515 0.577100 0.428598 0.428821 0.481081 0.511203 0.541919 0.627692 0.808029 0.807287 0.700887 0.614897 0.498839 0.428142 0.350883 0.416856 0.452486 0.450717 0.000000 0.000000 0.415135 0.529047 0.558278 0.553220 0.554920 0.512247 0.434891 0.000000 0.000000 0.000000 0.000000 0.000000 0.000000 0.000000 0.000000 0.000000 0.000000 0.000000 0.000000 0.000000 0.000000 0.000000 0.000000 0.000000 0.000000 0.000000 0.000000 0.000000 0.000000 0.000000 0.000000 0.667772 0.000000 0.000000 0.000000 0.000000 0.430183 0.490336 0.513965 0.526964 0.546735 0.611068 0.649593 0.657306 0.654517 0.852929 0.891791 0.908586 0.857464 0.781636 0.706640 0.644845 0.579067 0.498288 0.454103 0.411096 0.366392 0.000000 0.419674 0.511692 0.518664 0.677703 0.702456 0.685397 0.641511 0.594306 0.516162 0.478364 0.441395 0.847510 0.919282 0.710327 0.759077 0.760288 0.759682 0.768251 0.735601 0.648448 0.479978 0.544178 0.528214 0.604230 0.421930 0.545518 0.552603 0.537734 0.512939 0.680028 0.639794 0.656088 0.766026 0.701043 0.645784 0.603972 0.552650 0.600967 0.701771 0.723525 0.703577 0.393846 0.288439 0.156007 0.376650 0.615093 0.246641 0.289972 0.253623 0.239427 0.291855 0.589637 0.547560 0.703906 0.640183 0.504459 0.000000 0.000000 0.000000 0.000000 0.000000 0.000000 0.000000 0.000000 0.000000 0.000000 0.000000 0.000000 0.000000 0.000000 0.000000 0.000000 0.672450 0.670458 0.691513 0.849441 0.802500 0.692138 0.601444 0.631818 0.663140 0.569619 0.484504 0.000000 0.000000 0.000000 0.000000 0.587891 0.695493 0.806008 0.722873 0.597605 0.429849 0.416483 0.381503 0.000000 0.000000 0.426191 0.411110 0.000000 0.417759 0.505102 0.480621 0.622616 0.346832 0.497815 0.546309 0.603521 0.620836 0.405812 0.820508 0.746340 0.683404 0.350268 0.326227 0.338908 0.632128 0.187579 0.556468 0.558040 0.631843 0.544309 0.543199 0.590267 0.617496 0.619046 0.732316 0.803560 0.774583 0.706895 0.595993 0.549697 0.000000 0.000000 0.000000 0.000000 0.000000 0.000000 0.000000 0.000000 0.000000 0.507483 0.731904 0.695112 0.769881 0.812298 0.773493 0.687231 0.551054 0.000000 0.429037 0.464018 0.415000 0.000000 0.000000 0.000000 0.000000 0.000000 0.000000 0.000000 0.000000 0.000000 0.000000 0.000000 0.000000 0.000000 0.000000 0.000000 0.000000 0.000000 0.000000 0.000000 0.000000 0.000000 0.000000 0.000000 0.000000 0.000000
0.000000 0.000000 0.000000 0.000000 0.000000 0.000000 0.000000 0.000000 0.000000 0.000000 0.000000 0.000000 0.000000 0.000000 0.000000 0.613545 0.000000 0.000000 0.000000 0.508449 0.642474 0.681773 0.691821 0.661357 0.619337 0.499186 0.432345 0.389552 0.518169 0.580318 0.626297 0.659336 0.660339 0.613272 0.468357 0.000000 0.000000 0.000000 0.000000 0.000000 0.000000 0.000000 0.000000 0.000000 0.000000 0.000000 0.000000 0.000000 0.000000 0.000000 0.000000 0.000000 0.000000 0.000000 0.000000 0.000000 0.000000 0.000000 0.000000 0.000000 0.000000 0.000000 0.000000 0.000000 0.000000 0.000000 0.000000 0.000000 0.000000 0.000000 0.000000 0.000000 0.000000 0.000000 0.000000 0.000000 0.000000 0.000000 0.000000 0.000000 0.000000 0.000000 0.000000 0.000000 0.402684 0.514130 0.425655 0.383192 0.357412 0.660433 0.805622 0.823851 0.773870 0.717918 0.633971 0.567705 0.454074 0.421550 0.386792 0.350598 0.000000 0.000000 0.000000 0.000000 0.501791 0.559667 0.576369 0.559066 0.575535 0.590071 0.564606 0.611990 0.627392 0.584650 0.687195 0.645627 0.708357 0.741883 0.775344 0.720975 0.728075 0.614080 0.489524 0.431305 0.564405 0.535472 0.527887 0.590556 0.589331 0.591565 0.737881 0.772242 0.732918 0.559275 0.571449 0.578468 0.544153 0.603963 0.529653 0.832977 0.518604 0.464805 0.218887 0.354434 0.281911 0.232068 0.287791 0.732671 0.726800 0.314575 0.704604 0.652656 0.285689 0.585924 0.543081 0.597510 0.503710 0.399879 0.000000 0.000000 0.000000 0.000000 0.000000 0.000000 0.000000 0.000000 0.000000 0.000000 0.000000 0.000000 0.000000 0.000000 0.000000 0.472406 0.696918 0.659850 0.731294 0.911488 0.825386 0.705519 0.596343 0.609303 0.619125 0.536157 0.400884 0.000000 0.000000 0.382523 0.538717 0.682384 0.687595 0.647722 0.632227 0.516012 0.375703 0.000000 0.000000 0.000000 0.383798 0.514371 0.461702 0.000000 0.468955 0.560960 0.533355 0.811901 0.386254 0.539239 0.667528 0.706862 0.673847 0.828829 0.792422 0.729362 0.724572 0.209669 0.154468 0.170939 0.175850 0.214774 0.568951 0.550143 0.567594 0.440422 0.490970 0.564311 0.703389 0.758633 0.791836 0.812254 0.809218 0.743528 0.638183 0.532481 0.453848 0.445323 0.406689 0.000000 0.000000 0.000000 0.000000 0.000000 0.544308 0.677610 0.761730 0.815992 0.768354 0.724088 0.647019 0.453646 0.000000 0.000000 0.519233 0.524368 0.451020 0.000000 0.000000 0.000000 0.000000 0.000000 0.000000 0.000000 0.000000 0.000000 0.000000 0.000000 0.000000 0.000000 0.000000 0.000000 0.000000 0.000000 0.000000 0.000000 0.000000 0.000000 0.000000 0.000000 0.000000 0.000000
0.000000 0.000000 0.000000 0.000000 0.000000 0.000000 0.000000 0.000000 0.000000 0.000000 0.000000 0.000000 0.000000 0.000000 0.000000 0.000000 0.000000 0.000000 0.391308 0.423512 0.488628 0.533639 0.568776 0.651444 0.702846 0.650785 0.572512 0.506322 0.571745 0.618818 0.630959 0.614399 0.587275 0.534634 0.425667 0.000000 0.000000 0.000000 0.000000 0.000000 0.000000 0.000000 0.472711 0.000000 0.000000 0.000000 0.151086 0.000000 0.000000 0.000000 0.000000 0.000000 0.000000 0.000000 0.000000 0.000000 0.000000 0.000000 0.000000 0.000000 0.000000 0.000000 0.000000 0.000000 0.000000 0.000000 0.000000 0.000000 0.000000 0.000000 0.000000 0.000000 0.000000 0.000000 0.000000 0.000000 0.000000 0.000000 0.000000 0.000000 0.000000 0.000000 0.000000 0.421241 0.446266 0.556361 0.000000 0.000000 0.000000 0.606816 0.752494 0.735932 0.639289 0.627760 0.544855 0.496306 0.357945 0.000000 0.000000 0.000000 0.000000 0.000000 0.000000 0.000000 0.000000 0.000000 0.521757 0.627759 0.723565 0.746182 0.703184 0.697119 0.548461 0.646531 0.620687 0.571176 0.637655 0.692347 0.688168 0.671912 0.657207 0.499368 0.438209 0.476836 0.394985 0.562984 0.729556 0.391035 0.613309 0.500968 0.627963 0.722131 0.743820 0.708715 0.559123 0.582157 0.553887 0.630663 0.812398 0.499580 0.436926 0.803298 0.498031 0.410488 0.339261 0.308919 0.380255 0.753120 0.806584 0.778502 0.734865 0.682223 0.620013 0.700717 0.622264 0.500286 0.000000 0.000000 0.000000 0.000000 0.000000 0.000000 0.000000 0.000000 0.000000 0.000000 0.000000 0.000000 0.000000 0.000000 0.000000 0.000000 0.000000 0.494101 0.882722 0.568800 0.749960 0.920820 0.849544 0.738829 0.595889 0.573213 0.599041 0.625141 0.551314 0.489183 0.390289 0.466487 0.644220 0.691541 0.622115 0.638377 0.619527 0.560001 0.456433 0.377007 0.000000 0.377420 0.484506 0.509225 0.438651 0.000000 0.000000 0.416645 0.424235 0.413261 0.520266 0.570321 0.775250 0.794855 0.877988 0.832851 0.921714 0.469620 0.766984 0.250104 0.132861 0.153302 0.237108 0.560863 0.551368 0.623916 0.387991 0.000000 0.456562 0.564493 0.734476 0.786978 0.696514 0.751006 0.697910 0.679294 0.556059 0.583645 0.592277 0.521454 0.534196 0.521867 0.516976 0.497979 0.375046 0.503313 0.733445 0.829210 0.855981 0.848271 0.777786 0.674803 0.504625 0.385769 0.000000 0.467841 0.585539 0.554399 0.457275 0.000000 0.000000 0.000000 0.000000 0.401108 0.465117 0.455954 0.407262 0.000000 0.000000 0.000000 0.000000 0.000000 0.381851 0.411100 0.383316 0.000000 0.000000 0.000000 0.000000 0.000000 0.000000 0.000000 0.000000 0.000000
0.000000 0.000000 0.000000 0.000000 0.000000 0.000000 0.000000 0.000000 0.000000 0.000000 0.000000 0.000000 0.000000 0.000000 0.000000 0.000000 0.000000 0.000000 0.000000 0.384299 0.492972 0.516109 0.534780 0.991501 1.062978 0.666360 0.666179 0.659966 0.719471 0.667285 0.646299 0.656592 0.572222 0.419282 0.000000 0.000000 0.000000 0.000000 0.000000 0.000000 0.000000 0.000000 0.000000 0.000000 0.000000 0.000000 0.000000 0.000000 0.000000 0.000000 0.000000 0.000000 0.000000 0.000000 0.000000 0.000000 0.000000 0.000000 0.000000 0.000000 0.000000 0.000000 0.000000 0.000000 0.000000 0.000000 0.000000 0.000000 0.000000 0.000000 0.000000 0.000000 0.000000 0.000000 0.000000 0.000000 0.000000 0.000000 0.000000 0.000000 0.000000 0.000000 0.000000 0.000000 0.000000 0.000000 0.000000 0.000000 0.517628 0.565658 0.564368 0.603585 0.694408 0.765845 0.815766 0.721684 0.590893 0.547829 0.441709 0.409402 0.557760 0.490604 0.000000 0.000000 0.421974 0.523276 0.578149 0.724142 0.775376 0.711791 0.732267 0.582798 0.631550 0.605524 0.573560 0.714611 0.690746 0.662456 0.731436 0.706250 0.685465 0.645899 0.654240 0.537593 0.365648 0.461798 0.468126 0.387758 0.437727 0.457656 0.518183 0.632508 0.508362 0.602675 0.512179 0.576095 0.601967 0.623878 0.712022 0.548354 0.382389 0.512487 0.551587 0.509723 0.415918 0.393221 0.463266 0.839016 0.850649 0.815904 0.757191 0.683144 0.630088 0.575860 0.485431 0.422893 0.000000 0.000000 0.000000 0.000000 0.000000 0.000000 0.000000 0.000000 0.000000 0.000000 0.000000 0.000000 0.000000 0.000000 0.000000 0.000000 0.000000 0.403210 0.571724 0.654557 0.790243 0.928141 0.873584 0.773300 0.644409 0.449678 0.652518 0.765504 0.709822 0.645303 0.541408 0.536660 0.659047 0.519023 0.586354 0.723491 0.737325 0.668335 0.576017 0.503474 0.442513 0.527961 0.504399 0.429846 0.498081 0.492156 0.406571 0.471787 0.392718 0.355072 0.000000 0.561442 0.791314 0.611726 0.682244 0.828976 1.000564 0.605664 0.215532 0.272484 0.466427 0.409175 0.351723 0.828568 0.744687 0.695803 0.513366 0.436224 0.728831 0.758612 0.813204 0.822604 0.727541 0.770815 0.775075 0.676603 0.616761 0.666020 0.660327 0.599899 0.639237 0.633205 0.598836 0.503785 0.425980 0.635417 0.808644 0.817954 0.864413 0.782188 0.658586 0.583921 0.519508 0.000000 0.398923 0.676015 0.761735 0.706966 0.563142 0.000000 0.000000 0.000000 0.000000 0.433654 0.512511 0.526263 0.506091 0.427445 0.000000 0.000000 0.484794 0.527257 0.566659 0.562943 0.508336 0.401272 0.000000 0.000000 0.000000 0.000000 0.000000 0.000000 0.000000 0.000000
0.000000 0.000000 0.000000 0.000000 0.000000 0.000000 0.000000 0.000000 0.000000 0.000000 0.000000 0.000000 0.000000 0.000000 0.000000 0.000000 0.412699 0.633264 0.000000 0.373783 0.420966 0.418586 0.620188 0.575255 0.546527 0.604008 0.616331 0.649557 0.668154 0.638375 0.627598 0.543588 0.544030 0.474530 0.000000 0.000000 0.000000 0.376936 0.386336 0.416298 0.401502 0.355341 0.000000 0.000000 0.000000 0.000000 0.000000 0.000000 0.000000 0.000000 0.000000 0.000000 0.000000 0.000000 0.000000 0.000000 0.000000 0.000000 0.000000 0.000000 0.000000 0.000000 0.000000 0.000000 0.000000 0.000000 0.000000 0.000000 0.000000 0.000000 0.000000 0.000000 0.000000 0.000000 0.000000 0.435821 0.442383 0.431002 0.448393 0.457945 0.445016 0.408238 0.000000 0.000000 0.000000 0.000000 0.401194 0.504359 0.559701 0.663330 0.732306 0.783790 0.814734 0.865488 0.876113 0.752538 0.533426 0.652536 0.613365 0.612843 0.528914 0.396980 0.000000 0.409985 0.534924 0.897266 0.601480 0.672423 0.697322 0.666488 0.699077 0.621116 0.707273 0.687308 0.624842 0.558055 0.518106 0.637023 0.500213 0.555468 0.689184 0.581215 0.538923 0.459540 0.370549 0.373261 0.373534 0.375862 0.483435 0.481688 0.563308 0.613870 0.608422 0.619896 0.515447 0.642088 0.431890 0.804976 0.731815 0.495242 0.361676 0.557568 0.553818 0.503519 0.413242 0.421968 0.437322 0.419006 0.375744 0.360399 0.277314 0.284800 0.650127 0.748532 0.629847 0.507178 0.000000 0.000000 0.000000 0.000000 0.000000 0.000000 0.000000 0.000000 0.000000 0.000000 0.000000 0.000000 0.000000 0.000000 0.000000 0.000000 0.403212 0.545925 0.680635 0.741945 0.844181 0.875564 0.868449 0.815071 0.701579 0.567313 0.824020 0.909381 0.832694 0.719378 0.610295 0.510875 0.570701 0.584814 0.698930 0.677190 0.824747 0.790738 0.768025 0.682922 0.612415 0.537725 0.537311 0.592191 0.599992 0.600232 0.599868 0.568554 0.503658 0.400834 0.000000 0.463117 0.608960 0.510874 0.815091 1.045553 0.918898 0.911698 0.353893 0.104178 0.244670 0.285740 0.474393 0.776165 0.725541 0.842058 0.714406 0.593057 0.688552 0.727864 0.859440 0.885337 0.787169 0.744496 0.653535 0.578745 0.299879 0.657928 0.642350 0.572515 0.681360 0.721484 0.671969 0.589609 0.561156 0.502751 0.721798 0.621563 0.684679 0.546021 0.527802 0.604348 0.741193 0.579638 0.840663 1.479455 1.629386 1.445968 0.988339 0.000000 0.000000 0.000000 0.000000 0.000000 0.461593 0.526738 0.543958 0.479195 0.000000 0.397466 0.553657 0.622267 0.664405 0.649042 0.573063 0.426960 0.000000 0.000000 0.000000 0.000000 0.000000 0.000000 0.000000 0.000000
0.000000 0.000000 0.000000 0.000000 0.000000 0.000000 0.000000 0.000000 0.000000 0.000000 0.000000 0.000000 0.000000 0.000000 0.000000 0.000000 0.000000 0.000000 0.000000 0.000000 0.410696 0.566205 0.654452 0.672185 0.642258 0.604621 0.620654 0.590970 0.560389 0.592749 0.633653 0.634441 0.614981 0.568159 0.491891 0.386703 0.396788 0.431504 0.507734 0.508240 0.464837 0.400238 0.000000 0.000000 0.000000 0.000000 0.000000 0.000000 0.000000 0.000000 0.000000 0.000000 0.000000 0.000000 0.000000 0.000000 0.000000 0.000000 0.000000 0.000000 0.000000 0.000000 0.000000 0.000000 0.000000 0.000000 0.000000 0.000000 0.000000 0.000000 0.000000 0.000000 0.000000 0.528827 0.691576 0.697706 0.662858 0.628858 0.611270 0.596222 0.568390 0.534308 0.482332 0.411027 0.000000 0.210997 0.630964 0.837451 0.992147 1.044757 1.009430 0.888093 0.867666 0.978700 0.706551 0.655864 0.507169 0.489467 0.631853 0.616579 0.568577 0.521303 0.475617 0.368377 0.385033 0.399564 0.382645 0.000000 0.000000 0.000000 0.729339 0.847823 0.769670 0.675418 0.542072 0.486684 0.442821 0.538740 0.465814 0.452747 0.506576 0.471071 0.370755 0.000000 0.000000 0.000000 0.000000 0.418319 0.436481 0.506497 0.617386 0.650853 0.650590 0.634554 0.519695 0.577037 0.786032 0.776244 0.661405 0.334302 0.448658 0.474935 0.481794 0.493092 0.424639 0.379326 0.379190 0.412446 0.241475 0.242376 0.283476 0.296662 0.667660 0.599147 0.621713 0.517831 0.000000 0.000000 0.000000 0.000000 0.000000 0.000000 0.000000 0.000000 0.000000 0.000000 0.000000 0.000000 0.000000 0.000000 0.000000 0.000000 0.559230 0.520372 0.704105 0.733350 0.782782 0.742779 0.801187 0.792891 0.737870 0.615953 0.900126 0.927730 0.882648 0.757888 0.687941 0.612171 0.680817 0.775621 0.632491 0.635155 0.824483 0.908406 0.803061 0.767091 0.660229 0.588637 0.713695 0.749219 0.741385 0.733335 0.724126 0.680654 0.572814 0.439573 0.391369 0.403753 0.520065 0.683807 0.870326 0.912913 0.831725 0.969435 0.934155 0.251339 0.116248 0.213438 0.492390 0.859926 0.827548 0.907995 0.810054 0.787381 0.588895 0.678546 0.716566 0.822224 0.751036 0.692434 0.529397 0.672488 0.725706 0.924221 0.891483 0.810070 0.775746 0.765575 0.606351 0.713981 0.669019 0.633226 0.506765 0.586478 0.529372 0.489776 0.426525 0.498257 0.422453 0.000000 1.045770 1.155564 1.029476 0.665259 0.000000 0.000000 0.000000 0.000000 0.000000 0.000000 0.000000 0.000000 0.000000 0.420832 0.422188 0.457157 0.530458 0.604474 0.676536 0.665467 0.563025 0.400103 0.000000 0.000000 0.000000 0.000000 0.000000 0.000000 0.000000 0.000000
0.000000 0.000000 0.000000 0.000000 0.000000 0.000000 0.000000 0.000000 0.000000 0.000000 0.406292 0.432490 0.411983 0.369442 0.000000 0.414608 0.442039 0.428366 0.388040 0.000000 0.539969 0.650150 0.691603 0.689819 0.659402 0.612736 0.571498 0.429743 0.436852 0.612454 0.664580 0.699658 0.696393 0.649196 0.566047 0.464816 0.381926 0.513698 0.565506 0.551884 0.489229 0.398728 0.000000 0.000000 0.000000 0.000000 0.000000 0.000000 0.000000 0.000000 0.000000 0.000000 0.000000 0.000000 0.000000 0.000000 0.000000 0.000000 0.000000 0.000000 0.000000 0.000000 0.000000 0.000000 0.000000 0.000000 0.000000 0.000000 0.000000 0.000000 0.000000 0.000000 0.422014 0.660117 0.810429 0.795641 0.751607 0.711890 0.683029 0.660540 0.632035 0.602311 0.622549 0.475700 0.490040 0.000000 0.514408 0.753385 0.941329 0.984533 0.879655 0.821051 0.857179 0.575731 0.562116 0.583535 0.556943 0.648884 0.606084 0.556728 0.601619 0.740003 0.399818 0.378182 0.000000 0.000000 0.000000 0.000000 0.000000 0.554724 0.851693 0.850218 0.775542 0.638695 0.574083 0.549839 0.570910 0.565165 0.000000 0.000000 0.000000 0.000000 0.443513 0.000000 0.000000 0.458636 0.563963 0.540670 0.477256 0.521869 0.609783 0.625859 0.600285 0.546665 0.596285 0.599701 0.382499 0.484408 0.765430 0.233966 0.333341 0.405958 0.499628 0.544749 0.485580 0.333246 0.510012 0.580411 0.408334 0.453938 0.430388 0.363679 0.350783 0.579802 0.569814 0.406215 0.000000 0.000000 0.000000 0.000000 0.000000 0.000000 0.000000 0.000000 0.000000 0.000000 0.000000 0.000000 0.000000 0.000000 0.000000 0.000000 0.554760 0.417038 0.757636 0.678846 0.636396 0.558985 0.604431 0.686642 0.652396 0.734277 0.899133 0.979976 0.933397 0.802310 0.771275 0.706981 0.618394 0.733394 0.690490 0.585673 0.671931 0.730492 0.709310 0.694652 0.630296 0.739822 0.813560 0.814764 0.799899 0.792074 0.783675 0.718074 0.594348 0.414895 0.389736 0.379677 0.642606 0.780886 0.809339 0.815298 0.333573 0.563733 0.589999 0.492363 0.315672 0.287848 0.783596 0.879644 0.906035 0.891648 0.935871 0.700062 0.637967 0.570206 0.592998 0.586608 0.519411 0.616655 0.541043 0.392373 0.738633 0.949306 0.937062 0.844450 0.645589 0.677213 0.723038 0.825084 0.579006 0.487410 0.546028 0.582687 0.529075 0.401599 0.509029 0.617107 0.532322 0.566290 0.755308 0.496549 0.000000 0.379172 0.397985 0.000000 0.000000 0.000000 0.000000 0.000000 0.000000 0.000000 0.000000 0.000000 0.000000 0.000000 0.000000 0.443514 0.559070 0.519146 0.427660 0.000000 0.000000 0.000000 0.000000 0.000000 0.000000 0.000000 0.000000 0.000000
0.000000 0.000000 0.000000 0.000000 0.000000 0.000000 0.000000 0.000000 0.000000 0.511680 0.609668 0.619961 0.624513 0.642992 0.625043 0.592996 0.560456 0.523315 0.463057 0.480934 0.640693 0.719107 0.706591 0.644300 0.553199 0.486938 0.422824 0.501825 0.559763 0.596657 0.648790 0.677029 0.683708 0.644503 0.572176 0.499248 0.388193 0.514482 0.552338 0.518201 0.446696 0.000000 0.000000 0.000000 0.000000 0.000000 0.000000 0.000000 0.000000 0.000000 0.000000 0.000000 0.000000 0.000000 0.000000 0.000000 0.000000 0.000000 0.000000 0.000000 0.000000 0.000000 0.000000 0.000000 0.000000 0.000000 0.000000 0.000000 0.000000 0.000000 0.000000 0.416495 0.575269 0.709956 0.719912 0.700200 0.691465 0.677041 0.639971 0.609624 0.574911 0.830651 0.531788 0.480868 0.414916 0.000000 0.552089 0.447188 0.694017 0.772997 0.799176 0.727646 0.746862 0.695311 0.539715 0.571023 0.600671 0.712494 0.642302 0.558183 0.513000 0.499537 0.424309 0.400217 0.365323 0.000000 0.000000 0.000000 0.000000 0.424247 0.617576 0.543246 0.934216 0.544095 0.455174 0.399241 0.000000 0.000000 0.000000 0.397917 0.441583 0.387382 0.455482 0.774745 0.674093 0.691956 0.715359 0.666188 0.510088 0.636839 0.601333 0.702015 0.655963 0.245169 0.568402 0.280320 0.396913 0.422091 0.684206 0.339758 0.316769 0.388919 0.467470 0.409717 0.397529 0.560538 0.634299 0.624246 0.511730 0.436051 0.350189 0.290042 0.260816 0.175149 0.424455 0.000000 0.000000 0.000000 0.000000 0.000000 0.000000 0.000000 0.000000 0.000000 0.000000 0.000000 0.000000 0.000000 0.000000 0.000000 0.000000 0.305742 0.298335 0.474957 0.678877 0.554268 0.434503 0.401177 0.000000 0.453179 0.448459 0.645178 0.746686 0.942793 0.942904 0.901112 0.852401 0.789616 0.789620 0.725795 0.653859 0.501729 0.582122 0.535796 0.504481 0.454056 0.598326 0.634561 0.643945 0.628800 0.677261 0.672477 0.629528 0.561861 0.467567 0.004000 0.000000 0.401254 0.664141 0.735199 0.742129 0.684059 0.159217 0.479174 0.706501 0.660074 0.459353 0.362222 0.288673 0.474953 0.653362 0.897803 1.001463 0.930718 0.689640 0.626647 0.701238 0.642026 0.690011 0.640770 0.145365 0.126247 0.369791 0.762646 0.887827 0.819693 0.603773 0.612755 0.713011 0.691603 0.600476 0.664267 0.503983 0.445471 0.413739 0.000000 0.516818 0.683235 0.594154 0.000000 0.380100 0.385542 0.000000 0.489911 0.549590 0.426043 0.000000 0.000000 0.000000 0.000000 0.000000 0.000000 0.443864 0.906983 0.000000 0.000000 0.000000 0.000000 0.000000 0.000000 0.000000 0.000000 0.000000 0.000000 0.000000 0.000000 0.000000 0.000000 0.000000 0.000000
0.000000 0.000000 0.000000 0.000000 0.000000 0.000000 0.000000 0.000000 0.401071 0.620561 0.715054 0.802420 0.808636 0.777479 0.723026 0.668343 0.625095 0.571495 0.494681 0.689207 0.775987 0.742818 0.706130 0.674777 0.616607 0.522426 0.500776 0.549149 0.511427 0.483764 0.428472 0.000000 0.000000 0.000000 0.000000 0.000000 0.000000 0.380813 0.389615 0.361049 0.350108 0.000000 0.000000 0.000000 0.000000 0.000000 0.000000 0.000000 0.000000 0.000000 0.000000 0.000000 0.000000 0.000000 0.000000 0.000000 0.000000 0.000000 0.000000 0.000000 0.000000 0.000000 0.000000 0.000000 0.000000 0.000000 0.000000 0.000000 0.000000 0.000000 0.000000 0.515430 0.679017 0.700354 0.694700 0.669671 0.626505 0.581655 0.545112 0.498299 0.442199 0.419100 0.535909 0.368537 0.000000 0.000000 0.417831 0.454663 0.599962 0.581008 0.606023 0.635150 0.609014 0.596889 0.448078 0.474894 0.682393 0.662760 0.613304 0.560930 0.527161 0.383351 0.000000 0.000000 0.000000 0.000000 0.000000 0.000000 0.000000 0.659298 0.608831 0.497312 0.411613 0.000000 0.447802 0.445471 0.418493 0.000000 0.000000 0.461285 0.494561 0.539246 0.638043 0.730927 0.830328 0.857143 0.831513 0.756354 0.641604 0.549844 0.721503 0.694576 0.719017 0.725156 0.769908 0.637272 0.633876 0.690839 0.326544 0.271633 0.326885 0.749490 0.220269 0.233452 0.316810 0.398091 0.492456 0.467501 0.298145 0.159208 0.157149 0.152643 0.136395 0.174243 0.461277 0.533325 0.375171 0.000000 0.000000 0.000000 0.000000 0.000000 0.000000 0.000000 0.000000 0.000000 0.000000 0.000000 0.000000 0.000000 0.488622 0.000000 0.000000 0.000000 0.000000 0.000000 0.000000 0.000000 0.000000 0.447756 0.000000 0.469659 0.681940 0.716534 0.774088 0.892103 0.838624 0.974095 0.938080 0.853512 0.834421 0.870044 0.843429 0.732597 0.584882 0.470115 0.586779 0.573141 0.486576 0.406421 0.472749 0.465325 0.408320 0.000000 0.000000 0.000000 0.000000 0.000000 0.573133 0.647186 0.701039 0.657857 0.516632 0.367102 0.982292 1.006454 0.520113 0.357826 0.276185 0.252444 0.822725 0.897565 1.059736 0.830141 0.790150 0.713010 0.641887 0.641018 0.671801 0.630515 0.595227 0.294028 0.357027 0.679917 0.831329 0.630402 0.608068 0.614725 0.715368 0.833457 0.790989 0.626690 0.466796 0.000000 0.000000 0.000000 0.472383 0.638505 0.558367 0.000000 0.453935 0.451461 0.395241 0.681145 1.063292 0.702864 0.000000 0.000000 0.000000 0.000000 0.000000 0.000000 0.000000 0.000000 0.000000 0.000000 0.000000 0.000000 0.000000 0.000000 0.000000 0.000000 0.000000 0.000000 0.000000 0.000000 0.000000 0.000000 0.000000 0.000000
0.000000 0.000000 0.000000 0.000000 0.000000 0.000000 0.000000 0.000000 1.323256 0.707688 0.859415 0.919464 0.889226 0.815177 0.703651 0.599011 0.514095 0.532948 0.677504 0.905558 0.930058 0.843800 0.749390 0.674177 0.569847 0.489022 0.406402 0.000000 0.000000 0.000000 0.000000 0.000000 0.000000 0.000000 0.000000 0.000000 0.000000 0.000000 0.000000 0.000000 0.000000 0.000000 0.000000 0.000000 0.000000 0.000000 0.000000 0.000000 0.000000 0.000000 0.000000 0.000000 0.000000 0.000000 0.000000 0.000000 0.000000 0.000000 0.000000 0.000000 0.000000 0.000000 0.000000 0.000000 0.000000 0.000000 0.000000 0.000000 0.000000 0.000000 0.398303 0.592049 0.593648 0.638795 0.649559 0.634776 0.620885 0.582360 0.537216 0.486126 0.424895 0.359413 0.000000 0.000000 0.000000 0.000000 0.506691 0.623771 0.788852 0.569921 0.700096 0.709434 0.702895 0.546709 0.511096 0.459825 0.482333 0.593357 0.616742 0.581917 0.542414 0.453324 0.387610 0.000000 0.000000 0.000000 0.000000 0.000000 0.000000 0.403192 0.505345 0.773969 0.494075 0.375017 0.426402 0.504422 0.547124 0.483051 0.488609 0.499633 0.540418 0.557321 0.697463 0.554353 0.588203 0.814613 0.714330 0.691392 0.957305 0.526314 0.646319 0.522160 0.452886 0.644472 0.674479 0.530106 0.585575 0.668155 0.758560 0.727380 0.461420 0.830383 0.839383 0.784224 0.442674 0.502677 0.410896 0.341851 0.121176 0.102056 0.170644 0.120777 0.177779 0.272344 0.665921 0.610255 0.398794 0.000000 0.000000 0.000000 0.000000 0.000000 0.000000 0.000000 0.000000 0.000000 0.000000 0.000000 0.000000 0.000000 0.000000 0.000000 0.000000 0.000000 0.000000 0.000000 0.420742 0.398622 0.000000 0.000000 0.000000 0.449975 0.530024 0.506909 0.504903 0.695931 0.702252 0.842288 0.893380 0.881007 0.883280 0.927414 0.874612 0.824151 0.726394 0.537196 0.415781 0.000000 0.549552 0.000000 0.410547 0.000000 0.000000 0.000000 0.000000 0.000000 0.426639 0.551336 0.639054 0.647897 0.597988 0.522792 0.596653 0.277105 0.613169 0.510578 0.283910 0.322970 0.295996 0.337775 0.847391 0.916260 0.653966 0.873584 0.789522 0.670760 0.655425 0.844439 0.736309 0.682839 0.628229 0.646645 0.654040 0.752315 0.773724 0.688431 0.710744 0.749988 0.804551 0.788424 0.740917 0.552251 0.384967 0.000000 0.000000 0.000000 0.411232 0.499037 0.421611 0.000000 0.488395 0.465145 0.544021 0.004000 0.000000 0.000000 0.000000 0.000000 0.000000 0.000000 0.000000 0.000000 0.000000 0.000000 0.000000 0.000000 0.000000 0.000000 0.000000 0.000000 0.000000 0.000000 0.000000 0.000000 0.000000 0.000000 0.000000 0.000000 0.000000 0.000000
0.000000 0.000000 0.000000 0.000000 0.000000 0.000000 0.000000 0.000000 0.548632 0.744623 0.844212 0.858134 0.825045 0.759304 0.640289 0.464830 0.484437 0.643042 0.837249 0.995120 0.956539 0.874352 0.795116 0.709767 0.616821 0.525826 0.401003 0.000000 0.000000 0.000000 0.000000 0.000000 0.000000 0.000000 0.000000 0.000000 0.000000 0.000000 0.000000 0.000000 0.000000 0.000000 0.000000 0.000000 0.000000 0.000000 0.000000 0.000000 0.000000 0.000000 0.000000 0.000000 0.000000 0.000000 0.000000 0.000000 0.000000 0.000000 0.000000 0.000000 0.000000 0.000000 0.000000 0.000000 0.000000 0.000000 0.000000 0.000000 0.000000 0.000000 0.000000 0.000000 0.459598 0.389621 0.425022 0.530289 0.560895 0.548217 0.513040 0.470316 0.420018 0.710831 0.000000 0.000000 0.000000 0.401518 0.510750 0.755434 0.947548 0.909583 0.890123 0.662721 0.597460 0.573056 0.528276 0.485986 0.603604 0.590591 0.619175 0.566378 0.520130 0.467089 0.402132 0.000000 0.326959 0.000000 0.000000 0.000000 0.000000 0.412416 0.550354 0.586064 0.546007 0.489917 0.411657 0.000000 0.369207 0.412387 0.489032 0.513151 0.592301 0.399456 0.824219 0.753889 0.875165 0.764242 0.692296 0.660333 0.908202 0.552072 0.586728 0.521156 0.462777 0.598354 0.570853 0.602424 0.415040 0.542701 0.747773 0.776534 1.041379 0.841240 0.666709 0.601315 0.693487 0.462042 0.334137 0.410422 0.162019 0.239992 0.668771 0.664923 0.372072 0.639922 0.727038 0.589624 0.000000 0.000000 0.000000 0.000000 0.000000 0.000000 0.000000 0.000000 0.000000 0.000000 0.000000 0.000000 0.000000 0.000000 0.000000 0.000000 0.000000 0.000000 0.000000 0.000000 0.498358 0.513382 0.000000 0.000000 0.000000 0.424978 0.419792 0.487403 0.412133 0.524317 0.609290 0.856958 0.885311 0.978463 1.013274 0.997147 0.936356 0.812088 0.683961 0.569007 0.414288 0.000000 0.000000 0.000000 0.000000 0.000000 0.000000 0.000000 0.000000 0.000000 0.000000 0.700631 0.698140 0.627907 0.519655 0.540283 0.533969 0.150124 0.749424 0.724888 0.383817 0.400096 0.389968 0.453522 0.693215 0.802648 0.989836 0.580510 0.694940 0.805552 0.801476 0.855287 0.867364 0.645260 0.580527 0.542072 0.625658 0.613879 0.513566 0.532550 0.599582 0.728573 0.733173 0.628100 0.507639 0.478097 0.412060 0.355521 0.000000 0.000000 0.000000 0.393202 0.000000 0.000000 0.468152 0.471563 0.413290 0.000000 0.000000 0.000000 0.000000 0.000000 0.000000 0.000000 0.000000 0.000000 0.000000 0.000000 0.000000 0.000000 0.000000 0.000000 0.000000 0.000000 0.000000 0.000000 0.000000 0.000000 0.000000 0.000000 0.000000 0.000000 0.000000 0.000000
0.000000 0.000000 0.000000 0.000000 0.000000 0.000000 0.000000 0.000000 0.447465 0.618809 0.654619 0.679917 0.645381 0.585518 0.496794 0.561053 0.563355 0.673880 0.867079 0.941751 0.827716 0.794916 0.739781 0.715039 0.609324 0.511500 0.354508 0.000000 0.000000 0.000000 0.000000 0.000000 0.000000 0.000000 0.000000 0.000000 0.000000 0.000000 0.000000 0.000000 0.000000 0.000000 0.000000 0.000000 0.000000 0.000000 0.000000 0.000000 0.000000 0.000000 0.000000 0.000000 0.000000 0.000000 0.000000 0.000000 0.000000 0.000000 0.000000 0.000000 0.000000 0.000000 0.000000 0.000000 0.000000 0.000000 0.000000 0.000000 0.000000 0.000000 0.000000 0.000000 0.000000 0.000000 0.000000 0.000000 0.000000 0.410709 0.408163 0.383537 0.339993 0.000000 0.000000 0.451775 0.612003 0.512419 0.507431 0.782947 0.693835 0.626715 0.614354 0.590153 0.549313 0.683149 0.457029 0.451843 0.448037 0.548840 0.577985 0.539902 0.446053 0.385516 0.000000 0.000000 0.000000 0.000000 0.000000 0.000000 0.000000 0.378421 0.476042 0.543995 0.568361 0.581390 0.857560 0.381107 0.396687 0.511326 0.521584 0.412288 0.366539 0.000000 0.549817 0.627443 0.603568 0.570465 0.554326 0.796751 0.800293 0.806778 0.766858 0.661850 0.644543 0.497891 0.605384 0.565862 0.507282 0.455321 0.503552 0.485075 0.540203 0.528080 0.431521 0.167217 0.279250 0.839545 0.718230 0.399448 0.463411 0.730694 0.697262 0.693596 0.814584 0.783773 0.651695 0.481978 0.000000 0.000000 0.000000 0.000000 0.000000 0.000000 0.000000 0.000000 0.000000 0.000000 0.000000 0.000000 0.000000 0.000000 0.000000 0.000000 0.000000 0.000000 0.000000 0.000000 0.000000 0.500556 0.000000 0.000000 0.000000 0.000000 0.000000 0.500309 0.464840 0.484189 0.653546 0.975501 1.012888 1.063873 1.031064 0.943236 0.792381 0.627486 0.539939 0.469579 0.368215 0.000000 0.000000 0.000000 0.000000 0.000000 0.000000 0.000000 0.000000 0.000000 0.000000 0.414161 0.566155 0.589538 0.595135 0.622089 0.639152 0.537292 0.480270 0.673475 0.744534 0.340495 0.462501 0.561500 0.716315 0.760545 0.728080 0.837087 0.839423 0.724231 0.719720 0.786843 0.773481 0.706662 0.662082 0.541339 0.496439 0.429668 0.433545 0.516252 0.578637 0.562341 0.454240 0.513022 0.503854 0.508562 0.422361 0.421718 0.396911 0.000000 0.000000 0.000000 0.000000 0.000000 0.000000 0.443586 0.429566 0.371792 0.000000 0.000000 0.000000 0.000000 0.000000 0.000000 0.000000 0.000000 0.000000 0.000000 0.000000 0.000000 0.000000 0.000000 0.000000 0.000000 0.000000 0.000000 0.000000 0.000000 0.000000 0.000000 0.000000 0.000000 0.000000 0.000000
0.000000 0.000000 0.000000 0.000000 0.000000 0.000000 0.000000 0.000000 1.198193 0.415922 0.403924 0.561935 0.548825 0.513007 0.418364 0.000000 0.487749 0.685600 0.778514 0.777627 0.781935 0.759539 0.694929 0.612635 0.562728 0.477778 0.334516 0.000000 0.000000 0.000000 0.000000 0.000000 0.000000 0.000000 0.000000 0.000000 0.000000 0.000000 0.000000 0.000000 0.000000 0.000000 0.000000 0.000000 0.000000 0.000000 0.000000 0.000000 0.000000 0.000000 0.000000 0.000000 0.000000 0.000000 0.000000 0.000000 0.000000 0.000000 0.000000 0.000000 0.000000 0.000000 0.000000 0.000000 0.000000 0.000000 0.000000 0.000000 0.000000 0.000000 0.000000 0.000000 0.000000 0.379395 0.376258 0.370497 0.000000 0.000000 0.000000 0.000000 0.000000 0.000000 0.470643 0.516251 0.578690 0.602905 0.615040 0.682707 0.572718 0.598878 0.585461 0.658086 0.611577 0.473271 0.475111 0.467878 0.492441 0.449153 0.420249 0.379484 0.000000 0.502604 0.000000 0.000000 0.000000 0.000000 0.000000 0.000000 0.000000 0.000000 0.378330 0.445164 0.491599 0.495163 0.452148 0.464372 0.536059 0.570360 0.565055 0.512542 0.515653 0.503878 0.535869 0.520689 0.520869 0.659591 0.895372 1.085780 1.065837 0.991505 0.819285 0.749224 0.689461 0.705723 0.651299 0.591019 0.526471 0.537489 0.476877 0.377855 0.383963 0.528493 0.579312 0.571512 0.615250 0.829795 0.789825 0.756253 0.699665 0.670913 0.642604 0.741780 0.673044 0.616209 0.484581 0.000000 0.000000 0.000000 0.000000 0.000000 0.000000 0.000000 0.000000 0.000000 0.000000 0.000000 0.000000 0.000000 0.000000 0.000000 0.000000 0.000000 0.000000 0.000000 0.000000 0.000000 0.000000 0.376726 0.000000 0.000000 0.000000 0.000000 0.000000 0.461108 0.441433 0.398447 0.593679 0.968735 1.029211 1.014233 0.933830 0.794641 0.664860 0.504639 0.390987 0.000000 0.000000 0.000000 0.352397 0.544822 0.546826 0.508166 0.457594 0.000000 0.000000 0.000000 0.417867 0.000000 0.000000 0.000000 0.648298 0.684839 0.645052 0.571030 0.529378 0.766392 0.434757 0.398913 0.378295 0.450389 0.544869 0.580178 0.557071 0.780455 0.789636 0.706679 0.595234 0.629921 0.598287 0.581922 0.509425 0.467276 0.411834 0.388692 0.380673 0.368620 0.000000 1.309742 0.000000 0.402537 0.396015 0.452697 0.466072 0.452265 0.406339 0.000000 0.000000 0.000000 0.000000 0.000000 0.000000 0.386146 0.431233 0.399661 0.000000 0.000000 0.000000 0.000000 0.000000 0.000000 0.000000 0.000000 0.000000 0.000000 0.000000 0.000000 0.000000 0.000000 0.000000 0.000000 0.000000 0.000000 0.000000 0.000000 0.000000 0.000000 0.000000 0.000000 0.000000 0.000000
0.000000 0.000000 0.000000 0.000000 0.000000 0.000000 0.000000 0.000000 0.000000 0.000000 0.000000 0.000000 0.371558 0.516066 0.494611 0.472245 0.648939 0.778196 0.823013 0.832110 0.799697 0.725245 0.583749 0.512848 0.501544 0.474889 0.373578 0.000000 0.000000 0.000000 0.000000 0.000000 0.000000 0.000000 0.000000 0.000000 0.000000 0.000000 0.000000 0.000000 0.000000 0.000000 0.000000 0.000000 0.000000 0.000000 0.000000 0.000000 0.000000 0.000000 0.000000 0.000000 0.000000 0.000000 0.000000 0.000000 0.000000 0.000000 0.000000 0.000000 0.000000 0.000000 0.000000 0.000000 0.000000 0.000000 0.000000 0.000000 0.000000 0.394637 0.000000 0.421880 0.570824 0.589080 0.582844 0.547794 0.496815 0.368181 0.304799 0.000000 0.000000 0.000000 0.468398 0.500452 0.573739 0.619654 0.704459 0.687370 0.670094 0.576533 0.581551 0.678929 0.624475 0.585539 0.646832 0.481210 0.454570 0.449585 0.384520 0.426285 0.430466 0.403043 0.426146 0.439091 0.408209 0.360509 0.000000 0.000000 0.000000 0.328355 0.000000 0.000000 0.000000 0.377257 0.444572 0.600357 0.633809 0.603287 0.569881 0.522249 0.625051 0.539598 0.586846 0.499580 0.631182 0.919764 1.127723 1.096306 1.053428 0.965163 0.883654 0.830973 0.792890 0.735535 0.666955 0.652396 0.632560 0.563026 0.468000 0.378005 0.509449 0.580815 0.563604 0.565456 0.454103 0.634863 0.703632 0.718711 0.699049 0.497727 0.578262 0.559968 0.000000 0.000000 0.000000 0.000000 0.000000 0.000000 0.000000 0.000000 0.000000 0.000000 0.000000 0.000000 0.000000 0.000000 0.000000 0.000000 0.000000 0.000000 0.000000 0.000000 0.000000 0.000000 0.000000 0.000000 0.000000 0.000000 0.000000 0.461171 0.000000 0.456706 0.451835 0.396365 0.000000 0.000000 0.754910 0.806620 0.800358 0.846445 0.809918 0.655529 0.540239 0.509263 0.393266 0.406591 0.482288 0.513563 0.474613 0.643905 0.646997 0.581193 0.477221 0.378285 0.000000 0.000000 0.000000 0.000000 0.000000 0.534139 0.703098 0.709079 0.622945 0.515010 0.447878 0.605016 0.179024 0.285029 0.218265 0.303435 0.431594 0.440873 0.712743 0.801347 0.808692 0.647988 0.582463 0.523729 0.494704 0.407976 0.377078 0.000000 0.000000 0.000000 0.370820 0.000000 0.000000 0.000000 0.000000 0.000000 0.000000 0.469289 0.464098 0.415346 0.000000 0.000000 0.000000 0.000000 0.000000 0.000000 0.000000 0.000000 0.000000 0.427165 0.000000 0.000000 0.000000 0.000000 0.000000 0.000000 0.000000 0.000000 0.000000 0.000000 0.427619 0.429090 0.356858 0.000000 0.000000 0.000000 0.000000 0.000000 0.000000 0.000000 0.000000 0.000000 0.000000 0.000000 0.000000 0.000000
0.000000 0.000000 0.000000 0.000000 0.000000 0.000000 0.000000 0.000000 0.411554 0.000000 0.406604 0.558129 0.590487 0.646485 0.640650 0.678386 0.831822 0.995124 0.922990 0.858613 0.772731 0.618794 0.546025 0.517318 0.499685 0.435263 0.396088 0.337044 0.000000 0.000000 0.000000 0.000000 0.000000 0.000000 0.000000 0.000000 0.000000 0.000000 0.000000 0.000000 0.000000 0.000000 0.000000 0.000000 0.000000 0.000000 0.000000 0.000000 0.000000 0.000000 0.000000 0.000000 0.000000 0.469715 0.400706 0.407492 0.000000 0.000000 0.000000 0.000000 0.433266 0.476044 0.468403 0.430486 0.000000 0.000000 0.000000 0.556402 0.626487 0.621071 0.607698 0.640915 0.676627 0.661555 0.626018 0.579096 0.538326 0.515975 0.601344 0.385854 0.353135 0.429889 0.447219 0.438096 0.606048 0.637243 0.676368 0.668900 0.876310 0.709821 0.718076 0.723257 0.683755 0.571447 0.852970 0.482865 0.536964 0.540854 0.563080 0.549700 0.482494 0.477626 0.476789 0.470077 0.433116 0.377359 0.399727 0.420716 0.400314 0.000000 0.463782 0.456707 0.509496 0.000000 0.501130 0.502960 0.452356 0.391933 0.346326 0.000000 0.188231 0.423445 0.475058 0.423526 0.588528 0.813591 0.856318 0.805919 0.806848 0.766338 0.820620 0.831090 0.779659 0.689543 0.720322 0.705825 0.642144 0.560135 0.587835 0.640677 0.625649 0.801004 0.746281 0.771321 0.681869 0.659677 0.647086 0.618941 0.500250 0.000000 0.000000 0.000000 0.000000 0.000000 0.000000 0.000000 0.000000 0.000000 0.000000 0.000000 0.000000 0.000000 0.000000 0.000000 0.000000 0.000000 0.000000 0.000000 0.000000 0.000000 0.000000 0.000000 0.000000 0.000000 0.000000 0.000000 0.000000 0.000000 0.000000 0.000000 0.531334 0.560607 0.513692 0.483978 0.478488 0.569617 0.726013 0.777172 0.711671 0.541824 0.671381 0.617729 0.573477 0.530934 0.497209 0.521196 0.565587 0.591585 0.563988 0.598465 0.593026 0.536876 0.384825 0.000000 0.000000 0.000000 0.000000 0.000000 0.000000 0.585926 0.552225 0.665528 0.585719 0.433680 0.000000 0.464119 0.554145 0.681257 0.755467 0.666177 0.623714 0.523710 0.487614 0.261014 0.245733 0.634750 0.647079 0.539174 0.491520 0.456285 0.000000 0.000000 0.000000 0.454696 0.531810 0.507568 0.526062 0.376490 0.000000 0.000000 0.000000 0.412623 0.381217 0.000000 0.000000 0.351822 0.000000 0.000000 0.000000 0.000000 0.000000 0.000000 0.000000 1.265184 0.004000 0.000000 0.000000 0.000000 0.000000 0.000000 0.000000 0.389567 0.552338 0.620151 0.594010 0.579832 0.467843 0.485507 0.451571 0.000000 0.000000 0.000000 0.000000 0.000000 0.000000 0.000000 0.000000 0.000000 0.000000 0.000000
0.000000 0.000000 0.000000 0.000000 0.000000 0.000000 0.000000 0.004000 0.000000 0.526121 0.659359 0.720016 0.739665 0.732919 0.728072 0.895345 1.035028 1.054634 0.993600 0.883200 0.742831 0.604988 0.537603 0.450664 0.451198 0.424271 0.376606 0.000000 0.000000 0.000000 0.000000 0.000000 0.000000 0.000000 0.000000 0.000000 0.000000 0.000000 0.000000 0.000000 0.000000 0.000000 0.000000 0.000000 0.000000 0.000000 0.000000 0.000000 0.000000 0.000000 0.000000 0.000000 0.000000 0.440406 0.513512 0.577032 0.548525 0.437859 0.000000 0.485524 0.568002 0.605133 0.596264 0.554992 0.492592 0.416935 0.491930 0.723969 0.758247 0.736495 0.692533 0.664108 0.626900 0.612255 0.572353 0.572652 0.642392 0.609325 0.598316 0.556011 0.601796 0.675494 0.860993 0.675444 0.653912 0.636193 0.620525 0.625746 0.942286 0.697236 0.801824 0.708542 0.633379 0.533210 0.511974 0.591794 0.622281 0.621838 0.592960 0.588888 0.535430 0.474420 0.455529 0.418869 0.382344 0.422323 0.465110 0.465992 0.429968 0.000000 0.554477 0.615312 0.596492 0.488903 0.480638 0.501291 0.478289 0.362290 0.704869 0.670765 0.000000 0.616441 1.200462 0.220408 0.000000 0.000000 0.439487 0.660861 0.553152 0.684392 0.740811 0.737110 0.679651 0.700699 0.752009 0.707676 0.640383 0.503116 0.698361 0.673955 0.569167 0.552452 0.540229 0.549960 0.553252 0.512390 0.456747 0.000000 0.000000 0.000000 0.000000 0.000000 0.000000 0.000000 0.000000 0.000000 0.000000 0.000000 0.000000 0.000000 0.000000 0.000000 0.000000 0.000000 0.000000 0.000000 0.000000 0.000000 0.000000 0.000000 0.000000 0.000000 0.000000 0.000000 0.310420 0.000000 0.000000 0.000000 0.000000 0.539531 0.592037 0.610773 0.701180 0.675814 0.606644 0.627344 0.720899 0.660266 0.617296 0.624700 0.705526 0.657779 0.600359 0.607784 0.574704 0.521466 0.605896 0.632862 0.609620 0.569232 0.509751 0.421961 0.000000 0.000000 0.000000 0.000000 0.000000 0.000000 0.000000 0.505630 0.629208 0.552744 0.431269 0.000000 0.495098 0.559881 0.569487 0.646111 0.283165 0.323792 0.363451 0.261126 0.186551 0.182780 0.244893 0.728365 0.688744 0.473619 0.426297 0.460191 0.460161 0.386779 0.509630 0.597926 0.640737 0.598082 0.512119 0.443115 0.362353 0.000000 0.000000 0.000000 0.000000 0.000000 0.000000 0.000000 0.000000 0.000000 0.000000 0.000000 0.000000 0.000000 0.000000 0.000000 0.000000 0.000000 0.000000 0.000000 0.000000 0.385103 0.465198 0.565364 0.739161 0.755970 0.762858 0.681927 0.638801 0.620203 0.585553 0.493667 0.000000 0.000000 0.000000 0.000000 0.000000 0.000000 0.000000 0.000000 0.000000 0.000000
0.000000 0.000000 0.000000 0.000000 0.000000 0.000000 0.000000 0.000000 0.572787 0.716014 0.783165 0.786800 0.761149 0.702320 0.931620 1.044050 1.099418 1.079156 0.986604 0.798828 0.634005 0.545077 0.411650 0.412247 0.385275 0.342317 0.000000 0.000000 0.000000 0.000000 0.000000 0.000000 0.000000 0.000000 0.000000 0.000000 0.000000 0.000000 0.000000 0.000000 0.000000 0.000000 0.000000 0.000000 0.000000 0.000000 0.000000 0.000000 0.000000 0.000000 0.000000 0.000000 0.000000 0.000000 0.484113 0.530633 0.524318 0.522050 0.505711 0.560931 0.579798 0.606191 0.605644 0.559239 0.456008 0.000000 0.632752 0.755476 0.903652 0.940143 0.906404 0.828912 0.705072 0.584026 0.567933 0.671567 0.774335 0.714593 0.546793 0.513664 0.655165 0.752576 0.732589 0.721477 0.693679 0.650404 0.622676 0.647476 0.625120 0.635479 0.731997 0.675279 0.588226 0.678804 0.718725 0.721657 0.710779 0.684686 0.622589 0.539358 0.493834 0.384496 0.000000 0.000000 0.530475 0.587164 0.577820 0.533417 0.380972 0.000000 0.372883 0.626775 0.496049 0.116720 0.475343 0.514886 0.417326 0.376182 0.405447 0.680928 0.351023 0.355270 0.342069 0.362390 0.368383 0.352144 0.000000 0.430427 0.000000 0.624126 0.583218 0.615808 0.572884 0.724609 0.657602 0.658487 0.573561 0.539946 0.538374 0.550233 0.415664 0.395550 0.000000 0.000000 0.000000 0.000000 0.505857 0.000000 0.000000 0.000000 0.000000 0.000000 0.000000 0.000000 0.000000 0.000000 0.000000 0.000000 0.000000 0.000000 0.000000 0.000000 0.000000 0.000000 0.000000 0.000000 0.000000 0.000000 0.000000 0.000000 0.000000 0.000000 0.000000 0.000000 0.000000 0.000000 0.004000 0.420439 0.000000 0.602439 0.662692 0.771685 0.847762 0.771140 0.713631 0.650765 0.612227 0.646199 0.662445 0.658329 0.709099 0.688204 0.610174 0.643477 0.630740 0.569104 0.592007 0.563091 0.537086 0.454489 0.000000 0.404001 0.437021 0.437298 0.420405 0.000000 0.000000 0.425665 0.000000 0.416936 0.458115 0.000000 0.000000 0.000000 0.531566 0.581375 0.613915 0.518868 0.313645 0.423340 0.750978 0.308373 0.235072 0.242337 0.595009 0.651989 0.667482 0.498587 0.465224 0.568989 0.515214 0.559497 0.581602 0.636204 0.713700 0.636568 0.571647 0.479209 0.400343 0.000000 0.000000 0.000000 0.000000 0.000000 0.000000 0.000000 0.000000 0.000000 0.000000 0.000000 0.000000 0.000000 0.463636 0.504306 0.371702 0.000000 0.000000 0.000000 0.453370 0.507356 0.568914 0.627006 0.815790 0.829315 0.811146 0.720162 0.684032 0.647151 0.611469 0.505512 0.000000 0.000000 0.000000 0.000000 0.000000 0.000000 0.000000 0.000000 0.000000 0.000000
0.000000 0.000000 0.000000 0.000000 0.000000 0.000000 0.000000 0.511516 0.690545 0.765435 0.782854 0.752947 0.767385 0.874762 1.024557 1.062246 1.016469 0.890096 0.719265 0.599585 0.482730 0.000000 0.000000 0.000000 0.000000 0.000000 0.000000 0.000000 0.000000 0.000000 0.000000 0.000000 0.000000 0.000000 0.000000 0.000000 0.000000 0.000000 0.000000 0.000000 0.000000 0.000000 0.000000 0.000000 0.000000 0.000000 0.000000 0.000000 0.000000 0.000000 0.000000 0.000000 0.000000 0.000000 0.000000 0.000000 0.000000 0.463585 0.543924 0.560860 0.575602 0.587960 0.550507 0.574107 0.550049 0.700204 0.919066 1.030520 1.104911 1.114363 1.016125 0.916445 0.784064 0.693419 0.768737 0.709692 0.702622 0.598955 0.650387 0.560437 0.824486 0.642635 0.573205 0.615068 0.637166 0.629175 0.640300 0.637301 0.669621 0.696475 0.554229 0.546675 0.590020 0.797065 0.815365 0.861033 0.866919 0.820625 0.728348 0.603921 0.438189 0.000000 0.639449 0.751710 0.745761 0.691097 0.634057 0.652173 0.545807 0.489210 0.509808 0.916857 0.646812 0.622051 0.604813 0.616892 0.544495 0.467421 0.445063 0.490056 0.488295 0.387613 0.383094 0.379629 0.365567 0.000000 0.410352 0.457198 0.000000 0.000000 0.000000 0.502438 0.641249 0.649756 0.533309 0.705316 0.699673 0.708619 0.624462 0.555790 0.477772 0.000000 0.000000 0.000000 0.000000 0.429667 0.436117 0.000000 0.000000 0.000000 0.000000 0.000000 0.000000 0.000000 0.000000 0.000000 0.000000 0.000000 0.000000 0.000000 0.000000 0.000000 0.000000 0.000000 0.000000 0.000000 0.000000 0.000000 0.000000 0.000000 0.000000 0.000000 0.000000 0.000000 0.000000 0.000000 0.000000 0.700162 0.646699 0.627880 0.759934 0.875567 0.866358 0.741289 0.705003 0.704170 0.695164 0.674974 0.615615 0.617283 0.603649 0.522440 0.552477 0.571356 0.518391 0.467928 0.383775 0.000000 0.000000 0.390865 0.498746 0.604998 0.610794 0.550564 0.461768 0.779572 0.534143 0.434319 0.000000 0.896836 0.461908 0.000000 0.000000 0.446292 0.573872 0.621875 0.652532 0.214895 0.426228 0.491870 0.452340 0.350857 0.692376 0.620269 0.699055 0.604729 0.507992 0.596126 0.567889 0.549418 0.554014 0.604911 0.575203 0.738610 0.754369 0.697672 0.631513 0.543779 0.440687 0.489912 0.481410 0.372797 0.400798 0.376838 0.000000 0.000000 0.000000 0.000000 0.000000 0.000000 0.000000 0.561416 0.646511 0.615188 0.511591 0.357983 0.000000 0.506960 0.527937 0.567187 0.568964 0.569602 0.639599 0.640582 0.718127 0.681485 0.847263 0.554251 0.477685 0.382552 0.407281 0.411810 0.000000 0.000000 0.000000 0.000000 0.000000 0.000000 0.000000 0.000000
0.000000 0.000000 0.000000 0.000000 0.000000 0.428052 0.478690 0.646436 0.790575 0.845686 0.854519 0.847764 0.882461 0.916468 0.877574 0.754494 0.605849 0.513926 0.533053 0.475511 0.397508 0.000000 0.000000 0.000000 0.000000 0.000000 0.000000 0.000000 0.000000 0.000000 0.000000 0.000000 0.408245 0.454994 0.453348 0.433047 0.405036 0.368526 0.000000 0.000000 0.000000 0.000000 0.000000 0.000000 0.000000 0.000000 0.000000 0.000000 0.000000 0.000000 0.000000 0.000000 0.000000 0.000000 0.000000 0.000000 0.000000 0.000000 0.000000 0.000000 0.000000 0.000000 0.000000 0.737435 0.849438 1.030334 1.192006 1.207088 1.153842 1.101062 0.983669 0.881776 0.791203 0.734410 0.834407 0.121078 0.111559 0.256030 0.313819 0.305092 0.305654 0.745664 0.648129 0.582522 0.574948 0.497402 0.614482 0.622047 0.662959 0.572397 0.571361 0.560179 0.567577 0.307181 0.710971 0.734654 0.731745 0.702482 0.639849 0.566920 0.492841 0.799195 0.984008 1.010234 0.884179 0.803701 0.735645 0.747332 0.691677 0.622896 0.437531 0.597954 0.545825 0.677555 0.666256 0.621886 0.554345 0.435861 0.504072 0.585221 0.553714 0.497907 0.379287 0.000000 0.000000 0.547002 0.554840 0.492959 0.000000 0.000000 0.000000 0.650690 0.791153 0.759309 0.794285 0.916922 0.892763 0.816784 0.678524 0.623022 0.586592 0.589820 0.541154 0.512595 0.462550 0.399004 0.000000 0.000000 0.000000 0.000000 0.000000 0.000000 0.000000 0.000000 0.000000 0.554681 0.000000 0.000000 0.000000 0.000000 0.000000 0.000000 0.000000 0.000000 0.000000 0.000000 0.000000 0.000000 0.000000 0.000000 0.000000 0.000000 0.000000 0.000000 0.000000 0.000000 0.599602 0.773748 0.833015 0.767614 0.809967 0.872868 0.860530 0.786829 0.587173 0.737223 0.685927 0.621619 0.532231 0.491256 0.456449 0.408215 0.367311 0.379587 0.366245 0.000000 0.000000 0.000000 0.000000 0.451145 0.772637 0.850482 0.812019 0.695872 0.573001 0.622465 0.624787 0.464340 0.427369 0.520082 0.526603 0.383208 0.000000 0.408474 0.549233 0.669872 0.530225 0.255745 0.466880 0.511075 0.404281 0.743084 0.668399 0.688945 0.584105 0.511829 0.421182 0.495505 0.498547 0.552913 0.613633 0.606306 0.569240 0.718948 0.757016 0.725035 0.656820 0.564854 0.474262 0.562321 0.568583 0.541390 0.548294 0.476833 0.374883 0.000000 0.000000 0.000000 0.000000 0.411194 0.419634 0.674220 0.720347 0.660763 0.552666 0.401532 0.472025 0.525782 0.514440 0.482721 0.000000 0.000000 0.000000 0.000000 0.000000 0.000000 0.000000 0.000000 0.000000 0.453224 0.566386 0.542104 0.467722 0.398162 0.000000 0.000000 0.000000 0.000000 0.000000 0.000000
0.000000 0.000000 0.000000 0.000000 0.000000 0.494538 0.571026 0.760108 0.859289 0.917547 0.912414 0.863512 0.811172 0.709532 0.702496 0.576642 0.564063 0.552201 0.457699 0.000000 0.000000 0.000000 0.000000 0.000000 0.000000 0.000000 0.000000 0.000000 0.000000 0.000000 0.000000 0.414926 0.523889 0.558479 0.552606 0.528074 0.498094 0.451282 0.393414 0.000000 0.000000 0.000000 0.000000 0.000000 0.000000 0.000000 0.000000 0.000000 0.000000 0.000000 0.000000 0.000000 0.000000 0.000000 0.000000 0.000000 0.000000 0.000000 0.000000 0.000000 0.000000 0.000000 0.000000 0.000000 0.582950 0.699442 0.828141 0.865791 0.814553 0.764630 0.754338 0.658200 0.707738 0.643728 0.647055 0.693573 0.355154 0.268779 0.284259 0.269675 0.306396 0.557858 0.244132 0.498760 0.171781 0.440308 0.464495 0.511821 0.527232 0.536281 0.689937 0.700068 0.543867 0.648797 0.590503 0.582916 0.575071 0.592984 0.598514 0.833060 0.927214 0.958423 0.708022 0.715722 0.762396 0.864569 0.794722 0.732886 0.666313 0.505807 0.489487 0.144721 0.212325 0.535981 0.625414 0.454862 0.422747 0.508755 0.519273 0.462370 0.433598 0.367988 0.000000 0.000000 0.663821 0.745471 0.662635 0.536007 0.574703 0.618992 0.603808 0.718083 0.991297 1.000457 1.055426 1.097004 1.004598 0.803723 0.692970 0.714059 0.693983 0.710338 0.666020 0.605136 0.525159 0.440680 0.000000 0.000000 0.000000 0.000000 0.000000 0.000000 0.000000 0.000000 0.000000 0.000000 0.000000 0.000000 0.000000 0.000000 0.000000 0.000000 0.477106 0.489087 0.445744 0.000000 0.000000 0.000000 0.000000 0.000000 0.000000 0.000000 0.000000 0.000000 0.598103 0.633414 0.804195 0.956486 1.048724 1.030648 0.904396 0.716164 0.690415 0.659452 0.626139 0.706631 0.696272 0.617181 0.535194 0.431564 0.401453 0.377028 0.000000 0.000000 0.000000 0.000000 0.000000 0.000000 0.450027 0.732127 0.929254 1.001142 0.918448 0.707001 0.584286 0.585239 0.555067 0.382844 0.477217 0.536269 0.519789 0.469938 0.401563 0.373191 0.559008 0.463007 0.540432 0.817985 0.526614 0.778036 0.744950 0.718696 0.678263 0.720685 0.612960 0.561635 0.399140 0.494167 0.472725 0.570337 0.599476 0.553570 0.523913 0.650663 0.659442 0.613902 0.564051 0.502385 0.494307 0.623981 0.613223 0.697945 0.653392 0.522110 0.359267 0.000000 0.000000 0.000000 0.368474 0.403434 0.556940 0.655841 0.696057 0.631639 0.551388 0.392343 0.381742 0.396121 0.362688 0.000000 0.491991 0.382157 0.000000 0.424724 0.645981 0.410640 0.000000 0.000000 0.000000 0.584245 0.681734 0.630445 0.507237 0.410446 0.000000 0.000000 0.000000 0.000000 0.000000 0.000000
0.000000 0.000000 0.000000 0.000000 0.000000 0.436570 0.616876 0.834350 0.945641 0.941658 0.841613 0.716878 0.929716 0.501453 0.562675 0.615875 0.606342 0.549450 0.449261 0.415561 0.373941 0.000000 0.000000 0.000000 0.000000 0.000000 0.000000 0.000000 0.000000 0.000000 0.000000 0.462803 0.567077 0.601604 0.602542 0.581262 0.553064 0.505891 0.447581 0.380079 0.000000 0.000000 0.000000 0.000000 0.000000 0.000000 0.000000 0.000000 0.000000 0.000000 0.000000 0.000000 0.000000 0.000000 0.435614 0.436365 0.000000 0.000000 0.000000 0.000000 0.000000 0.000000 0.000000 0.380396 0.428492 0.438031 0.524166 0.541878 0.000000 0.543632 0.581299 0.589229 0.861705 0.941998 0.828519 0.467137 0.339413 0.208338 0.161977 0.136561 0.173126 0.230436 0.232236 0.509897 0.484946 0.457219 0.468821 0.476319 0.618842 0.656985 0.669888 0.538980 0.647906 0.619030 0.604439 0.600933 0.624180 0.576061 0.780998 1.118267 1.186591 1.084534 0.856076 0.897549 0.925756 0.872099 0.781498 0.828403 0.831744 0.790387 0.741496 0.640390 0.619885 0.467303 0.433008 0.498912 0.496431 0.460534 0.427948 0.377011 0.000000 0.000000 0.000000 0.549697 0.955365 0.814495 0.798984 0.815215 0.828137 0.815050 0.710439 0.876996 1.054520 1.067816 1.205848 1.150635 0.990666 0.874059 0.717706 0.594689 0.643165 0.613755 0.590849 0.548494 0.446618 0.000000 0.000000 0.000000 0.000000 0.000000 0.000000 0.000000 0.000000 0.000000 0.000000 0.000000 0.000000 0.000000 0.000000 0.000000 0.000000 0.000000 0.514244 0.523107 0.476359 0.395665 0.000000 0.000000 0.000000 0.000000 0.000000 0.000000 0.369105 0.645877 0.833032 0.836730 0.882756 0.984970 1.065706 1.128392 1.073816 0.768935 0.740352 0.390185 0.378844 0.762697 0.669807 0.538557 0.444745 0.376404 0.000000 0.000000 0.000000 0.000000 0.415526 0.451399 0.402400 0.462028 0.734910 0.842867 0.912705 0.940151 0.835964 0.657416 0.530045 0.499892 0.498302 0.457240 0.564632 0.560861 0.545406 0.497018 0.456931 0.433394 0.491720 0.592835 0.773837 0.718695 0.467229 0.438162 0.775555 0.781631 0.756151 0.800338 0.677079 0.495800 0.480991 0.459205 0.628384 0.634489 0.592131 0.562058 0.569491 0.545975 0.515992 0.512510 0.461584 0.411006 0.564762 0.654829 0.770918 0.784334 0.743914 0.589737 0.000000 0.000000 0.000000 0.000000 0.000000 0.400017 0.655393 0.715265 0.725689 0.623764 0.431343 0.000000 0.000000 0.000000 0.000000 0.552327 0.508258 0.421149 0.000000 0.000000 0.000000 0.000000 0.000000 0.000000 0.000000 0.689819 0.772039 0.695120 0.480700 0.000000 0.000000 0.000000 0.000000 0.000000 0.000000 0.000000
0.000000 0.000000 0.000000 0.000000 0.000000 0.000000 0.000000 0.616044 0.680279 0.630181 0.530616 0.000000 0.431584 0.613746 0.702435 0.729538 0.695265 0.628272 0.541963 0.457483 0.382847 0.000000 0.000000 0.000000 0.000000 0.000000 0.000000 0.000000 0.000000 0.000000 0.419810 0.500373 0.516212 0.531684 0.563413 0.565764 0.549691 0.509719 0.457653 0.393154 0.000000 0.000000 0.000000 0.000000 0.000000 0.000000 0.000000 0.000000 0.000000 0.000000 0.000000 0.000000 0.000000 0.000000 0.000000 0.000000 0.000000 0.000000 0.000000 0.000000 0.431637 0.622738 0.426294 0.481412 0.408392 0.413019 0.393282 0.000000 0.393773 0.493704 0.554516 0.653634 0.749304 0.668612 0.693391 0.146897 0.183189 0.232829 0.265918 0.265728 0.241268 0.205237 0.180642 0.185182 0.520189 0.493504 0.479649 0.590782 0.568359 0.636455 0.630816 0.587241 0.518687 0.647177 0.721187 0.711139 0.654432 0.753821 1.042484 1.285357 1.213550 1.173108 0.997726 0.963694 0.918453 0.859797 0.810195 0.904793 0.925629 0.868252 0.851363 0.763956 0.699008 0.575142 0.577972 0.539979 0.573337 0.560882 0.530607 0.489234 0.383784 0.000000 0.000000 0.004000 0.878732 0.937226 0.997648 1.004780 0.887651 0.827842 0.651281 0.816725 1.073024 1.073535 1.235322 1.206984 1.005917 0.888662 0.722942 0.646551 0.643150 0.544156 0.466951 0.409174 0.000000 0.000000 0.000000 0.000000 0.000000 0.000000 0.000000 0.000000 0.000000 0.000000 0.000000 0.000000 0.000000 0.000000 0.000000 0.000000 0.000000 0.000000 0.000000 0.446973 0.404065 0.000000 0.000000 0.000000 0.000000 0.000000 0.000000 0.000000 0.560056 0.722983 0.874371 0.927947 0.875897 0.976836 1.053149 1.124812 1.074464 0.812854 0.811943 0.763399 0.834795 0.788180 0.633463 0.472306 0.379585 0.000000 0.000000 0.000000 0.000000 0.000000 0.640322 0.588623 0.505373 0.597323 0.755074 0.783382 0.906594 0.890521 0.782622 0.633482 0.507443 0.584787 0.618617 0.563118 0.530767 0.403613 0.441188 0.459238 0.456840 0.422511 0.468184 0.664885 0.781221 0.891771 0.830906 0.830799 0.856108 0.847020 0.971804 0.825289 0.715930 0.557745 0.553635 0.663063 0.650814 0.621324 0.587899 0.055258 0.491089 0.619461 0.584869 0.606072 0.536479 0.478488 0.648950 0.813248 0.792653 0.765935 0.694721 0.575667 0.000000 0.000000 0.000000 0.000000 0.518084 0.629485 0.755395 0.785469 0.760431 0.505583 0.550450 0.500611 0.360103 0.000000 0.000000 0.553430 0.502606 0.386589 0.000000 0.000000 0.000000 0.000000 0.000000 0.419904 0.000000 0.803081 0.835382 0.728075 0.545576 0.396447 0.000000 0.000000 0.000000 0.000000 0.000000 0.000000
0.000000 0.000000 0.000000 0.000000 0.000000 0.000000 0.000000 0.000000 0.000000 0.000000 0.000000 0.000000 0.534065 0.675968 0.719810 0.719059 0.683744 0.650849 0.586486 0.468720 0.004000 0.000000 0.000000 0.000000 0.000000 0.000000 0.000000 0.000000 0.334599 0.497213 0.569113 0.592096 0.578417 0.554506 0.510263 0.458659 0.446621 0.422758 0.386106 0.000000 0.000000 0.000000 0.000000 0.000000 0.000000 0.000000 0.000000 0.000000 0.000000 0.000000 0.000000 0.000000 0.452409 0.514408 0.465115 0.000000 0.000000 0.000000 0.453766 0.605116 0.625032 0.593935 0.554758 0.514592 0.462770 0.396701 0.000000 0.000000 0.514391 0.584331 0.562414 0.597739 0.637925 0.663136 0.710198 0.724016 0.716731 0.731149 0.391393 0.708016 0.645785 0.261203 0.282095 0.614133 0.601629 0.604788 0.596263 0.577079 0.546869 0.608299 0.585728 0.548708 0.679007 0.796224 0.811272 0.754035 0.675383 0.907239 0.918352 1.059051 1.042993 0.967457 1.116458 0.691131 0.586393 0.547891 0.581097 0.758217 0.747763 0.737255 0.825306 0.709398 0.701909 0.691727 0.686301 0.631708 0.577340 0.490462 0.445821 0.405660 0.362021 0.000000 0.000000 0.000000 0.919347 0.850180 0.864788 0.852791 0.785343 0.735897 0.613092 0.754955 0.842200 1.014945 1.169956 1.147053 0.928285 0.824256 0.745125 0.702065 0.720413 0.597509 0.507457 0.418917 0.000000 0.000000 0.000000 0.000000 0.000000 0.000000 0.000000 0.000000 0.412123 0.419978 0.000000 0.000000 0.000000 0.000000 0.000000 0.000000 0.000000 0.000000 0.000000 0.000000 0.000000 0.000000 0.000000 0.000000 0.000000 0.000000 0.541774 0.541404 0.734028 0.820614 0.778764 0.840466 0.776080 0.783000 0.748808 0.830575 0.862007 0.970521 0.918697 0.847700 0.792889 0.774026 0.627814 0.556020 0.000000 0.000000 0.000000 0.000000 0.000000 0.000000 0.699020 0.629329 0.532774 0.652447 0.749604 0.796945 0.719529 0.546133 0.597292 0.601947 0.542647 0.676842 0.682327 0.591471 0.454904 0.366348 0.000000 0.000000 0.000000 0.000000 0.449117 0.602697 0.667139 0.792724 0.977433 0.931534 0.902822 0.850154 0.925932 0.655240 0.611467 0.606472 0.572948 0.531811 0.516902 0.500433 0.512334 0.547153 0.551900 0.542013 0.507974 0.500772 0.462472 0.561870 0.680991 0.763568 0.775073 0.713537 0.607731 0.504765 0.138361 0.000000 0.000000 0.398647 0.546272 0.738234 0.810361 0.783284 0.555358 0.626668 0.560646 0.538785 0.424019 0.371367 0.000000 0.000000 0.000000 0.000000 0.000000 0.000000 0.000000 0.000000 0.000000 0.471657 0.531511 0.853822 0.828451 0.698482 0.513117 0.472451 0.454119 0.433427 0.422222 0.000000 0.000000 0.000000
0.000000 0.000000 0.000000 0.000000 0.000000 0.000000 0.000000 0.000000 0.000000 0.000000 0.000000 0.000000 0.530051 0.608244 0.588431 0.553714 0.537413 0.488926 0.419071 0.000000 0.000000 0.000000 0.000000 0.000000 0.000000 0.428340 0.432177 0.425677 0.554856 0.688003 0.699336 0.686202 0.653731 0.609759 0.555717 0.495467 0.427909 0.364559 0.000000 0.000000 0.000000 0.000000 0.000000 0.000000 0.000000 0.000000 0.000000 0.000000 0.000000 0.000000 0.000000 0.000000 0.510585 0.562142 0.510508 0.420925 0.000000 0.552756 0.695373 0.748358 0.738414 0.677946 0.603389 0.546396 0.486677 0.418472 0.359287 0.484423 0.508405 0.622373 0.618879 0.328095 0.710267 0.735781 0.750497 0.766275 0.738716 0.695917 0.274913 0.225101 0.197879 0.209704 0.540328 0.676492 0.757540 0.777104 0.768084 0.627154 0.707277 0.648545 0.576248 0.530580 0.565055 0.627569 0.633154 0.626711 0.680760 0.698560 0.792239 0.719569 0.725336 0.673594 0.671801 0.701632 0.741118 0.767341 0.616876 0.565421 0.555274 0.531540 0.785937 0.612249 0.665937 0.915774 0.678628 0.628882 0.547680 0.414007 0.000000 0.000000 0.000000 0.000000 0.419648 0.441565 0.511622 0.685769 0.763580 0.745835 0.715410 0.677669 0.674646 0.695994 0.745414 0.821414 1.143853 1.029121 0.836679 0.750913 0.699208 0.666520 0.794627 0.620144 0.487259 0.387640 0.000000 0.000000 0.000000 0.000000 0.000000 0.000000 0.000000 0.491598 0.488029 0.512974 0.507049 0.508953 0.503404 0.477305 0.428342 0.000000 0.000000 0.000000 0.000000 0.000000 0.000000 0.000000 0.000000 0.000000 0.000000 0.000000 0.424409 0.679944 0.834266 0.868039 0.779034 0.694010 0.855471 0.837963 0.768690 0.816411 0.879722 0.867426 0.787445 0.736317 0.754940 0.688832 0.575907 0.376770 0.000000 0.000000 0.000000 0.000000 0.000000 0.000000 0.586030 0.569292 0.474954 0.587554 0.604092 0.567115 0.508077 0.421155 0.519560 0.478374 0.457956 0.544953 0.552576 0.492382 0.404940 0.356015 0.000000 0.396412 0.411693 0.516846 0.493650 0.441433 0.580199 0.751746 1.051884 1.242000 1.176552 0.943914 0.840020 0.604198 0.611377 0.267941 0.575794 0.538389 0.096519 0.098871 0.256216 0.632640 0.754303 0.553186 0.488612 0.478294 0.586414 0.579642 0.659240 0.666407 0.624552 0.587696 0.589699 0.518446 0.452176 0.000000 0.000000 0.000000 0.599054 0.734660 0.811917 0.763391 0.637373 0.631993 0.605506 0.602609 0.587362 0.487874 0.000000 0.000000 0.000000 0.374936 0.388783 0.428485 0.469744 0.449515 0.388738 0.462451 0.586626 0.645701 0.699799 0.607822 0.521038 0.600528 0.587641 0.548546 0.502970 0.410437 0.000000 0.004000
0.000000 0.000000 0.000000 0.000000 0.000000 0.000000 0.000000 0.000000 0.000000 0.000000 0.000000 0.548188 0.615851 0.536696 0.572323 0.568494 0.531667 0.465323 0.400108 0.000000 0.000000 0.000000 0.000000 0.570043 0.622871 0.589853 0.567253 0.619873 0.784841 0.845324 0.827645 0.771018 0.717881 0.654863 0.580676 0.505692 0.421960 0.000000 0.000000 0.000000 0.000000 0.000000 0.000000 0.000000 0.000000 0.000000 0.000000 0.000000 0.000000 0.000000 0.000000 0.000000 0.000000 0.000000 0.000000 0.000000 0.510046 0.687566 0.795766 0.827592 0.789960 0.696262 0.586187 0.508327 0.441960 0.371997 0.535099 0.463397 0.670887 0.816398 0.347580 0.698639 0.358240 0.735984 0.734208 0.766368 0.453734 0.370442 0.322675 0.196584 0.169300 0.210078 0.543663 0.646334 0.633449 0.681248 0.688813 0.627176 0.618850 0.569333 0.533021 0.401380 0.000000 0.000000 0.409368 0.563571 0.720663 0.759695 0.736204 0.697927 0.696288 0.653881 0.598664 0.611873 0.408040 0.438947 0.678857 0.492458 0.451836 0.416915 0.536430 0.551727 0.620407 0.597144 0.499450 0.000000 0.000000 0.000000 0.000000 0.000000 0.000000 0.000000 0.675261 0.681929 0.911942 1.041380 0.990824 0.916608 0.856640 0.800309 0.809682 0.771367 0.689368 0.697508 0.834670 0.854821 0.822865 0.734678 0.675189 0.600623 0.723759 0.595676 0.506450 0.434151 0.374615 0.000000 0.000000 0.000000 0.000000 0.000000 0.000000 0.380680 0.585642 0.635675 0.698123 0.708344 0.623910 0.585051 0.517815 0.421758 0.000000 0.000000 0.000000 0.000000 0.000000 0.000000 0.000000 0.000000 0.000000 0.000000 0.506835 0.666788 0.801916 0.850631 0.641894 0.560726 0.782443 0.796654 0.798568 0.841437 0.845354 0.814171 0.769681 0.703497 0.615383 0.569894 0.447945 0.377511 0.000000 0.000000 0.000000 0.000000 0.000000 0.000000 0.474616 0.444947 0.000000 0.411320 0.463171 0.461660 0.423796 0.375222 0.441551 0.425253 0.419800 0.382021 0.451301 0.473924 0.418337 0.000000 0.578891 0.571568 0.646117 0.684998 0.628374 0.591117 0.626957 0.634006 0.879086 1.058498 1.072984 0.985174 0.820356 0.726527 0.709403 0.767901 0.622028 0.584908 0.183986 0.173948 0.291869 0.662830 0.785174 0.721055 0.636842 0.597028 0.577993 0.616637 0.557183 0.560790 0.534854 0.539679 0.713066 0.691182 0.590693 0.530524 0.507696 0.449275 0.683548 0.666033 0.706653 0.671227 0.644922 0.598738 0.656006 0.657928 0.616359 0.540116 0.450324 0.433651 0.479973 0.456728 0.561747 0.612492 0.606047 0.573013 0.520745 0.426262 0.000000 0.478304 0.556377 0.488129 0.603262 0.676194 0.694953 0.676854 0.649701 0.494790 0.416869 0.004000
0.000000 0.000000 0.000000 0.000000 0.000000 0.000000 0.000000 0.000000 0.000000 0.000000 0.000000 0.000000 0.424490 0.483661 0.480715 0.429487 0.000000 0.000000 0.000000 0.000000 0.000000 0.000000 0.000000 0.655075 0.714315 0.719421 0.763688 0.896169 0.942120 0.940874 0.882475 0.830324 0.797983 0.725114 0.630515 0.550822 0.466384 0.379076 0.000000 0.000000 0.000000 0.000000 0.000000 0.000000 0.000000 0.000000 0.000000 0.000000 0.000000 0.000000 0.388503 0.396496 0.371909 0.000000 0.000000 0.549061 0.594013 0.724094 0.788440 0.799528 0.746481 0.627889 0.518265 0.465339 0.410805 0.350369 0.000000 0.500913 0.558961 0.679491 0.859211 0.850708 0.877031 0.878522 0.861553 0.731550 0.690942 0.657006 0.326150 0.361469 0.641806 0.750268 0.724968 0.758915 0.728124 0.694070 0.636159 0.598566 0.551253 0.446511 0.376549 0.000000 0.000000 0.000000 0.000000 0.532338 0.638472 0.682520 0.719284 0.713457 0.688543 0.647319 0.592798 0.524198 0.451492 0.465664 0.454264 0.412234 0.000000 0.000000 0.000000 0.000000 0.000000 0.000000 0.000000 0.000000 0.000000 0.000000 0.413590 0.481123 0.492150 0.587345 0.792865 0.995755 1.082755 1.222009 1.143333 1.058929 0.963078 0.889489 0.693551 0.852077 0.753918 0.755907 0.700323 0.654734 0.617428 0.579229 0.482128 0.450357 0.544021 0.528594 0.559035 0.513611 0.395403 0.367114 0.000000 0.000000 0.000000 0.000000 0.412197 0.603041 0.763851 0.806359 0.857357 0.855939 0.782449 0.686464 0.569602 0.519032 0.387957 0.388149 0.000000 0.432422 0.703669 0.577685 0.000000 0.000000 0.000000 0.426907 0.550822 0.689387 0.707140 0.514175 0.679482 0.675495 0.797671 0.797156 0.767516 0.771673 0.755691 0.687748 0.666401 0.618398 0.551016 0.458830 0.409675 0.000000 0.000000 0.000000 0.000000 0.000000 0.000000 0.000000 0.000000 0.000000 0.000000 0.000000 0.000000 0.000000 0.380252 0.447856 0.380540 0.373527 0.341840 0.000000 0.509112 0.562545 0.540473 0.581984 0.757733 0.708514 0.781666 0.756805 0.691570 0.688542 0.690754 0.646944 0.719173 0.794242 0.851598 0.848566 0.818519 0.765314 0.771075 0.699504 0.844287 0.639800 0.268745 0.267841 0.340094 0.647318 0.734497 0.665137 0.689222 0.649180 0.629494 0.579972 0.649235 0.609683 0.633381 0.715773 0.591924 0.585035 0.669009 0.481575 0.445748 0.207345 0.713859 0.656586 0.631002 0.652632 0.653952 0.653833 0.735682 0.679216 0.525695 0.587318 0.533641 0.511217 0.531141 0.574980 0.612146 0.647526 0.626142 0.582129 0.515717 0.377972 0.412233 0.456739 0.478376 0.512911 0.650701 0.760489 0.769428 0.810674 0.738851 0.655782 0.573406 0.004000
0.000000 0.000000 0.000000 0.000000 0.000000 0.000000 0.000000 0.000000 0.000000 0.000000 0.000000 0.000000 0.000000 0.000000 0.000000 0.498050 0.000000 0.000000 0.000000 0.000000 0.000000 0.231428 0.387201 0.539155 0.643913 0.709685 0.830227 0.850110 0.825295 0.793508 0.972946 0.964498 0.842453 0.764070 0.690393 0.606540 0.511462 0.412825 0.000000 0.000000 0.000000 0.000000 0.000000 0.000000 0.000000 0.000000 0.000000 0.000000 0.000000 0.406671 0.433747 0.452990 0.497675 0.501662 0.507083 0.648320 0.580328 0.623845 0.635551 0.625029 0.559867 0.515463 0.524097 0.511126 0.468490 0.377316 0.418292 0.436049 0.509521 0.611937 0.642028 0.719132 0.748669 0.716084 0.710330 0.588460 0.586657 0.571625 0.611984 0.783281 0.790481 0.792560 0.775815 0.827425 0.767837 0.750247 0.715687 0.650443 0.579278 0.459129 0.387179 0.423676 0.557196 0.586088 0.583980 0.562971 0.740910 0.559999 0.547200 0.620058 0.633255 0.616746 0.567430 0.504901 0.437033 0.000000 0.000000 0.000000 0.449632 0.000000 0.000000 0.000000 0.000000 0.559630 0.000000 0.000000 0.000000 0.004000 0.561057 0.607144 0.679832 0.829771 0.996914 1.106149 1.196301 1.125427 1.119929 1.077549 0.971090 0.722993 0.704116 0.716563 0.695756 0.661029 0.720266 0.662244 0.517778 0.553386 0.536588 0.530925 0.498459 0.505470 0.561248 0.534401 0.538041 0.507860 0.361048 0.000000 0.000000 0.000000 0.554632 0.769196 0.868905 0.915553 0.977274 0.967348 0.901071 0.784352 0.613270 0.543444 0.419026 0.409676 0.574923 0.568447 0.868833 0.821851 0.633810 0.475112 0.445779 0.463684 0.604092 0.696687 0.685752 0.572441 0.753301 0.664018 0.857680 0.804900 0.772094 0.791171 0.718973 0.576020 0.590365 0.531360 0.380067 0.000000 0.000000 0.000000 0.000000 0.000000 0.000000 0.000000 0.000000 0.000000 0.000000 0.000000 0.000000 0.000000 0.000000 0.000000 0.432592 0.468346 0.402790 0.396833 0.434269 0.423391 0.515484 0.598317 0.678553 0.775834 0.820419 0.747868 0.793813 0.761900 0.728363 0.671035 0.622929 0.531260 0.517527 0.544739 0.612972 0.676806 0.716736 0.786152 0.919537 0.749189 0.441352 0.325724 0.271242 0.320775 0.569985 0.719566 0.734557 0.573600 0.623085 0.554763 0.677593 0.538298 0.698268 0.707939 0.806858 0.762797 0.634923 0.596467 0.539251 0.533830 0.498360 0.203529 0.705836 0.733594 0.598279 0.550406 0.624675 0.720064 0.788573 0.726490 0.676496 0.589799 0.435758 0.420374 0.000000 0.512394 0.609057 0.603504 0.582834 0.562070 0.501427 0.506018 0.561004 0.585847 0.607511 0.564520 0.550795 0.696601 0.725328 0.757769 0.855016 0.721330 0.666271 0.438737
0.000000 0.000000 0.000000 0.000000 0.000000 0.000000 0.000000 0.000000 0.000000 0.000000 0.000000 0.000000 0.000000 0.000000 0.000000 0.000000 0.391267 0.418221 0.405918 0.000000 0.607014 0.000000 0.000000 0.000000 0.553769 0.710531 0.801311 0.793846 0.861540 0.942420 0.953148 0.857545 0.724128 0.699381 0.651931 0.574390 0.486894 0.000000 0.000000 0.000000 0.000000 0.000000 0.000000 0.000000 0.000000 0.000000 0.000000 0.000000 0.000000 0.367449 0.505076 0.549108 0.553266 0.559708 0.548291 0.523717 0.465867 0.436843 0.437141 0.000000 0.488966 0.562057 0.591517 0.576233 0.515463 0.434225 0.377220 0.000000 0.378778 0.527781 0.560647 0.565119 0.551664 0.576861 0.605551 0.618533 0.619962 0.500284 0.559071 0.766506 0.787766 0.769326 0.745115 0.789763 0.781613 0.728649 0.686620 0.495912 0.554431 0.522928 0.389964 0.450883 0.624137 0.677755 0.691443 0.672553 0.627758 0.558414 0.465799 0.384155 0.448511 0.000000 0.000000 0.000000 0.000000 0.000000 0.000000 0.000000 0.000000 0.000000 0.000000 0.000000 0.000000 0.000000 0.000000 0.000000 0.000000 0.553326 0.651122 0.757211 0.856651 0.936818 0.960610 1.044538 1.093732 1.077448 1.045251 1.031987 0.908502 0.639896 0.666833 0.742077 0.763901 0.837767 0.762248 0.607243 0.408427 0.665585 0.635805 0.592185 0.587345 0.565168 0.531096 0.615770 0.617149 0.562233 0.461360 0.000000 0.000000 0.000000 0.687879 0.848219 0.872002 0.959107 1.039135 0.928723 0.869381 0.762145 0.682521 0.499583 0.499296 0.518941 0.618535 0.572066 0.863625 0.899076 0.812576 0.631213 0.587270 0.462386 0.519449 0.632081 0.622236 0.545028 0.618056 0.747151 0.931446 0.802599 0.811715 0.828842 0.735061 0.674875 0.561639 0.398004 0.000000 0.000000 0.000000 0.000000 0.000000 0.000000 0.000000 0.000000 0.000000 0.000000 0.000000 0.000000 0.000000 0.000000 0.000000 0.000000 0.416439 0.384149 0.000000 0.464603 0.542651 0.595225 0.583566 0.590655 0.735101 0.791310 0.753282 0.681535 0.620762 0.696705 0.582218 0.678694 0.611228 0.529011 0.360585 0.471626 0.509369 0.560812 0.659639 0.849922 0.950528 0.747378 0.330244 0.269304 0.257712 0.564207 0.527241 0.688526 0.595726 0.426040 0.611967 0.711921 0.597796 0.784363 0.790683 0.843879 0.853419 0.789258 0.830804 0.798889 0.559741 0.531631 0.156926 0.530875 0.708289 0.737145 0.638430 0.541236 0.596301 0.757115 0.804089 0.782344 0.661524 0.574676 0.448412 0.409865 0.000000 0.500551 0.593902 0.573932 0.575140 0.595711 0.514097 0.610781 0.703386 0.725512 0.643006 0.621162 0.655252 0.768956 0.805517 0.838930 0.921022 0.846059 0.728826 0.492001
0.000000 0.000000 0.000000 0.000000 0.000000 0.000000 0.000000 0.000000 0.000000 0.000000 0.000000 0.000000 0.000000 0.000000 0.000000 0.492503 0.495428 0.479868 0.433085 0.000000 0.000000 0.632784 0.495051 0.672862 0.854837 0.885815 0.844606 0.772023 0.734796 0.712396 0.628518 0.423770 0.421074 0.422115 0.000000 0.000000 0.000000 0.000000 0.000000 0.000000 0.000000 0.000000 0.000000 0.000000 0.000000 0.000000 0.000000 0.000000 0.004000 0.322021 0.416466 0.427054 0.404270 0.500804 0.588363 0.612186 0.590740 0.546993 0.514013 0.594177 0.655337 0.741915 0.735207 0.689442 0.611255 0.510466 0.426605 0.004000 0.393516 0.000000 0.000000 0.468773 0.550836 0.605479 0.618105 0.659042 0.723135 0.738923 0.557917 0.582125 0.771183 0.755504 0.747584 0.740002 0.684129 0.725846 0.666085 0.602800 0.530443 0.411069 0.000000 0.000000 0.000000 0.378710 0.567450 0.590606 0.544544 0.655689 0.472656 0.411054 0.484524 0.617576 0.000000 0.000000 0.000000 0.000000 0.000000 0.000000 0.000000 0.000000 0.000000 0.000000 0.000000 0.000000 0.000000 0.456673 0.000000 0.467230 0.738900 0.894068 0.904092 0.934493 0.932951 0.959961 0.971302 0.956503 0.940045 0.888212 0.637941 0.579119 0.660142 0.663468 0.719252 0.688521 0.579880 0.445756 0.400603 0.590713 0.681831 0.678407 0.635282 0.569916 0.513735 0.613177 0.615269 0.534944 0.379025 0.000000 0.000000 0.634530 0.861307 0.937326 0.708353 0.723671 0.960521 0.940909 0.876912 0.764044 0.630400 0.518620 0.551505 0.655119 0.680971 0.665627 0.728587 0.858545 0.956228 0.697734 0.639083 0.589894 0.559451 0.541819 0.519791 0.511069 0.661914 0.841093 0.926420 0.823699 0.851091 0.936443 0.803677 0.750250 0.601925 0.379151 0.000000 0.000000 0.000000 0.000000 0.000000 0.000000 0.000000 0.000000 0.000000 0.000000 0.000000 0.000000 0.000000 0.000000 0.000000 0.000000 0.000000 0.000000 0.000000 0.000000 0.615265 0.651894 0.570719 0.515731 0.749188 0.626150 0.533834 0.585019 0.481959 0.164102 0.228049 0.642746 0.602819 0.467533 0.526968 0.517011 0.456992 0.516849 0.566187 1.184402 0.909392 0.400622 0.233171 0.217736 0.234911 0.224510 0.560368 0.662197 0.533218 0.370077 0.631385 0.749499 0.806057 0.845499 0.926496 0.887937 0.635239 0.737215 0.791224 0.769879 0.697287 0.521311 0.623846 0.663859 0.593493 0.695701 0.631903 0.582476 0.502017 0.578308 0.771641 0.683700 0.561098 0.504044 0.474343 0.457931 0.502168 0.554321 0.601103 0.658589 0.708212 0.618761 0.657726 0.715408 0.796121 0.713820 0.668713 0.690088 0.691695 0.748404 0.762867 0.805235 0.886745 0.838421 0.760908 0.610889
0.000000 0.000000 0.000000 0.000000 0.000000 0.000000 0.000000 0.000000 0.000000 0.000000 0.000000 0.000000 0.000000 0.000000 0.476831 0.543832 0.508817 0.435692 0.000000 0.402800 0.454957 0.674906 0.827365 0.899947 0.938182 0.916138 0.827398 0.705688 0.592921 0.490577 0.397454 0.459184 0.000000 0.000000 0.000000 0.000000 0.000000 0.000000 0.000000 0.000000 0.000000 0.000000 0.000000 0.000000 0.000000 0.373409 0.000000 0.000000 0.441139 0.000000 0.557347 0.678776 0.784158 0.825228 0.743732 0.694902 0.628252 0.562561 0.702471 0.825804 0.852343 0.820708 0.763252 0.686302 0.585245 0.492821 0.000000 0.000000 0.000000 0.392367 0.561200 0.685522 0.751049 0.759585 0.737525 0.768957 0.801310 0.803317 0.753229 0.633081 0.726383 0.855682 0.625727 0.861614 0.529588 0.495377 0.440441 0.000000 0.000000 0.000000 0.000000 0.452923 0.274804 0.311517 0.386103 0.494402 0.490577 0.398480 0.000000 0.000000 0.000000 0.000000 0.000000 0.000000 0.000000 0.000000 0.000000 0.000000 0.000000 0.410545 0.421733 0.376634 0.000000 0.000000 0.000000 0.552125 0.509366 0.473782 0.625121 0.743112 0.792648 0.803524 0.925454 0.884094 0.852318 0.868340 0.872118 0.688500 0.655762 0.620739 0.682128 0.572490 0.609392 0.583041 0.499873 0.376099 0.481397 0.564233 0.651552 0.640609 0.591890 0.512110 0.457356 0.546079 0.492902 0.447058 0.401906 0.450843 0.445999 0.798492 0.865250 0.743505 0.679669 0.712123 0.938124 0.775697 0.709987 0.751567 0.511163 0.549814 0.551071 0.736308 0.751469 0.738168 0.793820 0.745840 0.768346 0.626567 0.596409 0.552443 0.592154 0.546629 0.531113 0.507369 0.644451 0.910549 0.933271 0.828774 0.704126 1.010322 0.803410 0.658965 0.579704 0.446219 0.000000 0.000000 0.000000 0.000000 0.000000 0.000000 0.000000 0.000000 0.000000 0.000000 0.000000 0.000000 0.000000 0.000000 0.000000 0.000000 0.000000 0.000000 0.000000 0.000000 0.676627 0.742704 0.628513 0.663224 0.725600 0.761032 0.690263 0.612443 0.465381 0.085413 0.193550 0.581754 0.509718 0.508279 0.476271 0.443215 0.000000 0.407421 0.493618 0.697836 0.705501 0.678392 0.264348 0.239170 0.262988 0.245284 0.595345 0.662753 0.598915 0.549059 0.707191 0.782686 0.674327 0.858668 0.882612 0.696130 0.640752 0.592230 0.553638 0.590241 0.709473 0.692071 0.512635 0.080020 0.722966 0.786317 0.726463 0.642378 0.558406 0.601500 0.773124 0.618006 0.531936 0.508787 0.523885 0.490490 0.564718 0.620156 0.588965 0.674894 0.768417 0.723223 0.719939 0.584909 0.834913 0.782056 0.664852 0.700203 0.602890 0.655757 0.885243 0.943300 0.867336 0.748888 0.759634 0.625145
0.000000 0.000000 0.000000 0.000000 0.000000 0.000000 0.000000 0.000000 0.000000 0.495700 0.000000 0.000000 0.000000 0.000000 0.000000 0.454943 0.000000 0.492434 0.555045 0.699211 0.740834 0.909921 0.921312 0.930506 0.876128 0.785413 0.683727 0.592857 0.517323 0.432163 0.000000 0.000000 0.000000 0.000000 0.000000 0.000000 0.000000 0.000000 0.000000 0.000000 0.000000 0.000000 0.000000 0.000000 0.402106 0.396399 0.000000 0.000000 0.000000 0.514027 0.781181 0.895890 1.026454 1.019045 0.939269 0.835182 0.735459 0.682657 0.715237 0.753122 0.764132 0.784317 0.704234 0.599213 0.511554 0.418563 0.000000 0.000000 0.511131 0.658164 0.832940 0.873139 0.877739 0.838825 0.772005 0.748139 0.729449 0.693048 0.642939 0.578275 0.507583 0.395816 0.000000 0.000000 0.000000 0.000000 0.449868 0.488555 0.472922 0.411161 0.000000 0.430368 0.514701 0.550737 0.548665 0.519211 0.478805 0.421791 0.362053 0.000000 0.000000 0.000000 0.000000 0.000000 0.000000 0.439794 0.398966 0.000000 0.000000 0.531156 0.536800 0.495705 0.399632 0.000000 0.000000 0.000000 0.427793 0.707200 0.669050 0.696081 0.746720 0.367656 0.424167 0.694889 0.813747 0.836056 0.715723 0.633235 0.680410 0.849845 0.756900 0.655693 0.553848 0.820424 0.485605 0.467372 0.394920 0.000000 0.000000 0.733787 0.366021 0.383429 0.460176 0.547332 0.567751 0.563538 0.441246 0.512736 0.696723 0.847757 0.741157 0.737020 0.687665 0.395943 0.455021 0.869363 0.662541 0.572355 0.623932 0.618936 0.532007 0.598422 0.727686 0.578223 0.581231 0.570409 0.526149 0.550916 0.556315 0.534407 0.578982 0.517649 0.514864 0.526587 0.607701 0.822163 0.926926 0.693842 0.585131 0.672617 0.692635 0.589480 0.445677 0.000000 0.000000 0.000000 0.000000 0.000000 0.000000 0.000000 0.000000 0.000000 0.501669 0.500276 0.414025 0.000000 0.000000 0.000000 0.000000 0.402172 0.396462 0.000000 0.000000 0.000000 0.428081 0.757117 0.737085 0.841388 0.894111 0.806841 0.302565 0.644762 0.612249 0.593293 0.556593 0.490999 0.394739 0.000000 0.376652 0.000000 0.000000 0.000000 0.455384 0.539018 0.649335 0.848772 0.398805 0.314683 0.333446 0.240881 0.584909 0.660967 0.559476 0.612594 0.723493 0.764078 0.740974 0.649055 0.487984 0.697031 0.667198 0.608443 0.304679 0.645038 0.631931 0.599477 0.538773 0.497875 0.483741 0.732334 0.732198 0.644091 0.756514 0.627275 0.726091 0.571532 0.550016 0.546609 0.548739 0.547846 0.575458 0.615773 0.554038 0.522157 0.674067 0.653713 0.683525 0.829804 0.853326 0.794867 0.712923 0.707841 0.693022 0.598372 0.819812 0.890649 0.820563 0.727310 0.746437 0.627929
0.000000 0.000000 0.000000 0.000000 0.000000 0.000000 0.000000 0.000000 0.000000 0.000000 0.000000 0.000000 0.000000 0.000000 0.590577 0.743670 0.764678 0.756139 0.762736 0.785082 0.858760 0.942426 0.936777 0.857399 0.766312 0.656936 0.543110 0.406099 0.000000 0.000000 0.000000 0.000000 0.000000 0.000000 0.000000 0.000000 0.000000 0.000000 0.000000 0.000000 0.440675 0.463731 0.448586 0.406877 0.000000 0.000000 0.000000 0.000000 0.571973 0.571001 0.917558 0.977708 0.955893 0.912696 0.890577 0.778371 0.770297 0.712872 0.747523 0.733281 0.743442 0.700950 0.640969 0.572925 0.563506 0.527630 0.470282 0.543593 0.628668 0.787301 1.152182 1.015516 0.912855 0.752012 0.604337 0.488996 0.412826 0.582171 0.491967 0.530018 0.396487 0.000000 0.709177 0.000000 0.000000 0.358281 0.540666 0.558257 0.582100 0.557420 0.791811 0.782195 0.759120 0.716171 0.664825 0.600435 0.531316 0.463767 0.397812 0.000000 0.000000 0.000000 0.000000 0.568985 0.682427 0.724098 0.699304 0.560377 0.499430 0.581350 0.570615 0.545608 0.456503 0.000000 0.000000 0.000000 0.375458 0.906091 0.758511 0.694834 0.305331 0.263283 0.292657 0.629774 0.594561 0.694768 0.703688 0.738079 0.769488 0.726660 0.722548 0.610209 0.465068 0.401194 0.000000 0.372577 0.000000 0.000000 0.000000 0.000000 0.434878 0.000000 0.583825 0.635761 0.618993 0.517791 0.502190 0.637057 0.810604 0.728936 0.460780 0.327370 0.217005 0.305278 0.370139 0.366452 0.352643 0.654576 0.685742 0.726459 0.575406 0.580780 0.623303 0.626534 0.657942 0.625014 0.656512 0.550524 0.552390 0.577237 0.649476 0.581470 0.601992 0.657658 0.740817 0.917806 0.989208 0.882586 0.721470 0.707598 0.704347 0.575527 0.000000 0.000000 0.000000 0.000000 0.000000 0.000000 0.560279 0.506461 0.418850 0.415774 0.587753 0.595008 0.544899 0.473556 0.000000 0.411632 0.402985 0.405463 0.389674 0.000000 0.000000 0.000000 0.412424 0.662813 0.822411 0.951002 0.926915 0.856227 0.706281 0.623922 0.641842 0.680321 0.592335 0.598047 0.466131 0.372017 0.000000 0.000000 0.000000 0.000000 0.425391 0.472898 0.581984 0.737771 0.786691 0.798415 0.754907 0.277298 0.253621 0.643696 0.687097 0.702630 0.570769 0.601926 0.596260 0.595740 0.228156 0.628889 0.277136 0.243183 0.326598 0.665461 0.674403 0.652988 0.588747 0.537739 0.499189 0.552858 0.611930 0.731995 0.770190 0.769622 0.619310 0.486188 0.610154 0.612732 0.537724 0.595527 0.545502 0.546333 0.411657 0.445878 0.497555 0.587570 0.650993 0.836754 0.839447 0.757464 0.679729 0.672357 0.704221 0.721861 0.735712 0.778529 0.744775 0.706228 0.721768 0.620523
0.000000 0.000000 0.000000 0.000000 0.000000 0.000000 0.000000 0.000000 0.000000 0.000000 0.000000 0.000000 0.399092 0.663484 0.849696 0.932241 0.925810 0.901839 1.038525 0.876108 0.840896 0.733131 0.693979 0.650444 0.650738 0.612263 0.546903 0.488976 0.456843 0.417420 0.000000 0.000000 0.000000 0.000000 0.000000 0.000000 0.000000 0.000000 0.523147 0.582998 0.593658 0.550291 0.559030 0.521372 0.409555 0.000000 0.434255 0.450161 0.629725 0.786031 0.840668 0.941411 0.906401 0.821330 0.781135 0.737678 0.688358 0.629319 0.534793 0.604882 0.706125 0.743676 0.739810 0.700162 0.643242 0.557840 0.448961 0.000000 0.000000 0.000000 0.611741 0.798306 0.630355 0.577450 0.506340 0.458316 0.426057 0.396293 0.000000 0.504251 0.000000 0.000000 0.000000 0.000000 0.470536 0.370964 0.000000 0.473142 0.561962 0.583920 0.796455 0.698863 0.766970 0.746195 0.667445 0.588815 0.519171 0.459815 0.403546 0.000000 0.000000 0.000000 0.451566 0.633699 0.776493 0.856207 0.725480 0.714308 0.625060 0.513518 0.618629 0.515248 0.450183 0.000000 0.000000 0.000000 0.585520 0.579918 0.560359 0.674911 0.303649 0.308997 0.264751 0.270651 0.533824 0.487594 0.603670 0.603235 0.587932 0.571285 0.579120 0.518443 0.381772 0.298538 0.000000 0.000000 0.000000 0.000000 0.000000 0.000000 0.600434 0.000000 0.623021 0.687596 0.727932 0.791557 0.685563 0.563043 0.641364 0.709975 0.344662 0.219998 0.108768 0.179817 0.220101 0.194891 0.235905 0.588244 0.624010 0.789588 0.794002 0.747589 0.811846 0.552388 0.711147 0.733114 0.752594 0.672290 0.643000 0.630579 0.652209 0.604388 0.682392 0.735113 0.813632 0.837196 0.912512 0.876408 0.749633 0.676697 0.614399 0.446501 0.000000 0.000000 0.000000 0.000000 0.000000 0.000000 0.678926 0.593860 0.494867 0.524138 0.610360 0.607954 0.572527 0.519059 0.510080 0.440320 0.414572 0.000000 0.000000 0.000000 0.000000 0.000000 0.000000 0.661157 0.794564 0.920929 0.769311 0.641317 0.654491 0.740046 0.789771 0.690851 0.531994 0.624716 0.478114 0.000000 0.000000 0.000000 0.000000 0.000000 0.432844 0.550472 0.545135 0.627996 0.756974 0.837439 0.446480 0.294641 0.596415 0.738733 0.737522 0.747549 0.669840 0.715652 0.694313 0.660221 0.264582 0.288836 0.231834 0.191872 0.299703 0.660803 0.699499 0.831242 0.331633 0.554294 0.645489 0.552382 0.514584 0.738522 0.834008 0.770894 0.628230 0.519101 0.614477 0.605202 0.641432 0.649685 0.558646 0.486859 0.400736 0.564116 0.608657 0.591233 0.497917 0.690605 0.689724 0.596938 0.499929 0.573888 0.688281 0.661371 0.740373 0.748123 0.557686 0.523414 0.670803 0.601903
0.000000 0.000000 0.000000 0.000000 0.000000 0.000000 0.000000 0.000000 0.000000 0.438844 0.000000 0.713849 0.664118 0.822898 0.922477 0.959020 0.933952 0.892277 0.816601 0.719397 0.676268 0.706943 0.708696 0.676073 0.719163 0.701775 0.678763 0.720390 0.680740 0.597070 0.502508 0.410286 0.000000 0.000000 0.000000 0.004000 0.000000 0.474255 0.601629 0.657736 0.652442 0.613563 0.581502 0.545160 0.552497 0.527419 0.591717 0.623519 0.813292 0.986391 1.035482 0.970593 0.913487 0.828143 0.769739 0.631559 0.566509 0.539782 0.687474 0.836925 0.882139 0.858349 0.808477 0.714283 0.633250 0.559664 0.492311 0.489003 0.454657 0.403472 0.000000 0.533491 0.510343 0.499825 0.477107 0.456919 0.447554 0.418845 0.000000 0.396643 0.425743 0.491958 0.452938 0.000000 0.000000 0.000000 0.000000 0.500672 0.555757 0.560294 0.612745 0.630251 0.582478 0.606380 0.000000 0.000000 0.000000 0.000000 0.515569 0.000000 0.000000 0.000000 0.501355 0.706789 0.801489 0.910303 0.779587 0.750280 0.659860 0.556831 0.462164 0.526930 0.386591 0.000000 0.000000 0.000000 0.520870 0.557796 0.711952 0.666672 0.656590 0.659415 0.599007 0.539332 0.486075 0.453926 0.551131 0.496487 0.360836 0.000000 0.388537 0.000000 0.000000 0.000000 0.000000 0.000000 0.000000 0.000000 0.000000 0.000000 0.461314 0.519002 0.652743 0.829290 0.857656 0.812478 0.634221 0.678319 0.252035 0.235514 0.267673 0.220971 0.309008 0.281875 0.236744 0.249533 0.662969 0.249823 0.251128 0.247324 0.779167 0.739799 0.670007 0.610339 0.744254 1.009105 0.838861 0.826111 0.742621 0.758134 0.611277 0.766594 0.645131 0.693135 0.752337 0.797596 0.868718 0.804561 0.676546 0.563529 0.450676 0.000000 0.000000 0.000000 0.000000 0.000000 0.000000 0.000000 0.669559 0.598166 0.531394 0.572793 0.591162 0.512197 0.515033 0.523627 0.495870 0.406022 0.000000 0.000000 0.000000 0.000000 0.000000 0.470926 0.481611 0.838362 0.766514 0.757433 0.727674 0.511563 0.780413 0.813049 0.743613 0.582632 0.646751 0.559028 0.410098 0.000000 0.000000 0.000000 0.000000 0.361084 0.497879 0.608576 0.594055 0.497152 0.698294 0.754348 0.337653 0.647357 0.818619 0.701149 0.688209 0.686256 0.748171 0.775874 0.756194 0.713725 0.381846 0.662311 0.676043 0.338935 0.282016 0.301486 0.696309 0.655665 0.584456 0.662172 0.605403 0.533032 0.529764 0.741650 0.805452 0.743659 0.618860 0.550833 0.505861 0.445093 0.658925 0.692362 0.628263 0.533419 0.501084 0.615622 0.625580 0.566580 0.543205 0.588370 0.577826 0.513972 0.448509 0.463468 0.514593 0.634811 0.565874 0.756130 0.563287 0.494722 0.567260 0.469309
0.000000 0.000000 0.000000 0.000000 0.000000 0.000000 0.000000 0.000000 0.000000 0.004000 0.501653 0.570402 0.769518 0.846672 0.844939 0.779057 0.673546 0.531173 0.454812 0.556741 0.417865 0.544260 0.572704 0.850014 0.995954 0.949130 0.847832 0.819075 0.757010 0.656969 0.547612 0.440791 0.000000 0.000000 0.000000 0.000000 0.000000 0.000000 0.523366 0.583782 0.590346 0.515192 0.485985 0.456429 0.415642 0.000000 0.405562 0.668776 0.979711 1.092456 1.067266 0.967041 0.915148 0.829653 0.708276 0.591650 0.532220 0.649425 0.844701 0.944606 0.932993 0.863963 0.774842 0.693476 0.655270 0.691004 0.715219 0.694635 0.651741 0.602935 0.566931 0.605679 0.615041 0.564867 0.536879 0.482955 0.418557 0.542564 0.652366 0.630695 0.595013 0.593681 0.516541 0.422972 0.000000 0.000000 0.000000 0.481643 0.555685 0.617370 0.661095 0.723177 0.700167 0.643524 0.593735 0.590262 0.537008 0.432488 0.395781 0.368567 0.000000 0.000000 0.485316 0.652297 0.788603 0.877357 0.907650 0.866736 0.632905 0.551066 0.465311 0.497867 0.000000 0.000000 0.000000 0.000000 0.000000 0.498997 0.420642 0.645939 0.611058 0.611800 0.563515 0.508047 0.442121 0.478217 0.355739 0.004899 0.000000 0.000000 0.000000 0.000000 0.000000 0.000000 0.000000 0.364440 0.351482 0.000000 0.000000 0.000000 0.560201 0.700081 0.623648 0.846684 0.857245 0.702406 0.335630 0.337352 0.338781 0.298915 0.247027 0.328925 0.560226 0.608259 0.441524 0.487141 0.816704 0.277657 0.166660 0.162706 0.605024 0.714919 0.844895 0.599681 0.547318 0.855240 0.842552 0.817312 0.807186 0.660374 0.659865 0.653702 0.675514 0.762406 0.757739 0.792278 0.803929 0.693357 0.605287 0.474041 0.000000 0.000000 0.000000 0.000000 0.000000 0.000000 0.367267 0.460308 0.436538 0.562596 0.539510 0.560009 0.538273 0.567052 0.550975 0.506899 0.414656 0.365235 0.000000 0.000000 0.000000 0.000000 0.000000 0.537011 0.620923 0.892562 0.831921 0.787963 0.670413 0.802149 0.817869 0.738143 0.694990 0.492144 0.563967 0.487031 0.000000 0.000000 0.000000 0.000000 0.474616 0.459723 0.545096 0.659418 0.622992 0.611765 0.791974 0.708764 0.344779 0.693836 0.724959 0.772053 0.739391 0.726331 0.744872 0.763165 0.754144 0.730256 0.814768 0.762495 0.892935 0.783399 0.715201 0.646223 0.672040 0.615379 0.707933 0.635137 0.574319 0.546734 0.404215 0.504486 0.654482 0.647359 0.558290 0.506631 0.000000 0.495802 0.841839 0.825919 0.711457 0.570008 0.634691 0.632363 0.599640 0.617786 0.596535 0.565295 0.512230 0.439596 0.404251 0.436805 0.615503 0.575924 0.633938 0.655156 0.755190 0.670406 0.556944 0.000000
0.000000 0.000000 0.000000 0.000000 0.000000 0.000000 0.000000 0.000000 0.000000 0.000000 0.556687 0.651175 0.661440 0.596025 0.498205 0.538839 0.531089 0.501791 0.471261 0.883275 0.713414 0.748387 0.825554 1.077585 1.127245 1.035511 0.890364 0.719119 0.561026 0.433612 0.004000 0.000000 0.000000 0.000000 0.000000 0.000000 0.000000 0.000000 0.505076 0.509950 0.472471 0.413125 0.000000 0.000000 0.000000 0.390592 0.544767 0.757956 0.855408 0.891781 0.835529 0.751854 0.717401 0.672681 0.610196 0.458195 0.592121 0.742020 0.902903 0.950595 0.920324 0.820787 0.722064 0.737980 0.803436 0.846908 0.839748 0.795953 0.738748 0.692784 0.670376 0.686077 0.678267 0.647899 0.600151 0.551222 0.587140 0.699842 0.803472 0.711264 0.690944 0.641998 0.619154 0.566471 0.534880 0.473563 0.601804 0.769535 0.879640 0.817028 0.839184 0.814721 0.794795 0.740024 0.738811 0.794921 0.743449 0.664279 0.557436 0.546919 0.528403 0.537188 0.595571 0.590016 0.636796 0.665426 0.750344 0.748825 0.708768 0.641565 0.566253 0.472139 0.372986 0.000000 0.000000 0.000000 0.000000 0.466449 0.486544 0.570673 0.663521 0.642397 0.617019 0.572554 0.551797 0.430860 0.000000 0.000000 0.000000 0.000000 0.000000 0.000000 0.000000 0.000000 0.000000 0.372145 0.344638 0.000000 0.000000 0.000000 0.000000 0.492476 0.902314 0.821837 0.908007 0.718592 0.272982 0.325412 0.461813 0.383505 0.416801 0.462168 0.637819 0.723683 0.640651 0.904660 0.539008 0.469426 0.712595 0.225755 0.548415 0.611840 0.502890 0.439460 0.000000 0.507536 0.565174 0.588105 0.590058 0.523886 0.681101 0.615640 0.741084 0.673249 0.698895 0.704127 0.656984 0.529496 0.563959 0.497324 0.398263 0.384814 0.000000 0.000000 0.000000 0.000000 0.428407 0.579256 0.553497 0.700045 1.230647 0.385091 0.579108 0.688546 0.675356 0.571777 0.467209 0.414914 0.000000 0.000000 0.000000 0.000000 0.000000 0.560433 0.712309 0.780900 0.767112 0.799690 0.771977 0.830188 0.785335 0.733213 0.646665 0.469126 0.365860 0.000000 0.000000 0.000000 0.000000 0.495093 0.551639 0.543436 0.628646 0.697215 0.650608 0.637508 0.732373 0.646898 0.676073 0.422926 0.437308 0.750810 0.706403 0.703425 0.829514 0.691362 0.678412 0.767580 0.698300 0.717453 0.964038 0.821303 0.739834 0.842537 0.690292 0.629929 0.730242 0.697659 0.664138 0.527566 0.000000 0.000000 0.600429 0.384316 0.000000 0.000000 0.000000 0.731759 0.913198 0.865266 0.755816 0.617761 0.717452 0.697878 0.633760 0.590986 0.628754 0.602357 0.601988 0.571476 0.590027 0.580698 0.261197 0.249460 0.339798 0.403798 0.768943 0.656047 0.538315 0.000000
0.000000 0.000000 0.000000 0.000000 0.000000 0.000000 0.000000 0.000000 0.000000 0.000000 0.947227 0.587270 0.512339 0.610850 0.620292 0.584066 0.495589 0.385471 0.000000 0.523010 0.581665 0.841107 1.008078 1.030916 0.848631 0.689477 0.593742 0.517905 0.437603 0.000000 0.000000 0.000000 0.000000 0.000000 0.000000 0.000000 0.000000 0.000000 0.387651 0.000000 0.000000 0.506814 0.000000 0.000000 0.571246 0.497908 0.560732 0.803745 0.922461 0.721764 0.539166 0.476072 0.417170 0.421144 0.000000 0.569585 0.575721 0.732083 0.879370 0.862836 0.806075 0.699982 0.630541 0.711577 0.788104 0.859627 0.881700 0.851718 0.794788 0.734718 0.672472 0.681570 0.623848 0.481811 0.468294 0.525699 0.552863 0.652932 0.712508 0.643613 0.697380 0.669551 0.535806 0.493759 0.519556 0.602442 0.845590 0.983862 1.045674 0.928561 0.852548 0.863627 0.849905 0.817280 0.930286 0.803522 0.833117 0.749933 0.638209 0.637012 0.700584 0.628166 0.576455 0.628478 0.415946 0.576758 0.672682 0.696243 0.674510 0.664516 0.597580 0.472871 0.366588 0.000000 0.000000 0.369881 0.372955 0.453054 0.482739 0.497241 0.539574 0.604469 0.568713 0.530772 0.441536 0.413548 0.000000 0.000000 0.000000 0.000000 0.000000 0.000000 0.000000 0.000000 0.000000 0.000000 0.360557 0.375267 0.349346 0.000000 0.000000 0.425292 0.933991 0.956537 0.971057 0.700817 0.192273 0.305482 0.327988 0.360983 0.450389 0.415610 0.527545 0.961382 0.913970 0.585674 0.551919 0.513989 0.375518 0.558056 0.950488 0.515209 0.497730 0.535700 0.000000 0.000000 0.498578 0.411665 0.513471 0.000000 0.546157 0.671945 0.661228 0.837158 0.838761 0.810550 0.688997 0.588078 0.614380 0.572679 0.556358 0.410745 0.000000 0.000000 0.000000 0.000000 0.451712 0.659368 0.630261 0.461163 0.470899 0.587265 0.573234 0.716450 0.719581 0.636511 0.537036 0.447348 0.000000 0.000000 0.000000 0.000000 0.432830 0.584257 0.574574 0.745036 0.727082 0.746497 0.744484 0.780737 0.773683 0.635414 0.526056 0.000000 0.000000 0.000000 0.000000 0.000000 0.000000 0.509436 0.561006 0.531402 0.642019 0.662738 0.663336 0.625065 0.188798 0.283317 0.296207 0.370247 0.401919 0.431461 0.737488 0.700855 0.764162 0.657319 0.654473 0.642096 0.582188 0.674495 0.938241 0.777485 0.738003 0.902240 0.740024 0.669116 0.786852 0.743525 0.696291 0.544034 0.000000 0.000000 0.000000 0.000000 0.000000 0.000000 0.551185 0.787118 0.811810 0.810221 0.741670 0.652375 0.701382 0.686553 0.583399 0.507787 0.659414 0.697558 0.700017 0.707682 0.699689 0.603521 0.245092 0.367358 0.768317 0.333821 0.552133 0.606396 0.574556 0.447458
0.000000 0.000000 0.000000 0.000000 0.000000 0.000000 0.000000 0.000000 0.000000 0.000000 0.000000 0.321364 0.000000 0.000000 0.000000 0.000000 0.000000 0.000000 0.000000 0.000000 0.000000 0.716074 0.831904 0.978810 0.857895 0.740140 0.632831 0.537161 0.715479 0.562247 0.508377 0.452584 0.391591 0.000000 0.000000 0.000000 0.000000 0.000000 0.000000 0.000000 0.000000 0.000000 0.000000 0.422762 0.593440 0.429943 0.440174 0.517225 0.683486 0.518232 0.452930 0.437930 0.000000 0.000000 0.451351 0.449455 0.520729 0.608425 0.561155 0.590295 0.651237 0.419080 0.459328 0.681100 0.810589 0.850335 0.827879 0.735484 0.670388 0.591730 0.560600 0.549643 0.618933 0.648397 0.523222 0.519433 0.541726 0.709980 0.605454 0.521937 0.589175 0.668774 0.634676 0.606972 0.499075 0.627777 0.856535 0.923883 0.947659 0.914579 1.027471 0.977316 0.612775 0.637381 0.598180 0.512582 0.634420 0.648300 0.615336 0.708987 0.773253 0.726772 0.626416 0.493720 0.381697 0.555288 0.668910 0.711729 0.700687 0.651660 0.567654 0.521498 0.514762 0.547286 0.562428 0.550507 0.495984 0.511938 0.487831 0.562003 0.620842 0.543072 0.000000 0.000000 0.000000 0.000000 0.000000 0.000000 0.000000 0.000000 0.000000 0.000000 0.000000 0.000000 0.404546 0.429939 0.421668 0.421553 0.396360 0.000000 0.557684 0.461411 0.851137 0.993702 0.941265 0.936799 0.316271 0.249329 0.293945 0.359781 0.270152 0.245703 0.347210 0.505990 0.891678 0.845200 0.521516 0.474183 0.383194 0.617618 0.567373 0.523877 0.383795 0.511430 0.467506 0.417735 0.000000 0.000000 0.000000 0.000000 0.523126 0.804212 0.799549 0.957318 0.964848 0.896091 0.777272 0.760853 0.669420 0.541365 0.437225 0.000000 0.000000 0.000000 0.000000 0.379440 0.601388 0.666105 0.702244 0.659821 0.663011 0.565022 0.645149 0.644626 0.775036 0.634919 0.561010 0.470825 0.523824 0.508648 0.419426 0.428234 0.468502 0.623020 0.682775 0.531478 0.779898 0.776287 0.617284 0.755714 0.665038 0.578012 0.537666 0.486182 0.474732 0.000000 0.000000 0.000000 0.356168 0.412188 0.378897 0.380203 0.554590 0.690649 0.650755 0.478980 0.184409 0.199680 0.176761 0.275910 0.314080 0.361413 0.750775 0.829569 0.578505 0.477282 0.639147 0.678211 0.603042 0.557138 0.714799 0.652442 0.858670 0.922129 0.767745 0.723820 0.829431 0.837177 0.698022 0.511049 0.000000 0.000000 0.000000 0.000000 0.000000 0.477374 0.699759 0.763312 0.741228 0.627264 0.563464 0.523286 0.579652 0.640240 0.553280 0.567817 0.681203 0.745322 0.779442 0.784081 0.705528 0.699924 0.330077 0.377748 0.300753 0.219190 0.534475 0.646339 0.603360 0.513018
0.000000 0.000000 0.000000 0.000000 0.000000 0.000000 0.000000 0.000000 0.000000 0.000000 0.000000 0.000000 0.000000 0.000000 0.000000 0.000000 0.000000 0.000000 0.833328 0.000000 0.000000 0.000000 0.432916 0.514349 0.445053 0.401428 0.000000 0.000000 0.846081 0.666153 0.596747 0.544779 0.496074 0.446508 0.391815 0.000000 0.000000 0.000000 0.000000 0.000000 0.000000 0.000000 0.000000 0.000000 0.000000 0.000000 0.000000 0.370426 0.459871 0.000000 0.000000 0.000000 0.000000 0.000000 0.000000 0.398585 0.000000 0.000000 0.000000 0.000000 0.000000 0.000000 0.452499 0.480319 0.556252 0.537592 0.463532 0.000000 0.000000 0.391035 0.382266 0.570730 0.673095 0.898096 0.635423 0.546525 0.834494 0.822259 0.790903 0.754530 0.723055 0.706599 0.712062 0.620409 0.615813 0.710661 0.854538 0.842579 0.779537 0.746747 0.671207 0.830936 0.772691 0.547270 0.489225 0.593634 0.594655 0.572642 0.560509 0.695316 0.701756 0.695918 0.596182 0.415114 0.370002 0.434294 0.569878 0.594087 0.582720 0.564464 0.512987 0.514310 0.646593 0.640565 0.651847 0.603672 0.490556 0.589364 0.606991 0.589601 0.766750 0.729955 0.656096 0.543907 0.000000 0.000000 0.000000 0.000000 0.000000 0.000000 0.000000 0.000000 0.000000 0.000000 0.418978 0.511670 0.508872 0.441578 0.415167 0.000000 0.000000 0.453020 0.530028 0.838801 0.897268 0.966193 0.597850 0.383202 0.170006 0.168878 0.098850 0.141951 0.273010 0.406335 0.505750 0.419110 0.413629 0.766288 0.792332 0.714232 0.644921 0.556433 0.542223 0.473055 0.000000 0.499776 0.000000 0.000000 0.000000 0.507898 0.729004 0.793795 0.898838 0.957419 0.968072 0.891121 0.817676 0.808215 0.631741 0.494983 0.000000 0.000000 0.000000 0.000000 0.000000 0.489617 0.750916 0.794485 0.768138 0.651927 0.622405 0.178768 0.301483 0.641425 0.736779 0.567071 0.573066 0.533407 0.574141 0.553030 0.555101 0.640345 0.627013 0.625125 0.627788 0.548825 0.636093 0.611274 0.570710 0.670330 0.187376 0.718775 0.692613 0.673794 0.571954 0.477214 0.000000 0.000000 0.000000 0.000000 0.000000 0.388611 0.394550 0.625084 0.611977 0.537463 0.224502 0.137613 0.158361 0.228793 0.242675 0.364558 0.889984 0.671179 0.565642 0.699227 0.699564 0.623030 0.507728 0.407944 0.523629 0.649738 0.873711 0.987351 0.988800 0.930637 0.919374 0.814369 0.642725 0.413567 0.000000 0.000000 0.000000 0.000000 0.463513 0.612408 0.756617 0.748272 0.666475 0.559460 0.502846 0.560039 0.639690 0.579843 0.603505 0.660925 0.692888 0.676456 0.771383 0.715099 0.592412 0.742159 0.753010 0.399924 0.160620 0.208889 0.284642 0.690748 0.703779 0.585991
0.000000 0.000000 0.000000 0.000000 0.000000 0.000000 0.000000 0.000000 0.000000 0.000000 0.000000 0.000000 0.000000 0.000000 0.000000 0.000000 0.000000 0.000000 0.000000 0.000000 0.000000 0.000000 0.000000 0.624329 0.000000 0.000000 0.000000 0.000000 0.741573 0.682511 0.606345 0.551226 0.500602 0.443818 0.375205 0.425440 0.468179 0.455320 0.416887 0.369949 0.000000 0.000000 0.000000 0.000000 0.000000 0.000000 0.000000 0.000000 0.000000 0.000000 0.000000 0.000000 0.000000 0.000000 0.000000 0.000000 0.000000 0.000000 0.000000 0.000000 0.000000 0.419095 0.458388 0.456793 0.430832 0.957633 0.000000 0.000000 0.000000 0.004000 0.636017 0.000000 0.551293 0.538595 0.573018 0.726331 0.754007 0.684724 0.726179 0.659827 0.701173 0.601647 0.608877 0.770022 0.873745 0.775718 0.625423 0.753832 0.802037 0.858251 0.711661 0.691404 0.672578 0.793069 0.830581 0.761527 0.744522 0.734524 0.662630 0.638492 0.637491 0.636535 0.578691 0.631895 0.632443 0.595573 0.440209 0.535840 0.496995 0.380519 0.000000 0.634106 0.549091 0.625104 0.610165 0.585161 0.560065 0.532855 0.315279 0.841912 0.806877 0.789650 0.829577 0.725617 0.579904 0.000000 0.000000 0.000000 0.000000 0.000000 0.000000 0.000000 0.000000 0.000000 0.000000 0.462405 0.481425 0.389314 0.364916 0.000000 0.000000 0.432247 0.500514 0.578684 0.732153 0.996491 0.833626 0.232216 0.241958 0.212239 0.142273 0.184377 0.125258 0.210404 0.306865 0.332466 0.604255 0.698261 0.779886 0.792455 0.720309 0.657593 0.610091 0.538812 0.403540 0.353578 0.000000 0.000000 0.432638 0.739060 0.888463 1.041220 0.892883 0.744545 0.713187 0.688392 0.737259 0.716615 0.605084 0.465190 0.000000 0.000000 0.000000 0.000000 0.378236 0.636271 0.897780 0.940459 0.878598 0.733707 0.289862 0.649216 0.159340 0.222139 0.583225 0.566300 0.587253 0.585198 0.579998 0.651090 0.649333 0.721450 0.783243 0.757126 0.639184 0.643126 0.695910 0.666564 0.260672 0.153439 0.257958 0.705478 0.811850 0.736849 0.678940 0.534728 0.414971 0.000000 0.000000 0.000000 0.000000 0.000000 0.000000 0.426246 0.507524 0.523200 0.552129 0.218780 0.327896 0.231369 0.267523 0.470610 0.747150 0.650645 0.674574 0.753860 0.746704 0.712192 0.657734 0.597256 0.498608 0.653299 0.802784 0.846502 0.890598 0.869585 0.817819 0.711240 0.532845 0.000000 0.000000 0.000000 0.000000 0.000000 0.495481 0.653278 0.758412 0.660650 0.496584 0.490876 0.461110 0.556072 0.612356 0.592063 0.692901 0.733092 0.713893 0.614950 0.614439 0.580255 0.203351 0.374572 0.691185 0.619013 0.320029 0.288356 0.339260 0.749434 0.749835 0.603004
0.000000 0.000000 0.000000 0.000000 0.000000 0.000000 0.000000 0.000000 0.000000 0.000000 0.000000 0.000000 0.000000 0.000000 0.000000 0.000000 0.000000 0.000000 0.000000 0.000000 0.000000 0.000000 0.000000 0.000000 0.000000 0.000000 0.000000 0.000000 0.644190 0.588805 0.517031 0.476530 0.697873 0.391981 0.455227 0.513490 0.548720 0.526155 0.483227 0.424295 0.366606 0.000000 0.000000 0.000000 0.000000 0.000000 0.000000 0.000000 0.000000 0.000000 0.000000 0.000000 0.000000 0.000000 0.000000 0.000000 0.000000 0.000000 0.389526 0.390718 0.000000 0.469361 0.489356 0.481231 0.444658 0.000000 0.000000 0.000000 0.000000 0.551914 0.430425 0.667479 0.641626 0.675305 0.779594 0.771014 0.752717 0.744973 0.742383 0.754212 0.638008 0.692199 0.700785 0.706767 0.851407 0.689568 0.608535 0.687211 0.873524 0.946950 0.879155 0.863851 0.969420 0.980170 0.845304 0.954832 0.962264 0.833594 0.807985 0.846541 0.875226 0.803430 0.739733 0.768504 0.748704 0.695496 0.624240 0.532264 0.424394 0.481882 0.699791 0.711559 0.611170 0.482809 0.572928 0.672077 0.727602 0.697850 0.793641 0.884104 0.849025 0.687314 0.863044 0.787604 0.652958 0.485009 0.000000 0.000000 0.000000 0.000000 0.000000 0.348617 0.000000 0.000000 0.626370 0.376272 0.000000 0.000000 0.000000 0.000000 0.000000 0.000000 0.000000 0.446933 0.502423 0.703056 0.677615 0.801678 0.422265 0.329290 0.314466 0.369879 0.335350 0.227504 0.128659 0.118994 0.463565 0.648703 0.773007 0.838546 0.763756 0.713433 0.666100 0.596481 0.476348 0.458084 0.415646 0.344369 0.495851 0.696137 0.888087 0.927235 0.924476 0.678316 0.611988 0.687455 0.620624 0.459678 0.000000 0.000000 0.000000 0.000000 0.000000 0.000000 0.587160 0.883315 0.973101 1.023862 0.950111 0.702771 0.234816 0.637201 0.212645 0.490904 0.411957 0.365396 0.458153 0.557244 0.547155 0.696438 0.742235 0.729858 0.768997 0.759764 0.583891 0.739356 0.785699 0.740508 0.167747 0.203984 0.691356 0.784660 0.887166 0.859140 0.712223 0.576248 0.437809 0.000000 0.000000 0.000000 0.000000 0.000000 0.678307 0.484712 0.508239 0.552929 0.765985 0.286137 0.784781 0.287273 0.360732 0.733656 0.374751 0.759988 0.698736 0.805323 0.839502 0.845111 0.778398 0.677164 0.531758 0.597169 0.623605 0.689966 0.776761 0.791766 0.696918 0.554084 0.417626 0.000000 0.000000 0.000000 0.000000 0.000000 0.496682 0.642535 0.663044 0.514610 0.551019 0.542890 0.611047 0.601358 0.601911 0.622416 0.548116 0.621602 0.679203 0.707306 0.693914 0.658667 0.325112 0.409730 0.712009 0.368853 0.372471 0.676260 0.692782 0.798999 0.784042 0.607671
0.000000 0.000000 0.000000 0.000000 0.000000 0.000000 0.000000 0.000000 0.000000 0.000000 0.000000 0.000000 0.000000 0.000000 0.000000 0.000000 0.000000 0.000000 0.000000 0.000000 0.000000 0.000000 0.000000 0.000000 0.000000 0.000000 0.000000 0.000000 0.000000 0.000000 0.000000 0.000000 0.000000 0.000000 0.496546 0.525485 0.542890 0.524440 0.490344 0.436261 0.375494 0.000000 0.000000 0.000000 0.000000 0.000000 0.000000 0.000000 0.000000 0.000000 0.000000 0.000000 0.000000 0.000000 0.000000 0.000000 0.475112 0.550586 0.557823 0.512858 0.452534 0.514241 0.519700 0.000000 0.000000 0.441802 0.000000 0.000000 0.000000 0.000000 0.653487 0.847242 0.763040 0.803107 0.870770 0.838121 0.722411 0.575317 0.638016 0.717326 0.799506 0.825874 0.786762 0.705276 0.737455 0.977969 0.392206 0.000000 0.000000 0.444644 0.759670 0.859698 0.842784 0.949468 0.899267 1.078137 0.980647 0.962181 1.059364 0.988391 0.963933 0.837988 0.830141 0.823360 0.786271 0.728723 0.651089 0.563331 0.717464 0.983659 1.057121 0.943382 0.837810 0.577956 0.530256 0.530836 0.517463 0.151043 0.291967 0.726984 0.751483 0.960545 1.013441 0.955834 0.845649 0.759646 0.583842 0.000000 0.000000 0.000000 0.589187 0.459455 0.423417 0.386898 0.000000 0.375266 0.417970 0.000000 0.000000 0.000000 0.000000 0.000000 0.000000 0.000000 0.627926 0.717602 0.421114 0.485758 0.498271 0.448740 0.418878 0.443910 0.474064 0.381318 0.281791 0.186906 0.491745 0.553968 0.719747 0.835756 0.783524 0.741332 0.708729 0.644143 0.547373 0.511137 0.488355 0.418985 0.569265 0.674119 0.831536 0.818219 0.754090 0.687113 0.636745 0.560558 0.447140 0.000000 0.000000 0.000000 0.000000 0.000000 0.000000 0.382988 0.808946 1.002648 1.096255 1.017143 0.775646 0.261331 0.651774 0.195219 0.516708 0.457110 0.493912 0.000000 0.000000 0.000000 0.379369 0.519624 0.714660 0.737579 0.808608 0.834035 0.659736 0.800278 0.839959 0.383349 0.205128 0.272941 0.404878 0.739666 0.836333 0.787863 0.692230 0.568983 0.425507 0.000000 0.000000 0.000000 0.000000 0.000000 0.004000 0.000000 0.000000 0.451760 0.000000 0.685847 0.878095 0.720154 0.691436 0.642453 0.285783 0.578223 0.707324 0.861043 0.886011 0.898297 0.807976 0.671058 0.554241 0.582880 0.533386 0.590123 0.689388 0.697620 0.617395 0.566064 0.480237 0.000000 0.000000 0.000000 0.000000 0.000000 0.409559 0.567499 0.522940 0.532903 0.555101 0.673271 0.711816 0.659588 0.643808 0.748962 0.620022 0.665247 0.952468 0.866602 0.472882 0.461640 0.433410 0.700038 0.423776 0.679210 0.647196 0.707992 0.956222 0.878250 0.774384 0.602618
0.000000 0.000000 0.000000 0.000000 0.000000 0.000000 0.000000 0.000000 0.000000 0.000000 0.000000 0.000000 0.000000 0.000000 0.000000 0.000000 0.000000 0.000000 0.000000 0.000000 0.000000 0.000000 0.000000 0.000000 0.000000 0.000000 0.000000 0.000000 0.000000 0.000000 0.000000 0.000000 0.000000 0.000000 0.000000 0.000000 0.382643 0.397938 0.397162 0.000000 0.000000 0.000000 0.000000 0.000000 0.000000 0.000000 0.000000 0.000000 0.000000 0.000000 0.000000 0.000000 0.000000 0.000000 0.000000 0.568969 0.664989 0.675439 0.652765 0.575318 0.484081 0.392151 0.000000 0.000000 0.000000 0.000000 0.000000 0.000000 0.000000 0.592466 0.824981 0.866843 0.854478 0.891399 0.897454 0.873347 0.743926 0.735656 0.852451 0.981082 0.877474 0.836483 0.735295 0.770591 0.635320 0.563181 0.488061 0.562554 0.000000 0.606939 0.746396 0.883113 1.012299 1.017701 1.037946 1.060839 1.061094 1.132457 1.249314 1.055937 0.820230 0.882544 0.767591 0.727756 0.638244 0.681091 0.640250 0.921448 1.138297 1.286500 1.140346 0.890500 0.704974 0.657723 0.586442 0.541561 0.527247 0.303651 0.461107 0.579674 0.924552 1.123303 1.260352 1.204581 1.086896 0.926552 0.743402 0.549158 0.000000 0.614156 0.619214 0.547686 0.489466 0.439332 0.380631 0.000000 0.000000 0.000000 0.000000 0.000000 0.000000 0.000000 0.000000 0.406425 0.676014 0.889903 0.887971 0.526866 0.417772 0.377457 0.377268 0.434923 0.450191 0.419690 0.633324 0.731545 0.615917 0.551196 0.602182 0.687097 0.752107 0.765309 0.743703 0.676042 0.603684 0.504514 0.503743 0.460921 0.482548 0.724609 0.853688 0.743875 0.664250 0.570281 0.519071 0.476714 0.000000 0.000000 0.000000 0.000000 0.000000 0.000000 0.000000 0.434584 0.917396 0.931255 0.919779 0.899783 0.680944 0.448497 0.611402 0.194435 0.616625 0.543106 0.356443 0.000000 0.000000 0.437048 0.514361 0.586091 0.700957 0.807769 0.828505 0.687015 0.741960 0.874183 0.592025 0.360591 0.328196 0.348135 0.347325 0.695755 0.644484 0.685067 0.626997 0.520999 0.389083 0.000000 0.000000 0.000000 0.000000 0.000000 0.000000 0.000000 0.000000 0.000000 0.000000 0.000000 0.685261 0.692179 0.739069 0.573697 0.672715 0.511417 0.603889 0.184425 0.776019 0.801211 0.768707 0.559520 0.593465 0.590429 0.605277 0.554392 0.628783 0.585181 0.759830 0.547824 0.499735 0.414807 0.000000 0.373273 0.000000 0.000000 0.000000 0.396116 0.391313 0.395172 0.602123 0.738438 0.732670 0.730710 0.769590 0.866600 0.691810 0.675965 0.852985 0.714466 0.737872 0.751631 0.696217 0.670386 0.696125 0.628429 0.562255 0.850897 0.917074 0.815973 0.710616 0.568718
0.000000 0.000000 0.000000 0.000000 0.000000 0.000000 0.000000 0.000000 0.000000 0.000000 0.000000 0.000000 0.000000 0.000000 0.000000 0.000000 0.000000 0.000000 0.000000 0.000000 0.000000 0.000000 0.000000 0.000000 0.000000 0.000000 0.000000 0.000000 0.000000 0.000000 0.000000 0.000000 0.000000 0.000000 0.000000 0.000000 0.000000 0.000000 0.000000 0.000000 0.000000 0.000000 0.000000 0.000000 0.000000 0.000000 0.000000 0.000000 0.000000 0.000000 0.000000 0.000000 0.000000 0.000000 0.544165 0.697205 0.744104 0.700564 0.666789 0.565405 0.448247 0.000000 0.000000 0.000000 0.000000 0.000000 0.000000 0.479237 0.413894 0.729999 0.883210 0.838331 0.924150 0.867439 0.750529 0.740398 0.692787 0.706457 0.735649 0.866488 0.647793 0.728404 0.727621 0.702779 0.663131 0.612901 0.555611 0.635105 0.622380 0.905728 1.100929 1.179500 1.144512 1.070044 0.986926 0.877185 0.948718 1.215882 1.123179 0.936808 0.775601 0.743183 0.686314 0.617769 0.536861 0.480278 0.896799 1.333971 1.491025 1.364277 1.158423 1.069736 0.945744 0.622126 0.123716 0.152834 0.134885 0.744620 0.522609 0.978806 0.678296 0.935327 0.950968 1.036978 0.963281 0.897524 0.745970 0.585649 0.664343 0.813005 0.772810 0.686332 0.514531 0.445217 0.388346 0.000000 0.000000 0.000000 0.000000 0.000000 0.000000 0.000000 0.471288 0.676490 0.799313 0.903957 1.033101 0.924719 0.470037 0.430917 0.382031 0.661977 0.586222 0.483750 0.645177 0.668822 0.594792 0.528507 0.594231 0.654429 0.647517 0.657809 0.658538 0.632648 0.601941 0.535498 0.408916 0.410987 0.383703 0.718449 0.801545 0.704104 0.622722 0.563441 0.475699 0.456501 0.383447 0.000000 0.000000 0.000000 0.000000 0.000000 0.395800 0.517476 0.887774 0.794881 0.796665 0.819694 0.819718 0.551157 0.481365 0.596848 0.587811 0.528991 0.000000 0.000000 0.000000 0.559100 0.690649 0.779859 0.806993 0.787791 0.790608 0.716685 0.512010 0.817990 0.313345 0.362957 0.390783 0.385133 0.620426 0.705483 0.630621 0.580371 0.500427 0.363862 0.000000 0.000000 0.000000 0.000000 0.000000 0.000000 0.000000 0.000000 0.000000 0.000000 0.399293 0.391555 0.519709 0.563399 0.691221 0.727887 0.683883 0.482018 0.506795 0.269920 0.823388 0.761328 0.628156 0.620358 0.693437 0.631883 0.623417 0.571767 0.554609 0.575992 0.624009 0.623249 0.561085 0.464187 0.396509 0.493430 0.496617 0.462215 0.000000 0.000000 0.000000 0.579591 0.709474 0.704692 0.537365 0.568697 0.675402 0.738301 0.714607 0.679114 0.645557 0.658633 0.709308 0.692254 0.622869 0.578418 0.570409 0.540320 0.588227 0.792591 0.765611 0.724207 0.644848 0.508241
0.000000 0.000000 0.000000 0.000000 0.000000 0.000000 0.000000 0.000000 0.000000 0.000000 0.000000 0.000000 0.000000 0.000000 0.000000 0.000000 0.000000 0.000000 0.000000 0.000000 0.000000 0.000000 0.000000 0.000000 0.000000 0.000000 0.000000 0.000000 0.000000 0.000000 0.000000 0.000000 0.000000 0.000000 0.000000 0.000000 0.000000 0.000000 0.000000 0.000000 0.000000 0.000000 0.000000 0.000000 0.000000 0.000000 0.000000 0.000000 0.000000 0.000000 0.000000 0.368833 0.375405 0.514004 0.617611 0.699707 0.655542 0.548929 0.524133 0.458269 0.000000 0.485184 0.641960 0.715826 0.740029 0.722225 0.652121 0.560794 0.620284 0.679107 0.715623 0.681987 0.722461 0.783064 0.811227 0.745512 0.650046 0.567290 0.607498 0.632917 0.859233 0.712563 0.759655 0.706972 0.684945 0.638947 0.577240 0.664435 0.596920 0.646926 0.883688 1.182490 1.234503 1.168531 1.006386 0.963807 0.833448 0.894533 0.796450 0.714959 0.668097 0.630245 0.568160 0.546205 0.180915 0.293406 0.985223 1.380466 1.401467 1.185036 0.858205 0.702908 0.700457 0.641853 0.140202 0.668577 0.653083 0.531841 0.664886 0.639862 0.566142 0.581600 0.613323 0.643881 0.620771 0.657345 0.657382 0.653084 0.842351 0.882238 0.813444 0.716427 0.604845 0.443315 0.365300 0.000000 0.000000 0.000000 0.000000 0.000000 0.422066 0.445095 0.654413 0.790154 0.945735 1.039426 1.000928 1.037167 0.975330 0.857790 0.763390 0.668410 0.570852 0.579872 0.657377 0.615224 0.550421 0.513867 0.579341 0.635126 0.801104 0.643915 0.630205 0.611561 0.559976 0.516253 0.385633 0.000000 0.591256 0.580725 0.668269 0.660718 0.634989 0.639098 0.567060 0.514655 0.423708 0.000000 0.000000 0.000000 0.000000 0.448099 0.581276 0.640259 0.593379 0.661522 0.665710 0.944348 0.961893 0.605795 0.510794 0.000000 0.385624 0.382856 0.333746 0.513499 0.547098 0.735304 0.777202 0.842122 0.808094 0.734930 0.709859 0.984402 0.872419 0.422346 0.141448 0.327612 0.699641 0.640736 0.711899 0.647315 0.569566 0.497423 0.406667 0.000000 0.000000 0.000000 0.000000 0.000000 0.000000 0.000000 0.000000 0.000000 0.000000 0.000000 0.437865 0.580319 0.635577 0.612785 0.749551 0.783612 0.720848 0.501906 0.264180 0.391440 0.825841 0.751057 0.552729 0.811539 0.765766 0.678604 0.588770 0.623866 0.482374 0.532200 0.690659 0.648488 0.573026 0.519132 0.500895 0.572925 0.568426 0.588153 0.686134 0.510237 0.526456 0.619065 0.734109 0.638633 0.654775 0.566548 0.733539 0.773464 0.296644 0.186922 0.178031 0.242592 0.649454 0.593997 0.538497 0.558920 0.618186 0.631473 0.634250 0.790260 0.730586 0.684761 0.548024 0.427608
0.000000 0.000000 0.000000 0.000000 0.000000 0.000000 0.000000 0.000000 0.000000 0.000000 0.000000 0.000000 0.000000 0.000000 0.000000 0.000000 0.000000 0.000000 0.000000 0.000000 0.000000 0.000000 0.000000 0.000000 0.000000 0.000000 0.000000 0.000000 0.000000 0.000000 0.000000 0.000000 0.000000 0.000000 0.000000 0.000000 0.000000 0.000000 0.000000 0.000000 0.000000 0.000000 0.000000 0.000000 0.000000 0.000000 0.000000 0.000000 0.000000 0.000000 0.427370 0.460274 0.462099 0.520855 0.512943 0.403975 0.000000 0.509966 0.543268 0.000000 0.000000 0.716491 0.856224 0.970209 0.986214 0.932698 0.832139 0.704667 0.686729 0.695574 0.620018 0.500025 0.435976 0.581728 0.650151 0.793703 0.644171 0.655402 0.788373 1.008751 0.607875 0.641348 0.688633 0.696780 0.683292 0.639056 0.568549 0.522322 0.348607 0.488293 0.773363 0.894200 0.965971 0.997429 0.958275 0.883313 0.588425 0.711159 0.709390 0.670365 0.206984 0.168975 0.292778 0.415217 0.397788 0.846863 1.172279 1.137733 0.816615 0.743697 0.672657 0.733867 0.731123 0.686736 0.632545 0.729037 0.497733 0.427310 0.540645 0.578864 0.658535 0.569411 0.539851 0.463269 0.508767 0.607992 0.656057 0.728424 0.798660 0.767881 0.725059 0.668300 0.606891 0.448225 0.000000 0.000000 0.000000 0.000000 0.000000 0.398546 0.430606 0.440227 0.544898 0.662398 0.656598 0.708987 0.374107 0.380584 0.375425 0.626342 0.699170 0.668784 0.573874 0.628864 0.655929 0.599796 0.538508 0.599821 0.582236 0.539583 0.446417 0.663195 0.674659 0.654419 0.636221 0.556248 0.505602 0.493724 0.600533 0.545294 0.510015 0.418432 0.553798 0.601994 0.558636 0.485497 0.398448 0.000000 0.000000 0.000000 0.000000 0.000000 0.545373 0.619223 0.563176 0.590653 0.559720 0.531071 0.572922 0.555566 0.467636 0.000000 0.347866 0.359005 0.573361 0.708584 0.698510 0.759115 0.700119 0.748783 0.830336 0.684295 0.243054 0.982466 0.895606 0.412500 0.120246 0.329206 0.677709 0.639094 0.706334 0.636684 0.558406 0.495263 0.388347 0.000000 0.000000 0.000000 0.000000 0.000000 0.000000 0.000000 0.000000 0.000000 0.000000 0.403119 0.430744 0.644113 0.695447 0.687944 0.808508 0.809749 0.709043 0.100685 0.284108 0.848252 0.888782 0.763054 0.660181 0.905519 0.826192 0.681488 0.615074 0.641637 0.540739 0.570527 0.700692 0.635611 0.569440 0.537029 0.564888 0.608349 0.638282 0.608541 0.692730 0.721922 0.748136 0.751092 0.815847 0.592588 0.633724 0.876856 0.941763 0.759558 0.218051 0.168476 0.182811 0.292283 0.684768 0.637876 0.771061 0.870858 0.812212 0.666336 0.821672 0.807124 0.725449 0.653559 0.495313 0.000000
0.000000 0.000000 0.000000 0.000000 0.000000 0.000000 0.000000 0.000000 0.000000 0.000000 0.000000 0.000000 0.000000 0.000000 0.000000 0.000000 0.000000 0.000000 0.000000 0.000000 0.000000 0.000000 0.000000 0.000000 0.000000 0.000000 0.000000 0.000000 0.000000 0.000000 0.000000 0.000000 0.000000 0.000000 0.000000 0.000000 0.000000 0.000000 0.000000 0.000000 0.000000 0.000000 0.000000 0.000000 0.000000 0.000000 0.000000 0.000000 0.000000 0.000000 0.444752 0.471630 0.480642 0.450855 0.400363 0.000000 0.414520 0.000000 0.000000 0.000000 0.531278 0.816335 0.945283 1.067399 1.093164 1.024933 0.902654 0.701071 0.958750 0.733964 0.597410 0.527170 0.397257 0.000000 0.479774 0.644658 0.835352 0.812424 0.805200 0.755596 0.693744 0.733890 0.712070 0.664326 0.810888 0.794841 0.665140 0.693485 0.515928 0.635852 0.882258 0.977103 0.987979 0.942523 0.797349 0.734485 0.566419 0.569296 0.556609 0.194892 0.255145 0.617700 0.759881 0.783975 0.842980 0.859062 0.780712 0.606724 0.714992 0.678510 0.775193 0.806029 0.971789 0.749709 0.693939 0.600782 0.504715 0.575125 0.517721 0.564843 0.591209 0.550765 0.601524 0.551763 0.591865 0.538854 0.564880 0.740466 0.694222 0.653673 0.611849 0.621145 0.598371 0.534337 0.374905 0.000000 0.000000 0.000000 0.000000 0.000000 0.000000 0.421399 0.504512 0.701469 0.725117 0.745954 0.254851 0.278909 0.356342 0.404998 0.686171 0.795734 0.688368 0.655765 0.634003 0.572729 0.594563 0.605814 0.571685 0.450127 0.651649 0.769337 0.754893 0.705517 0.671357 0.649687 0.617368 0.599741 0.567426 0.479425 0.443868 0.385931 0.536315 0.561300 0.483895 0.441039 0.455770 0.414563 0.383912 0.377073 0.000000 0.000000 0.000000 0.430915 0.424782 0.532952 0.598702 0.548144 0.564986 0.538634 0.465423 0.000000 0.000000 0.561202 0.824458 0.731507 0.773429 0.717506 0.736337 0.757371 0.824060 0.541682 0.578871 0.453629 0.497416 0.338701 0.177949 0.269730 0.658604 0.712113 0.650706 0.598630 0.533680 0.475274 0.374580 0.000000 0.000000 0.000000 0.000000 0.000000 0.000000 0.000000 0.000000 0.000000 0.000000 0.412674 0.364070 0.553076 0.613140 0.725156 0.757696 0.753504 0.733173 0.592664 0.665569 0.905747 0.863594 0.612283 0.733520 0.867736 0.830313 0.671091 0.753878 0.704026 0.541103 0.571403 0.619161 0.600688 0.540767 0.544301 0.590354 0.574994 0.498733 0.703257 0.826543 0.822945 0.851041 0.866862 0.848005 0.905742 0.963242 1.014679 0.970454 0.358031 0.366081 0.301559 0.369394 0.400396 0.683340 0.649574 0.670686 0.856258 0.819074 0.786673 0.829760 0.813493 0.727796 0.657096 0.461257 0.000000
0.000000 0.000000 0.000000 0.000000 0.000000 0.000000 0.000000 0.000000 0.000000 0.000000 0.000000 0.000000 0.000000 0.000000 0.000000 0.000000 0.000000 0.000000 0.000000 0.000000 0.000000 0.000000 0.000000 0.000000 0.000000 0.000000 0.000000 0.000000 0.000000 0.000000 0.000000 0.000000 0.000000 0.000000 0.000000 0.000000 0.000000 0.000000 0.000000 0.000000 0.000000 0.000000 0.000000 0.000000 0.000000 0.000000 0.000000 0.000000 0.000000 0.000000 0.906785 0.335687 0.465171 0.000000 0.000000 0.000000 0.000000 0.000000 0.000000 0.482533 0.633866 0.714702 0.894206 1.034104 1.055012 0.985637 0.861926 0.734298 0.872840 0.667910 0.516405 0.559515 0.532530 0.528216 0.498090 0.557775 0.450052 0.702709 0.774039 0.741120 0.683903 0.798412 0.722954 0.782497 0.990193 0.903134 0.776290 0.674248 0.629959 0.745235 0.810532 0.931306 0.876560 0.791222 0.708412 0.585850 0.460846 0.593751 0.573493 0.474104 0.562989 0.856261 0.658629 0.327240 0.731277 0.707198 0.598905 0.550586 0.753001 0.907854 0.992164 1.009997 0.942973 0.859217 0.775752 0.673969 0.472939 0.527032 0.000000 0.467516 0.509835 0.510372 0.520213 0.528870 0.534632 0.720166 0.721759 0.666973 0.580727 0.522182 0.501709 0.467266 0.500723 0.471675 0.342934 0.362226 0.460580 0.410158 0.355865 0.000000 0.000000 0.517372 0.704216 0.799178 0.901913 0.498987 0.254541 0.289652 0.399571 0.476215 0.773390 0.676609 0.768450 0.691359 0.638058 0.560066 0.562955 0.556546 0.570451 0.505196 0.691764 0.817438 0.793782 0.732616 0.744120 0.746583 0.705077 0.662484 0.592557 0.508187 0.443610 0.380677 0.408539 0.420015 0.407474 0.508122 0.514207 0.493430 0.467106 0.575006 0.504958 0.410626 0.000000 0.000000 0.000000 0.311809 0.000000 0.553472 0.618746 0.568279 0.655476 0.000000 0.000000 0.650548 0.932152 0.802332 0.814566 0.743904 0.784368 0.911278 0.641658 0.572954 0.347242 0.513542 0.556143 0.372302 0.298470 0.330503 0.646886 0.669515 0.625099 0.570676 0.389625 0.470077 0.413927 0.353668 0.000000 0.000000 0.000000 0.000000 0.000000 0.000000 0.000000 0.412973 0.000000 0.000000 0.265190 0.369943 0.388508 0.691681 0.886054 0.837367 0.783180 0.556706 0.551612 0.747529 0.746742 0.594377 0.346453 0.822230 0.671006 0.616108 0.865677 0.698658 0.512522 0.514635 0.574287 0.586463 0.578234 0.549577 0.462338 0.449183 0.586295 0.727873 0.899519 0.928125 0.896232 0.784191 0.863542 0.978786 0.985980 0.986830 0.352350 0.260550 0.251215 0.163358 0.120799 0.270115 0.664742 0.679535 0.783887 0.748944 0.672015 0.754273 0.851476 0.916795 0.841184 0.696971 0.483952 0.000000
0.000000 0.000000 0.000000 0.000000 0.000000 0.000000 0.000000 0.000000 0.000000 0.000000 0.000000 0.000000 0.000000 0.000000 0.000000 0.000000 0.000000 0.000000 0.000000 0.000000 0.000000 0.000000 0.000000 0.000000 0.000000 0.000000 0.000000 0.000000 0.000000 0.000000 0.000000 0.000000 0.000000 0.000000 0.000000 0.000000 0.000000 0.000000 0.000000 0.000000 0.000000 0.000000 0.000000 0.000000 0.000000 0.000000 0.000000 0.000000 0.000000 0.424491 0.473884 0.482228 0.456961 0.400955 0.000000 0.000000 0.000000 0.000000 0.474940 0.598527 0.758380 0.825604 0.984354 1.005966 0.930708 0.797815 0.656235 0.497831 0.394048 0.509004 0.611699 0.621592 0.585895 0.599510 0.599145 0.583366 0.559272 0.706061 0.806018 0.661705 0.701864 0.615706 0.609810 0.745880 0.996695 0.948310 0.911225 0.761259 0.641141 0.666376 0.596028 0.635054 0.548274 0.549118 0.520137 0.000000 0.000000 0.384977 0.381950 0.000000 0.488469 0.845746 0.693551 0.406616 0.345663 0.789937 0.645719 0.697629 0.775077 0.945655 1.076352 1.086638 1.006468 0.871714 0.729270 0.530801 0.643658 0.610726 0.609138 0.558192 0.596171 0.661328 0.626787 0.665672 0.784256 0.750682 0.721634 0.627551 0.508628 0.415077 0.469023 0.575571 0.551194 0.532390 0.507165 0.433252 0.484757 0.471990 0.397615 0.364493 0.352902 0.556569 0.635972 0.799411 0.750547 0.317242 0.377705 0.328373 0.426218 0.490764 0.515157 0.849639 0.801380 0.710397 0.636515 0.566372 0.548844 0.627226 0.600693 0.557641 0.707230 0.736920 0.773173 0.746508 0.789670 0.796825 0.746254 0.676166 0.606360 0.528871 0.460067 0.740401 0.000000 0.389460 0.499392 0.519195 0.513838 0.522259 0.687116 0.694520 0.615109 0.462044 0.383969 0.000000 0.379181 0.000000 0.408244 0.596813 0.626672 0.543970 0.000000 0.000000 0.000000 0.567434 0.623706 0.662773 0.721756 0.752849 0.761998 0.711690 0.304714 0.314788 0.355444 0.565446 0.906482 0.826387 0.370977 0.354169 0.581154 0.648480 0.635604 0.556243 0.442307 0.442567 0.419617 0.366470 0.000000 0.000000 0.479790 0.000000 0.000000 0.000000 0.411992 0.421172 0.382979 0.000000 0.383495 0.414377 0.414323 0.824675 0.952534 0.890205 0.865254 0.683058 0.549743 0.706247 0.559160 0.533311 0.187316 0.810406 0.515310 0.599372 0.676552 0.605802 0.513277 0.580377 0.583025 0.602423 0.598567 0.541218 0.503392 0.567729 0.505632 0.728423 0.880862 0.856631 0.776668 0.804170 0.934023 0.928671 0.947473 0.738888 0.179054 0.237871 0.289995 0.143923 0.322441 0.432051 0.456066 0.665700 0.708747 0.571605 0.601050 0.784582 0.958131 0.942960 0.859100 0.696156 0.459231 0.000000
0.000000 0.000000 0.000000 0.000000 0.000000 0.000000 0.000000 0.000000 0.000000 0.000000 0.000000 0.000000 0.000000 0.000000 0.000000 0.000000 0.000000 0.000000 0.000000 0.000000 0.000000 0.000000 0.000000 0.000000 0.000000 0.000000 0.000000 0.000000 0.000000 0.000000 0.000000 0.000000 0.000000 0.000000 0.000000 0.000000 0.000000 0.000000 0.000000 0.000000 0.000000 0.000000 0.000000 0.000000 0.000000 0.000000 0.000000 0.000000 0.469162 0.573187 0.576528 0.554547 0.501288 0.415047 0.000000 0.000000 0.000000 0.434782 0.578338 0.652232 0.734966 0.742397 0.806956 0.797811 0.733480 0.729169 0.424893 0.000000 0.552740 0.659688 0.680962 0.656327 0.693748 0.716746 0.617877 0.617728 0.610930 0.788311 0.594508 0.593356 0.489889 0.519938 0.634749 0.661752 0.820789 0.863827 0.849045 0.707843 0.694473 0.710715 0.689129 0.653854 0.605355 0.549858 0.488032 0.420502 0.000000 0.000000 0.000000 0.000000 0.708639 0.712789 0.733387 0.575168 0.377572 0.708800 0.796047 0.694989 0.747237 0.997661 1.048782 1.121440 1.076172 0.992448 0.907878 0.986789 0.949061 0.775081 0.761320 0.760066 0.731213 0.744841 0.726884 0.747358 0.749950 0.803273 0.714141 0.579569 0.000000 0.481808 0.596249 0.640063 0.679150 0.662777 0.597194 0.542041 0.537362 0.528226 0.516855 0.504209 0.475645 0.461031 0.703846 0.916105 0.782799 0.299095 0.273356 0.363941 0.421685 0.478059 0.742272 0.678275 0.720071 0.704926 0.620468 0.587651 0.637284 0.713619 0.701240 0.644104 0.630388 0.693058 0.696486 0.691161 0.777048 0.751790 0.705569 0.638285 0.561469 0.512708 0.453505 0.379518 0.000000 0.474585 0.519192 0.511295 0.453693 0.635948 0.789100 0.746728 0.660767 0.515327 0.000000 0.000000 0.380122 0.000000 0.612250 0.682167 0.628320 0.453695 0.000000 0.439099 0.445102 0.585436 0.563508 0.599384 0.620438 0.739493 0.549453 0.666577 0.344673 0.340704 0.371801 0.510999 0.836694 0.748720 0.635273 0.554613 0.466639 0.566698 0.521977 0.426748 0.000000 0.399953 0.399655 0.362117 0.000000 0.000000 0.000000 0.000000 0.391420 0.478305 0.537493 0.518508 0.472371 0.420250 0.430890 0.420079 0.558085 0.889238 0.924932 0.905003 0.767588 0.698719 0.553121 0.506347 0.609349 0.442585 0.657018 0.572394 0.000000 0.542790 0.529942 0.530870 0.606501 0.641985 0.662737 0.631119 0.562850 0.464199 0.439733 0.415086 0.413178 0.679957 0.899575 0.841579 0.804406 0.807157 0.795597 0.866224 0.697501 0.313664 0.286657 0.290189 0.234981 0.210130 0.389271 0.481353 0.467439 0.666077 0.599722 0.526816 0.639295 0.873252 0.880585 0.726439 0.771877 0.686569 0.460305 0.000000
0.000000 0.000000 0.000000 0.000000 0.000000 0.000000 0.000000 0.000000 0.000000 0.000000 0.000000 0.000000 0.000000 0.000000 0.000000 0.000000 0.000000 0.000000 0.000000 0.000000 0.000000 0.000000 0.000000 0.000000 0.000000 0.000000 0.000000 0.000000 0.000000 0.000000 0.000000 0.000000 0.000000 0.000000 0.000000 0.000000 0.000000 0.000000 0.000000 0.000000 0.000000 0.000000 0.000000 0.000000 0.000000 0.000000 0.000000 0.000000 0.581045 0.667300 0.633129 0.579515 0.503597 0.409559 0.000000 0.000000 0.468649 0.663281 0.724994 0.703210 0.929570 0.680891 0.501356 0.534390 0.472858 0.452836 0.000000 0.000000 0.630763 0.701817 0.679873 0.581303 0.464657 0.379897 0.408879 0.512081 0.554862 0.636309 0.629782 0.507164 0.503818 0.514137 0.601308 0.742771 0.681891 0.665499 0.603826 0.665959 0.737273 0.737365 0.698905 0.661138 0.586164 0.531344 0.452327 0.000000 0.000000 0.000000 0.492528 0.532478 0.913254 0.959904 0.838307 0.727442 0.662731 0.757043 0.714714 0.632589 0.743994 0.950685 1.103308 1.189069 1.232468 1.277246 1.133917 1.161718 1.199161 0.889523 0.887130 0.685227 0.607481 0.689150 0.756308 0.773851 0.670771 0.653732 0.543160 0.371360 0.000000 0.593448 0.681853 0.718452 0.743253 0.724995 0.652447 0.662740 0.680714 0.674246 0.638103 0.601959 0.616826 0.661353 0.880553 0.840665 0.427046 0.302149 0.355438 0.426456 0.454954 0.753640 0.405776 0.397352 0.622064 0.711592 0.587252 0.665330 0.724911 0.784165 0.764568 0.697936 0.663679 0.626199 0.643503 0.657266 0.667517 0.637729 0.654102 0.583209 0.496661 0.457877 0.407706 0.342913 0.000000 0.515712 0.512874 0.508148 0.521736 0.637116 0.791492 0.718780 0.609002 0.484975 0.000000 0.000000 0.000000 0.575706 0.725123 0.695950 0.600709 0.431026 0.000000 0.552534 0.599456 0.631317 0.591603 0.597643 0.626999 0.688952 0.629123 0.717951 0.299008 0.346369 0.393939 0.419410 0.647926 0.567207 0.543213 0.597581 0.555729 0.489729 0.373506 0.000000 0.000000 0.000000 0.362010 0.339738 0.000000 0.000000 0.000000 0.406347 0.491619 0.608680 0.649077 0.619859 0.582861 0.516207 0.467399 0.423717 0.612743 0.805428 0.748677 0.847464 0.808054 0.599070 0.665310 0.437518 0.497080 0.636908 0.740182 0.561297 0.000000 0.393828 0.510122 0.539932 0.648842 0.622896 0.702873 0.622004 0.461768 0.000000 0.000000 0.535115 0.541525 0.754370 0.897581 0.941813 0.889701 0.762995 0.928887 0.658702 0.669106 0.725269 0.311223 0.757718 0.786085 0.829804 0.441380 0.478064 0.393451 0.590666 0.610448 0.600369 0.718150 0.876267 0.691330 0.701710 0.643933 0.709485 0.441327 0.000000
0.000000 0.000000 0.000000 0.000000 0.000000 0.000000 0.000000 0.000000 0.000000 0.000000 0.000000 0.000000 0.000000 0.000000 0.000000 0.000000 0.000000 0.000000 0.000000 0.000000 0.000000 0.000000 0.000000 0.000000 0.000000 0.000000 0.000000 0.000000 0.000000 0.000000 0.000000 0.000000 0.000000 0.000000 0.000000 0.000000 0.000000 0.000000 0.000000 0.000000 0.000000 0.000000 0.000000 0.000000 0.000000 0.000000 0.000000 0.000000 0.748484 0.660013 0.618726 0.550621 0.468876 0.000000 0.000000 0.000000 0.565975 0.809994 0.869928 0.827333 0.740059 0.630888 0.533283 0.431189 0.000000 0.000000 0.004000 0.000000 0.004000 0.000000 0.372600 0.000000 0.000000 0.447017 0.480969 0.538046 0.543984 0.511256 0.499071 0.593522 0.542251 0.377949 0.482142 0.408527 0.663842 0.436695 0.453761 0.579626 0.504444 0.457705 0.427563 0.408834 0.378178 0.000000 0.000000 0.000000 0.662281 0.500749 0.643412 0.649421 0.588558 0.626171 0.631611 0.641179 0.674719 0.637585 0.600026 0.526354 0.835726 1.128081 1.327016 1.315400 1.448494 1.361418 1.308282 1.303551 1.223906 0.915690 0.793207 0.698025 0.612889 0.610218 0.553250 0.533488 0.446624 0.512038 0.381829 0.000000 0.538449 0.693118 0.758488 0.746569 0.737585 0.748892 0.726692 0.742201 0.769947 0.792396 0.780631 0.683732 0.526969 0.635957 0.951997 1.050282 0.518229 0.410298 0.405308 0.807994 0.470835 0.452489 0.438196 0.414625 0.748032 0.674762 0.702115 0.756403 0.858983 0.850280 0.801669 0.709325 0.649710 0.591545 0.589640 0.627886 0.684506 0.631607 0.561697 0.510550 0.481238 0.358044 0.000000 0.000000 0.000000 0.541295 0.534361 0.508317 0.449142 0.594584 0.543242 0.563715 0.514357 0.391463 0.000000 0.000000 0.459477 0.747553 0.788763 0.712416 0.552179 0.000000 0.000000 0.589423 0.593083 0.554278 0.550196 0.529234 0.615105 0.655742 0.377486 0.404039 0.302112 0.304309 0.598633 0.561313 0.554138 0.570234 0.663099 0.602400 0.511170 0.420009 0.000000 0.000000 0.000000 0.000000 0.816501 0.000000 0.000000 0.000000 0.405370 0.562042 0.658976 0.711511 0.750592 0.720485 0.690711 0.618446 0.502622 0.437512 1.068553 0.743966 0.646883 0.809066 0.888263 0.771566 0.570030 0.434979 0.441950 0.623997 0.642190 0.437380 0.000000 0.400041 0.492877 0.530591 0.643938 0.590044 0.675063 0.601541 0.429276 0.460948 0.607893 0.590816 0.687386 0.827681 0.823902 0.882818 0.827525 0.631456 0.754007 0.748830 0.764056 0.298022 0.389031 0.838054 0.835979 0.815540 0.851093 0.778356 0.325272 0.562869 0.718080 0.747076 0.890593 0.877464 0.671883 0.306337 0.256576 0.529576 0.513826 0.000000
0.000000 0.000000 0.000000 0.000000 0.000000 0.000000 0.000000 0.000000 0.000000 0.000000 0.000000 0.000000 0.000000 0.000000 0.000000 0.000000 0.000000 0.000000 0.000000 0.000000 0.000000 0.000000 0.000000 0.000000 0.000000 0.000000 0.000000 0.000000 0.000000 0.000000 0.000000 0.000000 0.000000 0.000000 0.000000 0.000000 0.000000 0.000000 0.000000 0.000000 0.000000 0.000000 0.000000 0.000000 0.000000 0.000000 0.000000 0.000000 0.484787 0.561912 0.000000 0.000000 0.000000 0.375406 0.000000 0.000000 0.539694 0.917234 0.849209 0.771356 0.669236 0.563607 0.465241 0.000000 0.000000 0.000000 0.000000 0.000000 0.000000 0.000000 0.000000 0.000000 0.000000 0.464421 0.550201 0.556710 0.544353 0.546244 0.500787 0.494100 0.410257 0.000000 0.498995 0.000000 0.000000 0.659452 0.398571 0.402458 0.387587 0.000000 0.390310 0.423956 0.382464 0.000000 0.000000 0.000000 0.000000 0.509393 0.650528 0.639220 0.583821 0.432756 0.453702 0.544457 0.545538 0.478576 0.501550 0.823074 0.900001 1.179356 1.311532 1.404924 1.355142 1.106756 1.035908 0.955981 0.859021 0.559493 0.606789 0.596041 0.590720 0.602722 0.559466 0.465710 0.491679 0.397680 0.000000 0.488974 0.638897 0.753370 0.742175 0.724343 0.699661 0.700393 0.751685 0.758246 0.618805 0.802968 0.652759 0.641447 0.686100 0.771968 0.649876 0.684064 0.594544 0.407545 0.420461 0.423055 0.914610 0.900323 0.826059 0.690686 0.661376 0.645259 0.803395 0.826668 0.886992 0.839009 0.766228 0.649280 0.572072 0.577294 0.605993 0.696219 0.744364 0.688585 0.602160 0.604702 0.543365 0.439525 0.000000 0.000000 0.560733 0.607055 0.564943 0.489774 0.446005 0.000000 0.472915 0.480745 0.446593 0.430879 0.416135 0.376198 0.678507 0.819817 0.788054 0.668408 0.414540 0.000000 0.000000 0.470095 0.449908 0.459387 0.604885 0.807639 0.898529 0.735108 0.310818 0.233885 0.278096 0.598638 0.683243 0.639645 0.544615 0.676450 0.603751 0.582325 0.498448 0.417359 0.000000 0.000000 0.000000 0.000000 0.000000 0.000000 0.000000 0.000000 0.542611 0.675435 0.735935 0.761074 0.833871 0.803414 0.734797 0.637841 0.519722 0.499589 0.653682 0.654114 0.808535 0.812709 0.792427 0.633824 0.484076 0.419321 0.372155 0.501472 0.452583 0.000000 0.418335 0.481100 0.488666 0.483878 0.616724 0.486919 0.596471 0.503948 0.409428 0.613450 0.762157 0.745121 0.776006 0.893017 0.942451 0.911745 0.794806 0.619879 0.579532 0.607339 0.560161 0.257544 0.749012 0.857576 0.839450 0.762316 0.786580 0.702023 0.587265 0.216731 0.609866 0.873197 0.979742 0.911359 0.412416 0.120627 0.100096 0.522782 0.407615 0.000000
0.000000 0.000000 0.000000 0.000000 0.000000 0.000000 0.000000 0.000000 0.000000 0.000000 0.000000 0.000000 0.000000 0.000000 0.000000 0.000000 0.000000 0.000000 0.000000 0.000000 0.000000 0.000000 0.000000 0.000000 0.000000 0.000000 0.000000 0.000000 0.000000 0.000000 0.000000 0.000000 0.000000 0.000000 0.000000 0.000000 0.000000 0.000000 0.000000 0.000000 0.000000 0.000000 0.000000 0.000000 0.000000 0.000000 0.000000 0.000000 0.000000 0.000000 0.000000 0.000000 0.000000 0.000000 0.000000 0.000000 0.503082 0.752448 0.547770 0.535515 0.478526 0.391500 0.000000 0.308167 0.000000 0.000000 0.000000 0.000000 0.000000 0.000000 0.000000 0.000000 0.000000 0.000000 0.418569 0.584870 0.579400 0.544491 0.431435 0.516370 0.471703 0.588862 0.738449 0.000000 0.446865 0.502564 0.499523 0.579636 0.577143 0.538085 0.526216 0.529033 0.490075 0.550111 0.549399 0.456979 0.405986 0.690159 0.605645 0.601665 0.544583 0.503811 0.751989 0.000000 0.588591 0.652163 0.774586 0.882214 0.914156 1.194423 1.332327 1.309174 1.199386 0.887041 0.699048 0.721493 0.621437 0.617680 0.694209 0.689631 0.654978 0.668824 0.633010 0.607888 0.568119 0.540759 0.512589 0.639703 0.701852 0.691538 0.701557 0.665118 0.605821 0.489646 0.684757 0.580509 0.675675 0.744622 0.758244 0.735252 0.761042 0.886992 0.701747 0.620667 0.536054 0.497238 0.412291 0.420469 0.599828 0.923271 0.833005 0.768245 0.716761 0.712298 0.692671 0.807833 0.820196 0.725088 0.752836 0.706988 0.591995 0.527374 0.488511 0.575416 0.596946 0.606018 0.594610 0.682271 0.602047 0.482996 0.414111 0.000000 0.634218 0.649112 0.586931 0.487626 0.416572 0.382378 0.382220 0.529305 0.564389 0.535415 0.520956 0.476897 0.714699 0.726330 0.641151 0.555686 0.000000 0.000000 0.000000 0.535073 0.583890 0.721109 0.814172 0.910577 0.956148 0.446664 0.299611 0.287392 0.706741 0.635945 0.592131 0.512589 0.000000 0.598345 0.551484 0.512811 0.423324 0.000000 0.000000 0.000000 0.000000 0.000000 0.000000 0.000000 0.000000 0.000000 0.591756 0.705689 0.665615 0.632233 0.694646 0.706341 0.707321 0.618349 0.554689 0.651489 0.732051 0.768330 0.648604 0.783532 0.685164 0.538163 0.000000 0.000000 0.000000 0.000000 0.000000 0.422068 0.472880 0.502363 0.432031 0.595337 0.762557 0.685191 0.614079 0.458570 0.000000 0.607963 0.658870 0.735768 0.692433 0.893027 0.938483 0.824103 0.712459 0.642574 0.630859 0.612969 0.728408 0.737761 0.668382 0.789108 0.755614 0.698347 0.470425 0.309778 0.245176 0.758782 0.881035 0.948548 0.921657 0.825504 0.256657 0.239908 0.221678 0.519420 0.000000 0.000000
0.000000 0.000000 0.000000 0.000000 0.000000 0.000000 0.000000 0.000000 0.000000 0.000000 0.000000 0.000000 0.000000 0.000000 0.000000 0.000000 0.000000 0.000000 0.000000 0.000000 0.000000 0.000000 0.000000 0.000000 0.000000 0.000000 0.000000 0.000000 0.000000 0.000000 0.000000 0.000000 0.000000 0.000000 0.000000 0.000000 0.000000 0.000000 0.000000 0.000000 0.000000 0.000000 0.000000 0.000000 0.000000 0.000000 0.000000 0.000000 0.000000 0.000000 0.000000 0.000000 0.000000 0.000000 0.385548 0.000000 0.467452 0.555489 0.532539 0.511771 0.468366 0.000000 0.000000 0.000000 0.000000 0.000000 0.000000 0.000000 0.000000 0.000000 0.000000 0.000000 0.000000 0.413037 0.511458 0.661590 0.602532 0.690574 0.730511 0.762172 0.731790 0.691274 0.610398 0.507759 0.490603 0.384859 0.463303 0.572871 0.603049 0.515896 0.514579 0.553139 0.672036 0.689619 0.660993 0.650384 0.618175 0.816806 0.743443 0.792710 0.695898 0.611078 0.540213 0.559944 0.603699 0.784705 0.799304 0.902426 1.064981 1.041818 0.936368 0.906549 0.725819 0.532200 0.450836 0.573325 0.743043 0.812808 0.771430 0.734249 0.668382 0.686403 0.707956 0.696199 0.674981 0.596559 0.627824 0.681534 0.623892 0.547307 0.607603 0.556822 0.617851 0.669645 0.721625 0.655963 0.742337 0.477818 0.424992 0.337367 0.366559 0.501429 0.584430 0.909978 0.403816 0.362805 0.446349 0.535796 0.621627 0.916214 0.845530 0.768170 0.730613 0.406626 0.322386 0.565876 0.516032 0.746654 0.848684 0.799660 0.711413 0.487366 0.546310 0.589308 0.616613 0.720971 0.646106 0.693463 0.712225 0.602295 0.504836 0.410850 0.642762 0.580541 0.500851 0.525898 0.529715 0.431420 0.505748 0.455339 0.610539 0.618509 0.578552 0.637429 0.703276 0.518953 0.475584 0.420687 0.000000 0.000000 0.000000 0.787019 0.845604 0.736679 0.811997 0.977020 0.969563 0.343287 0.221864 0.551773 0.525173 0.579768 0.482083 0.000000 0.000000 0.454523 0.458982 0.394612 0.000000 0.000000 0.000000 0.000000 0.000000 0.000000 0.000000 0.780187 0.000000 0.511815 0.528575 0.424725 0.391063 0.382956 0.594738 0.663375 0.630584 0.605831 0.639171 0.716593 0.681625 0.630166 0.531332 0.715447 0.485354 0.422741 0.000000 0.000000 0.386808 0.381429 0.000000 0.439729 0.447101 0.419802 0.000000 0.659775 0.853001 0.807384 0.672431 0.474129 0.000000 0.414264 0.450360 0.598566 0.758734 0.610625 0.689987 0.676034 0.754959 0.673595 0.616858 0.670786 0.790361 0.697609 0.613446 0.684453 0.828060 0.642370 0.726934 0.659516 0.618945 0.834736 0.940667 0.961530 0.878439 0.633075 0.600012 0.218610 0.240422 0.517895 0.000000 0.000000
0.000000 0.000000 0.000000 0.000000 0.000000 0.000000 0.000000 0.000000 0.000000 0.000000 0.000000 0.000000 0.000000 0.000000 0.000000 0.000000 0.000000 0.000000 0.000000 0.000000 0.000000 0.000000 0.000000 0.000000 0.000000 0.000000 0.000000 0.000000 0.000000 0.000000 0.000000 0.000000 0.000000 0.000000 0.000000 0.000000 0.000000 0.000000 0.000000 0.000000 0.000000 0.000000 0.000000 0.000000 0.000000 0.000000 0.000000 0.000000 0.000000 0.000000 0.000000 0.000000 0.000000 0.000000 0.000000 0.000000 0.336367 0.000000 0.843669 0.000000 0.000000 0.000000 0.000000 0.000000 0.000000 0.000000 0.000000 0.000000 0.425387 0.483568 0.492396 0.542481 0.530993 0.652442 0.633649 0.646014 0.743263 0.866578 0.851673 0.880307 0.914578 0.865014 0.781826 0.698285 0.617610 0.493064 0.435684 0.578813 0.565416 0.583892 0.695452 0.695635 0.633609 0.634118 0.801513 0.748803 0.808224 0.891861 0.882574 0.789713 0.710851 0.639752 0.647832 0.704265 0.774626 0.858414 0.892759 0.886838 0.815299 0.736163 0.607921 0.621402 0.709391 0.794217 0.640855 0.882155 0.922862 0.878219 0.769421 0.707441 0.731652 0.729698 0.726305 0.727515 0.697732 0.679222 0.864283 0.682360 0.574846 0.559560 0.491090 0.670650 0.721815 0.802184 0.715149 0.740776 0.344958 0.269105 0.276868 0.705574 0.750421 0.824078 0.489683 0.573795 0.430426 0.494712 0.545624 0.582407 0.578249 0.862053 0.746869 0.704020 0.656472 0.605687 0.543374 0.097839 0.103945 0.662876 0.930412 0.953065 0.850030 0.656810 0.807527 0.664319 0.802933 0.817889 0.717762 0.575107 0.736784 0.669170 0.563746 0.466055 0.379609 0.479166 0.409635 0.458280 0.455810 0.399516 0.381930 0.000000 0.543289 0.607907 0.557320 0.561510 0.375881 0.000000 0.000000 0.357933 0.000000 0.566199 0.804888 0.827358 0.770138 0.860545 0.880401 1.012883 0.918971 0.639362 0.532990 0.504939 0.613099 0.516204 0.000000 0.000000 0.000000 0.000000 0.000000 0.000000 0.000000 0.000000 0.000000 0.000000 0.000000 0.000000 0.000000 0.000000 0.000000 0.554909 0.442416 0.000000 0.000000 0.000000 0.478968 0.640061 0.688083 0.650088 0.621929 0.580314 0.452284 0.450180 0.000000 0.564043 0.450125 0.434596 0.401539 0.528594 0.499528 0.492288 0.424072 0.000000 0.000000 0.000000 0.528173 0.970595 0.895262 0.781939 0.600609 0.452609 0.000000 0.385568 0.413589 0.566659 0.524871 0.647473 0.907522 0.886941 0.826679 0.752700 0.689917 0.624013 0.583347 0.525389 0.721280 0.578992 0.575290 0.680460 0.710024 0.670524 0.855118 0.745179 0.823093 0.786649 0.680854 0.613600 0.556444 0.188710 0.195844 0.494875 0.000000 0.000000
0.000000 0.000000 0.000000 0.000000 0.000000 0.000000 0.000000 0.000000 0.000000 0.000000 0.000000 0.000000 0.000000 0.000000 0.000000 0.000000 0.000000 0.000000 0.000000 0.000000 0.000000 0.000000 0.000000 0.000000 0.000000 0.000000 0.000000 0.000000 0.000000 0.000000 0.000000 0.000000 0.000000 0.000000 0.000000 0.000000 0.000000 0.000000 0.000000 0.000000 0.000000 0.000000 0.000000 0.000000 0.000000 0.000000 0.000000 0.000000 0.000000 0.000000 0.000000 0.000000 0.000000 0.000000 0.000000 0.000000 0.000000 0.000000 0.000000 0.000000 0.000000 0.000000 0.000000 0.004000 0.000000 0.000000 0.439392 0.602056 0.685099 0.750453 0.789771 0.769772 0.660033 0.627668 0.591060 0.753939 0.642926 0.752511 0.953395 0.967916 1.007670 0.938240 0.855527 0.762570 0.670293 0.544206 0.474414 0.535830 0.518830 0.747986 0.761317 0.727613 0.707051 0.840224 0.792743 0.722709 0.798627 0.943136 0.852411 0.704140 0.672528 0.723620 0.803240 0.859835 0.888888 0.889672 0.815731 0.731825 0.633622 0.682890 0.531399 0.765418 0.752082 0.842792 0.910473 1.001806 0.946884 0.907635 0.794136 0.841491 0.989117 0.808586 0.672896 0.761523 0.780142 0.674891 0.646414 0.610010 0.585378 0.539650 0.605328 0.660344 0.864510 1.007705 0.818041 0.398100 0.331387 0.318216 0.299776 0.612891 0.690638 0.387793 0.416696 0.320214 0.319722 0.377652 0.405124 0.404288 0.453598 0.741847 0.731018 0.594807 0.584743 0.565614 0.563092 0.579702 0.602262 0.169247 0.353061 0.402892 0.762975 0.928467 0.447571 0.412631 0.590064 0.779136 0.827430 0.732700 0.708106 0.679542 0.601237 0.534693 0.635382 0.483784 0.000000 0.000000 0.000000 0.000000 0.000000 0.000000 0.000000 0.451259 0.412505 0.000000 0.000000 0.000000 0.409660 0.397660 0.439899 0.842141 0.914501 0.792947 0.824397 0.833271 0.810276 0.874571 0.783624 0.558128 0.623059 0.536408 0.509975 0.000000 0.000000 0.000000 0.000000 0.000000 0.000000 0.000000 0.000000 0.379310 0.367395 0.000000 0.000000 0.000000 0.000000 0.000000 0.000000 0.000000 0.000000 0.000000 0.000000 0.385916 0.441495 0.602965 0.676867 0.627451 0.478363 0.000000 0.000000 0.000000 0.588618 0.554180 0.502547 0.490898 0.432931 0.515067 0.604124 0.593725 0.524473 0.504589 0.400342 0.349849 0.534389 0.838836 0.796392 0.713575 0.606145 0.532903 0.455326 0.542335 0.496734 0.522225 0.546692 0.692321 0.948282 0.961554 0.982207 0.911308 0.823654 0.771246 0.620234 0.493699 0.561530 0.666752 0.753002 0.837625 0.680819 0.715492 0.755232 0.780898 0.840802 0.768398 0.672291 0.603062 0.585866 0.681400 0.652443 0.532978 0.441707 0.000000
0.000000 0.000000 0.000000 0.000000 0.000000 0.000000 0.000000 0.000000 0.000000 0.000000 0.000000 0.000000 0.000000 0.000000 0.000000 0.000000 0.000000 0.396018 0.454067 0.442703 0.397776 0.382037 0.346954 0.000000 0.000000 0.000000 0.000000 0.000000 0.000000 0.000000 0.000000 0.000000 0.000000 0.000000 0.000000 0.000000 0.000000 0.000000 0.000000 0.000000 0.000000 0.000000 0.000000 0.000000 0.000000 0.000000 0.000000 0.000000 0.000000 0.000000 0.000000 0.000000 0.000000 0.000000 0.000000 0.000000 0.000000 0.000000 0.000000 0.424237 0.462763 0.411459 0.000000 0.423625 0.519984 0.583919 0.621282 0.738822 0.846771 0.905780 0.844529 0.807622 0.744553 0.693892 0.870278 0.635811 0.682078 0.685111 0.776947 0.904764 0.866012 0.823593 0.756811 0.675559 0.620812 0.551805 0.490482 0.206521 0.675418 0.815019 0.758419 0.477972 0.476153 0.858544 0.741773 0.689005 0.812027 0.905316 0.732935 0.682675 0.713619 0.840538 0.911878 0.983971 0.980944 0.880535 0.733908 0.625617 0.560420 0.497490 0.557855 0.710863 0.870339 1.019867 0.877816 0.677137 0.935230 0.829119 0.929113 1.064420 1.069304 0.790376 0.721213 0.687777 0.796440 0.760779 0.604761 0.549326 0.661877 0.738963 0.799832 0.825949 0.856335 0.937183 0.806605 0.429241 0.434398 0.418295 0.393641 0.657110 0.655389 0.438439 0.806562 0.826453 0.898752 0.471506 0.484021 0.837636 0.797515 0.840091 0.756344 0.762038 0.794196 0.383439 0.296297 0.402864 0.727240 0.277991 0.182477 0.064829 0.086864 0.147910 0.615835 0.564262 0.411533 0.783109 0.919688 0.839360 0.868908 0.731472 0.645995 0.534350 0.394412 0.485005 0.000000 0.000000 0.000000 0.000000 0.670327 0.000000 0.000000 0.000000 0.000000 0.000000 0.000000 0.000000 0.000000 0.496591 0.772208 0.962284 0.954782 0.943743 0.725868 0.646513 0.749042 0.747686 0.596587 0.615641 0.448181 0.658921 0.380215 0.000000 0.000000 0.000000 0.000000 0.000000 0.000000 0.000000 0.449477 0.503927 0.489811 0.436738 0.357057 0.534414 0.000000 0.000000 0.000000 0.000000 1.044245 0.197783 0.000000 0.000000 0.508746 0.592406 0.563896 0.480723 0.371557 0.506873 0.391334 0.418440 0.591452 0.471451 0.595598 0.548469 0.442107 0.626094 0.706511 0.700629 0.676106 0.613819 0.489682 0.559472 0.565285 0.767793 0.713361 0.676513 0.621640 0.601597 0.710685 0.696842 0.674951 0.653127 0.601210 0.842187 0.955666 1.007046 1.046194 1.099529 0.971923 0.812389 0.629987 0.586657 0.554335 0.661159 0.609875 0.637065 0.810917 0.924343 0.739679 0.824358 0.861353 0.410310 0.359673 0.375250 0.654312 0.770806 0.734210 0.730886 0.484756 0.000000
0.000000 0.000000 0.000000 0.000000 0.000000 0.000000 0.000000 0.000000 0.000000 0.000000 0.000000 0.000000 0.000000 0.000000 0.000000 0.000000 0.586602 0.719665 0.683648 0.643311 0.569587 0.481687 0.432397 0.378490 0.000000 0.000000 0.000000 0.000000 0.000000 0.000000 0.000000 0.000000 0.000000 0.000000 0.000000 0.000000 0.000000 0.000000 0.000000 0.000000 0.000000 0.000000 0.000000 0.000000 0.000000 0.000000 0.000000 0.000000 0.000000 0.000000 0.000000 0.000000 0.000000 0.000000 0.000000 0.000000 0.000000 0.000000 0.492662 0.571208 0.576314 0.505103 0.508271 0.502353 0.630221 0.678194 0.715417 0.737476 0.801150 0.836987 0.833579 0.767097 0.691542 0.702994 0.719592 0.640481 0.643886 0.620040 0.257621 0.582357 0.546712 0.538922 0.511373 0.594955 0.590959 0.541563 0.612736 0.652143 0.960425 0.459210 0.357482 0.291908 0.247574 0.229887 0.593839 0.576052 0.868057 0.907341 0.806152 0.831319 0.857965 0.898868 1.006930 1.047367 1.010399 0.854796 0.713211 0.616336 0.599444 0.689385 0.605176 0.733810 0.768764 0.895800 0.622430 0.524970 1.087720 0.915317 0.981781 1.132669 0.978564 0.775539 0.710579 0.711633 0.876099 0.865287 0.826369 0.777098 0.724657 0.902789 0.764517 0.893037 0.946317 0.996969 1.119077 0.919663 0.852244 0.487305 0.658127 0.715751 0.765979 0.784900 0.819494 0.825500 0.856169 0.795738 0.818997 0.643999 0.926079 0.729399 0.820209 0.861207 0.608693 0.497452 0.433864 0.480685 0.783995 0.743761 0.362320 0.166105 0.052899 0.220708 0.191664 0.645002 0.714755 0.747192 0.832459 0.856536 0.792018 0.719688 0.625808 0.633984 0.556877 0.463532 0.393567 0.000000 0.000000 0.000000 0.000000 0.000000 0.000000 0.000000 0.000000 0.000000 0.000000 0.000000 0.000000 0.427109 0.739899 0.883748 0.808309 0.782473 0.676014 0.662892 0.630284 0.612609 0.589438 0.601651 0.712831 0.629207 0.455333 0.000000 0.523779 0.598686 0.566371 0.470322 0.000000 0.451580 0.528891 0.552604 0.530984 0.478392 0.398106 0.000000 0.000000 0.000000 0.374419 0.373130 0.361825 0.000000 0.486974 0.640645 0.701930 0.581839 0.461912 0.473669 0.544247 0.568228 0.551792 0.528214 0.554623 0.505355 0.634131 0.611464 0.552361 0.751039 0.823029 0.790888 0.736296 0.666844 0.559293 0.545176 0.701032 0.751470 0.724164 0.651960 0.626471 0.763067 0.820624 0.826952 0.812756 0.674323 0.460246 0.420884 0.731548 0.795188 1.029069 0.961043 0.886469 0.768407 0.645301 0.588150 0.520807 0.759325 0.632767 0.618614 0.784327 0.845501 0.745762 0.834731 0.472213 0.333764 0.336647 0.364657 0.744241 1.066211 1.001490 0.781602 0.553688 0.000000
0.000000 0.000000 0.000000 0.000000 0.000000 0.000000 0.000000 0.000000 0.000000 0.000000 0.000000 0.000000 0.000000 0.000000 0.000000 0.759747 0.909618 0.904923 0.825112 0.750810 0.670697 0.580567 0.497381 0.416762 0.340705 0.000000 0.000000 0.000000 0.000000 0.000000 0.000000 0.000000 0.000000 0.000000 0.000000 0.000000 0.000000 0.000000 0.000000 0.000000 0.000000 0.000000 0.000000 0.000000 0.000000 0.000000 0.000000 0.000000 0.000000 0.000000 0.000000 0.000000 0.000000 0.000000 0.000000 0.000000 0.004000 0.000000 0.602431 0.632079 0.568834 0.626249 0.664164 0.640978 0.689024 0.683194 0.683918 0.676401 0.732355 0.832580 0.757536 0.703545 0.525893 0.580859 0.607621 0.261086 0.603257 0.135744 0.669731 0.664667 0.626955 0.726298 0.264886 0.619937 0.453754 0.714047 0.638349 0.409867 0.696471 0.379829 0.440409 0.431429 0.273272 0.236747 0.249112 0.700644 0.897530 0.974349 0.872515 0.891955 0.897646 0.919128 0.942609 0.969756 0.859505 0.744595 0.677315 0.672771 0.640724 0.671267 0.759920 0.684207 0.678422 0.283138 0.304911 0.770865 0.983471 0.986422 1.030498 1.006008 0.875050 0.765297 0.824840 0.882078 0.984538 0.930404 0.888041 0.841250 0.790520 0.786126 0.814242 0.844681 0.818551 1.085836 1.012217 0.934075 0.636459 0.558356 0.608708 0.491378 0.715106 0.738152 0.353398 0.291166 0.299359 0.270711 0.496671 0.564426 0.505665 0.767485 0.685814 0.669311 0.931253 0.517482 0.532901 0.490665 0.709485 0.676740 0.642524 0.206779 0.168292 0.490917 0.367651 0.769252 0.806687 0.879780 0.984653 0.960116 0.887869 0.803671 0.700826 0.627242 0.691195 0.621155 0.501588 0.407400 0.000000 0.000000 0.000000 0.000000 0.000000 0.000000 0.000000 0.000000 0.000000 0.000000 0.000000 0.451359 0.658867 1.017776 0.733347 0.664652 0.579995 0.472116 0.569299 0.577397 0.571162 0.694129 0.761547 0.626427 0.540316 0.652953 0.744408 0.738299 0.658319 0.524281 0.407850 0.508860 0.548702 0.519985 0.459043 0.385384 0.365825 0.000000 0.000000 0.449582 0.485867 0.453508 0.377100 0.000000 0.771487 0.832438 0.793142 0.676260 0.545116 0.498738 0.599614 0.572825 0.473916 0.454914 0.515051 0.561510 0.645961 0.660180 0.704526 0.879227 0.932275 0.885680 0.781597 0.637854 0.625476 0.671628 0.778428 0.716335 0.714648 0.714606 0.747534 0.782613 0.831136 0.823613 0.648006 0.727124 0.757766 0.738148 0.314368 0.375276 0.821894 0.877473 0.754553 0.666443 0.589814 0.574811 0.864573 0.762106 0.905527 0.823984 0.764826 0.649544 0.671578 0.782924 0.358422 0.336545 0.412832 0.397638 0.997113 1.142207 1.048999 0.879167 0.589374 0.000000
0.000000 0.000000 0.000000 0.000000 0.000000 0.000000 0.000000 0.000000 0.000000 0.000000 0.000000 0.000000 0.000000 0.000000 0.705055 0.995201 1.073359 1.021559 0.901372 0.845228 0.745813 0.644030 0.563982 0.449560 0.368466 0.000000 0.000000 0.000000 0.000000 0.000000 0.000000 0.000000 0.000000 0.000000 0.000000 0.000000 0.000000 0.000000 0.000000 0.000000 0.000000 0.000000 0.000000 0.000000 0.000000 0.000000 0.000000 0.000000 0.000000 0.000000 0.000000 0.000000 0.000000 0.000000 0.000000 0.000000 0.000000 0.000000 0.000000 0.000000 0.000000 0.696077 0.750866 0.703330 0.707150 0.669412 0.626448 0.550584 0.716304 0.834311 0.631707 0.592163 0.576597 0.456483 0.653547 0.193101 0.263774 0.736639 0.809387 0.838471 0.507047 0.678412 0.740908 0.295472 0.773338 0.402701 0.348200 0.245010 0.260089 0.542132 0.629367 0.537786 0.335320 0.215010 0.273146 0.442101 0.901863 0.871278 0.838493 0.856129 0.851103 0.880846 0.917729 0.779375 0.705206 0.695658 0.659121 0.657150 0.754011 0.766481 0.808833 0.746116 0.263181 0.245431 0.701096 0.823783 0.937158 0.951865 0.920608 0.711177 0.788278 0.864582 0.818721 0.960394 0.941974 0.940375 0.857843 0.821002 0.754760 0.678881 0.634092 0.257121 0.270169 0.626847 0.601560 0.524488 0.493282 0.655866 0.637831 0.691216 0.786356 0.904694 0.743777 0.229943 0.182382 0.286379 0.411866 0.474471 0.461432 0.394615 0.664432 0.656734 0.769084 0.333668 0.314192 0.321602 0.251360 0.272343 0.275636 0.429236 0.264803 0.445264 0.544828 0.859821 0.923435 0.982022 0.993922 0.964685 0.924004 0.801878 0.877852 0.694845 0.780148 0.668742 0.601091 0.455485 0.000000 0.000000 0.000000 0.000000 0.000000 0.000000 0.000000 0.000000 0.000000 0.004000 0.000000 0.466895 0.649769 0.758410 0.671762 0.609893 0.616232 0.588551 0.589686 0.684006 0.598516 0.708535 0.771925 0.659386 0.723004 0.849074 0.836261 0.758903 0.625453 0.537878 0.491071 0.527054 0.564716 0.522740 0.450201 0.376081 0.000000 0.000000 0.494228 0.572968 0.554513 0.483316 0.378958 0.492654 0.848078 0.869899 0.727510 0.497946 0.579934 0.563213 0.512074 0.000000 0.000000 0.398837 0.467589 0.542337 0.653284 0.717803 0.794387 0.960054 0.951414 0.869377 0.700514 0.438585 0.570259 0.602665 0.770679 0.715443 0.715382 0.826203 0.901651 0.951033 0.898003 0.743403 0.637828 0.753108 0.772033 0.766023 0.753191 0.790343 0.854522 0.845878 0.795573 0.668703 0.645865 0.727196 0.386064 0.399102 0.384777 0.317636 0.545580 0.646278 0.683249 0.617603 0.212488 0.437844 0.832396 0.419098 0.620046 1.156120 1.124001 0.865374 0.582059 0.000000
0.000000 0.000000 0.000000 0.000000 0.000000 0.000000 0.000000 0.000000 0.000000 0.000000 0.000000 0.000000 0.000000 0.512302 0.822171 1.034651 1.103824 0.999212 0.893339 0.812304 0.716467 0.637502 0.587321 0.528706 0.457304 0.000000 0.000000 0.000000 0.000000 0.000000 0.000000 0.000000 0.000000 0.000000 0.000000 0.000000 0.000000 0.000000 0.000000 0.000000 0.000000 0.000000 0.000000 0.000000 0.000000 0.000000 0.000000 0.000000 0.000000 0.000000 0.000000 0.000000 0.000000 0.000000 0.000000 0.000000 0.000000 0.000000 0.004000 0.000000 0.055703 0.000000 0.438852 0.502864 0.551041 0.522675 0.463438 0.467400 0.671096 0.620869 0.618576 0.570482 0.119341 0.835013 0.761475 0.731045 0.543320 0.881104 0.926853 0.896056 0.815050 0.731050 0.671126 0.506977 0.790726 0.475394 0.434726 0.414277 0.523877 0.658793 0.708143 0.469795 0.252832 0.169522 0.305024 0.440396 0.800493 0.814825 0.927245 0.977492 1.028086 0.993187 0.911277 0.740689 0.642754 0.603485 0.627684 0.681337 0.745946 0.264372 0.185054 0.193984 0.254232 0.669715 0.679454 0.730083 0.932212 1.022276 0.873301 0.582501 0.686520 0.766369 0.824718 0.858377 0.794019 1.105640 0.889746 0.825228 0.371335 0.264603 0.183007 0.090212 0.060692 0.117128 0.617812 0.660419 0.731227 0.742416 0.784111 0.832681 0.826069 0.893642 0.733615 0.731889 0.708334 0.315502 0.226496 0.371427 0.379046 0.292607 0.417065 0.397004 0.213666 0.255766 0.214530 0.245033 0.197121 0.284673 0.251763 0.265008 0.329932 0.505950 0.499391 0.894009 0.562996 0.540712 0.538878 0.895182 1.132891 0.995805 0.853957 0.730895 0.825609 0.705059 0.618277 0.495455 0.000000 0.000000 0.000000 0.000000 0.000000 0.000000 0.000000 0.000000 0.000000 0.000000 0.424271 0.579294 0.589870 0.526294 0.607740 0.741726 0.685794 0.663620 0.554681 0.000000 0.626218 0.705294 0.727679 0.798981 0.944121 0.878059 0.757025 0.705382 0.719424 0.689782 0.634349 0.590483 0.580973 0.519272 0.443480 0.000000 0.000000 0.000000 0.617545 0.630094 0.564077 0.435027 1.076245 0.459685 0.579579 0.525079 0.000000 0.573969 0.638974 0.665441 0.596143 0.500647 0.000000 0.000000 0.000000 0.000000 0.567060 0.682374 0.886524 0.993525 0.906360 0.729265 0.518949 0.461195 0.652808 0.755462 0.743812 0.630292 0.633112 0.928986 1.042400 1.029103 0.957575 0.840907 0.370907 0.341704 0.339695 0.475374 0.480021 0.419559 0.689611 0.810516 0.798036 0.789711 0.761058 0.616566 0.314198 0.391144 0.732114 0.624628 0.512583 0.606971 0.647870 0.528111 0.307687 0.990822 0.844673 0.831928 1.073747 1.110364 1.038511 0.790295 0.517535 0.000000
0.000000 0.000000 0.000000 0.000000 0.000000 0.000000 0.000000 0.000000 0.000000 0.000000 0.000000 0.000000 0.000000 0.565306 0.809322 0.914742 0.850422 0.778436 0.766528 0.732128 0.696407 0.622099 0.536705 0.426119 0.370538 0.000000 0.000000 0.000000 0.000000 0.000000 0.000000 0.000000 0.000000 0.000000 0.000000 0.000000 0.000000 0.000000 0.000000 0.000000 0.000000 0.000000 0.000000 0.000000 0.000000 0.000000 0.000000 0.000000 0.000000 0.000000 0.000000 0.000000 0.000000 0.000000 0.000000 0.000000 0.000000 0.000000 0.000000 0.000000 0.000000 0.004000 0.922895 0.542569 0.458423 0.457326 0.517327 0.686929 1.139332 0.872031 0.807109 0.603089 0.767470 0.624138 0.808527 0.890659 0.943391 1.062390 0.835832 0.739395 0.727919 0.752688 0.728040 0.512015 0.624078 0.539066 0.520226 0.570039 0.997595 1.039976 0.547412 0.429287 0.343553 0.331416 0.369323 0.601816 0.992497 1.131442 0.980736 1.025046 1.062901 0.951829 0.797257 0.725033 0.763045 0.769498 0.745452 0.619576 0.646572 0.641708 0.227165 0.172070 0.216353 0.551367 0.550682 0.551760 0.549564 0.580799 0.741581 0.582160 0.561972 0.717379 0.591218 0.663863 0.981853 1.003962 0.744197 0.930627 0.837953 0.749246 0.333105 0.276544 0.617272 0.537336 0.697440 0.727950 0.784878 0.808661 0.830068 0.894071 0.875111 0.902223 0.717442 0.723163 0.728364 0.725322 0.144566 0.228145 0.176285 0.310605 0.432063 0.273851 0.333675 0.303327 0.283332 0.127255 0.219779 0.292857 0.357620 0.266962 0.258444 0.510357 0.431759 0.407221 0.415824 0.414058 0.476057 0.566745 1.181007 1.055779 0.894767 0.918249 0.898593 0.750056 0.589103 0.463410 0.000000 0.000000 0.000000 0.000000 0.000000 0.000000 0.000000 0.000000 0.000000 0.000000 0.430063 0.453117 0.542378 0.625784 0.733817 0.830946 0.832567 0.737591 0.611787 0.505056 0.662562 0.732622 0.892143 1.055763 0.925824 0.776302 0.613927 0.600352 0.700898 0.728443 0.688759 0.625788 0.588258 0.422961 0.000000 0.000000 0.000000 0.000000 0.658731 0.625747 0.511391 0.361233 0.000000 0.000000 0.000000 0.000000 0.440042 0.650325 0.720857 0.696001 0.605078 0.482436 0.379540 0.000000 0.000000 0.000000 0.000000 0.618134 0.771332 0.803848 0.691766 0.569277 0.498072 0.420386 0.701265 0.762654 0.637279 0.507024 0.717929 0.919006 1.013325 0.983453 0.982920 0.420086 0.169627 0.288530 0.421973 0.552750 0.443747 0.312128 0.694190 0.760023 0.773656 0.760470 0.898969 0.715292 0.779370 0.787294 0.727390 0.608529 0.636049 0.642407 0.636754 0.510793 0.672424 0.947742 0.952888 1.017798 0.988128 0.901802 0.847593 0.658617 0.460907 0.000000
0.000000 0.000000 0.000000 0.000000 0.000000 0.000000 0.000000 0.000000 0.000000 0.000000 0.000000 0.000000 0.560041 0.605112 0.807163 0.616421 0.686428 0.724016 0.732415 0.690106 0.625762 0.518829 0.442744 0.000000 0.000000 0.000000 0.000000 0.000000 0.000000 0.000000 0.000000 0.000000 0.000000 0.000000 0.000000 0.000000 0.000000 0.000000 0.000000 0.000000 0.000000 0.000000 0.000000 0.000000 0.000000 0.000000 0.000000 0.000000 0.000000 0.000000 0.000000 0.000000 0.000000 0.000000 0.000000 0.000000 0.000000 0.000000 0.000000 0.000000 0.000000 0.000000 0.417598 0.303753 0.449012 0.585481 0.894827 0.958777 0.969426 0.966141 0.886662 0.636907 0.566398 0.661841 0.732709 0.739459 0.718055 0.728349 0.705602 0.716001 0.797869 0.823253 0.789133 0.336083 0.390164 0.355031 0.444352 0.609976 1.009843 0.509337 0.323529 0.310571 0.385495 0.484301 0.662183 1.091537 1.272077 1.160514 0.915398 0.859832 0.893996 0.926530 0.793013 0.791575 0.874999 0.940228 0.848403 0.727919 0.366852 0.298346 0.184656 0.121559 0.139635 0.170624 0.145815 0.562110 0.616474 0.685179 0.774183 0.782279 0.557475 0.554206 0.540801 0.530110 0.765287 0.783623 0.932699 0.992019 0.898780 0.796920 0.858051 0.625200 0.570576 0.653851 0.618661 0.679804 0.786028 0.810558 0.938349 1.008438 1.008495 0.888163 0.728919 0.784642 0.790529 0.791158 0.313172 0.194141 0.280717 0.321454 0.374104 0.412662 0.393227 0.341660 0.321574 0.254076 0.195858 0.328237 0.320988 0.204599 0.325476 0.470642 0.334224 0.660870 0.646701 0.681772 0.708731 0.725564 1.146256 0.911497 0.826833 0.926077 0.816608 0.697700 0.621852 0.520242 0.000000 0.000000 0.000000 0.000000 0.000000 0.000000 0.403839 0.000000 0.000000 0.000000 0.000000 0.000000 0.618263 0.761223 0.759555 0.670046 0.749232 0.624243 0.430259 0.699521 0.713652 1.077910 1.182424 1.123605 1.042267 0.901582 0.743762 0.682929 0.691449 0.638244 0.668309 0.618073 0.559262 0.392793 0.000000 0.000000 0.000000 0.000000 0.607542 0.601022 0.520662 0.423037 0.360319 0.484334 0.535999 0.536083 0.671510 0.647399 0.668776 0.659549 0.609603 0.523330 0.374411 0.000000 0.000000 0.000000 0.000000 0.421714 0.506289 0.512336 0.467647 0.436160 0.379358 0.000000 0.626076 0.688368 0.604346 0.589696 0.693803 0.754813 0.809150 0.786430 0.699710 0.274382 0.076000 0.336041 0.561472 0.570060 0.356826 0.229975 0.476486 0.559930 0.854664 0.788800 0.776081 0.735789 0.739128 0.726476 0.315492 0.207438 0.549279 0.706033 0.662702 0.544476 0.780749 0.837069 0.840056 0.866548 0.762506 0.740870 0.637469 0.437059 0.000000 0.000000
0.000000 0.000000 0.000000 0.000000 0.000000 0.000000 0.000000 0.000000 0.000000 0.000000 0.000000 0.000000 0.000000 0.000000 0.865843 0.599619 0.591474 0.554150 0.451497 0.415096 0.390294 0.000000 0.000000 0.000000 0.000000 0.000000 0.000000 0.000000 0.000000 0.000000 0.000000 0.000000 0.000000 0.000000 0.000000 0.000000 0.000000 0.000000 0.000000 0.000000 0.000000 0.000000 0.000000 0.000000 0.000000 0.000000 0.000000 0.000000 0.000000 0.000000 0.000000 0.000000 0.000000 0.000000 0.000000 0.000000 0.000000 0.000000 0.000000 0.000000 0.000000 0.000000 0.000000 0.000000 0.540146 0.944633 1.134772 1.112883 0.982153 0.904628 0.814476 0.733074 0.651839 0.742898 0.465902 0.387493 0.331134 0.327206 0.378443 0.812643 0.861264 0.851509 0.402309 0.222660 0.449062 0.518913 0.570743 0.640878 0.581055 0.573727 0.462706 0.435887 0.456703 0.617813 0.777184 0.637550 0.907654 0.767211 0.615792 0.649708 0.636713 0.329464 0.721675 0.784991 0.643609 0.547623 0.359807 0.496650 0.435037 0.385598 0.269555 0.191590 0.152237 0.073676 0.116373 0.233525 0.399144 0.555815 0.574553 0.851321 0.596307 0.620715 0.599552 0.591120 0.624354 0.968229 1.056128 0.871213 0.530656 0.979752 0.894180 0.797798 0.700737 0.582960 0.513825 0.614503 0.734968 0.765794 0.747878 0.771406 0.917166 0.906591 0.730457 0.786059 0.868378 0.919902 0.913986 0.859493 0.343766 0.358191 0.427712 0.474354 0.376512 0.355688 0.293673 0.346759 0.362126 0.315295 0.216394 0.220057 0.333918 0.398680 0.383559 0.650349 0.563630 0.629391 0.710519 0.666392 1.056968 0.730897 0.709298 0.698023 0.598301 0.651476 0.591418 0.487271 0.000000 0.000000 0.000000 0.000000 0.000000 0.000000 0.000000 0.000000 0.000000 0.000000 0.000000 0.000000 0.666670 0.776224 0.704176 0.562831 0.480132 0.454701 0.505358 0.747294 0.947904 1.203899 1.174112 1.098926 0.943472 0.745786 0.761561 0.805821 0.720604 0.595374 0.624904 0.577168 0.517208 0.000000 0.000000 0.000000 0.000000 0.000000 0.540172 0.571490 0.506908 0.441022 0.371545 0.921020 0.622655 0.649432 0.558457 0.645944 0.733423 0.710433 0.624101 0.538147 0.393489 0.000000 0.000000 0.000000 0.000000 0.000000 0.000000 0.000000 0.000000 0.000000 0.000000 0.000000 0.000000 0.000000 0.616920 0.654878 0.698003 0.739056 0.798609 0.737865 0.122828 0.245519 0.126299 0.483487 0.693889 0.609350 0.305108 0.350567 0.479297 0.463555 0.412012 0.416752 0.708343 0.268739 0.250330 0.171061 0.199946 0.560361 0.648373 0.816049 0.767304 0.695876 0.676613 0.710606 0.793272 0.759381 0.714818 0.674805 0.557323 0.000000 0.000000 0.000000
0.000000 0.000000 0.000000 0.000000 0.000000 0.000000 0.000000 0.000000 0.000000 0.000000 0.000000 0.000000 0.000000 0.000000 0.435499 0.440148 0.429351 0.430415 0.430675 0.419598 0.396197 0.354703 0.000000 0.000000 0.000000 0.000000 0.000000 0.000000 0.000000 0.000000 0.000000 0.000000 0.000000 0.000000 0.000000 0.000000 0.000000 0.000000 0.000000 0.000000 0.000000 0.000000 0.000000 0.000000 0.000000 0.000000 0.000000 0.000000 0.000000 0.000000 0.000000 0.000000 0.000000 0.000000 0.000000 0.000000 0.000000 0.000000 0.000000 0.000000 0.000000 0.000000 0.000000 0.455789 0.791760 1.127020 1.193805 0.981100 0.844226 0.803617 0.776292 0.591164 0.695529 0.696717 0.195589 0.202885 0.190998 0.250564 0.457404 0.588551 0.897317 0.491305 0.772452 0.800227 0.464935 0.560582 0.614697 0.612772 0.490720 0.493329 0.446026 0.403494 0.371245 0.419685 0.384242 0.283622 0.185590 0.071999 0.217691 0.659737 0.298163 0.357556 0.547344 0.918748 0.961966 0.489600 0.415293 0.463935 0.590363 0.649672 0.623958 0.481067 0.211743 0.239680 0.271414 0.376850 0.553922 0.687649 0.705880 0.839513 0.830351 0.700681 0.635593 0.511336 0.593319 0.681258 0.663092 0.671803 0.707890 0.735865 0.831199 0.741873 0.510809 0.450803 0.527488 0.407099 0.519788 0.700419 0.685854 0.664176 0.555379 0.672625 0.830217 0.939336 1.017551 1.054421 0.980014 0.859421 0.474161 0.428752 0.512190 0.400584 0.340091 0.384128 0.198638 0.214573 0.391147 0.303817 0.298121 0.232042 0.305513 0.305727 0.291155 0.285482 0.593337 0.554662 0.534601 0.652453 0.930748 0.626041 0.498893 0.426871 0.527763 0.557239 0.453549 0.000000 0.000000 0.000000 0.000000 0.000000 0.000000 0.000000 0.000000 0.000000 0.000000 0.000000 0.000000 0.522739 0.561846 0.641974 0.528507 0.000000 0.000000 0.000000 0.572443 0.833034 0.944777 1.016012 0.929401 0.840849 0.685875 0.519755 0.597249 0.637606 0.569182 0.526218 0.521948 0.434332 0.351862 0.000000 0.000000 0.000000 0.000000 0.000000 0.451124 0.532131 0.493373 0.487900 0.454196 0.649777 0.481060 0.439065 0.495997 0.702303 0.769758 0.708127 0.627476 0.523851 0.435723 0.000000 0.000000 0.000000 0.000000 0.000000 0.000000 0.000000 0.395711 0.384096 0.000000 0.000000 0.000000 0.000000 0.501876 0.674419 0.694469 0.741360 0.791637 0.293457 0.653435 0.706554 0.584208 0.703923 0.835175 0.619040 0.351300 0.360966 0.396679 0.350080 0.350057 0.381031 0.372279 0.346058 0.258057 0.299172 0.663084 0.833544 0.895958 0.965674 0.882553 0.719267 0.602908 0.559438 0.647343 0.579094 0.553770 0.542165 0.448967 0.000000 0.000000 0.000000
0.000000 0.000000 0.000000 0.000000 0.000000 0.000000 0.000000 0.000000 0.000000 0.000000 0.000000 0.000000 0.434884 0.000000 0.000000 0.000000 0.000000 0.000000 0.000000 0.000000 0.000000 0.000000 0.000000 0.000000 0.000000 0.000000 0.000000 0.000000 0.000000 0.000000 0.000000 0.000000 0.000000 0.000000 0.000000 0.000000 0.000000 0.000000 0.000000 0.000000 0.000000 0.000000 0.000000 0.000000 0.000000 0.000000 0.000000 0.000000 0.000000 0.000000 0.000000 0.000000 0.000000 0.000000 0.000000 0.000000 0.000000 0.000000 0.000000 0.000000 0.000000 0.499051 0.531442 0.717977 0.875372 0.992012 0.945456 0.890989 0.380832 0.259925 0.609592 0.219111 0.348188 0.275176 0.232422 0.267071 0.349558 0.387353 0.495946 0.539585 0.848095 0.486022 0.798852 0.466830 0.485635 0.500925 0.501476 0.504959 0.817178 0.781406 0.744552 0.330349 0.626055 0.582190 0.201491 0.177666 0.200238 0.492266 0.912312 0.918713 0.951989 0.612316 1.005120 0.667828 0.509302 0.362754 0.381182 0.442512 0.565847 0.590640 0.562088 0.547952 0.519709 0.455179 0.424617 0.516096 0.608328 0.668831 0.658993 0.602874 0.756934 0.661639 0.541439 0.144568 0.482970 0.500455 0.620987 0.650927 0.335268 0.247495 0.191324 0.474818 0.445792 0.530449 0.443744 0.423199 0.466870 0.702964 0.782161 0.774559 0.809757 1.083377 0.999577 1.060616 1.103974 1.056113 0.909860 0.806793 0.828532 0.549824 0.714635 0.434283 0.444555 0.351758 0.220318 0.237868 0.225866 0.235470 0.286115 0.352993 0.303676 0.270727 0.199770 0.244168 0.261158 0.573349 0.663814 0.653640 0.556616 0.710481 0.527402 0.458508 0.466890 0.458044 0.418848 0.000000 0.000000 0.000000 0.000000 0.000000 0.000000 0.000000 0.000000 0.000000 0.000000 0.000000 0.000000 0.000000 0.000000 0.470915 0.497907 0.000000 0.000000 0.441443 0.570820 0.897377 0.799698 0.730224 0.724187 0.627472 0.518796 0.552166 0.515879 0.489005 0.404463 0.430471 0.442034 0.434367 0.450490 0.423664 0.354817 0.000000 0.000000 0.000000 0.618170 0.646112 0.624513 0.596975 0.523673 0.000000 0.000000 0.000000 0.542373 0.730911 0.799270 0.727018 0.647130 0.597699 0.556524 0.448899 0.388694 0.000000 0.408561 0.587644 0.540439 0.498571 0.486596 0.444145 0.373794 0.000000 0.000000 0.491547 0.574754 0.951514 0.779174 1.101674 0.662608 0.734220 0.716369 0.839470 0.596624 0.623849 0.750938 0.497987 0.245320 0.298803 0.385401 0.346366 0.315367 0.360740 0.385389 0.413285 0.492023 0.821664 0.970798 0.960945 0.935250 0.947055 0.790977 0.720034 0.562223 0.514656 0.000000 0.000000 0.000000 0.000000 0.000000 0.000000 0.000000 0.000000
0.000000 0.000000 0.000000 0.000000 0.000000 0.000000 0.000000 0.000000 0.000000 0.000000 0.000000 0.000000 0.000000 0.000000 0.000000 0.000000 0.000000 0.000000 0.000000 0.000000 0.000000 0.000000 0.000000 0.000000 0.000000 0.000000 0.000000 0.000000 0.000000 0.000000 0.000000 0.000000 0.000000 0.000000 0.000000 0.000000 0.000000 0.000000 0.000000 0.000000 0.000000 0.000000 0.000000 0.000000 0.000000 0.000000 0.000000 0.000000 0.000000 0.000000 0.000000 0.000000 0.000000 0.000000 0.000000 0.000000 0.000000 0.000000 0.000000 0.000000 0.000000 0.418475 0.676833 0.836484 0.933779 0.927425 0.732720 0.698761 0.269157 0.300283 0.741236 0.380205 0.415364 0.695208 0.802855 0.561003 0.641330 0.632454 0.533003 0.530876 0.760238 0.743966 0.793314 0.758097 0.432257 0.321715 0.334616 0.437661 0.687335 0.721991 0.841833 0.804413 0.758932 0.606225 0.352612 0.826362 0.892995 1.014675 1.101347 1.117598 1.338813 1.066771 0.996871 0.929079 0.408999 0.487116 0.697376 0.529744 0.641928 0.693331 0.720616 0.757091 0.729838 0.616948 0.545927 0.494821 0.473780 0.443919 0.398815 0.803666 0.345071 0.623150 0.550721 0.461717 0.559401 0.574928 0.602394 0.604072 0.580000 0.530365 0.468569 0.434068 0.505558 0.448708 0.391139 0.000000 0.510997 0.753035 0.819502 0.778548 0.922875 1.359980 1.059491 1.057588 1.079860 0.997074 0.852711 0.431392 0.635962 0.995939 0.648420 0.694125 0.488128 0.410659 0.272852 0.356980 0.477269 0.340790 0.287096 0.336788 0.322869 0.337052 0.417890 0.392740 0.329295 0.263094 0.499349 0.557315 0.563985 0.504752 0.556850 0.612658 0.568300 0.547522 0.497178 0.422186 0.000000 0.000000 0.000000 0.000000 0.000000 0.000000 0.000000 0.000000 0.000000 0.000000 0.000000 0.000000 0.000000 0.384644 0.000000 0.000000 0.000000 0.000000 0.512504 0.809537 0.712376 0.746693 0.608556 0.636533 0.631047 0.549374 0.459841 0.488017 0.612926 0.528619 0.538770 0.545305 0.513610 0.447295 0.000000 0.000000 0.000000 0.000000 0.725347 0.709500 0.703107 0.647129 0.540500 0.370638 0.000000 0.433359 0.678815 0.775371 0.818848 0.740117 0.693919 0.682351 0.638567 0.534301 0.426660 0.527659 0.706518 0.717638 0.630810 0.572162 0.528190 0.453470 0.370262 0.000000 0.000000 0.532117 0.573575 0.634274 0.680766 0.743882 0.714260 0.372299 0.451594 0.841961 0.447436 0.438645 0.616534 0.301150 0.260524 0.382250 0.480791 0.393000 0.353042 0.464428 0.421563 0.507654 0.927182 0.957154 0.922671 0.835600 0.735129 0.639046 0.761883 0.711175 0.630413 0.514549 0.000000 0.000000 0.000000 0.000000 0.000000 0.000000 0.000000 0.441648
0.000000 0.000000 0.000000 0.000000 0.000000 0.000000 0.000000 0.000000 0.000000 0.000000 0.000000 0.000000 0.000000 0.000000 0.000000 0.000000 0.000000 0.000000 0.000000 0.000000 0.000000 0.000000 0.000000 0.000000 0.000000 0.000000 0.000000 0.000000 0.000000 0.000000 0.000000 0.000000 0.000000 0.000000 0.000000 0.000000 0.000000 0.000000 0.000000 0.000000 0.000000 0.000000 0.000000 0.000000 0.000000 0.000000 0.000000 0.000000 0.000000 0.000000 0.000000 0.000000 0.000000 0.000000 0.000000 0.000000 0.000000 0.000000 0.000000 0.000000 0.000000 0.462778 0.687892 0.773579 0.763780 0.840877 0.792042 0.260054 0.759966 0.689022 0.373518 0.665557 0.932042 0.968687 0.654760 0.713107 0.786594 0.766372 0.604173 0.451075 0.724523 0.714297 0.800697 0.759992 0.986771 0.670973 0.585176 0.522213 0.634006 0.852234 0.901259 0.875634 0.793705 0.942709 0.848158 0.882361 0.643161 1.309575 1.166062 1.015300 0.944531 0.886691 0.823329 0.406797 0.348505 0.492997 0.497162 0.969983 1.061946 1.059484 1.080096 1.155149 1.169497 1.082655 0.958868 0.683767 0.571039 0.765333 0.397564 0.645250 0.615361 0.235272 0.544684 0.662030 0.765990 0.638619 0.656545 0.641530 0.595282 0.545193 0.482566 0.545464 0.497819 0.378448 0.000000 0.000000 0.621969 0.878390 0.790170 0.831515 1.029799 1.159622 1.053438 1.069845 1.011376 0.876827 0.217265 0.458768 0.847970 0.726189 0.753578 0.703680 0.533236 0.414251 0.283178 0.277333 0.278731 0.235854 0.254527 0.497859 0.491770 0.859188 0.563330 0.777230 0.277777 0.270044 0.245613 0.482802 0.577753 0.156453 0.646048 0.621286 0.578122 0.542618 0.477183 0.395653 0.000000 0.000000 0.000000 0.000000 0.000000 0.000000 0.000000 0.000000 0.000000 0.000000 0.000000 0.000000 0.000000 0.000000 0.000000 0.000000 0.000000 0.792930 0.651976 0.721213 0.692679 0.806483 0.830672 0.740319 0.632380 0.515266 0.574753 0.617436 0.760001 0.599559 0.584362 0.592086 0.525968 0.474540 0.475017 0.475169 0.443954 0.630691 0.879995 0.818042 0.349518 0.239114 0.516044 0.462632 0.000000 0.468758 0.833521 0.781624 0.630654 0.548138 0.737467 0.739728 0.678630 0.554972 0.549716 0.696207 0.827753 0.760602 0.652939 0.612779 0.528830 0.452047 0.000000 0.000000 0.000000 0.665272 0.731040 0.640806 0.641163 0.339334 0.132899 0.448738 0.669527 0.936708 0.495980 0.450178 0.502872 0.266699 0.319725 0.554585 0.642098 0.349895 0.407116 0.536161 0.511396 0.617449 0.990471 0.983240 0.934827 0.821602 0.687320 0.639991 0.792950 0.785394 0.701795 0.556314 0.000000 0.000000 0.000000 0.000000 0.000000 0.000000 0.000000 0.543103
0.000000 0.000000 0.000000 0.000000 0.000000 0.000000 0.000000 0.000000 0.000000 0.000000 0.000000 0.000000 0.000000 0.000000 0.000000 0.000000 0.000000 0.000000 0.000000 0.000000 0.000000 0.000000 0.000000 0.000000 0.000000 0.000000 0.000000 0.000000 0.000000 0.000000 0.000000 0.000000 0.000000 0.000000 0.000000 0.000000 0.000000 0.000000 0.000000 0.000000 0.000000 0.000000 0.000000 0.000000 0.000000 0.000000 0.000000 0.000000 0.000000 0.000000 0.000000 0.000000 0.000000 0.000000 0.000000 0.000000 0.000000 0.000000 0.000000 0.000000 0.000000 0.000000 0.561812 0.756705 0.774685 0.882343 0.780184 0.627810 0.416614 0.708820 0.214798 0.674936 0.699573 0.940038 1.015770 0.936201 0.941596 0.834300 0.676261 0.534360 0.741604 0.852935 0.917293 1.214419 0.822615 0.904518 0.635681 0.610344 0.770100 0.790654 0.927818 0.924531 0.784609 0.954863 1.072520 1.018420 1.123160 0.947312 0.892594 0.829027 0.821532 0.813909 0.807054 0.771682 0.955828 0.968300 0.982740 0.921311 0.902442 0.841484 0.881227 0.886357 0.852838 0.670575 0.805072 0.771003 0.831468 0.702974 0.271705 0.213615 0.199795 0.188634 0.615596 0.655539 0.857378 0.914277 0.736959 0.858350 0.782408 0.700039 0.606102 0.515845 0.397047 0.000000 0.000000 0.000000 1.031899 1.152412 0.648250 0.849941 1.142933 1.016242 0.981641 0.898853 0.833017 0.786758 0.325158 0.451473 0.617081 0.698890 0.733974 0.606033 0.362187 0.207380 0.264036 0.254808 0.238665 0.597498 0.650179 0.812305 0.484607 0.908898 0.634450 0.443156 0.233542 0.298147 0.264571 0.101658 0.134908 0.497475 0.484241 0.575312 0.513868 0.400665 0.000000 0.000000 0.392626 0.000000 0.000000 0.395102 0.448022 0.439532 0.391701 0.000000 0.000000 0.000000 0.000000 0.000000 0.405364 0.000000 0.000000 0.388606 0.389266 0.000000 1.032042 0.724965 0.901735 0.986254 0.827149 0.683878 0.604784 0.523586 0.613929 0.737519 0.801795 0.611478 0.585943 0.549477 0.475708 0.499180 0.434083 0.419321 0.528644 0.758785 0.862817 0.383487 0.636962 0.544413 0.446570 0.000000 0.000000 0.657011 0.803683 0.790695 0.748071 0.561071 0.341901 0.727438 0.599890 0.458710 0.626150 0.818887 0.899315 0.692080 0.690334 0.608371 0.512573 0.458351 0.000000 0.000000 0.000000 0.775656 0.737962 0.536055 0.370093 0.332222 0.144080 0.333319 0.543443 0.632270 0.471686 0.556993 0.593162 0.260717 0.487596 0.819277 0.683675 0.277890 0.370063 0.542408 0.542590 0.897311 0.888336 0.856025 0.817464 0.744084 0.680341 0.720638 0.884296 0.839464 0.724830 0.540860 0.000000 0.000000 0.000000 0.000000 0.000000 0.000000 0.000000 0.562618
0.000000 0.000000 0.000000 0.000000 0.000000 0.000000 0.000000 0.000000 0.000000 0.000000 0.000000 0.000000 0.000000 0.000000 0.000000 0.000000 0.000000 0.000000 0.000000 0.000000 0.000000 0.000000 0.000000 0.000000 0.000000 0.000000 0.000000 0.000000 0.000000 0.000000 0.000000 0.000000 0.000000 0.000000 0.000000 0.000000 0.000000 0.000000 0.000000 0.000000 0.000000 0.000000 0.000000 0.000000 0.000000 0.000000 0.000000 0.000000 0.000000 0.000000 0.000000 0.000000 0.000000 0.000000 0.000000 0.000000 0.000000 0.000000 0.000000 0.000000 0.000000 0.000000 0.725354 0.935807 1.067768 0.823029 0.787549 0.601476 0.769145 0.626156 0.676524 0.625515 0.769208 1.051517 1.292508 1.308498 1.118110 1.065336 1.110396 1.051157 0.647880 0.652207 0.594492 0.919440 0.731674 1.013743 0.476427 0.706753 0.837917 0.846255 1.016552 0.987640 0.856198 0.975763 0.976686 0.827035 0.746635 0.824656 0.803803 0.761176 0.768532 0.770275 0.780266 0.796581 1.163482 1.070601 1.036351 0.807276 0.670283 0.636362 0.994857 0.851747 1.054162 1.292650 1.263421 1.105716 0.835065 0.921287 0.809864 0.775394 0.639723 0.812416 0.833342 0.761212 0.834598 0.999650 0.914678 0.818954 0.735548 0.637688 0.574466 0.504827 0.422332 0.376694 0.000000 0.388532 0.604474 0.707306 0.936301 1.131717 1.201861 1.015509 0.918862 0.809263 0.802791 0.700184 0.691306 0.840252 0.988298 0.856681 0.733033 0.617630 0.431728 0.378153 0.315125 0.299311 0.428582 0.430143 0.884846 0.746595 0.479676 0.824901 0.469957 0.372406 0.207525 0.586948 0.552779 0.180917 0.566363 0.535415 0.660888 0.616277 0.504448 0.374700 0.395016 0.469286 0.387535 0.000000 0.000000 0.514131 0.569508 0.559151 0.493823 0.398171 0.000000 0.343926 0.000000 0.440465 0.435675 0.000000 0.000000 0.000000 0.000000 0.000000 0.743778 0.748146 0.944633 0.997390 0.790949 0.633585 0.562697 0.468914 0.000000 0.710531 0.675082 0.626826 0.555489 0.590068 0.529455 0.511873 0.000000 0.000000 0.541332 0.832598 0.809074 0.766099 0.660469 0.550015 0.442034 0.000000 0.000000 0.694192 0.632570 0.823820 0.705952 0.189586 0.540154 0.589154 0.000000 0.000000 0.653100 0.680591 0.705209 0.739280 0.683865 0.557336 0.437030 0.402458 0.000000 0.000000 0.391782 0.667307 0.876111 0.991569 0.435248 0.364365 0.257525 0.235263 0.260794 0.245400 0.387403 0.590460 0.596552 0.443483 0.639507 0.831677 0.730778 0.426421 0.475139 0.529474 0.566599 0.860017 0.803474 0.786688 0.785810 0.733574 0.714897 0.914782 0.935637 0.849837 0.684787 0.000000 0.000000 0.000000 0.000000 0.000000 0.000000 0.000000 0.000000 0.567979
0.000000 0.000000 0.000000 0.000000 0.000000 0.000000 0.000000 0.000000 0.000000 0.000000 0.000000 0.000000 0.000000 0.000000 0.000000 0.000000 0.000000 0.000000 0.000000 0.000000 0.000000 0.000000 0.000000 0.000000 0.000000 0.000000 0.000000 0.000000 0.000000 0.000000 0.000000 0.000000 0.000000 0.000000 0.000000 0.000000 0.000000 0.000000 0.000000 0.000000 0.000000 0.000000 0.000000 0.000000 0.000000 0.000000 0.000000 0.000000 0.000000 0.000000 0.000000 0.000000 0.000000 0.000000 0.000000 0.000000 0.000000 0.000000 0.000000 0.000000 0.166657 0.475687 0.887528 0.800430 0.842533 0.828195 0.778932 0.709424 0.615115 0.626663 0.617652 0.571887 0.845721 1.140234 1.127754 0.987635 0.899089 0.790979 0.653798 0.671216 0.984777 0.758252 0.631187 0.676797 0.755145 0.538884 0.605852 0.877621 0.862520 0.987768 1.141595 1.078186 1.045163 1.013184 0.923797 0.626510 0.739205 0.787215 0.727026 0.638166 0.670132 1.013631 1.019748 1.104946 1.076080 1.114551 1.078185 0.861495 0.911444 0.862754 0.766916 0.747078 1.005972 1.151830 1.088173 1.086983 0.870936 0.931349 0.675835 0.834652 0.870104 0.714742 0.766465 0.895974 0.931624 0.871644 0.782048 0.724670 0.648229 0.741453 0.600340 0.532525 0.488861 0.423973 0.406079 0.523447 0.634319 0.774111 1.018312 1.148181 1.122698 0.829988 0.895996 1.070202 0.757550 0.624955 0.722737 0.887200 1.068976 1.131747 0.594106 0.537300 0.470555 0.396314 0.401514 0.320893 0.363829 0.412496 0.692290 0.758040 0.448990 0.673613 0.288200 0.252904 0.531419 0.545175 0.721528 0.605855 0.762860 0.710097 0.702633 0.671851 0.606143 0.424067 0.430401 0.418655 0.441475 0.000000 0.574757 0.602991 0.677562 0.651931 0.560432 0.760881 0.392453 0.000000 0.000000 0.430158 0.422732 0.000000 0.000000 0.460543 0.521607 0.569290 0.626851 0.777608 0.963286 0.860104 0.668904 0.533886 0.456910 0.394011 0.000000 0.589625 0.656448 0.649238 0.645334 0.596337 0.516396 0.422876 0.000000 0.000000 0.594602 0.889632 0.837709 0.749852 0.629629 0.659032 0.535541 0.000000 0.000000 0.847257 0.865643 0.860256 0.640799 0.534553 0.456320 0.426461 0.000000 0.000000 0.000000 0.399316 0.547518 0.645267 0.573281 0.000000 0.000000 0.000000 0.511658 0.561984 0.645986 0.726103 0.958163 0.893304 0.464002 0.273818 0.280165 0.227535 0.137931 0.344905 0.561881 1.058011 0.679010 0.670947 0.788908 0.807415 0.739949 0.637428 0.681876 0.941263 1.030431 0.835436 0.769501 0.826965 0.805779 0.906903 0.894874 0.876326 0.884932 0.839737 0.652560 0.426153 0.383247 0.000000 0.000000 0.000000 0.000000 0.000000 0.000000 0.562384
0.000000 0.000000 0.000000 0.000000 0.000000 0.000000 0.000000 0.000000 0.000000 0.000000 0.000000 0.000000 0.000000 0.000000 0.000000 0.000000 0.000000 0.000000 0.000000 0.000000 0.000000 0.000000 0.000000 0.000000 0.000000 0.000000 0.000000 0.000000 0.000000 0.000000 0.000000 0.000000 0.000000 0.000000 0.000000 0.000000 0.000000 0.000000 0.000000 0.000000 0.000000 0.000000 0.000000 0.000000 0.000000 0.000000 0.000000 0.000000 0.000000 0.000000 0.000000 0.000000 0.000000 0.000000 0.000000 0.000000 0.000000 0.000000 0.000000 0.587001 0.000000 0.000000 0.588687 0.725671 0.738769 0.707253 0.664637 0.604563 0.537838 0.464668 0.376825 0.551964 0.875112 1.026737 0.815054 0.666907 0.578543 0.697799 0.513587 0.540162 0.633330 0.458516 0.478098 0.439698 0.426374 0.660358 0.750623 0.898885 0.932369 1.107181 1.253434 1.216741 1.145677 0.969111 0.800331 0.711543 0.814234 0.813069 0.802974 0.859650 0.939954 1.147428 1.256782 1.168278 1.000261 1.002853 0.970384 0.951780 0.888528 0.766591 0.775367 0.719403 0.718444 0.814171 0.882811 0.984152 0.987312 0.899840 0.834905 0.806094 0.642113 0.698159 0.929807 0.793630 1.010030 0.900247 0.812070 0.726234 0.637806 0.685958 0.641211 0.636628 0.535955 0.457509 0.383659 0.616679 0.809483 0.947654 0.973348 1.025127 0.964729 0.862708 0.967361 0.938616 0.651403 0.730498 0.788870 0.990357 1.089115 1.031417 0.613691 0.659696 0.533792 0.460292 0.717465 0.717209 0.769347 0.384086 0.683878 0.703273 0.306329 0.626964 0.647904 0.627359 0.735093 0.737687 0.841736 0.779064 0.776746 0.764077 0.755798 0.713600 0.621083 0.482728 0.438290 0.430569 0.360193 0.379746 0.675364 0.674630 0.767365 0.708491 0.606149 0.532117 0.461322 0.379215 0.000000 0.000000 0.000000 0.000000 0.000000 0.577546 0.554505 0.809266 0.482610 0.672980 0.748842 0.629212 0.424522 0.000000 0.394144 0.429067 0.439356 0.612038 0.707490 0.707922 0.677936 0.612305 0.533868 0.000000 0.000000 0.520675 0.571510 0.964217 0.929829 0.860672 0.738374 0.629446 0.515893 0.000000 0.000000 0.933992 1.051849 0.869419 0.718978 0.584123 0.496435 0.000000 0.000000 0.000000 0.000000 0.000000 0.000000 0.416141 0.491051 0.000000 0.462138 0.606048 0.722297 0.812413 0.842772 0.841795 0.781637 0.596083 0.355750 0.295497 0.305467 0.230787 0.221119 0.348588 0.545394 0.625692 0.424274 0.488034 0.498431 0.647029 0.677679 0.677849 0.709150 1.060993 0.954893 0.849344 0.922643 1.033988 0.765319 0.901515 0.843480 0.872443 0.795834 0.712431 0.573490 0.463217 0.412385 0.000000 0.000000 0.000000 0.000000 0.000000 0.000000 0.542575
0.000000 0.000000 0.000000 0.000000 0.000000 0.000000 0.000000 0.000000 0.000000 0.000000 0.000000 0.000000 0.000000 0.000000 0.000000 0.000000 0.000000 0.000000 0.000000 0.000000 0.000000 0.000000 0.000000 0.000000 0.000000 0.000000 0.000000 0.000000 0.000000 0.000000 0.000000 0.000000 0.000000 0.000000 0.000000 0.000000 0.000000 0.000000 0.000000 0.000000 0.000000 0.000000 0.000000 0.000000 0.000000 0.000000 0.000000 0.000000 0.000000 0.000000 0.000000 0.000000 0.000000 0.000000 0.000000 0.000000 0.000000 0.000000 0.000000 0.000000 0.000000 0.000000 0.482391 0.732746 0.670531 0.662220 0.623610 0.567743 0.500871 0.420043 0.000000 0.581206 0.691117 0.728155 0.604405 0.588243 0.557359 0.625796 0.601787 0.583062 0.522597 0.453984 0.000000 0.000000 0.411818 0.432097 0.706373 0.873314 0.944118 1.206957 1.320055 1.345724 1.180028 0.957101 0.843305 0.738374 0.704490 0.574741 0.853155 0.855346 0.783659 1.027814 1.128386 1.118447 0.992114 0.851804 0.774288 0.921405 0.753891 0.647879 0.570615 0.596076 0.581057 0.540990 0.658069 0.646897 0.742841 0.708530 0.678817 0.631899 0.645379 0.931629 0.793990 1.049503 0.957372 0.853177 0.738744 0.651971 0.763526 0.730314 0.727166 0.651759 0.547964 0.457645 0.767626 0.992467 1.063822 1.000260 1.026396 0.874681 0.756863 0.834815 0.924856 0.765225 0.638137 0.789486 0.919478 1.086118 1.081975 1.131834 1.070576 0.742894 0.537823 0.781072 0.732702 0.704052 0.707104 0.683115 0.705990 0.274555 0.190664 0.662013 0.688464 0.718443 0.825337 0.846366 0.922247 0.854930 0.912645 0.832720 0.761780 0.622654 0.533271 0.352111 0.414569 0.487806 0.386474 0.000000 0.454501 0.771798 0.830893 0.736757 0.662736 0.571053 0.482162 0.384032 0.000000 0.000000 0.000000 0.000000 0.423327 0.485654 0.431366 0.520016 0.000000 0.000000 0.000000 0.000000 0.000000 0.497228 0.399451 0.469403 0.465713 0.543850 0.668137 0.656478 0.607958 0.556863 0.478854 0.000000 0.000000 0.414427 0.476547 0.681444 0.701091 0.698448 0.761790 0.737372 0.553058 0.000000 0.000000 0.590484 0.501764 0.000000 0.000000 0.480952 0.000000 0.000000 0.379947 0.424967 0.440730 0.422148 0.611551 0.523059 0.493997 0.639333 0.752606 0.846453 0.905840 0.917461 0.873157 0.765055 0.652781 0.609694 0.585889 0.830824 0.142324 0.102512 0.040347 0.198896 0.416792 0.456538 0.300446 0.289162 0.309295 0.512271 0.589080 0.610596 1.034164 0.952636 0.838004 0.743131 0.699059 0.946205 0.846323 0.780144 0.762041 0.727969 0.666876 0.633134 0.522950 0.463748 0.384652 0.000000 0.000000 0.000000 0.000000 0.000000 0.000000 0.440208
0.000000 0.000000 0.000000 0.000000 0.000000 0.000000 0.000000 0.000000 0.000000 0.000000 0.000000 0.000000 0.000000 0.000000 0.000000 0.000000 0.000000 0.000000 0.000000 0.000000 0.000000 0.000000 0.000000 0.000000 0.000000 0.000000 0.000000 0.000000 0.000000 0.000000 0.000000 0.000000 0.000000 0.000000 0.000000 0.000000 0.000000 0.000000 0.000000 0.000000 0.000000 0.000000 0.000000 0.000000 0.000000 0.000000 0.000000 0.000000 0.000000 0.000000 0.000000 0.000000 0.000000 0.000000 0.000000 0.000000 0.000000 0.000000 0.000000 0.000000 0.459482 0.000000 0.398606 0.587740 0.693882 0.623337 0.609310 0.560718 0.544097 0.408579 0.000000 0.469064 0.734751 0.541842 0.519920 0.485365 0.507800 0.564062 0.563323 0.496554 0.000000 0.000000 0.000000 0.000000 0.000000 0.000000 0.423521 0.589789 0.997670 1.230192 1.299133 1.278208 1.203769 1.078256 1.033331 0.785032 0.638517 0.541732 0.815083 0.712658 0.684466 0.729291 0.715055 0.745885 0.766733 0.758976 0.762333 0.675223 0.621411 0.559965 0.483748 0.561007 0.558248 0.501486 0.422623 0.000000 0.754017 0.454552 0.517340 0.642032 0.940023 0.769995 1.045471 0.959854 0.833924 0.693131 0.813507 0.769306 0.811580 0.760916 0.683495 0.600840 0.622684 0.865159 1.045682 1.161208 1.112442 1.004614 0.902386 0.786977 0.746691 0.874503 0.774627 0.633495 0.707784 0.970333 1.073152 0.919259 0.858937 0.853753 0.739416 0.971662 0.871569 0.824985 0.802257 0.803759 0.934313 0.913608 0.696679 0.641550 0.238883 0.703944 1.003894 0.941456 1.002725 1.040877 1.021755 0.973873 0.865551 0.838440 0.774797 0.650867 0.532734 0.430095 0.437073 0.445406 0.449746 0.436877 0.402860 0.815958 0.880204 0.781995 0.667686 0.551149 0.449144 0.000000 0.000000 0.000000 0.000000 0.000000 0.000000 0.757773 0.727473 0.436264 0.000000 0.000000 0.000000 0.000000 0.336588 1.307772 0.000000 0.425236 0.404277 0.844579 0.546815 0.539583 0.389719 0.401999 0.402812 0.000000 0.000000 0.556549 0.603107 0.540862 0.483741 0.625404 0.620938 0.622911 0.385257 0.389035 0.000000 0.000000 0.417607 0.452493 0.434625 0.000000 0.000000 0.000000 0.000000 0.462650 0.532031 0.667186 0.770218 0.741958 0.689847 0.846647 0.953465 0.987423 0.961038 0.805302 0.764675 0.599756 0.687659 0.886488 0.938984 0.431062 0.210293 0.221552 0.292522 0.238925 0.194232 0.774301 0.369793 0.081184 0.214055 0.426630 0.491844 0.773771 0.867120 0.802804 0.711383 0.719031 0.753287 0.678803 0.609606 0.656017 0.588342 0.563208 0.558890 0.511730 0.436182 0.000000 0.000000 0.000000 0.000000 0.000000 0.000000 0.000000 0.000000 0.000000
0.000000 0.000000 0.000000 0.000000 0.000000 0.000000 0.000000 0.000000 0.000000 0.000000 0.000000 0.000000 0.000000 0.000000 0.000000 0.000000 0.000000 0.000000 0.000000 0.000000 0.000000 0.000000 0.000000 0.000000 0.000000 0.000000 0.000000 0.000000 0.000000 0.000000 0.000000 0.000000 0.000000 0.000000 0.000000 0.000000 0.000000 0.000000 0.000000 0.000000 0.000000 0.000000 0.000000 0.000000 0.000000 0.000000 0.000000 0.000000 0.000000 0.000000 0.000000 0.000000 0.000000 0.000000 0.000000 0.000000 0.000000 0.000000 0.000000 0.000000 0.000000 0.745087 0.000000 0.000000 0.000000 0.499725 0.541792 0.513761 0.454777 0.373800 0.735194 1.201617 0.940831 0.420888 0.000000 0.000000 0.000000 0.000000 0.000000 0.000000 0.000000 0.000000 0.000000 0.000000 0.000000 0.000000 0.000000 0.587966 0.872278 1.023161 1.082415 1.104993 0.932893 0.870570 0.755408 0.667081 0.602473 0.564765 0.654191 0.558759 0.508035 0.569264 0.619459 0.573610 0.611205 0.425912 0.454879 0.594900 0.561722 0.428150 0.004000 0.431686 0.469468 0.458157 0.403480 0.231117 0.000000 0.000000 0.483004 0.686436 0.770525 0.906230 0.733858 0.684137 0.842652 0.828101 0.784361 0.865990 0.810903 0.716088 0.612494 0.514004 1.123811 1.136945 1.198967 1.204424 1.101596 1.005531 0.785040 0.591580 0.819589 0.784704 0.734185 0.735291 0.400585 0.726098 0.887867 0.910599 0.897757 1.202376 1.139562 0.957294 0.914335 0.892494 0.894052 0.915256 1.012474 0.913454 0.699230 0.660287 0.842978 1.017494 1.111544 1.047290 1.095688 1.045600 1.086321 1.007823 0.875774 0.784587 0.683849 0.604506 0.515879 0.494074 0.493285 0.480315 0.463691 0.436644 0.383031 0.738752 0.918389 0.781953 0.598134 0.442206 0.000000 0.000000 0.000000 0.000000 0.000000 0.000000 0.000000 0.004000 0.120151 0.000000 0.000000 0.000000 0.000000 0.000000 0.000000 0.000000 0.000000 0.000000 0.000000 0.000000 0.511408 0.605629 0.000000 0.000000 0.000000 0.000000 0.486952 0.650309 0.645000 0.576122 0.545225 0.499128 0.422559 0.518070 0.603142 0.630677 0.577581 0.397759 0.000000 0.000000 0.000000 0.000000 0.000000 0.000000 0.435740 0.571769 0.514588 0.726964 0.892135 0.867003 0.780131 0.831948 0.829076 0.790551 0.707854 0.760865 0.708243 0.833527 1.298909 1.185995 0.977935 0.742175 0.552899 0.673302 0.573366 0.529941 0.575658 0.254728 0.653338 0.244818 0.351109 0.823785 0.942587 0.907943 0.835985 0.732850 0.736268 0.683190 0.737287 0.763459 0.716525 0.643163 0.571822 0.512374 0.482133 0.000000 0.000000 0.000000 0.000000 0.000000 0.000000 0.000000 0.000000 0.000000 0.000000 0.000000
0.000000 0.000000 0.000000 0.000000 0.000000 0.000000 0.000000 0.000000 0.000000 0.000000 0.000000 0.000000 0.000000 0.000000 0.000000 0.000000 0.000000 0.000000 0.000000 0.000000 0.000000 0.000000 0.000000 0.000000 0.000000 0.000000 0.000000 0.000000 0.000000 0.000000 0.000000 0.000000 0.000000 0.000000 0.000000 0.000000 0.000000 0.000000 0.000000 0.000000 0.000000 0.000000 0.000000 0.000000 0.000000 0.000000 0.000000 0.000000 0.000000 0.000000 0.000000 0.000000 0.000000 0.000000 0.000000 0.000000 0.000000 0.000000 0.000000 0.000000 0.000000 0.000000 0.000000 0.000000 0.000000 0.399260 0.427931 0.423623 0.382534 0.000000 0.000000 0.000000 0.000000 0.000000 0.000000 0.000000 0.000000 0.000000 0.000000 0.000000 0.000000 0.000000 0.000000 0.000000 0.507314 0.000000 0.000000 0.000000 0.512973 0.742273 0.907140 0.699326 0.681658 0.584590 0.540583 0.427744 0.000000 0.000000 0.000000 0.000000 0.000000 0.000000 0.000000 0.495826 0.446966 0.411152 0.518170 0.622280 0.494296 0.000000 0.000000 0.000000 0.000000 0.000000 0.000000 0.000000 0.000000 0.000000 0.000000 0.466778 0.606297 0.711676 0.777864 0.825763 0.819372 0.778590 0.740370 0.713441 0.671803 0.579512 0.508515 0.782136 1.336618 1.278774 1.199573 1.013844 0.957182 0.931945 0.866895 0.692202 0.677581 0.683705 0.779988 0.503854 0.510532 0.897957 0.964319 0.999145 1.302788 1.273784 1.166419 1.019295 0.973366 0.971704 0.987208 0.994461 1.054079 0.731755 0.848382 0.886720 0.932252 1.037622 1.125178 1.053993 1.107920 1.042864 1.094489 0.898390 0.823452 0.727211 0.694596 0.647108 0.612898 0.545121 0.549815 0.510976 0.432873 0.000000 0.000000 0.494230 0.770091 0.675826 0.466999 0.000000 0.000000 0.000000 0.000000 0.000000 0.000000 0.000000 0.000000 0.000000 0.000000 0.000000 0.000000 0.000000 0.000000 0.000000 0.000000 0.000000 0.000000 0.000000 0.000000 0.000000 0.000000 0.400627 0.389354 0.000000 0.000000 0.497415 0.623961 0.737416 0.703033 0.638263 0.668954 0.621508 0.532026 0.514640 0.586501 0.606336 0.540431 0.000000 0.000000 0.000000 0.000000 0.000000 0.000000 0.444501 0.521798 0.572355 0.666379 0.808701 0.990979 0.911029 0.767977 0.612406 0.513347 0.595331 0.376386 0.824143 0.754893 0.761213 0.718050 0.918540 1.054686 1.045860 0.817364 0.578870 0.559405 0.614408 0.666610 0.670774 0.695442 0.571234 0.641764 0.908737 0.901267 0.890794 0.786682 0.703479 0.732065 0.754765 0.752174 0.692410 0.663947 0.560858 0.450646 0.398072 0.000000 0.000000 0.000000 0.000000 0.000000 0.000000 0.000000 0.000000 0.000000 0.000000 0.000000 0.000000
0.000000 0.000000 0.000000 0.000000 0.000000 0.000000 0.000000 0.000000 0.000000 0.000000 0.000000 0.000000 0.000000 0.000000 0.000000 0.000000 0.000000 0.000000 0.000000 0.000000 0.000000 0.000000 0.000000 0.000000 0.000000 0.000000 0.000000 0.000000 0.000000 0.000000 0.000000 0.000000 0.000000 0.000000 0.000000 0.000000 0.000000 0.000000 0.000000 0.000000 0.000000 0.000000 0.000000 0.000000 0.000000 0.000000 0.000000 0.000000 0.000000 0.000000 0.000000 0.000000 0.000000 0.000000 0.000000 0.000000 0.000000 0.000000 0.000000 0.000000 0.000000 0.000000 0.543868 0.000000 0.000000 0.000000 0.000000 0.000000 0.000000 0.000000 0.000000 0.000000 0.000000 0.000000 0.000000 0.000000 0.000000 0.000000 0.000000 0.000000 0.000000 0.000000 0.000000 0.000000 0.000000 0.000000 0.000000 0.000000 0.000000 0.465462 0.000000 0.478244 0.503333 0.522417 0.500625 0.446864 0.000000 0.000000 0.000000 0.000000 0.000000 0.000000 0.000000 0.000000 0.000000 0.000000 0.000000 0.000000 0.000000 0.000000 0.000000 0.000000 0.000000 0.000000 0.000000 0.000000 0.000000 0.000000 0.000000 0.000000 0.000000 0.451612 0.605642 0.639345 0.585730 0.492142 0.481806 0.436901 0.442395 0.423080 0.498607 0.952178 1.378497 1.230136 1.017681 0.955031 0.899413 0.771733 0.787515 0.792786 0.728835 0.694350 0.729363 0.678591 0.767802 1.011259 1.181179 1.454697 1.396805 1.256563 1.147544 1.023780 0.992089 1.023740 1.056659 1.036931 0.926732 0.933992 0.858003 0.894802 0.850378 0.938561 1.041878 1.137453 1.131820 1.051143 1.008954 0.868391 0.829694 0.818054 0.755909 0.756229 0.623037 0.441719 0.419452 0.416087 0.000000 0.000000 0.000000 0.000000 0.524117 0.492898 0.000000 0.000000 0.000000 0.000000 0.000000 0.000000 0.000000 0.000000 0.000000 0.000000 0.000000 0.000000 0.000000 0.000000 0.000000 0.000000 0.465089 0.416726 0.000000 0.000000 0.000000 0.456262 0.466650 0.438451 0.401605 0.000000 0.533571 0.621279 0.623777 0.741928 0.699474 0.658779 0.633014 0.604972 0.632161 0.561062 0.506587 0.505079 0.431114 0.000000 0.000000 0.000000 0.000000 0.000000 0.000000 0.404190 0.495183 0.551447 0.645912 0.745192 0.837017 0.791051 0.698469 0.583123 0.484294 0.000000 0.000000 0.588604 0.695832 0.713407 0.635445 0.609116 0.754269 0.655675 0.443951 0.591309 0.775838 0.582497 0.670439 0.620052 0.579039 0.620711 0.687578 0.740798 0.809572 0.725479 0.639249 0.625687 0.683229 0.708546 0.700669 0.681849 0.593572 0.427930 0.000000 0.000000 0.000000 0.000000 0.000000 0.000000 0.000000 0.000000 0.000000 0.000000 0.000000 0.000000 0.000000 0.000000
0.000000 0.000000 0.000000 0.000000 0.000000 0.000000 0.000000 0.000000 0.000000 0.000000 0.000000 0.000000 0.000000 0.000000 0.000000 0.000000 0.000000 0.000000 0.000000 0.000000 0.000000 0.000000 0.000000 0.000000 0.000000 0.000000 0.000000 0.000000 0.000000 0.000000 0.000000 0.000000 0.000000 0.000000 0.000000 0.000000 0.000000 0.000000 0.000000 0.000000 0.000000 0.000000 0.000000 0.000000 0.000000 0.000000 0.000000 0.000000 0.000000 0.000000 0.000000 0.000000 0.000000 0.000000 0.000000 0.000000 0.000000 0.000000 0.000000 0.000000 0.000000 0.000000 0.000000 0.000000 0.000000 0.000000 0.000000 0.000000 0.000000 0.000000 0.000000 0.000000 0.000000 0.000000 0.000000 0.000000 0.000000 0.000000 0.000000 0.000000 0.000000 0.000000 0.000000 0.000000 0.000000 0.000000 0.000000 0.000000 0.000000 0.000000 0.449474 0.518485 0.534589 0.523892 0.510481 0.471412 0.000000 0.000000 0.000000 0.000000 0.000000 0.000000 0.000000 0.000000 0.000000 0.000000 0.000000 0.000000 0.000000 0.000000 0.000000 0.000000 0.000000 0.000000 0.000000 0.000000 0.000000 0.000000 0.000000 0.000000 0.000000 0.424373 0.527010 0.588112 0.589769 0.557606 0.510713 0.463048 0.434170 0.410191 0.000000 0.902151 1.101673 0.806596 0.807092 0.810825 0.704219 0.933440 0.924536 0.805730 0.610612 0.832380 0.819404 0.897703 1.051420 1.426419 1.488096 1.414754 1.438754 1.321573 1.102151 0.970852 0.959830 1.019718 1.037959 1.000618 0.924450 0.894042 0.911227 0.857331 0.769436 0.835113 0.943347 1.085898 1.125107 1.156080 1.029978 1.091761 1.007944 0.922635 0.845952 0.657662 0.492343 0.000000 0.000000 0.000000 0.000000 0.000000 0.000000 0.000000 0.000000 0.000000 0.000000 0.000000 0.000000 0.000000 0.000000 0.000000 0.000000 0.000000 0.000000 0.000000 0.000000 0.000000 0.000000 0.000000 0.000000 0.000000 0.428210 0.378792 0.000000 0.000000 0.000000 0.545919 0.528637 0.453068 0.000000 0.478173 0.516784 0.594870 0.524007 0.652222 0.612990 0.595610 0.548408 0.634241 0.712184 0.677635 0.547961 0.000000 0.000000 0.000000 0.000000 0.383217 0.000000 0.000000 0.000000 0.000000 0.380105 0.446016 0.524369 0.598520 0.633797 0.593028 0.557383 0.508711 0.399379 0.000000 0.000000 0.000000 0.481902 0.581088 0.467308 0.539186 0.591899 0.556020 0.561922 0.432623 0.417972 0.512744 0.535538 0.528054 0.000000 0.000000 0.478683 0.592978 0.612021 0.602997 0.619119 0.628851 0.665080 0.740471 0.684646 0.664272 0.597195 0.441795 0.000000 0.000000 0.000000 0.000000 0.000000 0.000000 0.000000 0.000000 0.000000 0.000000 0.000000 0.000000 0.000000 0.000000
0.000000 0.000000 0.000000 0.000000 0.000000 0.000000 0.000000 0.000000 0.000000 0.000000 0.000000 0.000000 0.000000 0.000000 0.000000 0.000000 0.000000 0.000000 0.000000 0.000000 0.000000 0.000000 0.000000 0.000000 0.000000 0.000000 0.000000 0.000000 0.000000 0.000000 0.000000 0.000000 0.000000 0.000000 0.000000 0.000000 0.000000 0.000000 0.000000 0.000000 0.000000 0.000000 0.000000 0.000000 0.000000 0.000000 0.000000 0.000000 0.000000 0.000000 0.000000 0.000000 0.000000 0.000000 0.000000 0.000000 0.000000 0.000000 0.000000 0.000000 0.000000 0.000000 0.000000 0.000000 0.000000 0.000000 0.000000 0.000000 0.000000 0.000000 0.000000 0.000000 0.000000 0.000000 0.000000 0.000000 0.000000 0.000000 0.000000 0.000000 0.000000 0.000000 0.000000 0.000000 0.000000 0.000000 0.000000 0.000000 0.000000 0.000000 0.529840 0.561735 0.567103 0.558942 0.539152 0.431133 0.000000 0.000000 0.000000 0.000000 0.000000 0.000000 0.000000 0.372390 0.000000 0.000000 0.000000 0.000000 0.000000 0.000000 0.000000 0.000000 0.000000 0.000000 0.000000 0.000000 0.000000 0.000000 0.000000 0.000000 0.000000 0.445947 0.559475 0.568878 0.571032 0.470352 0.457318 0.451535 0.438342 0.418129 0.000000 0.459152 0.537964 0.677810 0.621256 0.542753 0.516905 0.700342 0.699713 0.594642 0.561866 0.662464 0.643783 0.640247 0.751193 1.178800 1.253232 1.238768 1.221361 1.074536 0.943857 0.832075 0.842885 0.905204 0.894900 0.822665 0.744871 0.815583 0.776940 0.752603 0.664897 0.759372 0.857994 0.979132 1.029446 0.980452 0.952066 0.954297 0.846709 0.781396 0.654385 0.466193 0.000000 0.000000 0.000000 0.000000 0.000000 0.000000 0.000000 0.000000 0.000000 0.000000 0.000000 0.000000 0.000000 0.000000 0.000000 0.000000 0.000000 0.000000 0.000000 0.000000 0.000000 0.000000 0.000000 0.000000 0.000000 0.000000 0.000000 0.000000 0.000000 0.000000 0.397072 0.514743 0.496629 0.408519 0.000000 0.488032 0.510953 0.475733 0.420761 0.453945 0.475308 0.459362 0.408123 0.599697 0.683509 0.661510 0.544806 0.000000 0.000000 0.000000 0.000000 0.000000 0.000000 0.000000 0.000000 0.000000 0.000000 0.000000 0.388095 0.425833 0.414748 0.428202 0.451446 0.445318 0.421379 0.414514 0.400666 0.000000 0.000000 0.490607 0.464990 0.447169 0.457674 0.457986 0.441515 0.000000 0.000000 0.000000 0.000000 0.000000 0.000000 0.000000 0.000000 0.537077 0.580632 0.599386 0.593572 0.606847 0.620360 0.745987 0.637870 0.621961 0.533472 0.455251 0.000000 0.000000 0.000000 0.000000 0.000000 0.000000 0.000000 0.000000 0.000000 0.000000 0.000000 0.000000 0.000000 0.000000
0.000000 0.000000 0.000000 0.000000 0.000000 0.000000 0.000000 0.000000 0.000000 0.000000 0.000000 0.000000 0.000000 0.000000 0.000000 0.000000 0.000000 0.000000 0.000000 0.000000 0.000000 0.000000 0.000000 0.000000 0.000000 0.000000 0.000000 0.000000 0.000000 0.000000 0.000000 0.000000 0.000000 0.000000 0.000000 0.000000 0.000000 0.000000 0.000000 0.000000 0.000000 0.000000 0.000000 0.000000 0.000000 0.000000 0.000000 0.000000 0.000000 0.000000 0.000000 0.000000 0.000000 0.000000 0.000000 0.000000 0.000000 0.000000 0.000000 0.000000 0.000000 0.000000 0.000000 0.000000 0.000000 0.000000 0.000000 0.000000 0.000000 0.000000 0.000000 0.000000 0.000000 0.000000 0.000000 0.000000 0.000000 0.000000 0.000000 0.000000 0.000000 0.000000 0.000000 0.000000 0.000000 0.000000 0.000000 0.000000 0.000000 0.000000 0.000000 0.000000 0.000000 0.000000 0.000000 0.000000 0.000000 0.000000 0.000000 0.000000 0.000000 0.000000 0.000000 0.000000 0.000000 0.000000 0.000000 0.000000 0.000000 0.000000 0.000000 0.000000 0.000000 0.000000 0.000000 0.000000 0.000000 0.000000 0.000000 0.000000 0.000000 0.000000 0.000000 0.000000 0.000000 0.000000 0.000000 0.000000 0.000000 0.000000 0.000000 0.000000 0.000000 0.000000 0.000000 0.000000 0.000000 0.441059 0.448976 0.406356 0.483678 0.604719 0.643647 0.570392 0.573976 0.927969 0.939645 0.944043 0.906576 0.816910 0.683104 0.638069 0.680705 0.735665 0.710967 0.612832 0.650048 0.552859 0.539520 0.519521 0.461884 0.595978 0.708539 0.770870 0.768940 0.730774 0.778203 0.903010 0.919367 0.758643 0.476928 0.000000 0.000000 0.000000 0.000000 0.000000 0.000000 0.000000 0.000000 0.000000 0.000000 0.000000 0.000000 0.000000 0.000000 0.000000 0.000000 0.000000 0.000000 0.000000 0.000000 0.000000 0.000000 0.000000 0.000000 0.000000 0.000000 0.000000 0.000000 0.000000 0.000000 0.000000 0.000000 0.410024 0.391507 0.000000 0.000000 0.404544 0.424851 0.000000 0.000000 0.000000 0.000000 0.000000 0.000000 0.517678 0.583849 0.565581 0.458247 0.000000 0.000000 0.000000 0.000000 0.000000 0.000000 0.000000 0.000000 0.000000 0.000000 0.000000 0.000000 0.000000 0.000000 0.000000 0.000000 0.000000 0.000000 0.000000 0.000000 0.000000 0.000000 0.000000 0.000000 0.000000 0.000000 0.000000 0.000000 0.000000 0.000000 0.922870 0.000000 0.432671 0.441153 0.426930 0.000000 0.413634 0.433470 0.444603 0.460250 0.480005 0.526879 0.550388 0.555829 0.547601 0.519923 0.451136 0.000000 0.000000 0.000000 0.000000 0.000000 0.000000 0.000000 0.000000 0.000000 0.000000 0.000000 0.000000 0.000000 0.000000
0.000000 0.000000 0.000000 0.000000 0.000000 0.000000 0.000000 0.000000 0.000000 0.000000 0.000000 0.000000 0.000000 0.000000 0.000000 0.000000 0.000000 0.000000 0.000000 0.000000 0.000000 0.000000 0.000000 0.000000 0.000000 0.000000 0.000000 0.000000 0.000000 0.000000 0.000000 0.000000 0.000000 0.000000 0.000000 0.000000 0.000000 0.000000 0.000000 0.000000 0.000000 0.000000 0.000000 0.000000 0.000000 0.000000 0.000000 0.000000 0.000000 0.000000 0.000000 0.000000 0.000000 0.000000 0.000000 0.000000 0.000000 0.000000 0.000000 0.000000 0.000000 0.000000 0.000000 0.000000 0.000000 0.000000 0.000000 0.000000 0.000000 0.000000 0.000000 0.000000 0.000000 0.000000 0.000000 0.000000 0.000000 0.000000 0.000000 0.000000 0.000000 0.000000 0.000000 0.000000 0.000000 0.000000 0.000000 0.000000 0.000000 0.000000 0.000000 0.000000 0.000000 0.000000 0.000000 0.000000 0.000000 0.000000 0.000000 0.000000 0.000000 0.000000 0.000000 0.000000 0.000000 0.000000 0.000000 0.000000 0.000000 0.000000 0.000000 0.000000 0.000000 0.000000 0.000000 0.000000 0.000000 0.000000 0.000000 0.000000 0.000000 0.000000 0.000000 0.000000 0.000000 0.000000 0.000000 0.000000 0.000000 0.000000 0.000000 0.000000 0.000000 0.000000 0.000000 0.000000 0.000000 0.000000 0.000000 0.409221 0.568947 0.603240 0.723271 0.756043 0.444603 0.750333 0.686922 0.630980 0.572932 0.638841 0.000000 0.501760 0.563424 0.637737 0.626431 0.561609 0.000000 0.000000 0.000000 0.000000 0.000000 0.000000 0.466679 0.516102 0.471581 0.000000 0.536618 0.747654 0.785935 0.629110 0.000000 0.000000 0.000000 0.000000 0.000000 0.000000 0.000000 0.000000 0.000000 0.000000 0.000000 0.000000 0.000000 0.000000 0.000000 0.000000 0.000000 0.000000 0.000000 0.000000 0.000000 0.000000 0.000000 0.000000 0.000000 0.000000 0.000000 0.000000 0.000000 0.000000 0.000000 0.000000 0.000000 0.000000 0.000000 0.000000 0.000000 0.000000 0.000000 0.000000 0.000000 0.000000 0.000000 0.000000 0.000000 0.414964 0.444412 0.416222 0.000000 0.000000 0.000000 0.000000 0.000000 0.000000 0.000000 0.000000 0.000000 0.000000 0.000000 0.000000 0.000000 0.000000 0.000000 0.000000 0.000000 0.000000 0.000000 0.000000 0.000000 0.000000 0.000000 0.000000 0.000000 0.000000 0.000000 0.000000 0.000000 0.000000 0.000000 0.000000 0.480495 0.507497 0.474817 0.456612 0.000000 0.000000 0.513361 0.521793 0.426445 0.450707 0.503909 0.516297 0.518227 0.512356 0.495358 0.424932 0.000000 0.000000 0.000000 0.000000 0.000000 0.000000 0.000000 0.000000 0.000000 0.000000 0.000000 0.000000 0.000000 0.000000
0.000000 0.000000 0.000000 0.000000 0.000000 0.000000 0.000000 0.000000 0.000000 0.000000 0.000000 0.000000 0.000000 0.000000 0.000000 0.000000 0.000000 0.000000 0.000000 0.000000 0.000000 0.000000 0.000000 0.000000 0.000000 0.000000 0.000000 0.000000 0.000000 0.000000 0.000000 0.000000 0.000000 0.000000 0.000000 0.000000 0.000000 0.000000 0.000000 0.000000 0.000000 0.000000 0.000000 0.000000 0.000000 0.000000 0.000000 0.000000 0.000000 0.000000 0.000000 0.000000 0.000000 0.000000 0.000000 0.000000 0.000000 0.000000 0.000000 0.000000 0.000000 0.000000 0.000000 0.000000 0.000000 0.000000 0.000000 0.000000 0.000000 0.000000 0.000000 0.000000 0.000000 0.000000 0.000000 0.000000 0.000000 0.000000 0.000000 0.000000 0.000000 0.000000 0.000000 0.000000 0.000000 0.000000 0.000000 0.000000 0.000000 0.000000 0.000000 0.000000 0.000000 0.000000 0.000000 0.000000 0.000000 0.000000 0.000000 0.000000 0.000000 0.000000 0.000000 0.000000 0.000000 0.000000 0.000000 0.000000 0.000000 0.000000 0.000000 0.000000 0.000000 0.000000 0.000000 0.000000 0.000000 0.000000 0.000000 0.000000 0.000000 0.000000 0.000000 0.000000 0.000000 0.000000 0.000000 0.000000 0.000000 0.000000 0.000000 0.000000 0.000000 0.000000 0.000000 0.000000 0.000000 0.000000 0.000000 0.000000 0.527775 0.537068 0.540437 0.531093 0.436440 0.000000 0.000000 0.000000 0.000000 0.000000 0.000000 0.000000 0.471372 0.421303 0.382697 0.498855 0.524924 0.533418 0.516340 0.492459 0.000000 0.000000 0.000000 0.000000 0.000000 0.000000 0.000000 0.000000 0.000000 0.000000 0.000000 0.000000 0.000000 0.000000 0.000000 0.000000 0.000000 0.000000 0.000000 0.000000 0.000000 0.000000 0.000000 0.000000 0.000000 0.000000 0.000000 0.000000 0.000000 0.000000 0.000000 0.000000 0.000000 0.000000 0.000000 0.000000 0.401342 0.405648 0.401224 0.000000 0.000000 0.000000 0.000000 0.000000 0.000000 0.000000 0.000000 0.000000 0.000000 0.379073 0.621583 0.667587 0.681030 0.666996 0.620533 0.375070 0.000000 0.000000 0.000000 0.000000 0.000000 0.000000 0.000000 0.000000 0.000000 0.000000 0.000000 0.000000 0.000000 0.000000 0.000000 0.000000 0.000000 0.000000 0.000000 0.000000 0.000000 0.000000 0.000000 0.000000 0.000000 0.000000 0.000000 0.000000 0.000000 0.000000 0.000000 0.000000 0.000000 0.000000 0.430937 0.461285 0.467346 0.462461 0.488440 0.580351 0.681035 0.716397 0.697071 0.622688 0.598193 0.623426 0.632705 0.626774 0.610282 0.487206 0.408866 0.000000 0.000000 0.000000 0.000000 0.000000 0.000000 0.000000 0.000000 0.000000 0.000000 0.000000 0.000000 0.000000
