0.000000 0.000000 0.000000 0.000000 0.000000 0.000000 0.000000 0.000000 0.000000 0.000000 0.000000 0.000000 0.000000 0.000000 0.000000 0.000000 0.000000 0.000000 0.000000 0.000000 0.000000 0.000000 0.000000 0.000000 0.000000 0.000000 0.000000 0.000000 0.000000 0.000000 0.000000 0.000000 0.000000 0.000000 0.000000 0.000000 0.000000 0.000000 0.000000 0.000000 0.000000 0.000000 0.000000 0.000000 0.000000 0.000000 0.000000 0.000000 0.000000 0.000000 0.000000 0.000000 0.000000 0.000000 0.000000 0.000000 0.000000 0.000000 0.000000 0.000000 0.000000 0.000000 0.000000 0.000000 0.000000 0.000000 0.000000 0.000000 0.000000 0.000000 0.000000 0.000000 0.000000 0.000000 0.000000 0.000000 0.000000 0.000000 0.000000 0.000000 0.000000 0.000000 0.000000 0.000000 0.000000 0.000000 0.000000 0.000000 0.000000 0.000000 0.000000 0.000000 0.000000 0.000000 0.000000 0.000000 0.000000 0.000000 0.000000 0.000000 0.000000 0.000000 0.411361 0.444127 0.490779 0.689814 0.714812 0.703145 0.663355 0.694143 0.607489 0.610558 0.622748 0.621943 0.683048 0.819767 0.853910 0.866562 0.865557 0.871345 0.950076 0.808342 0.815817 0.815439 0.807932 0.858397 1.069832 0.893063 0.888130 0.523156 0.590171 0.615222 0.593393 0.899828 0.567653 0.422655 0.314287 0.324216 0.332395 0.418691 0.806977 0.832562 0.842469 0.840309 0.824072 0.774616 0.781056 0.984510 0.975384 0.958145 0.941927 0.960951 0.976308 0.979968 0.978533 1.002215 1.032652 1.047775 1.046761 1.030035 1.088614 1.104776 1.126600 1.126077 1.102266 0.993153 0.929134 0.861210 0.734311 0.706401 0.907358 0.920105 0.930052 0.912116 0.863930 0.719313 0.765015 0.776496 0.762321 0.777677 0.518905 0.492716 0.495385 0.485763 0.467625 0.000000 0.000000 0.000000 0.000000 0.000000 0.000000 0.000000 0.000000 0.000000 0.000000 0.296768 0.356998 0.349299 0.004000 0.004000 0.000000 0.000000 0.000000 0.000000 0.000000 0.000000 0.000000 0.000000 0.000000 0.000000 0.000000 0.000000 0.403832 0.403873 0.000000 0.000000 0.418750 0.424987 0.424735 0.417896 0.000000 0.000000 0.000000 0.000000 0.000000 0.000000 0.000000 0.000000 0.000000 0.000000 0.000000 0.000000 0.000000 0.000000 0.000000 0.000000 0.000000 0.000000 0.000000 0.000000 0.000000 0.000000 0.000000 0.000000 0.000000 0.000000 0.000000 0.000000 0.000000 0.000000 0.000000 0.000000 0.000000 0.000000 0.000000 0.000000 0.000000 0.000000 0.000000 0.000000 0.000000 0.000000 0.000000 0.000000 0.000000 0.000000 0.000000 0.000000 0.000000 0.000000 0.000000 0.000000 0.000000 0.000000 0.000000 0.000000 0.000000 0.000000 0.000000 0.000000
0.000000 0.000000 0.000000 0.000000 0.000000 0.000000 0.000000 0.000000 0.000000 0.000000 0.000000 0.000000 0.000000 0.000000 0.000000 0.000000 0.000000 0.000000 0.000000 0.000000 0.000000 0.000000 0.000000 0.000000 0.000000 0.000000 0.000000 0.000000 0.000000 0.000000 0.000000 0.000000 0.000000 0.000000 0.000000 0.000000 0.000000 0.000000 0.000000 0.000000 0.000000 0.000000 0.000000 0.000000 0.000000 0.000000 0.000000 0.000000 0.000000 0.000000 0.000000 0.000000 0.000000 0.000000 0.000000 0.000000 0.000000 0.000000 0.000000 0.000000 0.000000 0.000000 0.000000 0.000000 0.000000 0.000000 0.000000 0.000000 0.000000 0.000000 0.000000 0.000000 0.000000 0.000000 0.000000 0.000000 0.000000 0.000000 0.000000 0.000000 0.000000 0.000000 0.000000 0.000000 0.000000 0.000000 0.000000 0.000000 0.000000 0.000000 0.000000 0.000000 0.000000 0.000000 0.000000 0.000000 0.000000 0.000000 0.000000 0.000000 0.000000 0.000000 0.395093 0.398333 0.406282 0.438921 0.461053 0.472884 0.476268 0.556679 0.598842 0.634646 0.652496 0.621397 0.661014 0.746048 0.781044 0.795192 0.798847 0.809377 0.715615 0.757314 0.776366 0.781411 0.778233 0.810641 0.863209 0.883790 0.891254 0.563815 0.561091 0.925732 0.937670 0.937619 0.930134 0.521609 0.430675 0.405042 0.407073 0.443611 0.796569 0.831027 0.850641 0.855910 0.853650 0.821759 0.993380 1.012401 1.018473 1.018707 0.980697 0.996397 1.016907 1.026322 1.032259 1.010390 1.055870 1.075495 1.083950 1.077622 1.013566 1.046043 1.162941 1.165120 1.153573 1.052056 0.948321 0.857038 0.729807 0.683566 0.691037 0.692880 0.682996 0.664692 0.610155 0.603306 0.643555 0.625730 0.668322 0.629613 0.594855 0.562359 0.565548 0.561684 0.548385 0.492113 0.466248 0.467487 0.445614 0.000000 0.000000 0.000000 0.000000 0.000000 0.000000 0.000000 0.000000 0.000000 0.000000 0.000000 0.000000 0.000000 0.000000 0.000000 0.000000 0.000000 0.000000 0.000000 0.000000 0.000000 0.000000 0.415569 0.424883 0.427757 0.426695 0.419387 0.441115 0.451047 0.452057 0.448310 0.420463 0.402332 0.408428 0.409490 0.406847 0.000000 0.000000 0.000000 0.000000 0.000000 0.000000 0.000000 0.000000 0.000000 0.000000 0.000000 0.000000 0.000000 0.000000 0.000000 0.000000 0.000000 0.000000 0.000000 0.000000 0.000000 0.000000 0.000000 0.000000 0.000000 0.000000 0.000000 0.000000 0.000000 0.000000 0.000000 0.000000 0.000000 0.000000 0.000000 0.000000 0.000000 0.000000 0.000000 0.000000 0.000000 0.000000 0.000000 0.000000 0.000000 0.000000 0.000000 0.000000 0.000000 0.000000 0.000000 0.000000 0.000000 0.000000 0.000000
0.000000 0.000000 0.000000 0.000000 0.000000 0.000000 0.000000 0.000000 0.000000 0.000000 0.000000 0.000000 0.000000 0.000000 0.000000 0.000000 0.000000 0.000000 0.000000 0.000000 0.000000 0.000000 0.000000 0.000000 0.000000 0.000000 0.000000 0.000000 0.000000 0.000000 0.000000 0.000000 0.000000 0.000000 0.000000 0.000000 0.000000 0.000000 0.000000 0.000000 0.000000 0.000000 0.000000 0.000000 0.000000 0.000000 0.000000 0.000000 0.000000 0.000000 0.000000 0.000000 0.000000 0.000000 0.000000 0.000000 0.000000 0.000000 0.000000 0.000000 0.000000 0.000000 0.000000 0.000000 0.000000 0.000000 0.000000 0.000000 0.000000 0.000000 0.000000 0.000000 0.000000 0.000000 0.000000 0.000000 0.000000 0.000000 0.000000 0.000000 0.000000 0.000000 0.000000 0.000000 0.000000 0.000000 0.000000 0.000000 0.000000 0.000000 0.000000 0.000000 0.000000 0.000000 0.000000 0.000000 0.000000 0.000000 0.000000 0.000000 0.000000 0.000000 0.000000 0.378221 0.389655 0.418087 0.446650 0.466828 0.481816 0.492432 0.588698 0.625788 0.655892 0.663104 0.643904 0.709813 0.756791 0.775571 0.780548 0.782477 0.668361 0.713081 0.737098 0.748298 0.751102 0.804180 0.860577 0.895930 0.908467 0.911560 0.611806 0.659938 0.680777 0.686686 0.977579 0.917681 0.862529 0.853693 0.843355 0.832388 0.803839 0.826187 0.854294 0.862247 0.863174 0.829858 0.996422 1.028641 1.040995 1.048890 1.018536 1.036451 1.067077 1.085297 1.090278 1.064710 1.071832 1.096080 1.111981 1.100871 1.037037 1.048930 1.075972 1.169339 1.155451 1.062673 0.951903 0.850750 0.733491 0.727561 0.720948 0.672759 0.672757 0.657715 0.696570 0.678967 0.688599 0.698141 0.696684 0.694249 0.623809 0.590746 0.588502 0.586060 0.569627 0.516468 0.466662 0.465227 0.452988 0.435327 0.000000 0.000000 0.000000 0.000000 0.000000 0.000000 0.000000 0.000000 0.000000 0.000000 0.000000 0.000000 0.000000 0.000000 0.000000 0.000000 0.000000 0.000000 0.000000 0.000000 0.000000 0.000000 0.396496 0.398959 0.399776 0.394606 0.415907 0.425508 0.426787 0.424348 0.405966 0.394902 0.403744 0.405457 0.403491 0.000000 0.000000 0.000000 0.000000 0.000000 0.000000 0.000000 0.000000 0.000000 0.000000 0.000000 0.000000 0.000000 0.000000 0.000000 0.000000 0.000000 0.000000 0.000000 0.000000 0.000000 0.000000 0.000000 0.000000 0.000000 0.000000 0.000000 0.000000 0.000000 0.000000 0.000000 0.000000 0.000000 0.000000 0.000000 0.000000 0.000000 0.000000 0.000000 0.000000 0.000000 0.000000 0.000000 0.000000 0.000000 0.000000 0.000000 0.000000 0.000000 0.000000 0.000000 0.000000 0.000000 0.000000 0.000000
0.000000 0.000000 0.000000 0.000000 0.000000 0.000000 0.000000 0.000000 0.000000 0.000000 0.000000 0.000000 0.000000 0.000000 0.000000 0.000000 0.000000 0.000000 0.000000 0.000000 0.000000 0.000000 0.000000 0.000000 0.000000 0.000000 0.000000 0.000000 0.000000 0.000000 0.000000 0.000000 0.000000 0.000000 0.000000 0.000000 0.000000 0.000000 0.000000 0.000000 0.000000 0.000000 0.000000 0.000000 0.000000 0.000000 0.000000 0.000000 0.000000 0.000000 0.000000 0.000000 0.000000 0.000000 0.000000 0.000000 0.000000 0.000000 0.000000 0.000000 0.000000 0.000000 0.000000 0.000000 0.000000 0.000000 0.000000 0.000000 0.000000 0.000000 0.000000 0.000000 0.000000 0.000000 0.000000 0.000000 0.000000 0.000000 0.000000 0.000000 0.000000 0.000000 0.000000 0.000000 0.000000 0.000000 0.000000 0.000000 0.000000 0.000000 0.000000 0.000000 0.000000 0.000000 0.000000 0.000000 0.000000 0.000000 0.000000 0.424625 0.441728 0.449161 0.457585 0.472724 0.488080 0.507858 0.522618 0.526913 0.529173 0.532239 0.558292 0.614881 0.654915 0.671443 0.675539 0.673039 0.710231 0.737125 0.744355 0.745584 0.805520 0.855113 0.890758 0.917295 0.935040 0.976371 1.035630 1.089715 1.128538 1.142731 0.947344 0.978571 0.749077 0.744120 1.000364 0.948542 0.583513 0.546534 0.520206 0.502657 0.447453 0.453472 0.495489 0.519953 0.531592 0.833680 0.810535 0.840195 0.863994 1.071738 1.067894 1.077155 1.118696 1.137969 1.139640 1.111817 0.904876 0.920824 0.928811 0.931458 1.053580 1.032331 1.054318 1.041241 1.110343 1.046661 0.874655 0.783832 0.720900 0.718715 0.725651 0.725952 0.719929 0.706362 0.700667 0.750630 0.753856 0.753190 0.747525 0.749730 0.716131 0.680550 0.659043 0.654983 0.649508 0.604538 0.577559 0.594688 0.594922 0.568195 0.414329 0.000000 0.000000 0.000000 0.000000 0.000000 0.000000 0.000000 0.000000 0.000000 0.000000 0.000000 0.000000 0.000000 0.000000 0.000000 0.000000 0.000000 0.000000 0.000000 0.000000 0.000000 0.000000 0.000000 0.000000 0.000000 0.000000 0.000000 0.000000 0.000000 0.000000 0.000000 0.000000 0.000000 0.000000 0.000000 0.432621 0.452037 0.454442 0.455389 0.000000 0.000000 0.000000 0.000000 0.000000 0.000000 0.000000 0.000000 0.000000 0.000000 0.000000 0.000000 0.000000 0.000000 0.000000 0.000000 0.000000 0.000000 0.000000 0.000000 0.000000 0.000000 0.000000 0.000000 0.000000 0.000000 0.000000 0.000000 0.000000 0.000000 0.000000 0.000000 0.000000 0.000000 0.000000 0.000000 0.000000 0.000000 0.000000 0.000000 0.000000 0.000000 0.000000 0.000000 0.000000 0.000000 0.000000 0.000000 0.000000 0.000000
0.000000 0.000000 0.000000 0.000000 0.000000 0.000000 0.000000 0.000000 0.000000 0.000000 0.000000 0.000000 0.000000 0.000000 0.000000 0.000000 0.000000 0.000000 0.000000 0.000000 0.000000 0.000000 0.000000 0.000000 0.000000 0.000000 0.000000 0.000000 0.000000 0.000000 0.000000 0.000000 0.000000 0.000000 0.000000 0.000000 0.000000 0.000000 0.000000 0.000000 0.000000 0.000000 0.000000 0.000000 0.000000 0.000000 0.000000 0.000000 0.000000 0.000000 0.000000 0.000000 0.000000 0.000000 0.000000 0.000000 0.000000 0.000000 0.000000 0.000000 0.000000 0.000000 0.000000 0.000000 0.000000 0.000000 0.000000 0.000000 0.000000 0.000000 0.000000 0.000000 0.000000 0.000000 0.000000 0.000000 0.000000 0.000000 0.000000 0.000000 0.418581 0.461804 0.492947 0.510119 0.517251 0.517005 0.509932 0.494795 0.469405 0.444381 0.413286 0.000000 0.000000 0.000000 0.000000 0.392241 0.480195 0.541176 0.605980 0.663369 0.695949 0.721041 0.741403 0.742941 0.750090 0.751676 0.750755 0.746544 0.737129 0.716623 0.690798 0.652988 0.656879 0.684324 0.709042 0.714344 0.732119 0.763785 0.725478 0.746147 0.799679 0.828162 0.863494 0.910358 0.950709 0.987680 1.075881 1.169437 1.226663 1.247881 1.228784 1.183506 0.987522 1.010164 1.011776 0.974151 0.915712 0.866563 0.512761 0.486051 0.428163 0.397345 0.459977 0.494893 0.504566 0.493334 0.778664 0.800440 0.836442 0.869208 0.875880 0.879869 0.908331 0.947272 0.964393 0.948722 0.916670 0.922284 0.954120 0.944090 0.877510 0.835688 1.019742 1.010881 0.990440 0.929243 0.850088 0.769943 0.755081 0.761143 0.755346 0.740258 0.729764 0.747257 0.764632 0.616491 0.611177 0.805699 0.791948 0.775207 0.762058 0.749476 0.684012 0.668891 0.697715 0.623058 0.593965 0.588417 0.570366 0.603265 0.550727 0.445891 0.000000 0.000000 0.000000 0.000000 0.000000 0.000000 0.000000 0.000000 0.000000 0.000000 0.418082 0.420725 0.409905 0.000000 0.000000 0.000000 0.000000 0.000000 0.000000 0.000000 0.000000 0.000000 0.000000 0.000000 0.000000 0.000000 0.000000 0.000000 0.000000 0.000000 0.000000 0.000000 0.000000 0.000000 0.000000 0.000000 0.000000 0.000000 0.400009 0.390034 0.000000 0.000000 0.000000 0.000000 0.000000 0.000000 0.000000 0.000000 0.000000 0.000000 0.000000 0.000000 0.000000 0.000000 0.000000 0.000000 0.000000 0.000000 0.000000 0.000000 0.000000 0.000000 0.000000 0.000000 0.000000 0.000000 0.000000 0.000000 0.000000 0.000000 0.000000 0.399155 0.524701 0.540877 0.495716 0.512312 0.508903 0.488465 0.471871 0.494943 0.515223 0.536272 0.569362 0.626384 0.625406 0.546872 0.000000 0.000000
0.000000 0.000000 0.000000 0.000000 0.000000 0.000000 0.000000 0.000000 0.000000 0.000000 0.000000 0.000000 0.000000 0.000000 0.000000 0.000000 0.000000 0.000000 0.000000 0.000000 0.000000 0.000000 0.000000 0.000000 0.000000 0.000000 0.000000 0.000000 0.000000 0.000000 0.000000 0.000000 0.000000 0.000000 0.000000 0.000000 0.000000 0.000000 0.000000 0.000000 0.000000 0.000000 0.000000 0.000000 0.000000 0.000000 0.000000 0.000000 0.000000 0.000000 0.000000 0.000000 0.000000 0.000000 0.000000 0.000000 0.000000 0.000000 0.000000 0.000000 0.000000 0.000000 0.000000 0.000000 0.000000 0.000000 0.000000 0.000000 0.000000 0.000000 0.000000 0.000000 0.000000 0.000000 0.000000 0.000000 0.000000 0.442351 0.000000 0.421640 0.469569 0.506068 0.524768 0.534848 0.535736 0.529767 0.518000 0.505587 0.486995 0.493354 0.439545 0.412882 0.000000 0.000000 0.000000 0.000000 0.426039 0.504522 0.586714 0.665084 0.720040 0.757692 0.797983 0.846158 0.890590 0.923410 0.937253 0.937102 0.931806 0.930748 0.933748 0.935608 0.935488 0.942937 0.977036 1.000659 1.023081 1.033896 1.043181 1.047128 0.966287 0.973099 0.983155 0.994807 1.005078 1.029906 1.089141 1.183544 1.245255 1.294101 1.320750 1.335417 1.361941 1.387537 1.155374 1.085268 1.031005 1.005188 0.957177 0.915966 0.586138 0.552949 0.568280 0.509942 0.434733 0.430431 0.429369 0.424945 0.429984 0.427423 0.444232 0.468910 0.518965 0.579905 0.624169 0.628735 0.934357 0.934804 0.995449 0.995090 0.912120 0.799764 0.957978 0.475937 0.394617 0.298704 0.197661 0.154785 0.217217 0.659696 0.673302 0.690061 0.725069 0.756310 0.956387 0.968270 0.787214 0.770299 0.908512 0.885876 0.702460 0.671422 0.643078 0.623482 0.603765 0.585999 0.712229 0.690577 0.688070 0.797298 0.654806 0.631903 0.629327 0.569651 0.422216 0.474355 0.475413 0.453495 0.446238 0.467168 0.509583 0.550702 0.564425 0.566427 0.562008 0.544583 0.515302 0.480137 0.437985 0.000000 0.000000 0.000000 0.000000 0.000000 0.000000 0.000000 0.000000 0.000000 0.000000 0.000000 0.000000 0.000000 0.000000 0.000000 0.000000 0.000000 0.000000 0.000000 0.000000 0.000000 0.406406 0.385852 0.000000 0.000000 0.000000 0.000000 0.000000 0.000000 0.000000 0.000000 0.000000 0.000000 0.000000 0.497218 0.419887 0.424967 0.433714 0.456318 0.475882 0.467167 0.444449 0.423210 0.417756 0.458540 0.543752 0.563621 0.572218 0.533669 0.552172 0.559322 0.564016 0.566371 0.581738 0.553841 0.602566 0.629024 0.631374 0.624147 0.596807 0.570293 0.542360 0.511470 0.451321 0.515715 0.605001 0.691054 0.684095 0.583372 0.438279 0.000000
0.000000 0.000000 0.000000 0.000000 0.000000 0.000000 0.000000 0.000000 0.000000 0.000000 0.000000 0.000000 0.000000 0.000000 0.000000 0.000000 0.000000 0.000000 0.000000 0.000000 0.000000 0.000000 0.000000 0.000000 0.000000 0.000000 0.000000 0.000000 0.000000 0.000000 0.000000 0.000000 0.000000 0.000000 0.000000 0.000000 0.000000 0.000000 0.000000 0.000000 0.000000 0.000000 0.000000 0.000000 0.000000 0.000000 0.000000 0.000000 0.000000 0.000000 0.000000 0.000000 0.000000 0.000000 0.000000 0.000000 0.000000 0.000000 0.000000 0.000000 0.000000 0.000000 0.000000 0.000000 0.000000 0.000000 0.000000 0.000000 0.000000 0.000000 0.000000 0.000000 0.000000 0.000000 0.000000 0.000000 0.450101 0.000000 0.849482 0.821014 0.642844 0.653091 0.629654 0.710577 0.768219 0.797521 0.806153 0.797416 0.778292 0.743836 0.676244 0.614668 0.561618 0.520500 0.511329 0.500379 0.484563 0.548221 0.590830 0.627029 0.633700 0.677158 0.719313 0.772958 0.823082 0.853598 0.880903 0.885277 0.883510 0.895998 0.922785 0.960314 1.009717 1.039469 1.068834 1.095895 1.116034 1.133383 1.148302 1.170273 1.185898 1.161754 1.084481 1.081989 1.085460 1.090085 1.106813 1.169629 1.217888 1.260988 1.310064 1.367407 1.438246 1.483768 1.483123 1.192880 1.399572 1.367807 1.312374 1.256673 1.027439 1.032730 0.776426 0.670151 0.560102 0.391404 0.399069 0.445952 0.480005 0.460762 0.424757 0.448246 0.497892 0.572279 0.662282 0.704241 0.992905 0.994896 0.992192 0.981751 0.926502 0.850956 0.790733 0.375928 0.326507 0.252138 0.188626 0.219709 0.264878 0.275919 0.322186 0.401705 0.471168 0.527613 0.898102 0.894674 0.884698 0.864357 0.811139 0.784771 0.764253 0.744712 0.724879 0.698600 0.716087 0.671818 0.622725 0.604717 0.593582 0.608392 0.613847 0.619398 0.615613 0.717851 0.662897 0.646824 0.623468 0.668368 0.662018 0.627872 0.610774 0.652363 0.680765 0.691213 0.693299 0.688767 0.678748 0.659253 0.630340 0.602440 0.568932 0.538189 0.510837 0.496847 0.471124 0.442895 0.000000 0.000000 0.000000 0.000000 0.429758 0.443692 0.443836 0.443936 0.448094 0.464319 0.494047 0.521777 0.551791 0.569982 0.591581 0.620587 0.648216 0.667305 0.672213 0.667260 0.655533 0.635497 0.613283 0.579844 0.602959 0.605004 0.607047 0.624515 0.633237 0.591111 0.604575 0.633209 0.649984 0.618161 0.566523 0.604494 0.636822 0.657628 0.661932 0.661361 0.680744 0.689909 0.693016 0.693642 0.706061 0.702573 0.694238 0.662741 0.672009 0.681637 0.716502 0.710930 0.667120 0.621499 0.570069 0.466268 0.512130 0.516290 0.606435 0.652128 0.621823 0.523276 0.000000 0.000000
0.000000 0.000000 0.000000 0.000000 0.000000 0.000000 0.000000 0.000000 0.000000 0.000000 0.000000 0.000000 0.000000 0.000000 0.000000 0.000000 0.000000 0.000000 0.000000 0.000000 0.000000 0.000000 0.000000 0.000000 0.000000 0.000000 0.000000 0.000000 0.000000 0.000000 0.000000 0.000000 0.000000 0.000000 0.000000 0.000000 0.000000 0.000000 0.000000 0.000000 0.000000 0.000000 0.000000 0.000000 0.000000 0.000000 0.000000 0.000000 0.000000 0.000000 0.000000 0.000000 0.000000 0.000000 0.000000 0.000000 0.000000 0.000000 0.000000 0.000000 0.000000 0.000000 0.000000 0.000000 0.000000 0.000000 0.000000 0.000000 0.000000 0.000000 0.000000 0.000000 0.366802 0.000000 0.454461 0.547187 0.471433 0.668355 0.781053 0.713528 0.756719 0.818750 0.856109 0.891502 0.907025 0.898589 0.889728 0.872783 0.849595 0.841315 0.810215 0.766821 0.730404 0.693921 0.720778 0.733983 0.743698 0.740057 0.727387 0.705541 0.682560 0.650790 0.610849 0.540130 0.587400 0.627262 0.660417 0.677707 0.696907 0.737535 0.791633 0.858891 0.927867 0.974240 1.007131 1.027255 1.045790 1.088290 1.127890 1.153531 1.181243 1.200906 1.208825 1.182811 1.104014 1.095047 1.101565 1.126549 0.951069 1.194653 1.238385 1.085017 1.128378 1.442753 1.492990 1.511705 1.502099 1.478558 1.446921 1.376116 1.312454 1.277994 1.283163 1.067601 0.622902 0.491064 0.423350 0.467316 0.469972 0.490056 0.505291 0.536707 0.571336 0.550905 0.571315 0.611338 0.625151 0.666812 0.704254 0.673079 0.531412 0.410845 0.392056 0.447176 0.479103 0.449790 0.392770 0.251880 0.158959 0.250026 0.319115 0.373355 0.411143 0.445479 0.489029 0.487008 0.500549 0.410988 0.399335 0.380842 0.347351 0.322059 0.317918 0.291153 0.286389 0.316574 0.344701 0.365520 0.338414 0.333188 0.732804 0.685479 0.670687 0.646858 0.769841 0.723342 0.697072 0.745696 0.769272 0.763611 0.837178 0.751997 0.747094 0.732232 0.729829 0.732504 0.725613 0.712361 0.698959 0.685632 0.670557 0.652382 0.613219 0.567044 0.542349 0.531301 0.511203 0.497087 0.541308 0.573660 0.589407 0.606811 0.608965 0.599151 0.616609 0.634387 0.658378 0.682442 0.704428 0.732182 0.744351 0.752939 0.759709 0.759168 0.750110 0.736033 0.712955 0.689337 0.664028 0.640575 0.623018 0.616390 0.611281 0.597709 0.617301 0.641405 0.651201 0.646139 0.617300 0.621167 0.651048 0.716279 0.733827 0.719950 0.684394 0.646693 0.644207 0.655948 0.678527 0.702366 0.726001 0.727311 0.677647 0.692424 0.763718 0.743011 0.755996 0.742236 0.714377 0.683005 0.636049 0.585135 0.484260 0.463817 0.472412 0.476327 0.454243 0.000000 0.000000 0.000000
0.000000 0.000000 0.000000 0.000000 0.000000 0.000000 0.000000 0.000000 0.000000 0.000000 0.000000 0.000000 0.000000 0.000000 0.000000 0.000000 0.000000 0.000000 0.000000 0.000000 0.000000 0.000000 0.000000 0.000000 0.000000 0.000000 0.000000 0.000000 0.000000 0.000000 0.000000 0.000000 0.000000 0.000000 0.000000 0.000000 0.000000 0.000000 0.000000 0.000000 0.000000 0.000000 0.000000 0.000000 0.000000 0.000000 0.000000 0.000000 0.000000 0.000000 0.000000 0.000000 0.000000 0.000000 0.000000 0.000000 0.000000 0.000000 0.000000 0.000000 0.000000 0.000000 0.000000 0.000000 0.000000 0.000000 0.000000 0.000000 0.000000 0.000000 0.406449 0.423307 0.447533 0.455991 0.473784 0.493799 0.515568 0.524060 0.536240 0.570315 0.650781 0.709201 0.777323 0.772338 0.782590 0.789293 0.791079 0.789087 0.787640 0.781957 0.769106 0.749708 0.737088 0.790788 0.835312 0.864511 0.882463 0.888296 0.879600 0.867777 0.847305 0.821248 0.787299 0.742530 0.697480 0.653145 0.606560 0.563006 0.537410 0.528479 0.607035 0.681844 0.742594 0.782136 0.844731 0.946781 1.037634 1.106716 1.137996 1.150164 1.158684 1.167381 1.186081 1.204745 1.104686 1.144420 0.891676 1.049885 1.065772 1.114200 1.159151 1.225137 1.290929 1.370234 1.430324 1.483212 1.507196 1.515330 1.494235 1.430529 1.350873 1.080517 1.051718 1.046006 0.664972 0.569943 0.489874 0.469221 0.512748 0.568158 0.636646 0.746657 0.853860 0.886862 0.764838 0.648266 0.626655 0.581952 0.552171 0.544906 0.492055 0.429793 0.293524 0.297733 0.385809 0.460758 0.473246 0.438569 0.366402 0.357145 0.368415 0.417783 0.455949 0.479746 0.512054 0.520639 0.521346 0.414152 0.348575 0.353486 0.290796 0.287178 0.294285 0.339644 0.384564 0.444845 0.462136 0.471175 0.464130 0.446864 0.422047 0.376824 0.340709 0.679038 0.812573 0.844648 0.809005 0.776231 0.745677 0.787286 0.851235 0.885183 0.852607 0.777668 0.766806 0.762855 0.777104 0.766719 0.725991 0.682465 0.663895 0.648373 0.642852 0.677642 0.679348 0.678857 0.685530 0.692514 0.701577 0.713105 0.699171 0.699643 0.782566 0.873105 0.933043 0.947950 0.947059 0.965420 0.986715 0.999584 0.982233 0.944820 0.904474 0.833729 0.774037 0.738046 0.693641 0.668681 0.671650 0.683225 0.682102 0.678564 0.668242 0.645306 0.617357 0.633599 0.626953 0.622752 0.627215 0.592193 0.627429 0.657485 0.662803 0.630441 0.575675 0.514389 0.533164 0.454511 0.511865 0.605893 0.654357 0.707419 0.757529 0.776344 0.755552 0.717785 0.679237 0.658001 0.643081 0.621717 0.597126 0.518191 0.512282 0.501777 0.483007 0.457688 0.000000 0.000000 0.000000 0.000000
0.000000 0.000000 0.000000 0.000000 0.000000 0.000000 0.000000 0.000000 0.000000 0.000000 0.000000 0.000000 0.000000 0.000000 0.000000 0.000000 0.000000 0.000000 0.000000 0.000000 0.000000 0.000000 0.000000 0.000000 0.000000 0.000000 0.000000 0.000000 0.000000 0.000000 0.000000 0.000000 0.000000 0.000000 0.000000 0.000000 0.000000 0.000000 0.000000 0.000000 0.000000 0.000000 0.000000 0.000000 0.000000 0.000000 0.000000 0.000000 0.000000 0.000000 0.000000 0.000000 0.000000 0.000000 0.000000 0.000000 0.000000 0.000000 0.000000 0.000000 0.000000 0.000000 0.000000 0.000000 0.000000 0.000000 0.000000 0.000000 0.000000 0.000000 0.390828 0.430396 0.495948 0.591200 0.651879 0.669437 0.658710 0.678060 0.691733 0.677456 0.643573 0.614810 0.596286 0.599510 0.612209 0.623823 0.628721 0.662479 0.679457 0.690336 0.702605 0.706611 0.699582 0.727817 0.792171 0.863965 0.909161 0.938089 0.951914 0.958060 0.961398 0.958674 0.950115 0.949845 0.937325 0.919999 0.891851 0.882855 0.818206 0.752365 0.704279 0.680261 0.658952 0.624953 0.702698 0.830618 0.938180 1.031050 1.112395 1.186990 1.268364 1.341334 1.341897 1.362729 1.353263 1.212466 1.154663 1.123993 1.123858 1.156473 1.177328 1.203079 1.238299 1.303374 1.355414 1.408445 1.458399 1.509013 1.521149 1.484616 1.161417 1.059662 1.017913 1.019066 0.626675 0.575032 0.567126 0.575062 0.555330 0.584250 0.697230 0.850991 0.983043 0.988927 0.884324 0.687695 0.474302 0.396308 0.391175 0.448610 0.479300 0.436619 0.368405 0.315991 0.330190 0.337208 0.350510 0.368634 0.403122 0.446651 0.489807 0.539546 0.596138 0.681893 0.734169 0.760095 0.766044 0.700480 0.576907 0.498458 0.454722 0.482242 0.520401 0.548717 0.579461 0.653741 0.606912 0.576696 0.530358 0.487153 0.433598 0.381878 0.331986 0.296610 0.336018 0.827213 0.798483 0.832126 0.794989 0.761046 0.831974 0.894174 0.909929 0.901892 0.887586 0.848565 0.806904 0.786586 0.780517 0.756184 0.716940 0.666989 0.658446 0.738207 0.806761 0.851060 0.883020 0.908576 0.920398 0.940608 0.995694 1.074398 1.154667 1.242294 1.297683 1.337329 1.312846 1.276250 1.249133 1.237181 1.221423 1.182677 1.143693 1.139519 1.095013 1.019645 0.930151 0.826160 0.749957 0.716093 0.690682 0.665651 0.632788 0.604486 0.569611 0.538992 0.502260 0.463202 0.530130 0.549909 0.519091 0.561375 0.578669 0.565976 0.522228 0.462468 0.000000 0.460218 0.527080 0.591462 0.679799 0.758933 0.834658 0.865533 0.848252 0.798287 0.734201 0.676778 0.639750 0.613862 0.594233 0.527113 0.511609 0.493969 0.469490 0.448828 0.000000 0.000000 0.000000 0.000000
0.000000 0.000000 0.000000 0.000000 0.000000 0.000000 0.000000 0.000000 0.000000 0.000000 0.000000 0.000000 0.000000 0.000000 0.000000 0.000000 0.000000 0.000000 0.000000 0.000000 0.000000 0.000000 0.000000 0.000000 0.000000 0.000000 0.000000 0.000000 0.000000 0.000000 0.000000 0.000000 0.000000 0.000000 0.000000 0.000000 0.000000 0.000000 0.000000 0.000000 0.000000 0.000000 0.000000 0.000000 0.000000 0.000000 0.000000 0.000000 0.000000 0.000000 0.000000 0.000000 0.000000 0.000000 0.000000 0.000000 0.000000 0.000000 0.000000 0.000000 0.000000 0.000000 0.000000 0.000000 0.000000 0.000000 0.000000 0.000000 0.000000 0.000000 0.000000 0.000000 0.475288 0.518745 0.582940 0.607786 0.598459 0.673605 0.652586 0.684180 0.694578 0.696745 0.703984 0.717041 0.735504 0.740233 0.742793 0.745409 0.762712 0.797262 0.831169 0.850061 0.858266 0.860579 0.850365 0.888920 0.934719 0.972973 1.006632 1.040691 1.055857 1.077872 1.088093 1.100860 1.106657 1.104462 1.101841 1.092144 1.095954 1.045032 1.010908 0.977634 0.981534 0.992599 0.981504 0.944522 0.890598 0.852738 0.946595 1.068774 1.176430 1.223815 1.301467 1.375370 1.470112 1.502205 1.371672 1.314800 1.279616 1.243762 1.231849 1.257519 1.290680 1.319538 1.334926 1.352854 1.367842 1.454575 1.450919 1.466172 1.231024 1.115860 1.023115 1.002498 0.628682 0.581217 0.588878 0.629114 0.681540 0.645413 0.702404 0.819512 0.913876 0.897817 0.845338 0.745278 0.696412 0.636511 0.596302 0.537662 0.493450 0.467540 0.485660 0.459102 0.430477 0.400407 0.370702 0.283688 0.225428 0.260672 0.319880 0.429221 0.564356 0.677533 0.769051 0.882400 0.953281 0.974766 0.874614 0.783390 0.734354 0.725867 0.736258 0.720370 0.669517 0.651206 0.679368 0.649797 0.592036 0.535391 0.487541 0.452774 0.416368 0.385460 0.364527 0.664209 0.791720 0.835468 0.812296 0.786134 0.792780 0.851145 0.886703 0.927942 0.964855 0.966819 0.925635 0.828393 0.782031 0.787458 0.753805 0.717983 0.699212 0.701238 0.744967 0.774496 0.811812 0.860201 0.888652 0.910788 0.894832 0.920974 0.969540 1.029495 1.092717 1.138505 1.156194 1.160578 1.153045 1.140878 1.122461 1.093691 1.057920 1.057521 1.040068 1.005023 0.953058 0.874796 0.799756 0.738175 0.688013 0.644957 0.551104 0.510246 0.476092 0.444893 0.000000 0.000000 0.000000 0.000000 0.000000 0.000000 0.414376 0.415051 0.000000 0.000000 0.442178 0.492157 0.544076 0.597196 0.634667 0.689273 0.753535 0.798872 0.800153 0.764341 0.721760 0.689283 0.663039 0.641334 0.615283 0.598345 0.584816 0.570630 0.553622 0.534888 0.405050 0.000000 0.000000 0.000000
0.000000 0.000000 0.000000 0.000000 0.000000 0.000000 0.000000 0.000000 0.000000 0.000000 0.000000 0.000000 0.000000 0.000000 0.000000 0.000000 0.000000 0.000000 0.000000 0.000000 0.000000 0.000000 0.000000 0.000000 0.000000 0.000000 0.000000 0.000000 0.000000 0.000000 0.000000 0.000000 0.000000 0.000000 0.000000 0.000000 0.000000 0.000000 0.000000 0.000000 0.000000 0.000000 0.000000 0.000000 0.000000 0.000000 0.000000 0.000000 0.000000 0.000000 0.000000 0.000000 0.000000 0.000000 0.000000 0.000000 0.000000 0.000000 0.000000 0.000000 0.000000 0.000000 0.000000 0.000000 0.000000 0.000000 0.000000 0.000000 0.000000 0.000000 0.000000 0.000000 0.000000 0.000000 0.509406 0.447641 0.447488 0.430334 0.515200 0.618126 0.651472 0.686376 0.726219 0.765678 0.804002 0.825653 0.845096 0.927543 0.901375 0.958080 0.995412 1.027828 1.017961 1.006446 0.994081 0.983311 0.979988 0.995427 1.043984 1.084875 1.107565 1.139528 1.151005 1.162247 1.178509 1.203654 1.223114 1.233598 1.233949 1.226738 1.214419 1.239418 1.226931 1.216188 1.185204 1.139410 1.080566 1.004130 0.932098 0.885184 0.991435 1.073430 1.123202 1.217995 1.350318 1.509986 1.634600 1.650808 1.493673 1.412839 1.375851 1.371817 1.387447 1.416920 1.432328 1.425766 1.380682 1.434697 1.413522 1.410753 1.420004 1.378898 1.113938 1.097724 1.307957 1.320640 1.352206 1.196459 1.219446 1.236668 0.886677 0.880308 0.918726 0.861996 0.815697 0.773567 0.700644 0.642977 0.619240 0.607435 0.544847 0.467801 0.322882 0.260157 0.256019 0.201940 0.179732 0.186984 0.216946 0.199001 0.144606 0.169172 0.313174 0.473490 0.647600 0.756510 0.845299 0.928230 0.956872 0.970438 0.960357 0.956543 0.948733 0.896290 0.833442 0.688534 0.595658 0.582195 0.596527 0.591029 0.562345 0.527689 0.480316 0.435317 0.405913 0.363080 0.649797 0.745893 0.714639 0.716185 0.776284 0.788304 0.840260 0.896804 0.945002 1.008137 1.087808 1.075406 0.979619 0.875058 0.726286 0.659909 0.633537 0.670447 0.669433 0.664361 0.724273 0.785016 0.827888 0.866662 0.821857 0.886272 0.921836 0.950706 0.987035 1.022502 1.052123 1.072394 1.086058 1.079642 1.057770 1.033431 0.998830 0.967238 0.939518 0.912328 0.883542 0.832973 0.773102 0.714184 0.659858 0.610755 0.566199 0.523898 0.000000 0.000000 0.000000 0.000000 0.000000 0.000000 0.000000 0.000000 0.000000 0.000000 0.000000 0.398001 0.520244 0.466124 0.489859 0.507259 0.517994 0.534131 0.563401 0.604570 0.668119 0.699236 0.695047 0.696906 0.683851 0.657010 0.619893 0.592243 0.566462 0.542877 0.512428 0.478457 0.000000 0.000000 0.000000 0.000000
0.000000 0.000000 0.000000 0.000000 0.000000 0.000000 0.000000 0.000000 0.000000 0.000000 0.000000 0.000000 0.000000 0.000000 0.000000 0.000000 0.000000 0.000000 0.000000 0.000000 0.000000 0.000000 0.000000 0.000000 0.000000 0.000000 0.000000 0.000000 0.000000 0.000000 0.000000 0.000000 0.000000 0.000000 0.000000 0.000000 0.000000 0.000000 0.000000 0.000000 0.000000 0.000000 0.000000 0.000000 0.000000 0.000000 0.000000 0.000000 0.000000 0.000000 0.000000 0.000000 0.000000 0.000000 0.000000 0.000000 0.000000 0.000000 0.000000 0.000000 0.000000 0.000000 0.000000 0.000000 0.000000 0.000000 0.000000 0.000000 0.000000 0.000000 0.000000 0.000000 0.000000 0.000000 0.000000 0.000000 0.000000 0.000000 0.000000 0.504977 0.529826 0.595300 0.658803 0.722917 0.778573 0.835136 0.888041 0.933505 0.979808 1.013784 1.008952 0.991268 0.965900 0.956638 0.973932 1.003694 1.031546 1.059621 1.073205 1.102536 1.119638 1.132111 1.148301 1.158712 1.167282 1.181605 1.210012 1.231226 1.242099 1.248368 1.248744 1.242132 1.228202 1.205148 1.200699 1.144065 1.142944 1.140546 1.125265 1.128933 1.125666 1.125520 1.118785 1.059114 1.095384 1.242046 1.403750 1.567776 1.665593 1.665360 1.620060 1.584367 1.586969 1.619538 1.549925 1.547771 1.521156 1.532102 1.527129 1.449690 1.368411 1.348122 1.098326 1.088678 1.143757 1.224839 1.272821 1.303834 1.312006 1.322191 1.330582 1.002973 0.924935 0.919227 0.869517 0.826217 0.769390 0.709368 0.726710 0.760923 0.757065 0.689492 0.637917 0.598781 0.588342 0.607936 0.607974 0.519219 0.443059 0.420746 0.389606 0.391660 0.471155 0.509226 0.495243 0.559268 0.677034 0.752007 0.795686 0.861013 0.914733 0.912170 0.867066 0.938370 0.687813 0.527170 0.524004 0.528596 0.530825 0.533537 0.542843 0.542473 0.528146 0.498702 0.464897 0.429953 0.399188 0.367725 0.659831 0.613648 0.764166 0.770640 0.804126 0.835185 0.806762 0.856559 0.944712 1.011064 1.023261 1.082127 1.033549 0.969481 0.864136 0.687767 0.566541 0.614301 0.620382 0.651484 0.684758 0.747269 0.809297 0.848491 0.891159 0.894928 0.891036 0.984674 1.012355 1.043339 1.066440 1.082309 0.987720 1.065020 1.029346 0.981665 0.928690 0.875419 0.824602 0.779330 0.733865 0.684179 0.639193 0.595445 0.551869 0.437407 0.000000 0.000000 0.000000 0.000000 0.000000 0.000000 0.000000 0.000000 0.000000 0.392466 0.000000 0.000000 0.458509 0.683855 0.506877 0.479017 0.000000 0.000000 0.422707 0.472610 0.543197 0.608715 0.649367 0.653775 0.628343 0.596730 0.559642 0.525471 0.494508 0.457131 0.416321 0.462968 0.445375 0.000000 0.000000 0.000000
0.000000 0.000000 0.000000 0.000000 0.000000 0.000000 0.000000 0.000000 0.000000 0.000000 0.000000 0.000000 0.000000 0.000000 0.000000 0.000000 0.000000 0.000000 0.000000 0.000000 0.000000 0.000000 0.000000 0.000000 0.000000 0.000000 0.000000 0.000000 0.000000 0.000000 0.000000 0.000000 0.000000 0.000000 0.000000 0.000000 0.000000 0.000000 0.000000 0.000000 0.000000 0.000000 0.000000 0.000000 0.000000 0.000000 0.000000 0.000000 0.000000 0.000000 0.000000 0.000000 0.000000 0.000000 0.000000 0.000000 0.000000 0.000000 0.000000 0.000000 0.000000 0.000000 0.000000 0.000000 0.000000 0.000000 0.000000 0.000000 0.000000 0.000000 0.000000 0.000000 0.000000 0.000000 0.000000 0.000000 0.000000 0.000000 0.000000 0.000000 0.000000 0.437962 0.506879 0.573777 0.648026 0.714909 0.771074 0.821558 0.852613 0.869476 0.843648 0.822839 0.772871 0.773274 0.838614 0.815942 0.850518 0.885974 0.928927 0.977853 1.116939 1.165682 1.098759 1.101403 1.090299 1.083292 1.090557 1.099113 1.115194 1.144143 1.156088 1.155394 1.147365 1.145121 1.261057 1.272751 1.290523 1.300138 1.293368 1.281306 1.263389 1.244782 1.222075 1.187014 1.143669 1.081524 1.048588 1.189698 1.324255 1.459879 1.530183 1.569448 1.573391 1.572615 1.591379 1.637954 1.580352 1.623588 1.641808 1.565022 1.353069 1.247838 1.028386 1.014735 1.014178 1.050871 1.147156 1.233636 1.264500 1.280782 1.309898 1.331724 1.346828 1.011114 0.952281 0.954445 0.880268 0.837749 0.872886 0.839676 0.867431 0.906133 0.948003 0.947596 0.875536 0.802924 0.771192 0.768545 0.724536 0.661357 0.595558 0.509234 0.470373 0.480835 0.578176 0.637321 0.656270 0.665998 0.687272 0.716064 0.780401 0.798655 0.624066 0.784724 0.461527 0.394023 0.505972 0.580997 0.661361 0.676872 0.698983 0.681898 0.631742 0.604482 0.604267 0.601712 0.590493 0.578804 0.554613 0.524266 0.508100 0.959810 0.932980 0.895508 0.885121 0.881666 0.712760 0.735030 0.772439 0.817320 0.859621 0.895432 0.909385 0.905529 0.980013 0.906636 0.745494 0.752727 0.814078 0.784647 0.800527 0.820970 0.937620 0.961287 0.894983 1.008562 1.029384 1.036629 1.033476 1.050063 1.072335 1.084168 1.068982 1.026785 0.988207 0.939042 0.901054 0.857387 0.816830 0.770080 0.725961 0.627927 0.588340 0.543165 0.494739 0.445699 0.434102 0.484460 0.000000 0.000000 0.000000 0.000000 0.401948 0.407705 0.419598 0.571379 0.662858 0.739663 0.761314 0.743557 0.669006 0.576460 0.530085 0.516570 0.515453 0.583362 0.598587 0.586003 0.550305 0.408953 0.000000 0.000000 0.000000 0.000000 0.509756 0.603149 0.579333 0.484940 0.000000 0.000000
0.000000 0.000000 0.000000 0.000000 0.000000 0.000000 0.000000 0.000000 0.000000 0.000000 0.000000 0.000000 0.000000 0.000000 0.000000 0.000000 0.000000 0.000000 0.000000 0.000000 0.000000 0.000000 0.000000 0.000000 0.000000 0.000000 0.000000 0.000000 0.000000 0.000000 0.000000 0.000000 0.000000 0.000000 0.000000 0.000000 0.000000 0.000000 0.000000 0.000000 0.000000 0.000000 0.000000 0.000000 0.000000 0.000000 0.000000 0.000000 0.000000 0.000000 0.000000 0.000000 0.000000 0.000000 0.000000 0.000000 0.000000 0.000000 0.000000 0.000000 0.000000 0.000000 0.000000 0.000000 0.000000 0.000000 0.000000 0.000000 0.000000 0.000000 0.000000 0.000000 0.000000 0.000000 0.000000 0.000000 0.000000 0.000000 0.000000 0.000000 0.000000 0.421400 0.000000 0.000000 0.443212 0.511411 0.563046 0.597997 0.611689 0.588331 0.536361 0.484973 0.539195 0.597035 0.670882 0.744679 0.799144 0.837228 0.873248 0.912026 0.950112 0.991845 1.039381 1.082629 1.099718 1.114973 1.133851 1.150970 1.163758 1.184860 1.202087 1.215357 1.231996 1.324700 1.377954 1.387361 1.402708 1.407183 1.416122 1.408197 1.380377 1.334634 1.283593 1.250750 1.207380 1.148806 1.067533 1.018877 0.985585 1.068371 1.187523 1.294270 1.310224 1.401045 1.431165 1.433367 1.557915 1.640389 1.691494 1.720249 1.538276 1.357663 0.992098 1.147846 0.970185 0.956167 0.945558 0.994673 1.047490 1.082176 1.106550 1.144237 1.162272 0.898047 0.895565 0.888291 0.895196 0.925723 0.976370 0.945153 0.918200 0.882445 0.838898 0.864759 0.890868 0.889436 0.886288 0.899954 0.907202 0.860753 0.779360 0.707049 0.640011 0.522613 0.485748 0.527460 0.609681 0.725249 0.763251 0.780071 0.849008 0.808231 0.506888 0.534945 0.464416 0.488340 0.560010 0.586459 0.660461 0.737343 0.858938 0.909149 0.895922 0.897705 0.869111 0.777798 0.692655 0.680865 0.681493 0.662000 0.647527 0.638947 0.944969 0.553756 0.497951 0.466127 0.770172 0.732090 0.348032 0.362479 0.408185 0.464684 0.539035 0.629849 0.953726 1.003779 1.137218 1.064178 1.023752 1.100759 1.153037 1.172623 1.012652 0.957420 0.932569 0.931986 0.937037 0.934891 1.030288 1.042004 1.065102 1.064767 1.064269 1.058788 1.052973 1.042124 1.013168 0.967301 0.926610 0.877356 0.834601 0.775365 0.735584 0.687220 0.682289 0.676664 0.685014 0.688113 0.677012 0.645242 0.562764 0.525953 0.569775 0.585695 0.593221 0.594746 0.578114 0.612956 0.633671 0.642350 0.610821 0.615073 0.616446 0.590954 0.655179 0.726290 0.757062 0.745487 0.713526 0.672602 0.613637 0.597523 0.584933 0.632185 0.577588 0.639772 0.614322 0.434638 0.000000 0.000000
0.000000 0.000000 0.000000 0.000000 0.000000 0.000000 0.000000 0.000000 0.000000 0.000000 0.000000 0.000000 0.000000 0.000000 0.000000 0.000000 0.000000 0.000000 0.000000 0.000000 0.000000 0.000000 0.000000 0.000000 0.000000 0.000000 0.000000 0.000000 0.000000 0.000000 0.000000 0.000000 0.000000 0.000000 0.000000 0.000000 0.000000 0.000000 0.000000 0.000000 0.000000 0.000000 0.000000 0.000000 0.000000 0.000000 0.000000 0.000000 0.000000 0.000000 0.000000 0.000000 0.000000 0.000000 0.000000 0.000000 0.000000 0.000000 0.000000 0.000000 0.000000 0.000000 0.000000 0.000000 0.000000 0.000000 0.000000 0.000000 0.000000 0.000000 0.000000 0.000000 0.000000 0.000000 0.000000 0.454276 0.548809 0.000000 0.000000 0.000000 0.000000 0.000000 0.000000 0.000000 0.000000 0.000000 0.000000 0.000000 0.000000 0.000000 0.000000 0.000000 0.469791 0.568838 0.643419 0.700185 0.779027 0.811526 0.759125 0.763777 0.777868 0.803599 0.845995 0.900716 0.961918 1.020962 1.041276 1.056972 1.067831 1.081860 1.096156 1.222198 1.259931 1.294257 1.300293 1.295487 1.309384 1.378461 1.402514 1.413283 1.404050 1.375113 1.335824 1.291322 1.253883 1.201805 1.136305 1.071896 1.016217 0.947823 0.888487 0.923691 1.042003 1.184575 1.313723 1.415585 1.476282 1.505668 1.536232 1.592235 1.537808 1.412081 1.207728 1.126719 0.948339 0.917860 0.916034 0.600563 0.937183 0.954855 0.998972 0.664954 0.703083 0.738963 0.758984 0.813960 0.868447 0.924295 0.954432 0.955370 0.968095 0.967194 0.880062 0.830995 0.843503 0.875105 0.926886 0.933711 0.931517 0.903233 0.864707 0.818598 0.797226 0.778760 0.733956 0.614223 0.534255 0.547447 0.634662 0.722416 0.861665 1.005262 0.953073 0.801767 0.743910 0.674042 0.581767 0.502338 0.496187 0.545940 0.664440 0.792850 0.913277 1.014039 1.052351 1.033019 0.980191 0.883842 0.763530 0.677847 0.659291 0.652517 0.641579 0.587744 0.542165 0.524967 0.525222 0.503870 0.493911 0.797560 0.753180 0.711794 0.386794 0.453021 0.815750 0.908725 0.986178 1.184739 1.204573 1.238248 1.366358 1.358814 1.314079 1.247263 1.180588 1.012708 0.965973 0.942854 0.906978 0.890735 0.988608 1.016174 1.058694 1.096811 1.112834 1.011128 0.966215 1.007905 0.973825 0.936048 0.924383 0.892158 0.848004 0.810691 0.771878 0.764996 0.771454 0.769896 0.777625 0.786888 0.775939 0.767987 0.698569 0.689002 0.710499 0.663610 0.615854 0.581727 0.558656 0.527780 0.400795 0.445731 0.510919 0.647847 0.729545 0.806565 0.855955 0.865682 0.857209 0.830403 0.801888 0.772729 0.747806 0.728747 0.774604 0.696118 0.619641 0.498510 0.000000 0.000000
0.000000 0.000000 0.000000 0.000000 0.000000 0.000000 0.000000 0.000000 0.000000 0.000000 0.000000 0.000000 0.000000 0.000000 0.000000 0.000000 0.000000 0.000000 0.000000 0.000000 0.000000 0.000000 0.000000 0.000000 0.000000 0.000000 0.000000 0.000000 0.000000 0.000000 0.000000 0.000000 0.000000 0.000000 0.000000 0.000000 0.000000 0.000000 0.000000 0.000000 0.000000 0.000000 0.000000 0.000000 0.000000 0.000000 0.000000 0.000000 0.000000 0.000000 0.000000 0.000000 0.000000 0.000000 0.000000 0.000000 0.000000 0.000000 0.000000 0.000000 0.000000 0.000000 0.000000 0.000000 0.000000 0.000000 0.000000 0.000000 0.000000 0.000000 0.000000 0.000000 0.000000 0.000000 0.000000 0.000000 0.414062 0.000000 0.000000 0.000000 0.451884 0.000000 0.000000 0.000000 0.401837 0.450554 0.484179 0.508322 0.528797 0.546981 0.564402 0.586397 0.612781 0.693460 0.743901 0.778823 0.809435 0.829514 0.835255 0.832503 0.830297 0.764838 0.770834 0.780467 0.790372 0.841015 0.845914 0.847252 0.851605 0.864112 0.886459 0.927637 0.984938 1.104676 1.074588 1.051118 1.057446 1.095664 1.128415 1.169026 1.228989 1.237234 1.230223 1.206900 1.152766 1.109464 1.061916 1.022968 0.980911 0.922842 0.852054 0.858616 0.897659 1.002601 1.089123 1.050967 1.186150 1.269205 1.382057 1.451242 1.468821 1.414994 1.349967 1.165924 1.024783 0.950679 0.960088 0.964201 0.963900 0.959233 1.049463 1.013387 0.658852 0.679227 0.699772 0.701821 0.730503 0.751047 0.763462 0.800927 0.855502 0.882798 0.896587 0.792543 0.750408 0.765151 0.812507 0.807769 0.824213 0.841354 0.841283 0.833904 0.825387 0.846009 0.816741 0.816658 0.724612 0.615045 0.674963 0.700303 0.614760 0.713907 0.844185 0.822057 0.700532 0.632992 0.666528 0.627546 0.492202 0.384245 0.418497 0.538020 0.627917 0.705335 0.782743 0.861187 0.897094 0.954867 0.957430 0.889681 0.770776 0.691549 0.672504 0.693860 0.736088 0.704067 0.706900 0.700090 0.682166 0.654025 0.609784 0.569735 0.812714 0.909272 0.690377 0.732857 0.798256 0.855271 0.921210 0.992786 1.210831 1.304927 1.263193 1.240277 1.254004 1.284866 1.240478 1.163649 1.023774 0.984071 0.930533 0.886703 0.872942 0.867149 0.934056 0.922133 0.932845 0.960879 0.995826 0.987977 0.978136 0.965234 0.938306 0.924376 0.912018 0.890278 0.855131 0.829957 0.836572 0.849584 0.840081 0.825759 0.812735 0.793937 0.699351 0.653560 0.598061 0.551217 0.534983 0.508288 0.400009 0.000000 0.000000 0.432729 0.548321 0.643996 0.748857 0.829841 0.866536 0.865382 0.836276 0.797816 0.762844 0.742335 0.726922 0.720180 0.651463 0.486951 0.000000 0.000000
0.000000 0.000000 0.000000 0.000000 0.000000 0.000000 0.000000 0.000000 0.000000 0.000000 0.000000 0.000000 0.000000 0.000000 0.000000 0.000000 0.000000 0.000000 0.000000 0.000000 0.000000 0.000000 0.000000 0.000000 0.000000 0.000000 0.000000 0.000000 0.000000 0.000000 0.000000 0.000000 0.000000 0.000000 0.000000 0.000000 0.000000 0.000000 0.000000 0.000000 0.000000 0.000000 0.000000 0.000000 0.000000 0.000000 0.000000 0.000000 0.000000 0.000000 0.000000 0.000000 0.000000 0.000000 0.000000 0.000000 0.000000 0.000000 0.000000 0.000000 0.000000 0.000000 0.000000 0.000000 0.000000 0.000000 0.000000 0.000000 0.000000 0.000000 0.000000 0.000000 0.000000 0.000000 0.000000 0.000000 0.000000 0.000000 0.000000 0.000000 0.000000 0.000000 0.000000 0.000000 0.416710 0.476050 0.544916 0.603889 0.659651 0.696369 0.752577 0.812512 0.851469 0.856439 0.848697 0.840150 0.844335 0.854694 0.861810 0.860372 0.858535 0.865987 0.873138 0.879935 0.886420 0.820121 0.824010 0.825547 0.823684 0.812672 0.803095 0.801537 0.819631 0.822572 0.817060 0.815224 0.805446 0.800601 0.818988 0.845538 0.855222 0.929679 0.949576 0.946806 0.934418 0.919711 0.919819 0.919944 0.908153 0.869107 0.818885 0.821139 0.897183 0.930560 0.975710 1.020059 1.034476 1.028190 1.062844 1.165184 1.246310 1.281027 1.245647 1.264568 1.213996 1.071280 1.094582 1.104044 1.097654 1.088331 1.087884 0.691170 1.100490 1.122177 0.790589 0.767906 0.750279 0.725264 0.705729 0.690965 0.703033 0.774230 0.823625 0.773110 0.672771 0.639854 0.669539 0.611366 0.591221 0.671226 0.817788 0.883038 0.850909 0.840382 0.789190 0.796783 0.842610 0.871723 0.850122 0.770930 0.653998 0.628697 0.682884 0.730987 0.729038 0.659993 0.623051 0.565032 0.534212 0.507780 0.566042 0.410182 0.368126 0.344426 0.350741 0.422194 0.536404 0.673047 0.791820 0.908291 0.975704 1.004211 1.031002 1.067313 1.068964 1.035385 0.972610 0.893775 1.120701 1.076918 1.014779 0.963503 0.904177 0.844790 0.946377 0.733809 0.671729 0.657677 0.687412 0.750607 0.802961 0.944651 0.934617 1.049036 1.091380 1.161327 1.170859 1.124787 1.075780 1.040311 0.989921 0.932159 0.791864 0.756336 0.737262 0.713383 0.760609 0.786967 0.806262 0.830664 0.876804 0.938950 1.003592 1.034786 1.035382 1.030964 1.012766 0.994787 0.972798 0.941994 0.902051 0.873866 0.847773 0.816703 0.772557 0.712902 0.648507 0.590878 0.482923 0.451958 0.424100 0.000000 0.000000 0.000000 0.000000 0.000000 0.483543 0.617774 0.691066 0.723468 0.745682 0.752067 0.730766 0.719838 0.710443 0.702046 0.644015 0.549435 0.000000 0.000000
0.000000 0.000000 0.000000 0.000000 0.000000 0.000000 0.000000 0.000000 0.000000 0.000000 0.000000 0.000000 0.000000 0.000000 0.000000 0.000000 0.000000 0.000000 0.000000 0.000000 0.000000 0.000000 0.000000 0.000000 0.000000 0.000000 0.000000 0.000000 0.000000 0.000000 0.000000 0.000000 0.000000 0.000000 0.000000 0.000000 0.000000 0.000000 0.000000 0.000000 0.000000 0.000000 0.000000 0.000000 0.000000 0.000000 0.000000 0.000000 0.000000 0.000000 0.000000 0.000000 0.000000 0.000000 0.000000 0.000000 0.000000 0.000000 0.000000 0.000000 0.000000 0.000000 0.000000 0.000000 0.000000 0.000000 0.000000 0.000000 0.000000 0.000000 0.000000 0.000000 0.000000 0.000000 0.000000 0.000000 0.000000 0.000000 0.000000 0.000000 0.000000 0.000000 0.000000 0.000000 0.000000 0.000000 0.483126 0.563383 0.605968 0.633368 0.693830 0.751632 0.777766 0.773701 0.761616 0.743670 0.759297 0.778375 0.806451 0.807906 0.836636 0.847759 0.851962 0.849316 0.842322 0.847104 0.853813 0.860667 0.865039 0.862728 0.854138 0.844861 0.767159 0.763994 0.765918 0.762211 0.753805 0.752448 0.748418 0.739784 0.778524 0.746278 0.718117 0.678300 0.698208 0.688402 0.726883 0.758268 0.768663 0.762143 0.733065 0.714642 0.812065 0.884969 0.929799 0.973218 0.985254 0.980385 0.942227 0.955566 1.044220 1.134907 1.222388 1.282032 1.324888 1.382005 1.173207 1.197815 1.211084 1.235386 1.239598 1.206153 1.204267 1.193692 1.173317 1.142757 0.791796 1.100120 1.065220 1.030979 0.672424 0.675969 0.738865 0.748896 0.656476 0.604368 0.626251 0.637167 0.584385 0.567725 0.617590 0.725965 0.798655 0.871672 0.780418 0.703693 0.702413 0.750972 0.794894 0.822908 0.804118 0.748370 0.661712 0.640728 0.650216 0.621826 0.545062 0.468888 0.442026 0.447173 0.473606 0.571465 0.650732 0.725612 0.659246 0.581249 0.529188 0.557272 0.613981 0.692161 0.774496 0.859614 0.943913 1.027297 1.086277 1.097921 1.062326 0.977576 0.929941 0.875483 0.796708 0.708575 0.637346 0.881115 0.818977 0.761843 0.726336 0.675816 0.631891 0.627319 0.627111 0.623972 0.624442 0.635197 0.880245 0.933033 0.887469 0.873494 0.934644 0.922154 0.906239 0.895239 0.882112 0.851969 0.808737 0.707007 0.679440 0.654492 0.617160 0.641670 0.651721 0.736953 0.834392 0.925691 1.003764 1.078372 1.141233 1.156151 1.134630 1.087158 1.011006 0.927613 0.856043 0.787335 0.711758 0.644068 0.599764 0.568160 0.547200 0.522513 0.503084 0.483699 0.464742 0.446615 0.422455 0.000000 0.000000 0.000000 0.450416 0.551662 0.662032 0.704406 0.723837 0.731790 0.735052 0.729307 0.658376 0.546814 0.000000 0.000000
0.000000 0.000000 0.000000 0.000000 0.000000 0.000000 0.000000 0.000000 0.000000 0.000000 0.000000 0.000000 0.000000 0.000000 0.000000 0.000000 0.000000 0.000000 0.000000 0.000000 0.000000 0.000000 0.000000 0.000000 0.000000 0.000000 0.000000 0.000000 0.000000 0.000000 0.000000 0.000000 0.000000 0.000000 0.000000 0.000000 0.000000 0.000000 0.000000 0.000000 0.000000 0.000000 0.000000 0.000000 0.000000 0.000000 0.000000 0.000000 0.000000 0.000000 0.000000 0.000000 0.000000 0.000000 0.000000 0.000000 0.000000 0.000000 0.000000 0.000000 0.000000 0.000000 0.000000 0.000000 0.000000 0.000000 0.000000 0.000000 0.000000 0.000000 0.000000 0.000000 0.000000 0.000000 0.000000 0.000000 0.000000 0.000000 0.000000 0.000000 0.000000 0.000000 0.000000 0.000000 0.000000 0.000000 0.000000 0.427164 0.477652 0.504295 0.528437 0.540157 0.553610 0.547839 0.480378 0.576942 0.570111 0.612584 0.657896 0.690820 0.735218 0.740060 0.749989 0.750784 0.751810 0.757336 0.764391 0.769902 0.773272 0.773645 0.771861 0.768562 0.760776 0.750325 0.737641 0.716229 0.730411 0.731749 0.680095 0.678257 0.658342 0.680205 0.651671 0.642772 0.584306 0.661689 0.678809 0.659948 0.628776 0.610522 0.612280 0.582513 0.642989 0.753048 0.877273 1.007198 1.109269 1.156799 1.161764 1.141778 1.123900 1.151418 1.175493 1.232615 1.280488 1.320022 1.379165 1.444633 1.377929 1.434115 1.471154 1.300743 1.464407 1.421132 1.388124 1.353106 1.320917 1.278008 1.248225 1.046093 0.734298 0.726415 0.974005 1.033736 0.728267 0.649273 0.627817 0.650317 0.667327 0.663462 0.639451 0.621438 0.659743 0.754430 0.674512 0.584703 0.553641 0.553804 0.553121 0.561644 0.600631 0.645680 0.692818 0.701097 0.647342 0.588590 0.508220 0.425556 0.363495 0.339826 0.370067 0.414284 0.484095 0.557270 0.632330 0.720768 0.721593 0.562713 0.463524 0.450067 0.498201 0.568776 0.631903 0.702519 0.775971 0.814286 0.841294 0.843294 0.755112 0.630204 0.584238 0.549936 0.495903 0.441153 0.407946 0.411155 0.420823 0.402517 0.692128 0.802658 0.776370 0.620404 0.607942 0.597901 0.589589 0.586076 0.593084 0.592950 0.733721 0.741129 0.750424 0.769994 0.782007 0.774964 0.763917 0.749262 0.706148 0.665225 0.669953 0.604550 0.602129 0.609772 0.616674 0.695707 0.752259 0.830461 0.908663 0.943412 0.942515 0.928298 0.905481 0.864357 0.828061 0.763904 0.695401 0.637598 0.611236 0.593683 0.570962 0.551499 0.532055 0.515390 0.500348 0.477761 0.452927 0.421835 0.000000 0.000000 0.000000 0.000000 0.460018 0.524989 0.563312 0.580314 0.593099 0.596841 0.533082 0.446664 0.000000 0.000000
0.000000 0.000000 0.000000 0.000000 0.000000 0.000000 0.000000 0.000000 0.000000 0.000000 0.000000 0.000000 0.000000 0.000000 0.000000 0.000000 0.000000 0.000000 0.000000 0.000000 0.000000 0.000000 0.000000 0.000000 0.000000 0.000000 0.000000 0.000000 0.000000 0.000000 0.000000 0.000000 0.000000 0.000000 0.000000 0.000000 0.000000 0.000000 0.000000 0.000000 0.000000 0.000000 0.000000 0.000000 0.000000 0.000000 0.000000 0.000000 0.000000 0.000000 0.000000 0.000000 0.000000 0.000000 0.000000 0.000000 0.000000 0.000000 0.000000 0.000000 0.000000 0.000000 0.000000 0.000000 0.000000 0.000000 0.000000 0.000000 0.000000 0.000000 0.000000 0.000000 0.000000 0.000000 0.000000 0.000000 0.000000 0.000000 0.000000 0.000000 0.000000 0.000000 0.000000 0.000000 0.000000 0.000000 0.000000 0.000000 0.000000 0.000000 0.000000 0.000000 0.000000 0.458377 0.539902 0.427169 0.431037 0.457100 0.487228 0.512807 0.535192 0.555278 0.568685 0.577679 0.591310 0.606369 0.617737 0.625788 0.631548 0.635904 0.644030 0.652035 0.653332 0.653014 0.672632 0.674817 0.674920 0.683688 0.704239 0.712450 0.655463 0.637124 0.646585 0.661367 0.674696 0.689462 0.686402 0.737685 0.710042 0.659789 0.561505 0.529372 0.506196 0.621666 0.792127 0.989441 1.122558 1.156389 1.155219 1.151609 1.138939 1.119603 1.144017 1.185610 1.244270 1.294177 1.327039 1.344116 1.393311 1.455510 1.399444 1.441106 1.460564 1.295666 1.252359 1.195876 1.308061 1.252379 1.185745 1.118808 1.113802 1.089145 1.123304 1.025324 1.242728 1.078307 0.780271 0.744182 0.752385 0.721048 0.728717 0.729360 0.634618 0.584689 0.536404 0.476866 0.506635 0.540202 0.544191 0.513961 0.425194 0.386986 0.461685 0.560086 0.604262 0.591247 0.576066 0.474210 0.389089 0.344414 0.329332 0.333004 0.368817 0.443567 0.495199 0.536229 0.577738 0.634750 0.691996 0.580093 0.407041 0.326884 0.331936 0.321021 0.326473 0.366194 0.433206 0.501565 0.434522 0.303216 0.266423 0.263431 0.278475 0.282711 0.315007 0.340594 0.374917 0.413929 0.442343 0.473891 0.477433 0.716629 0.643297 0.637748 0.612891 0.210292 0.190261 0.214847 0.583151 0.594500 0.743172 0.757983 0.762351 0.749369 0.728477 0.724217 0.715918 0.828073 0.985076 0.741199 0.604828 0.585168 0.597660 0.586164 0.563616 0.606569 0.597397 0.553772 0.560859 0.571538 0.591761 0.605742 0.611117 0.609814 0.604697 0.592364 0.584816 0.572795 0.589338 0.597226 0.583653 0.576975 0.554671 0.494529 0.436391 0.000000 0.000000 0.000000 0.000000 0.000000 0.000000 0.000000 0.000000 0.421254 0.454682 0.471524 0.430127 0.000000 0.000000 0.000000
0.000000 0.000000 0.000000 0.000000 0.000000 0.000000 0.000000 0.000000 0.000000 0.000000 0.000000 0.000000 0.000000 0.000000 0.000000 0.000000 0.000000 0.000000 0.000000 0.000000 0.000000 0.000000 0.000000 0.000000 0.000000 0.000000 0.000000 0.000000 0.000000 0.000000 0.000000 0.000000 0.000000 0.000000 0.000000 0.000000 0.000000 0.000000 0.000000 0.000000 0.000000 0.000000 0.000000 0.000000 0.000000 0.000000 0.000000 0.000000 0.000000 0.000000 0.000000 0.000000 0.000000 0.000000 0.000000 0.000000 0.000000 0.000000 0.000000 0.000000 0.000000 0.000000 0.000000 0.000000 0.000000 0.000000 0.000000 0.000000 0.000000 0.000000 0.000000 0.000000 0.000000 0.000000 0.000000 0.000000 0.000000 0.000000 0.000000 0.000000 0.000000 0.000000 0.000000 0.000000 0.000000 0.000000 0.000000 0.000000 0.000000 0.443020 0.483790 0.000000 0.000000 0.000000 0.432065 0.000000 0.000000 0.421187 0.450725 0.425943 0.414431 0.421507 0.426154 0.430553 0.439639 0.451373 0.459349 0.526710 0.543433 0.567710 0.588300 0.609132 0.633008 0.617884 0.634373 0.641513 0.646032 0.667671 0.686403 0.697353 0.693518 0.688751 0.591724 0.604563 0.610850 0.611865 0.788957 0.776959 0.754221 0.715830 0.678918 0.637925 0.600198 0.524476 0.669218 0.852034 0.988341 1.010334 1.009445 1.037535 1.067038 1.097858 1.102677 1.137851 1.186940 1.247346 1.301960 1.351253 1.370137 1.359405 1.351033 1.419266 1.475619 1.403116 1.399851 1.377507 1.334509 1.258549 1.199810 1.159613 1.156968 1.177024 1.214513 1.049860 1.295303 1.161136 0.904150 0.867474 1.166418 0.843159 0.878307 0.845355 0.770771 0.622170 0.509681 0.475912 0.587072 0.587554 0.531609 0.531778 0.465630 0.362711 0.327930 0.377786 0.483497 0.547499 0.514282 0.463866 0.410718 0.376167 0.344158 0.328076 0.306054 0.374617 0.478635 0.545392 0.514764 0.506349 0.622164 0.709079 0.739633 0.682356 0.538954 0.377971 0.229047 0.136835 0.061337 0.061857 0.078591 0.059518 0.138910 0.216603 0.221073 0.224837 0.244245 0.274579 0.314333 0.338558 0.422082 0.482471 0.530643 0.533212 0.460623 0.953004 0.744279 0.665318 0.744769 0.708370 0.687415 0.732398 0.713119 0.726816 0.728940 0.730487 0.719048 0.708745 0.694544 0.675616 0.678013 0.629727 0.743543 0.722489 0.623344 0.629802 0.623193 0.597616 0.503972 0.457318 0.401644 0.000000 0.000000 0.000000 0.421645 0.437690 0.439168 0.444414 0.451147 0.454371 0.513298 0.551956 0.566559 0.570124 0.560902 0.532309 0.495038 0.448631 0.000000 0.000000 0.000000 0.000000 0.000000 0.000000 0.000000 0.000000 0.000000 0.000000 0.000000 0.000000 0.000000 0.000000
0.000000 0.000000 0.000000 0.000000 0.000000 0.000000 0.000000 0.000000 0.000000 0.000000 0.000000 0.000000 0.000000 0.000000 0.000000 0.000000 0.000000 0.000000 0.000000 0.000000 0.000000 0.000000 0.000000 0.000000 0.000000 0.000000 0.000000 0.000000 0.000000 0.000000 0.000000 0.000000 0.000000 0.000000 0.000000 0.000000 0.000000 0.000000 0.000000 0.000000 0.000000 0.000000 0.000000 0.000000 0.000000 0.000000 0.000000 0.000000 0.000000 0.000000 0.000000 0.000000 0.000000 0.000000 0.000000 0.000000 0.000000 0.000000 0.000000 0.000000 0.000000 0.000000 0.000000 0.000000 0.000000 0.000000 0.000000 0.000000 0.000000 0.000000 0.000000 0.000000 0.000000 0.000000 0.000000 0.000000 0.000000 0.000000 0.000000 0.000000 0.000000 0.000000 0.000000 0.000000 0.000000 0.000000 0.000000 0.000000 0.000000 0.000000 0.000000 0.000000 0.000000 0.000000 0.000000 0.000000 0.000000 0.000000 0.000000 0.000000 0.000000 0.000000 0.000000 0.000000 0.000000 0.000000 0.379529 0.413970 0.446675 0.479842 0.513098 0.550371 0.586334 0.624998 0.655745 0.692224 0.712857 0.747192 0.777668 0.789185 0.791442 0.786447 0.786232 0.785606 0.780802 0.714983 0.697356 0.683371 0.678175 0.718708 0.699595 0.676105 0.651738 0.633910 0.609353 0.612131 0.734277 0.760536 0.805217 0.885645 0.968052 1.046077 1.094385 1.120847 1.164359 1.200381 1.254726 1.309673 1.353252 1.383163 1.392559 1.354762 1.306931 1.336734 1.274215 1.321675 1.351799 1.347914 1.315606 1.311587 1.309908 1.336330 1.378066 1.408572 1.434329 1.272965 1.256761 1.014083 0.983437 0.973628 1.358584 1.051971 0.966462 0.854466 0.748812 0.648469 0.686634 0.675991 0.608521 0.577287 0.474649 0.328112 0.231444 0.187610 0.245951 0.316866 0.371310 0.411555 0.446867 0.456758 0.462396 0.395652 0.370746 0.350739 0.359455 0.487055 0.565598 0.587776 0.681426 0.730380 0.758235 0.788214 1.186943 0.730578 0.584754 0.492931 0.463017 0.422531 0.354980 0.349569 0.369192 0.427543 0.394321 0.327490 0.307954 0.309577 0.342168 0.338663 0.360117 0.420289 0.479112 0.529068 0.491786 0.435210 0.428662 0.706174 0.628103 0.701310 0.701207 0.664766 0.628211 0.638576 0.646255 0.652393 0.658496 0.662881 0.664611 0.659683 0.646978 0.635257 0.621614 0.632330 0.614280 0.599427 0.596926 0.586152 0.568613 0.481793 0.442240 0.000000 0.000000 0.000000 0.000000 0.000000 0.000000 0.000000 0.000000 0.000000 0.000000 0.000000 0.407932 0.431337 0.441783 0.445491 0.431847 0.000000 0.000000 0.000000 0.000000 0.000000 0.000000 0.000000 0.000000 0.000000 0.000000 0.605362 0.454846 0.000000 0.000000 0.000000
0.000000 0.000000 0.000000 0.000000 0.000000 0.000000 0.000000 0.000000 0.000000 0.000000 0.000000 0.000000 0.000000 0.000000 0.000000 0.000000 0.000000 0.000000 0.000000 0.000000 0.000000 0.000000 0.000000 0.000000 0.000000 0.000000 0.000000 0.000000 0.000000 0.000000 0.000000 0.000000 0.000000 0.000000 0.000000 0.000000 0.000000 0.000000 0.000000 0.000000 0.000000 0.000000 0.000000 0.000000 0.000000 0.000000 0.000000 0.000000 0.000000 0.000000 0.000000 0.000000 0.000000 0.000000 0.000000 0.000000 0.000000 0.000000 0.000000 0.000000 0.000000 0.000000 0.000000 0.000000 0.000000 0.000000 0.000000 0.000000 0.000000 0.000000 0.000000 0.000000 0.000000 0.000000 0.000000 0.000000 0.000000 0.000000 0.000000 0.000000 0.000000 0.000000 0.000000 0.000000 0.000000 0.000000 0.000000 0.000000 0.000000 0.000000 0.000000 0.000000 0.000000 0.000000 0.000000 0.000000 0.000000 0.000000 0.000000 0.000000 0.000000 0.000000 0.000000 0.000000 0.000000 0.000000 0.000000 0.000000 0.000000 0.410311 0.450718 0.491841 0.530894 0.568152 0.609528 0.639353 0.666114 0.682889 0.690223 0.703198 0.704619 0.703343 0.701654 0.689693 0.675908 0.671523 0.666974 0.662586 0.665064 0.625118 0.624453 0.665682 0.665631 0.660591 0.647349 0.624865 0.597556 0.510826 0.538964 0.687085 0.822208 0.935995 1.027648 1.100432 1.145064 1.173458 1.214545 1.267811 1.320435 1.390005 1.410639 1.386485 1.369487 1.390417 1.427250 1.423632 1.286347 1.306804 1.360461 1.409415 1.411594 1.428017 1.457554 1.493183 1.527035 1.351517 1.358537 1.363475 1.369003 1.385478 1.170621 1.255502 1.527096 1.199359 1.074877 0.937765 0.844961 0.800055 0.749519 0.690171 0.644700 0.527300 0.377496 0.278884 0.225287 0.256593 0.313676 0.364659 0.418860 0.465790 0.536260 0.522484 0.508650 0.487046 0.474780 0.477670 0.550246 0.619095 0.691554 0.754686 0.769744 0.736702 0.722182 0.760681 0.784997 0.787121 0.742443 0.712850 0.648239 0.610306 0.594846 0.637916 0.606755 0.516379 0.437033 0.349136 0.322025 0.337007 0.361059 0.388331 0.419573 0.455535 0.440096 0.364333 0.338069 0.329474 0.285036 0.679514 0.622499 0.590786 0.599240 0.593965 0.603481 0.611885 0.618716 0.631056 0.609082 0.616313 0.614516 0.722179 0.877995 0.862173 0.870112 0.675450 0.579232 0.480932 0.472408 0.462888 0.445837 0.411052 0.000000 0.000000 0.000000 0.000000 0.000000 0.000000 0.000000 0.000000 0.000000 0.000000 0.000000 0.000000 0.000000 0.000000 0.000000 0.000000 0.000000 0.000000 0.000000 0.000000 0.000000 0.000000 0.000000 0.000000 0.000000 0.530709 0.453237 0.000000 0.000000 0.000000
0.000000 0.000000 0.000000 0.000000 0.000000 0.000000 0.000000 0.000000 0.000000 0.000000 0.000000 0.000000 0.000000 0.000000 0.000000 0.000000 0.000000 0.000000 0.000000 0.000000 0.000000 0.000000 0.000000 0.000000 0.000000 0.000000 0.000000 0.000000 0.000000 0.000000 0.000000 0.000000 0.000000 0.000000 0.000000 0.000000 0.000000 0.000000 0.000000 0.000000 0.000000 0.000000 0.000000 0.000000 0.000000 0.000000 0.000000 0.000000 0.000000 0.000000 0.000000 0.000000 0.000000 0.000000 0.000000 0.000000 0.000000 0.000000 0.000000 0.000000 0.000000 0.000000 0.000000 0.000000 0.000000 0.000000 0.000000 0.000000 0.000000 0.000000 0.000000 0.000000 0.000000 0.000000 0.000000 0.000000 0.000000 0.000000 0.000000 0.000000 0.000000 0.000000 0.000000 0.000000 0.000000 0.000000 0.000000 0.000000 0.000000 0.000000 0.000000 0.000000 0.000000 0.000000 0.000000 0.000000 0.000000 0.000000 0.000000 0.000000 0.000000 0.000000 0.000000 0.000000 0.000000 0.000000 0.757948 0.578064 0.000000 0.000000 0.000000 0.000000 0.383118 0.421746 0.469793 0.509213 0.519278 0.518862 0.509902 0.501314 0.499206 0.502091 0.499116 0.489332 0.489101 0.494686 0.506150 0.527238 0.554797 0.570852 0.581322 0.591073 0.588834 0.582178 0.603335 0.591266 0.572789 0.548875 0.000000 0.518381 0.645539 0.804293 0.951999 1.063537 1.044763 1.091527 1.117375 1.140799 1.261158 1.237419 1.243503 1.207894 1.173835 1.146325 0.946135 1.176499 1.441132 1.585279 1.492834 1.488943 1.537731 1.563720 1.679899 1.550693 1.379507 1.394695 1.418735 1.441175 1.458234 1.459449 1.470480 1.736467 1.588866 1.582519 1.560566 1.537714 1.153568 1.036814 0.913082 0.820559 0.754628 0.749613 0.697583 0.563947 0.425888 0.317754 0.250211 0.257666 0.339554 0.417614 0.466631 0.552037 0.583587 0.609614 0.634733 0.648109 0.643605 0.681136 0.703767 0.708829 0.684544 0.632302 0.585734 0.589699 0.654361 0.713237 0.734944 0.767237 0.815620 0.785212 0.758242 0.795417 0.774733 0.645673 0.521646 0.429082 0.362662 0.317154 0.321309 0.364864 0.397272 0.394840 0.412343 0.401346 0.352656 0.682454 0.630412 0.572061 0.661415 0.615940 0.626270 0.611093 0.597188 0.583606 0.576655 0.588612 0.600395 0.602872 0.602273 0.579304 0.645808 0.677151 0.677620 0.662109 0.643773 0.618990 0.585525 0.551228 0.521423 0.413265 0.000000 0.000000 0.000000 0.000000 0.000000 0.000000 0.000000 0.000000 0.000000 0.000000 0.000000 0.000000 0.000000 0.000000 0.000000 0.000000 0.000000 0.000000 0.000000 0.000000 0.000000 0.000000 0.000000 0.000000 0.000000 0.414863 0.411259 0.000000 0.430959 0.000000
0.000000 0.000000 0.000000 0.000000 0.000000 0.000000 0.000000 0.000000 0.000000 0.000000 0.000000 0.000000 0.000000 0.000000 0.000000 0.000000 0.000000 0.000000 0.000000 0.000000 0.000000 0.000000 0.000000 0.000000 0.000000 0.000000 0.000000 0.000000 0.000000 0.000000 0.000000 0.000000 0.000000 0.000000 0.000000 0.000000 0.000000 0.000000 0.000000 0.000000 0.000000 0.000000 0.000000 0.000000 0.000000 0.000000 0.000000 0.000000 0.000000 0.000000 0.000000 0.000000 0.000000 0.000000 0.000000 0.000000 0.000000 0.000000 0.000000 0.000000 0.000000 0.000000 0.000000 0.000000 0.000000 0.000000 0.000000 0.000000 0.000000 0.000000 0.000000 0.000000 0.000000 0.000000 0.000000 0.000000 0.000000 0.000000 0.000000 0.000000 0.000000 0.000000 0.000000 0.000000 0.000000 0.000000 0.000000 0.000000 0.000000 0.000000 0.000000 0.000000 0.000000 0.000000 0.000000 0.000000 0.000000 0.000000 0.000000 0.000000 0.000000 0.000000 0.000000 0.000000 0.000000 0.000000 0.000000 0.000000 0.000000 0.000000 0.000000 0.000000 0.000000 0.000000 0.000000 0.000000 0.000000 0.000000 0.000000 0.000000 0.000000 0.000000 0.000000 0.000000 0.000000 0.000000 0.000000 0.405306 0.436046 0.459411 0.473157 0.491799 0.505630 0.512924 0.510367 0.501245 0.488722 0.454896 0.423183 0.000000 0.524020 0.658162 0.788789 0.839423 1.028399 1.037243 1.128108 1.038424 1.070022 1.289283 1.281575 1.223122 1.194519 1.142973 1.101795 1.103989 1.130246 1.197496 1.324784 1.426324 1.463673 1.486154 1.523973 1.362637 1.373058 1.410028 1.627227 1.657308 1.485536 1.682584 1.512302 1.533739 1.556832 1.596166 1.617248 1.610758 1.574177 1.521331 1.452276 1.364167 1.295877 1.216818 0.828008 0.817632 0.725630 0.631453 0.431182 0.257468 0.198207 0.282474 0.381094 0.502666 0.618932 0.686009 0.730085 0.767258 0.802270 0.808797 0.783112 0.747510 0.693162 0.625680 0.573319 0.499575 0.555609 0.622480 0.661186 0.666080 0.685320 0.732477 0.799320 1.249911 1.252360 0.760913 0.615814 0.511324 0.469012 0.423295 0.383516 0.366508 0.387648 0.402076 0.426209 0.429349 0.410692 0.744250 0.667478 0.625870 0.600449 0.724515 0.688196 0.713518 0.697816 0.682428 0.664674 0.649405 0.633597 0.614956 0.595219 0.554515 0.559557 0.570469 0.599491 0.603156 0.599767 0.592045 0.571265 0.539475 0.512319 0.484262 0.000000 0.000000 0.000000 0.000000 0.000000 0.000000 0.000000 0.000000 0.000000 0.000000 0.000000 0.000000 0.000000 0.000000 0.000000 0.000000 0.000000 0.000000 0.000000 0.000000 0.000000 0.000000 0.000000 0.000000 0.000000 0.000000 0.466851 0.529951 0.545044 0.521550
0.000000 0.000000 0.000000 0.000000 0.000000 0.000000 0.000000 0.000000 0.000000 0.000000 0.000000 0.000000 0.000000 0.000000 0.000000 0.000000 0.000000 0.000000 0.000000 0.000000 0.000000 0.000000 0.000000 0.000000 0.000000 0.000000 0.000000 0.000000 0.000000 0.000000 0.000000 0.000000 0.000000 0.000000 0.000000 0.000000 0.000000 0.000000 0.000000 0.000000 0.000000 0.000000 0.000000 0.000000 0.000000 0.000000 0.000000 0.000000 0.000000 0.000000 0.000000 0.000000 0.000000 0.000000 0.000000 0.000000 0.000000 0.000000 0.000000 0.000000 0.000000 0.000000 0.000000 0.000000 0.000000 0.000000 0.000000 0.000000 0.000000 0.000000 0.000000 0.000000 0.000000 0.000000 0.000000 0.000000 0.000000 0.000000 0.000000 0.000000 0.000000 0.000000 0.000000 0.000000 0.000000 0.000000 0.000000 0.000000 0.000000 0.000000 0.000000 0.000000 0.000000 0.000000 0.000000 0.000000 0.000000 0.000000 0.000000 0.000000 0.000000 0.000000 0.000000 0.000000 0.000000 0.000000 0.000000 0.000000 0.000000 0.000000 0.000000 0.000000 0.000000 0.000000 0.000000 0.000000 0.000000 0.000000 0.000000 0.000000 0.000000 0.000000 0.000000 0.000000 0.000000 0.000000 0.000000 0.000000 0.000000 0.000000 0.000000 0.000000 0.000000 0.412808 0.423187 0.424042 0.431032 0.417567 0.000000 0.000000 0.512105 0.627818 0.702156 0.784824 0.894797 1.023728 1.125953 1.139921 1.193054 1.242953 1.272874 1.219420 1.166122 1.132918 1.110257 1.116479 1.138826 1.221610 1.302012 1.360717 1.408131 1.482151 1.531223 1.566942 1.600026 1.619582 1.649035 1.675887 1.681798 1.514384 1.508208 1.517847 1.322030 1.548719 1.600873 1.396714 1.636542 1.600536 1.556091 1.539021 1.492059 1.428184 1.384661 0.991553 0.886933 0.865757 0.832646 0.671309 0.421907 0.279833 0.270902 0.289181 0.409837 0.487339 0.513872 0.567858 0.640420 0.751019 0.813260 0.837842 0.837043 0.773806 0.713257 0.640146 0.558130 0.572712 0.588142 0.608411 0.638409 0.658273 0.688334 0.748468 0.826864 1.252073 0.738300 0.631579 0.561192 0.528053 0.508395 0.426453 0.411280 0.439134 0.472240 0.482466 0.463633 0.468699 0.817118 0.735060 0.677020 0.642151 0.781073 0.757740 0.729230 0.760968 0.692267 0.725226 0.700143 0.675435 0.641370 0.608668 0.573559 0.529375 0.519117 0.430044 0.434784 0.519875 0.516627 0.499278 0.401046 0.000000 0.000000 0.000000 0.000000 0.000000 0.000000 0.000000 0.000000 0.000000 0.000000 0.000000 0.000000 0.000000 0.000000 0.000000 0.000000 0.000000 0.000000 0.000000 0.000000 0.000000 0.000000 0.000000 0.000000 0.000000 0.436621 0.450489 0.532078 0.570393 0.575927 0.549223
0.000000 0.000000 0.000000 0.000000 0.000000 0.000000 0.000000 0.000000 0.000000 0.000000 0.000000 0.000000 0.000000 0.000000 0.000000 0.000000 0.000000 0.000000 0.000000 0.000000 0.000000 0.000000 0.000000 0.000000 0.000000 0.000000 0.000000 0.000000 0.000000 0.000000 0.000000 0.000000 0.000000 0.000000 0.000000 0.000000 0.000000 0.000000 0.000000 0.000000 0.000000 0.000000 0.000000 0.000000 0.000000 0.000000 0.000000 0.000000 0.000000 0.000000 0.000000 0.000000 0.000000 0.000000 0.000000 0.000000 0.000000 0.000000 0.000000 0.000000 0.000000 0.000000 0.000000 0.000000 0.000000 0.000000 0.000000 0.000000 0.000000 0.000000 0.000000 0.000000 0.000000 0.000000 0.000000 0.000000 0.000000 0.000000 0.000000 0.000000 0.000000 0.000000 0.000000 0.000000 0.000000 0.000000 0.000000 0.000000 0.000000 0.000000 0.000000 0.000000 0.000000 0.000000 0.000000 0.000000 0.000000 0.000000 0.000000 0.000000 0.000000 0.000000 0.000000 0.000000 0.000000 0.000000 0.000000 0.000000 0.000000 0.000000 0.000000 0.000000 0.000000 0.000000 0.000000 0.000000 0.000000 0.000000 0.000000 0.000000 0.000000 0.000000 0.000000 0.000000 0.000000 0.000000 0.000000 0.000000 0.000000 0.000000 0.000000 0.000000 0.000000 0.000000 0.000000 0.000000 0.000000 0.000000 0.000000 0.000000 0.378637 0.545496 0.625210 0.684563 0.762439 0.872726 0.993816 1.075186 1.240786 1.539221 1.773187 1.495329 1.484307 1.299752 1.204333 1.189494 1.216095 1.251343 1.119965 1.186108 1.248131 1.500664 1.534048 1.548969 1.581341 1.623246 1.502733 1.725625 1.568916 1.531877 1.259383 1.243917 1.254798 1.282604 1.302880 1.332935 1.363059 1.382653 1.405763 1.657338 1.615345 1.583375 1.531330 1.448646 1.061573 1.024184 0.998402 0.978340 0.915078 0.744199 0.608167 0.469670 0.336820 0.251497 0.219106 0.256257 0.315582 0.372459 0.444136 0.565811 0.649325 0.704719 0.728812 0.716420 0.635943 0.617975 0.614648 0.616583 0.646543 0.671545 0.671705 0.687556 0.735165 0.801457 1.266995 0.771473 0.654732 0.575497 0.577956 0.498722 0.468401 0.481866 0.513445 0.544070 0.577809 0.600811 0.990069 0.946052 0.531290 0.400866 0.497907 0.694623 0.647018 0.627789 0.605759 0.728198 0.693975 0.652790 0.654392 0.609500 0.575945 0.548856 0.539997 0.540036 0.490996 0.510688 0.522400 0.523071 0.512633 0.488854 0.453633 0.409943 0.000000 0.000000 0.000000 0.000000 0.000000 0.000000 0.000000 0.000000 0.000000 0.000000 0.000000 0.000000 0.000000 0.000000 0.425122 0.553508 0.630423 0.657168 0.597411 0.542818 0.517110 0.430344 0.409076 0.529108 0.588206 0.601706 0.594246 0.559133
0.000000 0.000000 0.000000 0.000000 0.000000 0.000000 0.000000 0.000000 0.000000 0.000000 0.000000 0.000000 0.000000 0.000000 0.000000 0.000000 0.000000 0.000000 0.000000 0.000000 0.000000 0.000000 0.000000 0.000000 0.000000 0.000000 0.000000 0.000000 0.000000 0.000000 0.000000 0.000000 0.000000 0.000000 0.000000 0.000000 0.000000 0.000000 0.000000 0.000000 0.000000 0.000000 0.000000 0.000000 0.000000 0.000000 0.000000 0.000000 0.000000 0.000000 0.000000 0.000000 0.000000 0.000000 0.000000 0.000000 0.000000 0.000000 0.000000 0.000000 0.000000 0.000000 0.000000 0.000000 0.000000 0.000000 0.000000 0.000000 0.000000 0.000000 0.000000 0.000000 0.000000 0.000000 0.000000 0.000000 0.000000 0.000000 0.000000 0.000000 0.000000 0.000000 0.000000 0.000000 0.000000 0.000000 0.000000 0.000000 0.000000 0.000000 0.000000 0.000000 0.430382 0.444782 0.449753 0.446414 0.434917 0.417527 0.000000 0.000000 0.000000 0.000000 0.000000 0.000000 0.000000 0.000000 0.000000 0.000000 0.000000 0.000000 0.000000 0.000000 0.000000 0.000000 0.000000 0.000000 0.000000 0.000000 0.000000 0.000000 0.000000 0.000000 0.000000 0.000000 0.000000 0.000000 0.000000 0.000000 0.000000 0.000000 0.000000 0.000000 0.000000 0.000000 0.000000 0.000000 0.000000 0.000000 0.000000 0.000000 0.000000 0.000000 0.521847 0.595757 0.665614 0.737361 0.883547 0.920309 0.956050 1.097597 1.155241 1.144874 1.150478 1.142479 1.164321 1.210961 1.244981 1.288021 1.323461 1.357726 1.388620 1.230165 0.985011 1.040344 1.029669 1.019787 1.034176 1.049839 1.068687 1.098344 1.122715 1.126673 1.137170 1.163095 1.185398 1.219438 1.268859 1.301977 1.331249 1.350583 1.371973 1.367040 1.375525 1.325439 1.237279 1.171686 1.151158 1.133318 1.065363 1.040836 1.025245 0.955326 0.821439 0.677727 0.543407 0.434821 0.356388 0.295979 0.302337 0.326097 0.386364 0.466701 0.557671 0.626364 0.664291 0.638660 0.604414 0.627068 0.631726 0.690501 0.736586 0.752805 0.733813 0.761960 0.801651 0.821404 0.840049 0.734110 0.635974 0.599530 0.533174 0.518637 0.515506 0.554500 0.600053 0.644885 0.693229 0.740303 0.824917 0.662620 0.396019 0.713299 0.685132 0.655148 0.624097 0.592845 0.562199 0.668007 0.625705 0.629719 0.605651 0.598329 0.603250 0.615420 0.618317 0.589743 0.593774 0.585576 0.569925 0.551626 0.518880 0.485364 0.446245 0.406516 0.000000 0.000000 0.000000 0.000000 0.000000 0.000000 0.000000 0.000000 0.000000 0.417014 0.444743 0.450119 0.442792 0.618044 0.732832 0.837963 0.920412 0.975416 1.001489 0.973724 0.867134 0.690407 0.670671 0.619735 0.597212 0.557545
0.000000 0.000000 0.000000 0.000000 0.000000 0.000000 0.000000 0.000000 0.000000 0.000000 0.000000 0.000000 0.000000 0.000000 0.000000 0.000000 0.000000 0.000000 0.000000 0.000000 0.000000 0.000000 0.000000 0.000000 0.000000 0.000000 0.000000 0.000000 0.000000 0.000000 0.000000 0.000000 0.000000 0.000000 0.000000 0.000000 0.000000 0.000000 0.000000 0.000000 0.000000 0.000000 0.000000 0.000000 0.000000 0.000000 0.000000 0.000000 0.000000 0.000000 0.000000 0.000000 0.000000 0.000000 0.000000 0.000000 0.000000 0.000000 0.000000 0.000000 0.000000 0.000000 0.000000 0.000000 0.000000 0.000000 0.000000 0.000000 0.000000 0.000000 0.000000 0.000000 0.000000 0.000000 0.000000 0.000000 0.000000 0.000000 0.000000 0.000000 0.000000 0.000000 0.000000 0.418750 0.000000 0.000000 0.000000 0.441139 0.484508 0.514702 0.540945 0.557610 0.566014 0.566029 0.559822 0.550069 0.534949 0.516805 0.500457 0.480703 0.463962 0.449684 0.428805 0.000000 0.000000 0.000000 0.000000 0.000000 0.000000 0.000000 0.000000 0.000000 0.000000 0.000000 0.000000 0.000000 0.000000 0.000000 0.000000 0.000000 0.000000 0.000000 0.000000 0.000000 0.000000 0.000000 0.000000 0.000000 0.000000 0.000000 0.000000 0.000000 0.000000 0.000000 0.000000 0.000000 0.000000 0.000000 0.000000 0.000000 0.000000 0.000000 0.000000 0.000000 0.571840 0.642785 0.734210 0.713878 0.817910 0.976010 1.094531 1.163689 1.212691 1.251465 1.296607 1.337268 1.370695 1.155696 1.161561 0.774091 0.713858 0.714409 0.733202 0.778652 0.819353 0.843524 0.872414 0.898562 0.914797 0.935881 0.968349 1.009443 1.067307 1.108250 1.121834 1.143514 1.171633 1.183066 1.189186 1.204907 1.226901 1.229614 1.243675 1.238152 1.219558 1.197140 1.169349 1.120869 1.078145 1.056086 1.344334 1.342741 1.357132 0.967216 0.797254 0.648636 0.524552 0.424607 0.359401 0.348813 0.368370 0.402407 0.432692 0.530395 0.602347 0.628103 0.630045 0.613001 0.523853 0.485106 0.493302 0.542535 0.575890 0.599717 0.699600 0.785167 0.822300 0.813558 0.770522 0.797365 0.734805 0.656163 0.590599 0.548241 0.548334 0.571665 0.616360 0.661347 0.779173 0.671558 0.384302 0.290430 0.275245 0.268889 0.297647 0.253685 0.214196 0.564529 0.536991 0.694395 0.697524 0.704488 0.709212 0.712481 0.705452 0.688682 0.661932 0.611762 0.581314 0.554558 0.523454 0.495786 0.463163 0.431058 0.399453 0.000000 0.000000 0.000000 0.000000 0.000000 0.000000 0.000000 0.439082 0.467111 0.467338 0.453815 0.430935 0.412557 0.541763 0.682642 0.821267 0.941343 1.041114 1.120664 1.153362 1.170522 1.028450 0.813938 0.651507 0.546880
0.000000 0.000000 0.000000 0.000000 0.000000 0.000000 0.000000 0.000000 0.000000 0.000000 0.000000 0.000000 0.000000 0.000000 0.000000 0.000000 0.000000 0.000000 0.000000 0.000000 0.000000 0.000000 0.000000 0.000000 0.000000 0.000000 0.000000 0.000000 0.000000 0.000000 0.000000 0.000000 0.000000 0.000000 0.000000 0.000000 0.000000 0.000000 0.000000 0.000000 0.000000 0.000000 0.000000 0.000000 0.000000 0.000000 0.000000 0.000000 0.000000 0.000000 0.000000 0.000000 0.000000 0.000000 0.000000 0.000000 0.000000 0.000000 0.000000 0.000000 0.000000 0.000000 0.000000 0.000000 0.000000 0.000000 0.000000 0.000000 0.000000 0.000000 0.000000 0.000000 0.000000 0.000000 0.000000 0.000000 0.000000 0.000000 0.000000 0.000000 0.000000 0.000000 0.000000 0.000000 0.000000 0.000000 0.416368 0.449924 0.480396 0.508396 0.529685 0.542764 0.544882 0.538543 0.528844 0.516815 0.507415 0.498166 0.489254 0.479755 0.469216 0.461706 0.449093 0.428426 0.410614 0.000000 0.000000 0.000000 0.000000 0.000000 0.000000 0.000000 0.000000 0.000000 0.000000 0.000000 0.000000 0.000000 0.000000 0.000000 0.000000 0.000000 0.000000 0.000000 0.000000 0.000000 0.000000 0.000000 0.000000 0.000000 0.000000 0.000000 0.000000 0.000000 0.000000 0.000000 0.380762 0.000000 0.676916 0.000000 0.000000 0.000000 0.439418 0.456718 0.474592 0.610420 0.632915 0.760509 0.870632 0.933892 1.062426 1.178622 1.250968 1.296557 1.321424 1.125478 1.111615 1.123885 0.746572 0.631189 0.594945 0.607677 0.621550 0.655010 0.698582 0.730351 0.766012 0.802283 0.806763 0.812977 0.831191 0.843223 0.879463 0.931184 1.000337 1.038434 1.056550 1.087662 1.131790 1.118832 1.124796 1.127650 1.150146 1.180203 1.178802 1.160576 1.136381 1.132047 1.115513 1.083248 1.046144 0.975662 1.318180 1.297662 1.304096 0.845220 0.702155 0.587433 0.480160 0.402397 0.368178 0.391873 0.426034 0.426025 0.447179 0.483953 0.535946 0.572234 0.578491 0.529908 0.447787 0.314898 0.304660 0.349130 0.418713 0.556062 0.698720 0.770512 0.723810 0.692761 0.694363 0.682812 0.689259 0.644540 0.595985 0.576884 0.588673 0.592106 0.601328 0.636271 0.529090 0.371830 0.333180 0.332268 0.346435 0.337066 0.665382 0.637018 0.613617 0.607905 0.625792 0.850467 0.846921 0.763626 0.758738 0.733153 0.686354 0.636403 0.617612 0.562528 0.456632 0.431885 0.424787 0.427407 0.431851 0.432836 0.517247 0.547119 0.616847 0.708239 0.771427 0.780753 0.730182 0.632318 0.551029 0.455548 0.416145 0.405841 0.393648 0.403243 0.561013 0.695897 0.824540 0.939743 1.049751 1.148144 1.091710 0.912117 0.709571 0.503776
0.000000 0.000000 0.000000 0.000000 0.000000 0.000000 0.000000 0.000000 0.000000 0.000000 0.000000 0.000000 0.000000 0.000000 0.000000 0.000000 0.000000 0.000000 0.000000 0.000000 0.000000 0.000000 0.000000 0.000000 0.000000 0.000000 0.000000 0.000000 0.000000 0.000000 0.000000 0.000000 0.000000 0.000000 0.000000 0.000000 0.000000 0.000000 0.000000 0.000000 0.000000 0.000000 0.000000 0.000000 0.000000 0.000000 0.000000 0.000000 0.000000 0.000000 0.000000 0.000000 0.000000 0.000000 0.000000 0.000000 0.000000 0.000000 0.000000 0.000000 0.000000 0.000000 0.000000 0.000000 0.000000 0.000000 0.000000 0.000000 0.000000 0.000000 0.000000 0.000000 0.000000 0.000000 0.000000 0.000000 0.000000 0.000000 0.000000 0.000000 0.000000 0.000000 0.000000 0.000000 0.000000 0.000000 0.000000 0.000000 0.397615 0.418400 0.433166 0.438996 0.436936 0.434143 0.428070 0.421147 0.417175 0.416270 0.417822 0.415770 0.413584 0.412119 0.403520 0.000000 0.000000 0.000000 0.000000 0.000000 0.000000 0.000000 0.000000 0.000000 0.000000 0.000000 0.000000 0.000000 0.000000 0.000000 0.000000 0.000000 0.000000 0.000000 0.000000 0.000000 0.000000 0.000000 0.000000 0.000000 0.000000 0.000000 0.000000 0.000000 0.000000 0.000000 0.422445 0.459979 0.485307 0.505550 0.516752 0.518986 0.588673 0.611850 0.622552 0.635868 0.651485 0.624208 0.626147 0.709340 0.837394 0.968421 1.100199 1.241723 1.232380 1.284002 1.117255 1.095482 1.101639 1.128138 1.149444 0.738245 0.703253 0.719363 0.713889 0.713284 0.731806 0.746057 0.747883 0.734010 0.728823 0.752400 0.780620 0.747163 0.741707 0.771431 0.825022 0.902873 0.967675 1.000843 1.005412 1.050258 1.100611 1.121034 1.107824 1.120337 1.164516 1.203904 1.182869 1.188654 1.183376 1.162229 1.128531 1.088791 1.026913 1.332771 1.304697 1.278728 1.274413 0.769255 0.640377 0.554745 0.504928 0.468725 0.448933 0.422607 0.392616 0.395286 0.407581 0.447127 0.507747 0.551435 0.576793 0.522939 0.427413 0.385089 0.366771 0.344783 0.439061 0.544932 0.541200 0.529834 0.528082 0.561333 0.611356 0.676519 0.716178 0.740949 0.727646 0.728319 0.728197 0.661290 0.628905 0.568012 0.468160 0.472177 0.458800 0.446306 0.436433 0.731069 0.715901 0.886075 0.890197 0.881333 0.858435 0.823504 0.793068 0.754107 0.701323 0.644532 0.634053 0.582969 0.538601 0.416020 0.421439 0.436006 0.447798 0.449547 0.443004 0.428073 0.553932 0.608631 0.692796 0.716898 0.679321 0.589791 0.496773 0.462495 0.498619 0.497124 0.478870 0.447434 0.402294 0.000000 0.509388 0.635321 0.747536 0.848400 0.833054 0.754477 0.632410 0.483511
0.000000 0.000000 0.000000 0.000000 0.000000 0.000000 0.000000 0.000000 0.000000 0.000000 0.000000 0.000000 0.000000 0.000000 0.000000 0.000000 0.000000 0.000000 0.000000 0.000000 0.000000 0.000000 0.000000 0.000000 0.000000 0.000000 0.000000 0.000000 0.000000 0.000000 0.000000 0.000000 0.000000 0.000000 0.000000 0.000000 0.000000 0.000000 0.000000 0.000000 0.000000 0.000000 0.000000 0.000000 0.000000 0.000000 0.000000 0.000000 0.000000 0.000000 0.000000 0.000000 0.000000 0.000000 0.000000 0.000000 0.000000 0.000000 0.000000 0.000000 0.000000 0.000000 0.000000 0.000000 0.000000 0.000000 0.000000 0.000000 0.000000 0.000000 0.000000 0.000000 0.000000 0.000000 0.000000 0.000000 0.000000 0.000000 0.000000 0.000000 0.000000 0.000000 0.000000 0.000000 0.000000 0.000000 0.000000 0.000000 0.000000 0.000000 0.000000 0.000000 0.000000 0.437728 0.499036 0.497170 0.522850 0.434860 0.429039 0.433028 0.434721 0.433692 0.421140 0.000000 0.000000 0.000000 0.000000 0.000000 0.000000 0.000000 0.000000 0.000000 0.000000 0.000000 0.000000 0.000000 0.000000 0.000000 0.000000 0.000000 0.000000 0.000000 0.000000 0.000000 0.000000 0.000000 0.000000 0.000000 0.000000 0.000000 0.000000 0.000000 0.000000 0.000000 0.497849 0.540405 0.565507 0.586769 0.600337 0.606249 0.604590 0.597662 0.625645 0.657006 0.676021 0.700555 0.719754 0.730055 0.754407 0.760627 0.863879 0.991243 1.179527 1.281533 1.319150 1.245358 1.114815 1.157690 1.197321 1.196646 1.202629 1.227840 0.932321 0.910329 0.902022 0.889515 0.879756 0.874416 0.867497 0.883638 0.901305 0.835546 0.771556 0.743682 0.754331 0.785292 0.842981 0.909540 0.979268 1.008074 1.028424 1.066841 1.107489 1.154281 1.204973 1.205435 1.219740 1.265356 1.276502 1.271297 1.253472 1.228202 1.157071 1.420446 1.292717 1.266110 1.253862 1.263180 0.846978 0.741783 0.673508 0.631456 0.556436 0.513462 0.506765 0.476745 0.430910 0.401220 0.432029 0.482963 0.564008 0.612428 0.566885 0.511683 0.474073 0.408246 0.329702 0.360212 0.390134 0.411949 0.430224 0.464881 0.538969 0.651636 0.742683 0.811691 0.838711 0.788079 0.785923 0.792580 0.775837 0.714155 0.625190 0.621156 0.916066 0.899013 1.048533 1.025935 1.013858 1.015104 1.010366 0.971588 0.913077 0.856230 0.799596 0.810431 0.754080 0.708430 0.661867 0.618675 0.579519 0.543837 0.516276 0.441425 0.450398 0.447676 0.434828 0.414417 0.000000 0.000000 0.426239 0.467038 0.464172 0.417366 0.000000 0.518534 0.595652 0.594073 0.554432 0.504796 0.455792 0.401474 0.000000 0.000000 0.410413 0.538855 0.578843 0.570275 0.521777 0.462071
0.000000 0.000000 0.000000 0.000000 0.000000 0.000000 0.000000 0.000000 0.000000 0.000000 0.000000 0.000000 0.000000 0.000000 0.000000 0.000000 0.000000 0.000000 0.000000 0.000000 0.000000 0.000000 0.000000 0.000000 0.000000 0.000000 0.000000 0.000000 0.000000 0.000000 0.000000 0.000000 0.000000 0.000000 0.000000 0.000000 0.000000 0.000000 0.000000 0.000000 0.000000 0.000000 0.000000 0.000000 0.000000 0.000000 0.000000 0.000000 0.000000 0.000000 0.000000 0.000000 0.000000 0.000000 0.000000 0.000000 0.000000 0.000000 0.000000 0.000000 0.000000 0.000000 0.000000 0.000000 0.000000 0.000000 0.000000 0.000000 0.000000 0.000000 0.000000 0.000000 0.000000 0.000000 0.000000 0.000000 0.000000 0.000000 0.000000 0.000000 0.000000 0.000000 0.000000 0.000000 0.000000 0.000000 0.000000 0.000000 0.000000 0.000000 0.000000 0.000000 0.000000 0.000000 0.459046 0.686580 0.561657 0.000000 0.513177 0.566524 0.558402 0.000000 0.485455 0.000000 0.492161 0.418066 0.000000 0.000000 0.000000 0.000000 0.000000 0.000000 0.000000 0.000000 0.000000 0.000000 0.000000 0.000000 0.000000 0.000000 0.000000 0.000000 0.402217 0.000000 0.000000 0.000000 0.000000 0.000000 0.000000 0.000000 0.000000 0.000000 0.000000 0.441183 0.475145 0.491322 0.497915 0.504096 0.569529 0.586584 0.599680 0.568879 0.572407 0.600309 0.672257 0.716729 0.749356 0.764091 0.774482 0.781984 0.770608 0.766641 0.833752 0.973583 1.068917 1.164663 1.155963 1.221046 1.279007 1.325358 1.160168 1.196212 1.235923 1.293525 1.035082 1.043769 1.351588 1.345101 1.341733 1.055382 1.028807 0.971954 0.887240 0.812205 0.768475 0.759857 0.774584 0.809472 0.875957 0.943177 0.985338 0.989351 1.002376 1.026309 1.058249 1.095517 1.149151 1.201523 1.261417 1.337805 1.374595 1.388051 1.333531 1.224054 1.049867 1.290410 1.229424 1.237543 1.260033 1.306563 0.862908 0.812573 0.703944 0.671306 0.701189 0.698483 0.617357 0.518491 0.472306 0.466770 0.477153 0.525699 0.581172 0.585344 0.551863 0.509870 0.465193 0.367501 0.338495 0.446605 0.491459 0.488313 0.532016 0.647486 0.776612 0.873041 0.923841 0.902515 1.211331 1.202591 0.901052 0.987924 0.958472 0.753588 0.674431 0.709617 1.156950 1.136607 1.110726 1.101452 1.068864 1.011530 0.955400 0.890273 0.834575 0.785507 0.738186 0.737570 0.689265 0.620923 0.567479 0.581105 0.563901 0.477297 0.475485 0.459850 0.433486 0.000000 0.000000 0.000000 0.000000 0.000000 0.000000 0.000000 0.000000 0.509387 0.573614 0.554358 0.508041 0.471250 0.449344 0.414669 0.000000 0.000000 0.000000 0.000000 0.000000 0.445645 0.444937 0.437117
0.000000 0.000000 0.000000 0.000000 0.000000 0.000000 0.000000 0.000000 0.000000 0.000000 0.000000 0.000000 0.000000 0.000000 0.000000 0.000000 0.000000 0.000000 0.000000 0.000000 0.000000 0.000000 0.000000 0.000000 0.000000 0.000000 0.000000 0.000000 0.000000 0.000000 0.000000 0.000000 0.000000 0.000000 0.000000 0.000000 0.000000 0.000000 0.000000 0.000000 0.000000 0.000000 0.000000 0.000000 0.000000 0.000000 0.000000 0.000000 0.000000 0.000000 0.000000 0.000000 0.000000 0.000000 0.000000 0.000000 0.000000 0.000000 0.000000 0.000000 0.000000 0.000000 0.000000 0.000000 0.000000 0.000000 0.000000 0.000000 0.000000 0.000000 0.000000 0.000000 0.000000 0.000000 0.000000 0.000000 0.000000 0.000000 0.000000 0.000000 0.000000 0.000000 0.000000 0.000000 0.000000 0.000000 0.000000 0.000000 0.000000 0.000000 0.000000 0.000000 0.000000 0.000000 0.000000 0.000000 0.617224 0.637389 0.456757 0.471653 0.479175 0.471191 0.456045 0.438657 0.426679 0.419484 0.410953 0.000000 0.408533 0.412184 0.417912 0.421589 0.419823 0.415544 0.410351 0.404341 0.000000 0.000000 0.000000 0.000000 0.000000 0.000000 0.000000 0.000000 0.393582 0.356355 0.000000 0.463682 0.000000 0.000000 0.402213 0.416828 0.415597 0.509360 0.465868 0.463548 0.450081 0.452682 0.484816 0.525691 0.570462 0.610497 0.629213 0.638901 0.637727 0.671129 0.718130 0.746068 0.762608 0.781219 0.782750 0.784619 0.784100 0.768008 0.774512 0.819369 0.923849 1.044750 1.176114 1.295081 1.253156 1.300221 1.343591 1.203317 1.489034 1.341009 1.353620 1.046003 1.039094 1.049590 1.041652 1.008071 0.968311 0.924349 0.882430 0.838341 0.811351 0.813767 0.837266 0.875731 0.938169 1.001796 0.995617 0.980054 0.978196 0.993029 1.038287 1.089132 1.144583 1.196120 1.252429 1.343192 1.394221 1.349116 1.237072 1.047020 0.866432 0.793575 0.780783 0.831057 0.895026 0.947381 0.896811 0.856262 0.884042 0.896042 0.795228 0.671978 0.577369 0.515007 0.485440 0.475446 0.517538 0.569132 0.594827 0.555524 0.523075 0.504256 0.429716 0.388813 0.385932 0.470944 0.575399 0.663686 0.761752 0.841693 0.926930 0.970986 1.259800 1.228391 1.223996 1.264232 1.285896 1.200424 1.108015 1.049612 1.006736 1.009603 1.166023 1.140097 1.123959 1.129169 1.037510 0.961543 0.899200 0.842591 0.787538 0.735393 0.676973 0.649785 0.599297 0.598027 0.582002 0.556267 0.468898 0.441601 0.413364 0.000000 0.000000 0.000000 0.000000 0.000000 0.000000 0.000000 0.000000 0.409482 0.456406 0.447294 0.426588 0.412861 0.000000 0.000000 0.000000 0.000000 0.000000 0.000000 0.000000 0.000000 0.000000 0.000000
0.000000 0.000000 0.000000 0.000000 0.000000 0.000000 0.000000 0.000000 0.000000 0.000000 0.000000 0.000000 0.000000 0.000000 0.000000 0.000000 0.000000 0.000000 0.000000 0.000000 0.000000 0.000000 0.000000 0.000000 0.000000 0.000000 0.000000 0.000000 0.000000 0.000000 0.000000 0.000000 0.000000 0.000000 0.000000 0.000000 0.000000 0.000000 0.000000 0.000000 0.000000 0.000000 0.000000 0.000000 0.000000 0.000000 0.000000 0.000000 0.000000 0.000000 0.000000 0.000000 0.000000 0.000000 0.000000 0.000000 0.000000 0.000000 0.000000 0.000000 0.000000 0.000000 0.000000 0.000000 0.000000 0.000000 0.000000 0.000000 0.000000 0.000000 0.000000 0.000000 0.000000 0.000000 0.000000 0.000000 0.000000 0.000000 0.000000 0.000000 0.000000 0.000000 0.000000 0.000000 0.000000 0.000000 0.000000 0.000000 0.000000 0.000000 0.000000 0.000000 0.000000 0.000000 0.000000 0.000000 0.000000 0.000000 0.429778 0.471644 0.506951 0.526022 0.536656 0.534968 0.530511 0.531205 0.531226 0.522795 0.511662 0.503886 0.497637 0.485117 0.465030 0.446328 0.428444 0.416011 0.000000 0.000000 0.000000 0.000000 0.000000 0.000000 0.000000 0.000000 0.000000 0.411093 0.449370 0.480897 0.494464 0.491324 0.491212 0.493599 0.482846 0.459277 0.429856 0.401478 0.000000 0.000000 0.431480 0.482488 0.531232 0.571531 0.602183 0.623231 0.635459 0.649120 0.656892 0.679549 0.706942 0.744611 0.762241 0.771034 0.783513 0.780931 0.775038 0.766748 0.748755 0.773466 0.853000 1.026863 1.149764 1.144690 1.227311 1.309547 1.395347 1.472663 1.512447 1.061183 1.312897 1.296145 0.978269 0.962850 0.953383 0.957043 0.955544 0.928381 0.898660 0.884888 0.884666 0.895166 0.922447 0.961073 1.011149 1.010104 0.979883 0.973115 0.996667 1.012617 1.055148 1.081667 1.118484 1.187496 1.249544 1.282435 1.283637 1.181355 1.052239 0.935530 0.858652 0.813211 0.835131 0.906516 0.935847 0.977112 1.030741 1.026182 0.934043 0.784256 0.673107 0.586012 0.527180 0.469753 0.448879 0.490952 0.544213 0.562361 0.544223 0.513052 0.541701 0.586961 0.535796 0.496176 0.574506 0.671178 0.754399 0.822195 0.898671 1.319217 1.337137 1.290431 1.246379 1.230404 1.230242 1.208475 1.185141 1.176635 1.129528 1.074518 1.045163 0.978284 0.977445 1.141565 1.116648 1.096610 1.025527 0.878086 0.830202 0.845885 0.782318 0.733894 0.689217 0.606517 0.583453 0.552296 0.462944 0.428396 0.411978 0.400604 0.000000 0.000000 0.000000 0.000000 0.000000 0.000000 0.000000 0.000000 0.000000 0.000000 0.000000 0.000000 0.000000 0.000000 0.000000 0.000000 0.420253 0.000000 0.000000 0.000000 0.000000 0.000000
0.000000 0.000000 0.000000 0.000000 0.000000 0.000000 0.000000 0.000000 0.000000 0.000000 0.000000 0.000000 0.000000 0.000000 0.000000 0.000000 0.000000 0.000000 0.000000 0.000000 0.000000 0.000000 0.000000 0.000000 0.000000 0.000000 0.000000 0.000000 0.000000 0.000000 0.000000 0.000000 0.000000 0.000000 0.000000 0.000000 0.000000 0.000000 0.000000 0.000000 0.000000 0.000000 0.000000 0.000000 0.000000 0.000000 0.000000 0.000000 0.000000 0.000000 0.000000 0.000000 0.000000 0.000000 0.000000 0.000000 0.000000 0.000000 0.000000 0.000000 0.000000 0.000000 0.000000 0.000000 0.000000 0.000000 0.000000 0.000000 0.000000 0.000000 0.000000 0.000000 0.000000 0.000000 0.000000 0.000000 0.000000 0.000000 0.000000 0.000000 0.000000 0.000000 0.000000 0.000000 0.000000 0.000000 0.000000 0.000000 0.000000 0.000000 0.000000 0.000000 0.000000 0.000000 0.000000 0.000000 0.000000 0.000000 0.000000 0.000000 0.000000 0.461158 0.493355 0.510597 0.518416 0.530793 0.538321 0.533133 0.519999 0.508257 0.490474 0.464854 0.442144 0.419861 0.000000 0.000000 0.000000 0.000000 0.000000 0.000000 0.000000 0.000000 0.000000 0.000000 0.398379 0.444962 0.485496 0.509937 0.513590 0.503249 0.493283 0.492909 0.489582 0.475705 0.459046 0.436056 0.407142 0.000000 0.000000 0.374269 0.425342 0.497564 0.528204 0.541812 0.563374 0.611951 0.627146 0.625490 0.638935 0.674735 0.714442 0.740521 0.758672 0.768754 0.773659 0.776683 0.773638 0.766105 0.750911 0.784217 0.835322 0.981294 1.024975 1.142105 1.243841 1.332769 1.378145 1.392886 1.210477 1.185967 1.178172 1.198661 0.914126 0.915288 0.893879 0.870239 0.855145 0.860080 0.858958 0.866464 0.883619 0.916666 0.951082 0.988034 0.983647 0.963230 0.961341 0.940663 0.912575 0.892030 0.937707 1.026431 1.118478 1.178035 1.229398 1.252034 1.242602 1.159883 1.076760 0.986667 0.924316 0.939748 0.942287 0.958354 1.029985 1.065187 1.032189 0.938281 0.786731 0.666806 0.571218 0.484041 0.398088 0.386768 0.443442 0.502207 0.528008 0.526447 0.521200 0.605562 0.691727 0.723395 0.678648 0.710946 0.786086 1.234741 1.289568 1.323552 1.324894 1.351100 1.319700 1.266487 1.234729 1.210761 1.211844 1.227808 1.241662 1.193027 1.143685 0.746720 0.989515 0.952043 0.924684 0.874479 0.977899 1.040923 1.007642 0.893991 0.849992 0.828468 0.735843 0.713532 0.692057 0.660937 0.668264 0.633824 0.606472 0.538458 0.510328 0.480438 0.449028 0.413914 0.000000 0.000000 0.000000 0.000000 0.000000 0.385510 0.388513 0.382437 0.000000 0.000000 0.000000 0.000000 0.000000 0.000000 0.000000 0.000000 0.000000 0.000000
0.000000 0.000000 0.000000 0.000000 0.000000 0.000000 0.000000 0.000000 0.000000 0.000000 0.000000 0.000000 0.000000 0.000000 0.000000 0.000000 0.000000 0.000000 0.000000 0.000000 0.000000 0.000000 0.000000 0.000000 0.000000 0.000000 0.000000 0.000000 0.000000 0.000000 0.000000 0.000000 0.000000 0.000000 0.000000 0.000000 0.000000 0.000000 0.000000 0.000000 0.000000 0.000000 0.000000 0.000000 0.000000 0.000000 0.000000 0.000000 0.000000 0.000000 0.000000 0.000000 0.000000 0.000000 0.000000 0.000000 0.000000 0.000000 0.000000 0.000000 0.000000 0.000000 0.000000 0.000000 0.000000 0.000000 0.000000 0.000000 0.000000 0.000000 0.000000 0.000000 0.000000 0.000000 0.000000 0.000000 0.000000 0.000000 0.000000 0.000000 0.000000 0.000000 0.000000 0.000000 0.000000 0.000000 0.000000 0.000000 0.000000 0.000000 0.000000 0.000000 0.000000 0.000000 0.000000 0.000000 0.000000 0.000000 0.000000 0.000000 0.000000 0.000000 0.000000 0.000000 0.000000 0.000000 0.429278 0.438309 0.441042 0.439659 0.429402 0.000000 0.000000 0.000000 0.000000 0.000000 0.000000 0.000000 0.000000 0.000000 0.000000 0.000000 0.000000 0.000000 0.447510 0.495561 0.583036 0.600233 0.607124 0.595828 0.572508 0.572586 0.587117 0.593556 0.588750 0.575591 0.559525 0.477469 0.456633 0.431008 0.402055 0.415494 0.463139 0.501837 0.553693 0.601878 0.628893 0.684960 0.664912 0.617273 0.639828 0.681862 0.706438 0.727927 0.747047 0.762075 0.771045 0.770173 0.763393 0.754107 0.753321 0.770655 0.789783 0.855033 0.988244 1.093332 1.166171 1.200269 1.226961 1.069695 1.062721 1.080038 1.109929 1.148743 0.860190 0.828736 0.810130 0.807996 0.812444 0.833606 0.846749 0.871494 0.910151 0.944741 0.981736 1.013026 0.978835 0.932564 0.887475 0.854047 0.874728 0.942323 1.043640 1.097618 1.154462 1.205805 1.223315 1.251294 1.257502 1.182456 1.121135 1.057882 0.959692 0.982432 1.043465 1.085932 1.085475 1.075763 1.002214 0.844173 0.714213 0.576821 0.424499 0.304032 0.316695 0.397993 0.488288 0.507309 0.529940 0.604460 0.713165 0.790847 0.878487 0.902721 0.913911 1.312684 1.358814 1.394600 1.339014 1.365784 1.361421 1.312505 1.273363 1.249879 1.241660 1.252892 1.339713 1.274894 1.190687 1.148617 1.106220 1.028782 0.967584 0.937551 0.888688 0.934087 0.885027 0.858483 0.858407 0.863311 0.852534 0.825629 0.790265 0.755978 0.777229 0.751087 0.732846 0.710913 0.691111 0.668743 0.634273 0.604545 0.597738 0.579242 0.559425 0.536025 0.457007 0.451206 0.435006 0.411851 0.000000 0.000000 0.000000 0.000000 0.000000 0.000000 0.000000 0.000000 0.000000 0.000000
0.000000 0.000000 0.000000 0.000000 0.000000 0.000000 0.000000 0.000000 0.000000 0.000000 0.000000 0.000000 0.000000 0.000000 0.000000 0.000000 0.000000 0.000000 0.000000 0.000000 0.000000 0.000000 0.000000 0.000000 0.000000 0.000000 0.000000 0.000000 0.000000 0.000000 0.000000 0.000000 0.000000 0.000000 0.000000 0.000000 0.000000 0.000000 0.000000 0.000000 0.000000 0.000000 0.000000 0.000000 0.000000 0.000000 0.000000 0.000000 0.000000 0.000000 0.000000 0.000000 0.000000 0.000000 0.000000 0.000000 0.000000 0.000000 0.000000 0.000000 0.000000 0.000000 0.000000 0.000000 0.000000 0.000000 0.000000 0.000000 0.000000 0.000000 0.000000 0.000000 0.000000 0.000000 0.000000 0.000000 0.000000 0.000000 0.000000 0.000000 0.000000 0.000000 0.000000 0.000000 0.000000 0.000000 0.000000 0.000000 0.000000 0.000000 0.000000 0.000000 0.000000 0.000000 0.000000 0.000000 0.000000 0.000000 0.000000 0.000000 0.000000 0.000000 0.000000 0.000000 0.000000 0.000000 0.000000 0.000000 0.000000 0.000000 0.000000 0.377671 0.000000 0.000000 0.000000 0.000000 0.000000 0.000000 0.000000 0.000000 0.000000 0.000000 0.000000 0.392638 0.447938 0.492952 0.523192 0.543816 0.555388 0.547580 0.527332 0.515342 0.514989 0.519949 0.519504 0.517290 0.515727 0.509229 0.494546 0.468480 0.442187 0.413265 0.000000 0.404231 0.450750 0.483548 0.530913 0.569591 0.631809 0.724950 0.608681 0.607029 0.617767 0.635092 0.672344 0.709350 0.743189 0.749838 0.749049 0.752212 0.746147 0.742175 0.734265 0.736243 0.818891 0.920382 0.923097 0.975766 1.018009 1.056778 1.099164 0.973788 1.015923 1.076916 1.117186 1.149299 0.829308 0.812526 0.818445 0.838694 0.845785 0.855876 0.867839 0.897871 0.937261 0.963657 0.997397 0.991603 0.923258 0.880985 0.902713 0.981509 1.026889 1.042935 1.086985 1.141591 1.190315 1.218334 1.229768 1.225669 1.180377 1.107629 1.090710 1.086221 1.062581 1.075107 1.102155 1.124840 1.460104 1.419507 0.912202 0.755995 0.608851 0.449922 0.309314 0.312380 0.422523 0.548268 0.634588 0.733224 0.773306 0.807235 0.809065 0.791980 0.804301 1.266951 1.277007 1.268242 1.254832 1.282798 1.309754 1.284935 1.273546 1.239957 1.196138 1.196729 1.300382 1.276018 1.214389 1.180141 1.127066 1.080623 1.046550 1.014389 1.008704 1.320966 1.428504 0.936422 0.795289 0.789940 0.645554 0.651166 0.796264 0.789973 0.836386 0.826479 0.818962 0.815060 0.806412 0.787151 0.776931 0.764449 0.741084 0.713093 0.678747 0.637626 0.585518 0.528562 0.413214 0.381085 0.000000 0.000000 0.000000 0.439028 0.466990 0.461071 0.000000 0.000000 0.000000 0.000000
0.000000 0.000000 0.000000 0.000000 0.000000 0.000000 0.000000 0.000000 0.000000 0.000000 0.000000 0.000000 0.000000 0.000000 0.000000 0.000000 0.000000 0.000000 0.000000 0.000000 0.000000 0.000000 0.000000 0.000000 0.000000 0.000000 0.000000 0.000000 0.000000 0.000000 0.000000 0.000000 0.000000 0.000000 0.000000 0.000000 0.000000 0.000000 0.000000 0.000000 0.000000 0.000000 0.000000 0.000000 0.000000 0.000000 0.000000 0.000000 0.000000 0.000000 0.000000 0.000000 0.000000 0.000000 0.000000 0.000000 0.000000 0.000000 0.000000 0.000000 0.000000 0.000000 0.000000 0.000000 0.000000 0.000000 0.000000 0.000000 0.000000 0.000000 0.000000 0.000000 0.000000 0.000000 0.000000 0.000000 0.000000 0.000000 0.000000 0.000000 0.000000 0.000000 0.000000 0.000000 0.000000 0.000000 0.000000 0.000000 0.000000 0.000000 0.000000 0.000000 0.000000 0.000000 0.000000 0.000000 0.000000 0.000000 0.000000 0.000000 0.000000 0.000000 0.000000 0.000000 0.000000 0.000000 0.000000 0.000000 0.000000 0.000000 0.000000 0.000000 0.000000 0.000000 0.000000 0.000000 0.000000 0.000000 0.000000 0.000000 0.000000 0.000000 0.000000 0.000000 0.000000 0.000000 0.399790 0.416401 0.424027 0.424468 0.420442 0.417560 0.427127 0.447682 0.457999 0.458359 0.460726 0.459901 0.451224 0.434126 0.414615 0.393803 0.000000 0.000000 0.000000 0.000000 0.000000 0.419765 0.492624 0.555943 0.573332 0.558548 0.520146 0.519350 0.563338 0.621097 0.677899 0.697065 0.706400 0.727891 0.736811 0.744856 0.748122 0.767445 0.779257 0.787137 0.899514 0.893006 0.927703 0.961608 1.009202 1.074463 1.145326 1.051725 1.104062 1.116217 1.117817 0.808728 0.809465 0.847688 0.890187 0.900959 0.892448 0.897813 0.905365 0.910340 0.921500 0.942383 0.972322 0.961626 0.965068 1.025816 1.049097 1.046757 1.035279 1.063906 1.109788 1.147995 1.171453 1.174279 1.141552 1.095354 1.061860 1.059982 1.058440 1.070793 1.068953 1.064514 1.075054 1.073772 1.414118 0.927430 0.779765 0.624337 0.462396 0.340624 0.378241 0.504197 0.682400 0.827460 0.898814 0.869775 0.801489 0.762207 0.721573 1.134261 1.141852 1.167139 1.146175 1.149996 1.151160 1.147439 1.133959 1.125641 1.130882 1.126050 1.155051 1.178101 1.177346 1.155077 1.094826 1.047980 1.024178 0.991948 0.984162 1.046801 1.039858 1.306236 1.150326 0.740224 0.784360 0.729974 0.658462 0.637341 0.657712 0.694820 0.731266 0.716549 0.754558 0.843550 0.847200 0.829665 0.804579 0.759778 0.708046 0.654260 0.596775 0.545889 0.414442 0.387345 0.000000 0.000000 0.000000 0.425155 0.480518 0.504050 0.436531 0.000000 0.000000 0.000000
0.000000 0.000000 0.000000 0.000000 0.000000 0.000000 0.000000 0.000000 0.000000 0.000000 0.000000 0.000000 0.000000 0.000000 0.000000 0.000000 0.000000 0.000000 0.000000 0.000000 0.000000 0.000000 0.000000 0.000000 0.000000 0.000000 0.000000 0.000000 0.000000 0.000000 0.000000 0.000000 0.000000 0.000000 0.000000 0.000000 0.000000 0.000000 0.000000 0.000000 0.000000 0.000000 0.000000 0.000000 0.000000 0.000000 0.000000 0.000000 0.000000 0.000000 0.000000 0.000000 0.000000 0.000000 0.000000 0.000000 0.000000 0.000000 0.000000 0.000000 0.000000 0.000000 0.000000 0.000000 0.000000 0.000000 0.000000 0.000000 0.000000 0.000000 0.000000 0.000000 0.000000 0.000000 0.000000 0.000000 0.000000 0.000000 0.000000 0.000000 0.000000 0.000000 0.000000 0.000000 0.000000 0.000000 0.000000 0.000000 0.000000 0.000000 0.000000 0.000000 0.000000 0.000000 0.000000 0.000000 0.000000 0.000000 0.000000 0.000000 0.000000 0.000000 0.000000 0.000000 0.000000 0.000000 0.000000 0.000000 0.000000 0.000000 0.000000 0.000000 0.000000 0.000000 0.000000 0.000000 0.000000 0.000000 0.000000 0.506955 0.000000 0.000000 0.000000 0.000000 0.000000 0.000000 0.000000 0.000000 0.000000 0.000000 0.000000 0.000000 0.000000 0.000000 0.000000 0.396909 0.415910 0.422032 0.417039 0.404472 0.384229 0.000000 0.000000 0.000000 0.000000 0.000000 0.000000 0.000000 0.000000 0.418475 0.469759 0.499924 0.500020 0.499276 0.483219 0.511371 0.645821 0.707276 0.750013 0.786727 0.798988 0.810301 0.821013 0.831356 0.841412 0.849354 0.854451 0.906357 0.962455 0.925272 0.987458 1.055607 1.124380 1.217166 1.280531 1.119893 1.089141 1.072231 1.088366 1.131265 1.180269 1.238625 1.281473 0.951323 0.906860 0.850027 0.841342 0.859165 0.886243 0.915155 0.944084 0.977666 1.013679 1.070854 1.047510 1.028465 1.035755 1.069002 1.077935 1.064396 1.048967 1.021786 0.988275 0.993185 1.004698 1.017834 1.034327 0.981946 0.943795 0.918301 0.882231 0.858647 0.889088 0.713614 0.550560 0.449972 0.487649 0.588199 0.696092 0.839681 0.966566 0.970487 0.818090 0.813915 0.751379 1.061522 1.012848 1.021831 1.024578 1.032781 1.040995 1.084348 1.124426 1.131863 1.142231 1.143045 1.113975 1.093799 1.078671 1.067206 1.036943 0.999536 0.959107 0.919912 0.898748 0.920959 0.885308 0.841775 0.789557 0.980959 0.941974 0.675934 0.609279 0.685183 0.701821 0.633157 0.559447 0.624977 0.659052 0.720622 0.720563 0.709707 0.687603 0.660505 0.624245 0.583046 0.542596 0.499014 0.000000 0.000000 0.000000 0.000000 0.000000 0.000000 0.413236 0.456167 0.410502 0.000000 0.000000 0.000000
0.000000 0.000000 0.000000 0.000000 0.000000 0.000000 0.000000 0.000000 0.000000 0.000000 0.000000 0.000000 0.000000 0.000000 0.000000 0.000000 0.000000 0.000000 0.000000 0.000000 0.000000 0.000000 0.000000 0.000000 0.000000 0.000000 0.000000 0.000000 0.000000 0.000000 0.000000 0.000000 0.000000 0.000000 0.000000 0.000000 0.000000 0.000000 0.000000 0.000000 0.000000 0.000000 0.000000 0.000000 0.000000 0.000000 0.000000 0.000000 0.000000 0.000000 0.000000 0.000000 0.000000 0.000000 0.000000 0.000000 0.000000 0.000000 0.000000 0.000000 0.000000 0.000000 0.000000 0.000000 0.000000 0.000000 0.000000 0.000000 0.000000 0.000000 0.000000 0.000000 0.000000 0.000000 0.000000 0.000000 0.000000 0.000000 0.000000 0.000000 0.000000 0.000000 0.000000 0.000000 0.000000 0.000000 0.000000 0.000000 0.000000 0.000000 0.000000 0.000000 0.000000 0.000000 0.000000 0.000000 0.000000 0.000000 0.000000 0.000000 0.000000 0.000000 0.000000 0.000000 0.000000 0.000000 0.000000 0.000000 0.000000 0.000000 0.000000 0.000000 0.000000 0.000000 0.000000 0.000000 0.000000 0.000000 0.000000 0.000000 0.000000 0.000000 0.000000 0.000000 0.000000 0.000000 0.000000 0.000000 0.000000 0.000000 0.000000 0.000000 0.000000 0.000000 0.000000 0.000000 0.000000 0.000000 0.000000 0.000000 0.000000 0.000000 0.000000 0.000000 0.000000 0.000000 0.000000 0.000000 0.000000 0.000000 0.000000 0.426881 0.496617 0.547713 0.572038 0.595448 0.617223 0.641821 0.694431 0.755652 0.798538 0.804538 0.805967 0.815277 0.828591 0.841035 0.847890 0.859744 0.880160 0.960562 1.038655 1.101849 1.162491 1.179735 1.274966 1.310284 1.304629 1.109945 1.072365 1.067118 1.102031 1.157173 1.199763 1.258583 0.885443 0.773526 0.708945 0.706053 0.743233 0.801282 0.838775 0.879513 0.917380 0.955067 1.014974 1.052286 1.027709 1.016578 1.001756 0.967922 0.933883 0.898448 0.878004 0.894324 0.915389 0.920882 0.920249 0.896589 0.852246 0.751645 0.648722 0.603256 0.624721 0.705494 0.616625 0.543809 0.571817 0.686778 0.798266 0.843906 0.901748 0.955090 0.885350 0.739021 0.681983 1.062755 1.066093 1.058533 1.022268 0.990030 0.979039 0.992814 1.023233 1.060917 1.068383 1.058998 1.032622 1.008974 1.001049 0.975152 0.960657 0.946188 0.900446 0.857911 0.813542 0.803311 0.786371 0.759072 0.743442 0.721422 0.666238 0.892392 0.917832 0.742958 0.722503 0.732162 0.707248 0.648682 0.571811 0.572131 0.508038 0.497825 0.478166 0.456327 0.430692 0.000000 0.000000 0.000000 0.000000 0.000000 0.000000 0.000000 0.000000 0.000000 0.000000 0.000000 0.000000 0.000000 0.000000 0.000000
0.000000 0.000000 0.000000 0.000000 0.000000 0.000000 0.000000 0.000000 0.000000 0.000000 0.000000 0.000000 0.000000 0.000000 0.000000 0.000000 0.000000 0.000000 0.000000 0.000000 0.000000 0.000000 0.000000 0.000000 0.000000 0.000000 0.000000 0.000000 0.000000 0.000000 0.000000 0.000000 0.000000 0.000000 0.000000 0.000000 0.000000 0.000000 0.000000 0.000000 0.000000 0.000000 0.000000 0.000000 0.000000 0.000000 0.000000 0.000000 0.000000 0.000000 0.000000 0.000000 0.000000 0.000000 0.000000 0.000000 0.000000 0.000000 0.000000 0.000000 0.000000 0.000000 0.000000 0.000000 0.000000 0.000000 0.000000 0.000000 0.000000 0.000000 0.000000 0.000000 0.000000 0.000000 0.000000 0.000000 0.000000 0.000000 0.000000 0.000000 0.000000 0.000000 0.000000 0.000000 0.000000 0.000000 0.000000 0.000000 0.000000 0.000000 0.000000 0.000000 0.000000 0.000000 0.000000 0.000000 0.000000 0.000000 0.000000 0.000000 0.000000 0.000000 0.000000 0.000000 0.000000 0.000000 0.000000 0.000000 0.000000 0.000000 0.000000 0.000000 0.000000 0.000000 0.000000 0.000000 0.000000 0.000000 0.000000 0.000000 0.000000 0.000000 0.000000 0.000000 0.000000 0.000000 0.000000 0.000000 0.000000 0.000000 0.000000 0.000000 0.000000 0.000000 0.000000 0.000000 0.000000 0.000000 0.000000 0.000000 0.000000 0.000000 0.000000 0.000000 0.000000 0.000000 0.000000 0.000000 0.000000 0.000000 0.000000 0.000000 0.429896 0.510632 0.562260 0.599643 0.606400 0.611183 0.611253 0.647318 0.692723 0.715644 0.743549 0.764087 0.773365 0.783014 0.786400 0.795255 0.810453 0.834529 0.866888 0.959185 1.034436 1.141465 1.290907 1.374781 1.379816 1.396361 1.284346 1.078738 1.061221 1.085283 1.124774 1.192124 0.877518 0.774663 0.709622 0.687182 0.686574 0.704553 0.725271 0.756838 0.809394 0.867224 0.916328 0.963580 0.999658 1.024089 0.995678 0.959420 0.905391 0.852348 0.800696 0.764158 0.757497 0.773232 0.772603 0.721886 0.662439 0.625554 0.512817 0.443027 0.432651 0.449125 0.572517 0.679522 0.696972 0.792237 0.719063 0.705846 0.769762 0.875922 0.859719 0.731864 0.654557 0.728653 1.136609 1.108789 1.072310 1.064930 1.033935 0.996308 0.978775 0.980733 0.988503 0.987951 0.976196 0.953933 0.938969 0.909951 0.873516 0.888200 0.880486 0.829301 0.792399 0.766456 0.750536 0.738202 0.729834 0.716299 0.859973 0.817743 0.774531 0.768090 0.703852 0.676711 0.652200 0.692462 0.689588 0.668225 0.498713 0.000000 0.000000 0.000000 0.000000 0.000000 0.000000 0.000000 0.000000 0.000000 0.000000 0.000000 0.000000 0.000000 0.000000 0.000000 0.000000 0.000000 0.000000 0.000000
0.000000 0.000000 0.000000 0.000000 0.000000 0.000000 0.000000 0.000000 0.000000 0.000000 0.000000 0.000000 0.000000 0.000000 0.000000 0.000000 0.000000 0.000000 0.000000 0.000000 0.000000 0.000000 0.000000 0.000000 0.000000 0.000000 0.000000 0.000000 0.000000 0.000000 0.000000 0.000000 0.000000 0.000000 0.000000 0.000000 0.000000 0.000000 0.000000 0.000000 0.000000 0.000000 0.000000 0.000000 0.000000 0.000000 0.000000 0.000000 0.000000 0.000000 0.000000 0.000000 0.000000 0.000000 0.000000 0.000000 0.000000 0.000000 0.000000 0.000000 0.000000 0.000000 0.000000 0.000000 0.000000 0.000000 0.000000 0.000000 0.000000 0.000000 0.000000 0.000000 0.000000 0.000000 0.000000 0.000000 0.000000 0.000000 0.000000 0.000000 0.000000 0.000000 0.000000 0.000000 0.000000 0.000000 0.000000 0.000000 0.000000 0.000000 0.000000 0.000000 0.000000 0.000000 0.000000 0.000000 0.000000 0.000000 0.000000 0.000000 0.000000 0.000000 0.000000 0.000000 0.000000 0.000000 0.000000 0.000000 0.000000 0.000000 0.000000 0.000000 0.000000 0.000000 0.000000 0.000000 0.000000 0.000000 0.000000 0.000000 0.000000 0.000000 0.000000 0.000000 0.000000 0.000000 0.000000 0.000000 0.000000 0.000000 0.000000 0.000000 0.000000 0.000000 0.000000 0.000000 0.000000 0.000000 0.000000 0.000000 0.000000 0.000000 0.000000 0.000000 0.000000 0.000000 0.000000 0.000000 0.000000 0.000000 0.000000 0.000000 0.000000 0.428314 0.468277 0.509781 0.562291 0.600284 0.613342 0.603785 0.628223 0.657947 0.654365 0.652469 0.652946 0.686891 0.690022 0.691689 0.696211 0.699576 0.733415 0.759467 0.788601 0.903357 1.080223 1.176180 1.204602 1.257726 1.287751 1.319414 1.065406 1.069070 1.103675 1.152044 0.820057 0.767350 0.761397 0.779583 0.781321 0.772472 0.773511 0.765607 0.754303 0.771748 0.821496 0.879562 0.902138 0.916460 0.931839 0.939716 0.935562 0.880113 0.813593 0.734737 0.646918 0.621991 0.601897 0.541911 0.457104 0.366465 0.387475 0.437694 0.458875 0.455184 0.472417 0.532305 0.629275 0.648389 0.528530 0.502692 0.561704 0.714613 0.845791 0.831859 0.792155 0.752933 0.698417 1.071041 1.114502 1.183930 1.238225 1.251943 1.208550 1.122763 1.069486 1.013446 0.970530 0.957110 0.933304 1.082888 0.867675 0.904334 0.973345 1.034659 1.082677 1.080861 0.959859 0.834319 0.842797 0.815842 0.932091 0.900625 0.862834 0.811440 0.752711 0.676487 0.620366 0.558498 0.584191 0.598276 0.594381 0.557415 0.480259 0.000000 0.000000 0.000000 0.000000 0.431001 0.000000 0.000000 0.000000 0.000000 0.382624 0.381985 0.404164 0.412462 0.000000 0.000000 0.000000 0.000000
0.000000 0.000000 0.000000 0.000000 0.000000 0.000000 0.000000 0.000000 0.000000 0.000000 0.000000 0.000000 0.000000 0.000000 0.000000 0.000000 0.000000 0.000000 0.000000 0.000000 0.000000 0.000000 0.000000 0.000000 0.000000 0.000000 0.000000 0.000000 0.000000 0.000000 0.000000 0.000000 0.000000 0.000000 0.000000 0.000000 0.000000 0.000000 0.000000 0.000000 0.000000 0.000000 0.000000 0.000000 0.000000 0.000000 0.000000 0.000000 0.000000 0.000000 0.000000 0.000000 0.000000 0.000000 0.000000 0.000000 0.000000 0.000000 0.000000 0.000000 0.000000 0.000000 0.000000 0.000000 0.000000 0.000000 0.000000 0.000000 0.000000 0.000000 0.000000 0.000000 0.000000 0.000000 0.000000 0.000000 0.000000 0.000000 0.000000 0.000000 0.000000 0.000000 0.000000 0.000000 0.000000 0.000000 0.000000 0.000000 0.000000 0.000000 0.000000 0.000000 0.000000 0.000000 0.000000 0.000000 0.000000 0.000000 0.000000 0.000000 0.000000 0.000000 0.000000 0.000000 0.000000 0.000000 0.000000 0.000000 0.000000 0.000000 0.000000 0.000000 0.000000 0.000000 0.000000 0.000000 0.000000 0.000000 0.000000 0.000000 0.000000 0.000000 0.000000 0.000000 0.000000 0.000000 0.000000 0.000000 0.000000 0.000000 0.000000 0.000000 0.000000 0.000000 0.000000 0.000000 0.000000 0.000000 0.000000 0.000000 0.000000 0.000000 0.000000 0.000000 0.000000 0.000000 0.000000 0.000000 0.000000 0.000000 0.000000 0.000000 0.000000 0.000000 0.454458 0.560947 0.627334 0.645529 0.647071 0.647838 0.662589 0.684109 0.700399 0.725346 0.730838 0.722977 0.686243 0.700055 0.670180 0.654950 0.672727 0.684310 0.688092 0.689396 0.793065 0.846159 0.932840 1.030067 1.094085 1.139104 1.197408 1.157946 1.210396 1.069328 1.079459 0.775939 0.854527 0.936131 0.973718 0.969321 0.935296 0.903640 0.881278 0.830981 0.784907 0.767569 0.794739 0.836782 0.864420 0.870105 0.870646 0.874215 0.861603 0.831064 0.693600 0.604625 0.517689 0.369753 0.213005 0.176148 0.275089 0.401403 0.532420 0.606214 0.599523 0.533679 0.527307 0.574654 0.551212 0.387903 0.273416 0.353044 0.575715 0.739733 0.786901 0.815842 0.854908 1.171142 1.146777 1.114204 1.113361 1.191452 1.144882 1.099467 1.124877 1.133495 1.114331 1.061517 0.981500 1.081491 1.035189 0.852032 0.887817 0.872477 0.893359 0.923872 0.902336 0.855249 0.831450 0.825846 0.990593 0.956376 0.918768 0.882513 0.826219 0.764570 0.694295 0.625540 0.557242 0.550044 0.451808 0.507822 0.516966 0.493699 0.549651 0.603859 0.605777 0.525992 0.482916 0.402325 0.000000 0.417009 0.452257 0.476160 0.500131 0.498285 0.446077 0.407582 0.000000 0.000000
0.000000 0.000000 0.000000 0.000000 0.000000 0.000000 0.000000 0.000000 0.000000 0.000000 0.000000 0.000000 0.000000 0.000000 0.000000 0.000000 0.000000 0.000000 0.000000 0.000000 0.000000 0.000000 0.000000 0.000000 0.000000 0.000000 0.000000 0.000000 0.000000 0.000000 0.000000 0.000000 0.000000 0.000000 0.000000 0.000000 0.000000 0.000000 0.000000 0.000000 0.000000 0.000000 0.000000 0.000000 0.000000 0.000000 0.000000 0.000000 0.000000 0.000000 0.000000 0.000000 0.000000 0.000000 0.000000 0.000000 0.000000 0.000000 0.000000 0.000000 0.000000 0.000000 0.000000 0.000000 0.000000 0.000000 0.000000 0.000000 0.000000 0.000000 0.000000 0.000000 0.000000 0.000000 0.000000 0.000000 0.000000 0.000000 0.000000 0.000000 0.000000 0.000000 0.000000 0.000000 0.000000 0.000000 0.000000 0.000000 0.000000 0.000000 0.000000 0.000000 0.000000 0.000000 0.000000 0.000000 0.000000 0.000000 0.000000 0.000000 0.000000 0.000000 0.000000 0.000000 0.000000 0.000000 0.000000 0.000000 0.000000 0.000000 0.000000 0.000000 0.000000 0.000000 0.000000 0.000000 0.000000 0.000000 0.000000 0.000000 0.000000 0.000000 0.000000 0.000000 0.000000 0.000000 0.000000 0.000000 0.000000 0.000000 0.000000 0.000000 0.000000 0.000000 0.000000 0.000000 0.000000 0.000000 0.000000 0.000000 0.000000 0.000000 0.000000 0.000000 0.000000 0.000000 0.000000 0.000000 0.000000 0.000000 0.000000 0.000000 0.000000 0.000000 0.000000 0.504047 0.549633 0.594155 0.611356 0.633153 0.637928 0.663429 0.700797 0.742498 0.764591 0.779523 0.773962 0.750807 0.708370 0.684103 0.664496 0.665073 0.649250 0.669715 0.683663 0.689898 0.713141 0.764252 0.814638 0.896134 0.982248 1.086201 1.168198 1.115725 0.984154 1.030450 1.157702 1.271554 1.324175 1.346691 1.017583 0.993262 0.987781 0.983828 0.949356 0.865381 0.768163 0.726646 0.722994 0.744400 0.774840 0.775942 0.746892 0.726007 0.716536 0.704396 0.615523 0.448753 0.321018 0.200572 0.163643 0.249111 0.361530 0.461916 0.524380 0.564803 0.593971 0.572904 0.623269 0.556602 0.375018 0.251068 0.229047 0.407519 0.624621 0.763635 0.819309 0.910544 1.324133 1.336300 1.337240 1.348923 1.335563 1.253996 1.183064 1.129394 1.164615 1.150722 1.130681 1.098069 1.199986 0.891649 0.884013 0.786539 0.395645 0.798892 0.830952 1.058436 0.872589 0.866139 0.830939 0.802842 0.777054 0.752784 0.720198 0.836743 0.780523 0.731757 0.677076 0.667498 0.605242 0.462866 0.427128 0.000000 0.000000 0.517714 0.603019 0.526681 0.492259 0.437428 0.000000 0.411071 0.515764 0.564151 0.573487 0.549607 0.506621 0.466881 0.448404 0.000000
0.000000 0.000000 0.000000 0.000000 0.000000 0.000000 0.000000 0.000000 0.000000 0.000000 0.000000 0.000000 0.000000 0.000000 0.000000 0.000000 0.000000 0.000000 0.000000 0.000000 0.000000 0.000000 0.000000 0.000000 0.000000 0.000000 0.000000 0.000000 0.000000 0.000000 0.000000 0.000000 0.000000 0.000000 0.000000 0.000000 0.000000 0.000000 0.000000 0.000000 0.000000 0.000000 0.000000 0.000000 0.000000 0.000000 0.000000 0.000000 0.000000 0.000000 0.000000 0.000000 0.000000 0.000000 0.000000 0.000000 0.000000 0.000000 0.000000 0.000000 0.000000 0.000000 0.000000 0.000000 0.000000 0.000000 0.000000 0.000000 0.000000 0.000000 0.000000 0.000000 0.000000 0.000000 0.000000 0.000000 0.000000 0.000000 0.000000 0.000000 0.000000 0.000000 0.000000 0.000000 0.000000 0.000000 0.000000 0.000000 0.000000 0.000000 0.000000 0.000000 0.000000 0.000000 0.000000 0.000000 0.000000 0.000000 0.000000 0.000000 0.000000 0.000000 0.000000 0.000000 0.000000 0.000000 0.000000 0.000000 0.000000 0.000000 0.000000 0.000000 0.000000 0.000000 0.000000 0.000000 0.000000 0.000000 0.000000 0.000000 0.000000 0.000000 0.000000 0.000000 0.000000 0.000000 0.000000 0.000000 0.000000 0.000000 0.000000 0.000000 0.000000 0.000000 0.000000 0.000000 0.000000 0.000000 0.000000 0.000000 0.000000 0.000000 0.000000 0.000000 0.000000 0.000000 0.000000 0.000000 0.000000 0.000000 0.000000 0.000000 0.000000 0.000000 0.000000 0.000000 0.432065 0.472148 0.496495 0.508829 0.518747 0.585143 0.639896 0.685970 0.719036 0.756404 0.782532 0.791451 0.776647 0.742309 0.716920 0.678130 0.662844 0.647821 0.604988 0.690519 0.751915 0.788933 0.746562 0.870385 0.865261 0.892560 0.929756 1.011237 0.935704 1.201279 1.117008 1.232895 1.303299 1.338417 1.367536 1.374460 1.383765 1.071876 1.076098 1.068679 1.000390 0.892996 0.796077 0.750833 0.715695 0.714892 0.706707 0.692086 0.660498 0.624731 0.595544 0.547424 0.507624 0.450357 0.309316 0.213405 0.177188 0.227330 0.324681 0.412350 0.502966 0.586102 0.639298 0.641357 0.489402 0.393913 0.376359 0.285168 0.340429 0.532472 0.715112 0.861463 1.018898 1.370846 1.378131 1.383889 1.353287 1.238962 1.136441 1.103026 1.152441 1.192656 1.235066 0.941639 1.138693 0.764343 1.056577 0.799840 0.699079 0.542944 0.404641 0.415116 0.441056 0.857661 0.847899 0.848685 0.839055 0.821845 0.800257 0.774459 0.723127 0.674201 0.802712 0.837989 0.800111 0.755178 0.693434 0.627247 0.490881 0.523536 0.462407 0.462375 0.447322 0.528956 0.574710 0.704646 0.792731 0.885001 0.899113 0.914991 0.639786 0.510971 0.472457 0.000000
0.000000 0.000000 0.000000 0.000000 0.000000 0.000000 0.000000 0.000000 0.000000 0.000000 0.000000 0.000000 0.000000 0.000000 0.000000 0.000000 0.000000 0.000000 0.000000 0.000000 0.000000 0.000000 0.000000 0.000000 0.000000 0.000000 0.000000 0.000000 0.000000 0.000000 0.000000 0.000000 0.000000 0.000000 0.000000 0.000000 0.000000 0.000000 0.000000 0.000000 0.000000 0.000000 0.000000 0.000000 0.000000 0.000000 0.000000 0.000000 0.000000 0.000000 0.000000 0.000000 0.000000 0.000000 0.000000 0.000000 0.000000 0.000000 0.000000 0.000000 0.000000 0.000000 0.000000 0.000000 0.000000 0.000000 0.000000 0.000000 0.000000 0.000000 0.000000 0.000000 0.000000 0.000000 0.000000 0.000000 0.000000 0.000000 0.000000 0.000000 0.000000 0.000000 0.000000 0.000000 0.000000 0.000000 0.000000 0.000000 0.000000 0.000000 0.000000 0.000000 0.000000 0.000000 0.000000 0.000000 0.000000 0.000000 0.000000 0.000000 0.000000 0.000000 0.000000 0.000000 0.000000 0.000000 0.000000 0.000000 0.000000 0.000000 0.000000 0.000000 0.000000 0.000000 0.000000 0.000000 0.000000 0.000000 0.000000 0.000000 0.000000 0.000000 0.000000 0.000000 0.000000 0.000000 0.000000 0.000000 0.000000 0.000000 0.000000 0.000000 0.000000 0.000000 0.000000 0.000000 0.000000 0.000000 0.000000 0.000000 0.000000 0.000000 0.000000 0.000000 0.000000 0.000000 0.000000 0.000000 0.000000 0.000000 0.000000 0.000000 0.000000 0.000000 0.000000 0.000000 0.000000 0.000000 0.000000 0.000000 0.000000 0.511747 0.465335 0.540200 0.586451 0.640175 0.685792 0.728341 0.725945 0.714833 0.717766 0.697728 0.675459 0.646362 0.622637 0.687317 0.759024 0.810703 0.767781 0.793629 0.801547 0.811740 0.832887 0.880403 0.990231 1.103730 1.228851 0.866257 0.860606 1.308364 1.340129 1.332729 1.314075 1.325212 1.355846 1.387408 1.430110 1.090079 0.996773 0.916579 0.818272 0.745529 0.688985 0.669069 0.662425 0.659823 0.643973 0.596918 0.556793 0.597993 0.526645 0.441033 0.327563 0.219595 0.181889 0.236470 0.351087 0.455980 0.557534 0.631611 0.632235 0.433674 0.378674 0.390153 0.364298 0.357588 0.501973 1.034391 1.074245 1.080297 1.088095 1.085980 1.072151 0.699268 0.611763 0.545804 0.537770 0.602035 0.647368 0.671208 0.991815 0.674925 0.961793 0.603327 0.904630 0.729675 0.254545 0.391402 0.481509 0.539030 0.555657 0.883342 0.862450 0.913029 0.929772 0.914099 0.855591 0.784822 0.728982 0.708951 0.908705 0.892550 0.870345 0.820178 0.767628 0.722378 0.689547 0.683326 0.653497 0.694323 0.732792 0.790362 0.827328 0.825366 0.812265 0.809817 0.691656 0.588672 0.490830 0.000000
0.000000 0.000000 0.000000 0.000000 0.000000 0.000000 0.000000 0.000000 0.000000 0.000000 0.000000 0.000000 0.000000 0.000000 0.000000 0.000000 0.000000 0.000000 0.000000 0.000000 0.000000 0.000000 0.000000 0.000000 0.000000 0.000000 0.000000 0.000000 0.000000 0.000000 0.000000 0.000000 0.000000 0.000000 0.000000 0.000000 0.000000 0.000000 0.000000 0.000000 0.000000 0.000000 0.000000 0.000000 0.000000 0.000000 0.000000 0.000000 0.000000 0.000000 0.000000 0.000000 0.000000 0.000000 0.000000 0.000000 0.000000 0.000000 0.000000 0.000000 0.000000 0.000000 0.000000 0.000000 0.000000 0.000000 0.000000 0.000000 0.000000 0.000000 0.000000 0.000000 0.000000 0.000000 0.000000 0.000000 0.000000 0.000000 0.000000 0.000000 0.000000 0.000000 0.000000 0.000000 0.000000 0.000000 0.000000 0.000000 0.000000 0.000000 0.000000 0.000000 0.000000 0.000000 0.000000 0.000000 0.000000 0.000000 0.000000 0.000000 0.000000 0.000000 0.000000 0.000000 0.000000 0.000000 0.000000 0.000000 0.000000 0.000000 0.000000 0.000000 0.000000 0.000000 0.000000 0.000000 0.000000 0.000000 0.000000 0.000000 0.000000 0.000000 0.000000 0.000000 0.000000 0.000000 0.000000 0.000000 0.000000 0.000000 0.000000 0.000000 0.000000 0.000000 0.000000 0.000000 0.000000 0.000000 0.000000 0.000000 0.000000 0.000000 0.000000 0.000000 0.000000 0.000000 0.000000 0.438508 0.460345 0.478818 0.491913 0.504563 0.518384 0.531782 0.530816 0.514052 0.494653 0.461696 0.420468 0.000000 0.000000 0.000000 0.000000 0.000000 0.000000 0.000000 0.516072 0.582511 0.597199 0.611463 0.633685 0.633608 0.630977 0.617181 0.613042 0.640350 0.683475 0.734008 0.760874 0.729758 0.759082 0.785565 0.814489 0.834123 0.844725 0.963281 1.075158 1.216206 1.349096 0.978568 0.966025 0.923211 0.859257 1.195791 1.203828 1.245071 1.303591 1.363313 1.419797 1.051992 0.964482 0.853455 0.733223 0.651407 0.592192 0.589645 0.617059 0.650734 0.666750 0.656685 0.636869 0.711347 0.635988 0.501279 0.386040 0.296275 0.297668 0.382854 0.465573 0.551661 0.618960 0.675532 0.615289 0.568311 0.536829 0.552116 0.361992 0.404162 0.450451 0.477294 0.592151 0.540400 0.366332 0.334218 0.282542 0.347509 0.448566 0.536333 0.593766 0.621834 0.644724 0.627331 0.527232 0.478363 0.521987 0.458555 0.273799 0.225001 0.329221 0.427023 0.512510 0.602120 1.023360 1.044705 0.997571 0.939900 0.904813 0.857713 0.971139 0.918576 1.041953 0.951230 0.930043 0.904902 0.875575 0.846681 0.832934 0.807613 0.753365 0.694805 0.681127 0.708858 0.748552 0.757013 0.747235 0.747033 0.663002 0.545564 0.492342 0.000000
0.000000 0.000000 0.000000 0.000000 0.000000 0.000000 0.000000 0.000000 0.000000 0.000000 0.000000 0.000000 0.000000 0.000000 0.000000 0.000000 0.000000 0.000000 0.000000 0.000000 0.000000 0.000000 0.000000 0.000000 0.000000 0.000000 0.000000 0.000000 0.000000 0.000000 0.000000 0.000000 0.000000 0.000000 0.000000 0.000000 0.000000 0.000000 0.000000 0.000000 0.000000 0.000000 0.000000 0.000000 0.000000 0.000000 0.000000 0.000000 0.000000 0.000000 0.000000 0.000000 0.000000 0.000000 0.000000 0.000000 0.000000 0.000000 0.000000 0.000000 0.000000 0.000000 0.000000 0.000000 0.000000 0.000000 0.000000 0.000000 0.000000 0.000000 0.000000 0.000000 0.000000 0.000000 0.000000 0.000000 0.000000 0.000000 0.000000 0.000000 0.000000 0.000000 0.000000 0.000000 0.000000 0.000000 0.000000 0.000000 0.000000 0.000000 0.000000 0.000000 0.000000 0.000000 0.000000 0.000000 0.000000 0.000000 0.000000 0.000000 0.000000 0.000000 0.000000 0.000000 0.000000 0.000000 0.000000 0.000000 0.000000 0.000000 0.000000 0.000000 0.000000 0.000000 0.000000 0.000000 0.000000 0.000000 0.000000 0.000000 0.000000 0.000000 0.000000 0.000000 0.000000 0.000000 0.000000 0.000000 0.000000 0.000000 0.000000 0.000000 0.000000 0.000000 0.000000 0.000000 0.000000 0.000000 0.000000 0.000000 0.000000 0.000000 0.000000 0.000000 0.000000 0.000000 0.442693 0.477273 0.507709 0.534141 0.548653 0.562920 0.587227 0.630893 0.627440 0.639209 0.637277 0.623789 0.598967 0.562361 0.517417 0.469115 0.420637 0.000000 0.000000 0.000000 0.000000 0.000000 0.000000 0.000000 0.443493 0.454592 0.521526 0.525644 0.536616 0.506202 0.554879 0.590343 0.620664 0.659715 0.731630 0.792976 0.835753 0.792812 0.793869 0.816263 0.872061 1.021886 1.183437 1.321108 1.246572 0.974213 0.886953 0.784147 0.710828 0.704650 1.147720 1.211853 1.280902 1.368055 1.405298 0.994493 0.875935 0.754896 0.639156 0.564436 0.579813 0.626617 0.690594 0.736043 0.746163 0.732229 0.711401 0.840550 0.789851 0.560038 0.384169 0.306590 0.347199 0.477373 0.583722 0.656944 0.716257 0.653395 0.583159 0.580991 0.556080 0.497272 0.435185 0.476488 0.556421 0.603361 0.524134 0.364024 0.304589 0.321497 0.377918 0.409678 0.419911 0.456774 0.483993 0.538809 0.474480 0.407959 0.428315 0.490208 0.381024 0.289345 0.303727 0.428154 0.450665 0.544034 0.665729 1.084202 1.150065 1.215662 1.236438 0.932042 0.779161 0.811784 1.194430 1.147925 1.008632 0.978025 0.899694 0.871073 0.850461 0.801207 0.749537 0.658546 0.580518 0.575367 0.589376 0.598983 0.598011 0.602815 0.547314 0.508585 0.470593 0.000000
0.000000 0.000000 0.000000 0.000000 0.000000 0.000000 0.000000 0.000000 0.000000 0.000000 0.000000 0.000000 0.000000 0.000000 0.000000 0.000000 0.000000 0.000000 0.000000 0.000000 0.000000 0.000000 0.000000 0.000000 0.000000 0.000000 0.000000 0.000000 0.000000 0.000000 0.000000 0.000000 0.000000 0.000000 0.000000 0.000000 0.000000 0.000000 0.000000 0.000000 0.000000 0.000000 0.000000 0.000000 0.000000 0.000000 0.000000 0.000000 0.000000 0.000000 0.000000 0.000000 0.000000 0.000000 0.000000 0.000000 0.000000 0.000000 0.000000 0.000000 0.000000 0.000000 0.000000 0.000000 0.000000 0.000000 0.000000 0.000000 0.000000 0.000000 0.000000 0.000000 0.000000 0.000000 0.000000 0.000000 0.000000 0.000000 0.000000 0.000000 0.000000 0.000000 0.000000 0.000000 0.000000 0.000000 0.000000 0.000000 0.000000 0.000000 0.000000 0.000000 0.000000 0.000000 0.000000 0.000000 0.000000 0.000000 0.000000 0.000000 0.000000 0.000000 0.000000 0.000000 0.000000 0.000000 0.000000 0.000000 0.000000 0.000000 0.000000 0.000000 0.000000 0.000000 0.000000 0.000000 0.000000 0.000000 0.000000 0.000000 0.000000 0.000000 0.000000 0.000000 0.000000 0.000000 0.000000 0.000000 0.000000 0.000000 0.000000 0.000000 0.000000 0.000000 0.000000 0.000000 0.000000 0.000000 0.000000 0.000000 0.000000 0.000000 0.000000 0.472504 0.476967 0.556533 0.592484 0.643838 0.633440 0.655923 0.660353 0.646000 0.640679 0.842961 0.700965 0.734778 0.749813 0.749910 0.736580 0.706120 0.672409 0.624187 0.570521 0.516708 0.464179 0.000000 0.000000 0.000000 0.000000 0.000000 0.000000 0.000000 0.000000 0.000000 0.000000 0.000000 0.395931 0.440961 0.473437 0.518342 0.579263 0.638251 0.707325 0.735041 0.750162 0.753352 0.752362 0.860293 0.943756 1.079649 1.189681 1.269885 1.136211 1.121046 0.775979 0.719499 1.069158 1.084918 1.132399 1.208947 1.258795 1.283005 1.276620 1.263410 0.858874 0.734460 0.655303 0.645422 0.652588 0.699895 0.737981 0.742520 0.491240 0.532402 0.699256 0.658657 0.517716 0.392309 0.326029 0.396872 0.540682 0.625105 0.638620 0.547410 0.538617 0.517606 0.476471 0.457885 0.457556 0.549642 0.600581 0.618037 0.612969 0.548619 0.423157 0.343850 0.295337 0.264448 0.262547 0.290738 0.329743 0.369247 0.730742 0.707587 0.707860 0.418415 0.407995 0.419542 0.485622 0.538646 0.545484 0.526819 0.991524 0.971451 0.972342 1.047260 1.125477 1.157128 0.893518 0.750079 0.729337 0.728108 1.060880 0.890335 0.901366 0.907595 0.823421 0.759134 0.733554 0.685479 0.559387 0.502220 0.451056 0.402482 0.000000 0.000000 0.420771 0.426117 0.410273 0.000000
0.000000 0.000000 0.000000 0.000000 0.000000 0.000000 0.000000 0.000000 0.000000 0.000000 0.000000 0.000000 0.000000 0.000000 0.000000 0.000000 0.000000 0.000000 0.000000 0.000000 0.000000 0.000000 0.000000 0.000000 0.000000 0.000000 0.000000 0.000000 0.000000 0.000000 0.000000 0.000000 0.000000 0.000000 0.000000 0.000000 0.000000 0.000000 0.000000 0.000000 0.000000 0.000000 0.000000 0.000000 0.000000 0.000000 0.000000 0.000000 0.000000 0.000000 0.000000 0.000000 0.000000 0.000000 0.000000 0.000000 0.000000 0.000000 0.000000 0.000000 0.000000 0.000000 0.000000 0.000000 0.000000 0.000000 0.000000 0.000000 0.000000 0.000000 0.000000 0.000000 0.000000 0.000000 0.000000 0.000000 0.000000 0.000000 0.000000 0.000000 0.000000 0.000000 0.000000 0.000000 0.000000 0.000000 0.000000 0.000000 0.000000 0.000000 0.000000 0.000000 0.000000 0.000000 0.000000 0.000000 0.000000 0.000000 0.000000 0.000000 0.000000 0.000000 0.000000 0.000000 0.000000 0.000000 0.000000 0.000000 0.000000 0.000000 0.000000 0.000000 0.000000 0.000000 0.000000 0.000000 0.000000 0.000000 0.000000 0.000000 0.000000 0.000000 0.000000 0.000000 0.000000 0.000000 0.000000 0.000000 0.000000 0.000000 0.000000 0.000000 0.000000 0.000000 0.000000 0.000000 0.000000 0.000000 0.471219 0.643310 0.646268 0.759870 0.774501 0.730198 0.670039 0.659596 0.699013 0.779754 0.816194 0.827393 0.796760 0.769018 0.765946 0.776866 0.798552 0.822876 0.832979 0.830814 0.821861 0.806594 0.773503 0.737945 0.687459 0.631432 0.572910 0.514059 0.457395 0.000000 0.000000 0.000000 0.000000 0.000000 0.000000 0.000000 0.000000 0.000000 0.000000 0.000000 0.000000 0.000000 0.000000 0.417355 0.468600 0.506414 0.531204 0.544740 0.602625 0.625065 0.679196 0.788376 0.926339 1.044345 1.141660 1.198751 1.128665 1.157143 0.993545 1.002979 1.030361 1.090373 1.152238 1.182731 1.194298 1.212629 1.214371 1.168485 1.132474 0.810871 0.733975 0.691607 0.713079 0.751482 0.748099 0.721375 0.702692 0.667400 0.514218 0.299369 0.283031 0.354704 0.514439 0.565761 0.430068 0.378554 0.401163 0.373868 0.367621 0.378143 0.423256 0.533983 0.600568 0.631711 0.624769 0.600379 0.532510 0.397994 0.293868 0.208870 0.167145 0.176830 0.198183 0.226605 0.210009 0.186805 0.229110 0.264910 0.301457 0.373299 0.448880 0.536255 0.592495 0.622376 0.980448 0.534279 0.476109 0.534053 0.643105 1.158243 1.060628 0.773709 0.707557 0.688805 0.815077 0.759490 0.697074 0.773628 0.816863 0.805064 0.703710 0.647938 0.639975 0.581158 0.441430 0.402526 0.000000 0.000000 0.000000 0.000000 0.000000 0.000000
0.000000 0.000000 0.000000 0.000000 0.000000 0.000000 0.000000 0.000000 0.000000 0.000000 0.000000 0.000000 0.000000 0.000000 0.000000 0.000000 0.000000 0.000000 0.000000 0.000000 0.000000 0.000000 0.000000 0.000000 0.000000 0.000000 0.000000 0.000000 0.000000 0.000000 0.000000 0.000000 0.000000 0.000000 0.000000 0.000000 0.000000 0.000000 0.000000 0.000000 0.000000 0.000000 0.000000 0.000000 0.000000 0.000000 0.000000 0.000000 0.000000 0.000000 0.000000 0.000000 0.000000 0.000000 0.000000 0.000000 0.000000 0.000000 0.000000 0.000000 0.000000 0.000000 0.000000 0.000000 0.000000 0.000000 0.000000 0.000000 0.000000 0.000000 0.000000 0.000000 0.000000 0.000000 0.000000 0.000000 0.000000 0.000000 0.000000 0.000000 0.000000 0.000000 0.000000 0.000000 0.000000 0.000000 0.000000 0.000000 0.000000 0.000000 0.000000 0.000000 0.000000 0.000000 0.000000 0.000000 0.000000 0.000000 0.000000 0.000000 0.000000 0.000000 0.000000 0.000000 0.000000 0.000000 0.000000 0.000000 0.000000 0.000000 0.000000 0.000000 0.000000 0.000000 0.000000 0.000000 0.000000 0.000000 0.000000 0.000000 0.000000 0.000000 0.000000 0.389907 0.000000 0.000000 0.000000 0.000000 0.000000 0.586245 0.656057 0.632775 0.594876 0.526920 0.474334 0.432204 0.479782 0.534565 0.622551 0.697228 0.674195 0.692949 0.696119 0.659218 0.616989 0.584835 0.625905 0.755846 0.791602 0.906618 0.967096 1.003513 0.967417 0.913412 0.892729 0.883208 0.874105 0.870751 0.867693 0.864659 0.852146 0.832663 0.796276 0.752860 0.693984 0.628709 0.562933 0.496452 0.432606 0.000000 0.000000 0.000000 0.000000 0.000000 0.000000 0.000000 0.000000 0.000000 0.000000 0.000000 0.000000 0.000000 0.000000 0.000000 0.000000 0.000000 0.000000 0.000000 0.000000 0.000000 0.461645 0.661157 0.799907 0.902216 0.958226 1.011675 0.992942 1.064691 1.120105 0.963157 1.020019 1.085719 1.131103 1.159923 1.150360 1.095269 1.055192 1.077982 1.132731 1.176511 1.205537 1.216384 0.918112 0.865258 0.812930 0.750378 0.637096 0.517788 0.390104 0.335860 0.335119 0.337007 0.414350 0.469032 0.464985 0.390457 0.365692 0.414637 0.457617 0.536563 0.587000 0.633927 0.638833 0.631560 0.605647 0.514777 0.370655 0.288281 0.312426 0.356970 0.389976 0.390058 0.348274 0.276950 0.206608 0.154380 0.178286 0.246751 0.295894 0.370349 0.442066 0.509713 0.591535 0.616623 0.627175 0.663061 1.014029 0.783288 0.809107 0.745140 0.558654 0.422802 0.831646 0.785163 0.709157 0.660863 0.646497 0.646757 0.705037 0.703782 0.595193 0.549832 0.549353 0.515035 0.000000 0.000000 0.000000 0.000000 0.000000 0.000000
0.000000 0.000000 0.000000 0.000000 0.000000 0.000000 0.000000 0.000000 0.000000 0.000000 0.000000 0.000000 0.000000 0.000000 0.000000 0.000000 0.000000 0.000000 0.000000 0.000000 0.000000 0.000000 0.000000 0.000000 0.000000 0.000000 0.000000 0.000000 0.000000 0.000000 0.000000 0.000000 0.000000 0.000000 0.000000 0.000000 0.000000 0.000000 0.000000 0.000000 0.000000 0.000000 0.000000 0.000000 0.000000 0.000000 0.000000 0.000000 0.000000 0.000000 0.000000 0.000000 0.000000 0.000000 0.000000 0.000000 0.000000 0.000000 0.000000 0.000000 0.000000 0.000000 0.000000 0.000000 0.000000 0.000000 0.000000 0.000000 0.000000 0.000000 0.000000 0.000000 0.000000 0.000000 0.000000 0.000000 0.000000 0.000000 0.000000 0.000000 0.000000 0.000000 0.000000 0.000000 0.000000 0.000000 0.000000 0.000000 0.000000 0.000000 0.000000 0.000000 0.000000 0.000000 0.000000 0.000000 0.000000 0.000000 0.000000 0.000000 0.000000 0.000000 0.000000 0.000000 0.000000 0.000000 0.000000 0.000000 0.000000 0.000000 0.000000 0.000000 0.000000 0.000000 0.000000 0.000000 0.000000 0.000000 0.000000 0.000000 0.000000 0.000000 0.000000 0.000000 0.475770 0.540200 0.541933 0.570923 0.700073 0.822217 0.810565 0.767091 0.727714 0.658505 0.621296 0.608125 0.627156 0.612194 0.596777 0.620020 0.596157 0.618582 0.691216 0.706657 0.655142 0.586778 0.541341 0.571467 0.655652 0.797527 0.907538 1.004158 1.046249 1.043386 1.031808 1.034693 0.998487 0.960366 0.936468 0.924216 0.915666 0.909237 0.893192 0.861099 0.809923 0.770314 0.705693 0.632884 0.560840 0.489612 0.420541 0.000000 0.000000 0.000000 0.000000 0.000000 0.000000 0.000000 0.000000 0.000000 0.000000 0.000000 0.000000 0.000000 0.000000 0.000000 0.000000 0.000000 0.000000 0.000000 0.000000 0.000000 0.000000 0.565873 0.655295 0.730066 0.821343 0.913746 0.898533 0.976596 1.083226 1.016528 1.071358 1.108777 1.100100 1.049194 0.997135 0.986482 1.040046 1.117799 1.173712 1.204590 1.246402 1.285507 1.007215 0.969522 0.890250 0.825711 0.731978 0.651363 0.581179 0.596414 0.657960 0.681159 0.639117 0.573437 0.546256 0.559644 0.569201 0.591513 0.624588 0.657363 0.692837 0.712499 0.709933 0.673880 0.560141 0.455182 0.446972 0.432335 0.411494 0.401368 0.406462 0.433108 0.457347 0.423168 0.335009 0.265195 0.206947 0.274980 0.324038 0.381838 0.455658 0.557029 0.639574 0.691286 0.983699 1.025953 1.095994 1.148229 1.211227 1.026666 0.929941 0.875271 0.685604 0.620162 0.670231 0.652820 0.629476 0.602995 0.597510 0.613562 0.533362 0.514204 0.384475 0.000000 0.000000 0.000000 0.000000 0.000000
0.000000 0.000000 0.000000 0.000000 0.000000 0.000000 0.000000 0.000000 0.000000 0.000000 0.000000 0.000000 0.000000 0.000000 0.000000 0.000000 0.000000 0.000000 0.000000 0.000000 0.000000 0.000000 0.000000 0.000000 0.000000 0.000000 0.000000 0.000000 0.000000 0.000000 0.000000 0.000000 0.000000 0.000000 0.000000 0.000000 0.000000 0.000000 0.000000 0.000000 0.000000 0.000000 0.000000 0.000000 0.000000 0.000000 0.000000 0.000000 0.000000 0.000000 0.000000 0.000000 0.000000 0.000000 0.000000 0.000000 0.000000 0.000000 0.000000 0.000000 0.000000 0.000000 0.000000 0.000000 0.000000 0.000000 0.000000 0.000000 0.000000 0.000000 0.000000 0.000000 0.000000 0.000000 0.000000 0.000000 0.000000 0.000000 0.000000 0.000000 0.000000 0.000000 0.000000 0.000000 0.000000 0.000000 0.000000 0.000000 0.000000 0.000000 0.000000 0.000000 0.000000 0.000000 0.000000 0.000000 0.000000 0.000000 0.000000 0.000000 0.000000 0.000000 0.000000 0.000000 0.000000 0.000000 0.000000 0.000000 0.000000 0.000000 0.000000 0.000000 0.000000 0.000000 0.000000 0.000000 0.000000 0.000000 0.399087 0.503101 0.424676 0.000000 0.579606 0.660013 0.658509 0.771437 0.826825 0.773191 0.732554 0.743359 0.718752 0.694282 0.679757 0.623834 0.590954 0.569530 0.567216 0.558204 0.560016 0.569349 0.571719 0.571846 0.584230 0.574569 0.541979 0.519770 0.501007 0.475978 0.454249 0.597243 0.714110 0.859677 0.960786 1.017194 1.063251 1.127432 1.171165 1.163629 1.124955 1.049851 1.001956 0.976392 0.965447 0.955584 0.933761 0.903191 0.854817 0.804918 0.741027 0.669474 0.592903 0.509790 0.434800 0.000000 0.000000 0.000000 0.000000 0.000000 0.000000 0.000000 0.000000 0.000000 0.000000 0.000000 0.000000 0.000000 0.000000 0.000000 0.000000 0.000000 0.000000 0.000000 0.000000 0.000000 0.417475 0.514014 0.526742 0.630155 0.741658 0.862462 0.988213 1.145239 1.153592 1.044655 1.044179 1.010383 0.984676 0.974251 0.986761 1.037337 1.105014 1.163853 1.210305 1.264859 1.310937 1.033935 1.033580 1.021459 0.989071 0.938770 0.959751 1.004624 1.036626 1.002671 0.918523 0.846616 0.761726 0.694360 0.649789 0.633291 0.654072 0.694709 0.746190 0.793027 0.818840 0.812172 0.735215 0.619943 0.611589 0.648738 0.627039 0.565643 0.854420 0.789684 0.741137 0.724288 0.724745 0.733806 0.740052 0.720065 0.696604 0.699297 0.395242 0.449595 0.525210 0.587510 0.881738 1.084978 0.988438 1.066438 1.237038 1.144175 1.026462 0.969637 0.938039 0.893409 0.823717 0.735467 0.670646 0.645128 0.618437 0.604042 0.591039 0.564377 0.531020 0.406953 0.000000 0.000000 0.000000 0.000000
0.000000 0.000000 0.000000 0.000000 0.000000 0.000000 0.000000 0.000000 0.000000 0.000000 0.000000 0.000000 0.000000 0.000000 0.000000 0.000000 0.000000 0.000000 0.000000 0.000000 0.000000 0.000000 0.000000 0.000000 0.000000 0.000000 0.000000 0.000000 0.000000 0.000000 0.000000 0.000000 0.000000 0.000000 0.000000 0.000000 0.000000 0.000000 0.000000 0.000000 0.000000 0.000000 0.000000 0.000000 0.000000 0.000000 0.000000 0.000000 0.000000 0.000000 0.000000 0.000000 0.000000 0.000000 0.000000 0.000000 0.000000 0.000000 0.000000 0.000000 0.000000 0.000000 0.000000 0.000000 0.000000 0.000000 0.000000 0.000000 0.000000 0.000000 0.000000 0.000000 0.000000 0.000000 0.000000 0.000000 0.000000 0.000000 0.000000 0.000000 0.000000 0.000000 0.000000 0.000000 0.000000 0.000000 0.000000 0.000000 0.000000 0.000000 0.000000 0.000000 0.000000 0.000000 0.000000 0.000000 0.000000 0.000000 0.000000 0.000000 0.000000 0.000000 0.000000 0.000000 0.000000 0.000000 0.000000 0.000000 0.000000 0.000000 0.000000 0.000000 0.000000 0.000000 0.000000 0.000000 0.000000 0.000000 0.527892 0.566009 0.543272 0.551316 0.672545 0.766477 0.771970 0.752355 0.749658 0.719453 0.679274 0.640306 0.617007 0.598353 0.587971 0.562655 0.550547 0.520071 0.499307 0.490495 0.490538 0.489946 0.489115 0.490176 0.488629 0.480974 0.467538 0.454278 0.435573 0.000000 0.000000 0.000000 0.422486 0.589159 0.727392 0.835950 0.925411 1.034524 1.141225 1.234212 1.295467 1.318213 1.259712 1.160945 1.089794 1.034348 1.001953 0.979650 0.946405 0.920873 0.883467 0.837201 0.783015 0.724929 0.662286 0.584412 0.481813 0.000000 0.000000 0.000000 0.000000 0.000000 0.000000 0.000000 0.000000 0.000000 0.000000 0.000000 0.000000 0.000000 0.000000 0.000000 0.000000 0.000000 0.000000 0.000000 0.000000 0.467994 0.530415 0.512853 0.569538 0.666730 0.788896 0.938332 1.057564 1.142100 1.192160 0.957377 0.945895 0.948004 0.950188 0.963320 0.998563 1.056847 1.128656 1.204679 1.266056 1.328128 1.365595 1.401954 1.414865 1.425816 1.449150 1.202027 1.201846 1.173053 1.063797 0.994626 0.902778 0.828291 0.783098 0.728308 0.708547 0.750172 0.805016 0.837087 0.843000 0.832107 0.770295 0.682967 0.583828 0.483510 0.382399 0.346025 0.395026 0.726887 0.686151 0.649753 0.665019 0.680800 0.681315 0.670106 0.664824 0.672079 0.706534 0.423105 0.464439 0.779698 0.809272 0.984638 1.008340 1.052936 0.945407 1.105168 1.058528 1.029813 0.999547 0.971534 0.922189 0.868591 0.801309 0.741763 0.685437 0.644711 0.615247 0.622951 0.584342 0.553834 0.574098 0.562363 0.584966 0.492381
0.000000 0.000000 0.000000 0.000000 0.000000 0.000000 0.000000 0.000000 0.000000 0.000000 0.000000 0.000000 0.000000 0.000000 0.000000 0.000000 0.000000 0.000000 0.000000 0.000000 0.000000 0.000000 0.000000 0.000000 0.000000 0.000000 0.000000 0.000000 0.000000 0.000000 0.000000 0.000000 0.000000 0.000000 0.000000 0.000000 0.000000 0.000000 0.000000 0.000000 0.000000 0.000000 0.000000 0.000000 0.000000 0.000000 0.000000 0.000000 0.000000 0.000000 0.000000 0.000000 0.000000 0.000000 0.000000 0.000000 0.000000 0.000000 0.000000 0.000000 0.000000 0.000000 0.000000 0.000000 0.000000 0.000000 0.000000 0.000000 0.000000 0.000000 0.000000 0.000000 0.000000 0.000000 0.000000 0.000000 0.000000 0.000000 0.000000 0.000000 0.000000 0.000000 0.000000 0.000000 0.000000 0.000000 0.000000 0.000000 0.000000 0.000000 0.000000 0.000000 0.000000 0.000000 0.000000 0.000000 0.000000 0.000000 0.000000 0.000000 0.000000 0.000000 0.000000 0.000000 0.419892 0.000000 0.000000 0.000000 0.000000 0.000000 0.000000 0.000000 0.000000 0.000000 0.000000 0.000000 0.487934 0.619661 0.698847 0.705360 0.675495 0.634118 0.628249 0.626397 0.647628 0.636828 0.568767 0.557080 0.532679 0.514380 0.502599 0.494667 0.501756 0.506509 0.495132 0.456300 0.415668 0.000000 0.000000 0.000000 0.000000 0.000000 0.000000 0.000000 0.000000 0.000000 0.000000 0.000000 0.000000 0.000000 0.000000 0.000000 0.000000 0.541662 0.662477 0.796089 0.919047 1.034106 1.147943 1.239129 1.312923 1.387053 1.410287 1.351850 1.179779 1.025247 0.958045 0.946631 0.943239 0.933563 0.913164 0.884510 0.845209 0.801584 0.728735 0.676323 0.611783 0.539327 0.462178 0.000000 0.000000 0.000000 0.000000 0.000000 0.000000 0.000000 0.000000 0.000000 0.000000 0.000000 0.000000 0.000000 0.000000 0.000000 0.000000 0.426105 0.510422 0.561142 0.553761 0.508394 0.553469 0.689734 0.820693 0.914247 0.974130 1.028798 1.072443 1.032070 0.878531 0.867903 0.888569 0.926395 0.973280 1.033446 1.109578 1.206411 1.293708 1.339899 1.385119 1.434143 1.463221 1.172469 1.160787 1.155396 1.089378 1.022080 0.958599 0.886086 0.830725 0.779715 0.748736 0.749797 0.775165 0.807276 0.821962 0.798316 0.759620 0.708419 0.978736 0.891001 0.785278 0.715677 0.656872 0.609765 0.711018 0.664550 0.756411 0.831261 0.859222 0.683408 0.652276 0.646519 0.665154 0.695913 0.727270 0.742302 0.759110 0.779808 0.925567 0.934119 0.954650 0.988897 0.996769 1.004671 1.022835 1.016416 0.996347 0.960120 0.922190 0.874050 0.820955 0.769493 0.725476 0.684676 0.720937 0.689789 0.637485 0.627919 0.608636 0.576164
0.000000 0.000000 0.000000 0.000000 0.000000 0.000000 0.000000 0.000000 0.000000 0.000000 0.000000 0.000000 0.000000 0.000000 0.000000 0.000000 0.000000 0.000000 0.000000 0.000000 0.000000 0.000000 0.000000 0.000000 0.000000 0.000000 0.000000 0.000000 0.000000 0.000000 0.000000 0.000000 0.000000 0.000000 0.000000 0.000000 0.000000 0.000000 0.000000 0.000000 0.000000 0.000000 0.000000 0.000000 0.000000 0.000000 0.000000 0.000000 0.000000 0.000000 0.000000 0.000000 0.000000 0.000000 0.000000 0.000000 0.000000 0.000000 0.000000 0.000000 0.000000 0.000000 0.000000 0.000000 0.000000 0.000000 0.000000 0.000000 0.000000 0.000000 0.000000 0.000000 0.000000 0.000000 0.000000 0.000000 0.000000 0.000000 0.000000 0.000000 0.000000 0.000000 0.000000 0.000000 0.000000 0.000000 0.000000 0.000000 0.000000 0.000000 0.000000 0.000000 0.000000 0.000000 0.000000 0.000000 0.000000 0.000000 0.000000 0.000000 0.000000 0.000000 0.000000 0.000000 0.000000 0.000000 0.000000 0.000000 0.000000 0.000000 0.000000 0.000000 0.000000 0.000000 0.000000 0.558229 0.686152 0.752998 0.769041 0.749549 0.694581 0.640603 0.616503 0.606982 0.590301 0.571042 0.571560 0.569118 0.555511 0.544182 0.537294 0.527332 0.520496 0.510984 0.487187 0.451742 0.000000 0.000000 0.000000 0.000000 0.000000 0.000000 0.000000 0.000000 0.000000 0.000000 0.000000 0.000000 0.000000 0.000000 0.000000 0.000000 0.000000 0.000000 0.000000 0.441015 0.552502 0.684836 0.828510 0.939985 1.055632 1.152372 1.222818 1.270202 1.388886 1.464455 1.369289 1.146223 0.992330 0.972553 0.982716 0.980498 0.973687 0.956259 0.930492 0.880705 0.826106 0.755684 0.694876 0.632140 0.567958 0.500816 0.429039 0.000000 0.000000 0.000000 0.000000 0.000000 0.000000 0.000000 0.000000 0.000000 0.000000 0.000000 0.000000 0.000000 0.458053 0.509798 0.512824 0.496764 0.475944 0.503119 0.611951 0.732905 0.760785 0.820361 0.864611 0.940373 0.985252 0.925714 0.786339 0.803563 0.845566 0.892307 0.947358 1.022056 1.133408 1.206509 1.260139 1.307971 1.339532 1.103745 1.085100 1.080492 1.031305 0.955294 0.911678 0.940420 0.977206 0.927675 0.883274 0.874684 0.858166 0.847407 0.823187 0.805790 0.744901 0.675463 0.965201 0.888954 0.814885 0.789039 0.808619 0.701243 0.611644 0.547553 0.598547 0.672231 0.713446 0.704068 0.665753 0.787172 0.775632 0.795921 0.828631 0.862754 0.876933 0.939864 0.866108 0.916145 0.926931 0.955310 0.897833 0.890239 0.900216 0.920864 0.939193 0.944035 0.943420 0.928925 0.904116 0.876252 0.835584 0.801594 0.774454 0.749798 0.716343 0.676043 0.635797 0.587270
0.000000 0.000000 0.000000 0.000000 0.000000 0.000000 0.000000 0.000000 0.000000 0.000000 0.000000 0.000000 0.000000 0.000000 0.000000 0.000000 0.000000 0.000000 0.000000 0.000000 0.000000 0.000000 0.000000 0.000000 0.000000 0.000000 0.000000 0.000000 0.000000 0.000000 0.000000 0.000000 0.000000 0.000000 0.000000 0.000000 0.000000 0.000000 0.000000 0.000000 0.000000 0.000000 0.000000 0.000000 0.000000 0.000000 0.000000 0.000000 0.000000 0.000000 0.000000 0.000000 0.000000 0.000000 0.000000 0.000000 0.000000 0.000000 0.000000 0.000000 0.000000 0.000000 0.000000 0.000000 0.000000 0.000000 0.000000 0.000000 0.000000 0.000000 0.000000 0.000000 0.000000 0.000000 0.000000 0.000000 0.000000 0.000000 0.000000 0.000000 0.000000 0.000000 0.000000 0.000000 0.000000 0.000000 0.000000 0.000000 0.000000 0.000000 0.000000 0.000000 0.000000 0.000000 0.000000 0.000000 0.000000 0.000000 0.435066 0.434655 0.441567 0.000000 0.479846 0.588769 0.666372 0.670931 0.654878 0.622216 0.586590 0.558983 0.477391 0.462983 0.449983 0.440451 0.521040 0.561860 0.662538 0.718500 0.741398 0.726279 0.683588 0.626650 0.584383 0.560734 0.553561 0.552834 0.555597 0.556804 0.555755 0.550128 0.540616 0.532534 0.524810 0.509747 0.484233 0.455907 0.427763 0.000000 0.000000 0.000000 0.000000 0.000000 0.000000 0.000000 0.000000 0.000000 0.000000 0.000000 0.000000 0.000000 0.000000 0.000000 0.000000 0.000000 0.000000 0.000000 0.000000 0.000000 0.411768 0.522737 0.633826 0.766030 0.896409 1.015179 1.111655 1.194425 1.288650 1.377444 1.382228 1.254484 1.088824 1.018159 1.033379 1.044669 1.042350 1.024453 0.991208 0.927354 0.862213 0.807085 0.740315 0.671439 0.613166 0.547082 0.475134 0.000000 0.000000 0.000000 0.000000 0.000000 0.000000 0.000000 0.000000 0.000000 0.000000 0.000000 0.000000 0.403651 0.420718 0.424091 0.427518 0.438548 0.520366 0.556125 0.582382 0.638730 0.711076 0.760515 0.794670 0.833485 0.870768 0.910199 0.889088 0.754581 0.884241 0.934287 1.044935 1.136080 1.221750 1.287878 1.325992 1.355703 1.203653 0.947143 0.913575 0.857657 0.830491 0.884755 0.969446 1.036752 1.102329 1.089088 1.041494 0.988535 0.939480 0.864282 0.803084 0.728543 0.648310 0.908858 0.861499 0.822712 0.797528 0.744620 0.711620 0.681584 0.646443 0.702454 0.745467 0.307033 0.709039 0.667758 0.651969 0.669369 0.825754 0.839222 0.911255 0.905177 0.919339 0.900012 0.841376 0.847812 0.873411 0.807591 0.805182 0.805577 0.853483 0.725378 0.731724 0.747588 0.771185 0.793138 0.803359 0.817642 0.796791 0.914427 0.787694 0.699250 0.643961 0.585006
0.000000 0.000000 0.000000 0.000000 0.000000 0.000000 0.000000 0.000000 0.000000 0.000000 0.000000 0.000000 0.000000 0.000000 0.000000 0.000000 0.000000 0.000000 0.000000 0.000000 0.000000 0.000000 0.000000 0.000000 0.000000 0.000000 0.000000 0.000000 0.000000 0.000000 0.000000 0.000000 0.000000 0.000000 0.000000 0.000000 0.000000 0.000000 0.000000 0.000000 0.000000 0.000000 0.000000 0.000000 0.000000 0.000000 0.000000 0.000000 0.000000 0.000000 0.000000 0.000000 0.000000 0.000000 0.000000 0.000000 0.000000 0.000000 0.000000 0.000000 0.000000 0.000000 0.000000 0.000000 0.000000 0.000000 0.000000 0.000000 0.000000 0.000000 0.000000 0.000000 0.000000 0.000000 0.000000 0.000000 0.000000 0.000000 0.000000 0.000000 0.000000 0.000000 0.000000 0.000000 0.000000 0.000000 0.000000 0.000000 0.000000 0.000000 0.000000 0.000000 0.000000 0.409392 0.468305 0.000000 0.437513 0.555561 0.649274 0.760107 0.850631 0.901672 0.952676 0.984609 0.898813 0.880931 0.836167 0.791740 0.742919 0.713323 0.689166 0.665987 0.682858 0.646338 0.608695 0.576746 0.628422 0.678483 0.689774 0.693408 0.669825 0.622739 0.572206 0.537729 0.509621 0.490944 0.483469 0.491738 0.506776 0.510518 0.502657 0.494104 0.486667 0.468504 0.446124 0.419826 0.000000 0.000000 0.000000 0.000000 0.000000 0.000000 0.000000 0.000000 0.000000 0.000000 0.000000 0.000000 0.000000 0.000000 0.000000 0.000000 0.000000 0.000000 0.000000 0.000000 0.000000 0.000000 0.000000 0.000000 0.000000 0.000000 0.502878 0.654576 0.773577 0.893877 0.994360 1.080999 1.169359 1.266853 1.369266 1.374047 1.258184 1.138163 1.113725 1.085597 1.078720 1.035266 0.986391 0.929168 0.865812 0.808016 0.745752 0.677962 0.616982 0.550602 0.492410 0.437985 0.000000 0.000000 0.000000 0.000000 0.000000 0.000000 0.000000 0.000000 0.000000 0.000000 0.000000 0.000000 0.000000 0.000000 0.434138 0.462625 0.476656 0.526964 0.595786 0.629730 0.660239 0.686318 0.729733 0.808659 0.822764 0.790138 0.729762 0.680504 0.748375 0.841807 0.935031 1.044235 1.105752 1.134881 1.161860 1.019124 1.064109 1.073892 0.737885 0.815510 0.926219 1.037175 1.117275 1.181300 1.455167 1.153154 1.098995 1.056451 0.986301 0.926694 0.884770 1.130804 1.059110 0.957727 0.869252 0.823164 0.782882 0.746906 0.724112 0.716502 0.728524 0.758679 0.772587 0.791284 0.835583 0.875620 0.827654 1.022461 0.979108 0.938693 0.831870 0.800290 0.644054 0.613979 0.762130 0.778131 0.778701 0.775663 0.797384 0.833121 0.705010 0.735732 0.796903 0.838673 0.829958 0.813461 0.780709 0.735409 0.787825 0.690179 0.634489 0.574707
0.000000 0.000000 0.000000 0.000000 0.000000 0.000000 0.000000 0.000000 0.000000 0.000000 0.000000 0.000000 0.000000 0.000000 0.000000 0.000000 0.000000 0.000000 0.000000 0.000000 0.000000 0.000000 0.000000 0.000000 0.000000 0.000000 0.000000 0.000000 0.000000 0.000000 0.000000 0.000000 0.000000 0.000000 0.000000 0.000000 0.000000 0.000000 0.000000 0.000000 0.000000 0.000000 0.000000 0.000000 0.000000 0.000000 0.000000 0.000000 0.000000 0.000000 0.000000 0.000000 0.000000 0.000000 0.000000 0.000000 0.000000 0.000000 0.000000 0.000000 0.000000 0.000000 0.000000 0.000000 0.000000 0.000000 0.000000 0.000000 0.000000 0.000000 0.000000 0.000000 0.000000 0.000000 0.000000 0.000000 0.000000 0.000000 0.000000 0.000000 0.000000 0.000000 0.000000 0.000000 0.000000 0.000000 0.004000 0.000000 0.000000 0.000000 0.000000 0.000000 0.000000 0.004000 0.473402 0.625896 0.635901 0.741750 0.850519 0.934253 0.983201 0.921684 0.947756 0.957891 0.781377 0.405208 0.364423 0.736129 0.868617 0.827422 0.790942 0.760232 0.721327 0.679086 0.643616 0.612442 0.610292 0.580558 0.594663 0.562757 0.562496 0.549048 0.522703 0.506934 0.483011 0.462793 0.450840 0.443070 0.442746 0.443203 0.432948 0.424117 0.420874 0.411718 0.000000 0.000000 0.000000 0.000000 0.000000 0.000000 0.000000 0.000000 0.000000 0.000000 0.000000 0.000000 0.000000 0.000000 0.000000 0.000000 0.000000 0.000000 0.000000 0.000000 0.000000 0.000000 0.000000 0.000000 0.000000 0.000000 0.000000 0.000000 0.000000 0.000000 0.420490 0.528396 0.649854 0.772495 0.903402 1.021860 1.142095 1.284047 1.474359 1.566794 1.494404 1.317621 1.249296 1.227342 1.156023 1.049111 0.962984 0.914853 0.851334 0.797219 0.736328 0.676683 0.615788 0.554120 0.495300 0.438299 0.000000 0.000000 0.000000 0.000000 0.000000 0.000000 0.000000 0.000000 0.000000 0.000000 0.000000 0.000000 0.000000 0.000000 0.000000 0.419480 0.481929 0.512249 0.545558 0.571978 0.614928 0.713435 0.760650 0.727845 0.661808 0.595196 0.538854 0.623871 0.687294 0.752797 0.841254 0.882060 0.916058 0.806228 0.854277 0.888760 0.887263 0.961242 1.083275 1.201036 1.061980 1.141305 1.428761 1.457995 1.468606 1.491937 1.484270 1.451611 1.568883 1.516243 1.474743 1.448084 1.374561 1.234136 0.891803 0.809620 0.762573 0.731063 0.733801 0.387818 0.390976 0.423973 0.492017 0.578789 0.587665 0.602856 0.601424 1.006546 0.939960 0.867641 0.825996 0.639790 0.626756 0.782663 0.774934 0.758103 0.784743 0.837551 0.916716 0.875224 0.713392 0.717414 0.710676 0.709858 0.702522 0.678919 0.753693 0.659640 0.594018 0.533546
0.000000 0.000000 0.000000 0.000000 0.000000 0.000000 0.000000 0.000000 0.000000 0.000000 0.000000 0.000000 0.000000 0.000000 0.000000 0.000000 0.000000 0.000000 0.000000 0.000000 0.000000 0.000000 0.000000 0.000000 0.000000 0.000000 0.000000 0.000000 0.000000 0.000000 0.000000 0.000000 0.000000 0.000000 0.000000 0.000000 0.000000 0.000000 0.000000 0.000000 0.000000 0.000000 0.000000 0.000000 0.000000 0.000000 0.000000 0.000000 0.000000 0.000000 0.000000 0.000000 0.000000 0.000000 0.000000 0.000000 0.000000 0.000000 0.000000 0.000000 0.000000 0.000000 0.000000 0.000000 0.000000 0.000000 0.000000 0.000000 0.000000 0.000000 0.000000 0.000000 0.000000 0.000000 0.000000 0.000000 0.000000 0.000000 0.000000 0.000000 0.000000 0.000000 0.000000 0.000000 0.000000 0.000000 0.484211 0.000000 0.000000 0.000000 0.440706 0.468619 0.579072 0.676783 0.715914 0.689651 0.752496 0.823849 0.888352 0.931767 0.938047 0.362101 0.260367 0.191831 0.761208 0.756150 0.746821 0.730248 0.700285 0.661748 0.244809 0.614631 0.587934 0.122747 0.541512 0.526680 0.507950 0.487445 0.458994 0.537636 0.453107 0.431066 0.439678 0.442552 0.430114 0.421537 0.416657 0.410883 0.000000 0.000000 0.000000 0.000000 0.000000 0.000000 0.000000 0.000000 0.000000 0.000000 0.000000 0.000000 0.000000 0.000000 0.000000 0.000000 0.000000 0.000000 0.000000 0.000000 0.000000 0.000000 0.000000 0.000000 0.000000 0.000000 0.000000 0.000000 0.000000 0.000000 0.000000 0.000000 0.000000 0.000000 0.000000 0.000000 0.000000 0.000000 0.000000 0.451554 0.606018 0.742568 0.853841 0.972061 1.099940 1.222265 1.359487 1.537099 1.623865 1.548395 1.405915 1.295161 1.236950 1.189955 1.149300 1.119367 1.046121 0.956080 0.848107 0.761770 0.711656 0.668097 0.632364 0.588014 0.543893 0.499662 0.463129 0.000000 0.000000 0.000000 0.000000 0.000000 0.000000 0.000000 0.000000 0.000000 0.000000 0.000000 0.000000 0.000000 0.419410 0.455473 0.495797 0.594623 0.669074 0.669429 0.619983 0.560724 0.508092 0.459035 0.407774 0.429658 0.599163 0.638624 0.685515 0.805964 0.721403 0.764730 0.762820 0.744775 0.821362 0.944665 1.076962 1.350498 1.448077 1.540763 1.592829 1.633231 1.686164 1.836028 1.827660 1.783996 1.730025 1.720391 1.378287 1.275663 1.138599 0.718473 0.589829 0.467322 0.343785 0.320571 0.349738 0.405848 0.460887 0.541300 0.599443 0.589000 0.556656 0.524997 0.792610 0.764728 0.746507 0.895969 0.706378 0.676255 0.654811 0.633711 0.793664 0.834060 0.856248 0.884895 0.899382 0.854319 0.780538 0.805437 0.806829 0.810466 0.732652 0.636882 0.601402 0.547986
0.000000 0.000000 0.000000 0.000000 0.000000 0.000000 0.000000 0.000000 0.000000 0.000000 0.000000 0.000000 0.000000 0.000000 0.000000 0.000000 0.000000 0.000000 0.000000 0.000000 0.000000 0.000000 0.000000 0.000000 0.000000 0.000000 0.000000 0.000000 0.000000 0.000000 0.000000 0.000000 0.000000 0.000000 0.000000 0.000000 0.000000 0.000000 0.000000 0.000000 0.000000 0.000000 0.000000 0.000000 0.000000 0.000000 0.000000 0.000000 0.000000 0.000000 0.000000 0.000000 0.000000 0.000000 0.000000 0.000000 0.000000 0.000000 0.000000 0.000000 0.000000 0.000000 0.000000 0.000000 0.000000 0.000000 0.000000 0.000000 0.000000 0.000000 0.000000 0.000000 0.000000 0.000000 0.000000 0.000000 0.000000 0.000000 0.000000 0.000000 0.676087 0.723678 0.000000 0.000000 0.000000 0.000000 0.539264 0.654908 0.990452 0.810672 0.760199 0.875006 0.841919 0.721291 0.737325 0.742978 0.774328 0.815525 0.839461 0.828385 0.805066 0.795750 0.803210 0.806034 0.797968 0.787513 0.773624 0.754260 0.715941 0.675498 0.653718 0.633712 0.613192 0.586286 0.565254 0.550005 0.538631 0.527475 0.513776 0.619231 0.588250 0.553033 0.542192 0.507668 0.000000 0.000000 0.000000 0.000000 0.000000 0.000000 0.000000 0.000000 0.000000 0.000000 0.000000 0.000000 0.000000 0.000000 0.000000 0.000000 0.000000 0.000000 0.000000 0.000000 0.000000 0.000000 0.000000 0.000000 0.000000 0.000000 0.000000 0.000000 0.000000 0.000000 0.000000 0.000000 0.000000 0.000000 0.000000 0.000000 0.000000 0.000000 0.000000 0.000000 0.000000 0.000000 0.000000 0.000000 0.000000 0.424086 0.546420 0.657493 0.765053 0.877433 0.995667 1.108296 1.227453 1.411775 1.599759 1.681336 1.711212 1.559110 1.277973 1.072120 1.068213 1.061823 1.066939 1.031315 0.961030 0.881002 0.815369 0.765788 0.720583 0.676482 0.628831 0.578764 0.533016 0.481898 0.432201 0.000000 0.000000 0.000000 0.000000 0.000000 0.000000 0.000000 0.000000 0.000000 0.000000 0.000000 0.000000 0.459742 0.545734 0.570987 0.546340 0.499506 0.452736 0.408388 0.000000 0.000000 0.000000 0.000000 0.438165 0.694596 0.738235 0.834965 0.915899 0.797946 0.919997 0.957238 1.019073 1.120863 1.274401 1.420500 1.518681 1.582586 1.621580 1.686311 1.845257 1.834713 1.815426 1.674075 1.655538 1.417275 0.989070 0.801123 0.649737 0.566860 0.498657 0.459580 0.425268 0.373084 0.444124 0.510799 0.560784 0.575468 0.546619 0.519895 0.810104 0.782888 0.763065 0.745769 0.726094 0.712950 0.700693 0.902517 0.816687 0.820582 0.900057 0.889023 0.807421 0.779845 0.884825 0.852282 0.785227 0.808073 0.783670 0.687496 0.627674 0.554785
0.000000 0.000000 0.000000 0.000000 0.000000 0.000000 0.000000 0.000000 0.000000 0.000000 0.000000 0.000000 0.000000 0.000000 0.000000 0.000000 0.000000 0.000000 0.000000 0.000000 0.000000 0.000000 0.000000 0.000000 0.000000 0.000000 0.000000 0.000000 0.000000 0.000000 0.000000 0.000000 0.000000 0.000000 0.000000 0.000000 0.000000 0.000000 0.000000 0.000000 0.000000 0.000000 0.000000 0.000000 0.000000 0.000000 0.000000 0.000000 0.000000 0.000000 0.000000 0.000000 0.000000 0.000000 0.000000 0.000000 0.000000 0.000000 0.000000 0.000000 0.000000 0.000000 0.000000 0.000000 0.000000 0.000000 0.000000 0.000000 0.000000 0.000000 0.000000 0.000000 0.000000 0.000000 0.000000 0.000000 0.000000 0.000000 0.000000 0.000000 0.202775 0.375910 0.000000 0.000000 0.581000 0.771845 1.044389 1.020287 1.102143 1.082483 0.885450 0.897951 0.920608 0.956294 0.986721 0.995103 0.996156 0.996107 0.982423 0.953205 0.914323 0.891417 0.889456 0.883797 0.867412 0.855458 0.845856 0.819090 0.775680 0.753676 0.743226 0.722335 0.694820 0.657608 0.626859 0.589897 0.558588 0.537576 0.524996 0.506444 0.615470 0.589754 0.561036 0.557572 0.532272 0.427159 0.000000 0.000000 0.000000 0.000000 0.000000 0.000000 0.000000 0.000000 0.000000 0.000000 0.000000 0.000000 0.000000 0.000000 0.000000 0.000000 0.000000 0.000000 0.000000 0.000000 0.000000 0.000000 0.000000 0.000000 0.000000 0.000000 0.000000 0.000000 0.000000 0.000000 0.000000 0.000000 0.000000 0.000000 0.000000 0.000000 0.000000 0.000000 0.000000 0.000000 0.000000 0.000000 0.000000 0.000000 0.000000 0.000000 0.460618 0.579607 0.691383 0.776411 0.846397 0.926602 1.021081 1.094082 1.243622 1.275790 1.348369 1.673028 1.722256 1.456053 1.083902 0.925012 0.932227 0.941690 0.913591 0.848612 0.783689 0.729345 0.683336 0.634282 0.590191 0.541864 0.492745 0.445370 0.000000 0.000000 0.000000 0.000000 0.000000 0.000000 0.000000 0.000000 0.000000 0.000000 0.000000 0.000000 0.405679 0.450220 0.440363 0.410327 0.000000 0.000000 0.000000 0.000000 0.000000 0.000000 0.000000 0.492844 0.588161 0.761050 0.952405 1.045196 1.051084 0.995004 1.030978 1.086270 1.189184 1.323104 1.473541 1.556498 1.597987 1.638200 1.687160 1.720019 1.567364 1.558462 1.546071 1.336236 1.153748 0.983482 0.833829 0.785994 0.760497 0.725067 0.686029 0.638268 0.560009 0.488323 0.470391 0.523830 0.554765 0.517761 0.813809 0.785654 0.769290 0.763248 0.752729 0.746360 0.894422 0.867887 0.844330 0.822027 0.810700 0.811960 0.818177 0.897067 0.911576 0.805486 0.779559 0.837930 0.772644 0.690991 0.630746 0.548986
0.000000 0.000000 0.000000 0.000000 0.000000 0.000000 0.000000 0.000000 0.000000 0.000000 0.000000 0.000000 0.000000 0.000000 0.000000 0.000000 0.000000 0.000000 0.000000 0.000000 0.000000 0.000000 0.000000 0.000000 0.000000 0.000000 0.000000 0.000000 0.000000 0.000000 0.000000 0.000000 0.000000 0.000000 0.000000 0.000000 0.000000 0.000000 0.000000 0.000000 0.000000 0.000000 0.000000 0.000000 0.000000 0.000000 0.000000 0.000000 0.000000 0.000000 0.000000 0.000000 0.000000 0.000000 0.000000 0.000000 0.000000 0.000000 0.000000 0.000000 0.000000 0.000000 0.000000 0.000000 0.000000 0.000000 0.000000 0.000000 0.000000 0.000000 0.000000 0.000000 0.000000 0.000000 0.000000 0.000000 0.000000 0.000000 0.000000 0.000000 0.000000 0.000000 0.000000 0.519935 0.722617 0.892265 0.997515 1.042310 1.133091 1.173647 0.974816 0.980709 0.995992 1.018711 1.039922 1.059067 1.071832 1.070357 1.063396 1.055900 1.026685 0.992889 0.974141 0.961975 0.938087 0.919682 0.443359 0.872994 0.841557 0.818708 0.797827 0.433301 0.342753 0.285921 0.255345 0.241511 0.232383 0.600573 0.591719 0.590012 0.581624 0.565699 0.537852 0.638995 0.625471 0.576130 0.530928 0.000000 0.000000 0.000000 0.000000 0.000000 0.000000 0.000000 0.000000 0.000000 0.000000 0.000000 0.000000 0.000000 0.000000 0.000000 0.000000 0.000000 0.000000 0.000000 0.000000 0.000000 0.000000 0.000000 0.000000 0.000000 0.000000 0.000000 0.000000 0.000000 0.000000 0.000000 0.000000 0.000000 0.000000 0.000000 0.000000 0.000000 0.000000 0.000000 0.000000 0.000000 0.000000 0.000000 0.000000 0.000000 0.000000 0.000000 0.422339 0.502523 0.553251 0.610778 0.682357 0.739445 0.767635 0.772118 0.805397 0.924043 0.958313 1.002780 1.351457 1.387832 1.044973 0.870675 0.811352 0.816884 0.816815 0.773589 0.707505 0.651609 0.596317 0.547464 0.501869 0.456397 0.000000 0.000000 0.000000 0.000000 0.000000 0.000000 0.000000 0.000000 0.301838 0.112850 0.000000 0.000000 0.000000 0.000000 0.000000 0.000000 0.000000 0.000000 0.000000 0.000000 0.000000 0.000000 0.000000 0.000000 0.000000 0.526379 0.841574 0.930465 0.973896 1.083643 1.132305 1.091224 1.184068 1.285704 1.390697 1.499037 1.581514 1.653957 1.702296 1.739495 1.565865 1.558745 1.546548 1.280577 1.222556 1.475640 1.174894 1.099014 1.031503 1.008530 1.006599 0.994862 0.877968 0.720018 0.629301 0.592256 0.581259 0.632876 0.584666 0.466572 0.770202 0.763974 0.752725 0.909819 0.894004 0.877501 0.860732 0.850910 0.838472 0.836287 0.859596 0.889742 0.877094 0.837081 0.884988 0.936916 0.747047 0.692344 0.619464 0.528583
0.000000 0.000000 0.000000 0.000000 0.000000 0.000000 0.000000 0.000000 0.000000 0.000000 0.000000 0.000000 0.000000 0.000000 0.000000 0.000000 0.000000 0.000000 0.000000 0.000000 0.000000 0.000000 0.000000 0.000000 0.000000 0.000000 0.000000 0.000000 0.000000 0.000000 0.000000 0.000000 0.000000 0.000000 0.000000 0.000000 0.000000 0.000000 0.000000 0.000000 0.000000 0.000000 0.000000 0.000000 0.000000 0.000000 0.000000 0.000000 0.000000 0.000000 0.000000 0.000000 0.000000 0.000000 0.000000 0.000000 0.000000 0.000000 0.000000 0.000000 0.000000 0.000000 0.000000 0.000000 0.000000 0.000000 0.000000 0.000000 0.000000 0.000000 0.000000 0.000000 0.000000 0.000000 0.000000 0.000000 0.000000 0.000000 0.000000 0.000000 0.000000 0.000000 0.000000 0.000000 0.560960 0.728113 0.851770 0.866356 0.940760 1.002238 1.034544 0.877054 0.897208 0.920019 0.960646 0.983985 1.011807 1.033154 1.036636 1.022770 1.000194 0.987461 0.991819 0.990849 0.973280 0.946718 0.918713 0.887681 0.864141 0.473213 0.409366 0.337446 0.299749 0.311646 0.341267 0.375602 0.752316 0.735419 0.712486 0.696827 0.695157 0.689679 0.664709 0.630789 0.589842 0.675404 0.630139 0.637464 0.610256 0.517307 0.495873 0.466224 0.434050 0.326588 0.000000 0.000000 0.000000 0.000000 0.000000 0.000000 0.000000 0.000000 0.000000 0.000000 0.000000 0.000000 0.000000 0.000000 0.000000 0.000000 0.000000 0.000000 0.000000 0.000000 0.000000 0.000000 0.000000 0.000000 0.000000 0.000000 0.000000 0.000000 0.000000 0.000000 0.000000 0.000000 0.000000 0.000000 0.000000 0.000000 0.000000 0.000000 0.000000 0.000000 0.000000 0.000000 0.000000 0.380695 0.440921 0.469778 0.465994 0.477741 0.520780 0.581982 0.613138 0.633832 0.759938 0.796462 1.158520 1.230349 1.051853 0.795052 0.678808 0.654852 0.652118 0.620864 0.594536 0.555604 0.501063 0.452120 0.000000 0.000000 0.000000 0.000000 0.000000 0.000000 0.000000 0.000000 0.000000 0.000000 0.000000 0.000000 0.000000 0.000000 0.000000 0.000000 0.000000 0.000000 0.000000 0.000000 0.000000 0.000000 0.000000 0.000000 0.499205 0.618706 0.807356 0.951778 1.002450 1.035370 1.082480 1.139876 1.154044 1.238362 1.320976 1.393640 1.486636 1.575718 1.640496 1.689504 1.493600 1.493110 1.502397 1.532732 1.539323 1.531879 1.251197 1.252142 1.267016 1.297119 1.298326 1.583923 1.508319 1.408129 1.377631 1.332808 1.271057 1.205427 1.104810 0.990817 0.942852 0.908343 0.856043 0.843164 0.824997 0.760265 0.843158 0.824798 0.818243 0.826884 0.841719 0.909208 0.962325 0.959625 0.917836 0.895636 0.780255 0.687049 0.623236 0.604988
0.000000 0.000000 0.000000 0.000000 0.000000 0.000000 0.000000 0.000000 0.000000 0.000000 0.000000 0.000000 0.000000 0.000000 0.000000 0.000000 0.000000 0.000000 0.000000 0.000000 0.000000 0.000000 0.000000 0.000000 0.000000 0.000000 0.000000 0.000000 0.000000 0.000000 0.000000 0.000000 0.000000 0.000000 0.000000 0.000000 0.000000 0.000000 0.000000 0.000000 0.000000 0.000000 0.000000 0.000000 0.000000 0.000000 0.000000 0.000000 0.000000 0.000000 0.000000 0.000000 0.000000 0.000000 0.000000 0.000000 0.000000 0.000000 0.000000 0.000000 0.000000 0.000000 0.000000 0.000000 0.000000 0.000000 0.000000 0.000000 0.000000 0.000000 0.000000 0.000000 0.000000 0.000000 0.000000 0.000000 0.000000 0.000000 0.000000 0.000000 0.000000 0.000000 0.000000 0.000000 0.000000 0.453634 0.557188 0.634344 0.764853 0.797175 0.855851 0.896589 0.729557 0.756449 0.809747 0.848586 0.880532 0.906223 0.927095 0.937634 0.952064 0.964481 0.979217 0.986895 0.978161 0.969971 0.951692 0.522264 0.479846 0.453571 0.410669 0.398953 0.418056 0.454499 0.491509 0.521280 0.543261 0.900689 0.904757 0.910560 0.897671 0.877959 0.876186 0.865003 0.847534 0.980652 0.973945 1.036776 0.997227 0.941095 0.871722 0.811978 0.753958 0.660993 0.585930 0.508232 0.425361 0.000000 0.000000 0.000000 0.000000 0.000000 0.000000 0.000000 0.000000 0.000000 0.000000 0.000000 0.000000 0.000000 0.000000 0.000000 0.000000 0.000000 0.000000 0.000000 0.000000 0.000000 0.000000 0.000000 0.000000 0.000000 0.000000 0.000000 0.000000 0.000000 0.000000 0.000000 0.000000 0.000000 0.000000 0.000000 0.000000 0.000000 0.000000 0.000000 0.000000 0.000000 0.000000 0.000000 0.000000 0.000000 0.000000 0.368579 0.411905 0.439611 0.482717 0.517290 0.649238 0.701260 0.685694 0.959728 1.082728 0.932370 0.728670 0.663112 0.585906 0.540442 0.532842 0.502845 0.447944 0.000000 0.409626 0.438552 0.456755 0.464085 0.459776 0.437817 0.000000 0.468533 0.553990 0.441341 0.000000 0.000000 0.000000 0.000000 0.000000 0.000000 0.000000 0.381704 0.000000 0.455974 0.516033 0.580533 0.654113 0.737001 0.805935 0.878774 0.932912 0.981062 1.039329 1.089054 1.187189 1.162273 1.224012 1.284420 1.381755 1.498220 1.567338 1.604227 1.402806 1.394998 1.409655 1.442058 1.470201 1.478687 1.194868 1.197620 1.216529 1.267632 1.331143 1.363083 1.627412 1.554085 1.546981 1.529184 1.507731 1.462523 1.417189 1.409140 1.399505 1.324290 1.210201 1.112535 1.052366 0.948686 0.824916 0.774890 0.771192 0.984753 0.980757 0.996833 1.102221 1.157565 1.138683 1.108821 0.866877 0.743663 0.716502 0.632284
0.000000 0.000000 0.000000 0.000000 0.000000 0.000000 0.000000 0.000000 0.000000 0.000000 0.000000 0.000000 0.000000 0.000000 0.000000 0.000000 0.000000 0.000000 0.000000 0.000000 0.000000 0.000000 0.000000 0.000000 0.000000 0.000000 0.000000 0.000000 0.000000 0.000000 0.000000 0.000000 0.000000 0.000000 0.000000 0.000000 0.000000 0.000000 0.000000 0.000000 0.000000 0.000000 0.000000 0.000000 0.000000 0.000000 0.000000 0.000000 0.000000 0.000000 0.000000 0.000000 0.000000 0.000000 0.000000 0.000000 0.000000 0.000000 0.000000 0.000000 0.000000 0.000000 0.000000 0.000000 0.000000 0.000000 0.000000 0.000000 0.000000 0.000000 0.000000 0.000000 0.000000 0.000000 0.000000 0.000000 0.000000 0.000000 0.000000 0.000000 0.000000 0.000000 0.000000 0.000000 0.000000 0.000000 0.000000 0.469016 0.481301 0.541570 0.779108 0.837445 0.757840 0.620637 0.686775 0.723406 0.725184 0.759188 0.815398 0.880189 0.928649 0.950743 0.964549 0.970705 0.995404 1.018600 1.032681 0.641386 0.564597 0.514387 0.471632 0.441611 0.447376 0.480893 0.513257 0.549277 0.580314 0.613025 0.652798 0.695255 0.731707 0.759602 0.788475 0.820235 0.850354 1.238657 1.237819 1.216807 1.168726 1.102037 1.029789 1.031251 0.945704 0.862356 0.785299 0.707396 0.608769 0.531883 0.454807 0.000000 0.000000 0.000000 0.000000 0.000000 0.000000 0.000000 0.437752 0.463667 0.460784 0.439597 0.420397 0.405489 0.375665 0.000000 0.000000 0.000000 0.000000 0.000000 0.000000 0.000000 0.000000 0.000000 0.000000 0.000000 0.000000 0.000000 0.000000 0.000000 0.000000 0.000000 0.000000 0.000000 0.000000 0.000000 0.000000 0.000000 0.000000 0.000000 0.000000 0.000000 0.000000 0.000000 0.000000 0.000000 0.000000 0.000000 0.000000 0.390884 0.428048 0.480240 0.509926 0.549125 0.659450 0.633767 0.560005 0.548538 0.748458 0.633452 0.549706 0.508675 0.507566 0.484358 0.513571 0.430633 0.460579 0.483542 0.503215 0.514444 0.516559 0.529301 0.558789 0.492459 0.465212 0.437664 0.000000 0.414516 0.423521 0.423090 0.412704 0.000000 0.482254 0.657064 0.782627 0.850103 0.840049 0.829280 0.821532 0.938711 0.941464 0.916306 0.964938 0.986123 0.861920 0.870524 0.893627 1.145150 1.223688 1.326317 1.412735 1.461223 1.267235 1.261908 1.280927 1.299023 1.319995 1.336080 1.349965 1.061021 1.093679 1.157517 1.222823 1.277241 1.762264 1.755882 1.735648 1.716671 1.526830 1.517597 1.494968 1.472941 1.458233 1.413662 1.357955 1.278492 1.230898 1.143487 1.020088 0.948332 0.842028 0.747135 0.717344 0.890886 0.950339 1.012616 1.054676 1.077530 0.960394 0.879682 0.759155 0.644381
0.000000 0.000000 0.000000 0.000000 0.000000 0.000000 0.000000 0.000000 0.000000 0.000000 0.000000 0.000000 0.000000 0.000000 0.000000 0.000000 0.000000 0.000000 0.000000 0.000000 0.000000 0.000000 0.000000 0.000000 0.000000 0.000000 0.000000 0.000000 0.000000 0.000000 0.000000 0.000000 0.000000 0.000000 0.000000 0.000000 0.000000 0.000000 0.000000 0.000000 0.000000 0.000000 0.000000 0.000000 0.000000 0.000000 0.000000 0.000000 0.000000 0.000000 0.000000 0.000000 0.000000 0.000000 0.000000 0.000000 0.000000 0.000000 0.000000 0.000000 0.000000 0.000000 0.000000 0.000000 0.000000 0.000000 0.000000 0.000000 0.000000 0.000000 0.000000 0.000000 0.000000 0.000000 0.000000 0.000000 0.000000 0.000000 0.000000 0.000000 0.000000 0.000000 0.000000 0.000000 0.000000 0.000000 0.000000 0.000000 0.543728 0.779954 0.818364 0.813241 0.815932 0.604536 0.643645 0.663930 0.667047 0.690534 0.742184 0.804235 0.880100 0.915914 0.918539 0.922905 0.950088 0.991315 0.998735 1.001295 0.611280 0.574526 0.546055 0.508705 0.455387 0.417249 0.418982 0.438594 0.465473 0.503788 0.553425 0.612247 0.683138 0.752330 0.807036 0.869164 0.933042 0.989021 1.008679 1.226592 1.336874 1.273582 1.185770 1.097400 1.004350 0.919913 0.832865 0.822110 0.749216 0.665344 0.594323 0.523212 0.462998 0.000000 0.000000 0.000000 0.446773 0.485787 0.500958 0.497820 0.464512 0.426646 0.406346 0.388189 0.000000 0.000000 0.000000 0.000000 0.000000 0.000000 0.000000 0.000000 0.000000 0.000000 0.000000 0.000000 0.000000 0.000000 0.000000 0.000000 0.000000 0.000000 0.000000 0.000000 0.000000 0.000000 0.000000 0.000000 0.000000 0.000000 0.000000 0.000000 0.000000 0.000000 0.000000 0.000000 0.000000 0.000000 0.000000 0.000000 0.000000 0.000000 0.395503 0.404426 0.422403 0.418944 0.000000 0.000000 0.509292 0.796997 0.891391 0.634180 0.519645 0.479323 0.462611 0.450846 0.508515 0.440176 0.464771 0.490221 0.506362 0.509402 0.507902 0.507250 0.496868 0.505760 0.514887 0.518952 0.517121 0.524035 0.560384 0.558752 0.578390 0.627173 0.706411 0.791058 0.842366 0.919270 0.976256 1.022596 1.056993 1.089395 1.108259 1.200291 0.905896 0.817154 0.768348 0.776585 0.855505 0.964093 1.058461 1.123260 0.869208 1.146403 1.130893 1.133853 1.154939 1.172152 1.205018 1.257083 1.005973 1.042090 1.103644 1.623593 1.622513 1.610347 1.585638 1.564522 1.574865 1.602682 1.623514 1.404479 1.368147 1.327509 1.286727 1.208219 1.138417 1.053785 0.954442 0.905262 0.824024 0.760721 0.745799 0.773764 0.954277 0.960945 0.989949 1.018549 0.930507 0.803846 0.762552 0.644089
0.000000 0.000000 0.000000 0.000000 0.000000 0.000000 0.000000 0.000000 0.000000 0.000000 0.000000 0.000000 0.000000 0.000000 0.000000 0.000000 0.000000 0.000000 0.000000 0.000000 0.000000 0.000000 0.000000 0.000000 0.000000 0.000000 0.000000 0.000000 0.000000 0.000000 0.000000 0.000000 0.000000 0.000000 0.000000 0.000000 0.000000 0.000000 0.000000 0.000000 0.000000 0.000000 0.000000 0.000000 0.000000 0.000000 0.000000 0.000000 0.000000 0.000000 0.000000 0.000000 0.000000 0.000000 0.000000 0.000000 0.000000 0.000000 0.000000 0.000000 0.000000 0.000000 0.000000 0.000000 0.000000 0.000000 0.000000 0.000000 0.000000 0.000000 0.000000 0.000000 0.000000 0.000000 0.000000 0.000000 0.000000 0.000000 0.000000 0.000000 0.000000 0.000000 0.000000 0.000000 0.000000 0.000000 0.000000 0.000000 0.000000 0.476788 0.596693 0.590032 0.744711 0.674378 0.654316 0.665259 0.636244 0.527983 0.572565 0.668217 0.749891 0.811720 0.838524 0.851624 0.875112 0.911256 0.927445 0.935503 0.953846 1.001475 1.046849 0.668811 0.593642 0.494015 0.405867 0.331712 0.325754 0.384378 0.447172 0.510702 0.582426 0.655960 0.724902 0.815498 0.893522 0.954937 0.996689 1.275671 1.253237 1.206844 1.128220 1.042656 0.951817 1.018869 0.917819 0.844586 0.825086 0.748953 0.672252 0.590922 0.517470 0.458083 0.000000 0.000000 0.000000 0.000000 0.000000 0.462615 0.408622 0.000000 0.000000 0.000000 0.000000 0.000000 0.000000 0.000000 0.000000 0.000000 0.000000 0.000000 0.000000 0.000000 0.000000 0.000000 0.000000 0.000000 0.000000 0.000000 0.000000 0.000000 0.000000 0.000000 0.000000 0.000000 0.000000 0.000000 0.000000 0.000000 0.000000 0.000000 0.000000 0.000000 0.000000 0.000000 0.000000 0.000000 0.000000 0.000000 0.000000 0.000000 0.000000 0.000000 0.000000 0.000000 0.000000 0.000000 0.000000 0.465080 0.558947 0.506439 0.686903 0.635530 0.490191 0.000000 0.000000 0.000000 0.391800 0.417985 0.443474 0.453184 0.467867 0.488195 0.497753 0.505296 0.509867 0.508394 0.516403 0.581112 0.635233 0.694565 0.698610 0.699100 0.689128 0.762189 0.871046 0.969947 1.059330 1.131145 1.179354 1.214780 1.226043 1.202577 0.955756 0.857228 0.790608 0.755498 0.785831 0.877222 0.965870 1.030697 1.077885 1.308571 1.091454 1.061094 1.050874 1.059866 1.106009 1.158319 1.194556 1.202649 1.398592 1.416899 1.422468 1.423196 1.401659 1.382339 1.393183 1.424108 1.444721 1.462972 1.465263 1.450991 1.237416 1.184821 1.133344 1.023453 0.925136 0.849278 0.801901 0.771293 0.769925 0.785761 0.786803 0.785861 0.795242 0.794046 0.891380 0.783896 0.554199 0.489790
0.000000 0.000000 0.000000 0.000000 0.000000 0.000000 0.000000 0.000000 0.000000 0.000000 0.000000 0.000000 0.000000 0.000000 0.000000 0.000000 0.000000 0.000000 0.000000 0.000000 0.000000 0.000000 0.000000 0.000000 0.000000 0.000000 0.000000 0.000000 0.000000 0.000000 0.000000 0.000000 0.000000 0.000000 0.000000 0.000000 0.000000 0.000000 0.000000 0.000000 0.000000 0.000000 0.000000 0.000000 0.000000 0.000000 0.000000 0.000000 0.000000 0.000000 0.000000 0.000000 0.000000 0.000000 0.000000 0.000000 0.000000 0.000000 0.000000 0.000000 0.000000 0.000000 0.000000 0.000000 0.000000 0.000000 0.000000 0.000000 0.000000 0.000000 0.000000 0.000000 0.000000 0.000000 0.000000 0.000000 0.000000 0.000000 0.000000 0.000000 0.000000 0.000000 0.000000 0.000000 0.000000 0.000000 0.000000 0.000000 0.000000 0.000000 0.000000 0.000000 0.555847 0.526560 0.515099 0.506450 0.479222 0.477454 0.572039 0.617705 0.725578 0.811237 0.884963 0.794447 0.824579 0.837436 0.850868 0.871378 0.906519 0.968197 1.022651 1.060983 1.086908 1.084255 0.651000 0.465704 0.272325 0.283441 0.411005 0.540508 0.578777 0.595015 0.652000 0.725331 0.796410 0.852627 0.902693 0.931585 1.198510 1.159361 1.118178 1.082401 1.018997 1.000867 0.890595 0.817616 0.886956 0.902536 0.842985 0.775928 0.705690 0.638773 0.577563 0.431015 0.000000 0.000000 0.000000 0.000000 0.000000 0.000000 0.000000 0.000000 0.000000 0.000000 0.000000 0.000000 0.000000 0.000000 0.000000 0.000000 0.000000 0.000000 0.000000 0.000000 0.000000 0.000000 0.000000 0.000000 0.000000 0.000000 0.000000 0.000000 0.000000 0.000000 0.000000 0.000000 0.000000 0.000000 0.000000 0.000000 0.000000 0.000000 0.000000 0.000000 0.000000 0.000000 0.000000 0.000000 0.000000 0.000000 0.000000 0.000000 0.000000 0.000000 0.000000 0.000000 0.000000 0.000000 0.395754 0.421367 0.465620 0.499393 0.483382 0.483128 0.430880 0.000000 0.000000 0.000000 0.000000 0.000000 0.406499 0.441482 0.581744 0.604561 0.618534 0.641530 0.689834 0.748561 0.800719 0.827082 0.836566 0.832978 0.848941 0.866860 0.891859 0.846305 0.947709 1.019299 1.079333 1.125349 1.156914 0.988378 0.906317 0.811036 0.739348 0.710607 0.740101 0.835983 1.107200 1.178048 1.221019 1.236484 1.251170 1.042027 1.009750 0.966011 0.990796 1.042193 1.091546 1.106033 1.282459 1.266554 1.262824 1.259220 1.253545 1.245426 1.251569 1.282101 1.298682 1.298521 1.322322 1.345619 1.365721 1.353510 1.348994 1.257197 1.152615 1.072907 0.838416 0.808809 0.506972 0.797329 0.805754 0.808520 0.793064 0.759114 0.698877 0.629666 0.567026 0.524173
0.000000 0.000000 0.000000 0.000000 0.000000 0.000000 0.000000 0.000000 0.000000 0.000000 0.000000 0.000000 0.000000 0.000000 0.000000 0.000000 0.000000 0.000000 0.000000 0.000000 0.000000 0.000000 0.000000 0.000000 0.000000 0.000000 0.000000 0.000000 0.000000 0.000000 0.000000 0.000000 0.000000 0.000000 0.000000 0.000000 0.000000 0.000000 0.000000 0.000000 0.000000 0.000000 0.000000 0.000000 0.000000 0.000000 0.000000 0.000000 0.000000 0.000000 0.000000 0.000000 0.000000 0.000000 0.000000 0.000000 0.000000 0.000000 0.000000 0.000000 0.000000 0.000000 0.000000 0.000000 0.000000 0.000000 0.000000 0.000000 0.000000 0.000000 0.000000 0.000000 0.000000 0.000000 0.000000 0.000000 0.000000 0.000000 0.000000 0.000000 0.000000 0.000000 0.000000 0.000000 0.000000 0.000000 0.000000 0.000000 0.000000 0.000000 0.000000 0.000000 0.000000 0.000000 0.000000 0.000000 0.000000 0.000000 0.000000 0.000000 0.432396 0.656775 0.780185 0.897374 0.929702 0.981689 0.829106 0.827008 0.845454 0.896399 0.961403 1.012622 1.051435 1.048106 1.026754 0.999554 0.526368 0.305481 0.316880 0.468932 0.570429 0.654971 0.653306 0.642109 0.659313 0.680466 0.687957 0.671961 0.661853 0.679355 1.050038 1.040180 1.013022 1.010303 1.000473 0.924089 1.034944 0.990430 0.939934 0.881006 0.832241 0.782749 0.783991 0.714739 0.645280 0.572214 0.000000 0.000000 0.000000 0.000000 0.000000 0.000000 0.000000 0.000000 0.000000 0.000000 0.000000 0.000000 0.000000 0.000000 0.000000 0.000000 0.000000 0.000000 0.000000 0.000000 0.000000 0.000000 0.000000 0.000000 0.000000 0.000000 0.000000 0.000000 0.000000 0.000000 0.000000 0.000000 0.000000 0.000000 0.000000 0.000000 0.000000 0.000000 0.000000 0.000000 0.000000 0.000000 0.000000 0.000000 0.000000 0.000000 0.000000 0.000000 0.000000 0.000000 0.000000 0.000000 0.000000 0.000000 0.000000 0.410064 0.470436 0.499548 0.559765 0.602247 0.650095 0.657686 0.555723 0.583825 0.609193 0.838193 0.859571 0.856970 0.854771 0.852725 0.865028 0.967669 0.974286 0.966362 0.880716 0.889336 0.889179 0.959827 0.948510 0.936058 0.934301 0.973703 1.046096 1.115312 1.159155 1.170059 1.035593 0.966065 0.903451 0.859791 0.847835 0.900723 1.030702 1.108647 1.152212 1.168155 1.176135 1.172115 1.138165 0.887617 0.860086 0.882947 0.950219 0.993267 1.036743 1.240666 1.254344 1.268526 1.289956 1.310929 1.319263 1.336322 1.324909 1.266973 1.242417 1.249809 1.289965 1.297610 1.330296 1.286058 1.213142 1.144446 1.098053 0.854918 0.855640 0.867298 1.015049 0.975338 0.922498 0.876208 0.665565 0.615912 0.576764 0.671333
0.000000 0.000000 0.000000 0.000000 0.000000 0.000000 0.000000 0.000000 0.000000 0.000000 0.000000 0.000000 0.000000 0.000000 0.000000 0.000000 0.000000 0.000000 0.000000 0.000000 0.000000 0.000000 0.000000 0.000000 0.000000 0.000000 0.000000 0.000000 0.000000 0.000000 0.000000 0.000000 0.000000 0.000000 0.000000 0.000000 0.000000 0.000000 0.000000 0.000000 0.000000 0.000000 0.000000 0.000000 0.000000 0.000000 0.000000 0.000000 0.000000 0.000000 0.000000 0.000000 0.000000 0.000000 0.000000 0.000000 0.000000 0.000000 0.000000 0.000000 0.000000 0.000000 0.000000 0.000000 0.000000 0.000000 0.000000 0.000000 0.000000 0.000000 0.000000 0.000000 0.000000 0.000000 0.000000 0.000000 0.000000 0.000000 0.000000 0.000000 0.000000 0.000000 0.000000 0.000000 0.000000 0.000000 0.000000 0.000000 0.000000 0.000000 0.000000 0.000000 0.000000 0.000000 0.000000 0.000000 0.000000 0.000000 0.000000 0.000000 0.000000 0.000000 0.520883 0.714168 0.882096 0.993387 1.026661 1.128615 0.964122 0.879002 0.899288 0.939358 0.962824 0.974923 0.990469 1.003233 0.928025 0.907893 0.522114 0.425675 0.453834 0.569418 0.623938 0.592596 0.566958 0.532440 0.502254 0.525693 0.512027 0.537916 0.578795 0.602739 0.610579 0.593368 0.603010 0.630855 0.646626 0.650443 0.910978 1.034420 0.969315 0.886003 0.810404 0.813955 0.758246 0.716506 0.671406 0.602382 0.558184 0.504925 0.453860 0.000000 0.000000 0.000000 0.000000 0.000000 0.000000 0.000000 0.000000 0.000000 0.000000 0.000000 0.000000 0.000000 0.000000 0.000000 0.000000 0.000000 0.000000 0.000000 0.000000 0.000000 0.000000 0.000000 0.000000 0.000000 0.000000 0.000000 0.000000 0.000000 0.000000 0.000000 0.000000 0.000000 0.000000 0.000000 0.000000 0.000000 0.000000 0.000000 0.000000 0.000000 0.000000 0.000000 0.000000 0.000000 0.000000 0.000000 0.000000 0.000000 0.000000 0.519346 0.643165 0.754550 0.680514 0.728912 0.763064 0.794662 0.826475 0.860655 0.889231 0.920254 0.919415 0.893898 0.878941 0.877603 0.884336 1.051341 1.132874 1.108715 1.103518 1.124135 1.137402 1.144418 1.131950 1.099187 1.066304 1.028452 1.000588 1.003704 1.042997 1.080766 1.064997 0.928206 0.901798 0.892412 0.883240 0.873958 0.968796 1.059050 1.109448 1.117832 1.106024 1.076748 1.036924 0.968083 0.909607 0.918892 0.817264 0.969476 0.976567 1.079427 1.110705 1.328531 1.376782 1.417513 1.204919 1.203775 1.209385 1.207226 1.162725 1.339985 1.336631 1.311759 1.337499 1.323557 1.277016 1.225487 1.199234 1.113271 1.058477 1.099705 1.138053 1.121835 1.083408 0.996693 0.886147 0.784502 0.729172 0.670951
0.000000 0.000000 0.000000 0.000000 0.000000 0.000000 0.000000 0.000000 0.000000 0.000000 0.000000 0.000000 0.000000 0.000000 0.000000 0.000000 0.000000 0.000000 0.000000 0.000000 0.000000 0.000000 0.000000 0.000000 0.000000 0.000000 0.000000 0.000000 0.000000 0.000000 0.000000 0.000000 0.000000 0.000000 0.000000 0.000000 0.000000 0.000000 0.000000 0.000000 0.000000 0.000000 0.000000 0.000000 0.000000 0.000000 0.000000 0.000000 0.000000 0.000000 0.000000 0.000000 0.000000 0.000000 0.000000 0.000000 0.000000 0.000000 0.000000 0.000000 0.000000 0.000000 0.000000 0.000000 0.000000 0.000000 0.000000 0.000000 0.000000 0.000000 0.000000 0.000000 0.000000 0.000000 0.000000 0.000000 0.000000 0.000000 0.000000 0.000000 0.000000 0.000000 0.000000 0.000000 0.000000 0.000000 0.000000 0.000000 0.000000 0.000000 0.000000 0.000000 0.000000 0.000000 0.000000 0.000000 0.000000 0.000000 0.000000 0.000000 0.000000 0.000000 0.000000 0.672667 0.775785 0.835042 0.965646 1.134083 1.235745 1.191590 1.062129 1.064851 1.078059 1.093873 0.917918 0.991088 0.980819 0.970769 0.978131 0.971423 0.583200 0.409494 0.515929 0.446934 0.417515 0.408061 0.435831 0.456628 0.465037 0.462482 0.465174 0.479786 0.491257 0.516240 0.560480 0.620566 0.669642 0.695951 0.706518 0.639553 0.545253 0.906492 0.858592 0.911338 0.905907 0.898311 0.890646 0.867798 0.831928 0.770501 0.712150 0.660207 0.605157 0.532631 0.440990 0.000000 0.000000 0.000000 0.000000 0.000000 0.000000 0.000000 0.000000 0.000000 0.000000 0.000000 0.000000 0.000000 0.000000 0.000000 0.000000 0.000000 0.000000 0.000000 0.000000 0.000000 0.000000 0.000000 0.000000 0.000000 0.000000 0.000000 0.000000 0.000000 0.000000 0.000000 0.000000 0.000000 0.000000 0.000000 0.000000 0.000000 0.000000 0.000000 0.000000 0.000000 0.000000 0.433304 0.534014 0.640717 0.750251 0.876213 0.999085 1.006177 1.064512 0.941039 0.955913 0.965393 0.976154 1.005170 1.016221 1.016898 1.009002 1.001313 1.006314 1.007031 1.005377 0.995998 1.128742 1.206682 1.214789 1.233621 1.239862 1.229744 1.213307 1.177871 1.131407 1.105850 1.091737 1.085943 1.094560 1.107776 1.116775 1.114815 1.007967 0.985877 0.973115 0.968919 0.958892 1.042953 1.090565 1.078912 1.043204 1.001807 0.964628 0.915310 0.878573 0.906810 0.980728 1.060824 1.114586 0.981098 1.055104 1.120443 1.190978 1.460438 1.509620 1.333747 1.320562 1.289923 1.244581 1.223606 1.210055 1.374060 1.365407 1.342132 1.104404 1.277459 1.256940 1.175568 1.099151 1.117806 1.159936 1.153819 1.136414 1.035287 0.910720 0.806084 0.727035 0.711469
0.000000 0.000000 0.000000 0.000000 0.000000 0.000000 0.000000 0.000000 0.000000 0.000000 0.000000 0.000000 0.000000 0.000000 0.000000 0.000000 0.000000 0.000000 0.000000 0.000000 0.000000 0.000000 0.000000 0.000000 0.000000 0.000000 0.000000 0.000000 0.000000 0.000000 0.000000 0.000000 0.000000 0.000000 0.000000 0.000000 0.000000 0.000000 0.000000 0.000000 0.000000 0.000000 0.000000 0.000000 0.000000 0.000000 0.000000 0.000000 0.000000 0.000000 0.000000 0.000000 0.000000 0.000000 0.000000 0.000000 0.000000 0.000000 0.000000 0.000000 0.000000 0.000000 0.000000 0.000000 0.000000 0.000000 0.000000 0.000000 0.000000 0.000000 0.000000 0.000000 0.000000 0.000000 0.000000 0.000000 0.000000 0.000000 0.000000 0.000000 0.000000 0.000000 0.000000 0.000000 0.000000 0.000000 0.000000 0.000000 0.000000 0.000000 0.000000 0.000000 0.000000 0.000000 0.000000 0.000000 0.000000 0.000000 0.000000 0.000000 0.000000 0.000000 0.000000 0.000000 0.000000 0.490712 0.707531 0.918831 1.054989 1.098123 1.060892 1.050033 0.908823 0.914686 0.942530 1.045905 1.105155 0.929461 0.929222 0.922992 1.092805 1.054360 0.485193 0.403156 0.427126 0.430686 0.424348 0.443577 0.451292 0.446580 0.441019 0.457036 0.515288 0.529085 0.557540 0.591077 0.628754 0.691125 0.683710 0.603231 0.519543 0.495476 0.792780 1.025973 1.042483 1.073071 1.105029 1.097094 1.052147 0.999019 0.927304 0.862461 0.801415 0.747479 0.666900 0.555013 0.425413 0.000000 0.000000 0.000000 0.000000 0.000000 0.000000 0.000000 0.000000 0.000000 0.000000 0.000000 0.000000 0.000000 0.000000 0.000000 0.000000 0.000000 0.000000 0.000000 0.000000 0.000000 0.000000 0.000000 0.000000 0.000000 0.000000 0.000000 0.000000 0.000000 0.000000 0.000000 0.000000 0.000000 0.000000 0.000000 0.000000 0.000000 0.000000 0.000000 0.485024 0.585856 0.686545 0.790774 0.887338 0.962035 1.023670 1.088036 1.133604 1.152203 1.064383 0.897235 0.914342 0.940540 0.963662 0.980640 0.976251 0.979976 0.995050 1.016825 1.034254 1.182366 1.267053 1.263212 1.256001 1.233734 1.208593 1.181371 1.131856 1.089468 1.065660 1.066834 1.077442 1.094878 1.102303 1.096597 1.091682 1.093692 1.024850 1.038452 1.033764 1.017192 0.988352 1.049873 1.062039 1.028845 0.965392 0.740272 0.879785 0.901063 0.925279 0.973800 1.044782 1.098445 1.096048 0.880798 0.939459 1.026162 1.112204 1.196159 1.240301 1.274828 1.279391 1.247730 1.207422 1.184882 1.173258 1.155974 1.161874 1.131276 1.286660 1.274071 1.259048 1.213104 1.172419 1.171091 1.166855 1.161322 1.182543 1.102987 0.965782 0.836071 0.795271 0.685214
0.000000 0.000000 0.000000 0.000000 0.000000 0.000000 0.000000 0.000000 0.000000 0.000000 0.000000 0.000000 0.000000 0.000000 0.000000 0.000000 0.000000 0.000000 0.000000 0.000000 0.000000 0.000000 0.000000 0.000000 0.000000 0.000000 0.000000 0.000000 0.000000 0.000000 0.000000 0.000000 0.000000 0.000000 0.000000 0.000000 0.000000 0.000000 0.000000 0.000000 0.000000 0.000000 0.000000 0.000000 0.000000 0.000000 0.000000 0.000000 0.000000 0.000000 0.000000 0.000000 0.000000 0.000000 0.000000 0.000000 0.000000 0.000000 0.000000 0.000000 0.000000 0.000000 0.000000 0.000000 0.000000 0.000000 0.000000 0.000000 0.000000 0.000000 0.000000 0.000000 0.000000 0.000000 0.000000 0.000000 0.000000 0.000000 0.000000 0.000000 0.000000 0.000000 0.000000 0.000000 0.000000 0.000000 0.000000 0.000000 0.000000 0.000000 0.000000 0.000000 0.000000 0.000000 0.000000 0.000000 0.000000 0.000000 0.000000 0.000000 0.000000 0.000000 0.000000 0.000000 0.000000 0.459151 0.518463 0.638054 0.773728 0.865317 0.907054 0.685544 0.627308 0.778690 0.689483 0.608639 0.832475 0.860369 0.903038 0.913499 0.921349 1.097697 1.083149 1.107238 1.019125 0.810024 0.831170 0.487354 0.466447 0.444581 0.425509 0.419172 0.464626 0.517864 0.567732 0.620253 0.610899 0.658278 0.641166 0.581727 0.525922 0.522973 0.579669 0.902746 1.168972 1.211555 1.222939 1.254421 1.238786 1.190222 1.122817 1.045615 0.979209 0.920209 0.844402 0.757410 0.661040 0.619405 0.564981 0.446355 0.441396 0.454034 0.462464 0.453535 0.421287 0.000000 0.000000 0.000000 0.000000 0.000000 0.000000 0.000000 0.000000 0.000000 0.000000 0.000000 0.000000 0.000000 0.000000 0.000000 0.000000 0.000000 0.000000 0.000000 0.000000 0.423044 0.462598 0.467471 0.448879 0.429318 0.420300 0.000000 0.000000 0.000000 0.000000 0.000000 0.000000 0.000000 0.000000 0.464529 0.529413 0.572718 0.613116 0.712548 0.817034 0.911547 0.884914 0.939456 0.980545 1.028406 1.068013 1.089409 1.101847 1.087349 1.046391 1.002146 1.047599 1.033664 1.038135 1.053480 1.061175 1.052259 1.024328 0.988087 0.963953 0.954040 0.932048 0.903610 0.911740 0.934493 0.958444 1.024570 1.087972 1.116105 1.123168 1.021436 1.010328 1.115381 1.179174 1.101310 1.069714 1.017136 0.774048 0.697545 0.643508 0.854084 0.907037 0.978847 1.043039 1.082021 1.074495 0.840997 0.802626 0.847011 0.928060 0.994348 1.049142 1.097564 1.126893 1.129298 1.105538 1.076574 1.051318 1.033546 1.065308 1.090896 1.033496 1.033303 1.027308 1.223896 1.194783 1.248230 1.208469 1.196382 1.212779 1.120384 0.981852 0.851213 0.738536 0.578513
0.000000 0.000000 0.000000 0.000000 0.000000 0.000000 0.000000 0.000000 0.000000 0.000000 0.000000 0.000000 0.000000 0.000000 0.000000 0.000000 0.000000 0.000000 0.000000 0.000000 0.000000 0.000000 0.000000 0.000000 0.000000 0.000000 0.000000 0.000000 0.000000 0.000000 0.000000 0.000000 0.000000 0.000000 0.000000 0.000000 0.000000 0.000000 0.000000 0.000000 0.000000 0.000000 0.000000 0.000000 0.000000 0.000000 0.000000 0.000000 0.000000 0.000000 0.000000 0.000000 0.000000 0.000000 0.000000 0.000000 0.000000 0.000000 0.000000 0.000000 0.000000 0.000000 0.000000 0.000000 0.000000 0.000000 0.000000 0.000000 0.000000 0.000000 0.000000 0.000000 0.000000 0.000000 0.000000 0.000000 0.000000 0.000000 0.000000 0.000000 0.000000 0.000000 0.000000 0.000000 0.000000 0.000000 0.000000 0.000000 0.000000 0.000000 0.000000 0.000000 0.000000 0.000000 0.000000 0.000000 0.000000 0.000000 0.000000 0.450893 0.545451 0.597883 0.613305 0.615307 0.612988 0.617356 0.628979 0.646097 0.664962 0.762336 0.852361 0.889113 1.104326 0.942775 0.776897 0.671733 0.693392 0.759395 0.856063 0.944121 1.024843 1.021466 1.004968 0.948256 1.127423 0.895721 0.535943 0.510040 0.485268 0.462519 0.431630 0.389865 0.362186 0.340305 0.404441 0.529578 0.619178 0.659524 0.653558 0.598039 0.569469 0.571310 0.627757 0.738992 1.249871 1.269828 1.292194 1.305494 1.302921 1.314555 1.263351 1.191915 1.109063 1.029631 0.952918 0.889331 0.823212 0.763535 0.708365 0.642801 0.524494 0.527927 0.413542 0.408902 0.000000 0.436092 0.471954 0.496657 0.494483 0.464669 0.423747 0.000000 0.000000 0.000000 0.000000 0.000000 0.000000 0.000000 0.000000 0.000000 0.000000 0.000000 0.000000 0.000000 0.489531 0.563808 0.590436 0.572570 0.532482 0.520401 0.528450 0.515106 0.489469 0.451393 0.000000 0.000000 0.000000 0.000000 0.000000 0.000000 0.000000 0.000000 0.465248 0.534967 0.595612 0.701552 0.748290 0.738095 0.798225 0.841446 0.686709 0.857388 0.852452 0.818433 0.849592 0.832820 0.841799 0.872694 0.905036 0.938916 0.969331 1.016727 1.033732 1.070701 1.119308 1.146484 1.169003 1.174481 1.165939 1.155657 1.152034 1.149361 1.142192 1.133819 1.110919 1.084710 1.075201 1.144217 1.234630 1.258329 1.233005 1.192464 1.049237 1.023657 0.974210 0.991006 1.027973 1.102548 1.064577 1.073408 1.038628 0.949229 0.703821 0.723659 0.772216 0.820516 0.867733 0.921416 0.966473 0.984335 0.995077 0.998521 1.016725 1.016380 1.028123 1.056256 0.976798 0.878996 0.899197 1.144955 1.096395 1.046919 1.015089 1.001440 1.087249 0.980205 0.846569 0.742621 0.658635 0.440941
0.000000 0.000000 0.000000 0.000000 0.000000 0.000000 0.000000 0.000000 0.000000 0.000000 0.000000 0.000000 0.000000 0.000000 0.000000 0.000000 0.000000 0.000000 0.000000 0.000000 0.000000 0.000000 0.000000 0.000000 0.000000 0.000000 0.000000 0.000000 0.000000 0.000000 0.000000 0.000000 0.000000 0.000000 0.000000 0.000000 0.000000 0.000000 0.000000 0.000000 0.000000 0.000000 0.000000 0.000000 0.000000 0.000000 0.000000 0.000000 0.000000 0.000000 0.000000 0.000000 0.000000 0.000000 0.000000 0.000000 0.000000 0.000000 0.000000 0.000000 0.000000 0.000000 0.000000 0.000000 0.000000 0.000000 0.000000 0.000000 0.000000 0.000000 0.000000 0.000000 0.000000 0.000000 0.000000 0.000000 0.000000 0.000000 0.000000 0.000000 0.000000 0.000000 0.000000 0.000000 0.000000 0.000000 0.000000 0.000000 0.000000 0.000000 0.000000 0.000000 0.000000 0.000000 0.000000 0.000000 0.000000 0.000000 0.000000 0.414149 0.487678 0.549008 0.609797 0.654695 0.680495 0.690993 0.697471 0.701810 0.798417 0.895314 0.890065 0.864169 1.004346 0.970899 0.913567 0.938794 0.482506 0.833941 0.906175 0.968365 0.670127 0.687482 0.686685 0.444826 0.401875 0.414846 0.389079 0.349137 0.331886 0.306196 0.295634 0.275597 0.257316 0.232361 0.235232 0.328953 0.458118 0.586216 0.711676 0.733464 0.681648 0.638058 0.664530 0.728973 1.024190 1.183591 1.219101 1.233957 1.231498 1.215349 1.184102 1.237696 1.138617 1.053810 0.985616 0.917742 0.850030 0.789994 0.740811 0.687726 0.637155 0.605734 0.569168 0.605317 0.623587 0.641787 0.634740 0.655596 0.643455 0.616107 0.574800 0.537051 0.498339 0.458736 0.418314 0.000000 0.000000 0.000000 0.000000 0.000000 0.000000 0.000000 0.000000 0.462608 0.562022 0.598240 0.597377 0.569627 0.526851 0.504988 0.502622 0.493812 0.478280 0.459299 0.429973 0.000000 0.000000 0.000000 0.000000 0.000000 0.000000 0.000000 0.000000 0.441627 0.479978 0.574686 0.614475 0.628691 0.687277 0.671383 0.683656 0.710029 0.740606 0.763427 0.729159 0.838679 0.803800 0.826185 0.916439 0.940897 0.965681 1.014840 1.051720 1.097349 1.129120 1.143045 1.158533 1.135811 1.112649 1.084944 1.055306 1.029552 1.013600 0.990142 0.935075 0.993104 1.133486 1.157617 1.232734 1.274327 1.279260 1.257288 1.232338 1.149991 1.000836 1.160996 1.263996 1.262240 1.241884 1.212826 1.149405 1.073038 0.956525 0.910040 0.768538 0.724250 0.721898 0.763745 0.802533 0.833676 0.851910 0.864119 0.914626 0.962266 1.024378 1.060393 0.985452 0.865778 0.857453 0.843655 0.792713 0.768223 0.767415 0.905786 0.892901 0.851968 0.720812 0.501907 0.577450 0.000000
0.000000 0.000000 0.000000 0.000000 0.000000 0.000000 0.000000 0.000000 0.000000 0.000000 0.000000 0.000000 0.000000 0.000000 0.000000 0.000000 0.000000 0.000000 0.000000 0.000000 0.000000 0.000000 0.000000 0.000000 0.000000 0.000000 0.000000 0.000000 0.000000 0.000000 0.000000 0.000000 0.000000 0.000000 0.000000 0.000000 0.000000 0.000000 0.000000 0.000000 0.000000 0.000000 0.000000 0.000000 0.000000 0.000000 0.000000 0.000000 0.000000 0.000000 0.000000 0.000000 0.000000 0.000000 0.000000 0.000000 0.000000 0.000000 0.000000 0.000000 0.000000 0.000000 0.000000 0.000000 0.000000 0.000000 0.000000 0.000000 0.000000 0.000000 0.000000 0.000000 0.000000 0.000000 0.000000 0.000000 0.000000 0.000000 0.000000 0.000000 0.000000 0.000000 0.000000 0.000000 0.000000 0.000000 0.000000 0.000000 0.000000 0.000000 0.000000 0.000000 0.000000 0.000000 0.000000 0.000000 0.000000 0.000000 0.000000 0.000000 0.000000 0.384146 0.483326 0.555535 0.597778 0.679722 0.740288 0.781459 0.796915 0.924329 1.017977 0.993536 1.073665 1.113192 0.959406 0.982648 0.999273 1.007668 0.560773 0.651872 0.471828 0.565925 0.698151 0.678190 0.541929 0.420799 0.410039 0.356731 0.314091 0.301294 0.315664 0.307636 0.269248 0.252506 0.258779 0.318469 0.395812 0.503839 0.601282 0.687122 0.702533 0.664884 0.636636 0.633458 0.948982 0.962997 1.134620 1.138881 1.140810 1.142046 1.114774 1.111397 1.039834 1.001292 0.990868 0.943096 0.895379 0.837383 0.770102 0.696089 0.670551 0.649151 0.628914 0.606470 0.621582 0.604675 0.587095 0.506490 0.535156 0.558398 0.634983 0.651471 0.658692 0.651343 0.630082 0.595046 0.573381 0.605627 0.606907 0.590910 0.498225 0.486215 0.634381 0.538558 0.717177 0.440717 0.452633 0.456036 0.438591 0.000000 0.000000 0.000000 0.000000 0.000000 0.000000 0.000000 0.000000 0.000000 0.000000 0.000000 0.000000 0.000000 0.000000 0.000000 0.000000 0.442679 0.564710 0.621016 0.677192 0.717368 0.746565 0.796557 0.818846 0.829848 0.833442 0.840743 0.861107 0.897895 0.932832 0.951124 0.949506 0.938308 0.909376 0.872427 0.850138 0.850543 0.859873 0.852677 0.838188 0.823875 0.749654 0.771775 0.848299 0.762618 0.809207 1.016265 1.037671 1.041232 1.031369 1.098934 1.120711 1.135143 0.976189 1.009719 1.053019 1.258084 1.393979 1.393157 1.346299 1.293618 1.248348 1.225756 1.218628 1.180018 1.029757 0.815353 0.705781 0.593349 0.627599 0.657121 0.368771 0.388691 0.442689 0.524915 0.637133 0.678069 0.928335 0.831080 0.795899 0.806041 0.797140 0.775825 0.747899 0.869970 0.816317 0.684266 0.618359 0.558434 0.420135 0.000000
0.000000 0.000000 0.000000 0.000000 0.000000 0.000000 0.000000 0.000000 0.000000 0.000000 0.000000 0.000000 0.000000 0.000000 0.000000 0.000000 0.000000 0.000000 0.000000 0.000000 0.000000 0.000000 0.000000 0.000000 0.000000 0.000000 0.000000 0.000000 0.000000 0.000000 0.000000 0.000000 0.000000 0.000000 0.000000 0.000000 0.000000 0.000000 0.000000 0.000000 0.000000 0.000000 0.000000 0.000000 0.000000 0.000000 0.000000 0.000000 0.000000 0.000000 0.000000 0.000000 0.000000 0.000000 0.000000 0.000000 0.000000 0.000000 0.000000 0.000000 0.000000 0.000000 0.000000 0.000000 0.000000 0.000000 0.000000 0.000000 0.000000 0.000000 0.000000 0.000000 0.000000 0.000000 0.000000 0.000000 0.000000 0.000000 0.000000 0.000000 0.000000 0.000000 0.000000 0.000000 0.000000 0.000000 0.000000 0.000000 0.000000 0.000000 0.000000 0.000000 0.000000 0.000000 0.000000 0.000000 0.000000 0.000000 0.000000 0.000000 0.000000 0.000000 0.000000 0.544229 0.534306 0.655115 0.738916 0.765956 0.867024 0.809030 0.829601 0.868867 0.939533 1.003518 1.051629 1.086437 1.100831 1.096577 1.071600 0.600036 0.416634 0.321313 0.582586 0.581087 0.472829 0.406028 0.352610 0.317185 0.354751 0.325904 0.325888 0.328956 0.316353 0.305786 0.286180 0.323643 0.410891 0.491801 0.522629 0.917499 0.594763 0.567776 0.559494 0.489575 0.478889 0.820364 0.816980 0.992343 1.003067 1.042275 1.023692 0.947285 0.913290 0.998183 0.994155 0.959907 0.911628 0.863342 0.813903 0.744860 0.673856 0.629103 0.649069 0.605394 0.664057 0.704999 0.672244 0.701330 0.733815 0.821258 0.835951 0.779630 0.647278 0.658031 0.817096 0.828004 0.819970 0.788609 0.769031 0.713305 0.642526 0.584651 0.567948 0.444199 0.000000 0.000000 0.545856 0.000000 0.517775 0.516823 0.000000 0.000000 0.000000 0.000000 0.000000 0.000000 0.000000 0.000000 0.000000 0.000000 0.000000 0.000000 0.000000 0.624023 0.775183 0.912551 1.027188 1.120658 1.161799 1.194285 1.208798 1.232571 1.239107 1.221726 1.155441 1.123091 1.108897 1.112349 1.123363 1.046370 1.039045 1.017030 0.969983 0.896235 0.825286 0.780874 0.758673 0.746416 0.739902 0.773617 0.618811 0.651028 0.701227 0.747335 0.779946 0.957155 0.941739 0.920373 0.896374 0.965643 0.852107 0.886409 0.617534 0.663665 0.740110 1.012235 1.045275 1.064424 1.030998 1.017500 1.189159 1.195356 1.220874 1.215231 1.178900 1.136047 0.916816 0.947861 0.780084 0.526344 0.544680 0.561117 0.584278 0.652285 0.433177 0.519360 0.501909 0.744356 0.700384 0.725331 0.906866 0.895227 0.865157 0.824057 0.774464 0.665265 0.564308 0.419607 0.000000 0.438566
0.000000 0.000000 0.000000 0.000000 0.000000 0.000000 0.000000 0.000000 0.000000 0.000000 0.000000 0.000000 0.000000 0.000000 0.000000 0.000000 0.000000 0.000000 0.000000 0.000000 0.000000 0.000000 0.000000 0.000000 0.000000 0.000000 0.000000 0.000000 0.000000 0.000000 0.000000 0.000000 0.000000 0.000000 0.000000 0.000000 0.000000 0.000000 0.000000 0.000000 0.000000 0.000000 0.000000 0.000000 0.000000 0.000000 0.000000 0.000000 0.000000 0.000000 0.000000 0.000000 0.000000 0.000000 0.000000 0.000000 0.000000 0.000000 0.000000 0.000000 0.000000 0.000000 0.000000 0.000000 0.000000 0.000000 0.000000 0.000000 0.000000 0.000000 0.000000 0.000000 0.000000 0.000000 0.000000 0.000000 0.000000 0.000000 0.000000 0.000000 0.000000 0.000000 0.000000 0.000000 0.000000 0.000000 0.000000 0.000000 0.000000 0.000000 0.000000 0.000000 0.000000 0.000000 0.000000 0.000000 0.000000 0.440394 0.000000 0.488309 0.583383 0.657607 0.677492 1.757796 0.756866 0.803502 0.890692 0.859383 0.893132 0.957451 0.840384 0.889461 0.948913 0.976962 0.984898 0.984292 1.003913 1.006865 0.993300 0.577057 0.456108 0.351685 0.268627 0.292501 0.340844 0.353295 0.353130 0.330709 0.318956 0.322180 0.334506 0.340687 0.337557 0.329576 0.343065 0.341145 0.406549 0.458143 0.484591 0.500300 0.462307 0.395891 0.406970 0.411988 0.401539 0.402519 0.765805 0.746296 0.751633 0.498995 0.566580 0.804736 0.897207 0.767671 0.772968 0.744710 0.903307 0.854250 0.810466 0.756487 0.682377 0.627088 0.606661 0.633893 0.725614 0.806197 0.848589 0.874363 0.729552 0.742701 0.741156 0.736447 0.739112 0.746905 0.792570 0.762465 0.727430 0.848495 0.800235 0.747810 0.698616 0.649718 0.599636 0.573985 0.457643 0.522702 0.457556 0.442954 0.000000 0.000000 0.426652 0.421967 0.443911 0.000000 0.000000 0.000000 0.000000 0.000000 0.000000 0.000000 0.000000 0.000000 0.453666 0.667844 0.843727 0.978682 1.080923 1.150223 1.205751 1.225856 1.229991 1.233803 1.236294 1.230033 1.192246 1.193915 1.198682 1.208577 1.210674 1.204023 1.187437 1.167533 1.143589 1.099682 1.049575 0.911355 0.879570 0.846017 0.814381 0.818203 0.650093 0.663220 0.673017 0.665614 0.650113 0.635609 0.628760 0.637175 0.657820 0.680135 0.726025 0.431883 0.443197 0.491966 0.557944 0.547705 0.571216 0.659643 1.007353 1.010910 1.027286 1.034136 1.058650 1.077195 1.075923 1.047857 1.007944 0.925806 0.940009 0.770250 0.738203 0.711789 0.547900 0.555034 0.222959 0.283032 0.282379 0.204682 0.165641 0.234677 0.623444 0.614175 0.600158 0.584615 0.554620 0.519769 0.609804 0.564596 0.524457 0.507961
0.000000 0.000000 0.000000 0.000000 0.000000 0.000000 0.000000 0.000000 0.000000 0.000000 0.000000 0.000000 0.000000 0.000000 0.000000 0.000000 0.000000 0.000000 0.000000 0.000000 0.000000 0.000000 0.000000 0.000000 0.000000 0.000000 0.000000 0.000000 0.000000 0.000000 0.000000 0.000000 0.000000 0.000000 0.000000 0.000000 0.000000 0.000000 0.000000 0.000000 0.000000 0.000000 0.000000 0.000000 0.000000 0.000000 0.000000 0.000000 0.000000 0.000000 0.000000 0.000000 0.000000 0.000000 0.000000 0.000000 0.000000 0.000000 0.000000 0.000000 0.000000 0.000000 0.000000 0.000000 0.000000 0.000000 0.000000 0.000000 0.000000 0.000000 0.000000 0.000000 0.000000 0.000000 0.000000 0.000000 0.000000 0.000000 0.000000 0.000000 0.000000 0.000000 0.000000 0.000000 0.000000 0.000000 0.000000 0.000000 0.000000 0.000000 0.000000 0.000000 0.000000 0.000000 0.000000 0.000000 0.000000 0.000000 0.000000 0.470327 0.598700 0.733186 0.828288 0.866544 0.877533 0.893816 0.866670 0.917659 0.955838 0.831419 0.848045 1.028346 1.062716 1.095057 0.940456 0.925153 0.927926 0.928237 0.449032 0.323069 0.313749 0.348294 0.385083 0.403298 0.371469 0.376752 0.395940 0.428012 0.452387 0.468040 0.466203 0.459655 0.429345 0.378985 0.349082 0.377144 0.428016 0.831018 0.474018 0.507155 0.484820 0.497990 0.455641 0.439021 0.446058 0.451576 0.446900 0.762789 0.361813 0.324598 0.362875 0.367346 0.366161 0.383498 0.385743 0.390053 0.665104 0.768266 0.733265 0.788101 0.778323 0.739658 0.831907 0.823259 0.839209 0.855887 0.821414 0.846566 0.673246 0.655804 0.654928 0.666451 0.680105 0.689927 0.684051 0.667002 0.647970 0.625968 0.602847 0.714812 0.671074 0.649006 0.638831 0.679208 0.667410 0.669611 0.639144 0.601354 0.607102 0.597142 0.580775 0.563683 0.552602 0.538851 0.522159 0.508170 0.486495 0.559127 0.424795 0.000000 0.286095 0.356928 0.425527 0.637843 0.783631 0.876290 0.953648 1.033826 1.105496 1.149249 1.079937 1.098704 1.126433 1.161531 1.194406 1.214357 1.222338 1.220352 1.204010 1.181945 1.151159 1.123437 1.099107 1.071894 1.032348 0.989005 0.935541 0.881330 0.900058 0.840470 0.739353 0.806430 0.794398 0.592851 0.573071 0.565965 0.578577 0.749870 0.624421 0.658226 0.695391 0.737679 0.364305 0.349634 0.366272 0.428489 0.878813 0.908144 0.923768 0.932719 0.941716 0.948003 0.973807 0.994658 1.001540 0.988948 0.950696 0.897553 0.818963 0.754149 0.739880 0.718723 0.834995 0.796393 0.786091 0.621706 0.622621 0.257877 0.229065 0.216330 0.576500 0.558509 0.542121 0.525053 0.506848 0.059630 0.101994 0.593645 0.614912 0.521809
0.000000 0.000000 0.000000 0.000000 0.000000 0.000000 0.000000 0.000000 0.000000 0.000000 0.000000 0.000000 0.000000 0.000000 0.000000 0.000000 0.000000 0.000000 0.000000 0.000000 0.000000 0.000000 0.000000 0.000000 0.000000 0.000000 0.000000 0.000000 0.000000 0.000000 0.000000 0.000000 0.000000 0.000000 0.000000 0.000000 0.000000 0.000000 0.000000 0.000000 0.000000 0.000000 0.000000 0.000000 0.000000 0.000000 0.000000 0.000000 0.000000 0.000000 0.000000 0.000000 0.000000 0.000000 0.000000 0.000000 0.000000 0.000000 0.000000 0.000000 0.000000 0.000000 0.000000 0.000000 0.000000 0.000000 0.000000 0.000000 0.000000 0.000000 0.000000 0.000000 0.000000 0.000000 0.000000 0.000000 0.000000 0.000000 0.000000 0.000000 0.000000 0.000000 0.000000 0.000000 0.000000 0.000000 0.000000 0.000000 0.000000 0.000000 0.000000 0.000000 0.000000 0.000000 0.000000 0.000000 0.000000 0.000000 0.004000 0.000000 0.457099 0.578351 0.669131 0.748583 0.800744 0.837159 0.909827 0.711960 0.738720 0.769395 0.785380 0.964816 0.970683 0.985581 1.001743 1.010227 0.850461 0.841349 0.838446 0.440647 0.396492 0.384905 0.370348 0.354234 0.330998 0.308550 0.313110 0.347853 0.395338 0.420793 0.427939 0.431722 0.421543 0.406231 0.385475 0.356741 0.367651 0.778523 0.803863 0.832724 0.495695 0.515928 0.542595 0.559273 0.572141 0.578887 0.535743 0.458728 0.388018 0.317572 0.224906 0.183737 0.159753 0.154176 0.163309 0.176426 0.185009 0.196278 0.214286 0.588193 0.614984 0.682218 0.742203 0.892944 0.959071 0.939420 0.853055 0.864779 0.686113 0.672672 0.688197 0.691715 0.684455 0.669998 0.652217 0.625366 0.598246 0.566839 0.532892 0.624705 0.583992 0.570929 0.592946 0.615854 0.670190 0.685690 0.715561 0.724261 0.725491 0.724080 0.711187 0.698460 0.670200 0.627626 0.640464 0.612440 0.537350 0.525564 0.581569 0.569784 0.556616 0.552975 0.523126 0.656206 0.727823 0.838602 0.915245 1.063604 1.104335 1.046300 1.118523 1.186336 1.228053 1.256600 1.270578 1.263935 1.265007 1.249091 1.218732 1.188536 1.159311 1.135645 1.111837 1.086715 1.044980 0.994313 0.941391 0.888320 0.689242 0.806927 0.628497 0.838390 0.770878 0.575139 0.562695 0.560527 0.575631 0.593909 0.762058 0.810897 0.722562 0.496592 0.877106 0.923600 0.969011 1.006356 1.038388 1.069325 1.082917 1.066451 1.032386 0.988398 0.960242 0.927182 0.912797 0.902451 0.887785 0.883203 0.876645 0.873394 0.861224 0.829515 0.793519 0.758610 0.734411 0.738031 0.733812 0.721738 0.696815 0.669798 0.641258 0.616880 0.587744 0.557191 0.197044 0.588037 0.531780 0.675107 0.651617 0.527286
0.000000 0.000000 0.000000 0.000000 0.000000 0.000000 0.000000 0.000000 0.000000 0.000000 0.000000 0.000000 0.000000 0.000000 0.000000 0.000000 0.000000 0.000000 0.000000 0.000000 0.000000 0.000000 0.000000 0.000000 0.000000 0.000000 0.000000 0.000000 0.000000 0.000000 0.000000 0.000000 0.000000 0.000000 0.000000 0.000000 0.000000 0.000000 0.000000 0.000000 0.000000 0.000000 0.000000 0.000000 0.000000 0.000000 0.000000 0.000000 0.000000 0.000000 0.000000 0.000000 0.000000 0.000000 0.000000 0.000000 0.000000 0.000000 0.000000 0.000000 0.000000 0.000000 0.000000 0.000000 0.000000 0.000000 0.000000 0.000000 0.000000 0.000000 0.000000 0.000000 0.000000 0.000000 0.000000 0.000000 0.000000 0.000000 0.000000 0.000000 0.000000 0.000000 0.000000 0.000000 0.000000 0.000000 0.000000 0.000000 0.000000 0.000000 0.000000 0.000000 0.000000 0.000000 0.000000 0.000000 0.000000 0.000000 0.000000 0.000000 0.000000 0.000000 0.000000 0.539983 0.592773 0.608606 0.545795 0.585491 0.611986 0.646204 0.645106 0.646294 0.807942 0.843319 0.868850 0.873881 0.876106 0.885038 0.892347 0.903033 0.737136 0.731829 0.731214 0.719038 0.705395 0.261205 0.241821 0.176277 0.195174 0.238882 0.282711 0.331568 0.392160 0.443279 0.458047 0.443778 0.390200 0.347847 0.738406 0.773495 0.811491 0.488108 0.520038 0.433474 0.569494 0.602540 0.914818 0.884237 0.847461 0.819273 0.782226 0.300554 0.278406 0.255583 0.198561 0.151924 0.143969 0.165935 0.191906 0.220107 0.624843 0.672114 0.717311 0.753761 0.928408 0.734342 0.744404 0.853491 0.835899 0.671991 0.697336 0.706330 0.699521 0.685727 0.655482 0.621378 0.734365 0.696582 0.659243 0.628369 0.605457 0.580993 0.582444 0.597910 0.629354 0.660910 0.695130 0.707819 0.704412 0.731137 0.740412 0.776483 0.817378 0.828842 0.811910 0.783692 0.755249 0.830791 0.918542 0.989727 1.068063 1.092205 1.097441 1.114481 1.120411 1.107516 1.103532 1.096497 1.140326 1.233990 1.287014 1.297268 1.277239 1.259184 1.243327 1.218779 1.192096 1.180665 1.163596 1.149868 1.147902 1.153019 1.135932 1.103783 0.888274 1.022344 0.977438 0.942277 0.914958 0.733291 0.711118 0.830131 0.790436 0.749596 0.736428 0.744363 0.596697 0.269749 0.316299 0.706113 0.447432 0.514458 0.616938 1.005343 1.058851 1.102788 0.855567 0.874511 0.899815 1.160701 1.118025 1.059457 1.006504 0.967001 0.924972 0.896245 0.914686 0.962527 0.977969 0.975519 0.934320 0.885778 0.861562 0.860160 1.066051 0.882242 0.872425 0.861487 1.019181 0.996048 0.969042 0.946367 0.918883 0.882934 0.854444 0.825096 0.804982 0.716422 0.700899 0.672682
0.000000 0.000000 0.000000 0.000000 0.000000 0.000000 0.000000 0.000000 0.000000 0.000000 0.000000 0.000000 0.000000 0.000000 0.000000 0.000000 0.000000 0.000000 0.000000 0.000000 0.000000 0.000000 0.000000 0.000000 0.000000 0.000000 0.000000 0.000000 0.000000 0.000000 0.000000 0.000000 0.000000 0.000000 0.000000 0.000000 0.000000 0.000000 0.000000 0.000000 0.000000 0.000000 0.000000 0.000000 0.000000 0.000000 0.000000 0.000000 0.000000 0.000000 0.000000 0.000000 0.000000 0.000000 0.000000 0.000000 0.000000 0.000000 0.000000 0.000000 0.000000 0.000000 0.000000 0.000000 0.000000 0.000000 0.000000 0.000000 0.000000 0.000000 0.000000 0.000000 0.000000 0.000000 0.000000 0.000000 0.000000 0.000000 0.000000 0.000000 0.000000 0.000000 0.000000 0.000000 0.000000 0.000000 0.000000 0.000000 0.000000 0.000000 0.000000 0.000000 0.000000 0.000000 0.000000 0.000000 0.000000 0.000000 0.000000 0.398098 0.466677 0.515221 0.547395 0.563806 0.563288 0.548624 0.523591 0.504714 0.491814 0.570872 0.564852 0.585361 0.656427 0.693450 0.684492 0.699138 0.579454 0.594215 0.593733 0.603602 0.275360 0.624243 0.624339 0.617753 0.615657 0.616506 0.617034 0.618316 0.220575 0.227697 0.137114 0.161893 0.294958 0.423428 0.519468 0.570041 0.546969 0.479643 0.748710 0.721978 0.742427 0.773190 0.459818 0.490850 0.531644 0.584021 0.622434 0.934250 0.914991 0.882121 0.855306 0.823547 0.800937 0.775596 0.741881 0.719924 0.715667 0.713540 0.708477 0.338840 0.348190 0.343309 0.686078 0.670076 0.887452 0.824311 0.800229 0.653831 0.675754 0.711498 0.735811 0.739336 0.746698 0.737817 0.733133 0.730598 0.711441 0.690552 0.830431 0.802055 0.776540 0.754829 0.733645 0.770832 0.748398 0.720194 0.686769 0.688828 0.692736 0.699719 0.700167 0.697814 0.750579 0.803062 0.851291 0.838183 0.898031 0.964236 1.041712 1.109013 1.167031 1.191978 1.215734 1.322361 1.216401 1.203382 1.181129 1.207731 1.253909 1.287404 1.287445 1.289433 1.270912 1.234114 1.184626 1.147381 1.128244 1.136044 0.968381 0.953023 0.942349 0.942466 0.926742 0.894881 0.865679 0.831731 0.796665 0.768265 0.741420 0.717668 0.687385 0.679246 0.702869 0.880117 0.877485 0.712153 0.692106 0.697459 0.726258 0.779373 0.836681 0.875003 0.885346 0.885606 0.890239 0.903594 0.925508 0.942600 0.974417 1.001048 1.021355 1.221523 1.201555 0.995982 0.986587 0.974042 0.965200 0.982688 0.989557 0.961605 0.912216 0.905418 0.921590 1.137770 1.152972 1.163350 1.161469 1.153692 1.141630 1.121237 1.095590 1.069640 1.036739 1.012714 0.986328 0.934269 0.861813 0.767121 0.767664 0.741497
0.000000 0.000000 0.000000 0.000000 0.000000 0.000000 0.000000 0.000000 0.000000 0.000000 0.000000 0.000000 0.000000 0.000000 0.000000 0.000000 0.000000 0.000000 0.000000 0.000000 0.000000 0.000000 0.000000 0.000000 0.000000 0.000000 0.000000 0.000000 0.000000 0.000000 0.000000 0.000000 0.000000 0.000000 0.000000 0.000000 0.000000 0.000000 0.000000 0.000000 0.000000 0.000000 0.000000 0.000000 0.000000 0.000000 0.000000 0.000000 0.000000 0.000000 0.000000 0.000000 0.000000 0.000000 0.000000 0.000000 0.000000 0.000000 0.000000 0.000000 0.000000 0.000000 0.000000 0.000000 0.000000 0.000000 0.000000 0.000000 0.000000 0.000000 0.000000 0.000000 0.000000 0.000000 0.000000 0.000000 0.000000 0.000000 0.000000 0.000000 0.000000 0.000000 0.000000 0.000000 0.000000 0.000000 0.000000 0.000000 0.000000 0.000000 0.000000 0.000000 0.000000 0.000000 0.000000 0.000000 0.000000 0.000000 0.000000 0.000000 0.000000 0.430231 0.468911 0.498450 0.501991 0.491893 0.487225 0.489400 0.494354 0.490953 0.477357 0.453412 0.447169 0.539770 0.566836 0.597320 0.477911 0.610880 0.477155 0.504398 0.506401 0.162338 0.509944 0.650565 0.663357 0.533479 0.538777 0.540754 0.550684 0.591090 0.625317 0.265502 0.300921 0.401711 0.536877 0.655098 0.706328 0.715232 0.936301 0.827362 0.731729 0.714359 0.430576 0.470711 0.523793 0.597988 0.955270 0.984632 0.982310 0.975250 0.949732 0.936756 0.909474 0.886432 0.859693 0.845957 0.837378 0.836450 0.835356 0.830793 0.822622 0.805028 0.452007 0.415852 0.697432 0.837509 0.667740 0.683372 0.377545 0.409717 0.442639 0.840775 0.848085 0.440408 0.791058 0.785813 0.786322 0.780404 0.768983 0.747977 0.725852 0.706296 0.686558 0.666448 0.787092 0.818569 0.788044 0.747623 0.704332 0.658965 0.633233 0.628061 0.629559 0.628629 0.649343 0.649415 0.730195 0.805134 0.904942 1.014978 1.102286 1.149066 1.212479 1.248942 1.363507 1.343831 1.310068 1.170123 1.149949 1.136616 1.130770 1.132819 1.131882 1.116946 1.089560 1.066606 0.867028 0.860008 0.858161 0.849864 0.841852 0.399301 0.326584 0.299949 0.301709 0.303143 0.291258 0.323515 0.395924 0.475562 0.533500 0.562709 0.569487 0.572783 0.576239 0.893834 0.883420 0.875409 0.870225 0.867452 0.869134 0.869643 0.871987 0.903329 0.861749 0.862578 0.860719 0.843692 0.829293 0.810704 0.477657 0.494498 0.518463 0.562505 0.922288 0.950054 0.962619 0.958237 0.943576 1.108873 1.092066 1.077840 1.062808 1.055025 1.074199 1.092486 1.105557 1.109290 1.110846 1.105827 1.091428 1.067941 1.038610 1.004849 0.943246 0.867575 0.767365 0.826043 0.832886 0.800959
0.000000 0.000000 0.000000 0.000000 0.000000 0.000000 0.000000 0.000000 0.000000 0.000000 0.000000 0.000000 0.000000 0.000000 0.000000 0.000000 0.000000 0.000000 0.000000 0.000000 0.000000 0.000000 0.000000 0.000000 0.000000 0.000000 0.000000 0.000000 0.000000 0.000000 0.000000 0.000000 0.000000 0.000000 0.000000 0.000000 0.000000 0.000000 0.000000 0.000000 0.000000 0.000000 0.000000 0.000000 0.000000 0.000000 0.000000 0.000000 0.000000 0.000000 0.000000 0.000000 0.000000 0.000000 0.000000 0.000000 0.000000 0.000000 0.000000 0.000000 0.000000 0.000000 0.000000 0.000000 0.000000 0.000000 0.000000 0.000000 0.000000 0.000000 0.000000 0.000000 0.000000 0.000000 0.000000 0.000000 0.000000 0.000000 0.000000 0.000000 0.000000 0.000000 0.000000 0.000000 0.000000 0.000000 0.000000 0.000000 0.000000 0.000000 0.000000 0.000000 0.000000 0.000000 0.000000 0.000000 0.000000 0.000000 0.000000 0.000000 0.000000 0.000000 0.000000 0.000000 0.000000 0.000000 0.000000 0.000000 0.000000 0.430790 0.447741 0.455955 0.479891 0.503284 0.522480 0.596041 0.588906 0.488653 0.487549 0.625800 0.590344 0.446938 0.554291 0.466079 0.564486 0.583385 0.594056 0.572284 0.479014 0.514121 0.553807 0.615295 0.682425 0.761593 0.829359 0.946703 1.029072 1.075858 1.238826 1.202763 1.133291 1.013209 0.922043 0.760884 0.828968 0.902031 0.970755 1.024431 1.077998 1.090435 1.070739 1.033080 1.018545 1.008364 0.991356 0.966587 0.962505 0.959820 0.955730 0.946091 0.940163 0.921774 0.518031 0.474753 0.806976 0.776768 0.728641 0.727947 0.753079 0.417811 0.475835 0.524533 0.535014 0.870423 0.862041 0.848205 0.827501 0.810066 0.793024 0.776811 0.749261 0.725201 0.694968 0.666324 0.639591 0.755253 0.717300 0.682504 0.697849 0.660033 0.621780 0.535631 0.493290 0.540434 0.589599 0.720426 0.828620 0.855914 0.941104 1.005339 1.064481 1.112137 1.176739 1.207043 1.301953 1.266453 1.231018 1.192619 1.157631 1.119114 0.985559 0.965097 0.952165 0.946583 0.937746 0.449902 0.371648 0.330719 0.303506 0.293249 0.319575 0.360058 0.424269 0.481655 0.530238 0.564611 0.616275 0.682820 0.737437 0.791503 0.828703 0.837231 0.833529 0.813876 0.793217 0.769174 0.671674 0.596253 0.548069 0.505740 0.470518 0.431960 0.398717 0.409510 0.430128 0.443351 0.427534 0.411619 0.397281 0.375294 0.366692 0.415522 0.460641 0.509309 0.572570 0.949057 1.151258 1.146285 1.130407 1.112194 1.099536 1.086866 1.068727 1.056037 1.041004 1.019975 1.006123 0.988755 0.981190 0.972620 0.955898 0.931038 0.904419 0.861876 0.833527 0.848866 0.651652 0.795793 0.847184 0.818447
0.000000 0.000000 0.000000 0.000000 0.000000 0.000000 0.000000 0.000000 0.000000 0.000000 0.000000 0.000000 0.000000 0.000000 0.000000 0.000000 0.000000 0.000000 0.000000 0.000000 0.000000 0.000000 0.000000 0.000000 0.000000 0.000000 0.000000 0.000000 0.000000 0.000000 0.000000 0.000000 0.000000 0.000000 0.000000 0.000000 0.000000 0.000000 0.000000 0.000000 0.000000 0.000000 0.000000 0.000000 0.000000 0.000000 0.000000 0.000000 0.000000 0.000000 0.000000 0.000000 0.000000 0.000000 0.000000 0.000000 0.000000 0.000000 0.000000 0.000000 0.000000 0.000000 0.000000 0.000000 0.000000 0.000000 0.000000 0.000000 0.000000 0.000000 0.000000 0.000000 0.000000 0.000000 0.000000 0.000000 0.000000 0.000000 0.000000 0.000000 0.000000 0.000000 0.000000 0.000000 0.000000 0.000000 0.000000 0.000000 0.000000 0.000000 0.000000 0.000000 0.000000 0.000000 0.000000 0.000000 0.000000 0.000000 0.000000 0.000000 0.000000 0.000000 0.000000 0.000000 0.000000 0.000000 0.000000 0.000000 0.000000 0.000000 0.000000 0.000000 0.456064 0.494230 0.522381 0.549544 0.564853 0.570486 0.566748 0.621802 0.543500 0.524313 0.502928 0.477800 0.531457 0.520754 0.700995 0.615336 0.652344 0.673483 0.650247 0.712900 0.642270 0.689031 0.754654 0.850400 1.120211 1.201505 1.256388 1.275241 1.261408 1.318785 1.178015 1.076049 1.033031 0.907057 0.976271 1.054950 1.170947 1.229372 1.241522 1.226651 1.198229 1.150703 1.144131 1.135471 1.131623 1.126242 1.101042 1.055740 1.017967 0.988098 0.631285 0.532858 0.867279 0.869366 0.870957 0.880716 0.902445 0.921279 0.940442 0.643925 0.613153 0.591452 0.572532 0.564862 0.559958 0.551927 0.534800 0.524428 0.782127 0.751721 0.719685 0.683066 0.644644 0.610921 0.579798 0.688860 0.666483 0.639180 0.602202 0.596223 0.573735 0.671299 0.782685 0.880786 0.968690 1.017062 0.963434 0.824977 0.825316 1.014890 1.076416 1.214328 1.214103 1.195729 1.175667 1.145058 1.115802 1.082520 1.046174 0.930753 0.908325 0.898389 0.914390 0.444802 0.454062 0.537670 0.607166 0.653072 0.702557 0.740320 0.804842 0.869951 0.949855 1.013700 1.074136 1.115135 1.137798 1.146268 1.027243 0.975082 0.930329 0.888497 0.815182 0.750310 0.713422 0.676555 0.636871 0.571110 0.494487 0.437425 0.404435 0.378235 0.349945 0.306100 0.250772 0.217188 0.179193 0.152940 0.148411 0.172061 0.235706 0.335936 0.437964 0.526963 0.576016 0.606972 0.901799 0.886804 1.052631 1.059431 1.057619 1.053666 1.054839 1.052760 1.044618 1.032023 1.012829 0.984937 0.947173 0.922286 0.894035 0.895248 0.909323 0.806514 0.942404 0.741347 0.697616 0.796709
0.000000 0.000000 0.000000 0.000000 0.000000 0.000000 0.000000 0.000000 0.000000 0.000000 0.000000 0.000000 0.000000 0.000000 0.000000 0.000000 0.000000 0.000000 0.000000 0.000000 0.000000 0.000000 0.000000 0.000000 0.000000 0.000000 0.000000 0.000000 0.000000 0.000000 0.000000 0.000000 0.000000 0.000000 0.000000 0.000000 0.000000 0.000000 0.000000 0.000000 0.000000 0.000000 0.000000 0.000000 0.000000 0.000000 0.000000 0.000000 0.000000 0.000000 0.000000 0.000000 0.000000 0.000000 0.000000 0.000000 0.000000 0.000000 0.000000 0.000000 0.000000 0.000000 0.000000 0.000000 0.000000 0.000000 0.000000 0.000000 0.000000 0.000000 0.000000 0.000000 0.000000 0.000000 0.000000 0.000000 0.000000 0.000000 0.000000 0.000000 0.000000 0.000000 0.000000 0.000000 0.000000 0.000000 0.000000 0.000000 0.000000 0.000000 0.000000 0.000000 0.000000 0.000000 0.000000 0.000000 0.000000 0.000000 0.000000 0.000000 0.000000 0.000000 0.000000 0.000000 0.000000 0.000000 0.000000 0.000000 0.456983 0.500893 0.509531 0.476066 0.000000 0.440618 0.469199 0.495925 0.513062 0.526971 0.540963 0.550404 0.554415 0.645622 0.733917 0.800024 0.841597 0.863736 0.878191 0.884971 0.876871 0.861638 0.848423 0.829027 0.841828 0.801960 0.856241 0.943569 1.038198 1.111419 1.179752 1.224840 1.253008 1.258492 1.133672 1.267051 1.218227 0.999062 1.042728 1.113996 1.251071 1.358686 1.433490 1.445094 1.418075 1.368621 1.355729 1.341559 1.309892 1.269171 1.223874 1.159410 1.094240 1.035279 1.190988 1.153827 0.890162 0.859864 0.861554 0.874588 0.895586 0.927869 0.942838 0.946247 0.922355 0.898183 0.882874 0.885581 0.884505 0.879847 0.868220 0.544535 0.513386 0.491221 0.459638 0.706439 0.662888 0.617933 0.574661 0.537389 0.662802 0.678388 0.706226 0.745530 0.808796 0.876588 0.932359 1.070755 1.108644 1.128042 1.152914 1.154175 1.074601 1.098155 1.118793 1.124355 1.125727 1.214731 1.192504 1.066412 1.049021 1.027232 1.016483 1.018508 1.017619 1.008907 1.014487 1.074064 0.948019 1.017640 0.771515 0.823183 0.891820 0.938879 1.255215 1.288401 1.334275 1.375104 1.088060 1.081877 1.407246 1.385586 0.924677 0.875704 1.296589 1.264708 0.826297 1.177428 1.123836 1.080116 1.039474 1.003804 0.968468 0.932792 0.910868 0.468672 0.426295 0.395819 0.375704 0.365324 0.363995 0.359286 0.265332 0.168029 0.063981 0.062212 0.157932 0.228174 0.280376 0.334215 0.383534 0.425434 0.470316 0.510399 0.550428 0.893493 0.934118 0.961353 1.159829 1.158336 1.135919 1.096285 1.190649 1.153865 1.137137 1.173780 1.115278 1.169234 0.969133 0.871922 0.756447 0.698931
0.000000 0.000000 0.000000 0.000000 0.000000 0.000000 0.000000 0.000000 0.000000 0.000000 0.000000 0.000000 0.000000 0.000000 0.000000 0.000000 0.000000 0.000000 0.000000 0.000000 0.000000 0.000000 0.000000 0.000000 0.000000 0.000000 0.000000 0.000000 0.000000 0.000000 0.000000 0.000000 0.000000 0.000000 0.000000 0.000000 0.000000 0.000000 0.000000 0.000000 0.000000 0.000000 0.000000 0.000000 0.000000 0.000000 0.000000 0.000000 0.000000 0.000000 0.000000 0.000000 0.000000 0.000000 0.000000 0.000000 0.000000 0.000000 0.000000 0.000000 0.000000 0.000000 0.000000 0.000000 0.000000 0.000000 0.000000 0.000000 0.000000 0.000000 0.000000 0.000000 0.000000 0.000000 0.000000 0.000000 0.000000 0.000000 0.000000 0.000000 0.000000 0.000000 0.000000 0.000000 0.000000 0.000000 0.000000 0.000000 0.000000 0.000000 0.000000 0.000000 0.000000 0.000000 0.000000 0.000000 0.000000 0.468369 0.522648 0.572570 0.627241 0.681927 0.717808 0.735909 0.733029 0.721337 0.736727 0.787320 0.864105 0.894750 0.876932 0.844815 0.799779 0.708155 0.601329 0.470786 0.547974 0.647712 0.727657 0.822772 0.901020 0.970338 0.999262 0.993781 0.998497 1.013329 1.064296 1.087074 1.083341 1.068101 1.039930 1.004263 0.943774 0.890993 0.828653 0.876971 0.954114 1.027545 1.085259 1.117725 1.166152 1.192919 1.226683 1.123061 1.291451 1.287805 1.288830 1.321599 1.455621 1.596962 1.546572 1.583987 1.563086 1.522650 1.520131 1.501279 1.422145 1.362186 1.288565 1.207218 1.128029 1.066594 1.019153 0.985600 0.956154 0.923459 0.492954 0.829016 0.408765 0.417508 0.432972 0.801911 0.810781 0.824729 0.841964 0.849287 0.469871 0.381910 0.394361 0.432093 0.461902 0.481803 0.504564 0.813968 0.487927 0.463760 0.427917 0.735164 0.765620 0.804062 0.823861 0.832111 0.848990 0.871510 0.892298 0.903162 0.910865 1.068306 1.042305 1.045134 1.098521 1.150898 1.164880 1.164016 1.151322 1.123309 1.102268 1.106990 1.108390 1.110419 1.103304 1.100823 1.098496 1.095833 1.085792 1.072670 1.136426 1.195625 1.251623 1.300007 1.182288 1.207263 1.214040 1.213415 1.227415 0.946213 0.890633 0.846691 0.814399 0.788067 0.776997 0.774757 0.782053 0.794672 1.175196 1.188799 1.189112 1.159644 1.105573 1.059569 1.028296 1.007297 0.995769 0.986106 0.979777 0.972287 0.964532 0.954587 0.946234 0.563535 0.444803 0.359538 0.294032 0.263947 0.292809 0.331053 0.383131 0.443276 0.491772 0.529433 0.552385 0.551133 0.571010 0.627999 0.706813 1.064361 1.078249 1.091055 1.073565 1.205944 1.170090 0.966801 0.936818 0.989703 1.056697 1.300714 1.057331 0.928517 0.795496 0.731682
0.000000 0.000000 0.000000 0.000000 0.000000 0.000000 0.000000 0.000000 0.000000 0.000000 0.000000 0.000000 0.000000 0.000000 0.000000 0.000000 0.000000 0.000000 0.000000 0.000000 0.000000 0.000000 0.000000 0.000000 0.000000 0.000000 0.000000 0.000000 0.000000 0.000000 0.000000 0.000000 0.000000 0.000000 0.000000 0.000000 0.000000 0.000000 0.000000 0.000000 0.000000 0.000000 0.000000 0.000000 0.000000 0.000000 0.000000 0.000000 0.000000 0.000000 0.000000 0.000000 0.000000 0.000000 0.000000 0.000000 0.000000 0.000000 0.000000 0.000000 0.000000 0.000000 0.000000 0.000000 0.000000 0.000000 0.000000 0.000000 0.000000 0.000000 0.000000 0.000000 0.000000 0.000000 0.000000 0.000000 0.000000 0.000000 0.000000 0.000000 0.000000 0.000000 0.000000 0.000000 0.000000 0.000000 0.000000 0.000000 0.000000 0.000000 0.000000 0.000000 0.000000 0.000000 0.406481 0.513662 0.611088 0.688110 0.753565 0.814308 0.864110 0.926743 0.981286 1.018423 1.027758 1.022594 1.021865 1.035251 1.070078 1.084099 1.062727 1.035476 1.015978 1.025477 1.075614 1.133419 1.165154 1.185276 1.195242 1.149827 1.123317 1.091820 1.098105 1.105510 1.141377 1.176646 1.186499 1.175540 1.150763 1.125927 1.088218 1.034659 0.984858 0.929778 0.875163 0.807781 0.860004 0.929804 0.987680 1.001648 1.040643 1.072441 1.095739 1.138826 1.192642 1.352310 1.310136 1.380063 1.476801 1.574460 1.697404 1.773806 1.820194 1.829377 1.656580 1.580519 1.515906 1.402539 1.315687 1.235319 1.183528 1.125362 1.076612 1.041910 0.667548 0.578169 0.503804 0.436288 0.353373 0.287534 0.235127 0.198049 0.238867 0.317850 0.363788 0.835264 0.180189 0.130854 0.232437 0.322490 0.393078 0.469739 0.505689 0.483247 0.491252 0.501579 0.531262 0.600866 0.658818 0.677313 0.693012 0.701516 0.700824 0.929112 0.887712 0.840630 0.805213 0.770559 0.740710 0.913724 0.980561 1.007286 1.005586 0.851814 0.831615 0.965397 0.995183 1.014418 0.817411 1.011592 1.057840 1.042059 1.011400 0.993441 0.987630 0.984633 0.982012 1.007431 1.076313 1.141593 1.204589 1.243190 1.084176 1.110276 0.844114 0.808430 0.751248 0.696493 0.649714 0.614679 0.624254 0.661599 0.717063 0.778517 0.848426 0.895094 0.928137 1.284688 1.233292 1.176149 1.126923 1.089973 1.062234 1.049672 1.055469 1.063699 1.069898 1.068664 0.685249 0.659224 0.575069 0.507110 0.484321 0.472309 0.458071 0.437397 0.426180 0.416782 0.427154 0.459196 0.497779 0.546139 0.619592 0.687068 0.729224 0.725223 1.014334 0.983578 0.967203 0.940486 0.920345 0.908540 0.907847 0.947244 0.991860 1.022057 0.947207 0.866799 0.799320 0.768662
0.000000 0.000000 0.000000 0.000000 0.000000 0.000000 0.000000 0.000000 0.000000 0.000000 0.000000 0.000000 0.000000 0.000000 0.000000 0.000000 0.000000 0.000000 0.000000 0.000000 0.000000 0.000000 0.000000 0.000000 0.000000 0.000000 0.000000 0.000000 0.000000 0.000000 0.000000 0.000000 0.000000 0.000000 0.000000 0.000000 0.000000 0.000000 0.000000 0.000000 0.000000 0.000000 0.000000 0.000000 0.000000 0.000000 0.000000 0.000000 0.000000 0.000000 0.000000 0.000000 0.000000 0.000000 0.000000 0.000000 0.000000 0.000000 0.000000 0.000000 0.000000 0.000000 0.000000 0.000000 0.000000 0.000000 0.000000 0.000000 0.000000 0.000000 0.000000 0.000000 0.000000 0.000000 0.000000 0.000000 0.000000 0.000000 0.000000 0.000000 0.000000 0.000000 0.000000 0.000000 0.000000 0.000000 0.000000 0.000000 0.000000 0.000000 0.000000 0.241722 0.000000 0.000000 0.450938 0.541312 0.618632 0.682611 0.732439 0.767908 0.807610 0.851299 0.916719 0.994029 1.040640 1.064526 1.067049 1.045271 1.026652 1.006626 0.994037 0.954814 0.892243 0.867358 0.915058 0.952942 1.001677 1.030671 1.041486 1.036588 1.034876 1.027558 1.034921 1.044060 1.075678 1.087804 1.075714 1.051005 1.032650 1.009482 0.982090 0.945988 0.921464 0.888985 0.849481 0.808364 0.750012 0.652197 0.867364 0.893543 0.932844 0.958649 0.975045 1.011072 1.064960 1.097448 1.171787 1.370484 1.413543 1.561694 1.694567 1.748772 1.804165 1.830153 1.835318 1.786858 1.509065 1.458237 1.359589 1.293737 1.243453 1.205416 1.172036 0.803903 0.708440 0.638914 0.573144 0.522384 0.422314 0.353440 0.291301 0.244236 0.228333 0.248044 0.301953 0.355383 0.233060 0.205588 0.296564 0.357449 0.394999 0.371362 0.381825 0.422886 0.457489 0.498395 0.589885 0.711526 0.786003 0.814578 0.758865 0.704530 0.644709 0.582587 0.556780 0.844995 0.788727 0.737253 0.690804 0.648910 0.619016 0.617431 0.639712 0.663633 0.673166 0.338517 0.719294 0.744157 0.990313 1.034394 1.014937 0.996619 1.001961 1.003413 0.999989 0.994180 0.998546 0.992881 1.009909 1.011342 1.076251 1.127348 1.148652 1.163914 0.976488 0.974923 0.633678 0.602771 0.590622 0.611207 0.639509 0.674868 0.719424 0.731392 0.725284 0.716460 0.714368 0.700260 0.680482 0.669175 0.678258 0.705645 0.740323 1.143451 1.140858 1.138358 1.133569 1.111832 1.092455 1.080669 0.671487 0.533104 0.439282 0.369299 0.318587 0.300422 0.325518 0.369912 0.395706 0.420871 0.467242 0.494688 0.524341 0.581212 0.619195 0.629390 0.631847 0.934801 0.900309 0.872928 0.850317 0.840501 0.839135 0.845381 0.869519 0.879057 0.844377 0.815730 0.798727 0.783074
0.000000 0.000000 0.000000 0.000000 0.000000 0.000000 0.000000 0.000000 0.000000 0.000000 0.000000 0.000000 0.000000 0.000000 0.000000 0.000000 0.000000 0.000000 0.000000 0.000000 0.000000 0.000000 0.000000 0.000000 0.000000 0.000000 0.000000 0.000000 0.000000 0.000000 0.000000 0.000000 0.000000 0.000000 0.000000 0.000000 0.000000 0.000000 0.000000 0.000000 0.000000 0.000000 0.000000 0.000000 0.000000 0.000000 0.000000 0.000000 0.000000 0.000000 0.000000 0.000000 0.000000 0.000000 0.000000 0.000000 0.000000 0.000000 0.000000 0.000000 0.000000 0.000000 0.000000 0.000000 0.000000 0.000000 0.000000 0.000000 0.000000 0.000000 0.000000 0.000000 0.000000 0.000000 0.000000 0.000000 0.000000 0.000000 0.000000 0.000000 0.000000 0.000000 0.000000 0.000000 0.000000 0.000000 0.000000 0.000000 0.000000 0.000000 0.000000 0.000000 0.000000 0.000000 0.000000 0.000000 0.457803 0.505228 0.545120 0.583715 0.623660 0.693228 0.740370 0.799821 0.874940 0.896468 0.919641 0.956455 0.978965 0.973839 0.942325 0.900111 0.875830 0.801670 0.790262 0.779660 0.766856 0.761165 0.784741 0.806980 0.824533 0.839993 0.872147 1.024608 0.963504 1.046201 0.915434 0.909742 0.904206 0.896345 0.836212 0.865431 0.854017 0.830215 0.803334 0.770968 0.746374 0.715337 0.728068 0.769513 0.816701 0.860153 0.886891 0.896767 0.889221 0.877125 0.924303 1.008068 1.205383 1.410685 1.537646 1.690044 1.785715 1.826500 1.822598 1.612363 1.492035 1.432647 1.587986 1.382829 1.075523 1.300393 0.949102 0.876126 0.794053 0.731497 0.694683 0.641428 0.576173 0.491445 0.429989 0.398429 0.381572 0.388801 0.406430 0.417370 0.291470 0.199939 0.231474 0.227690 0.125880 0.155967 0.246222 0.332187 0.401009 0.470743 0.551245 0.644294 0.700983 0.736126 0.720862 0.672683 0.623869 0.571322 0.557623 0.915173 0.870969 0.831294 0.793959 0.782645 0.787283 0.786441 0.777880 0.773857 0.771933 0.770805 0.281812 0.198286 0.170688 0.215782 0.305562 0.396270 0.482490 0.531356 0.893238 0.936078 0.958586 0.953900 1.116704 1.076079 1.097728 0.945581 0.954694 0.961930 0.945582 0.934962 0.614398 0.580449 0.562931 0.535860 0.522018 0.527970 0.533324 0.516709 0.463113 0.498107 0.482091 0.467926 0.466058 0.472438 0.502413 0.540240 0.570572 0.608225 0.645384 0.670082 0.531966 0.664077 0.663333 0.513233 0.389387 0.284811 0.250957 0.265608 0.295866 0.320918 0.350906 0.396535 0.441725 0.479465 0.523154 0.553232 0.563915 0.569200 0.557068 0.546046 0.522369 0.515785 0.901158 0.898591 0.910975 0.925421 0.948759 0.958207 0.957898 0.955362 0.902461 0.841079 0.813109 0.791518
0.000000 0.000000 0.000000 0.000000 0.000000 0.000000 0.000000 0.000000 0.000000 0.000000 0.000000 0.000000 0.000000 0.000000 0.000000 0.000000 0.000000 0.000000 0.000000 0.000000 0.000000 0.000000 0.000000 0.000000 0.000000 0.000000 0.000000 0.000000 0.000000 0.000000 0.000000 0.000000 0.000000 0.000000 0.000000 0.000000 0.000000 0.000000 0.000000 0.000000 0.000000 0.000000 0.000000 0.000000 0.000000 0.000000 0.000000 0.000000 0.000000 0.000000 0.000000 0.000000 0.000000 0.000000 0.000000 0.000000 0.000000 0.000000 0.000000 0.000000 0.000000 0.000000 0.000000 0.000000 0.000000 0.000000 0.000000 0.000000 0.000000 0.000000 0.000000 0.000000 0.000000 0.000000 0.000000 0.000000 0.000000 0.000000 0.000000 0.000000 0.000000 0.000000 0.000000 0.000000 0.000000 0.000000 0.000000 0.000000 0.000000 0.000000 0.000000 0.000000 0.000000 0.000000 0.000000 0.844538 0.000000 0.000000 0.437939 0.584800 0.679993 0.759842 0.833462 0.901989 0.909748 0.860919 0.834101 0.858539 0.894917 0.926358 0.946571 0.959817 0.958841 0.925785 0.889696 0.854516 0.822693 0.793781 0.769314 0.743401 0.737074 0.750847 0.577161 0.725632 0.730938 0.730509 0.612718 0.615588 0.625007 0.788965 0.827338 0.925495 0.919131 0.810692 0.635725 0.751642 0.724964 0.586436 0.762959 0.580474 0.735594 0.750205 0.793892 0.818336 0.828686 0.812969 0.789968 0.775579 0.811119 0.963908 1.165573 1.502080 1.635224 1.616979 1.616444 1.559541 1.485750 1.428926 1.092495 1.439872 1.455002 1.452444 1.031630 0.930370 0.855093 0.826989 0.813412 0.724074 0.636714 0.607004 0.596943 0.588313 0.593943 0.586225 0.544195 0.513935 0.513844 0.445818 0.432305 0.437686 0.499479 0.591473 0.606540 0.608420 0.576049 0.548629 0.535857 0.542860 0.574094 0.605487 0.630822 0.600645 0.518161 0.475420 0.487028 0.544593 0.960211 0.977392 0.994239 1.014781 1.026085 1.032534 1.032279 0.620247 0.544544 0.453558 0.383929 0.340592 0.326698 0.351222 0.394594 0.459267 0.515727 0.575789 0.642452 0.683630 0.685661 0.642452 0.597074 0.581296 0.562377 0.530522 0.590845 0.603224 0.587127 0.566300 0.569639 0.566779 0.538882 0.520028 0.464210 0.450984 0.459009 0.484094 0.514176 0.511236 0.486060 0.429707 0.402279 0.376655 0.371207 0.376656 0.385765 0.396355 0.413870 0.391302 0.390338 0.424829 0.421909 0.363875 0.313303 0.276873 0.257522 0.248204 0.241272 0.239441 0.283157 0.320128 0.362188 0.394967 0.417424 0.429980 0.443024 0.453206 0.473864 0.501471 0.550371 0.603126 0.663963 1.073988 1.095299 1.101293 1.095071 1.082439 1.069584 1.050914 0.976637 0.886970 0.831153 0.795393
0.000000 0.000000 0.000000 0.000000 0.000000 0.000000 0.000000 0.000000 0.000000 0.000000 0.000000 0.000000 0.000000 0.000000 0.000000 0.000000 0.000000 0.000000 0.000000 0.000000 0.000000 0.000000 0.000000 0.000000 0.000000 0.000000 0.000000 0.000000 0.000000 0.000000 0.000000 0.000000 0.000000 0.000000 0.000000 0.000000 0.000000 0.000000 0.000000 0.000000 0.000000 0.000000 0.000000 0.000000 0.000000 0.000000 0.000000 0.000000 0.000000 0.000000 0.000000 0.000000 0.000000 0.000000 0.000000 0.000000 0.000000 0.000000 0.000000 0.000000 0.000000 0.000000 0.000000 0.000000 0.000000 0.000000 0.000000 0.000000 0.000000 0.000000 0.000000 0.000000 0.000000 0.000000 0.000000 0.000000 0.000000 0.000000 0.000000 0.000000 0.000000 0.000000 0.000000 0.000000 0.000000 0.000000 0.000000 0.339009 0.000000 0.000000 0.000000 0.000000 0.000000 0.000000 0.000000 0.608036 0.121669 0.385907 0.004000 0.004000 0.602172 0.716516 0.802330 0.883894 0.904483 0.900307 0.872066 0.839285 0.844218 0.871564 0.924580 0.967099 0.982653 0.971172 0.942800 0.907309 0.807768 0.784001 0.607676 0.735078 0.704853 0.693820 0.691824 0.702405 0.725018 0.264852 0.239871 0.211741 0.236609 0.314465 0.405884 0.466872 0.791458 0.783501 0.385948 0.328902 0.253037 0.215965 0.166478 0.136471 0.139116 0.155379 0.176159 0.196894 0.215072 0.244314 0.629433 0.623573 0.636089 0.653126 0.758027 1.112061 1.355802 1.566367 1.506769 1.521653 1.533783 1.536054 1.514950 1.520629 1.523709 1.139665 0.965761 0.878169 0.831142 0.866913 0.837093 0.801047 0.772869 0.743767 0.664911 0.626302 0.626374 0.562480 0.438785 0.451058 0.540275 0.607834 0.672998 0.701872 0.695791 0.680808 0.675330 0.592375 0.526944 0.539534 0.385182 0.364771 0.357220 0.383608 0.417414 0.451403 0.499472 0.511184 0.501474 0.564423 0.670641 0.754754 0.804668 0.857021 0.895504 1.239430 0.818412 0.700730 0.614661 0.556689 0.524948 0.518441 0.468199 0.449368 0.460853 0.513332 0.555373 0.564632 0.577405 0.594532 0.614579 0.639780 0.672416 0.707278 0.747456 0.785556 0.795438 0.794773 0.782103 0.707009 0.665017 0.628594 0.577748 0.526193 0.457168 0.356104 0.288385 0.253392 0.282724 0.354059 0.427863 0.425089 0.379527 0.336678 0.302140 0.284397 0.262414 0.249205 0.230631 0.215407 0.268404 0.350877 0.420106 0.464318 0.492721 0.494367 0.459170 0.423646 0.413037 0.415516 0.431334 0.455980 0.482872 0.498198 0.510964 0.516146 0.517943 0.504778 0.546188 0.644950 0.743084 0.806434 0.874347 1.248462 1.234943 1.206878 1.179777 1.160541 1.137557 1.116023 1.025816 0.924513 0.850410 0.795869
0.000000 0.000000 0.000000 0.000000 0.000000 0.000000 0.000000 0.000000 0.000000 0.000000 0.000000 0.000000 0.000000 0.000000 0.000000 0.000000 0.000000 0.000000 0.000000 0.000000 0.000000 0.000000 0.000000 0.000000 0.000000 0.000000 0.000000 0.000000 0.000000 0.000000 0.000000 0.000000 0.000000 0.000000 0.000000 0.000000 0.000000 0.000000 0.000000 0.000000 0.000000 0.000000 0.000000 0.000000 0.000000 0.000000 0.000000 0.000000 0.000000 0.000000 0.000000 0.000000 0.000000 0.000000 0.000000 0.000000 0.000000 0.000000 0.000000 0.000000 0.000000 0.000000 0.000000 0.000000 0.000000 0.000000 0.000000 0.000000 0.000000 0.000000 0.000000 0.000000 0.000000 0.000000 0.000000 0.000000 0.000000 0.000000 0.000000 0.000000 0.000000 0.000000 0.000000 0.000000 0.000000 0.000000 0.000000 0.000000 0.000000 0.424692 0.490695 0.498209 0.467871 0.453422 0.451250 0.445868 0.442293 0.440202 0.424101 0.399628 0.450350 0.604852 0.702744 0.805745 0.912574 0.994119 1.029264 1.014194 0.985779 0.951143 0.926594 0.916196 0.913223 0.907438 0.892618 0.807400 0.789268 0.634418 0.646774 0.644545 0.671722 0.656374 0.680186 0.708550 0.715231 0.664425 0.262981 0.259937 0.286280 0.321203 0.362166 0.369104 0.363146 0.367518 0.297280 0.334243 0.259318 0.232930 0.230451 0.245028 0.251226 0.271459 0.322761 0.361133 0.359601 0.354370 0.359437 0.379455 0.752362 0.792003 0.835869 0.861373 0.975828 1.154429 1.538072 1.672606 1.561862 1.807950 1.561222 1.524853 1.502598 1.132077 0.895081 0.855662 0.912324 0.942457 0.964096 0.984899 0.996101 0.949673 0.874899 0.783643 0.750454 0.688295 0.626348 0.531096 0.470233 0.571693 0.690135 0.710583 0.661590 0.650418 0.673893 0.693272 0.634192 0.513071 0.431615 0.404361 0.431553 0.495609 0.558961 0.582383 0.564808 0.562107 0.618186 0.715792 0.744766 0.740956 0.762201 0.788803 0.822500 0.849817 0.801076 0.758441 0.650883 0.563142 0.465815 0.376331 0.331459 0.302323 0.274566 0.239901 0.258281 0.313128 0.383945 0.459174 0.533158 0.617608 0.685635 0.740134 0.771288 0.792734 0.818248 0.824624 0.765830 0.709177 0.673186 0.609613 0.586613 0.575051 0.552153 0.504866 0.406105 0.306716 0.224912 0.201574 0.233924 0.297442 0.349332 0.388318 0.424502 0.433954 0.414655 0.382064 0.332223 0.282076 0.275379 0.331215 0.372703 0.422390 0.471765 0.516683 0.549895 0.576469 0.604226 0.642391 0.648238 0.662050 0.680598 0.678176 0.660847 0.639700 0.612592 0.590942 0.655030 0.754520 0.844049 0.909909 0.955522 0.970055 1.281781 1.253882 1.230608 1.213932 1.186109 1.157397 1.064024 0.951345 0.860392 0.796063
0.000000 0.000000 0.000000 0.000000 0.000000 0.000000 0.000000 0.000000 0.000000 0.000000 0.000000 0.000000 0.000000 0.000000 0.000000 0.000000 0.000000 0.000000 0.000000 0.000000 0.000000 0.000000 0.000000 0.000000 0.000000 0.000000 0.000000 0.000000 0.000000 0.000000 0.000000 0.000000 0.000000 0.000000 0.000000 0.000000 0.000000 0.000000 0.000000 0.000000 0.000000 0.000000 0.000000 0.000000 0.000000 0.000000 0.000000 0.000000 0.000000 0.000000 0.000000 0.000000 0.000000 0.000000 0.000000 0.000000 0.000000 0.000000 0.000000 0.000000 0.000000 0.000000 0.000000 0.000000 0.000000 0.000000 0.000000 0.000000 0.000000 0.000000 0.000000 0.000000 0.000000 0.000000 0.000000 0.000000 0.000000 0.000000 0.000000 0.000000 0.000000 0.000000 0.000000 0.000000 0.000000 0.000000 0.000000 0.000000 0.000000 0.000000 0.471440 0.535343 0.580079 0.610176 0.649585 0.661123 0.673667 0.668217 0.624943 0.645319 0.585291 0.545259 0.544873 0.640581 0.740195 0.867029 1.004499 1.048101 1.001526 1.002754 0.989370 0.824258 0.787326 0.903681 0.880864 0.716102 0.705765 0.703515 0.730798 0.788751 0.813620 1.003542 0.992491 0.967754 0.963126 0.771554 0.744100 0.735604 0.734740 0.353850 0.356115 0.362315 0.388513 0.401607 0.402958 0.408547 0.798033 0.368788 0.803431 0.425700 0.437988 0.452579 0.461587 0.448534 0.407170 0.380130 0.366414 0.354808 0.351547 0.443520 0.547693 0.923398 0.964742 1.044745 1.160504 1.314736 1.634492 1.727804 1.805348 1.853368 1.449541 1.276999 1.218244 1.473218 1.021887 1.444612 1.526636 1.591693 1.623001 1.237756 1.105606 1.009655 0.928983 0.779249 0.621947 0.545145 0.512717 0.727153 0.851978 0.815309 0.728737 0.646825 0.650146 0.676078 0.706705 0.646420 0.589974 0.599580 0.600332 0.614233 0.632633 0.637866 0.623997 0.646679 0.692807 0.750706 0.763210 0.743849 0.729795 0.749505 0.785319 0.849151 0.880663 0.884788 0.870862 0.845317 0.760567 0.618580 0.481437 0.410083 0.382848 0.360163 0.354087 0.324535 0.310082 0.305763 0.333344 0.408599 0.500513 0.555060 0.566947 0.535293 0.474869 0.430421 0.390229 0.363597 0.364524 0.369330 0.380424 0.406835 0.446725 0.492645 0.543106 0.595036 0.620941 0.516150 0.446819 0.486676 0.534078 0.573333 0.587877 0.571851 0.537531 0.506815 0.443749 0.387767 0.330784 0.319718 0.350505 0.386283 0.445599 0.515901 0.565908 0.600269 0.629618 0.651939 0.661129 0.669864 0.676726 0.681209 0.660594 0.621398 0.587814 0.574683 0.597213 0.663819 0.735313 0.807029 0.871237 0.924939 0.944255 0.951955 1.256293 1.255809 1.242120 1.216661 1.112437 0.973329 0.864618 0.790757
0.000000 0.000000 0.000000 0.000000 0.000000 0.000000 0.000000 0.000000 0.000000 0.000000 0.000000 0.000000 0.000000 0.000000 0.000000 0.000000 0.000000 0.000000 0.000000 0.000000 0.000000 0.000000 0.000000 0.000000 0.000000 0.000000 0.000000 0.000000 0.000000 0.000000 0.000000 0.000000 0.000000 0.000000 0.000000 0.000000 0.000000 0.000000 0.000000 0.000000 0.000000 0.000000 0.000000 0.000000 0.000000 0.000000 0.000000 0.000000 0.000000 0.000000 0.000000 0.000000 0.000000 0.000000 0.000000 0.000000 0.000000 0.000000 0.000000 0.000000 0.000000 0.000000 0.000000 0.000000 0.000000 0.000000 0.000000 0.000000 0.000000 0.000000 0.000000 0.000000 0.000000 0.000000 0.000000 0.000000 0.000000 0.000000 0.000000 0.000000 0.000000 0.000000 0.000000 0.000000 0.000000 0.000000 0.000000 0.000000 0.480373 0.538532 0.623858 0.681190 0.725036 0.751202 0.768917 0.780557 0.789717 0.789675 0.776616 0.750749 0.714716 0.662949 0.568054 0.553199 0.540382 0.628256 0.739652 0.898166 1.015856 1.115032 1.184587 1.114729 1.122042 1.113555 0.886248 0.840111 0.807119 0.765147 0.327038 0.800671 0.876378 0.853662 0.814505 0.969930 0.963781 0.777678 0.746794 0.745134 0.760134 0.784407 0.790442 0.795231 0.809396 0.426905 0.390675 0.373726 0.366700 0.378856 0.416671 0.818375 0.823978 0.831303 0.813590 0.780251 0.750710 0.755855 0.721034 0.409456 0.200683 0.253708 0.369758 0.488785 0.607673 0.800302 1.315560 1.216718 1.273172 1.079939 1.675469 1.781792 1.865250 1.957968 1.735658 1.381756 1.225713 1.134570 1.129452 1.142715 1.148877 1.182085 1.196205 1.127297 1.024552 0.918214 0.752011 0.689229 0.685816 0.670719 0.758261 0.833930 0.689653 0.685568 0.712715 0.670821 0.619517 0.570605 0.531419 0.510318 0.549668 0.585732 0.581287 0.566410 0.549057 0.596989 0.670876 0.702818 0.680622 0.678428 0.691685 0.741646 0.753969 0.760158 0.776248 0.809459 0.798074 0.750136 0.713631 0.676129 0.535651 0.391186 0.260341 0.235495 0.345420 0.425026 0.449027 0.477233 0.509658 0.528078 0.547228 0.556863 0.503561 0.419281 0.303638 0.207495 0.186682 0.224239 0.328408 0.427634 0.500148 0.556821 0.651104 0.740820 0.787770 0.823773 0.839204 0.820833 0.787250 0.735376 0.613918 0.522792 0.478447 0.466911 0.479255 0.487284 0.480571 0.486191 0.507713 0.540624 0.574131 0.599303 0.610364 0.630794 0.682283 0.695659 0.724200 0.726188 0.710302 0.663962 0.622380 0.599720 0.524953 0.472486 0.393387 0.359505 0.398273 0.465393 0.550068 0.631509 0.706621 0.766957 0.829791 0.885471 0.931355 0.970537 1.237019 1.206874 1.100976 0.961477 0.856520 0.428130
0.000000 0.000000 0.000000 0.000000 0.000000 0.000000 0.000000 0.000000 0.000000 0.000000 0.000000 0.000000 0.000000 0.000000 0.000000 0.000000 0.000000 0.000000 0.000000 0.000000 0.000000 0.000000 0.000000 0.000000 0.000000 0.000000 0.000000 0.000000 0.000000 0.000000 0.000000 0.000000 0.000000 0.000000 0.000000 0.000000 0.000000 0.000000 0.000000 0.000000 0.000000 0.000000 0.000000 0.000000 0.000000 0.000000 0.000000 0.000000 0.000000 0.000000 0.000000 0.000000 0.000000 0.000000 0.000000 0.000000 0.000000 0.000000 0.000000 0.000000 0.000000 0.000000 0.000000 0.000000 0.000000 0.000000 0.000000 0.000000 0.000000 0.000000 0.000000 0.000000 0.000000 0.000000 0.000000 0.000000 0.000000 0.000000 0.000000 0.000000 0.000000 0.000000 0.000000 0.000000 0.000000 0.000000 0.000000 0.000000 0.000000 0.000000 0.489784 0.565598 0.624294 0.667812 0.708416 0.738702 0.763057 0.782098 0.794039 0.737523 0.739288 0.728987 0.703346 0.669462 0.622003 0.586844 0.561234 0.549254 0.615467 0.811276 0.965302 1.073363 1.034296 1.037005 0.835175 0.789486 0.765811 0.767067 0.811692 0.871447 0.942403 0.951381 0.924690 0.576494 0.461217 0.375517 0.358575 0.398908 0.453724 0.454857 0.863222 0.855043 0.457225 0.434526 0.419179 0.424886 0.386636 0.385611 0.388784 0.407145 0.426454 0.427092 0.410743 0.407796 0.739940 0.720352 0.723462 0.731572 0.357008 0.338646 0.348069 0.402065 0.480829 0.586676 0.697116 0.815925 1.143067 1.221145 1.299314 1.305551 1.398139 1.814245 1.913898 1.708755 1.689976 1.663807 1.317421 1.269099 1.219603 1.159048 1.156940 1.134540 1.136187 1.069631 0.937457 0.875706 0.856925 0.890769 0.954795 0.964484 0.821702 0.733365 0.681405 0.708430 0.750890 0.783746 0.726964 0.662671 0.699208 0.763149 0.800866 0.794845 0.724721 0.720041 0.712326 0.648605 0.578337 0.531000 0.506173 0.537450 0.623327 0.699274 0.710746 0.679958 0.654675 0.653551 0.655877 0.669986 0.652571 0.620856 0.542097 0.465742 0.470652 0.418757 0.498266 0.521565 0.536946 0.555089 0.574886 0.612344 0.682139 0.628912 0.564458 0.499466 0.377394 0.341756 0.342878 0.348882 0.293434 0.275580 0.399515 0.491325 0.554660 0.604300 0.621201 0.634789 0.611939 0.556225 0.512306 0.479751 0.472620 0.457188 0.478232 0.515964 0.551844 0.584236 0.596942 0.598310 0.609242 0.633476 0.635834 0.602469 0.548347 0.500810 0.460073 0.441892 0.442644 0.458595 0.462143 0.424998 0.366520 0.276908 0.210228 0.188658 0.240539 0.330799 0.432228 0.517928 0.567194 0.609639 0.665768 0.726392 0.777269 0.808041 0.826546 1.105919 1.042825 0.923652 0.833266 0.411396
0.000000 0.000000 0.000000 0.000000 0.000000 0.000000 0.000000 0.000000 0.000000 0.000000 0.000000 0.000000 0.000000 0.000000 0.000000 0.000000 0.000000 0.000000 0.000000 0.000000 0.000000 0.000000 0.000000 0.000000 0.000000 0.000000 0.000000 0.000000 0.000000 0.000000 0.000000 0.000000 0.000000 0.000000 0.000000 0.000000 0.000000 0.000000 0.000000 0.000000 0.000000 0.000000 0.000000 0.000000 0.000000 0.000000 0.000000 0.000000 0.000000 0.000000 0.000000 0.000000 0.000000 0.000000 0.000000 0.000000 0.000000 0.000000 0.000000 0.000000 0.000000 0.000000 0.000000 0.000000 0.000000 0.000000 0.000000 0.000000 0.000000 0.000000 0.000000 0.000000 0.000000 0.000000 0.000000 0.000000 0.000000 0.000000 0.000000 0.000000 0.000000 0.000000 0.000000 0.000000 0.000000 0.000000 0.000000 0.000000 0.000000 0.000000 0.000000 0.000000 0.435645 0.490847 0.537620 0.613859 0.650676 0.690552 0.730988 0.767869 0.800318 0.760593 0.777703 0.792715 0.800641 0.794270 0.769505 0.743828 0.710677 0.776290 0.706004 0.800000 0.869429 0.915778 0.942531 0.953567 0.457605 0.783443 0.784909 0.808928 0.865797 0.539264 0.516190 0.537019 0.491141 0.438770 0.408569 0.388995 0.393792 0.394618 0.402389 0.429378 0.450967 0.459746 0.492177 0.509932 0.509295 0.521982 0.539414 0.529553 0.503315 0.493284 0.482101 0.461318 0.458256 0.475416 0.505788 0.827201 0.824868 0.522232 0.471420 0.431530 0.401996 0.453954 0.543091 0.658673 1.002847 1.071490 1.142355 1.235624 1.463184 1.551398 1.655176 1.744386 1.797381 1.628957 1.670826 1.716445 1.390607 1.277190 1.273638 1.614211 1.237945 1.271422 1.142860 1.012713 0.990150 1.053067 1.099475 1.159481 1.210689 1.081517 1.077468 1.043247 0.942544 0.881956 0.874087 0.930449 0.977810 1.037188 1.053769 0.993967 0.906565 0.843196 0.820971 0.739011 0.618169 0.526798 0.491305 0.495043 0.404350 0.389953 0.352950 0.261438 0.226261 0.273399 0.355277 0.477691 0.512841 0.478159 0.476285 0.502351 0.509487 0.530284 0.538143 0.518919 0.466143 0.461841 0.480823 0.543444 0.655699 0.710967 0.742207 0.760080 0.758456 0.667354 0.547515 0.421378 0.303895 0.196806 0.181438 0.203662 0.210569 0.239407 0.287434 0.331968 0.350111 0.341522 0.326393 0.330693 0.354816 0.407196 0.490370 0.536233 0.568435 0.549482 0.493567 0.447102 0.394527 0.350995 0.301435 0.269841 0.262326 0.282802 0.321809 0.365073 0.346628 0.280480 0.283721 0.288896 0.280726 0.284260 0.289135 0.304803 0.291650 0.263554 0.277071 0.299712 0.339855 0.374829 0.426092 0.483928 0.534541 0.583542 0.631500 0.961117 1.115078 0.554909 0.787911 0.388206
0.000000 0.000000 0.000000 0.000000 0.000000 0.000000 0.000000 0.000000 0.000000 0.000000 0.000000 0.000000 0.000000 0.000000 0.000000 0.000000 0.000000 0.000000 0.000000 0.000000 0.000000 0.000000 0.000000 0.000000 0.000000 0.000000 0.000000 0.000000 0.000000 0.000000 0.000000 0.000000 0.000000 0.000000 0.000000 0.000000 0.000000 0.000000 0.000000 0.000000 0.000000 0.000000 0.000000 0.000000 0.000000 0.000000 0.000000 0.000000 0.000000 0.000000 0.000000 0.000000 0.000000 0.000000 0.000000 0.000000 0.000000 0.000000 0.000000 0.000000 0.000000 0.000000 0.000000 0.000000 0.000000 0.000000 0.000000 0.000000 0.000000 0.000000 0.000000 0.000000 0.000000 0.000000 0.000000 0.000000 0.000000 0.000000 0.000000 0.000000 0.000000 0.000000 0.000000 0.000000 0.000000 0.000000 0.000000 0.000000 0.000000 0.000000 0.000000 0.000000 0.000000 0.000000 0.462321 0.505165 0.744277 0.601677 0.604858 0.638328 0.690433 0.752321 0.806769 0.783070 0.824713 0.844653 0.847152 0.847689 0.842075 0.847551 0.861344 0.876329 0.742248 0.928613 0.948676 0.959449 0.963464 0.796344 0.791463 0.788485 0.795710 0.808726 0.840030 0.498464 0.416954 0.285805 0.323357 0.307781 0.281383 0.262234 0.269278 0.287234 0.286382 0.288541 0.288962 0.364122 0.539327 0.533672 0.539871 0.563783 0.568734 0.564171 0.539666 0.529778 0.538074 0.545438 0.559674 0.568644 0.568684 0.554683 0.539479 0.515950 0.495314 0.716951 0.713338 0.763986 0.569693 0.877864 0.947696 1.040737 1.263993 1.308625 1.357930 1.432876 1.506840 1.549073 1.608359 1.727459 1.622110 1.668396 1.677100 1.682634 1.708583 1.374276 1.450282 1.438582 1.431979 1.332037 1.263718 1.209588 1.220402 1.142171 1.177174 1.197966 1.206508 1.237073 1.231064 1.208053 1.094970 1.069321 1.053630 1.003255 0.914703 0.828280 0.753237 0.555849 0.320280 0.246706 0.303244 0.379555 0.441887 0.485486 0.538126 0.473574 0.321553 0.232068 0.156219 0.167247 0.244715 0.366135 0.462539 0.591178 0.704919 0.759027 0.779113 0.787284 0.760180 0.758420 0.762597 0.749781 0.706249 0.630975 0.610417 0.677269 0.559103 0.458481 0.453523 0.457750 0.369929 0.312412 0.299183 0.302675 0.354273 0.384504 0.380504 0.386211 0.361152 0.345985 0.326845 0.310789 0.232170 0.260002 0.320862 0.418779 0.495342 0.422871 0.340983 0.274254 0.233272 0.172570 0.151028 0.172923 0.209231 0.232661 0.246881 0.261810 0.274571 0.292084 0.313092 0.322125 0.334806 0.332666 0.347733 0.355242 0.354171 0.368114 0.348498 0.348301 0.356378 0.360084 0.366372 0.375379 0.364197 0.356796 0.368993 0.420663 0.424579 0.755452 0.697880 0.658705
0.000000 0.000000 0.000000 0.000000 0.000000 0.000000 0.000000 0.000000 0.000000 0.000000 0.000000 0.000000 0.000000 0.000000 0.000000 0.000000 0.000000 0.000000 0.000000 0.000000 0.000000 0.000000 0.000000 0.000000 0.000000 0.000000 0.000000 0.000000 0.000000 0.000000 0.000000 0.000000 0.000000 0.000000 0.000000 0.000000 0.000000 0.000000 0.000000 0.000000 0.000000 0.000000 0.000000 0.000000 0.000000 0.000000 0.000000 0.000000 0.000000 0.000000 0.000000 0.000000 0.000000 0.000000 0.000000 0.000000 0.000000 0.000000 0.000000 0.000000 0.000000 0.000000 0.000000 0.000000 0.000000 0.000000 0.000000 0.000000 0.000000 0.000000 0.000000 0.000000 0.000000 0.000000 0.000000 0.000000 0.000000 0.000000 0.000000 0.000000 0.000000 0.000000 0.000000 0.000000 0.000000 0.000000 0.000000 0.000000 0.000000 0.000000 0.000000 0.000000 0.004000 0.000000 0.000000 0.460672 0.521082 0.570732 0.607188 0.612310 0.629522 0.674122 0.725959 0.760488 1.256988 0.792158 0.803783 0.833911 0.852883 0.703437 0.718479 0.732780 0.739642 0.744278 0.754820 0.763410 0.776434 0.790991 0.810849 0.827732 0.593618 0.871338 0.900971 0.911287 0.912047 0.910391 0.888314 0.537972 0.382773 0.337237 0.351366 0.361013 0.357778 0.332107 0.271558 0.222298 0.242588 0.315970 0.399950 0.444108 0.460717 0.480075 0.497017 0.521334 0.526257 0.535037 0.549017 0.560172 0.846200 0.830056 0.810874 0.777609 0.739532 0.708217 0.678338 0.773150 0.412741 0.444066 0.941109 1.022153 1.087056 1.154574 1.295194 1.356871 1.294625 1.287493 1.255662 1.301526 1.230728 1.511615 1.594016 1.639030 1.705738 1.831136 1.917526 1.968144 1.801708 1.667043 1.632640 1.527518 1.448905 1.342188 1.237449 1.035941 0.959916 0.927384 0.931647 0.951839 1.035522 1.101385 1.117939 1.091484 1.001338 0.939756 0.819123 0.528723 0.354833 0.306059 0.271469 0.241983 0.242707 0.249459 0.292867 0.323344 0.335527 0.277130 0.215425 0.177766 0.230933 0.375419 0.510501 0.610016 0.669514 0.720005 0.736828 0.711248 0.633912 0.680899 0.716121 0.732910 0.725281 0.686734 0.629107 0.522678 0.312328 0.356502 0.365762 0.285278 0.222384 0.237520 0.297325 0.362229 0.417301 0.526004 0.544661 0.543964 0.535745 0.448682 0.433117 0.461525 0.472041 0.421138 0.351571 0.399142 0.427499 0.503324 0.527588 0.510914 0.477224 0.403495 0.344483 0.293361 0.371188 0.366900 0.368686 0.300778 0.331957 0.359141 0.391868 0.409745 0.422199 0.438466 0.441094 0.450328 0.469589 0.508510 0.541655 0.515149 0.499976 0.494242 0.505563 0.452065 0.390220 0.343446 0.316849 0.305124 0.334091 0.726132 0.678411 0.649761
0.000000 0.000000 0.000000 0.000000 0.000000 0.000000 0.000000 0.000000 0.000000 0.000000 0.000000 0.000000 0.000000 0.000000 0.000000 0.000000 0.000000 0.000000 0.000000 0.000000 0.000000 0.000000 0.000000 0.000000 0.000000 0.000000 0.000000 0.000000 0.000000 0.000000 0.000000 0.000000 0.000000 0.000000 0.000000 0.000000 0.000000 0.000000 0.000000 0.000000 0.000000 0.000000 0.000000 0.000000 0.000000 0.000000 0.000000 0.000000 0.000000 0.000000 0.000000 0.000000 0.000000 0.000000 0.000000 0.000000 0.000000 0.000000 0.000000 0.000000 0.000000 0.000000 0.000000 0.000000 0.000000 0.000000 0.000000 0.000000 0.000000 0.000000 0.000000 0.000000 0.000000 0.000000 0.000000 0.000000 0.000000 0.000000 0.000000 0.000000 0.000000 0.000000 0.000000 0.000000 0.000000 0.000000 0.000000 0.000000 0.000000 0.000000 0.000000 0.000000 0.398031 0.415015 0.428736 0.443008 0.546046 0.575295 0.572436 0.606058 0.622428 0.626739 0.613415 0.646616 0.660930 0.650415 0.704094 0.615406 0.645080 0.674048 0.714192 0.737843 0.734320 0.728237 0.722706 0.720318 0.711084 0.708214 0.745601 0.798487 0.531057 0.890544 0.938207 1.136867 1.161197 1.017072 1.002485 0.999691 0.990880 0.613832 0.544115 0.508718 0.477209 0.425171 0.375877 0.322493 0.244427 0.146609 0.163477 0.239439 0.283898 0.326287 0.373297 0.422105 0.453556 0.475044 0.485379 0.487859 0.488060 0.477241 0.547480 0.429235 0.427215 0.445792 0.482517 0.774682 0.764358 0.749539 0.924729 0.913047 0.938818 0.987967 1.030906 1.119694 1.189184 1.251027 1.209848 1.043908 1.064145 1.191822 1.280102 1.380510 1.362099 1.532176 1.884152 2.050542 1.913566 2.058632 2.053479 1.773082 1.710701 1.634372 1.577687 1.501229 1.612334 1.151698 0.992417 0.884242 0.740459 0.651695 0.658919 0.762093 0.838154 0.843176 0.799118 0.693903 0.617817 0.554552 0.503308 0.474715 0.470294 0.497012 0.544154 0.580289 0.616799 0.662766 0.646624 0.597152 0.564802 0.550784 0.533900 0.583221 0.646979 0.724691 0.807926 0.858770 0.884146 0.861671 0.798965 0.779409 0.800816 0.817979 0.812554 0.790507 0.728525 0.624166 0.556315 0.476084 0.398938 0.347079 0.288207 0.256676 0.292629 0.265697 0.256355 0.284070 0.328912 0.410078 0.506619 0.595626 0.647879 0.653921 0.688759 0.715692 0.755161 0.795248 0.694251 0.661829 0.601390 0.568046 0.539851 0.487454 0.429110 0.369443 0.290032 0.198724 0.158754 0.192329 0.240247 0.294060 0.338105 0.378917 0.415934 0.440413 0.456654 0.470769 0.475598 0.470477 0.486223 0.498827 0.520510 0.545415 0.564722 0.510237 0.455745 0.387689 0.405162 0.747563 0.697099 0.654034
0.000000 0.000000 0.000000 0.000000 0.000000 0.000000 0.000000 0.000000 0.000000 0.000000 0.000000 0.000000 0.000000 0.000000 0.000000 0.000000 0.000000 0.000000 0.000000 0.000000 0.000000 0.000000 0.000000 0.000000 0.000000 0.000000 0.000000 0.000000 0.000000 0.000000 0.000000 0.000000 0.000000 0.000000 0.000000 0.000000 0.000000 0.000000 0.000000 0.000000 0.000000 0.000000 0.000000 0.000000 0.000000 0.000000 0.000000 0.000000 0.000000 0.000000 0.000000 0.000000 0.000000 0.000000 0.000000 0.000000 0.000000 0.000000 0.000000 0.000000 0.000000 0.000000 0.000000 0.000000 0.000000 0.000000 0.000000 0.000000 0.000000 0.000000 0.000000 0.000000 0.000000 0.000000 0.000000 0.000000 0.000000 0.000000 0.000000 0.000000 0.000000 0.000000 0.000000 0.000000 0.000000 0.424638 0.431008 0.437092 0.513347 0.539052 0.563605 0.567899 0.582365 0.569081 0.587833 0.609883 0.643568 0.678414 0.704288 0.730834 0.771645 0.790581 0.765256 0.728652 0.647968 0.640728 0.652260 1.041134 0.947730 0.661934 0.704937 0.739935 0.737537 0.729895 0.720137 0.719341 0.718957 0.717055 0.715865 0.748033 0.421217 0.495325 0.550972 0.902833 1.105354 1.134780 1.152738 1.014174 1.034573 1.023497 1.011907 0.990358 0.599052 0.548292 0.477399 0.397766 0.355295 0.351439 0.334442 0.234782 0.206799 0.236486 0.283340 0.320615 0.369641 0.379811 0.388366 0.405544 0.398016 0.392097 0.387647 0.387599 0.411718 0.443306 0.467598 0.480453 0.484469 0.485174 0.819707 0.781798 0.740174 0.746513 0.716938 0.775181 0.844269 0.986131 1.032829 1.022765 0.995161 0.970281 0.881191 0.955987 1.094602 1.222535 1.402068 1.416457 1.560686 1.632468 1.732514 1.855188 1.918766 1.947757 1.697743 1.698029 1.726910 1.611803 1.488571 0.999861 0.865393 0.831763 0.836811 0.856615 0.900310 0.953621 0.952522 0.877882 0.769006 0.686899 0.632154 0.613681 0.606034 0.633712 0.694806 0.759005 0.803834 0.883454 0.930477 0.955102 0.929970 0.868380 0.856233 0.874312 0.877203 0.867403 0.834041 0.852375 0.903980 0.955354 0.988174 0.994993 0.953008 0.849683 0.873076 0.910983 0.948462 0.976894 0.957584 0.921381 0.788473 0.687348 0.664002 0.608430 0.552243 0.481424 0.380016 0.336993 0.335509 0.376190 0.427340 0.506800 0.574050 0.599148 0.683841 0.740496 0.764443 0.680609 0.559303 0.459468 0.448914 0.440727 0.465840 0.496347 0.505661 0.477371 0.451532 0.387189 0.318129 0.257647 0.185845 0.139882 0.159841 0.209256 0.281680 0.354481 0.407245 0.449392 0.470595 0.488964 0.509799 0.527979 0.550298 0.565657 0.570477 0.574255 0.964020 0.915503 0.825559 0.753184 0.706848 0.256438
0.000000 0.000000 0.000000 0.000000 0.000000 0.000000 0.000000 0.000000 0.000000 0.000000 0.000000 0.000000 0.000000 0.000000 0.000000 0.000000 0.000000 0.000000 0.000000 0.000000 0.000000 0.000000 0.000000 0.000000 0.000000 0.000000 0.000000 0.000000 0.000000 0.000000 0.000000 0.000000 0.000000 0.000000 0.000000 0.000000 0.000000 0.000000 0.000000 0.000000 0.000000 0.000000 0.000000 0.000000 0.000000 0.000000 0.000000 0.000000 0.000000 0.000000 0.000000 0.000000 0.000000 0.000000 0.000000 0.000000 0.000000 0.000000 0.000000 0.000000 0.000000 0.000000 0.000000 0.000000 0.000000 0.000000 0.000000 0.000000 0.000000 0.000000 0.000000 0.000000 0.000000 0.000000 0.000000 0.000000 0.000000 0.000000 0.000000 0.000000 0.000000 0.000000 0.403209 0.428462 0.459701 0.488238 0.564982 0.615771 0.661197 0.696027 0.725145 0.751293 0.776950 0.809495 0.832529 0.858668 0.899707 0.950292 0.996035 1.028119 1.027158 0.934537 0.888925 0.837990 0.781060 0.791577 0.770118 0.710475 0.737409 0.796458 0.847027 0.705158 0.736975 0.757945 0.775904 0.790399 0.789803 0.778604 0.765489 0.753694 0.744119 0.736979 0.361149 0.410972 0.942378 0.985707 1.029613 0.909231 0.946675 0.978313 0.989544 0.975322 0.964482 0.577974 0.570383 0.537907 0.534459 0.555981 0.575074 0.572301 0.504939 0.425346 0.367218 0.349599 0.342882 0.335060 0.325555 0.330627 0.363687 0.380097 0.372196 0.372151 0.386753 0.385393 0.397574 0.408138 0.416857 0.407463 0.661651 0.746284 0.757737 0.712941 0.668573 0.625944 0.593385 0.564523 0.708765 0.817276 0.866453 0.870571 0.813926 0.821828 0.881173 0.899671 0.917604 1.088296 1.222422 1.312608 1.441166 1.369990 1.461554 1.578190 1.643940 1.865927 1.620405 1.575884 1.469406 1.382103 1.308322 1.263533 1.233832 0.805729 0.830518 0.872604 0.874185 0.866112 0.803608 0.737351 0.747186 0.760017 0.739768 0.740214 0.780098 0.877402 0.919507 0.978329 1.015414 1.015124 1.010848 1.032362 1.066342 1.032808 0.937735 0.838775 0.736362 0.640551 0.650946 0.721970 0.830932 0.916382 1.013037 1.059598 0.997144 0.991860 1.032039 1.062346 1.084229 1.110605 1.091220 1.051249 0.937476 0.680122 0.435126 0.402128 0.382831 0.356283 0.364523 0.404466 0.444281 0.504653 0.552047 0.597987 0.618533 0.623809 0.633559 0.614308 0.561105 0.402330 0.432368 0.473785 0.532170 0.423696 0.377957 0.375257 0.376304 0.362295 0.307902 0.215049 0.148874 0.088872 0.099611 0.130999 0.172822 0.218347 0.277078 0.342273 0.389542 0.436162 0.513493 0.592190 0.614089 0.583143 0.555378 0.538804 0.529209 0.520158 0.389860 0.295739 0.245981 0.185520
0.000000 0.000000 0.000000 0.000000 0.000000 0.000000 0.000000 0.000000 0.000000 0.000000 0.000000 0.000000 0.000000 0.000000 0.000000 0.000000 0.000000 0.000000 0.000000 0.000000 0.000000 0.000000 0.000000 0.000000 0.000000 0.000000 0.000000 0.000000 0.000000 0.000000 0.000000 0.000000 0.000000 0.000000 0.000000 0.000000 0.000000 0.000000 0.000000 0.000000 0.000000 0.000000 0.000000 0.000000 0.000000 0.000000 0.000000 0.000000 0.000000 0.000000 0.000000 0.000000 0.000000 0.000000 0.000000 0.000000 0.000000 0.000000 0.000000 0.000000 0.000000 0.000000 0.000000 0.000000 0.000000 0.000000 0.000000 0.000000 0.000000 0.000000 0.000000 0.000000 0.000000 0.000000 0.000000 0.000000 0.000000 0.000000 0.000000 0.000000 0.000000 0.000000 0.000000 0.565388 0.529756 0.516600 0.551769 0.638925 0.685584 0.732923 0.777336 0.822020 0.800831 0.839136 0.889631 0.922168 0.947180 1.021857 1.102592 1.231856 1.213001 1.166014 1.098072 1.032080 0.966168 0.909377 0.852940 0.803333 0.733427 0.727930 0.702157 0.705379 0.713911 0.607082 0.629689 0.639583 0.642563 0.648607 0.639518 0.627140 0.623347 0.623240 0.623949 0.633238 0.804287 0.830150 0.879161 0.943783 1.009053 1.068643 0.961105 0.949644 0.966876 0.989834 1.010293 1.027496 0.666908 0.688457 0.717504 0.725275 0.717302 0.694001 0.513273 0.390889 0.318590 0.266891 0.236723 0.218931 0.215361 0.232648 0.258636 0.289112 0.298090 0.301715 0.342082 0.390853 0.411847 0.413877 0.684175 0.640559 0.732366 0.746796 0.702759 0.655948 0.613048 0.567545 0.519914 0.391465 0.571540 0.663715 0.658091 0.714993 0.770723 0.744424 0.696695 0.749468 0.809350 0.825868 0.943093 1.066965 1.056900 1.310903 1.389196 1.448083 1.333299 1.333110 1.286231 1.265278 0.965359 1.144749 1.106559 1.092820 0.796297 0.875146 0.889148 0.936271 0.940690 0.884052 0.801822 0.726956 0.691529 0.717388 0.771063 0.826420 0.876369 0.905189 0.927879 0.957460 1.011417 1.024969 0.980376 0.920715 0.875546 0.875953 0.761522 0.671822 0.609663 0.555157 0.550413 0.691907 0.868688 1.035494 1.118951 1.069980 1.018469 1.027039 1.071973 1.130449 1.217985 1.121181 0.919134 0.652980 0.440120 0.382713 0.420233 0.448882 0.481019 0.485910 0.466107 0.457509 0.448137 0.418990 0.416736 0.448460 0.514528 0.573072 0.616725 0.631619 0.643412 0.620956 0.416928 0.362994 0.372640 0.395790 0.411168 0.432937 0.445625 0.344779 0.261802 0.208613 0.202990 0.215632 0.240019 0.266248 0.273785 0.296083 0.316770 0.353595 0.386028 0.426695 0.467023 0.495645 0.504306 0.494012 0.365574 0.263033 0.191675 0.157599 0.152509 0.155378
0.000000 0.000000 0.000000 0.000000 0.000000 0.000000 0.000000 0.000000 0.000000 0.000000 0.000000 0.000000 0.000000 0.000000 0.000000 0.000000 0.000000 0.000000 0.000000 0.000000 0.000000 0.000000 0.000000 0.000000 0.000000 0.000000 0.000000 0.000000 0.000000 0.000000 0.000000 0.000000 0.000000 0.000000 0.000000 0.000000 0.000000 0.000000 0.000000 0.000000 0.000000 0.000000 0.000000 0.000000 0.000000 0.000000 0.000000 0.000000 0.000000 0.000000 0.000000 0.000000 0.000000 0.000000 0.000000 0.000000 0.000000 0.000000 0.000000 0.000000 0.000000 0.000000 0.000000 0.000000 0.000000 0.000000 0.000000 0.000000 0.000000 0.000000 0.000000 0.000000 0.000000 0.000000 0.000000 0.000000 0.000000 0.000000 0.000000 0.000000 0.000000 0.000000 0.000000 0.000000 0.482750 0.727247 0.731490 0.678889 0.682409 0.726546 0.886816 0.897540 0.905802 0.866485 0.902773 0.923393 0.936886 0.939373 0.930408 0.910344 0.896073 0.917012 0.938324 0.929828 0.900200 0.938451 0.892151 0.836214 0.794806 0.717138 0.565916 0.542919 0.643334 0.610482 0.620507 0.522790 0.556400 0.573660 0.576085 0.570035 0.564520 0.706430 0.652822 0.502168 0.668567 0.710743 0.759619 0.838520 0.932900 1.016395 1.086509 0.935944 0.931806 0.938116 0.961242 0.983703 1.004535 1.043219 1.082526 1.100518 1.095752 1.067957 0.636630 0.435658 0.308087 0.233848 0.179046 0.137529 0.106987 0.107800 0.142707 0.202166 0.219118 0.247694 0.318036 0.398302 0.433717 0.763619 0.711843 0.675439 0.647116 0.749057 0.709183 0.680022 0.654378 0.603253 0.551068 0.495765 0.412333 0.000000 0.000000 0.488435 0.648936 0.709846 0.605492 0.577190 0.560883 0.474843 0.560315 0.733150 0.881041 0.972187 1.055797 1.162871 1.176925 1.259004 1.287104 1.258961 1.194350 0.932745 0.557316 0.553709 0.604081 0.689700 0.724378 0.772882 0.845824 0.870301 1.171793 1.151755 0.805931 1.175994 1.175058 0.747627 0.733972 0.769556 0.827390 0.885869 0.914529 0.888525 0.852503 0.793723 0.761281 0.777939 0.758218 0.691611 0.609861 0.564165 0.543464 0.552878 0.547191 0.740020 0.923151 1.045660 1.087192 1.103090 1.053055 1.047279 0.980753 0.800988 0.674344 0.606918 0.531715 0.357511 0.307238 0.425935 0.527118 0.559181 0.547972 0.574250 0.579526 0.539452 0.498260 0.519217 0.507822 0.535331 0.538808 0.548129 0.555373 0.579812 0.337518 0.313860 0.372738 0.435954 0.455916 0.458893 0.455355 0.427721 0.353716 0.292705 0.248675 0.243852 0.238813 0.267104 0.271265 0.281752 0.304988 0.324434 0.335506 0.358437 0.375331 0.374707 0.330575 0.279507 0.218422 0.160379 0.133226 0.127249 0.149014 0.142565
0.000000 0.000000 0.000000 0.000000 0.000000 0.000000 0.000000 0.000000 0.000000 0.000000 0.000000 0.000000 0.000000 0.000000 0.000000 0.000000 0.000000 0.000000 0.000000 0.000000 0.000000 0.000000 0.000000 0.000000 0.000000 0.000000 0.000000 0.000000 0.000000 0.000000 0.000000 0.000000 0.000000 0.000000 0.000000 0.000000 0.000000 0.000000 0.000000 0.000000 0.000000 0.000000 0.000000 0.000000 0.000000 0.000000 0.000000 0.000000 0.000000 0.000000 0.000000 0.000000 0.000000 0.000000 0.000000 0.000000 0.000000 0.000000 0.000000 0.000000 0.000000 0.000000 0.000000 0.000000 0.000000 0.000000 0.000000 0.000000 0.000000 0.000000 0.000000 0.000000 0.000000 0.000000 0.000000 0.000000 0.000000 0.000000 0.000000 0.000000 0.000000 0.000000 0.000000 0.429294 0.429167 0.514613 0.558273 0.563366 0.584974 0.603117 0.665941 0.723821 0.782836 0.916145 0.964728 0.989642 0.921032 0.926513 0.919438 0.912361 0.906593 0.907508 0.899820 0.897955 0.886875 0.869382 0.834421 0.797763 0.828670 0.789956 0.701932 0.674232 0.632710 0.603911 0.491575 0.494650 0.556897 0.582560 0.488655 0.497120 0.515625 0.649287 0.605773 0.557320 0.573815 0.599639 0.620478 0.694408 0.754466 0.827514 0.911095 0.791205 0.812905 0.830005 0.863193 0.898154 0.927448 0.972104 1.031317 1.067822 1.090979 1.090476 1.053675 0.543880 0.328515 0.219368 0.188536 0.160345 0.128029 0.083717 0.098780 0.150802 0.173862 0.217898 0.300458 0.388350 0.446286 0.477765 0.759785 0.689780 0.633276 0.619880 0.572427 0.578747 0.596172 0.573644 0.588475 0.560761 0.461667 0.426378 0.000000 0.000000 0.405538 0.000000 0.000000 0.000000 0.458859 0.000000 0.000000 0.000000 0.435202 0.529534 0.616761 0.729983 0.845291 0.884783 0.957718 0.955546 0.943751 0.950709 0.984069 0.885332 0.955800 1.028817 0.791804 0.814814 0.880728 1.218210 1.202330 1.187170 1.202105 1.245709 1.281688 1.294245 0.862173 0.813063 0.820773 0.752105 0.658607 0.596059 0.562307 0.556612 0.538328 0.497104 0.425850 0.371369 0.356355 0.367629 0.380463 0.382546 0.360575 0.380069 0.477172 0.613554 0.738471 0.884231 0.943453 1.067118 1.025221 0.864438 0.721201 0.611054 0.539415 0.532473 0.527645 0.316268 0.305158 0.426271 0.450021 0.512004 0.565513 0.544788 0.530403 0.549216 0.592388 0.588903 0.550221 0.525170 0.516956 0.540048 0.459420 0.276615 0.260383 0.253186 0.268191 0.279226 0.277224 0.251433 0.193741 0.184553 0.180872 0.186844 0.193536 0.200272 0.187129 0.151589 0.125390 0.099040 0.072575 0.070237 0.075470 0.096696 0.135415 0.166150 0.183490 0.179530 0.169727 0.158120 0.162441 0.135980
0.000000 0.000000 0.000000 0.000000 0.000000 0.000000 0.000000 0.000000 0.000000 0.000000 0.000000 0.000000 0.000000 0.000000 0.000000 0.000000 0.000000 0.000000 0.000000 0.000000 0.000000 0.000000 0.000000 0.000000 0.000000 0.000000 0.000000 0.000000 0.000000 0.000000 0.000000 0.000000 0.000000 0.000000 0.000000 0.000000 0.000000 0.000000 0.000000 0.000000 0.000000 0.000000 0.000000 0.000000 0.000000 0.000000 0.000000 0.000000 0.000000 0.000000 0.000000 0.000000 0.000000 0.000000 0.000000 0.000000 0.000000 0.000000 0.000000 0.000000 0.000000 0.000000 0.000000 0.000000 0.000000 0.000000 0.000000 0.000000 0.000000 0.000000 0.000000 0.000000 0.000000 0.000000 0.000000 0.000000 0.000000 0.000000 0.000000 0.000000 0.000000 0.000000 0.406394 0.514150 0.605081 0.694990 0.724825 0.762752 0.707538 0.661060 0.659244 0.674461 0.697755 0.751655 0.872112 0.913390 0.944552 0.994720 0.959840 0.953793 0.875034 0.866997 0.859315 0.853548 0.849075 0.843598 0.819115 0.792969 0.761046 0.798647 0.762665 0.723606 0.672794 0.612478 0.484725 0.420132 0.000000 0.000000 0.000000 0.427097 0.521662 0.528397 0.501784 0.546798 0.582726 0.606200 0.609332 0.466864 0.485893 0.525193 0.564216 0.594951 0.623922 0.728776 0.714396 0.784088 0.841746 0.901561 0.963988 1.001374 1.036792 1.068311 1.065058 1.029076 0.389909 0.192590 0.213237 0.256387 0.243647 0.216608 0.178308 0.185850 0.182464 0.181826 0.271914 0.376083 0.493270 0.572069 0.547299 0.488374 0.461673 0.434177 0.408809 0.682127 0.602571 0.696531 0.647460 0.597621 0.586403 0.581100 0.592773 0.600308 0.599323 0.543132 0.534213 0.510531 0.457591 0.000000 0.000000 0.000000 0.000000 0.000000 0.000000 0.000000 0.445145 0.534167 0.542345 0.635189 0.643578 0.711974 0.792476 0.872850 1.060386 1.076540 1.041459 1.115747 1.186146 1.240830 1.246629 1.242094 1.254736 1.279070 1.333420 1.395618 1.416423 1.418473 1.061839 0.963741 0.861180 0.766176 0.655505 0.574316 0.514497 0.402615 0.322104 0.182893 0.142428 0.119140 0.095771 0.105459 0.149950 0.236273 0.311055 0.319036 0.349315 0.446063 0.598688 0.766493 0.853200 0.933227 0.834799 0.734770 0.700043 0.694862 0.717099 0.714418 0.669183 0.482457 0.481399 0.553611 0.638623 0.700760 0.694506 0.643410 0.575396 0.521267 0.460534 0.418760 0.394771 0.385860 0.397943 0.448930 0.496337 0.465878 0.413546 0.403709 0.323511 0.269639 0.243076 0.222173 0.218281 0.235114 0.241180 0.225661 0.204847 0.192810 0.164679 0.131046 0.109657 0.097472 0.089077 0.050850 0.034134 0.097557 0.164541 0.210583 0.209281 0.162873 0.138464 0.091866
0.000000 0.000000 0.000000 0.000000 0.000000 0.000000 0.000000 0.000000 0.000000 0.000000 0.000000 0.000000 0.000000 0.000000 0.000000 0.000000 0.000000 0.000000 0.000000 0.000000 0.000000 0.000000 0.000000 0.000000 0.000000 0.000000 0.000000 0.000000 0.000000 0.000000 0.000000 0.000000 0.000000 0.000000 0.000000 0.000000 0.000000 0.000000 0.000000 0.000000 0.000000 0.000000 0.000000 0.000000 0.000000 0.000000 0.000000 0.000000 0.000000 0.000000 0.000000 0.000000 0.000000 0.000000 0.000000 0.000000 0.000000 0.000000 0.000000 0.000000 0.000000 0.000000 0.000000 0.000000 0.000000 0.000000 0.000000 0.000000 0.000000 0.000000 0.000000 0.000000 0.000000 0.000000 0.000000 0.000000 0.000000 0.000000 0.000000 0.000000 0.000000 0.000000 0.000000 0.000000 0.000000 0.000000 0.000000 0.459390 0.562172 0.638769 0.685328 0.696240 0.670083 0.756483 0.795939 0.838864 0.873712 0.906145 0.919424 0.914993 0.905368 0.894697 0.879913 0.860290 0.859853 0.857809 0.841865 0.820772 0.797295 0.771395 0.737762 0.704549 0.657843 0.595717 0.464056 0.420956 0.000000 0.000000 0.000000 0.000000 0.000000 0.000000 0.000000 0.407701 0.434965 0.445301 0.447638 0.445433 0.593212 0.678075 0.741059 0.776707 0.796713 0.643808 0.655989 0.686603 0.750882 0.823380 0.879497 0.909104 0.946810 1.000104 1.047472 1.050683 1.019875 0.285750 0.137585 0.256299 0.309975 0.333897 0.315711 0.276973 0.244973 0.213655 0.231714 0.346869 0.445877 0.511297 0.555049 0.581612 0.585918 0.580635 0.574987 0.560573 0.536291 0.508136 0.902587 0.653064 0.724586 0.738669 0.717258 0.700504 0.677438 0.620882 0.598645 0.544304 0.485483 0.420923 0.000000 0.447140 0.439033 0.542637 0.614561 0.676753 0.719616 0.769065 0.806253 0.823741 0.818365 0.746265 0.708707 0.710533 0.773893 0.912208 1.042452 1.079539 1.009099 1.111426 1.194117 1.247338 1.310344 1.362859 1.410485 1.460488 1.517311 1.537773 1.543881 1.565559 1.127302 0.987793 0.850706 0.725371 0.604079 0.488957 0.434152 0.333975 0.320062 0.343452 0.367257 0.291538 0.243850 0.224941 0.269487 0.378188 0.462162 0.573990 0.696587 0.808303 0.835189 0.865990 0.839290 0.818644 0.811230 0.816408 0.843266 0.859351 0.871122 0.815421 0.764655 0.704317 0.621153 0.709438 0.755710 0.780713 0.739317 0.663578 0.603088 0.518558 0.376938 0.313536 0.288233 0.333651 0.417517 0.474080 0.510812 0.449118 0.426902 0.457028 0.513636 0.585269 0.661271 0.627523 0.566778 0.485261 0.415391 0.353446 0.280465 0.230034 0.165022 0.117870 0.092255 0.105148 0.130436 0.164616 0.200569 0.247353 0.202412 0.145688 0.132250 0.085450
0.000000 0.000000 0.000000 0.000000 0.000000 0.000000 0.000000 0.000000 0.000000 0.000000 0.000000 0.000000 0.000000 0.000000 0.000000 0.000000 0.000000 0.000000 0.000000 0.000000 0.000000 0.000000 0.000000 0.000000 0.000000 0.000000 0.000000 0.000000 0.000000 0.000000 0.000000 0.000000 0.000000 0.000000 0.000000 0.000000 0.000000 0.000000 0.000000 0.000000 0.000000 0.000000 0.000000 0.000000 0.000000 0.000000 0.000000 0.000000 0.000000 0.000000 0.000000 0.000000 0.000000 0.000000 0.000000 0.000000 0.000000 0.000000 0.000000 0.000000 0.000000 0.000000 0.000000 0.000000 0.000000 0.000000 0.000000 0.000000 0.000000 0.000000 0.000000 0.000000 0.000000 0.000000 0.000000 0.000000 0.000000 0.000000 0.000000 0.000000 0.000000 0.000000 0.000000 0.000000 0.000000 0.000000 0.000000 0.000000 0.000000 0.441585 0.463144 0.495940 0.536178 0.577346 0.620055 0.662984 0.731772 0.769014 0.787647 0.794525 0.800967 0.809460 0.814110 0.809711 0.794907 0.772911 0.758470 0.736874 0.731372 0.718818 0.694452 0.668588 0.631390 0.578285 0.442245 0.000000 0.000000 0.000000 0.000000 0.000000 0.000000 0.000000 0.000000 0.000000 0.000000 0.440266 0.474928 0.563119 0.564052 0.640150 0.708829 0.760895 0.797265 0.822472 0.687526 0.703127 0.709321 0.919294 0.802848 0.840406 0.869454 0.929525 0.996318 1.041813 1.056644 1.012702 0.238057 0.157947 0.280492 0.397819 0.427294 0.391529 0.326520 0.266830 0.215870 0.264325 0.352183 0.450969 0.545944 0.609354 0.657572 0.693674 0.703602 0.691286 0.688205 0.657517 0.874957 0.815764 0.892988 0.900716 0.852883 0.813283 0.730682 0.708177 0.682952 0.687911 0.623886 0.556135 0.419494 0.435910 0.457664 0.465749 0.573849 0.630309 0.681323 0.740976 0.809270 0.860433 0.913523 0.950157 0.967118 0.958780 0.916778 0.894123 0.836758 0.869531 0.931615 1.059055 1.180382 1.282747 1.373203 1.266296 1.375380 1.477094 1.537636 1.582174 1.598223 1.536287 1.488215 1.036568 0.843025 0.696147 0.581937 0.511253 0.468008 0.481361 0.500518 0.507468 0.534676 0.563108 0.505039 0.479840 0.503884 0.577168 0.650038 0.722770 0.805661 0.847508 0.844095 0.812636 0.822715 0.793542 0.784475 0.788092 0.805217 0.825916 0.851533 0.875836 0.810969 0.763282 0.724910 0.601585 0.599233 0.635586 0.617234 0.618321 0.606764 0.565670 0.514907 0.451802 0.390671 0.378843 0.411014 0.464813 0.510205 0.525385 0.519012 0.487272 0.479418 0.485038 0.519112 0.579796 0.644606 0.701155 0.706581 0.614413 0.527406 0.434821 0.322473 0.241533 0.216702 0.228821 0.266179 0.308434 0.347135 0.381061 0.306531 0.223802 0.198324 0.177884
0.000000 0.000000 0.000000 0.000000 0.000000 0.000000 0.000000 0.000000 0.000000 0.000000 0.000000 0.000000 0.000000 0.000000 0.000000 0.000000 0.000000 0.000000 0.000000 0.000000 0.000000 0.000000 0.000000 0.000000 0.000000 0.000000 0.000000 0.000000 0.000000 0.000000 0.000000 0.000000 0.000000 0.000000 0.000000 0.000000 0.000000 0.000000 0.000000 0.000000 0.000000 0.000000 0.000000 0.000000 0.000000 0.000000 0.000000 0.000000 0.000000 0.000000 0.000000 0.000000 0.000000 0.000000 0.000000 0.000000 0.000000 0.000000 0.000000 0.000000 0.000000 0.000000 0.000000 0.000000 0.000000 0.000000 0.000000 0.000000 0.000000 0.000000 0.000000 0.000000 0.000000 0.000000 0.000000 0.000000 0.000000 0.000000 0.000000 0.000000 0.000000 0.000000 0.000000 0.000000 0.000000 0.000000 0.000000 0.000000 0.000000 0.000000 0.000000 0.000000 0.421463 0.445798 0.465276 0.486459 0.510401 0.533794 0.551986 0.574667 0.611955 0.634015 0.688435 0.699881 0.678717 0.677232 0.675381 0.673251 0.666468 0.649753 0.621717 0.582113 0.537590 0.484816 0.431305 0.000000 0.000000 0.000000 0.000000 0.000000 0.000000 0.000000 0.000000 0.000000 0.000000 0.000000 0.411899 0.451404 0.479095 0.499605 0.462478 0.508071 0.554482 0.592030 0.625254 0.652363 0.673047 0.866261 0.903800 0.961538 0.819956 0.857571 0.933133 1.005169 1.058440 1.057193 0.575775 0.194846 0.171685 0.350949 0.413225 0.400855 0.350050 0.295858 0.226816 0.242619 0.322208 0.422639 0.538529 0.605628 0.690189 0.763847 0.785296 0.796534 0.797820 0.769352 0.993844 0.926004 1.024553 0.822879 0.895816 0.900819 0.847832 0.789676 0.747491 0.718459 0.642580 0.588153 0.544569 0.508895 0.413546 0.000000 0.000000 0.424270 0.426690 0.561947 0.634386 0.710048 0.777533 0.855482 0.921307 0.943602 0.939411 0.912375 0.854356 0.845448 0.866091 0.811111 0.909471 1.016747 1.131038 1.255202 1.398775 1.520237 1.603720 1.671141 1.711112 1.547964 1.553624 1.510550 1.127063 0.938592 0.797854 0.718776 0.670652 0.669979 0.675657 0.675927 0.684432 0.699777 0.674206 0.628622 0.604085 0.601067 0.618907 0.645844 0.623021 0.638670 0.635906 0.630375 0.619908 0.612840 0.648230 0.677168 0.707976 0.742534 0.781595 0.819963 0.848304 0.780330 0.699123 0.620531 0.570409 0.533645 0.515999 0.501417 0.483579 0.525008 0.439695 0.359424 0.303613 0.336164 0.385891 0.445161 0.499389 0.564624 0.591254 0.585659 0.579277 0.565176 0.565119 0.588083 0.630019 0.685864 0.725057 0.733901 0.721827 0.634411 0.490115 0.381912 0.320650 0.307266 0.331196 0.373533 0.420321 0.456837 0.384654 0.316568 0.272548 0.238595
0.000000 0.000000 0.000000 0.000000 0.000000 0.000000 0.000000 0.000000 0.000000 0.000000 0.000000 0.000000 0.000000 0.000000 0.000000 0.000000 0.000000 0.000000 0.000000 0.000000 0.000000 0.000000 0.000000 0.000000 0.000000 0.000000 0.000000 0.000000 0.000000 0.000000 0.000000 0.000000 0.000000 0.000000 0.000000 0.000000 0.000000 0.000000 0.000000 0.000000 0.000000 0.000000 0.000000 0.000000 0.000000 0.000000 0.000000 0.000000 0.000000 0.000000 0.000000 0.000000 0.000000 0.000000 0.000000 0.000000 0.000000 0.000000 0.000000 0.000000 0.000000 0.000000 0.000000 0.000000 0.000000 0.000000 0.000000 0.000000 0.000000 0.000000 0.000000 0.000000 0.000000 0.000000 0.000000 0.000000 0.000000 0.000000 0.000000 0.000000 0.000000 0.000000 0.000000 0.000000 0.000000 0.000000 0.000000 0.000000 0.000000 0.000000 0.000000 0.000000 0.000000 0.000000 0.000000 0.000000 0.000000 0.000000 0.000000 0.000000 0.432740 0.457468 0.475938 0.497833 0.514727 0.529757 0.543876 0.561927 0.587012 0.602045 0.600150 0.587285 0.563984 0.533017 0.497915 0.459851 0.421773 0.000000 0.000000 0.000000 0.000000 0.000000 0.000000 0.000000 0.000000 0.000000 0.000000 0.000000 0.000000 0.000000 0.418397 0.537621 0.448361 0.484440 0.513754 0.547086 0.592713 0.795426 0.842842 0.867442 0.895598 0.786605 0.842325 0.920660 0.995570 1.039083 1.048478 0.512441 0.192796 0.165341 0.296203 0.362622 0.374086 0.375184 0.335487 0.292462 0.312142 0.410496 0.523263 0.605585 0.688093 0.779569 0.838207 0.856264 0.860268 0.854974 1.055270 0.998924 1.082320 1.017382 0.948415 0.879623 0.886554 0.827315 0.765597 0.705549 0.625459 0.563598 0.498193 0.433545 0.000000 0.000000 0.000000 0.000000 0.520972 0.589741 0.584894 0.526725 0.552798 0.527506 0.598029 0.646326 0.672552 0.658041 0.637240 0.612523 0.632123 0.594710 0.713734 0.843740 0.981287 1.134173 1.188185 1.313421 1.427141 1.531504 1.602614 1.682787 1.730401 1.580557 1.581013 1.748352 1.219401 1.033233 0.883010 0.810087 0.775254 0.743536 0.738488 0.731383 0.744583 0.713872 0.682804 0.615344 0.550490 0.482951 0.465237 0.466972 0.457464 0.446168 0.467303 0.488833 0.524980 0.586636 0.636155 0.665842 0.697193 0.731116 0.760742 0.781446 0.731714 0.625538 0.545606 0.502763 0.484513 0.473763 0.468016 0.449361 0.432784 0.429910 0.389926 0.383976 0.383840 0.390238 0.463085 0.563387 0.644957 0.712688 0.725919 0.729916 0.726298 0.734104 0.747005 0.761011 0.776120 0.779080 0.762007 0.726448 0.665443 0.529745 0.444084 0.405551 0.411845 0.432145 0.459215 0.456490 0.387112 0.344752 0.331139 0.290608
0.000000 0.000000 0.000000 0.000000 0.000000 0.000000 0.000000 0.000000 0.000000 0.000000 0.000000 0.000000 0.000000 0.000000 0.000000 0.000000 0.000000 0.000000 0.000000 0.000000 0.000000 0.000000 0.000000 0.000000 0.000000 0.000000 0.000000 0.000000 0.000000 0.000000 0.000000 0.000000 0.000000 0.000000 0.000000 0.000000 0.000000 0.000000 0.000000 0.000000 0.000000 0.000000 0.000000 0.000000 0.000000 0.000000 0.000000 0.000000 0.000000 0.000000 0.000000 0.000000 0.000000 0.000000 0.000000 0.000000 0.000000 0.000000 0.000000 0.000000 0.000000 0.000000 0.000000 0.000000 0.000000 0.000000 0.000000 0.000000 0.000000 0.000000 0.000000 0.000000 0.000000 0.000000 0.000000 0.000000 0.000000 0.000000 0.000000 0.000000 0.000000 0.000000 0.000000 0.000000 0.000000 0.000000 0.000000 0.000000 0.000000 0.000000 0.000000 0.000000 0.000000 0.000000 0.000000 0.000000 0.000000 0.000000 0.000000 0.000000 0.000000 0.000000 0.000000 0.000000 0.000000 0.000000 0.000000 0.414694 0.451920 0.490845 0.520094 0.552274 0.569788 0.579032 0.574144 0.559083 0.532166 0.496916 0.443604 0.000000 0.000000 0.000000 0.000000 0.000000 0.000000 0.000000 0.405860 0.436500 0.457137 0.501781 0.558551 0.609106 0.642420 0.698332 0.722003 0.572723 0.760267 0.794439 0.810759 0.801073 0.800997 0.834573 0.733830 0.792940 0.895223 0.963951 1.005373 1.039477 0.419560 0.245586 0.227274 0.304969 0.380664 0.429655 0.426997 0.436525 0.470524 0.500532 0.520149 0.611190 0.689447 0.770221 0.828419 0.873354 0.867975 1.126274 1.067875 1.013070 0.946832 1.045592 0.974436 0.899975 0.832548 0.844593 0.783171 0.728528 0.678495 0.624500 0.498650 0.428377 0.000000 0.000000 0.000000 0.000000 0.547322 0.711971 0.827307 0.889999 0.897428 0.853924 0.734421 0.491391 0.000000 0.000000 0.459806 0.448120 0.000000 0.000000 0.000000 0.456496 0.684727 0.837702 0.985021 1.123011 1.149818 1.252852 1.320454 1.377892 1.446448 1.536602 1.427727 1.457368 1.487880 1.642926 1.634323 1.090283 0.946007 0.847005 0.768392 0.721320 0.687765 0.657225 0.630683 0.592864 0.547560 0.491355 0.445562 0.392493 0.349778 0.327429 0.333086 0.349495 0.383346 0.438293 0.490887 0.536476 0.565710 0.594249 0.624808 0.653022 0.681136 0.698848 0.640683 0.548489 0.484913 0.465531 0.459577 0.468798 0.479984 0.491613 0.497354 0.489314 0.512491 0.466134 0.470822 0.529749 0.622974 0.739622 0.826785 0.873964 0.895857 0.905157 0.898110 0.897016 0.885512 0.879415 0.856188 0.823851 0.728894 0.633064 0.539820 0.511565 0.514686 0.530816 0.460647 0.397269 0.358299 0.332026 0.343606 0.301591
0.000000 0.000000 0.000000 0.000000 0.000000 0.000000 0.000000 0.000000 0.000000 0.000000 0.000000 0.000000 0.000000 0.000000 0.000000 0.000000 0.000000 0.000000 0.000000 0.000000 0.000000 0.000000 0.000000 0.000000 0.000000 0.000000 0.000000 0.000000 0.000000 0.000000 0.000000 0.000000 0.000000 0.000000 0.000000 0.000000 0.000000 0.000000 0.000000 0.000000 0.000000 0.000000 0.000000 0.000000 0.000000 0.000000 0.000000 0.000000 0.000000 0.000000 0.000000 0.000000 0.000000 0.000000 0.000000 0.000000 0.000000 0.000000 0.000000 0.000000 0.000000 0.000000 0.000000 0.000000 0.000000 0.000000 0.000000 0.000000 0.000000 0.000000 0.000000 0.000000 0.000000 0.000000 0.000000 0.000000 0.000000 0.000000 0.000000 0.000000 0.000000 0.000000 0.000000 0.000000 0.000000 0.000000 0.000000 0.000000 0.000000 0.000000 0.000000 0.000000 0.000000 0.000000 0.000000 0.000000 0.000000 0.000000 0.000000 0.000000 0.000000 0.000000 0.000000 0.000000 0.000000 0.000000 0.000000 0.000000 0.000000 0.000000 0.000000 0.000000 0.449936 0.487141 0.510294 0.520863 0.526566 0.519094 0.496227 0.453285 0.431894 0.478573 0.528800 0.527316 0.557159 0.586303 0.647662 0.682616 0.732664 0.772576 0.804502 0.810721 0.801437 0.783209 0.774181 0.774853 0.812748 0.814648 0.758076 0.732059 0.775125 0.727480 0.789977 0.706891 0.790502 0.881305 0.948954 1.002360 0.561399 0.507327 0.379917 0.323847 0.367767 0.418625 0.443302 0.469544 0.540940 0.628352 0.671475 0.698331 0.754519 0.842821 0.873289 0.865818 0.843090 0.840214 1.111386 1.056629 0.992421 0.916051 0.844685 0.784426 0.733064 0.888880 0.823866 0.770413 0.717764 0.667919 0.599957 0.447550 0.000000 0.000000 0.000000 0.000000 0.432394 0.633872 0.789433 0.902798 0.965439 0.998369 1.000960 0.955732 0.871655 0.749429 0.691526 0.651167 0.607090 0.560302 0.509944 0.459185 0.629506 0.454365 0.585235 0.738648 0.847371 0.942243 0.926615 0.991889 1.122012 1.248543 1.357410 1.426640 1.325454 1.478971 1.476923 1.464704 1.453534 1.034778 0.919065 0.838323 0.748688 0.694674 0.661232 0.612791 0.567039 0.536141 0.477478 0.404949 0.307733 0.233992 0.203756 0.197526 0.217189 0.246462 0.294072 0.365634 0.404055 0.448583 0.495617 0.529162 0.545376 0.570325 0.593517 0.613882 0.636758 0.554017 0.519733 0.517759 0.536542 0.503132 0.451757 0.401540 0.367945 0.368322 0.408781 0.490793 0.571272 0.638949 0.730682 0.813440 0.881291 0.926281 0.941378 0.921599 0.910840 0.923003 0.895410 0.828620 0.717730 0.587026 0.502425 0.421385 0.391952 0.378185 0.381532 0.407037 0.373661 0.298936 0.234497 0.211251
0.000000 0.000000 0.000000 0.000000 0.000000 0.000000 0.000000 0.000000 0.000000 0.000000 0.000000 0.000000 0.000000 0.000000 0.000000 0.000000 0.000000 0.000000 0.000000 0.000000 0.000000 0.000000 0.000000 0.000000 0.000000 0.000000 0.000000 0.000000 0.000000 0.000000 0.000000 0.000000 0.000000 0.000000 0.000000 0.000000 0.000000 0.000000 0.000000 0.000000 0.000000 0.000000 0.000000 0.000000 0.000000 0.000000 0.000000 0.000000 0.000000 0.000000 0.000000 0.000000 0.000000 0.000000 0.000000 0.000000 0.000000 0.000000 0.000000 0.000000 0.000000 0.000000 0.000000 0.000000 0.000000 0.000000 0.000000 0.000000 0.000000 0.000000 0.000000 0.000000 0.000000 0.000000 0.000000 0.000000 0.000000 0.000000 0.000000 0.000000 0.000000 0.000000 0.000000 0.000000 0.000000 0.000000 0.000000 0.000000 0.000000 0.000000 0.000000 0.000000 0.000000 0.000000 0.000000 0.000000 0.000000 0.000000 0.000000 0.000000 0.000000 0.000000 0.000000 0.000000 0.000000 0.000000 0.000000 0.000000 0.000000 0.000000 0.000000 0.000000 0.000000 0.000000 0.000000 0.000000 0.423389 0.447498 0.455415 0.509715 0.556774 0.589719 0.630994 0.698142 0.769716 0.823503 0.841432 0.837175 0.824283 0.812020 0.801128 0.789112 0.773314 0.762964 0.758627 0.756277 0.749049 0.738563 0.725154 0.706709 0.691437 0.675053 0.742166 0.835048 0.949520 0.823219 0.904148 0.963034 1.017583 1.091439 0.712387 0.573555 0.452469 0.435442 0.465735 0.481346 0.538489 0.647723 0.723983 0.780242 0.817734 0.822455 0.830362 0.856424 0.856643 0.845951 1.138159 1.097059 1.021908 0.955544 0.909666 0.860871 0.825355 0.918687 0.852426 0.863769 0.806597 0.754460 0.681655 0.594392 0.452622 0.000000 0.000000 0.000000 0.000000 0.000000 0.579418 0.728294 0.835757 0.911076 0.971231 1.007239 1.005244 0.963122 0.950561 0.886810 0.798105 0.697151 0.637211 0.568451 0.498524 0.423732 0.000000 0.000000 0.000000 0.000000 0.468983 0.694338 0.798760 0.936082 1.040138 1.117044 1.166124 1.309880 1.351233 1.369145 1.379272 1.382928 1.284399 1.278870 1.094548 1.090880 0.740630 0.689792 0.638302 0.633843 0.620629 0.599032 0.572897 0.536331 0.465636 0.387745 0.328744 0.299755 0.279210 0.314253 0.358423 0.372256 0.403480 0.414267 0.432779 0.467462 0.503045 0.536448 0.577130 0.600943 0.624413 0.528201 0.424431 0.348724 0.299987 0.260324 0.223609 0.226048 0.235961 0.261803 0.323698 0.399444 0.518150 0.570116 0.640367 0.699488 0.728743 0.721473 0.737543 0.722314 0.708193 0.700439 0.663588 0.589379 0.520377 0.449434 0.397425 0.379776 0.362175 0.364354 0.292188 0.196448 0.122655 0.129336
0.000000 0.000000 0.000000 0.000000 0.000000 0.000000 0.000000 0.000000 0.000000 0.000000 0.000000 0.000000 0.000000 0.000000 0.000000 0.000000 0.000000 0.000000 0.000000 0.000000 0.000000 0.000000 0.000000 0.000000 0.000000 0.000000 0.000000 0.000000 0.000000 0.000000 0.000000 0.000000 0.000000 0.000000 0.000000 0.000000 0.000000 0.000000 0.000000 0.000000 0.000000 0.000000 0.000000 0.000000 0.000000 0.000000 0.000000 0.000000 0.000000 0.000000 0.000000 0.000000 0.000000 0.000000 0.000000 0.000000 0.000000 0.000000 0.000000 0.000000 0.000000 0.000000 0.000000 0.000000 0.000000 0.000000 0.000000 0.000000 0.000000 0.000000 0.000000 0.000000 0.000000 0.000000 0.000000 0.000000 0.000000 0.000000 0.000000 0.000000 0.000000 0.000000 0.000000 0.000000 0.000000 0.000000 0.000000 0.000000 0.000000 0.000000 0.000000 0.000000 0.000000 0.000000 0.000000 0.000000 0.000000 0.000000 0.000000 0.000000 0.000000 0.000000 0.000000 0.000000 0.000000 0.000000 0.000000 0.000000 0.000000 0.000000 0.000000 0.000000 0.000000 0.000000 0.401143 0.451232 0.488382 0.503392 0.508009 0.537237 0.606653 0.681061 0.736359 0.762189 0.770632 0.770323 0.764391 0.755853 0.746229 0.737627 0.731272 0.724098 0.710429 0.698320 0.694474 0.689404 0.681664 0.673621 0.661687 0.644091 0.628143 0.614308 0.595577 0.702325 0.833772 0.971005 0.874075 0.943147 1.005872 1.065847 1.117282 1.185278 0.800131 0.663968 0.507768 0.417025 0.413890 0.505220 0.630276 0.737266 0.829824 0.889588 0.928075 0.941193 0.923027 0.901279 0.884980 1.144690 1.093898 1.044115 1.022218 1.003072 0.971454 1.082469 1.010396 1.026456 0.951038 0.888472 0.814374 0.716796 0.619742 0.486591 0.000000 0.000000 0.000000 0.000000 0.000000 0.000000 0.498464 0.639751 0.764028 0.853695 0.905985 0.934403 0.971591 0.979356 0.955549 0.900541 0.829861 0.747384 0.669234 0.584569 0.493717 0.000000 0.000000 0.000000 0.000000 0.000000 0.555666 0.679546 0.781014 0.873665 0.948852 1.021953 1.088336 1.127595 1.202372 1.240879 1.229074 1.162980 1.170549 1.206937 1.068670 1.063802 1.075634 0.787238 0.772119 0.788084 0.760937 0.744893 0.705763 0.653069 0.594427 0.540332 0.491133 0.450158 0.434415 0.438576 0.425565 0.342028 0.303550 0.313172 0.361231 0.397755 0.428331 0.450591 0.486797 0.520414 0.556337 0.478827 0.415881 0.355550 0.269294 0.211204 0.178518 0.167516 0.186523 0.206337 0.210507 0.295296 0.308513 0.351475 0.393559 0.422085 0.450651 0.470099 0.470646 0.483197 0.501563 0.491761 0.428122 0.382115 0.371974 0.355546 0.353554 0.373021 0.305000 0.210033 0.166717 0.150893
0.000000 0.000000 0.000000 0.000000 0.000000 0.000000 0.000000 0.000000 0.000000 0.000000 0.000000 0.000000 0.000000 0.000000 0.000000 0.000000 0.000000 0.000000 0.000000 0.000000 0.000000 0.000000 0.000000 0.000000 0.000000 0.000000 0.000000 0.000000 0.000000 0.000000 0.000000 0.000000 0.000000 0.000000 0.000000 0.000000 0.000000 0.000000 0.000000 0.000000 0.000000 0.000000 0.000000 0.000000 0.000000 0.000000 0.000000 0.000000 0.000000 0.000000 0.000000 0.000000 0.000000 0.000000 0.000000 0.000000 0.000000 0.000000 0.000000 0.000000 0.000000 0.000000 0.000000 0.000000 0.000000 0.000000 0.000000 0.000000 0.000000 0.000000 0.000000 0.000000 0.000000 0.000000 0.000000 0.000000 0.000000 0.000000 0.000000 0.000000 0.000000 0.000000 0.000000 0.000000 0.000000 0.000000 0.000000 0.000000 0.000000 0.000000 0.000000 0.000000 0.000000 0.000000 0.000000 0.000000 0.000000 0.000000 0.000000 0.000000 0.000000 0.000000 0.000000 0.000000 0.000000 0.000000 0.000000 0.000000 0.000000 0.000000 0.000000 0.000000 0.000000 0.000000 0.000000 0.423663 0.460608 0.483354 0.511004 0.559731 0.613994 0.661072 0.695864 0.717080 0.721002 0.709753 0.694881 0.687168 0.696902 0.705580 0.711432 0.705585 0.683873 0.665785 0.663305 0.661501 0.656656 0.651965 0.644058 0.632620 0.619405 0.572192 0.560644 0.544447 0.699406 0.859515 0.995086 0.910744 1.009776 1.069862 1.108718 1.168714 1.241649 1.277651 0.863098 0.561611 0.420272 0.377813 0.483576 0.648409 0.789744 0.898568 0.958681 0.980487 0.948492 0.937380 0.891115 0.873337 1.149703 1.127518 1.118319 1.112045 1.085970 1.212166 1.151928 1.181376 1.095058 1.018811 0.940450 0.842401 0.741008 0.647808 0.511128 0.428059 0.000000 0.000000 0.000000 0.000000 0.000000 0.000000 0.000000 0.474248 0.615109 0.725452 0.802477 0.847654 0.866579 0.864949 0.851633 0.832235 0.781985 0.744879 0.681071 0.614353 0.546065 0.467450 0.000000 0.000000 0.000000 0.447603 0.538849 0.633398 0.741838 0.842450 0.935636 1.012151 1.046751 1.072771 1.106206 1.164974 1.213638 1.247564 1.225916 1.238086 1.186348 1.201318 1.090203 1.105889 1.116322 1.127953 1.144703 0.810334 0.754581 0.726539 0.724029 0.666396 0.619748 0.577589 0.500914 0.418714 0.333193 0.263765 0.237652 0.267402 0.334963 0.391825 0.435576 0.469572 0.509877 0.549217 0.575889 0.541878 0.411710 0.296880 0.207696 0.152812 0.173646 0.225549 0.264943 0.242074 0.241842 0.174226 0.203670 0.298445 0.382319 0.442115 0.454093 0.424925 0.394015 0.393816 0.329113 0.290413 0.301353 0.313210 0.330761 0.388278 0.348606 0.259041 0.187875 0.158817
0.000000 0.000000 0.000000 0.000000 0.000000 0.000000 0.000000 0.000000 0.000000 0.000000 0.000000 0.000000 0.000000 0.000000 0.000000 0.000000 0.000000 0.000000 0.000000 0.000000 0.000000 0.000000 0.000000 0.000000 0.000000 0.000000 0.000000 0.000000 0.000000 0.000000 0.000000 0.000000 0.000000 0.000000 0.000000 0.000000 0.000000 0.000000 0.000000 0.000000 0.000000 0.000000 0.000000 0.000000 0.000000 0.000000 0.000000 0.000000 0.000000 0.000000 0.000000 0.000000 0.000000 0.000000 0.000000 0.000000 0.000000 0.000000 0.000000 0.000000 0.000000 0.000000 0.000000 0.000000 0.000000 0.000000 0.000000 0.000000 0.000000 0.000000 0.000000 0.000000 0.000000 0.000000 0.000000 0.000000 0.000000 0.000000 0.000000 0.000000 0.000000 0.000000 0.000000 0.000000 0.000000 0.000000 0.000000 0.000000 0.000000 0.000000 0.000000 0.000000 0.000000 0.000000 0.000000 0.000000 0.000000 0.000000 0.000000 0.000000 0.000000 0.000000 0.000000 0.000000 0.000000 0.000000 0.000000 0.000000 0.000000 0.000000 0.000000 0.000000 0.000000 0.000000 0.000000 0.000000 0.000000 0.000000 0.438564 0.478178 0.585608 0.651015 0.695344 0.721726 0.727491 0.718510 0.703318 0.694146 0.693214 0.695298 0.692434 0.679095 0.661179 0.658102 0.669963 0.671914 0.663616 0.657378 0.652055 0.645030 0.635222 0.622010 0.608414 0.594923 0.584506 0.713798 0.843563 0.963202 1.192744 1.198822 1.306051 1.362714 1.404503 1.452479 1.459877 1.015714 0.768138 0.560294 0.426020 0.463252 0.611044 0.763063 0.865210 0.924136 0.935707 0.931423 0.914429 0.871082 0.861699 1.159170 1.138239 1.115435 1.096428 1.086396 1.073066 1.284616 1.218741 1.158773 1.090049 0.997447 0.888511 0.720025 0.688986 0.690733 0.721447 0.739547 0.754548 0.768954 0.783684 0.783104 0.771079 0.757292 0.738645 0.712469 0.716732 0.736841 0.747615 0.749771 0.747809 0.731975 0.716887 0.700734 0.679708 0.644486 0.607011 0.559992 0.506644 0.449191 0.000000 0.000000 0.000000 0.495063 0.617505 0.737536 0.844052 0.928668 0.986268 1.013487 1.019689 1.021305 1.018668 1.038657 1.073167 1.114692 1.162224 1.243733 1.290314 1.210942 1.255073 1.297413 1.345111 1.389213 0.893227 0.868450 0.846750 0.844828 0.781246 0.711107 0.628868 0.532045 0.441213 0.371813 0.344965 0.364116 0.452017 0.483373 0.490240 0.506080 0.519543 0.512775 0.531480 0.552684 0.551092 0.415274 0.315620 0.246325 0.204902 0.208111 0.249861 0.296259 0.309619 0.245252 0.189936 0.206225 0.270899 0.344105 0.405760 0.437912 0.437376 0.402286 0.359235 0.276131 0.259548 0.260057 0.271264 0.315335 0.285454 0.230452 0.169483 0.132546
0.000000 0.000000 0.000000 0.000000 0.000000 0.000000 0.000000 0.000000 0.000000 0.000000 0.000000 0.000000 0.000000 0.000000 0.000000 0.000000 0.000000 0.000000 0.000000 0.000000 0.000000 0.000000 0.000000 0.000000 0.000000 0.000000 0.000000 0.000000 0.000000 0.000000 0.000000 0.000000 0.000000 0.000000 0.000000 0.000000 0.000000 0.000000 0.000000 0.000000 0.000000 0.000000 0.000000 0.000000 0.000000 0.000000 0.000000 0.000000 0.000000 0.000000 0.000000 0.000000 0.000000 0.000000 0.000000 0.000000 0.000000 0.000000 0.000000 0.000000 0.000000 0.000000 0.000000 0.000000 0.000000 0.000000 0.000000 0.000000 0.000000 0.000000 0.000000 0.000000 0.000000 0.000000 0.000000 0.000000 0.000000 0.000000 0.000000 0.000000 0.000000 0.000000 0.000000 0.000000 0.000000 0.000000 0.000000 0.000000 0.000000 0.000000 0.000000 0.000000 0.000000 0.000000 0.000000 0.000000 0.415964 0.429761 0.433281 0.436494 0.443822 0.422354 0.000000 0.000000 0.000000 0.000000 0.000000 0.429433 0.488080 0.509397 0.533072 0.535905 0.523256 0.524886 0.522869 0.521798 0.532644 0.556860 0.585378 0.611414 0.619517 0.647536 0.643588 0.636611 0.630859 0.625236 0.617228 0.607457 0.608840 0.639744 0.653484 0.644035 0.633256 0.638219 0.646558 0.640897 0.625730 0.612127 0.601291 0.588652 0.576524 0.562553 0.547003 0.538235 0.531104 0.521147 0.644617 0.862015 0.988384 1.258220 1.461880 1.493106 1.606982 1.708878 1.517397 1.456084 0.997428 0.805956 0.540508 0.316745 0.344351 0.532472 0.729844 0.869413 0.926189 0.946716 0.928188 0.895774 0.841132 0.822423 0.800679 1.090000 1.077770 1.091923 1.103933 1.260649 1.225847 1.169893 1.100377 1.018210 0.935745 0.701267 0.707038 0.767916 0.817944 0.987694 0.978609 1.038397 1.103110 1.072986 0.933295 0.914066 0.890136 0.944439 0.900646 0.838859 0.737356 0.711566 0.667587 0.679126 0.597668 0.536631 0.541822 0.541999 0.535241 0.524478 0.516930 0.505073 0.490183 0.473771 0.457200 0.436398 0.489013 0.620747 0.744927 0.847436 0.933836 1.013791 1.055633 1.057273 1.010959 0.929211 0.905421 0.926145 0.985003 1.068615 1.135210 1.209929 1.277441 1.259289 1.134742 1.166719 1.187252 1.187768 1.190297 0.837094 0.819447 0.799362 0.763564 0.718048 0.627643 0.534093 0.476929 0.441469 0.436349 0.453363 0.461897 0.460350 0.461102 0.472780 0.497738 0.534803 0.567929 0.588520 0.511624 0.443421 0.381813 0.341780 0.322232 0.335041 0.365776 0.376642 0.339552 0.282744 0.259813 0.190364 0.203185 0.275530 0.350578 0.383984 0.378950 0.334107 0.270938 0.233414 0.231184 0.272026 0.235318 0.187176 0.157515 0.111462
0.000000 0.000000 0.000000 0.000000 0.000000 0.000000 0.000000 0.000000 0.000000 0.000000 0.000000 0.000000 0.000000 0.000000 0.000000 0.000000 0.000000 0.000000 0.000000 0.000000 0.000000 0.000000 0.000000 0.000000 0.000000 0.000000 0.000000 0.000000 0.000000 0.000000 0.000000 0.000000 0.000000 0.000000 0.000000 0.000000 0.000000 0.000000 0.000000 0.000000 0.000000 0.000000 0.000000 0.000000 0.000000 0.000000 0.000000 0.000000 0.000000 0.000000 0.000000 0.000000 0.000000 0.000000 0.000000 0.000000 0.000000 0.000000 0.000000 0.000000 0.000000 0.000000 0.000000 0.000000 0.000000 0.000000 0.000000 0.000000 0.000000 0.000000 0.000000 0.000000 0.000000 0.000000 0.000000 0.000000 0.000000 0.000000 0.000000 0.000000 0.000000 0.000000 0.000000 0.000000 0.000000 0.000000 0.000000 0.000000 0.000000 0.000000 0.000000 0.000000 0.000000 0.000000 0.000000 0.000000 0.000000 0.004000 0.000000 0.429546 0.466068 0.483307 0.464976 0.433459 0.458271 0.523608 0.576370 0.618373 0.655153 0.678559 0.692820 0.696806 0.698977 0.710758 0.721219 0.719089 0.714675 0.714913 0.708704 0.699926 0.689025 0.672178 0.654731 0.634459 0.620110 0.598102 0.560014 0.507527 0.458321 0.553034 0.573869 0.577310 0.586558 0.603881 0.606486 0.595864 0.578154 0.501121 0.493269 0.481983 0.467788 0.454580 0.434602 0.414322 0.392849 0.000000 0.000000 0.517232 0.738139 0.948609 1.199467 1.430596 1.477412 1.585654 1.666606 1.702926 1.415803 1.321482 0.834512 0.585311 0.344171 0.321274 0.517400 0.763186 0.917782 0.979648 0.979545 0.950295 0.898427 0.845110 0.797957 0.775517 0.807806 0.807721 1.134948 1.145742 1.132958 1.066848 1.004773 0.976079 0.959071 0.943847 0.900014 0.879596 1.081722 1.098017 1.087122 1.053231 1.011403 1.069482 1.037899 0.935004 0.915623 0.895546 0.938984 0.829898 0.819690 0.640212 0.663255 0.604497 0.185033 0.209107 0.637411 0.634207 0.623192 0.604418 0.574636 0.553087 0.553412 0.565548 0.576323 0.612698 0.636124 0.648124 0.823495 0.916505 1.019472 1.102795 1.141488 1.147838 1.223767 1.155300 1.078482 1.025552 1.009035 1.027087 0.967386 1.016519 0.951798 1.008621 1.072104 1.101691 1.131981 1.158495 1.164877 1.180434 1.189965 1.194683 1.189173 0.836728 0.793720 0.729120 0.651101 0.575731 0.499411 0.429030 0.385930 0.364373 0.357781 0.378417 0.413518 0.449012 0.496892 0.542908 0.593109 0.623624 0.539166 0.468461 0.425347 0.410599 0.418465 0.447793 0.421300 0.388729 0.376114 0.344389 0.230167 0.169941 0.227584 0.307133 0.360117 0.369211 0.313205 0.253145 0.239067 0.276198 0.197207 0.158300 0.151825 0.103369
0.000000 0.000000 0.000000 0.000000 0.000000 0.000000 0.000000 0.000000 0.000000 0.000000 0.000000 0.000000 0.000000 0.000000 0.000000 0.000000 0.000000 0.000000 0.000000 0.000000 0.000000 0.000000 0.000000 0.000000 0.000000 0.000000 0.000000 0.000000 0.000000 0.000000 0.000000 0.000000 0.000000 0.000000 0.000000 0.000000 0.000000 0.000000 0.000000 0.000000 0.000000 0.000000 0.000000 0.000000 0.000000 0.000000 0.000000 0.000000 0.000000 0.000000 0.000000 0.000000 0.000000 0.000000 0.000000 0.000000 0.000000 0.000000 0.000000 0.000000 0.000000 0.000000 0.000000 0.000000 0.000000 0.000000 0.000000 0.000000 0.000000 0.000000 0.000000 0.000000 0.000000 0.000000 0.000000 0.000000 0.000000 0.000000 0.000000 0.000000 0.000000 0.000000 0.000000 0.000000 0.000000 0.000000 0.000000 0.000000 0.000000 0.000000 0.000000 0.000000 0.000000 0.000000 0.000000 0.000000 0.000000 0.000000 0.000000 0.000000 0.000000 0.458138 0.489251 0.508882 0.564492 0.629235 0.664362 0.677954 0.695193 0.714320 0.737226 0.749114 0.752779 0.749297 0.734448 0.710572 0.697033 0.693755 0.688330 0.674731 0.659470 0.639227 0.619539 0.598687 0.571585 0.533419 0.479887 0.422881 0.000000 0.000000 0.000000 0.000000 0.000000 0.419757 0.435468 0.439647 0.439689 0.436058 0.429638 0.422319 0.415266 0.405448 0.000000 0.000000 0.000000 0.000000 0.000000 0.000000 0.000000 0.613409 0.871080 1.150541 1.404710 1.487483 1.632026 1.690112 1.695482 1.391570 1.320669 1.290840 0.820829 0.615559 0.465982 0.582614 0.796563 0.961812 1.020231 1.015774 0.972175 0.773765 0.775752 0.772036 0.781284 0.762524 0.775594 0.813758 1.167402 1.162835 1.143632 1.136172 1.132159 1.120010 1.101765 1.247443 1.149570 1.133688 1.115578 1.082724 1.033510 0.990020 0.965530 1.027669 0.915958 0.732122 0.766526 0.805161 0.498703 0.430388 0.411513 0.433399 0.460746 0.446452 0.449127 0.451059 0.836352 0.813626 0.779879 0.771039 0.780488 0.805117 0.856431 0.877934 0.890441 0.886676 0.881966 0.927060 0.973643 1.025720 1.062714 1.088540 1.095394 1.072089 1.283014 1.202014 1.124543 0.971201 0.944302 0.941316 0.959893 0.891751 1.110706 1.032686 1.073665 1.111316 1.140347 1.163588 1.169258 1.180047 1.185224 1.193143 1.191486 1.195404 1.131669 1.085884 0.609704 0.535380 0.480366 0.439703 0.421534 0.413606 0.427795 0.443976 0.456744 0.465108 0.477918 0.507865 0.546927 0.468301 0.435546 0.439094 0.450650 0.470362 0.453749 0.414456 0.367702 0.338024 0.306289 0.230935 0.213822 0.244139 0.296615 0.336117 0.343612 0.292654 0.304135 0.282228 0.203247 0.155961 0.174178 0.153520
0.000000 0.000000 0.000000 0.000000 0.000000 0.000000 0.000000 0.000000 0.000000 0.000000 0.000000 0.000000 0.000000 0.000000 0.000000 0.000000 0.000000 0.000000 0.000000 0.000000 0.000000 0.000000 0.000000 0.000000 0.000000 0.000000 0.000000 0.000000 0.000000 0.000000 0.000000 0.000000 0.000000 0.000000 0.000000 0.000000 0.000000 0.000000 0.000000 0.000000 0.000000 0.000000 0.000000 0.000000 0.000000 0.000000 0.000000 0.000000 0.000000 0.000000 0.000000 0.000000 0.000000 0.000000 0.000000 0.000000 0.000000 0.000000 0.000000 0.000000 0.000000 0.000000 0.000000 0.000000 0.000000 0.000000 0.000000 0.000000 0.000000 0.000000 0.000000 0.000000 0.000000 0.000000 0.000000 0.000000 0.000000 0.000000 0.000000 0.000000 0.000000 0.000000 0.000000 0.000000 0.000000 0.000000 0.000000 0.000000 0.000000 0.000000 0.000000 0.000000 0.000000 0.000000 0.000000 0.000000 0.000000 0.000000 0.000000 0.000000 0.000000 0.000000 0.000000 0.000000 0.000000 0.408202 0.000000 0.000000 0.455349 0.517169 0.555520 0.580876 0.607822 0.624435 0.624221 0.609441 0.604556 0.610920 0.611005 0.598918 0.588952 0.577530 0.560905 0.539267 0.500067 0.448172 0.000000 0.000000 0.000000 0.000000 0.000000 0.000000 0.000000 0.000000 0.000000 0.000000 0.000000 0.000000 0.000000 0.000000 0.000000 0.000000 0.000000 0.000000 0.000000 0.000000 0.000000 0.000000 0.000000 0.521993 0.608547 0.872793 1.133157 1.320591 1.508878 1.645111 1.707678 1.710546 1.406162 1.374426 1.353007 1.344237 0.893971 0.601996 0.515630 0.703861 0.910301 1.050426 1.050993 0.980634 0.835903 0.749105 0.742207 0.746623 0.745392 0.784736 0.858413 0.922944 1.263383 1.245272 1.216409 1.185784 1.171867 1.166670 1.318295 1.238898 1.175162 1.108916 1.058677 1.007419 0.786534 0.752991 0.877690 0.766193 0.871276 0.893382 0.587527 0.568961 0.595532 0.655288 0.666496 0.655057 0.993057 0.983960 0.970402 0.947255 0.923713 0.915700 0.896013 0.917120 0.930644 0.920720 0.887244 0.863333 0.857054 0.466342 0.476236 0.518977 0.561507 0.632528 0.709194 0.762965 1.051453 1.183806 1.110397 1.027289 1.033054 0.972661 0.972329 0.991666 1.033365 1.043597 1.132785 1.215188 1.099119 1.124994 1.152205 1.168097 1.165784 1.183810 1.193433 1.209109 1.145844 1.118238 1.101249 0.657172 0.595025 0.548294 0.504188 0.466881 0.472696 0.494974 0.526665 0.514523 0.462362 0.430786 0.439100 0.482683 0.437060 0.441622 0.465492 0.501899 0.499543 0.447975 0.393701 0.357216 0.332699 0.313186 0.301522 0.313567 0.294540 0.298074 0.293150 0.281089 0.294619 0.286953 0.223561 0.190073 0.197208 0.222256
0.000000 0.000000 0.000000 0.000000 0.000000 0.000000 0.000000 0.000000 0.000000 0.000000 0.000000 0.000000 0.000000 0.000000 0.000000 0.000000 0.000000 0.000000 0.000000 0.000000 0.000000 0.000000 0.000000 0.000000 0.000000 0.000000 0.000000 0.000000 0.000000 0.000000 0.000000 0.000000 0.000000 0.000000 0.000000 0.000000 0.000000 0.000000 0.000000 0.000000 0.000000 0.000000 0.000000 0.000000 0.000000 0.000000 0.000000 0.000000 0.000000 0.000000 0.000000 0.000000 0.000000 0.000000 0.000000 0.000000 0.000000 0.000000 0.000000 0.000000 0.000000 0.000000 0.000000 0.000000 0.000000 0.000000 0.000000 0.000000 0.000000 0.000000 0.000000 0.000000 0.000000 0.000000 0.000000 0.000000 0.000000 0.000000 0.000000 0.000000 0.000000 0.000000 0.000000 0.000000 0.000000 0.000000 0.000000 0.000000 0.000000 0.000000 0.000000 0.000000 0.000000 0.000000 0.000000 0.000000 0.000000 0.000000 0.000000 0.000000 0.000000 0.000000 0.000000 0.000000 0.000000 0.000000 0.000000 0.000000 0.414113 0.476492 0.514549 0.539105 0.561189 0.572828 0.572419 0.691405 0.683515 0.560707 0.556965 0.551044 0.550650 0.546469 0.529793 0.501317 0.459487 0.420409 0.000000 0.000000 0.000000 0.000000 0.000000 0.000000 0.000000 0.000000 0.000000 0.000000 0.000000 0.000000 0.000000 0.000000 0.000000 0.000000 0.000000 0.000000 0.000000 0.000000 0.000000 0.000000 0.448447 0.456668 0.526321 0.807084 0.895585 1.118741 1.357555 1.448597 1.633611 1.744357 1.714432 1.659981 1.677235 1.409417 1.344948 1.325247 0.785435 0.510431 0.567082 0.756882 0.910408 0.967383 0.892539 0.762750 0.688546 0.698593 0.728600 0.791374 0.863674 0.960170 1.039417 1.078084 1.318462 1.258697 1.231154 1.214491 1.186568 1.150196 1.115291 1.216715 1.155883 1.076842 0.991038 0.919189 0.943456 0.821366 0.656899 0.644231 0.648874 0.346138 0.387736 0.786730 0.833454 0.878791 0.932403 0.961528 0.944346 0.910799 0.858218 0.374913 0.908434 0.937837 0.915359 0.883205 0.851254 0.809398 0.776416 0.196977 0.149744 0.267656 0.361910 0.440279 0.522721 0.614055 0.649393 0.952105 1.110345 1.070971 1.019590 0.955380 0.895700 0.934581 0.893227 1.013096 1.089049 1.177101 1.276656 1.263027 1.142646 1.144732 1.135261 1.138075 1.149355 1.180995 1.176239 1.154393 1.138049 1.140530 1.112896 0.685085 0.651286 0.600194 0.541996 0.533350 0.565491 0.588688 0.600792 0.558971 0.521186 0.519658 0.509923 0.485221 0.490897 0.525835 0.539034 0.484282 0.439507 0.408024 0.392248 0.391581 0.404548 0.431518 0.443454 0.385644 0.332228 0.286743 0.251185 0.209639 0.177591 0.184041 0.227283 0.276994
0.000000 0.000000 0.000000 0.000000 0.000000 0.000000 0.000000 0.000000 0.000000 0.000000 0.000000 0.000000 0.000000 0.000000 0.000000 0.000000 0.000000 0.000000 0.000000 0.000000 0.000000 0.000000 0.000000 0.000000 0.000000 0.000000 0.000000 0.000000 0.000000 0.000000 0.000000 0.000000 0.000000 0.000000 0.000000 0.000000 0.000000 0.000000 0.000000 0.000000 0.000000 0.000000 0.000000 0.000000 0.000000 0.000000 0.000000 0.000000 0.000000 0.000000 0.000000 0.000000 0.000000 0.000000 0.000000 0.000000 0.000000 0.000000 0.000000 0.000000 0.000000 0.000000 0.000000 0.000000 0.000000 0.000000 0.000000 0.000000 0.000000 0.000000 0.000000 0.000000 0.000000 0.000000 0.000000 0.000000 0.000000 0.000000 0.000000 0.000000 0.000000 0.000000 0.000000 0.000000 0.000000 0.000000 0.000000 0.000000 0.000000 0.000000 0.000000 0.000000 0.000000 0.000000 0.000000 0.000000 0.000000 0.000000 0.000000 0.000000 0.000000 0.000000 0.000000 0.000000 0.000000 0.000000 0.000000 0.000000 0.000000 0.000000 0.412954 0.444686 0.466124 0.471549 0.480238 0.495350 0.502612 0.497411 0.490385 0.491746 0.496138 0.494826 0.487847 0.468427 0.443221 0.418824 0.000000 0.403351 0.000000 0.000000 0.000000 0.000000 0.000000 0.000000 0.000000 0.000000 0.000000 0.000000 0.000000 0.000000 0.458640 0.555047 0.619923 0.665936 0.695607 0.714328 0.713851 0.698169 0.684826 0.669134 0.688451 0.753172 0.748300 0.917204 0.978506 1.191406 1.450939 1.678137 1.784823 1.780226 1.756385 1.493728 1.430589 1.355469 1.365103 0.968780 0.648043 0.549629 0.724806 0.894997 0.946604 0.876583 0.736685 0.649875 0.660483 0.735949 0.811839 0.905006 1.005218 1.064495 1.103791 1.099802 1.058494 1.282324 1.262821 1.231729 1.334164 1.275474 1.181178 1.171939 1.074307 0.988657 0.911419 0.846301 0.795085 0.715808 0.739469 0.607527 0.629613 0.653999 0.384803 0.852172 0.883502 0.910955 0.772671 0.790875 0.822246 0.822558 0.808925 0.786846 0.757371 0.743634 0.739361 0.735497 0.721378 0.706712 0.683538 0.219283 0.250726 0.291679 0.358243 0.419733 0.498948 0.866808 0.895623 1.069193 1.052485 1.020894 1.063251 0.995672 0.948787 0.867094 0.987712 0.986388 1.072545 1.156888 1.222185 0.887248 0.841738 0.814004 0.784397 0.780748 0.795083 1.135736 1.179792 1.189653 1.154247 1.169982 1.183980 1.148019 0.685267 0.614949 0.618591 0.636560 0.655769 0.641096 0.608468 0.600932 0.628407 0.610068 0.590514 0.598843 0.605780 0.538800 0.485385 0.443246 0.433399 0.453521 0.483768 0.506514 0.539975 0.511516 0.473484 0.384268 0.324901 0.265605 0.258943 0.286733 0.309979 0.329685
0.000000 0.000000 0.000000 0.000000 0.000000 0.000000 0.000000 0.000000 0.000000 0.000000 0.000000 0.000000 0.000000 0.000000 0.000000 0.000000 0.000000 0.000000 0.000000 0.000000 0.000000 0.000000 0.000000 0.000000 0.000000 0.000000 0.000000 0.000000 0.000000 0.000000 0.000000 0.000000 0.000000 0.000000 0.000000 0.000000 0.000000 0.000000 0.000000 0.000000 0.000000 0.000000 0.000000 0.000000 0.000000 0.000000 0.000000 0.000000 0.000000 0.000000 0.000000 0.000000 0.000000 0.000000 0.000000 0.000000 0.000000 0.000000 0.000000 0.000000 0.000000 0.000000 0.000000 0.000000 0.000000 0.000000 0.000000 0.000000 0.000000 0.000000 0.000000 0.000000 0.000000 0.000000 0.000000 0.000000 0.000000 0.000000 0.000000 0.000000 0.000000 0.000000 0.000000 0.000000 0.000000 0.000000 0.000000 0.000000 0.000000 0.000000 0.000000 0.000000 0.000000 0.000000 0.000000 0.000000 0.000000 0.000000 0.000000 0.000000 0.000000 0.000000 0.000000 0.000000 0.000000 0.000000 0.000000 0.000000 0.000000 0.000000 0.000000 0.000000 0.000000 0.000000 0.000000 0.000000 0.000000 0.000000 0.000000 0.000000 0.000000 0.000000 0.406065 0.405881 0.000000 0.000000 0.000000 0.000000 0.000000 0.000000 0.000000 0.000000 0.000000 0.347796 0.498389 0.414382 0.496132 0.545852 0.592656 0.623024 0.683221 0.745995 0.769111 0.768625 0.770857 0.800049 0.808203 0.794513 0.782978 0.719802 0.737368 0.756467 0.765021 0.797310 0.826586 0.965895 1.194651 1.474989 1.709075 1.831108 1.836907 1.741474 1.449410 1.409253 1.371797 1.384994 1.414833 0.810501 0.708840 0.771752 0.838718 0.828627 0.742605 0.628699 0.581106 0.602930 0.678538 0.773034 0.873648 0.967087 1.038259 1.104812 1.126799 1.131188 1.309613 1.425138 1.364558 1.263295 1.109885 0.999838 0.920179 0.866358 0.834628 0.803689 0.784080 0.758329 0.591457 0.723858 0.727167 0.735796 0.747354 0.613526 0.641759 0.845512 0.890194 0.734424 0.744497 0.304727 0.241336 0.186665 0.157397 0.187762 0.350188 0.430172 0.772001 0.764891 0.748040 0.718635 0.696227 0.689286 0.692969 0.692341 0.712585 0.921177 0.963838 1.001279 1.113266 1.124840 1.103849 1.054716 0.934487 0.881603 0.736918 0.924294 0.990021 1.063314 1.131067 1.191037 1.065304 0.806557 0.794065 0.783301 0.761403 0.734338 1.108111 1.137906 1.169905 1.215441 1.227194 1.212143 1.190855 1.152439 1.115301 1.093259 1.090462 1.084194 0.713152 0.689857 1.046348 1.062614 0.722968 0.694522 0.698635 0.653634 0.575858 0.531143 0.532489 0.565467 0.605533 0.627991 0.628876 0.572740 0.552819 0.488053 0.446175 0.406219 0.439939 0.438539 0.389249 0.395536
0.000000 0.000000 0.000000 0.000000 0.000000 0.000000 0.000000 0.000000 0.000000 0.000000 0.000000 0.000000 0.000000 0.000000 0.000000 0.000000 0.000000 0.000000 0.000000 0.000000 0.000000 0.000000 0.000000 0.000000 0.000000 0.000000 0.000000 0.000000 0.000000 0.000000 0.000000 0.000000 0.000000 0.000000 0.000000 0.000000 0.000000 0.000000 0.000000 0.000000 0.000000 0.000000 0.000000 0.000000 0.000000 0.000000 0.000000 0.000000 0.000000 0.000000 0.000000 0.000000 0.000000 0.000000 0.000000 0.000000 0.000000 0.000000 0.000000 0.000000 0.000000 0.000000 0.000000 0.000000 0.000000 0.000000 0.000000 0.000000 0.000000 0.000000 0.000000 0.000000 0.000000 0.000000 0.000000 0.000000 0.000000 0.000000 0.000000 0.000000 0.000000 0.000000 0.000000 0.000000 0.000000 0.000000 0.000000 0.000000 0.000000 0.000000 0.000000 0.000000 0.000000 0.000000 0.000000 0.000000 0.000000 0.000000 0.000000 0.000000 0.000000 0.000000 0.000000 0.000000 0.000000 0.000000 0.000000 0.000000 0.000000 0.000000 0.000000 0.000000 0.000000 0.000000 0.000000 0.000000 0.000000 0.000000 0.000000 0.000000 0.000000 0.000000 0.000000 0.000000 0.000000 0.000000 0.000000 0.000000 0.000000 0.000000 0.000000 0.000000 0.434918 0.444234 0.448731 0.582724 0.650897 0.680550 0.779981 0.755328 0.781943 0.792470 0.773023 0.769197 0.778229 0.786931 0.783671 0.757120 0.739703 0.735277 0.740244 0.741378 0.739364 0.730403 0.722226 0.728053 0.895864 1.161643 1.431170 1.678173 1.854518 1.892514 1.789670 1.474403 1.365362 1.341396 1.348900 1.393902 0.869561 0.631012 0.632726 0.678587 0.686367 0.645346 0.595152 0.556343 0.557956 0.643914 0.735003 0.859524 0.994285 1.109099 1.159779 1.152724 1.352559 1.290365 1.367995 1.182776 0.844533 0.776709 0.761260 0.764292 0.780878 0.967946 0.971685 0.976475 0.967296 0.943162 0.979010 0.846535 0.819632 0.815431 0.837998 0.712745 0.906986 0.937461 0.950801 0.943214 0.745137 0.343288 0.237783 0.166521 0.321379 0.409631 0.459638 0.464478 0.463699 0.775624 0.773068 0.758561 0.718269 0.689620 0.807314 0.807323 0.836578 0.883625 0.936026 1.054076 0.997592 0.985821 0.956818 0.797879 0.907831 0.913718 0.932702 0.978041 1.030939 1.097319 1.154113 1.031300 1.051416 1.072029 1.084299 1.040461 0.667991 0.680008 1.105191 1.155213 1.178224 1.217835 1.264885 1.257845 1.243972 1.223869 1.201413 1.187146 1.154272 1.137528 1.141582 1.127262 1.124903 1.119898 0.754754 0.703754 0.653342 0.599967 0.561858 0.586693 0.635644 0.705098 0.762908 0.740303 0.704288 0.699034 0.662344 0.619970 0.623741 0.536209 0.444363 0.405240
0.000000 0.000000 0.000000 0.000000 0.000000 0.000000 0.000000 0.000000 0.000000 0.000000 0.000000 0.000000 0.000000 0.000000 0.000000 0.000000 0.000000 0.000000 0.000000 0.000000 0.000000 0.000000 0.000000 0.000000 0.000000 0.000000 0.000000 0.000000 0.000000 0.000000 0.000000 0.000000 0.000000 0.000000 0.000000 0.000000 0.000000 0.000000 0.000000 0.000000 0.000000 0.000000 0.000000 0.000000 0.000000 0.000000 0.000000 0.000000 0.000000 0.000000 0.000000 0.000000 0.000000 0.000000 0.000000 0.000000 0.000000 0.000000 0.000000 0.000000 0.000000 0.000000 0.000000 0.000000 0.000000 0.000000 0.000000 0.000000 0.000000 0.000000 0.000000 0.000000 0.000000 0.000000 0.000000 0.000000 0.000000 0.000000 0.000000 0.000000 0.000000 0.000000 0.000000 0.000000 0.000000 0.000000 0.000000 0.000000 0.000000 0.000000 0.000000 0.000000 0.000000 0.000000 0.000000 0.000000 0.000000 0.000000 0.000000 0.000000 0.000000 0.000000 0.000000 0.000000 0.000000 0.000000 0.000000 0.000000 0.000000 0.000000 0.000000 0.000000 0.000000 0.000000 0.000000 0.215639 0.329754 0.000000 0.000000 0.000000 0.000000 0.000000 0.000000 0.000000 0.000000 0.000000 0.000000 0.000000 0.000000 0.000000 0.597591 0.512439 0.564369 0.601801 0.557519 0.631569 0.793966 0.901642 0.642836 0.630933 0.633156 0.661361 0.688789 0.696250 0.723661 0.765356 0.784591 0.771183 0.717270 0.671641 0.642278 0.795891 0.750837 0.700465 0.714772 0.761649 0.855215 0.890257 1.087728 1.353193 1.617414 1.821135 1.929422 1.739764 1.609302 1.415013 1.308753 1.283365 1.344683 0.936861 0.746399 0.670721 0.718100 0.720287 0.691899 0.684219 0.658424 0.682540 0.744200 0.830702 0.914531 1.046992 1.143905 1.178669 1.112039 1.258920 1.132841 0.976439 0.898311 0.902935 0.941458 0.983406 1.028222 1.045463 1.199537 1.170602 1.152441 1.103989 1.005561 0.996363 0.947901 0.872498 0.912834 0.947420 0.963038 0.956948 0.937705 0.922000 0.914442 0.885727 0.845162 0.645206 0.691915 0.452014 0.552152 0.633437 0.947619 0.944500 1.041782 0.965328 0.768764 0.814837 0.808260 0.800109 0.579939 0.600345 0.663927 0.745302 0.955438 1.057312 1.070097 1.048479 1.012511 0.782540 0.896762 1.000305 1.051660 1.110305 1.069044 1.119848 1.175828 1.305567 1.221473 0.732202 0.709157 0.698993 1.035076 1.056833 1.091442 1.119240 1.198772 1.277194 1.338503 1.349274 1.346033 1.319748 1.285480 1.224219 1.206331 1.229848 1.443229 1.454276 1.220835 1.178408 1.125026 0.698082 0.575541 0.509403 0.544180 0.608021 0.687548 0.762428 0.744181 0.768579 0.801951 0.817877 0.794411 0.638027 0.478514 0.400874
0.000000 0.000000 0.000000 0.000000 0.000000 0.000000 0.000000 0.000000 0.000000 0.000000 0.000000 0.000000 0.000000 0.000000 0.000000 0.000000 0.000000 0.000000 0.000000 0.000000 0.000000 0.000000 0.000000 0.000000 0.000000 0.000000 0.000000 0.000000 0.000000 0.000000 0.000000 0.000000 0.000000 0.000000 0.000000 0.000000 0.000000 0.000000 0.000000 0.000000 0.000000 0.000000 0.000000 0.000000 0.000000 0.000000 0.000000 0.000000 0.000000 0.000000 0.000000 0.000000 0.000000 0.000000 0.000000 0.000000 0.000000 0.000000 0.000000 0.000000 0.000000 0.000000 0.000000 0.000000 0.000000 0.000000 0.000000 0.000000 0.000000 0.000000 0.000000 0.000000 0.000000 0.000000 0.000000 0.000000 0.000000 0.000000 0.000000 0.000000 0.000000 0.000000 0.000000 0.000000 0.000000 0.000000 0.000000 0.000000 0.000000 0.000000 0.000000 0.000000 0.000000 0.000000 0.000000 0.000000 0.000000 0.000000 0.000000 0.000000 0.000000 0.000000 0.000000 0.000000 0.000000 0.000000 0.000000 0.000000 0.000000 0.000000 0.000000 0.000000 0.000000 0.000000 0.000000 0.000000 0.000000 0.000000 0.000000 0.000000 0.000000 0.000000 0.000000 0.449651 0.521197 0.551994 0.581046 0.569021 0.568583 0.556632 0.568418 0.579866 0.606867 0.582548 0.717856 0.806176 0.773407 0.747369 0.760556 0.644669 0.881929 0.829633 1.100128 1.103980 1.190062 1.214999 1.191241 1.139824 1.059031 0.994309 0.948926 0.906442 0.870953 0.820536 0.774779 0.758319 0.759190 0.766628 0.761526 0.897498 1.200932 1.528700 1.790287 1.758242 1.809088 1.734624 1.630148 1.481977 1.387166 1.375317 1.428375 0.971897 0.932358 0.914872 0.857136 0.790524 0.736188 0.740255 0.780094 0.845639 0.913850 0.983699 1.048536 1.051936 0.981854 0.878991 0.793598 1.004529 0.902318 0.893914 0.941460 0.982577 0.974638 0.926981 0.928073 0.932960 1.117249 1.080939 0.805609 0.870646 0.822128 0.847274 0.924580 0.922137 0.881332 0.795309 0.786123 0.850417 0.738364 0.957081 1.064744 0.984713 0.780955 0.848185 0.978657 1.231377 1.368522 1.263065 1.209001 1.194135 1.109347 1.002168 0.913625 0.822071 0.719139 0.692265 0.571848 0.795882 0.862121 0.999105 1.044328 1.064009 1.061741 1.036157 1.011324 1.011465 1.028611 1.063866 1.101392 1.138844 1.189612 1.233267 1.275167 1.029680 1.027012 1.031560 1.025731 1.012323 1.013097 1.024363 1.096011 1.195674 1.302799 1.386976 1.456945 1.464473 1.456421 1.411731 1.330483 1.315826 1.321260 1.314846 1.295972 1.284640 1.485782 1.210983 1.130760 0.692798 0.578882 0.521383 0.522036 0.595765 0.608909 0.622073 0.686344 0.752921 0.766776 0.638542 0.471738 0.373353
0.000000 0.000000 0.000000 0.000000 0.000000 0.000000 0.000000 0.000000 0.000000 0.000000 0.000000 0.000000 0.000000 0.000000 0.000000 0.000000 0.000000 0.000000 0.000000 0.000000 0.000000 0.000000 0.000000 0.000000 0.000000 0.000000 0.000000 0.000000 0.000000 0.000000 0.000000 0.000000 0.000000 0.000000 0.000000 0.000000 0.000000 0.000000 0.000000 0.000000 0.000000 0.000000 0.000000 0.000000 0.000000 0.000000 0.000000 0.000000 0.000000 0.000000 0.000000 0.000000 0.000000 0.000000 0.000000 0.000000 0.000000 0.000000 0.000000 0.000000 0.000000 0.000000 0.000000 0.000000 0.000000 0.000000 0.000000 0.000000 0.000000 0.000000 0.000000 0.000000 0.000000 0.000000 0.000000 0.000000 0.000000 0.000000 0.000000 0.000000 0.000000 0.000000 0.000000 0.000000 0.000000 0.000000 0.000000 0.000000 0.000000 0.000000 0.000000 0.000000 0.000000 0.000000 0.000000 0.000000 0.000000 0.000000 0.000000 0.000000 0.000000 0.000000 0.000000 0.000000 0.000000 0.000000 0.000000 0.000000 0.000000 0.000000 0.000000 0.391430 0.512433 0.560741 0.555102 0.574436 0.590791 0.571893 0.582083 0.587511 0.581330 0.601978 0.608493 0.609520 0.626563 0.658647 0.688612 0.698405 0.672455 0.628780 0.617140 0.603031 0.602919 0.643341 0.818222 0.766755 0.743733 0.728749 0.784020 1.039135 1.117231 1.270381 1.347680 1.143314 1.121887 1.101934 1.059849 1.006929 0.956669 1.078788 1.030895 0.980366 0.942720 0.893953 0.851644 0.652865 0.615047 0.585695 0.574315 0.730247 0.745776 1.054625 1.431681 1.729517 1.725142 1.810264 1.843421 1.805728 1.734009 1.652638 1.578863 1.566497 1.618481 1.240844 1.177880 1.066250 0.905147 0.736368 0.672885 0.747092 0.859838 0.918893 0.920913 0.896446 0.730340 0.637622 0.599733 0.646014 0.506038 0.822560 0.853264 0.888184 0.879384 0.859288 0.902733 0.929031 0.937767 0.904507 1.005875 0.925781 0.872337 0.830076 0.786851 0.824257 0.799866 0.792129 0.781260 0.748510 0.847613 1.082242 1.418541 1.493725 1.381552 1.301732 1.428343 1.497438 1.538381 1.533755 1.528887 1.420609 1.336940 1.247775 1.140709 1.066124 0.963075 0.852531 0.764314 0.683410 0.732554 0.793325 0.925407 0.983052 1.031536 1.066857 1.103392 1.067518 1.054355 1.059354 1.066892 1.082901 1.108504 1.148535 1.200776 1.248349 1.278827 1.185793 1.044058 1.029485 1.006020 1.011479 1.036242 1.101055 1.194899 1.313437 1.431674 1.506129 1.570574 1.572679 1.511483 1.422595 1.376831 1.345944 0.979332 0.916560 0.872479 0.844662 0.829015 0.820880 0.792188 0.681536 0.570188 0.517436 0.514611 0.477422 0.448765 0.516183 0.572231 0.519201 0.409874 0.346731
0.000000 0.000000 0.000000 0.000000 0.000000 0.000000 0.000000 0.000000 0.000000 0.000000 0.000000 0.000000 0.000000 0.000000 0.000000 0.000000 0.000000 0.000000 0.000000 0.000000 0.000000 0.000000 0.000000 0.000000 0.000000 0.000000 0.000000 0.000000 0.000000 0.000000 0.000000 0.000000 0.000000 0.000000 0.000000 0.000000 0.000000 0.000000 0.000000 0.000000 0.000000 0.000000 0.000000 0.000000 0.000000 0.000000 0.000000 0.000000 0.000000 0.000000 0.000000 0.000000 0.000000 0.000000 0.000000 0.000000 0.000000 0.000000 0.000000 0.000000 0.000000 0.000000 0.000000 0.000000 0.000000 0.000000 0.000000 0.000000 0.000000 0.000000 0.000000 0.000000 0.000000 0.000000 0.000000 0.000000 0.000000 0.000000 0.000000 0.000000 0.000000 0.000000 0.000000 0.000000 0.000000 0.000000 0.000000 0.000000 0.000000 0.000000 0.000000 0.000000 0.000000 0.000000 0.000000 0.000000 0.000000 0.000000 0.000000 0.000000 0.000000 0.000000 0.000000 0.000000 0.000000 0.000000 0.000000 0.000000 0.537314 0.649794 0.713322 0.760873 0.802593 0.825061 0.838652 0.846996 0.848137 0.844831 0.831313 0.795098 0.755775 0.727587 0.716204 0.699538 0.697195 0.705075 0.710807 0.709854 0.692834 0.658297 0.625655 0.610789 0.678675 0.748016 0.918158 0.944289 0.993104 0.482332 0.440791 0.908133 0.960682 1.006394 1.026251 0.997938 0.821997 0.966877 0.958680 0.947148 0.914981 0.891367 0.868077 0.840740 0.817330 0.778474 0.893161 0.843726 0.640848 0.610220 0.754748 0.767867 0.787395 0.799429 0.906769 1.281090 1.604876 1.645731 1.793671 1.865688 1.909400 1.897231 1.842596 1.778813 1.729734 1.706413 1.721143 1.751807 1.764357 1.314692 1.037335 0.750044 0.677822 0.683168 0.674681 0.644668 0.529181 0.470169 0.407080 0.433329 0.271298 0.372733 0.565109 0.985696 0.963480 0.976604 0.949200 0.908608 0.887417 0.866642 1.023058 0.977502 0.930225 0.875586 0.819997 0.767564 0.725653 0.740909 0.693663 0.649006 0.627943 0.867564 1.228785 1.425902 1.499506 1.563908 1.575089 1.581219 1.636335 1.647992 1.684401 1.778358 1.783231 1.766789 1.649132 1.394539 1.120451 0.973091 0.892734 0.805807 0.759068 0.694124 0.732194 0.783698 0.928058 0.999238 1.056989 1.114959 1.076137 1.056249 1.053466 1.052672 1.067417 1.097401 1.126791 1.171881 1.218197 1.258454 1.279058 1.294201 1.209931 1.233417 1.046735 1.054376 1.100424 1.192005 1.308700 1.418511 1.523601 1.601582 1.603969 1.151552 1.009507 0.903318 0.828740 0.782413 0.762812 0.737879 0.729361 0.715371 0.692425 0.701137 0.705744 0.689330 0.631729 0.563873 0.453282 0.344489 0.380683 0.378133 0.354239 0.358816
0.000000 0.000000 0.000000 0.000000 0.000000 0.000000 0.000000 0.000000 0.000000 0.000000 0.000000 0.000000 0.000000 0.000000 0.000000 0.000000 0.000000 0.000000 0.000000 0.000000 0.000000 0.000000 0.000000 0.000000 0.000000 0.000000 0.000000 0.000000 0.000000 0.000000 0.000000 0.000000 0.000000 0.000000 0.000000 0.000000 0.000000 0.000000 0.000000 0.000000 0.000000 0.000000 0.000000 0.000000 0.000000 0.000000 0.000000 0.000000 0.000000 0.000000 0.000000 0.000000 0.000000 0.000000 0.000000 0.000000 0.000000 0.000000 0.000000 0.000000 0.000000 0.000000 0.000000 0.000000 0.000000 0.000000 0.000000 0.000000 0.000000 0.000000 0.000000 0.000000 0.000000 0.000000 0.000000 0.000000 0.000000 0.000000 0.000000 0.000000 0.000000 0.000000 0.000000 0.000000 0.000000 0.000000 0.000000 0.000000 0.000000 0.000000 0.000000 0.000000 0.000000 0.000000 0.000000 0.000000 0.000000 0.000000 0.000000 0.000000 0.000000 0.000000 0.000000 0.000000 0.659287 0.471902 0.635086 0.759209 0.849430 0.905984 0.939714 0.952143 0.949189 0.937376 0.918928 0.888255 0.852801 0.833078 0.814703 0.787056 0.754501 0.720933 0.696265 0.685481 0.683505 0.691294 0.694705 0.692747 0.685939 0.661345 0.623289 0.671129 0.745134 0.794581 0.891838 0.933836 0.896732 0.923935 0.999781 0.901570 0.595549 0.570327 0.800210 0.695964 0.994623 0.938345 0.951581 0.947898 0.925895 0.923565 0.923284 0.909620 0.881453 0.850178 0.530682 0.918754 0.939746 0.811631 0.802717 0.843223 0.884573 0.917583 0.932812 0.973626 1.060346 1.393720 1.658098 1.671796 1.794650 2.056417 1.923385 1.898584 1.850966 1.816236 1.805957 1.834188 1.847898 1.838610 1.838105 1.777305 1.325036 0.901717 0.630005 0.522296 0.459900 0.422798 0.362557 0.320003 0.371181 0.273170 0.347740 0.402172 0.458974 0.897207 0.887395 0.875997 0.848489 0.836337 0.815081 0.788073 0.917515 0.859010 0.799025 0.743951 0.690580 0.648205 0.609426 0.614895 0.532313 0.516675 0.634494 0.916934 1.131605 1.315514 1.368797 1.491364 1.561145 1.672808 1.833338 1.957269 2.085096 2.024462 1.881835 1.537652 1.115286 0.914086 0.924523 0.961127 0.960717 0.936308 0.878602 0.754528 0.741485 0.858047 0.953447 1.043816 1.078035 1.025735 1.019798 1.016384 1.027687 1.045321 1.062990 1.096523 1.135576 1.199565 1.248028 1.300298 1.334346 1.359737 1.287825 1.102590 1.104843 1.115825 1.184272 1.275305 1.381948 1.058436 1.024875 0.961155 0.835523 0.748581 0.731261 0.728268 0.716318 0.708658 0.710684 0.700659 0.682885 0.702351 0.742336 0.779414 0.743310 0.676601 0.643534 0.573758 0.480447 0.411046 0.385248 0.399487
0.000000 0.000000 0.000000 0.000000 0.000000 0.000000 0.000000 0.000000 0.000000 0.000000 0.000000 0.000000 0.000000 0.000000 0.000000 0.000000 0.000000 0.000000 0.000000 0.000000 0.000000 0.000000 0.000000 0.000000 0.000000 0.000000 0.000000 0.000000 0.000000 0.000000 0.000000 0.000000 0.000000 0.000000 0.000000 0.000000 0.000000 0.000000 0.000000 0.000000 0.000000 0.000000 0.000000 0.000000 0.000000 0.000000 0.000000 0.000000 0.000000 0.000000 0.000000 0.000000 0.000000 0.000000 0.000000 0.000000 0.000000 0.000000 0.000000 0.000000 0.000000 0.000000 0.000000 0.000000 0.000000 0.000000 0.000000 0.000000 0.000000 0.000000 0.000000 0.000000 0.000000 0.000000 0.000000 0.000000 0.000000 0.000000 0.000000 0.000000 0.000000 0.000000 0.000000 0.000000 0.000000 0.000000 0.000000 0.000000 0.000000 0.000000 0.000000 0.000000 0.000000 0.000000 0.000000 0.000000 0.408021 0.000000 0.000000 0.000000 0.000000 0.000000 0.567924 0.908660 0.720157 0.783886 0.843270 0.897148 0.927989 0.937545 0.936957 0.911102 0.873981 0.833514 0.811266 0.785185 0.771536 0.747995 0.724607 0.657284 0.635290 0.610583 0.580469 0.571682 0.666704 0.717636 0.620497 0.672392 0.708533 0.747557 0.768212 0.762791 0.834331 0.892726 0.897946 0.793240 0.758551 0.718077 0.749039 0.907983 0.889596 0.696061 0.672610 0.678997 0.764687 0.719646 1.052925 1.040579 1.011337 0.996878 0.996072 0.578931 0.984406 0.960633 0.934002 0.547652 0.511538 0.550547 0.590374 1.107109 1.095590 1.186864 1.189694 1.214551 1.221243 1.216058 1.216432 1.346590 1.552746 1.717853 1.837806 1.705038 1.736848 1.792050 1.833476 1.851601 1.871815 1.903266 1.909254 1.897527 1.807769 1.649732 1.492596 1.366191 0.827802 0.681355 0.562204 0.589087 0.551595 0.431369 0.387440 0.362278 0.339204 0.348469 0.782333 0.757553 0.719859 0.697306 0.686832 0.676029 0.668504 0.651457 0.626653 0.740711 0.700083 0.528032 0.496254 0.612940 0.568105 0.530168 0.425485 0.000000 0.000000 0.539187 0.739269 0.916934 1.091116 1.225497 1.368714 1.518106 1.824547 2.043283 2.070213 1.910158 1.610849 1.342530 1.318136 1.349818 1.348570 1.253987 1.093750 0.966579 0.711642 0.646328 0.823825 0.883661 0.994958 0.991622 0.981922 0.953814 0.973214 0.996200 1.011611 1.039416 1.085993 1.131946 1.184606 1.242698 1.316348 1.370806 1.414075 1.469501 1.391111 1.182631 1.166508 1.195963 0.766353 0.717053 0.705320 0.725826 0.636468 0.641717 0.702621 0.747266 0.755738 0.780864 0.808295 0.796940 0.812464 0.850816 0.884818 0.920039 0.907223 0.847523 0.771246 0.715420 0.646010 0.527714 0.463816 0.456480
0.000000 0.000000 0.000000 0.000000 0.000000 0.000000 0.000000 0.000000 0.000000 0.000000 0.000000 0.000000 0.000000 0.000000 0.000000 0.000000 0.000000 0.000000 0.000000 0.000000 0.000000 0.000000 0.000000 0.000000 0.000000 0.000000 0.000000 0.000000 0.000000 0.000000 0.000000 0.000000 0.000000 0.000000 0.000000 0.000000 0.000000 0.000000 0.000000 0.000000 0.000000 0.000000 0.000000 0.000000 0.000000 0.000000 0.000000 0.000000 0.000000 0.000000 0.000000 0.000000 0.000000 0.000000 0.000000 0.000000 0.000000 0.000000 0.000000 0.000000 0.000000 0.000000 0.000000 0.000000 0.000000 0.000000 0.000000 0.000000 0.000000 0.000000 0.000000 0.000000 0.000000 0.000000 0.000000 0.000000 0.000000 0.000000 0.000000 0.000000 0.000000 0.000000 0.000000 0.000000 0.000000 0.000000 0.000000 0.000000 0.000000 0.000000 0.000000 0.000000 0.000000 0.000000 0.000000 0.000000 0.000000 0.000000 0.000000 0.000000 0.500024 0.626208 0.685848 0.847049 0.811769 0.860819 0.903813 0.938173 0.939181 0.918081 0.880676 0.827915 0.787274 0.751607 0.678855 0.714086 0.715748 0.716312 0.708911 0.700627 0.541075 0.566360 0.618357 0.670259 0.925340 0.986377 0.925262 0.853021 0.835718 0.826326 0.869860 0.809924 0.923187 1.020240 0.827824 0.732411 0.715690 0.705929 0.656242 0.780204 0.982369 0.897322 1.003727 0.773452 0.755000 0.731662 1.053160 1.107154 1.102714 1.090318 1.059554 1.026057 1.102946 1.213606 1.258469 0.926133 0.825905 0.805913 0.738392 0.713451 0.735723 1.104100 1.120643 1.143263 1.160841 1.171214 1.157296 0.808870 1.075340 1.080852 1.175916 1.308177 1.418525 1.490398 1.569596 1.642635 1.736852 1.830321 1.800197 1.816538 1.784805 1.686593 1.569187 1.464490 1.360648 1.252882 1.170639 0.847214 0.718377 0.639535 0.567864 0.876042 0.808252 0.332788 0.244318 0.276809 0.644132 0.619934 0.607226 0.604371 0.610698 0.615529 0.612687 0.599895 0.577476 0.553064 0.643779 0.630304 0.534039 0.480298 0.427247 0.000000 0.000000 0.000000 0.000000 0.000000 0.428476 0.437621 0.000000 0.659662 1.129741 1.543636 1.762851 1.818114 1.776171 1.698701 1.673627 1.644574 1.527026 1.458699 1.352000 1.216369 1.075056 0.946573 0.809195 0.835671 0.859049 0.930832 0.929196 0.933054 0.931867 0.957708 0.996855 1.042390 1.089131 1.127945 1.160189 1.202433 1.271339 1.349339 1.399642 1.461782 1.535646 1.466804 1.253955 0.857989 0.699138 0.621825 0.633516 0.663172 0.508677 0.421418 0.518579 0.665359 0.755169 0.867533 0.929533 0.947859 0.986486 1.022698 1.014178 1.054785 0.997273 0.956237 1.318689 0.959635 0.854620 0.648518 0.509992 0.500809
0.000000 0.000000 0.000000 0.000000 0.000000 0.000000 0.000000 0.000000 0.000000 0.000000 0.000000 0.000000 0.000000 0.000000 0.000000 0.000000 0.000000 0.000000 0.000000 0.000000 0.000000 0.000000 0.000000 0.000000 0.000000 0.000000 0.000000 0.000000 0.000000 0.000000 0.000000 0.000000 0.000000 0.000000 0.000000 0.000000 0.000000 0.000000 0.000000 0.000000 0.000000 0.000000 0.000000 0.000000 0.000000 0.000000 0.000000 0.000000 0.000000 0.000000 0.000000 0.000000 0.000000 0.000000 0.000000 0.000000 0.000000 0.000000 0.000000 0.000000 0.000000 0.000000 0.000000 0.000000 0.000000 0.000000 0.000000 0.000000 0.000000 0.000000 0.000000 0.000000 0.000000 0.000000 0.000000 0.000000 0.000000 0.000000 0.000000 0.000000 0.000000 0.000000 0.000000 0.000000 0.000000 0.000000 0.000000 0.000000 0.000000 0.000000 0.000000 0.000000 0.000000 0.000000 0.000000 0.000000 0.422258 0.621064 0.536531 0.621936 0.693456 0.725955 0.756422 0.988193 0.784593 0.800794 0.828083 0.843537 0.844784 0.814676 0.779992 0.712590 0.779049 0.829344 0.832379 0.793867 0.812777 0.682270 0.655006 0.663365 0.688000 0.759950 0.823891 0.868827 1.029110 1.123380 1.117373 1.061285 1.046062 1.060080 0.966070 0.939222 0.913982 0.933335 1.085775 0.934327 0.877282 0.916232 0.828451 0.743495 0.760228 0.886636 0.964281 0.658487 0.684713 0.680971 1.024490 0.978194 0.977344 0.996065 0.982736 1.062192 1.184317 1.282884 1.302329 1.299850 1.281082 0.856108 0.805636 0.787894 0.779528 0.780559 0.721054 0.711367 0.701540 0.691365 0.709625 0.741652 0.769532 0.800225 1.173610 1.184814 1.201277 1.400145 1.211892 1.238709 1.337223 1.451078 1.506502 1.605467 1.634799 1.579754 1.483831 1.405098 1.353822 1.251710 1.172807 1.149704 1.151428 1.145903 1.107602 1.043751 0.968781 0.898803 0.826886 0.777155 0.742190 0.876106 0.838388 0.802594 0.615387 0.603232 0.599346 0.748448 0.727402 0.700401 0.662957 0.667421 0.624535 0.547385 0.541528 0.526003 0.440816 0.430905 0.433147 0.423338 0.414485 0.000000 0.386808 0.000000 0.000000 0.500049 0.857165 1.136623 1.323487 1.468648 1.525094 1.472551 1.447315 1.392851 1.316037 1.204918 1.101631 1.021524 0.963155 0.898631 0.804297 0.869355 0.871774 0.921222 0.986942 1.013646 1.023725 1.071704 1.119157 1.152566 1.199059 1.240223 1.266426 1.323194 1.384418 1.439718 1.486384 1.569842 1.497657 1.297406 0.908776 0.797719 0.766716 0.819619 0.707187 0.541211 0.556554 0.634921 0.729158 0.881672 0.988607 1.040252 1.081635 1.130279 1.140157 1.203511 1.139686 1.070219 1.087785 1.457347 1.335462 0.817291 0.613751 0.531444
0.000000 0.000000 0.000000 0.000000 0.000000 0.000000 0.000000 0.000000 0.000000 0.000000 0.000000 0.000000 0.000000 0.000000 0.000000 0.000000 0.000000 0.000000 0.000000 0.000000 0.000000 0.000000 0.000000 0.000000 0.000000 0.000000 0.000000 0.000000 0.000000 0.000000 0.000000 0.000000 0.000000 0.000000 0.000000 0.000000 0.000000 0.000000 0.000000 0.000000 0.000000 0.000000 0.000000 0.000000 0.000000 0.000000 0.000000 0.000000 0.000000 0.000000 0.000000 0.000000 0.000000 0.000000 0.000000 0.000000 0.000000 0.000000 0.000000 0.000000 0.000000 0.000000 0.000000 0.000000 0.000000 0.000000 0.000000 0.000000 0.000000 0.000000 0.000000 0.000000 0.000000 0.000000 0.000000 0.000000 0.000000 0.000000 0.000000 0.000000 0.000000 0.000000 0.000000 0.000000 0.000000 0.000000 0.000000 0.000000 0.000000 0.000000 0.000000 0.000000 0.000000 0.000000 0.000000 0.429577 0.581306 0.554599 0.662752 0.721864 0.742996 0.711644 0.704099 0.726028 0.805238 0.764654 0.811950 0.753962 0.812564 0.743666 0.840222 0.924527 0.988719 1.003451 1.031273 0.786774 0.722066 0.758339 0.786106 0.798120 0.822665 0.876682 0.919723 1.086027 1.065203 1.039395 1.173472 1.251140 1.293313 1.278176 1.233674 1.133954 1.045978 0.986321 0.896639 0.817933 0.788238 0.774391 0.769616 0.761863 0.741865 0.566983 0.621274 0.699843 0.842161 0.600811 0.909119 0.939897 0.951030 0.959509 0.950057 0.945281 0.992630 1.062523 1.104350 1.128505 1.136096 1.149566 1.185618 0.832426 0.806090 0.793896 0.636414 0.527714 0.476821 0.502400 0.578669 0.684414 0.787803 0.862744 0.918715 0.934838 0.931424 1.264477 1.233288 1.208643 1.390108 1.122968 1.176761 1.280571 1.383305 1.387431 1.314971 1.252342 1.193817 1.164759 1.135354 1.155362 1.195444 1.215935 1.205989 1.170972 1.105767 1.059254 0.998430 0.951748 0.906177 0.852215 0.803781 0.758170 0.719515 0.675073 0.635527 0.601685 0.728499 0.700640 0.670443 0.642132 0.611355 0.622625 0.591932 0.554767 0.451356 0.418664 0.000000 0.000000 0.000000 0.000000 0.000000 0.000000 0.000000 0.000000 0.000000 0.000000 0.467213 0.633774 0.939847 1.095057 1.142961 1.128443 1.098524 1.093679 1.109742 1.119515 1.142644 1.103922 1.013416 0.883071 0.825077 0.863628 0.949968 1.032225 1.103989 1.070397 1.203638 1.230737 1.244338 1.260137 1.268209 1.288322 1.313098 1.368871 1.433866 1.496578 1.565310 1.597437 1.465900 1.243580 1.265705 1.364543 1.025776 0.936606 0.903935 0.869554 0.836157 0.841851 0.885974 0.933113 0.976797 1.049533 1.122609 1.217715 1.268696 1.258552 1.570877 1.587001 1.433973 1.232945 0.715581 0.612298
0.000000 0.000000 0.000000 0.000000 0.000000 0.000000 0.000000 0.000000 0.000000 0.000000 0.000000 0.000000 0.000000 0.000000 0.000000 0.000000 0.000000 0.000000 0.000000 0.000000 0.000000 0.000000 0.000000 0.000000 0.000000 0.000000 0.000000 0.000000 0.000000 0.000000 0.000000 0.000000 0.000000 0.000000 0.000000 0.000000 0.000000 0.000000 0.000000 0.000000 0.000000 0.000000 0.000000 0.000000 0.000000 0.000000 0.000000 0.000000 0.000000 0.000000 0.000000 0.000000 0.000000 0.000000 0.000000 0.000000 0.000000 0.000000 0.000000 0.000000 0.000000 0.000000 0.000000 0.000000 0.000000 0.000000 0.000000 0.000000 0.000000 0.000000 0.000000 0.000000 0.000000 0.000000 0.000000 0.000000 0.000000 0.000000 0.000000 0.000000 0.000000 0.000000 0.000000 0.000000 0.000000 0.000000 0.000000 0.000000 0.000000 0.000000 0.000000 0.000000 0.000000 0.000000 0.000000 0.404536 0.539149 0.639471 0.702714 0.738716 0.748474 0.747210 0.779994 0.820351 0.828866 0.835969 0.807303 0.916046 0.770527 0.807236 0.798374 0.828017 0.828583 0.805923 0.764491 0.751587 0.766239 0.786267 0.799583 0.800585 0.801964 0.524525 0.816752 0.824552 0.809969 0.772224 0.733006 0.760060 0.807701 0.843219 1.004354 0.984614 0.918937 0.903666 0.816006 0.865201 0.821192 0.742408 0.751789 0.719466 0.708269 0.637753 0.599556 0.650404 0.745626 0.818774 0.923201 0.838418 0.871534 0.880964 0.881813 0.876616 0.896498 0.936405 0.976182 1.003838 1.029376 1.077082 1.133371 1.173976 1.192073 1.197614 0.645728 0.452392 0.337126 0.342805 0.428127 0.542077 0.650229 0.739802 0.800845 0.832523 0.849622 0.868137 1.225435 1.193084 1.161819 1.133021 1.102582 1.104522 0.877923 1.171859 1.124218 1.065886 1.034236 1.012248 1.019288 1.054231 1.109063 1.144707 1.156500 1.147251 1.112490 1.080121 1.035696 0.990407 0.943234 0.899010 0.852495 0.986489 0.941018 0.899022 0.852845 0.811248 0.772180 0.801176 0.708437 0.682110 0.653827 0.625600 0.580815 0.551163 0.515216 0.481829 0.447058 0.000000 0.000000 0.000000 0.000000 0.000000 0.000000 0.000000 0.000000 0.000000 0.000000 0.000000 0.434382 0.542121 0.654294 0.716027 0.769675 0.861324 0.926673 0.982042 1.033271 1.033544 1.001766 0.947348 0.860666 0.814874 0.878678 0.965990 1.050167 1.127954 1.243687 1.273049 1.330668 1.353004 1.336737 1.327447 1.324520 1.332471 1.354456 1.424356 1.504765 1.541434 1.566413 1.435799 1.458107 1.312327 1.361686 0.984748 1.362410 1.345699 1.324947 1.296424 0.880815 0.890337 0.906627 0.937188 1.007229 1.089869 1.195832 1.567959 1.612701 1.583808 1.435650 1.239390 1.109641 0.693677
0.000000 0.000000 0.000000 0.000000 0.000000 0.000000 0.000000 0.000000 0.000000 0.000000 0.000000 0.000000 0.000000 0.000000 0.000000 0.000000 0.000000 0.000000 0.000000 0.000000 0.000000 0.000000 0.000000 0.000000 0.000000 0.000000 0.000000 0.000000 0.000000 0.000000 0.000000 0.000000 0.000000 0.000000 0.000000 0.000000 0.000000 0.000000 0.000000 0.000000 0.000000 0.000000 0.000000 0.000000 0.000000 0.000000 0.000000 0.000000 0.000000 0.000000 0.000000 0.000000 0.000000 0.000000 0.000000 0.000000 0.000000 0.000000 0.000000 0.000000 0.000000 0.000000 0.000000 0.000000 0.000000 0.000000 0.000000 0.000000 0.000000 0.000000 0.000000 0.000000 0.000000 0.000000 0.000000 0.000000 0.000000 0.000000 0.000000 0.000000 0.000000 0.000000 0.000000 0.000000 0.000000 0.000000 0.000000 0.000000 0.000000 0.000000 0.000000 0.000000 0.000000 0.000000 0.000000 0.432930 0.530618 0.628003 0.654750 0.679876 0.703258 0.739603 0.799572 0.872531 0.919882 0.881462 0.789030 0.889989 0.951219 0.950548 0.935885 0.911683 0.875406 0.834523 0.812429 0.793741 0.770845 0.770288 0.766114 0.358701 0.320791 0.308672 0.292382 0.671379 0.662797 0.645127 0.623300 0.605285 0.748594 0.769139 0.623235 0.758799 0.736510 0.687452 0.633031 0.610816 0.652970 0.593179 0.657482 0.639116 0.637758 0.751265 0.830953 0.620266 0.613826 0.677645 0.732557 0.912999 1.007679 0.855408 0.896867 0.917408 0.941380 0.955465 0.964474 0.965124 0.968830 0.626952 0.593259 0.606577 0.643437 0.680137 0.702949 0.618579 0.476657 0.385265 0.370434 0.422489 0.504933 0.594462 0.656910 0.708465 0.755670 0.802702 1.199818 1.180681 1.152199 1.113436 1.084455 1.044053 1.006427 1.163006 1.135998 1.089527 0.840348 0.840360 0.896134 0.962414 1.005747 1.018446 1.016119 1.005924 1.165892 1.136028 1.112003 1.089223 1.061496 1.027811 0.998474 0.962140 0.932801 0.736312 0.716375 0.698142 0.825002 0.799650 0.842895 0.807644 0.767196 0.731476 0.684174 0.606673 0.567108 0.531710 0.497869 0.463942 0.433894 0.000000 0.000000 0.000000 0.000000 0.000000 0.000000 0.000000 0.000000 0.000000 0.000000 0.000000 0.000000 0.000000 0.588778 0.715804 0.685628 0.690159 0.786291 0.876072 0.913626 0.912047 0.881825 0.840301 0.782483 0.807872 0.886937 0.972290 1.098990 1.214817 1.280949 1.351121 1.399609 1.420241 1.412183 1.366506 1.344670 1.408519 1.451790 1.493335 1.526721 1.560583 1.441985 1.456689 1.489965 1.514791 1.525857 1.535274 1.555040 1.292113 1.263373 1.239841 1.243782 1.242683 1.230333 1.271675 1.344506 1.436697 1.504323 1.783546 1.387752 0.935872 1.092740 0.679884
0.000000 0.000000 0.000000 0.000000 0.000000 0.000000 0.000000 0.000000 0.000000 0.000000 0.000000 0.000000 0.000000 0.000000 0.000000 0.000000 0.000000 0.000000 0.000000 0.000000 0.000000 0.000000 0.000000 0.000000 0.000000 0.000000 0.000000 0.000000 0.000000 0.000000 0.000000 0.000000 0.000000 0.000000 0.000000 0.000000 0.000000 0.000000 0.000000 0.000000 0.000000 0.000000 0.000000 0.000000 0.000000 0.000000 0.000000 0.000000 0.000000 0.000000 0.000000 0.000000 0.000000 0.000000 0.000000 0.000000 0.000000 0.000000 0.000000 0.000000 0.000000 0.000000 0.000000 0.000000 0.000000 0.000000 0.000000 0.000000 0.000000 0.000000 0.000000 0.000000 0.000000 0.000000 0.000000 0.000000 0.000000 0.000000 0.000000 0.000000 0.000000 0.000000 0.000000 0.000000 0.000000 0.000000 0.000000 0.000000 0.004000 0.743545 0.449341 0.467073 0.474388 0.501149 0.521347 0.561188 0.596543 0.605920 0.594219 0.591711 0.567101 0.656441 0.746712 0.814995 0.687948 0.706239 0.800387 0.805763 0.832920 0.883411 0.892293 0.895199 0.879450 0.461231 0.410862 0.334586 0.246255 0.203234 0.214233 0.179952 0.166783 0.187676 0.223551 0.248326 0.285922 0.671343 0.652286 0.629070 0.605162 0.590788 0.588441 0.740970 0.732137 0.699934 0.652555 0.606237 0.569590 0.543066 0.438948 0.448932 0.518927 0.583717 0.651325 0.679153 0.590898 0.517528 0.506808 0.566632 0.715322 0.872823 1.074812 1.139733 1.097534 1.102860 0.692941 0.623136 0.584599 0.539451 0.492352 0.475373 0.402704 0.381244 0.422176 0.476918 0.537461 0.455693 0.370071 0.368261 0.388295 0.417440 0.479488 0.539868 0.589698 0.634026 0.685041 0.719965 0.724788 0.729349 1.042034 1.002809 0.959565 1.112599 1.058106 1.010875 1.002913 1.031838 1.050224 1.090192 1.094616 1.070524 1.037676 1.013696 0.994694 0.985147 0.979961 0.966120 0.948198 0.931267 0.917122 0.898662 0.880924 0.866187 0.860256 0.856409 0.845926 0.831319 0.814182 0.787971 0.755548 0.725625 0.737222 0.698220 0.632879 0.599082 0.561963 0.524980 0.492247 0.458353 0.425042 0.000000 0.000000 0.000000 0.000000 0.000000 0.000000 0.000000 0.000000 0.000000 0.000000 0.000000 0.444459 0.532253 0.487016 0.476292 0.507160 0.635792 0.734257 0.782171 0.801848 0.788493 0.753080 0.697276 0.685353 0.732551 0.813111 0.951307 1.117788 1.211826 1.332682 1.409607 1.474049 1.486777 1.436208 1.419850 1.409413 1.461382 1.499857 1.517671 1.561887 1.593675 1.490280 1.482507 1.504071 1.514714 1.542242 1.562485 1.566194 1.551803 1.295545 1.254266 1.206904 1.190420 1.181028 1.225382 1.306311 1.405083 1.247467 1.109985 1.042855 0.594252
0.000000 0.000000 0.000000 0.000000 0.000000 0.000000 0.000000 0.000000 0.000000 0.000000 0.000000 0.000000 0.000000 0.000000 0.000000 0.000000 0.000000 0.000000 0.000000 0.000000 0.000000 0.000000 0.000000 0.000000 0.000000 0.000000 0.000000 0.000000 0.000000 0.000000 0.000000 0.000000 0.000000 0.000000 0.000000 0.000000 0.000000 0.000000 0.000000 0.000000 0.000000 0.000000 0.000000 0.000000 0.000000 0.000000 0.000000 0.000000 0.000000 0.000000 0.000000 0.000000 0.000000 0.000000 0.000000 0.000000 0.000000 0.000000 0.000000 0.000000 0.000000 0.000000 0.000000 0.000000 0.000000 0.000000 0.000000 0.000000 0.000000 0.000000 0.000000 0.000000 0.000000 0.000000 0.000000 0.000000 0.000000 0.000000 0.000000 0.000000 0.000000 0.000000 0.000000 0.000000 0.514735 0.580807 0.619901 0.593986 0.700517 0.615478 0.655298 0.650906 0.681649 0.695628 0.720445 0.760591 0.856550 0.839431 0.756550 0.695374 0.733736 0.613533 0.635101 0.657828 0.679653 0.725198 0.768387 0.872931 0.817357 0.469391 0.498722 0.517070 0.501040 0.477083 0.307514 0.451452 0.401283 0.312112 0.251350 0.223113 0.221903 0.224771 0.234040 0.213004 0.262556 0.286522 0.684454 0.673731 0.821684 0.791988 0.608817 0.588020 0.575166 0.557857 0.530104 0.498056 0.464428 0.560237 0.442893 0.447940 0.498183 0.532042 0.642375 0.691360 0.671761 0.567645 0.478607 0.451289 0.525844 0.659735 0.864648 0.999229 1.051166 1.048137 1.021092 0.936458 0.922546 0.910357 0.915033 0.916050 0.918074 0.751379 0.325314 0.288572 0.306917 0.350753 0.376340 0.410573 0.305555 0.237727 0.275201 0.317472 0.364263 0.435372 0.493808 0.552856 0.582029 0.595137 0.610476 0.574696 0.560088 0.875560 0.829089 0.782085 0.738562 0.742293 0.915853 0.915711 0.910804 0.891090 0.896360 0.902345 0.898814 0.897028 0.900619 0.893313 0.873695 0.850036 0.835037 0.820987 0.809986 0.809537 0.875405 0.881692 0.881959 0.808876 0.801430 0.785648 0.760675 0.734768 0.705125 0.718345 0.684716 0.619394 0.579007 0.541822 0.502921 0.463865 0.426724 0.000000 0.000000 0.000000 0.000000 0.000000 0.000000 0.000000 0.000000 0.000000 0.000000 0.000000 0.000000 0.000000 0.000000 0.000000 0.000000 0.431201 0.464949 0.569104 0.632684 0.661059 0.666918 0.645496 0.604442 0.546502 0.473010 0.570479 0.774952 0.950461 1.124041 1.265542 1.359791 1.451530 1.507250 1.528790 1.463802 1.457776 1.467417 1.552746 1.580039 1.569345 1.600773 1.636088 1.664720 1.682105 1.713074 1.744663 1.755328 1.632014 1.616505 1.578768 1.358058 1.267357 1.217974 1.130576 1.139313 1.195650 1.137560 1.058070 1.014082 0.559767
0.000000 0.000000 0.000000 0.000000 0.000000 0.000000 0.000000 0.000000 0.000000 0.000000 0.000000 0.000000 0.000000 0.000000 0.000000 0.000000 0.000000 0.000000 0.000000 0.000000 0.000000 0.000000 0.000000 0.000000 0.000000 0.000000 0.000000 0.000000 0.000000 0.000000 0.000000 0.000000 0.000000 0.000000 0.000000 0.000000 0.000000 0.000000 0.000000 0.000000 0.000000 0.000000 0.000000 0.000000 0.000000 0.000000 0.000000 0.000000 0.000000 0.000000 0.000000 0.000000 0.000000 0.000000 0.000000 0.000000 0.000000 0.000000 0.000000 0.000000 0.000000 0.000000 0.000000 0.000000 0.000000 0.000000 0.000000 0.000000 0.000000 0.000000 0.000000 0.000000 0.000000 0.000000 0.000000 0.000000 0.000000 0.000000 0.515235 0.000000 0.000000 0.000000 0.372565 0.442522 0.500450 0.601218 0.619040 0.665284 0.546175 0.563965 0.582783 0.611616 0.637877 0.853420 0.827432 0.801493 0.762516 0.727855 0.735081 0.956206 0.688265 0.708440 0.728102 0.608758 0.631706 0.653989 0.684170 0.745430 0.238732 0.305917 0.444281 0.518195 0.560324 0.549219 0.545254 0.532513 0.526071 0.873643 0.394076 0.382695 0.374112 0.764350 0.344769 0.286678 0.303500 0.280700 0.280495 0.297489 0.321009 0.659267 0.790346 0.765182 0.748008 0.731908 0.709740 0.667186 0.615965 0.568080 0.000000 0.452208 0.505179 0.595895 0.627968 0.661135 0.669501 0.608663 0.518194 0.506747 0.507795 0.506745 0.544386 0.761483 0.847705 0.864610 0.852387 0.846123 0.854589 0.854184 0.850054 0.834446 0.894823 0.961453 0.832847 0.829762 0.481876 0.411939 0.386860 0.405587 0.248169 0.298042 0.251034 0.183513 0.222104 0.273829 0.341927 0.395847 0.437881 0.465618 0.475215 0.432106 0.421181 0.426972 0.791216 0.754073 0.714265 0.668746 0.622222 0.592199 0.566757 0.575780 0.753840 0.786994 0.812318 0.907099 0.845304 0.886527 0.908778 0.907480 0.892324 0.956107 0.937749 0.908334 0.884958 0.866135 0.854042 0.840236 0.820831 0.789967 0.756492 0.727611 0.715442 0.689596 0.659216 0.625819 0.543377 0.503124 0.462914 0.423558 0.000000 0.000000 0.000000 0.000000 0.000000 0.000000 0.000000 0.000000 0.000000 0.000000 0.000000 0.000000 0.000000 0.000000 0.000000 0.000000 0.000000 0.000000 0.000000 0.000000 0.000000 0.490538 0.538355 0.550400 0.537381 0.503541 0.452622 0.000000 0.000000 0.509189 0.705228 0.921736 1.095889 1.241671 1.370582 1.470935 1.520513 1.533971 1.515881 1.529428 1.551263 1.564902 1.567907 1.622532 1.666478 1.716316 1.739684 1.775294 1.802743 1.824956 1.829316 1.810166 1.775510 1.717863 1.541892 1.301686 1.204520 1.127156 1.064758 0.572819 0.525528 0.522981
0.000000 0.000000 0.000000 0.000000 0.000000 0.000000 0.000000 0.000000 0.000000 0.000000 0.000000 0.000000 0.000000 0.000000 0.000000 0.000000 0.000000 0.000000 0.000000 0.000000 0.000000 0.000000 0.000000 0.000000 0.000000 0.000000 0.000000 0.000000 0.000000 0.000000 0.000000 0.000000 0.000000 0.000000 0.000000 0.000000 0.000000 0.000000 0.000000 0.000000 0.000000 0.000000 0.000000 0.000000 0.000000 0.000000 0.000000 0.000000 0.000000 0.000000 0.000000 0.000000 0.000000 0.000000 0.000000 0.000000 0.000000 0.000000 0.000000 0.000000 0.000000 0.000000 0.000000 0.000000 0.000000 0.000000 0.000000 0.000000 0.000000 0.000000 0.000000 0.000000 0.000000 0.000000 0.000000 0.000000 0.000000 0.000000 0.000000 0.417482 0.444511 0.530173 0.570317 0.562258 0.572903 0.580638 0.629821 0.652464 0.575512 0.610333 0.639497 0.619854 0.622489 0.604655 0.732176 0.720159 0.702910 0.684227 0.564786 1.349050 0.579399 0.584420 0.728276 0.726256 0.584921 0.584285 0.578450 0.577477 0.127557 0.254258 0.351525 0.431681 0.438843 0.442638 0.445605 0.821454 0.822975 0.819571 0.812704 0.800545 0.781977 0.788583 0.783717 0.760869 0.746116 0.740635 0.385005 0.370347 0.356698 0.668300 0.627623 0.599871 0.586500 0.580370 0.571349 0.543841 0.499128 0.581402 0.445698 0.450484 0.477228 0.464920 0.572677 0.602127 0.611114 0.603359 0.504186 0.504138 0.515646 0.521245 0.507379 0.505500 0.558531 0.613636 0.714656 0.701318 0.676124 0.771303 0.872470 0.782282 0.875790 0.928874 0.937980 0.907556 0.871805 0.495141 0.423653 0.376854 0.370805 0.279874 0.288160 0.294809 0.296839 0.317998 0.300007 0.336329 0.364037 0.359904 0.328546 0.308844 0.307448 0.328267 0.740394 0.726810 0.710957 0.680814 0.636664 0.600824 0.573337 0.542796 0.527289 0.541595 0.696081 0.728404 0.753504 0.826695 0.901477 0.907942 0.994344 0.984941 0.980907 0.972104 0.948963 0.916180 0.875104 0.837735 0.803524 0.769341 0.732469 0.691818 0.652927 0.572958 0.541105 0.505221 0.467569 0.432529 0.000000 0.000000 0.000000 0.000000 0.000000 0.000000 0.000000 0.000000 0.000000 0.000000 0.000000 0.000000 0.000000 0.000000 0.000000 0.000000 0.000000 0.000000 0.000000 0.000000 0.000000 0.000000 0.000000 0.000000 0.000000 0.000000 0.000000 0.000000 0.000000 0.000000 0.000000 0.000000 0.000000 0.000000 0.703494 0.921484 1.083974 1.217328 1.349068 1.450822 1.515955 1.556223 1.557088 1.545739 1.584441 1.630080 1.663817 1.717721 1.766407 1.815540 1.856788 1.873065 1.882376 1.884719 1.880452 1.855408 1.813725 1.632177 1.561257 1.498204 0.793686 0.608732 0.552801 0.525409
0.000000 0.000000 0.000000 0.000000 0.000000 0.000000 0.000000 0.000000 0.000000 0.000000 0.000000 0.000000 0.000000 0.000000 0.000000 0.000000 0.000000 0.000000 0.000000 0.000000 0.000000 0.000000 0.000000 0.000000 0.000000 0.000000 0.000000 0.000000 0.000000 0.000000 0.000000 0.000000 0.000000 0.000000 0.000000 0.000000 0.000000 0.000000 0.000000 0.000000 0.000000 0.000000 0.000000 0.000000 0.000000 0.000000 0.000000 0.000000 0.000000 0.000000 0.000000 0.000000 0.000000 0.000000 0.000000 0.000000 0.000000 0.000000 0.000000 0.000000 0.000000 0.000000 0.000000 0.000000 0.000000 0.000000 0.000000 0.000000 0.000000 0.000000 0.000000 0.378161 0.423624 0.453184 0.459523 0.456211 0.453803 0.457375 0.489060 0.448394 0.462371 0.559228 0.606305 0.636877 0.640250 0.637227 0.644029 0.666912 0.673590 0.741877 0.761847 0.747128 0.717133 0.703687 0.701802 0.702808 0.700136 0.689685 0.697216 0.568458 0.562174 0.684822 0.541119 0.532404 0.533754 0.545064 0.548768 0.148205 0.205825 0.071526 0.204440 0.299610 0.318951 0.329731 0.383853 0.386462 0.718952 0.722330 0.728953 0.746719 0.815424 0.875337 0.826442 0.796158 0.967773 0.962827 0.951362 0.920995 0.874595 0.816035 0.759449 0.713618 0.681307 0.669178 0.662456 0.642701 0.646509 0.534027 0.569419 0.600264 0.593988 0.510443 0.503228 0.492079 0.467031 0.543834 0.467355 0.470274 0.575666 0.627762 0.710117 0.819460 0.954470 1.020005 1.156267 1.049972 1.101146 1.146320 1.179960 1.226016 1.271272 1.104024 1.080007 1.011349 0.948615 0.899194 0.874867 0.863880 0.497337 0.455503 0.419685 0.389307 0.349127 0.356153 0.315391 0.347656 0.355645 0.319656 0.290332 0.287669 0.301860 0.725923 0.726130 0.734091 0.733714 0.719433 0.708613 0.702508 0.688676 0.663563 0.634829 0.761966 0.740261 0.791953 0.788636 0.740804 0.857312 0.804761 0.854565 0.817985 0.884763 0.875320 0.852615 0.861353 0.774366 0.731753 0.703469 0.674944 0.650374 0.620980 0.590504 0.556841 0.517988 0.000000 0.000000 0.000000 0.000000 0.000000 0.000000 0.000000 0.000000 0.000000 0.000000 0.000000 0.000000 0.000000 0.000000 0.000000 0.000000 0.000000 0.000000 0.000000 0.000000 0.000000 0.000000 0.439821 0.436456 0.000000 0.000000 0.000000 0.000000 0.000000 0.000000 0.000000 0.000000 0.000000 0.000000 0.000000 0.000000 0.000000 0.000000 0.000000 0.616712 0.854153 1.048751 1.204137 1.350042 1.453128 1.548735 1.618388 1.646919 1.649330 1.681557 1.748702 1.774031 1.814672 1.856431 1.891195 1.917603 1.934872 1.937561 1.926333 1.916469 1.762799 1.726319 1.502503 0.959194 0.710146 0.598716 0.560994
0.000000 0.000000 0.000000 0.000000 0.000000 0.000000 0.000000 0.000000 0.000000 0.000000 0.000000 0.000000 0.000000 0.000000 0.000000 0.000000 0.000000 0.000000 0.000000 0.000000 0.000000 0.000000 0.000000 0.000000 0.000000 0.000000 0.000000 0.000000 0.000000 0.000000 0.000000 0.000000 0.000000 0.000000 0.000000 0.000000 0.000000 0.000000 0.000000 0.000000 0.000000 0.000000 0.000000 0.000000 0.000000 0.000000 0.000000 0.000000 0.000000 0.000000 0.000000 0.000000 0.000000 0.000000 0.000000 0.000000 0.000000 0.000000 0.000000 0.000000 0.000000 0.000000 0.000000 0.000000 0.000000 0.000000 0.000000 0.000000 0.000000 0.000000 0.385897 0.453524 0.499865 0.524130 0.537268 0.543311 0.529959 0.519108 0.488024 0.513063 0.578205 0.601640 0.613678 0.585679 0.627352 0.657743 0.678541 0.693436 0.704355 0.718926 0.683279 0.698522 0.710750 0.710434 0.707678 0.710849 0.712540 0.814324 0.779043 0.783237 0.780834 0.754553 0.718182 0.680601 0.493336 0.499751 0.503220 0.098967 0.060042 0.062679 0.061320 0.131502 0.198308 0.274248 0.347809 0.337324 0.614758 0.598786 0.600135 0.645512 0.728584 0.785974 0.785031 0.761686 0.752817 0.909812 0.891916 1.091902 0.841259 0.772804 0.717767 0.658671 0.604241 0.562032 0.496351 0.502194 0.488710 0.461204 0.450800 0.548791 0.585584 0.551338 0.573769 0.583660 0.601182 0.643981 0.662671 0.786234 0.919080 0.976344 1.097353 1.282020 1.462412 1.522788 1.398774 1.344424 1.321311 1.297139 1.281574 1.292626 1.307271 1.284944 1.264401 1.034308 1.018552 1.020144 1.013805 1.003376 0.999411 0.991878 0.972995 0.650293 0.625070 0.593481 0.544878 0.499230 0.473960 0.457927 0.431106 0.744194 0.734609 0.728719 0.715675 0.699110 0.696380 0.753220 0.817088 0.867522 0.853882 0.831542 0.970057 0.943277 0.911093 0.963316 0.929954 0.893430 0.846650 0.790276 0.705961 0.694157 0.683940 0.723476 0.694770 0.624518 0.595167 0.566775 0.548779 0.530187 0.511565 0.492540 0.467766 0.443571 0.413135 0.000000 0.000000 0.000000 0.000000 0.000000 0.000000 0.000000 0.000000 0.000000 0.000000 0.000000 0.000000 0.000000 0.000000 0.000000 0.000000 0.000000 0.000000 0.000000 0.000000 0.000000 0.000000 0.000000 0.000000 0.000000 0.000000 0.000000 0.000000 0.000000 0.000000 0.000000 0.000000 0.000000 0.000000 0.000000 0.000000 0.000000 0.000000 0.000000 0.000000 0.000000 0.619497 0.851234 1.032037 1.205383 1.368739 1.494907 1.598738 1.685173 1.706872 1.757041 1.786679 1.719179 1.865663 1.873640 1.916562 1.944500 1.968934 1.809150 1.629532 1.604046 1.590358 1.548682 1.001184 0.765550 0.644381 0.602998
0.000000 0.000000 0.000000 0.000000 0.000000 0.000000 0.000000 0.000000 0.000000 0.000000 0.000000 0.000000 0.000000 0.000000 0.000000 0.000000 0.000000 0.000000 0.000000 0.000000 0.000000 0.000000 0.000000 0.000000 0.000000 0.000000 0.000000 0.000000 0.000000 0.000000 0.000000 0.000000 0.000000 0.000000 0.000000 0.000000 0.000000 0.000000 0.000000 0.000000 0.000000 0.000000 0.000000 0.000000 0.000000 0.000000 0.000000 0.000000 0.000000 0.000000 0.000000 0.000000 0.000000 0.000000 0.000000 0.000000 0.000000 0.000000 0.000000 0.000000 0.000000 0.000000 0.000000 0.000000 0.000000 0.000000 0.000000 0.000000 0.000000 0.000000 0.000000 0.389356 0.436884 0.465885 0.497446 0.523899 0.509754 0.509581 0.539410 0.573411 0.606143 0.612080 0.625909 0.630963 0.632595 0.594900 0.674919 0.717390 0.737069 0.739966 0.731318 0.660193 0.856987 0.939231 1.007035 0.692346 0.697276 0.779846 0.799831 0.801965 0.796087 0.782634 0.752402 0.718765 0.680639 0.669886 0.617113 0.486986 0.485328 0.487296 0.128026 0.114971 0.107766 0.135163 0.184340 0.525548 0.503470 0.497962 0.617609 0.646919 0.737833 0.652052 0.650788 0.643622 0.642135 0.645657 0.785760 0.758837 0.729704 0.687375 0.678690 0.662903 0.605651 0.529335 0.000000 0.425335 0.495729 0.537396 0.630304 0.659985 0.675546 0.684371 0.698119 0.711409 0.758215 0.783309 0.934519 1.205175 1.361756 1.506348 1.632003 1.718692 1.757361 1.567933 1.398111 1.312907 1.272537 1.265174 1.239314 1.223442 1.247049 1.237558 1.210433 1.206104 1.263999 1.307155 1.154493 1.138847 1.126015 1.112478 1.096637 1.263358 1.249641 1.237963 1.224598 1.212895 1.017983 1.003245 0.974183 0.955747 0.916605 0.896811 0.881759 0.855096 0.881826 0.925393 0.931281 0.922969 0.912506 0.931751 1.063667 1.036325 0.997748 0.959725 1.002153 0.958999 0.918247 0.860921 0.806550 0.756103 0.702684 0.615398 0.556901 0.565165 0.530560 0.427064 0.430923 0.428718 0.421973 0.000000 0.000000 0.000000 0.000000 0.000000 0.000000 0.000000 0.000000 0.000000 0.000000 0.000000 0.000000 0.000000 0.000000 0.000000 0.000000 0.000000 0.000000 0.000000 0.000000 0.000000 0.000000 0.000000 0.000000 0.000000 0.000000 0.000000 0.000000 0.000000 0.000000 0.000000 0.000000 0.000000 0.000000 0.000000 0.000000 0.000000 0.000000 0.000000 0.000000 0.000000 0.000000 0.000000 0.000000 0.000000 0.000000 0.000000 0.597391 0.836668 1.019533 1.219383 1.391397 1.414878 1.518950 1.614259 1.641410 1.674551 1.517809 1.772920 1.579747 1.539295 1.565652 1.295030 1.271685 1.558236 1.571838 1.560657 1.016841 0.784559 0.629182 0.576096
0.000000 0.000000 0.000000 0.000000 0.000000 0.000000 0.000000 0.000000 0.000000 0.000000 0.000000 0.000000 0.000000 0.000000 0.000000 0.000000 0.000000 0.000000 0.000000 0.000000 0.000000 0.000000 0.000000 0.000000 0.000000 0.000000 0.000000 0.000000 0.000000 0.000000 0.000000 0.000000 0.000000 0.000000 0.000000 0.000000 0.000000 0.000000 0.000000 0.000000 0.000000 0.000000 0.000000 0.000000 0.000000 0.000000 0.000000 0.000000 0.000000 0.000000 0.000000 0.000000 0.000000 0.000000 0.000000 0.000000 0.000000 0.000000 0.000000 0.392680 0.506376 0.544438 0.566673 0.571546 0.568627 0.553631 0.527185 0.502372 0.479944 0.344636 0.000000 0.000000 0.430524 0.434386 0.387625 0.406041 0.416587 0.427275 0.461347 0.511753 0.565176 0.601289 0.616135 0.615566 0.625141 0.740033 0.636100 0.635152 0.669973 0.753952 0.765525 0.692456 0.540044 0.623616 0.609862 0.622181 0.646398 0.816241 0.707286 0.953342 0.783289 0.778641 0.777212 0.769597 0.745302 0.714001 0.690676 0.666215 0.594758 0.565808 0.616519 0.484012 0.489298 0.490930 0.609097 0.599160 0.470301 0.465253 0.589276 0.614829 0.762882 0.761629 0.736406 0.668113 0.644930 0.707445 0.941425 0.748782 0.650960 0.681082 0.690951 0.690438 0.670253 0.753877 0.723676 0.746212 0.796926 0.841028 0.854309 0.838271 0.806749 0.784380 0.772762 0.781591 0.879641 0.940682 0.979533 1.231505 1.382287 1.523754 1.631604 1.663867 1.633757 1.465840 1.230089 1.145883 1.090577 1.075300 1.058149 1.077165 1.135724 1.191443 1.200746 1.234452 1.308421 1.360686 1.394217 1.397773 1.354025 1.317049 1.278888 1.244636 1.233549 1.052521 1.234562 1.241807 1.247358 1.066745 1.051611 1.052148 1.058667 1.048655 1.037247 1.053595 1.090127 1.076799 1.012676 0.989293 0.987363 0.991382 0.984193 1.104700 1.066714 1.031318 0.989031 0.968240 0.938625 0.904695 0.855677 0.809028 0.763537 0.775185 0.729039 0.678514 0.621390 0.561257 0.424572 0.000000 0.000000 0.000000 0.000000 0.000000 0.000000 0.000000 0.000000 0.000000 0.000000 0.000000 0.000000 0.000000 0.000000 0.000000 0.000000 0.000000 0.000000 0.000000 0.000000 0.000000 0.000000 0.000000 0.000000 0.000000 0.000000 0.000000 0.000000 0.000000 0.000000 0.000000 0.000000 0.000000 0.000000 0.000000 0.000000 0.000000 0.000000 0.000000 0.000000 0.000000 0.000000 0.000000 0.000000 0.000000 0.000000 0.000000 0.000000 0.000000 0.000000 0.000000 0.568676 0.819688 0.990588 1.196528 1.367189 1.495336 1.599541 1.671654 1.702895 1.522515 1.519020 1.236809 1.102041 1.027781 1.048031 1.105216 1.538942 1.568344 0.978068 0.790999 0.621102 0.556335
0.000000 0.000000 0.000000 0.000000 0.000000 0.000000 0.000000 0.000000 0.000000 0.000000 0.000000 0.000000 0.000000 0.000000 0.000000 0.000000 0.000000 0.000000 0.000000 0.000000 0.000000 0.000000 0.000000 0.000000 0.000000 0.000000 0.000000 0.000000 0.000000 0.000000 0.000000 0.000000 0.000000 0.000000 0.000000 0.000000 0.000000 0.000000 0.000000 0.000000 0.000000 0.000000 0.000000 0.000000 0.000000 0.000000 0.000000 0.000000 0.000000 0.000000 0.000000 0.000000 0.000000 0.000000 0.390117 0.397787 0.396751 0.386562 0.380756 0.411484 0.452139 0.511941 0.570636 0.582628 0.599427 0.602986 0.596734 0.555587 0.557524 0.554101 0.546345 0.543734 0.562619 0.573320 0.564237 0.546124 0.527244 0.516830 0.567638 0.586846 0.614162 0.638710 0.651493 0.663332 0.667575 0.664652 0.650367 0.620891 0.635314 0.653295 0.676535 0.684340 0.694101 0.682928 0.982441 0.666878 0.610721 1.023123 0.717071 1.376609 0.735015 0.753654 0.776592 0.790769 0.778202 0.752963 0.729393 0.701416 0.806704 0.648402 0.668585 0.644027 0.529165 0.535029 0.534879 0.529995 0.520370 0.508477 0.504622 0.645809 0.644671 0.629088 0.651336 0.696868 0.587375 0.616771 0.653174 0.294436 0.762742 0.767966 0.787532 0.537429 0.797165 0.949509 0.956726 0.992567 1.043970 1.087348 1.090563 1.054092 1.002631 0.944920 0.915183 0.905383 0.901464 0.893494 0.895606 1.027032 1.136505 1.250528 1.337923 1.289842 1.237071 1.146433 1.087601 1.041855 1.012689 1.003075 0.908796 0.921919 0.785628 0.862655 1.129686 1.176840 1.258654 1.321465 1.353380 1.370459 1.320443 1.373533 1.223028 1.191286 1.203080 1.189273 1.193961 1.012504 1.199572 1.210795 1.022773 1.023678 1.047345 1.053183 1.052069 1.075931 1.122620 1.134471 1.102553 1.072732 1.050328 1.026184 1.002896 0.977617 0.646645 0.903183 0.889354 0.868984 1.016689 0.980201 0.944620 0.903802 0.857318 0.808073 0.756484 0.702403 0.645996 0.588504 0.459904 0.000000 0.000000 0.000000 0.000000 0.000000 0.000000 0.000000 0.000000 0.000000 0.000000 0.000000 0.000000 0.000000 0.000000 0.000000 0.000000 0.000000 0.000000 0.000000 0.000000 0.000000 0.000000 0.000000 0.000000 0.000000 0.000000 0.000000 0.000000 0.000000 0.000000 0.000000 0.000000 0.000000 0.000000 0.000000 0.000000 0.000000 0.000000 0.000000 0.000000 0.000000 0.000000 0.000000 0.000000 0.000000 0.000000 0.000000 0.000000 0.000000 0.000000 0.000000 0.000000 0.000000 0.607784 0.855849 1.079208 1.256639 1.410351 1.543660 1.640391 1.736003 1.548722 1.259007 1.157310 1.092080 0.988659 0.928644 0.970724 1.031602 0.966318 0.769690 0.584212 0.573011
0.000000 0.000000 0.000000 0.000000 0.000000 0.000000 0.000000 0.000000 0.000000 0.000000 0.000000 0.000000 0.000000 0.000000 0.000000 0.000000 0.000000 0.000000 0.000000 0.000000 0.000000 0.000000 0.000000 0.000000 0.000000 0.000000 0.000000 0.000000 0.000000 0.000000 0.000000 0.000000 0.000000 0.000000 0.000000 0.000000 0.000000 0.000000 0.000000 0.000000 0.000000 0.000000 0.000000 0.000000 0.000000 0.000000 0.000000 0.000000 0.000000 0.000000 0.000000 0.406660 0.456051 0.484038 0.500066 0.500082 0.492843 0.550485 0.529606 0.517936 0.557199 0.599130 0.621433 0.631408 0.630089 0.629235 0.643740 0.623237 0.644141 0.658982 0.661426 0.651640 0.636853 0.623327 0.650446 0.634333 0.610349 0.564856 0.552422 0.541012 0.577465 0.592045 0.703438 0.624182 0.634426 0.634663 0.631706 0.622007 0.603134 0.570884 0.590879 0.614947 0.622106 0.692833 0.733998 0.702228 0.683272 0.648416 0.625763 0.859145 0.676209 0.725836 0.767134 0.790277 0.721192 0.717922 0.713837 0.700376 0.677745 0.651513 0.527722 0.551220 0.568124 0.571537 0.570501 0.566150 0.561580 0.551412 0.664773 0.633437 0.633335 0.630920 0.689354 0.553081 0.590122 0.622933 0.266367 0.362400 0.475834 0.472701 0.773547 0.824447 1.030763 1.007657 1.016250 1.070834 1.139466 1.195095 1.213290 1.197367 1.155601 1.095371 1.027586 0.972421 0.919810 0.875375 0.938580 0.918687 0.882166 0.859440 0.850528 0.831788 0.860345 0.882688 0.892034 0.895156 0.895850 0.890116 0.879978 0.811183 0.694760 0.744801 0.816840 1.053577 1.145261 1.202162 1.249281 1.278526 1.272998 1.338560 1.321790 1.295786 1.166595 1.148240 1.142815 1.128660 1.129815 1.137846 1.143263 0.966354 0.983922 0.998817 1.008007 1.031944 1.077185 0.803627 0.811041 0.828548 0.807778 0.803412 0.728991 0.659369 0.638195 0.630932 0.921409 0.884684 0.843806 0.803677 0.764957 0.731980 0.693702 0.651994 0.609651 0.566227 0.523059 0.599597 0.507919 0.464650 0.000000 0.000000 0.000000 0.000000 0.000000 0.000000 0.000000 0.000000 0.000000 0.000000 0.000000 0.000000 0.000000 0.000000 0.000000 0.000000 0.000000 0.000000 0.000000 0.000000 0.000000 0.000000 0.000000 0.000000 0.000000 0.000000 0.000000 0.000000 0.000000 0.000000 0.000000 0.000000 0.000000 0.000000 0.000000 0.000000 0.000000 0.000000 0.000000 0.000000 0.000000 0.000000 0.000000 0.000000 0.000000 0.000000 0.000000 0.000000 0.000000 0.000000 0.000000 0.000000 0.413595 0.526809 0.691452 0.877364 1.072871 1.248516 1.389359 1.510360 1.587168 1.453820 1.477621 1.147184 1.040861 1.000346 0.960699 1.055666 0.947394 0.726317 0.575629 0.574199
0.000000 0.000000 0.000000 0.000000 0.000000 0.000000 0.000000 0.000000 0.000000 0.000000 0.000000 0.000000 0.000000 0.000000 0.000000 0.000000 0.000000 0.000000 0.000000 0.000000 0.000000 0.000000 0.000000 0.000000 0.000000 0.000000 0.000000 0.000000 0.000000 0.000000 0.000000 0.000000 0.000000 0.000000 0.000000 0.000000 0.000000 0.000000 0.000000 0.000000 0.000000 0.000000 0.000000 0.000000 0.000000 0.000000 0.000000 0.000000 0.000000 0.000000 0.000000 0.000000 0.000000 0.397722 0.438282 0.543594 0.575194 0.595015 0.611225 0.618917 0.617873 0.614223 0.606174 0.621323 0.625422 0.631681 0.635782 0.663638 0.651010 0.683322 0.696337 0.695198 0.681101 0.663047 0.521395 0.628896 0.651756 0.631019 0.580502 0.561593 0.539307 0.723797 0.496037 0.540080 0.557215 0.578313 0.592682 0.593280 0.579498 0.506571 0.479883 0.535543 0.564379 0.589617 0.676915 0.681011 0.676146 0.656302 0.631489 0.607690 0.591062 0.656090 0.707495 0.723812 0.712741 0.711577 0.670276 0.675299 0.679618 0.677481 0.667691 0.545672 0.568649 0.584674 0.594988 0.595668 0.590681 0.581721 0.570734 0.268420 0.728321 0.699023 0.668437 0.555326 0.270433 0.226440 0.199633 0.266202 0.321642 0.401241 0.568155 1.101131 1.112708 1.065429 1.018838 1.035404 1.113816 1.192730 1.244828 1.247324 1.217729 1.165763 1.126898 1.107472 1.108751 1.081963 1.155967 1.093840 1.013679 0.969083 0.948727 0.927294 0.891987 0.809486 0.733756 0.753197 0.764617 0.774294 0.780257 0.773413 0.719668 0.767199 0.854495 0.931643 1.004873 1.055476 1.100426 1.227044 1.250116 1.275540 1.295949 1.279667 1.258080 1.256639 1.242553 1.134469 1.103674 1.079778 1.070430 0.890173 0.565660 0.542546 0.537841 0.544859 0.578350 0.642238 0.724149 0.791360 0.841016 0.853862 1.094578 1.025702 0.978597 0.940193 0.913012 0.868470 0.821930 0.770743 0.723928 0.682826 0.645477 0.606886 0.569505 0.531977 0.494015 0.570831 0.530942 0.000000 0.000000 0.000000 0.000000 0.000000 0.000000 0.000000 0.000000 0.000000 0.000000 0.000000 0.000000 0.000000 0.000000 0.000000 0.000000 0.000000 0.000000 0.000000 0.000000 0.000000 0.000000 0.000000 0.000000 0.000000 0.000000 0.000000 0.000000 0.000000 0.000000 0.000000 0.000000 0.000000 0.000000 0.000000 0.000000 0.000000 0.000000 0.000000 0.000000 0.000000 0.000000 0.000000 0.000000 0.000000 0.000000 0.000000 0.000000 0.000000 0.000000 0.000000 0.000000 0.000000 0.000000 0.000000 0.453261 0.641357 0.773261 0.911095 1.100207 1.230465 1.373568 1.487670 1.572344 1.645056 1.480540 1.202438 1.198129 1.260878 0.938757 0.699858 0.602774 0.563256
0.000000 0.000000 0.000000 0.000000 0.000000 0.000000 0.000000 0.000000 0.000000 0.000000 0.000000 0.000000 0.000000 0.000000 0.000000 0.000000 0.000000 0.000000 0.000000 0.000000 0.000000 0.000000 0.000000 0.000000 0.000000 0.000000 0.000000 0.000000 0.000000 0.000000 0.000000 0.000000 0.000000 0.000000 0.000000 0.000000 0.000000 0.000000 0.000000 0.000000 0.000000 0.000000 0.000000 0.000000 0.000000 0.000000 0.000000 0.000000 0.398220 0.000000 0.000000 0.000000 0.465158 0.537710 0.596941 0.630947 0.665831 0.709036 0.730078 0.731984 0.716010 0.687354 0.659899 0.627016 0.601661 0.615638 0.628168 0.636929 0.653732 0.670307 0.647132 0.669206 0.544333 0.550995 0.551889 0.544487 0.530682 0.511213 0.627478 0.590036 0.563735 0.532628 0.497140 0.457893 0.430878 0.419915 0.506033 0.526844 0.479743 0.490812 0.488981 0.471575 0.450512 0.509527 0.536470 0.509331 0.511247 0.570937 0.580761 0.594158 0.621321 0.635696 0.625993 0.574219 0.617793 0.634420 0.620457 0.641886 0.696019 0.791500 0.691172 0.674025 0.549724 1.020959 0.713139 0.649933 0.680985 0.734438 0.976022 1.014283 1.022128 0.818388 0.838977 0.868003 0.899902 0.564224 0.542119 0.413245 0.415820 0.471581 0.543410 1.127673 1.204908 1.220858 1.161456 1.115486 1.133419 1.172772 1.200894 1.252046 1.248177 1.219164 1.220254 1.246155 1.231522 1.180759 1.119888 1.182396 1.161940 1.128312 1.097077 1.066544 1.044637 0.968227 0.868972 0.786296 0.711642 0.670958 0.668657 0.658602 0.583829 0.615051 0.715798 0.771618 0.836873 0.866959 0.776281 0.838719 0.897409 1.144638 1.204364 1.215404 1.256368 1.283650 1.236971 1.170117 1.115167 1.019728 0.875452 0.858294 0.872118 0.896069 0.907412 0.509847 0.526309 0.573204 0.655668 0.757503 1.154560 1.183322 1.164983 1.090417 1.027213 0.969479 0.926667 0.874022 0.834602 0.783897 0.408837 0.346076 0.293115 0.252134 0.222601 0.186813 0.623902 0.591706 0.582423 0.542323 0.438633 0.000000 0.000000 0.000000 0.000000 0.000000 0.000000 0.000000 0.000000 0.000000 0.000000 0.000000 0.000000 0.000000 0.000000 0.000000 0.000000 0.000000 0.000000 0.000000 0.000000 0.000000 0.000000 0.000000 0.000000 0.000000 0.000000 0.000000 0.000000 0.000000 0.000000 0.000000 0.000000 0.000000 0.000000 0.000000 0.000000 0.000000 0.000000 0.000000 0.000000 0.000000 0.000000 0.000000 0.000000 0.000000 0.000000 0.000000 0.000000 0.000000 0.000000 0.000000 0.000000 0.000000 0.000000 0.384719 0.529275 0.735579 0.843052 1.034598 1.176557 1.286343 1.369469 1.437719 1.472207 1.483205 1.519734 1.617268 0.915801 0.712220 0.584433 0.547087
0.000000 0.000000 0.000000 0.000000 0.000000 0.000000 0.000000 0.000000 0.000000 0.000000 0.000000 0.000000 0.000000 0.000000 0.000000 0.000000 0.000000 0.000000 0.000000 0.000000 0.000000 0.000000 0.000000 0.000000 0.000000 0.000000 0.000000 0.000000 0.000000 0.000000 0.000000 0.000000 0.000000 0.000000 0.000000 0.000000 0.000000 0.000000 0.000000 0.000000 0.000000 0.000000 0.000000 0.000000 0.000000 0.000000 0.000000 0.000000 0.000000 0.000000 0.000000 0.000000 0.004000 0.000000 0.000000 0.000000 0.459525 0.507508 0.557759 0.596243 0.620944 0.637684 0.653278 0.657143 0.652796 0.641146 0.629268 0.638956 0.595577 0.590137 0.638729 0.607953 0.506228 0.524165 0.537464 0.540907 0.533980 0.522512 0.505465 0.607293 0.587209 0.560819 0.529364 0.465922 0.426674 0.387550 0.000000 0.000000 0.394205 0.431658 0.460725 0.468493 0.462085 0.444016 0.416698 0.379110 0.000000 0.420144 0.447594 0.459331 0.565115 0.607222 0.614955 0.604322 0.561993 0.466118 0.550581 0.558831 0.578515 0.640222 0.630041 0.755621 0.925920 0.825342 1.087631 0.694704 0.841379 1.034956 1.074633 1.101605 0.889721 0.955541 1.010758 1.055674 0.691973 0.564635 0.584078 0.615556 0.499672 0.529908 0.485730 0.797401 0.860275 0.942238 0.971175 0.962867 1.126691 1.128953 1.162350 1.212312 1.234527 1.231957 1.237209 1.246813 1.227130 1.210380 1.210728 1.220833 1.314000 1.288009 1.247437 1.195855 1.123991 1.056575 0.992285 0.922914 0.852129 0.779221 0.708483 0.635568 0.515403 0.663709 0.761162 0.801243 0.780929 0.774710 0.796059 0.822122 0.873801 0.960505 1.061841 1.130498 1.232545 1.265993 1.208047 1.168083 1.169136 1.173215 1.156102 1.051220 1.088517 0.919322 0.914996 0.919733 0.925318 0.562125 0.616856 1.038802 1.083149 1.113222 1.099593 1.063538 1.040639 1.009468 0.965334 0.911649 0.881814 0.845267 0.808926 0.772115 0.733358 0.701395 0.668610 0.644068 0.620070 0.596874 0.571233 0.544389 0.662046 0.638203 0.615797 0.593037 0.578518 0.565187 0.586673 0.582173 0.575893 0.563121 0.485565 0.472927 0.457020 0.434142 0.000000 0.000000 0.000000 0.000000 0.000000 0.000000 0.000000 0.000000 0.000000 0.000000 0.000000 0.000000 0.000000 0.000000 0.000000 0.000000 0.000000 0.000000 0.000000 0.000000 0.000000 0.000000 0.000000 0.000000 0.000000 0.000000 0.000000 0.000000 0.000000 0.000000 0.000000 0.000000 0.000000 0.000000 0.000000 0.000000 0.000000 0.000000 0.000000 0.000000 0.000000 0.000000 0.460913 0.616769 0.800968 0.993122 1.151655 1.149061 1.190304 1.231993 1.248519 1.254479 1.272749 1.119039 0.700266 0.558450 0.478393 0.469354
0.000000 0.000000 0.000000 0.000000 0.000000 0.000000 0.000000 0.000000 0.000000 0.000000 0.000000 0.000000 0.000000 0.000000 0.000000 0.000000 0.000000 0.000000 0.000000 0.000000 0.000000 0.000000 0.000000 0.000000 0.000000 0.000000 0.000000 0.000000 0.000000 0.000000 0.000000 0.000000 0.000000 0.000000 0.000000 0.000000 0.000000 0.000000 0.000000 0.000000 0.000000 0.000000 0.000000 0.000000 0.000000 0.000000 0.000000 0.000000 0.000000 0.000000 0.000000 0.000000 0.000000 0.000000 0.000000 0.565893 0.534634 0.413259 0.000000 0.384386 0.460371 0.526084 0.571876 0.607407 0.626578 0.645917 0.684102 0.704096 0.703915 0.680889 0.652603 0.625804 0.583766 0.598611 0.488166 0.503432 0.513583 0.517240 0.513426 0.502764 0.488883 0.597096 0.578003 0.554806 0.530497 0.499325 0.420559 0.398283 0.000000 0.000000 0.000000 0.410094 0.423629 0.426092 0.417953 0.392996 0.000000 0.000000 0.000000 0.000000 0.415484 0.442012 0.546758 0.574766 0.582432 0.551205 0.524540 0.562080 0.599392 0.592430 0.648633 0.625029 0.599944 0.702179 0.829291 0.936292 1.064135 1.134091 1.171815 0.917714 0.920521 0.994799 0.656925 0.664303 0.645644 0.602779 0.523754 0.466111 0.451660 0.466334 0.481811 0.503424 0.846646 0.862940 0.860494 0.839840 0.823812 0.839711 0.918721 1.183300 1.203228 1.060920 1.062132 1.062014 1.059542 1.056222 1.049074 1.053008 1.054071 1.198292 1.182956 1.253837 1.205921 1.154516 1.002166 0.965159 0.912457 0.841686 0.771576 0.700038 0.626810 0.586276 0.588704 0.556532 0.559266 0.627610 0.686965 0.701482 0.707993 0.759981 0.851201 0.927427 1.069231 1.130355 1.132010 1.157063 1.193369 1.200737 1.185803 1.144239 1.028438 1.061474 0.882012 0.841969 0.838672 0.847336 0.900669 0.978334 1.042131 1.091529 1.107704 1.111487 1.090072 1.060683 1.042295 1.008973 0.982016 0.952899 0.928712 0.900405 0.875565 0.850512 0.818210 0.788413 0.758097 0.723530 0.856689 0.818665 0.780202 0.747927 0.725126 0.713764 0.707393 0.696368 0.683262 0.665909 0.642577 0.659796 0.623872 0.552348 0.520905 0.492469 0.459273 0.424257 0.000000 0.000000 0.000000 0.000000 0.000000 0.000000 0.000000 0.000000 0.000000 0.000000 0.000000 0.000000 0.000000 0.000000 0.000000 0.000000 0.000000 0.000000 0.000000 0.000000 0.000000 0.000000 0.000000 0.000000 0.000000 0.000000 0.000000 0.000000 0.000000 0.000000 0.000000 0.000000 0.000000 0.000000 0.000000 0.000000 0.000000 0.000000 0.000000 0.000000 0.449549 0.559424 0.690914 0.853466 1.012506 1.095026 1.122890 1.230478 1.198675 1.120293 0.896414 0.882759 0.865215 0.409274 0.378905 0.433502
0.000000 0.000000 0.000000 0.000000 0.000000 0.000000 0.000000 0.000000 0.000000 0.000000 0.000000 0.000000 0.000000 0.000000 0.000000 0.000000 0.000000 0.000000 0.000000 0.000000 0.000000 0.000000 0.000000 0.000000 0.000000 0.000000 0.000000 0.000000 0.000000 0.000000 0.000000 0.000000 0.000000 0.000000 0.000000 0.000000 0.000000 0.000000 0.000000 0.000000 0.000000 0.000000 0.000000 0.000000 0.000000 0.000000 0.000000 0.000000 0.000000 0.000000 0.000000 0.000000 0.000000 0.000000 0.507619 0.000000 0.000000 0.458263 0.000000 0.000000 0.000000 0.474544 0.494603 0.547457 0.587201 0.623247 1.124543 0.656140 0.694818 0.701329 0.697881 0.683551 0.670747 0.652101 0.630692 0.592707 0.600848 0.608664 0.487460 0.489769 0.487594 0.478030 0.465799 0.571420 0.553727 0.535194 0.513661 0.508610 0.439241 0.420566 0.394592 0.000000 0.000000 0.000000 0.000000 0.000000 0.000000 0.000000 0.000000 0.381202 0.520351 0.564998 0.605556 0.674834 0.516675 0.532824 0.561306 0.728355 0.707177 0.560447 0.565435 0.668348 0.664502 0.573197 0.679045 0.799807 0.889729 0.944100 1.022931 0.975555 0.584155 0.668509 0.748466 0.739199 0.690716 0.610331 0.516228 0.425930 0.370255 0.334361 0.329815 0.330271 0.342438 0.378129 0.784330 0.785928 0.796493 0.800816 0.828314 0.864802 0.490278 0.509729 0.577275 0.627743 0.675531 0.710263 0.709734 0.719918 1.029690 1.044990 1.042226 1.012456 0.953369 0.945255 0.959424 0.941459 1.027449 0.936574 0.859337 0.788597 0.719701 0.652809 0.636174 0.581399 0.535218 0.416752 0.545741 0.622737 0.650485 0.642900 0.671927 0.769574 0.838811 0.919233 1.021269 1.125054 1.207535 1.249983 1.233584 1.186951 1.129711 1.043444 1.016547 0.899733 0.745592 0.761437 0.809546 0.862289 0.921199 0.972159 1.012554 1.034966 1.031577 1.022075 0.998186 0.979743 0.958296 0.945486 0.943944 0.932877 0.907706 0.885010 0.861033 0.828903 0.796435 0.769589 0.738005 0.715412 0.691352 0.673815 0.659059 0.811019 0.800489 0.784327 0.763070 0.734628 0.699194 0.655488 0.650275 0.576177 0.546281 0.512050 0.479923 0.447794 0.413708 0.000000 0.000000 0.000000 0.000000 0.000000 0.000000 0.000000 0.000000 0.000000 0.000000 0.000000 0.000000 0.000000 0.000000 0.000000 0.000000 0.000000 0.000000 0.000000 0.000000 0.000000 0.000000 0.000000 0.000000 0.000000 0.000000 0.000000 0.000000 0.000000 0.000000 0.000000 0.000000 0.000000 0.000000 0.000000 0.000000 0.000000 0.000000 0.000000 0.446942 0.509361 0.668571 0.896170 1.028622 1.057467 1.004823 1.085824 1.174946 1.141354 0.828540 0.794638 0.755320 0.731475 0.736355 0.755807
0.000000 0.000000 0.000000 0.000000 0.000000 0.000000 0.000000 0.000000 0.000000 0.000000 0.000000 0.000000 0.000000 0.000000 0.000000 0.000000 0.000000 0.000000 0.000000 0.000000 0.000000 0.000000 0.000000 0.000000 0.000000 0.000000 0.000000 0.000000 0.000000 0.000000 0.000000 0.000000 0.000000 0.000000 0.000000 0.000000 0.000000 0.000000 0.000000 0.000000 0.000000 0.000000 0.000000 0.000000 0.000000 0.000000 0.000000 0.000000 0.000000 0.000000 0.000000 0.000000 0.000000 0.000000 0.000000 0.000000 0.000000 0.000000 0.000000 0.000000 0.000000 0.000000 0.000000 0.443367 0.502438 0.555832 0.597675 0.627790 0.651493 0.665215 0.667802 0.661269 0.668248 0.662857 0.654601 0.638424 0.618384 0.609862 0.574460 0.574896 0.573935 0.567873 0.561656 0.555187 0.545966 0.532329 0.538164 0.514677 0.490760 0.400441 0.000000 0.000000 0.000000 0.004000 0.000000 0.000000 0.383684 0.583703 0.648931 0.707290 0.709029 0.763575 0.807941 0.856666 0.888973 0.753925 0.770956 0.766297 0.922569 0.910895 0.894563 0.868886 0.846535 0.845124 0.704979 0.453777 0.495876 0.517122 0.490856 0.442401 0.417203 0.603245 1.088613 0.771522 0.590882 0.559147 0.536716 0.464562 0.384998 0.331048 0.282790 0.278077 0.315882 0.360446 0.401501 0.467434 0.870548 0.503034 0.403640 0.348113 0.322410 0.340255 0.394088 0.452117 0.524623 0.571298 0.607154 0.649396 0.707938 1.017369 1.011016 0.966500 0.933773 0.898183 0.874211 0.852503 0.807473 0.754788 0.700576 0.651005 0.601655 0.696699 0.646586 0.608473 0.609333 0.575626 0.541986 0.000000 0.479730 0.548152 0.576084 0.567158 0.616439 0.725328 0.844903 0.986086 1.118328 1.206570 1.200215 1.161584 1.120236 1.037383 0.940616 0.852709 0.819765 0.867442 0.923907 0.961612 0.783159 0.813206 0.859189 0.897940 0.919910 0.935107 0.936853 0.946779 0.939124 0.929999 0.928893 0.919844 0.900287 0.880438 0.865809 0.849170 0.826350 0.805069 0.782577 0.756991 0.738324 0.725328 0.714923 0.709261 0.703943 0.856937 0.823861 0.780818 0.734321 0.680719 0.631090 0.568216 0.540785 0.511493 0.482796 0.452051 0.418800 0.000000 0.000000 0.000000 0.000000 0.000000 0.000000 0.000000 0.000000 0.000000 0.000000 0.000000 0.000000 0.000000 0.000000 0.000000 0.000000 0.000000 0.000000 0.000000 0.000000 0.000000 0.000000 0.000000 0.000000 0.000000 0.000000 0.000000 0.000000 0.000000 0.000000 0.000000 0.000000 0.000000 0.000000 0.000000 0.000000 0.000000 0.000000 0.000000 0.429135 0.529940 0.679118 0.868838 1.017318 1.063825 1.020127 0.959592 0.940076 0.915403 0.880439 0.869159 0.659582 0.654051 0.672015 0.697061
0.000000 0.000000 0.000000 0.000000 0.000000 0.000000 0.000000 0.000000 0.000000 0.000000 0.000000 0.000000 0.000000 0.000000 0.000000 0.000000 0.000000 0.000000 0.000000 0.000000 0.000000 0.000000 0.000000 0.000000 0.000000 0.000000 0.000000 0.000000 0.000000 0.000000 0.000000 0.000000 0.000000 0.000000 0.000000 0.000000 0.000000 0.000000 0.000000 0.000000 0.000000 0.000000 0.000000 0.000000 0.000000 0.000000 0.000000 0.000000 0.000000 0.000000 0.000000 0.000000 0.000000 0.000000 0.000000 0.000000 0.000000 0.000000 0.000000 0.000000 0.000000 0.000000 0.000000 0.000000 0.000000 0.000000 0.435227 0.487824 0.530785 0.564060 0.582938 0.594006 0.579159 0.595716 0.586400 0.604866 0.596963 0.583150 0.569148 0.563479 0.557235 0.551471 0.547120 0.537187 0.525774 0.513506 0.442426 0.425611 0.409315 0.385228 0.000000 0.000000 0.000000 0.000000 0.408087 0.552232 0.583149 0.674587 0.748450 0.802081 0.863256 0.922985 0.967351 1.003177 1.431690 1.040202 1.037580 1.026830 1.035529 1.040326 1.031616 1.010021 0.990286 0.977157 0.970201 0.967008 0.791929 0.790316 0.447348 0.437068 0.350218 0.311268 0.357098 0.470368 0.549507 0.478194 0.380956 0.319279 0.369018 0.349638 0.348364 0.342498 0.342421 0.387210 0.450058 0.535324 0.497840 0.472479 0.500676 0.496560 0.469722 0.449017 0.409204 0.396647 0.405303 0.416653 0.431039 0.789583 0.816447 0.826808 0.871009 1.101156 1.077974 0.990822 0.951789 0.931794 0.910352 0.881181 0.851192 0.813783 0.780433 0.736247 0.687492 0.644443 0.607820 0.570846 0.549466 0.530288 0.000000 0.000000 0.000000 0.466877 0.491600 0.486232 0.609738 0.744113 0.903282 1.033665 1.094705 1.111552 1.090546 1.016884 0.917519 0.815556 0.850563 0.826216 0.846514 0.878254 0.923766 0.975346 0.795927 0.808752 0.843733 0.867583 0.896980 0.922775 0.943902 0.949421 0.948652 0.945747 0.939730 0.943362 0.935830 0.910730 0.875273 0.841097 0.815835 0.796403 0.786176 0.778469 0.774554 0.768859 0.758374 0.742772 0.881193 0.837947 0.792598 0.745764 0.699210 0.652900 0.658860 0.623700 0.592964 0.561453 0.528286 0.424284 0.000000 0.000000 0.000000 0.000000 0.000000 0.000000 0.000000 0.000000 0.000000 0.000000 0.000000 0.000000 0.000000 0.000000 0.000000 0.000000 0.000000 0.000000 0.000000 0.000000 0.000000 0.000000 0.000000 0.000000 0.000000 0.000000 0.000000 0.000000 0.000000 0.000000 0.000000 0.000000 0.000000 0.000000 0.000000 0.000000 0.000000 0.000000 0.386048 0.502261 0.620441 0.749980 0.877396 0.941663 0.923396 0.882379 0.844548 0.835656 0.777171 0.807192 0.614221 0.615107 0.624758 0.652152
0.000000 0.000000 0.000000 0.000000 0.000000 0.000000 0.000000 0.000000 0.000000 0.000000 0.000000 0.000000 0.000000 0.000000 0.000000 0.000000 0.000000 0.000000 0.000000 0.000000 0.000000 0.000000 0.000000 0.000000 0.000000 0.000000 0.000000 0.000000 0.000000 0.000000 0.000000 0.000000 0.000000 0.000000 0.000000 0.000000 0.000000 0.000000 0.000000 0.000000 0.000000 0.000000 0.000000 0.000000 0.000000 0.000000 0.000000 0.000000 0.000000 0.000000 0.000000 0.000000 0.000000 0.000000 0.000000 0.000000 0.000000 0.000000 0.000000 0.000000 0.000000 0.000000 0.000000 0.000000 0.000000 0.000000 0.000000 0.000000 0.000000 0.000000 0.433883 0.463006 0.486883 0.501089 0.504507 0.499944 0.494314 0.524207 0.554531 0.572340 0.614383 0.618315 0.610554 0.597106 0.578279 0.536831 0.537959 0.539888 0.533232 0.542378 0.490132 0.490396 0.487503 0.471612 0.501559 0.636721 0.745220 0.823105 0.822365 0.872662 0.934836 1.003276 1.060534 1.782376 1.107609 1.102450 1.095980 1.088522 1.084420 1.081011 1.069730 1.052863 1.027676 1.013686 0.998818 0.982063 0.955791 0.934786 0.754325 0.761478 0.766156 0.788967 0.387686 0.449064 0.474970 0.405505 0.316582 0.304359 0.313201 0.319317 0.340029 0.345771 0.340063 0.398647 0.434743 0.460685 0.496284 0.516264 0.509609 0.481154 0.426504 0.380193 0.374732 0.405553 0.453610 0.735341 0.694923 0.812436 0.643466 0.633333 0.841529 0.894874 0.843726 0.802140 0.792221 0.783691 0.778307 0.774166 0.767266 0.752922 0.743440 0.725782 0.697129 0.664211 0.622002 0.607448 0.491676 0.443596 0.000000 0.000000 0.000000 0.000000 0.000000 0.000000 0.000000 0.000000 0.582593 0.775158 0.914480 1.002215 1.028801 0.976538 0.901675 0.819347 0.837069 0.820353 0.768180 0.748148 0.828940 0.924566 1.000534 0.879743 0.905748 0.895529 0.899297 0.933750 0.968371 0.985540 0.999107 1.030414 1.050001 1.039400 1.030083 1.026177 0.999488 0.951860 0.899405 0.862487 0.839108 0.825948 0.823064 0.819924 0.811870 0.794586 0.943887 0.905415 0.861947 0.811052 0.765452 0.718156 0.673634 0.686420 0.650960 0.625273 0.600840 0.580522 0.560120 0.533557 0.000000 0.000000 0.000000 0.000000 0.000000 0.000000 0.000000 0.000000 0.000000 0.000000 0.000000 0.000000 0.000000 0.000000 0.000000 0.000000 0.000000 0.000000 0.000000 0.000000 0.000000 0.000000 0.000000 0.000000 0.000000 0.000000 0.000000 0.000000 0.000000 0.000000 0.000000 0.000000 0.000000 0.000000 0.000000 0.000000 0.000000 0.418025 0.501094 0.557356 0.661755 0.739234 0.747880 0.743495 0.732082 0.745874 0.785833 0.849000 0.748506 0.586798 0.580897 0.675706
0.000000 0.000000 0.000000 0.000000 0.000000 0.000000 0.000000 0.000000 0.000000 0.000000 0.000000 0.000000 0.000000 0.000000 0.000000 0.000000 0.000000 0.000000 0.000000 0.000000 0.000000 0.000000 0.000000 0.000000 0.000000 0.000000 0.000000 0.000000 0.000000 0.000000 0.000000 0.000000 0.000000 0.000000 0.000000 0.000000 0.000000 0.000000 0.000000 0.000000 0.000000 0.000000 0.000000 0.000000 0.000000 0.000000 0.000000 0.000000 0.000000 0.000000 0.000000 0.000000 0.000000 0.000000 0.000000 0.000000 0.000000 0.000000 0.000000 0.000000 0.000000 0.000000 0.000000 0.000000 0.000000 0.000000 0.000000 0.000000 0.403800 0.459951 0.519984 0.588337 0.654949 0.716458 0.767908 0.810656 0.835391 0.869610 0.912833 0.945657 0.960478 0.956141 0.920201 0.886826 0.794361 0.776374 0.759898 0.797609 0.754076 0.702972 0.661911 0.627582 0.558820 0.533921 0.580367 0.695175 0.800780 0.800379 0.899477 0.849969 0.887734 0.930441 1.239077 1.010611 1.047287 1.085417 1.110850 1.132900 1.123054 1.087138 1.047495 1.003791 0.965161 0.942332 0.935852 0.940931 0.936001 0.919125 0.914019 0.920779 0.746467 0.732540 0.716739 0.693116 0.693468 0.715919 0.387088 0.390880 0.362608 0.360585 0.348022 0.331812 0.402897 0.424842 0.456785 0.466410 0.447466 0.388360 0.334976 0.283820 0.268373 0.277309 0.316787 0.365705 0.399512 0.693564 0.679264 0.791940 0.757749 0.730167 0.581278 0.577514 0.575406 0.572074 0.561431 0.546814 0.538780 0.537215 0.534457 0.532888 0.536445 0.536226 0.664143 0.647941 0.632918 0.613462 0.622001 0.597554 0.570074 0.538359 0.431378 0.000000 0.000000 0.000000 0.000000 0.000000 0.000000 0.555343 0.710091 0.820750 0.907741 0.914683 0.850935 0.777839 0.773195 0.731543 0.668796 0.638652 0.756942 0.805748 0.893817 0.778582 1.000591 0.860092 0.898492 0.942567 0.999399 1.035965 1.064821 1.090972 1.151266 1.156740 1.142408 1.107341 1.066047 1.005276 0.952305 0.911408 0.883925 0.869990 0.866175 0.858901 0.849513 0.833815 0.982850 0.942297 0.892874 0.839122 0.797177 0.756343 0.721690 0.688815 0.662533 0.639626 0.616698 0.626877 0.602667 0.516096 0.570163 0.496318 0.494661 0.494612 0.494282 0.490939 0.482396 0.467627 0.450683 0.424908 0.000000 0.000000 0.000000 0.000000 0.000000 0.000000 0.000000 0.000000 0.000000 0.000000 0.000000 0.000000 0.000000 0.000000 0.000000 0.000000 0.000000 0.000000 0.000000 0.000000 0.000000 0.000000 0.000000 0.000000 0.000000 0.000000 0.000000 0.000000 0.000000 0.000000 0.000000 0.462324 0.535944 0.586900 0.628160 0.648162 0.724092 0.786995 0.760663 0.684864 0.536407 0.817781
0.000000 0.000000 0.000000 0.000000 0.000000 0.000000 0.000000 0.000000 0.000000 0.000000 0.000000 0.000000 0.000000 0.000000 0.000000 0.000000 0.000000 0.000000 0.000000 0.000000 0.000000 0.000000 0.000000 0.000000 0.000000 0.000000 0.000000 0.000000 0.000000 0.000000 0.000000 0.000000 0.000000 0.000000 0.000000 0.000000 0.000000 0.000000 0.000000 0.000000 0.000000 0.000000 0.000000 0.000000 0.000000 0.000000 0.000000 0.000000 0.000000 0.000000 0.000000 0.000000 0.000000 0.000000 0.000000 0.000000 0.000000 0.000000 0.004000 0.401767 0.452135 0.497241 0.524862 0.555383 0.592418 0.637563 0.689479 0.723090 0.744631 0.760877 0.792889 0.824855 0.879116 0.942342 1.002532 1.051907 1.088754 1.117547 1.155062 1.183327 1.197560 1.184434 1.135495 1.081388 1.060931 1.039963 1.001086 0.952837 0.878730 0.804916 0.745796 0.690664 0.637701 0.588966 0.571390 0.622228 0.714477 0.769674 0.765538 0.661109 0.631342 0.617842 0.628514 0.763781 0.867260 0.970534 1.089015 1.146221 1.175453 1.157707 1.115667 1.042084 0.972460 0.925893 0.908061 0.904799 0.896498 0.875472 0.868605 0.868369 0.872360 0.859810 0.674949 0.647120 0.774257 0.656075 0.294679 0.316042 0.394779 0.464445 0.494138 0.529310 0.525728 0.580269 0.592659 0.566047 0.514429 0.399261 0.358027 0.308137 0.259187 0.224608 0.255467 0.309409 0.366146 0.718010 0.873937 0.846249 0.818963 0.791947 0.755031 0.724760 0.713527 0.711803 0.703158 0.698492 0.703909 0.699848 0.691487 0.730923 0.713254 0.700676 0.695563 0.697136 0.698090 0.693305 0.681584 0.664728 0.643400 0.611401 0.572705 0.469399 0.439929 0.000000 0.000000 0.000000 0.000000 0.000000 0.493983 0.696940 0.719780 0.767592 0.719921 0.674748 0.695233 0.694687 0.685516 0.677478 0.684257 0.719249 0.806356 0.817133 0.887591 0.957419 1.019716 0.899804 0.932898 0.993554 1.045995 1.088065 1.129964 1.183859 1.405662 1.146954 1.080709 1.009027 0.958826 0.928514 0.915451 0.916162 0.918713 0.924188 0.916224 0.905465 1.074599 1.025250 0.972395 0.924131 0.897428 0.877073 0.854338 0.831623 0.814209 0.869725 0.844803 0.816821 0.793944 0.773740 0.748488 0.727162 0.704492 0.681153 0.656759 0.589253 0.573730 0.557467 0.531094 0.500696 0.463516 0.423898 0.000000 0.000000 0.000000 0.000000 0.000000 0.000000 0.000000 0.000000 0.000000 0.000000 0.000000 0.000000 0.000000 0.000000 0.000000 0.000000 0.000000 0.000000 0.000000 0.000000 0.000000 0.000000 0.000000 0.000000 0.000000 0.000000 0.000000 0.000000 0.000000 0.000000 0.000000 0.456322 0.535702 0.598990 0.627859 0.689189 0.671469 0.662456 0.634713 0.815393
0.000000 0.000000 0.000000 0.000000 0.000000 0.000000 0.000000 0.000000 0.000000 0.000000 0.000000 0.000000 0.000000 0.000000 0.000000 0.000000 0.000000 0.000000 0.000000 0.000000 0.000000 0.000000 0.000000 0.000000 0.000000 0.000000 0.000000 0.000000 0.000000 0.000000 0.000000 0.000000 0.000000 0.000000 0.000000 0.000000 0.000000 0.000000 0.000000 0.000000 0.000000 0.000000 0.000000 0.000000 0.000000 0.000000 0.000000 0.000000 0.000000 0.000000 0.000000 0.406700 0.480462 0.538916 0.578025 0.614587 0.633936 0.658562 0.678216 0.697572 0.724805 0.748801 0.767317 0.791860 0.830834 0.876978 0.915665 0.952854 0.974945 0.980247 0.999440 1.029419 1.061676 1.096426 1.135517 1.177464 1.206756 1.226110 1.247926 1.265776 1.275480 1.265640 1.206236 1.157660 1.147787 1.118984 1.068396 0.999997 0.937013 0.874975 0.803257 0.741344 0.711971 0.698429 0.668705 0.608193 0.577237 0.596204 0.526290 0.556669 0.582541 0.761436 0.607177 0.653681 0.740279 0.895595 1.066001 1.269993 1.215044 1.136840 1.026416 1.002183 0.971573 0.937034 0.895225 0.866362 0.692444 0.666868 0.812448 0.808974 0.655590 0.658475 0.657768 0.647784 0.781592 0.800369 0.760773 0.907290 0.645038 0.613912 0.686561 0.715052 0.747106 0.738964 0.715920 0.708182 0.722715 0.668932 0.605176 0.539377 0.457594 0.353261 0.304210 0.338006 0.744782 0.731435 0.733183 0.732487 0.731718 0.890181 0.873240 0.860618 0.839695 0.898263 0.873884 0.846324 0.825218 0.817843 0.807376 0.794329 0.767382 0.754176 0.742206 0.722945 0.698394 0.678968 0.655590 0.630941 0.611782 0.584583 0.555959 0.522449 0.493815 0.461055 0.426145 0.000000 0.000000 0.000000 0.000000 0.000000 0.479404 0.658865 0.752049 0.828287 0.887705 0.905963 0.941309 0.976512 0.992608 0.990661 0.962793 0.942450 0.966876 1.004905 1.048548 1.111619 1.069014 0.953000 1.010264 1.067819 1.111779 1.351470 1.358735 1.346263 1.332504 1.102470 1.047425 1.009005 0.995659 1.001654 1.026309 1.048312 1.056516 1.045514 1.023495 1.172851 1.121567 1.080818 1.045479 1.035996 1.023113 1.092409 1.054808 1.021927 0.981484 0.945428 0.912527 0.879926 0.777599 0.754313 0.727985 0.699004 0.717644 0.680639 0.609242 0.582623 0.556879 0.524676 0.493507 0.456758 0.417480 0.000000 0.000000 0.000000 0.000000 0.000000 0.000000 0.000000 0.000000 0.000000 0.000000 0.000000 0.000000 0.000000 0.000000 0.000000 0.000000 0.000000 0.000000 0.000000 0.000000 0.000000 0.000000 0.000000 0.000000 0.000000 0.000000 0.000000 0.000000 0.000000 0.000000 0.000000 0.437780 0.512400 0.560204 0.557873 0.583616 0.598857 0.597128 0.871447
0.000000 0.000000 0.000000 0.000000 0.000000 0.000000 0.000000 0.000000 0.000000 0.000000 0.000000 0.000000 0.000000 0.000000 0.000000 0.000000 0.000000 0.000000 0.000000 0.000000 0.000000 0.000000 0.000000 0.000000 0.000000 0.000000 0.000000 0.000000 0.000000 0.000000 0.000000 0.000000 0.000000 0.000000 0.000000 0.000000 0.000000 0.000000 0.000000 0.000000 0.000000 0.000000 0.000000 0.000000 0.000000 0.000000 0.427339 0.526347 0.597820 0.640687 0.683019 0.723059 0.754753 0.769264 0.782697 0.797263 0.808921 0.823250 0.839287 0.855831 0.871734 0.903845 0.931029 0.958241 1.008531 1.047090 1.087427 1.119506 1.134790 1.057708 1.061957 1.062120 1.138241 1.143413 1.139179 1.136647 1.139799 1.143505 1.150119 1.153139 1.143764 1.131764 1.113560 1.098186 1.076757 1.031475 0.970399 0.942350 0.921732 0.880316 0.809405 0.743630 0.754014 0.776061 0.783093 0.776146 0.753913 0.725442 0.706002 0.685464 0.648928 0.582464 0.523751 0.468841 0.432492 0.506088 0.625412 0.730807 0.832265 0.882364 0.915035 0.941788 0.937025 0.772276 0.733969 0.700928 0.651979 0.625590 0.612038 0.604133 0.603952 0.611333 0.633362 0.646810 0.785733 0.812034 0.967746 1.071682 0.849396 0.844665 0.823588 0.839061 0.825157 1.127673 1.148185 1.145527 1.137592 0.804924 0.780677 0.694067 0.598907 0.518662 0.476993 0.788335 0.758407 0.757493 0.772368 0.793784 0.802829 0.813910 0.828036 1.002099 1.007417 1.008517 0.987988 0.967713 0.951001 0.915921 0.866023 0.810348 0.834530 0.810842 0.780613 0.757798 0.733658 0.709497 0.691080 0.675163 0.654484 0.629658 0.605592 0.573675 0.548779 0.516859 0.487650 0.456378 0.423558 0.000000 0.000000 0.000000 0.419361 0.618529 0.753965 0.868143 0.970923 1.013817 1.048104 1.084629 1.110290 1.123067 1.126704 1.118837 1.068575 1.029776 1.040737 1.086833 1.145461 1.092509 1.146793 1.201120 1.271577 1.346509 1.410560 1.451847 1.471883 1.479713 1.486361 1.252162 1.226877 1.216879 1.209531 1.193752 1.181423 1.171365 1.148916 1.123019 1.266598 1.220107 1.178977 1.144519 1.217280 1.177753 1.141194 1.096145 1.056096 0.917460 0.880881 0.847165 0.814455 0.781845 0.746372 0.769161 0.730190 0.685483 0.646813 0.573209 0.545416 0.512261 0.480694 0.448788 0.414340 0.000000 0.000000 0.000000 0.000000 0.000000 0.000000 0.000000 0.000000 0.000000 0.000000 0.000000 0.000000 0.000000 0.000000 0.000000 0.000000 0.000000 0.000000 0.000000 0.000000 0.000000 0.000000 0.000000 0.000000 0.000000 0.000000 0.000000 0.000000 0.000000 0.000000 0.000000 0.000000 0.398981 0.444074 0.439766 0.416602 0.533035 0.549577 0.846286
0.000000 0.000000 0.000000 0.000000 0.000000 0.000000 0.000000 0.000000 0.000000 0.000000 0.000000 0.000000 0.000000 0.000000 0.000000 0.000000 0.000000 0.000000 0.000000 0.000000 0.000000 0.000000 0.000000 0.000000 0.000000 0.000000 0.000000 0.000000 0.000000 0.000000 0.000000 0.000000 0.000000 0.000000 0.440098 0.000000 0.000000 0.000000 0.000000 0.000000 0.000000 0.000000 0.000000 0.000000 0.440590 0.541177 0.625917 0.698161 0.796080 0.813719 0.847345 0.865757 0.865221 0.853440 0.847141 0.830670 0.832153 0.843211 0.876156 0.852410 0.887275 0.967195 0.974615 1.005505 1.055889 1.073037 1.074193 1.148170 1.368816 1.273428 1.060861 1.027285 0.986050 0.946816 0.898564 0.887043 0.870702 1.213199 1.035031 1.016884 0.887964 0.873569 0.862745 0.850013 0.839599 0.847040 0.873548 0.888389 0.895641 0.880169 0.837399 0.791018 0.817453 0.844777 0.862003 0.867873 0.871536 0.869115 0.854983 0.844622 0.811369 0.752930 0.675458 0.597423 0.527869 0.467239 0.506059 0.655079 0.689357 0.748494 0.794413 0.859197 0.875035 0.720684 0.715523 0.696142 0.618826 0.600884 0.594381 0.571266 0.553345 0.563937 0.580393 0.621758 0.876107 1.018598 0.984537 1.079382 1.143742 1.336920 1.328359 1.305155 1.265217 1.269452 1.311976 1.347211 1.338745 1.315094 1.286506 1.026837 0.699058 0.928805 0.871872 0.991527 0.786199 0.787754 0.803480 0.812977 0.821718 1.051128 1.109892 1.152544 1.189476 1.201222 1.161218 1.115643 1.085856 1.034774 0.996383 0.955268 0.910459 0.879142 0.936329 0.915751 0.886485 0.851613 0.814816 0.780184 0.745407 0.709945 0.662265 0.633228 0.610643 0.578752 0.547952 0.568771 0.478136 0.441210 0.000000 0.000000 0.000000 0.509586 0.645661 0.776931 0.917077 1.007034 1.068415 1.108268 1.157728 1.220090 1.257866 1.263887 1.234088 1.167406 1.096240 1.104531 1.140445 1.188526 1.121700 1.152405 1.190889 1.249663 1.321067 1.409182 1.509793 1.586036 1.623773 1.619297 1.666017 1.677689 1.432308 1.382341 1.348125 1.319220 1.284583 1.247906 1.210003 1.206009 1.323568 1.250195 1.295569 1.126147 1.069151 1.026443 0.979707 0.940750 0.903001 0.866972 0.826405 0.785653 0.809035 0.762711 0.716214 0.669721 0.577328 0.545753 0.511409 0.480276 0.450579 0.419134 0.000000 0.000000 0.000000 0.000000 0.000000 0.000000 0.000000 0.000000 0.000000 0.000000 0.000000 0.000000 0.000000 0.000000 0.000000 0.000000 0.000000 0.000000 0.000000 0.000000 0.000000 0.000000 0.000000 0.000000 0.000000 0.000000 0.000000 0.000000 0.000000 0.000000 0.000000 0.000000 0.000000 0.000000 0.000000 0.000000 0.000000 0.000000 0.425990 0.737259
0.000000 0.000000 0.000000 0.000000 0.000000 0.000000 0.000000 0.000000 0.000000 0.000000 0.000000 0.000000 0.000000 0.000000 0.000000 0.000000 0.000000 0.000000 0.000000 0.000000 0.000000 0.000000 0.000000 0.000000 0.000000 0.000000 0.000000 0.000000 0.000000 0.000000 0.000000 0.000000 0.000000 0.000000 0.000000 0.000000 0.000000 0.000000 0.000000 0.000000 0.000000 0.000000 0.415212 0.536572 0.626828 0.707796 0.777884 0.831904 0.855117 0.885644 0.906330 0.896610 0.820040 0.803835 0.791450 0.769919 0.760642 0.755537 0.782418 0.835880 0.889090 0.939204 0.986394 1.020764 1.033678 1.017345 1.065254 1.034523 0.940063 1.021070 0.840017 0.818136 0.819453 0.803518 0.777230 0.749315 0.754426 0.762245 0.854837 0.866860 0.884018 0.891617 0.896442 0.900794 0.896928 0.880893 0.869362 0.869269 0.871552 0.867413 0.851244 0.820439 0.837894 0.859789 0.883565 0.899223 0.932788 0.953215 0.959016 0.934031 0.903179 0.860720 0.820482 0.767652 0.707297 0.641055 0.568675 0.496213 0.551906 0.662932 0.710446 0.716399 0.754820 0.796619 0.751796 0.644198 0.290538 0.574926 0.546020 0.511519 0.626936 0.590992 0.489735 0.542602 0.744851 0.804738 0.875608 0.975065 1.051055 1.093723 1.107753 1.099041 1.099438 1.118979 1.163414 1.213612 1.221409 1.218648 1.215351 1.172563 1.100993 1.027901 0.975599 0.950369 0.936244 0.957075 0.983376 1.008051 1.040309 1.121645 1.197894 1.250525 1.286969 1.266543 1.218363 1.153307 1.119098 1.085318 1.044906 1.001764 0.961925 0.927087 0.908428 0.896526 0.969559 0.952385 0.933184 0.908492 0.882172 0.844584 0.800171 0.750914 0.708743 0.647867 0.615801 0.573589 0.535816 0.494264 0.452007 0.000000 0.000000 0.000000 0.454484 0.609169 0.761727 0.893177 1.000580 1.101052 1.206059 1.322537 1.419337 1.455874 1.421682 1.393961 1.363598 1.319523 1.229885 1.176054 1.207232 1.135453 1.149442 1.188036 1.246163 1.317364 1.387237 1.450486 1.534898 1.619407 1.639298 1.683520 1.734596 1.750616 1.540382 1.501375 1.457001 1.414615 1.366829 1.319469 1.435444 1.450595 1.332982 1.137578 1.083230 1.028739 0.995164 0.948749 0.896254 0.845240 0.873908 0.820907 0.777311 0.735173 0.723177 0.703194 0.679722 0.649116 0.578720 0.567346 0.554646 0.536405 0.513777 0.493208 0.468951 0.448225 0.420803 0.000000 0.000000 0.000000 0.000000 0.000000 0.000000 0.000000 0.000000 0.000000 0.000000 0.000000 0.000000 0.000000 0.000000 0.000000 0.000000 0.000000 0.000000 0.000000 0.000000 0.000000 0.000000 0.000000 0.000000 0.000000 0.000000 0.000000 0.000000 0.000000 0.000000 0.000000 0.000000 0.000000 0.000000 0.600606
0.000000 0.000000 0.000000 0.000000 0.000000 0.000000 0.000000 0.000000 0.000000 0.000000 0.000000 0.000000 0.000000 0.000000 0.000000 0.000000 0.000000 0.000000 0.000000 0.000000 0.000000 0.000000 0.000000 0.000000 0.000000 0.000000 0.000000 0.000000 0.000000 0.000000 0.000000 0.000000 0.000000 0.000000 0.000000 0.000000 0.000000 0.000000 0.000000 0.000000 0.000000 0.000000 0.443040 0.549539 0.638145 0.731728 0.802384 0.832497 0.849417 1.236262 1.326702 0.850950 0.877450 0.816748 0.830979 0.832131 0.831627 0.829565 0.823535 1.011317 0.799568 0.808472 0.827166 0.851642 0.855435 0.843864 0.822172 0.801433 1.042228 0.627326 0.624165 0.622624 0.833469 0.584340 0.718582 0.730099 0.742672 0.756446 0.793683 0.766978 0.769146 0.841872 0.839855 0.835781 0.826687 0.810885 0.806103 0.813085 0.823225 0.828468 0.821843 0.808430 0.788035 0.789781 0.798387 0.808484 0.769755 0.804397 0.822673 0.832780 0.857668 0.878675 0.954191 0.944023 0.910299 0.871524 0.817291 0.743588 0.661364 0.581652 0.584852 0.605271 0.475315 0.514782 0.547612 0.558075 0.561632 0.553884 0.640839 0.488205 0.590696 0.607129 0.599520 0.583419 0.611378 0.632421 0.644746 0.524220 0.721334 0.765314 0.791708 0.813185 0.842722 0.892692 0.949937 0.996932 1.035775 1.060790 1.161512 1.142757 1.032568 0.964130 0.905973 0.872335 0.934091 0.954305 1.016412 1.084433 1.146042 1.122797 1.193992 1.241380 1.243897 1.210099 1.155091 1.123271 1.112777 1.084836 1.050964 1.011639 0.968580 0.942355 0.921287 0.905837 0.897240 0.886742 0.963433 0.952330 0.939869 0.918877 0.893750 0.862496 0.826468 0.785518 0.735344 0.691496 0.647049 0.602120 0.550913 0.501456 0.453620 0.000000 0.000000 0.000000 0.514860 0.674180 0.820952 0.984817 1.036609 1.168836 1.325350 1.393041 1.403439 1.431458 1.471388 1.465973 1.411985 1.341881 1.330002 1.327808 1.329500 1.224565 1.223082 1.223893 1.236581 1.267586 1.331940 1.426508 1.536877 1.589848 1.615263 1.657484 1.690614 1.695584 1.703921 1.706982 1.671618 1.588362 1.451473 1.449773 1.368989 1.312866 1.263646 1.214604 1.085203 1.044272 1.067735 0.988955 0.915738 0.873136 0.857682 0.861614 0.864102 0.851098 0.830084 0.801337 0.771808 0.729822 0.698741 0.669222 0.630160 0.598740 0.563694 0.532832 0.505389 0.479254 0.455420 0.428753 0.000000 0.000000 0.000000 0.000000 0.000000 0.000000 0.000000 0.000000 0.000000 0.000000 0.000000 0.000000 0.000000 0.000000 0.000000 0.000000 0.000000 0.000000 0.000000 0.000000 0.000000 0.000000 0.000000 0.000000 0.000000 0.000000 0.000000 0.000000 0.000000 0.000000 0.000000 0.000000
0.000000 0.000000 0.000000 0.000000 0.000000 0.000000 0.000000 0.000000 0.000000 0.000000 0.000000 0.000000 0.000000 0.000000 0.000000 0.000000 0.000000 0.000000 0.000000 0.000000 0.000000 0.000000 0.000000 0.000000 0.000000 0.000000 0.000000 0.000000 0.000000 0.000000 0.000000 0.000000 0.000000 0.000000 0.000000 0.000000 0.000000 0.000000 0.000000 0.000000 0.000000 0.000000 0.000000 0.000000 0.000000 0.400338 0.471018 0.534645 0.588689 0.683785 0.763359 0.838200 0.888756 1.360512 0.863547 0.863101 0.855354 0.847205 0.834218 0.809753 0.782242 0.754921 0.736274 0.731111 0.753589 0.782398 0.794435 0.894160 0.673987 0.632119 0.611164 0.588488 0.574269 0.557585 0.540320 0.535044 0.675301 0.684940 0.694590 0.698046 0.704166 0.788468 0.801821 0.806845 0.734400 0.729140 0.733213 0.740146 0.747826 0.753743 0.754175 0.744057 0.743519 0.735762 0.721332 0.698902 0.698669 0.723912 0.752867 0.783711 0.830353 0.878089 0.927717 1.041541 1.033635 1.000316 0.947059 0.876092 0.788874 0.726217 0.681320 0.628098 0.567392 0.628015 0.631623 0.510629 0.503312 0.614739 0.639990 0.626426 0.596200 0.600031 0.589423 0.553280 0.472012 0.473674 0.507469 0.548321 0.580077 0.595566 0.588308 0.580540 0.612560 0.653332 0.704093 0.760251 0.843410 0.926287 0.980908 0.983570 0.910307 0.865020 0.890017 0.837465 0.775326 0.827231 0.914213 0.907934 1.049108 1.105580 1.170250 1.112849 1.088642 1.049374 1.037340 1.053208 1.062296 1.058518 1.039490 1.011624 0.983385 0.956243 0.943525 0.927662 0.914860 0.903140 0.900587 0.898254 0.898248 0.980359 0.974176 0.962272 0.942329 0.931669 0.902713 0.856903 0.814357 0.757346 0.704020 0.649850 0.592908 0.540837 0.487544 0.433094 0.000000 0.451528 0.539737 0.704569 0.727852 0.864309 1.027552 1.132379 1.192616 1.250610 1.301815 1.346273 1.368751 1.381777 1.388839 1.349949 1.344504 1.320250 1.180270 1.135516 1.110711 1.121590 1.175132 1.256907 1.344235 1.441050 1.537070 1.587754 1.613674 1.661793 1.717419 1.753160 1.749029 1.775763 1.604672 1.438237 1.285476 1.174177 1.138221 1.123416 1.081515 1.068820 1.055754 1.061350 1.026571 0.982859 0.970923 0.966376 0.968021 0.979663 0.974142 0.955095 0.931894 0.892151 0.850284 0.809198 0.765408 0.725827 0.680872 0.632428 0.591079 0.551216 0.513900 0.484826 0.458550 0.435527 0.414784 0.000000 0.000000 0.000000 0.000000 0.000000 0.000000 0.000000 0.000000 0.000000 0.000000 0.000000 0.000000 0.000000 0.000000 0.000000 0.472211 0.650578 0.705890 0.707186 0.713875 0.667517 0.429739 0.400614 0.000000 0.000000 0.000000 0.000000 0.000000 0.000000
0.000000 0.000000 0.000000 0.000000 0.000000 0.000000 0.000000 0.000000 0.000000 0.000000 0.000000 0.000000 0.000000 0.000000 0.000000 0.000000 0.000000 0.000000 0.000000 0.000000 0.000000 0.000000 0.000000 0.000000 0.000000 0.000000 0.000000 0.000000 0.000000 0.000000 0.000000 0.000000 0.000000 0.000000 0.000000 0.000000 0.000000 0.000000 0.000000 0.000000 0.000000 0.000000 0.000000 0.000000 0.377437 0.451551 0.517632 0.624007 0.687231 0.736012 0.765052 0.803151 0.834466 0.948341 0.869625 0.876167 0.863499 0.774069 0.760366 0.749690 0.743158 0.735194 0.729336 0.722678 0.725133 0.724749 0.725723 0.932084 0.583779 0.580623 0.755315 0.563031 0.553644 0.541282 0.530060 0.519403 0.638051 0.640713 0.641105 0.639645 0.695266 0.659553 0.688978 0.722138 0.743574 0.762144 0.774614 0.784973 0.789267 0.787736 0.786500 0.789563 0.791010 0.783463 0.773565 0.756247 0.746759 0.749643 0.752631 0.759089 0.927989 0.871769 0.906711 0.992786 0.993888 0.988450 0.966051 0.930344 0.872028 0.807098 0.755448 0.641844 0.650836 0.629896 0.607274 0.633937 0.579325 0.618769 0.619756 0.616403 0.599383 0.597506 0.515625 0.463133 0.000000 0.000000 0.000000 0.000000 0.000000 0.427235 0.450559 0.677462 0.429779 0.433137 0.468340 0.484902 0.487945 0.560475 0.651548 0.704678 0.730169 0.709274 0.727004 0.712421 0.679962 0.731146 0.767374 0.785457 0.824685 0.866078 0.939148 1.003667 1.004143 0.913007 0.755490 0.762677 0.773846 0.798021 0.802749 0.796984 0.798147 0.792536 0.785893 0.770573 0.768730 0.771063 0.941323 0.951198 0.961240 0.971171 1.052382 1.079263 1.080119 1.069169 1.044888 1.016568 0.973424 0.927418 0.869133 0.807696 0.748324 0.685299 0.628067 0.573164 0.517214 0.460973 0.000000 0.000000 0.000000 0.440543 0.593989 0.757366 0.864075 0.947633 1.024729 1.097899 1.163289 1.227879 1.258902 1.268182 1.227793 1.217064 1.188676 1.063439 1.022602 1.009720 1.028125 1.081852 1.158247 1.254936 1.332316 1.402391 1.459306 1.516410 1.575214 1.672604 1.844531 1.833475 1.752532 1.502826 1.365155 1.286562 1.293265 1.318895 1.314766 1.295413 1.289891 1.085244 0.959614 0.896839 0.891541 0.899218 1.021573 1.086827 1.123936 1.036742 1.022103 0.985192 0.951316 0.899151 0.858034 0.866435 0.818368 0.761368 0.708511 0.661294 0.611872 0.564133 0.520742 0.487706 0.458710 0.436296 0.417933 0.402709 0.000000 0.000000 0.000000 0.000000 0.000000 0.000000 0.000000 0.000000 0.000000 0.000000 0.000000 0.000000 0.451423 0.539910 0.651282 0.670730 0.659678 0.640496 0.634733 0.615427 0.584679 0.539619 0.000000 0.000000 0.000000 0.000000
0.000000 0.000000 0.000000 0.000000 0.000000 0.000000 0.000000 0.000000 0.000000 0.000000 0.000000 0.000000 0.000000 0.000000 0.000000 0.000000 0.000000 0.000000 0.000000 0.000000 0.000000 0.000000 0.000000 0.000000 0.000000 0.000000 0.000000 0.000000 0.000000 0.000000 0.000000 0.000000 0.000000 0.000000 0.000000 0.000000 0.000000 0.000000 0.000000 0.000000 0.000000 0.000000 0.000000 0.000000 0.000000 0.000000 0.000000 0.423122 0.539949 0.574751 0.581935 0.563106 0.540564 0.566902 0.623145 0.682161 0.718006 0.798625 0.796823 0.787598 0.709697 0.693415 0.683267 0.675829 0.667843 0.667799 0.670779 0.675206 0.682661 0.684381 0.725275 0.670480 0.714773 0.695911 0.678851 0.660582 0.639276 0.620909 0.614548 0.469060 0.617763 0.652545 0.690151 0.719547 0.750855 0.771907 0.793169 0.806292 0.807339 0.802910 0.796596 0.792820 0.795295 0.796314 0.788998 0.773937 0.761757 0.980355 0.835296 0.761450 0.772078 0.779506 0.782480 0.876027 0.899603 0.917430 0.932121 0.917831 0.875382 0.820350 0.769713 0.720077 0.677740 0.643623 0.612282 0.572782 0.588394 0.584897 0.578508 0.564776 0.568099 0.574074 0.526801 0.461666 0.000000 0.000000 0.000000 0.000000 0.000000 0.000000 0.000000 0.000000 0.000000 0.000000 0.000000 0.411654 0.422387 0.430100 0.441844 0.452134 0.460069 0.469073 0.486544 0.509749 0.544756 0.580543 0.651724 0.724596 0.787870 0.858234 0.918071 0.986255 1.022774 1.035968 0.961233 0.789658 0.782826 0.824289 0.838534 0.823192 0.839633 0.862920 0.875090 1.067700 1.061845 1.052542 1.055985 1.056188 1.055440 1.061972 1.061778 1.058383 1.168774 1.172243 1.158484 1.139783 1.111356 1.067488 1.017491 0.955895 0.897499 0.831486 0.759743 0.690858 0.624215 0.563917 0.511594 0.461476 0.000000 0.000000 0.000000 0.000000 0.467531 0.578958 0.677567 0.770060 0.864969 0.948122 1.022035 1.062979 1.090738 1.098422 1.067463 1.049595 1.025006 0.915109 0.896628 0.904069 0.944641 1.005825 1.088898 1.166729 1.220520 1.276124 1.448851 1.431384 1.484564 1.565113 1.622753 1.628359 1.593607 1.501080 1.458348 1.421151 1.383340 1.344891 1.184922 1.045239 0.984974 0.979078 0.999185 1.047278 1.098853 1.107744 1.091638 1.096093 1.125135 1.131116 1.093184 1.050528 0.988247 0.934968 0.879981 0.900906 0.844837 0.789203 0.733265 0.672789 0.613608 0.560415 0.516349 0.487029 0.463940 0.449281 0.435828 0.422533 0.409770 0.000000 0.000000 0.000000 0.000000 0.000000 0.000000 0.000000 0.000000 0.000000 0.000000 0.516848 0.592598 0.627878 0.644626 0.671433 0.675355 0.654529 0.619064 0.572710 0.000000 0.000000 0.000000 0.000000
0.000000 0.000000 0.000000 0.000000 0.000000 0.000000 0.000000 0.000000 0.000000 0.000000 0.000000 0.000000 0.000000 0.000000 0.000000 0.000000 0.000000 0.000000 0.000000 0.000000 0.000000 0.000000 0.000000 0.000000 0.000000 0.000000 0.000000 0.000000 0.000000 0.000000 0.000000 0.000000 0.000000 0.000000 0.000000 0.000000 0.519057 0.545200 0.456953 0.000000 0.000000 0.400438 0.433226 0.449888 0.454618 0.455026 0.454905 0.456619 0.456713 0.511338 0.557926 0.599447 0.624511 0.635104 0.636305 0.611222 0.623106 0.631506 0.693937 0.700637 0.703343 0.697585 0.685205 0.621317 0.616747 0.611580 0.609641 0.612298 0.619315 0.624364 0.625506 0.675950 0.673740 0.667516 0.657709 0.642064 0.620048 0.599974 0.552958 0.581662 0.618289 0.652449 0.686539 0.719087 0.737672 0.757050 0.773287 0.778310 0.774189 0.767428 0.757716 0.744434 0.737197 0.731656 0.772295 0.718113 0.707308 0.695194 0.689559 0.689796 0.694577 0.703157 0.766749 0.778431 0.792356 0.816423 0.845569 0.853689 0.842701 0.830719 0.802025 0.754226 0.702507 0.648191 0.600183 0.559444 0.496769 0.503159 0.506926 0.508011 0.513707 0.514717 0.499341 0.453822 0.395069 0.000000 0.000000 0.000000 0.000000 0.000000 0.000000 0.000000 0.000000 0.000000 0.000000 0.000000 0.000000 0.000000 0.000000 0.000000 0.000000 0.000000 0.000000 0.422643 0.442835 0.461134 0.483572 0.625560 0.718857 0.809462 0.894361 0.968257 1.024588 1.051749 1.084588 1.025164 1.062991 1.108666 1.131424 1.135227 1.132554 1.143024 1.164247 1.181994 1.186226 1.195933 1.212445 1.217282 1.211350 1.208778 1.205242 1.205285 1.187663 1.170528 1.147629 1.125812 1.213462 1.182021 1.143124 1.104794 1.041850 0.962763 0.919411 0.842229 0.766963 0.694763 0.628417 0.572376 0.519023 0.469749 0.000000 0.000000 0.000000 0.453437 0.508991 0.577679 0.647149 0.709270 0.774959 0.844530 0.899965 0.932734 0.946477 0.946429 0.933945 0.897471 0.839191 0.803828 0.828776 0.877226 0.945658 1.018255 1.095877 1.069080 1.134752 1.184390 1.222335 1.318550 1.408269 1.493956 1.575260 1.572309 1.479079 1.386484 1.301699 1.229730 1.041094 0.968557 0.983358 1.067557 1.132107 1.134579 1.168826 1.092731 1.132048 1.278674 1.226166 1.188417 1.172401 1.149821 1.100520 1.057370 1.084586 1.023129 0.960225 0.901511 0.847745 0.775395 0.707976 0.646602 0.596416 0.706155 0.681597 0.619490 0.503882 0.490830 0.469828 0.447511 0.415708 0.000000 0.000000 0.000000 0.000000 0.000000 0.000000 0.000000 0.000000 0.000000 0.447008 0.500637 0.543163 0.571881 0.630033 0.630150 0.608749 0.571784 0.429390 0.000000 0.000000 0.000000
0.000000 0.000000 0.000000 0.000000 0.000000 0.000000 0.000000 0.000000 0.000000 0.000000 0.000000 0.000000 0.000000 0.000000 0.000000 0.000000 0.000000 0.000000 0.000000 0.000000 0.000000 0.000000 0.000000 0.000000 0.000000 0.000000 0.000000 0.000000 0.000000 0.000000 0.000000 0.000000 0.000000 0.000000 0.000000 0.000000 0.000000 0.000000 0.000000 0.000000 0.427817 0.482318 0.510203 0.519233 0.523284 0.519506 0.517233 0.517878 0.516012 0.558010 0.565714 0.566131 0.565432 0.569483 0.577861 0.585360 0.591993 0.577872 0.586417 0.643578 0.645999 0.640962 0.634466 0.623952 0.608030 0.592228 0.580461 0.572765 0.571501 0.550899 0.560615 0.606048 0.610414 0.611637 0.610363 0.604138 0.590193 0.569187 0.585120 0.626337 0.660987 0.682126 0.695386 0.695235 0.684530 0.672959 0.652236 0.628229 0.651172 0.677030 0.695306 0.700661 0.697962 0.693820 0.688877 0.678899 0.655298 0.650348 0.654817 0.664152 0.672849 0.733676 0.675644 0.689936 0.690082 0.699394 0.720813 0.747116 0.763587 0.765758 0.747616 0.709876 0.667364 0.618850 0.569749 0.531849 0.527159 0.475034 0.492332 0.496468 0.503019 0.507935 0.495685 0.469216 0.418948 0.000000 0.000000 0.000000 0.000000 0.000000 0.000000 0.000000 0.000000 0.000000 0.000000 0.000000 0.000000 0.000000 0.000000 0.000000 0.000000 0.000000 0.000000 0.000000 0.000000 0.000000 0.000000 0.000000 0.537155 0.641648 0.759964 0.868661 0.965376 1.038205 1.088829 1.050386 1.099455 1.156135 1.198166 1.214359 1.235731 1.279501 1.308527 1.329040 1.337912 1.358119 1.379406 1.391136 1.394032 1.393272 1.388006 1.379475 1.352819 1.322137 1.291331 1.249117 1.200367 1.164930 1.134080 1.183153 1.127409 1.101978 1.038936 0.979471 0.910926 0.838796 0.766455 0.697838 0.634211 0.577553 0.521145 0.467425 0.000000 0.000000 0.441622 0.498686 0.557624 0.610601 0.655976 0.698669 0.748049 0.784821 0.815795 0.817495 0.783900 0.750408 0.719049 0.686860 0.642915 0.720421 0.771819 0.817077 0.888367 0.962442 0.954980 1.001040 1.051368 1.097383 1.146386 1.236978 1.357239 1.431081 1.435447 1.412483 1.376382 1.318673 1.213745 1.083626 0.984262 0.992988 1.051309 1.140816 1.238898 1.275767 1.335251 1.387127 1.511362 1.442299 1.333154 1.274379 1.220155 1.186597 1.140996 1.101172 1.038932 0.924732 0.938618 0.884436 0.832090 0.777987 0.683295 0.719544 0.734908 0.718599 0.685717 0.642423 0.591526 0.514881 0.480890 0.454328 0.431758 0.414457 0.000000 0.000000 0.000000 0.000000 0.000000 0.000000 0.000000 0.000000 0.000000 0.422666 0.534020 0.575207 0.601337 0.599781 0.522495 0.000000 0.000000 0.000000
0.000000 0.000000 0.000000 0.000000 0.000000 0.000000 0.000000 0.000000 0.000000 0.000000 0.000000 0.000000 0.000000 0.000000 0.000000 0.000000 0.000000 0.000000 0.000000 0.000000 0.000000 0.000000 0.000000 0.000000 0.000000 0.000000 0.000000 0.000000 0.000000 0.000000 0.000000 0.000000 0.000000 0.000000 0.000000 0.000000 0.000000 0.000000 0.000000 0.000000 0.427835 0.479781 0.505099 0.516465 0.538833 0.544296 0.545960 0.557038 0.544996 0.523782 0.509701 0.497298 0.484713 0.540358 0.554030 0.565629 0.569457 0.563578 0.553885 0.563357 0.572171 0.573535 0.568064 0.560818 0.548881 0.532493 0.521593 0.513040 0.509752 0.461901 0.478341 0.494269 0.502673 0.506218 0.507429 0.504911 0.496800 0.482915 0.542411 0.557388 0.556714 0.549815 0.533695 0.458392 0.421435 0.422704 0.466123 0.521553 0.563169 0.604953 0.633844 0.660793 0.665104 0.659339 0.650368 0.640097 0.633832 0.631785 0.629629 0.628582 0.757869 0.806731 0.624523 0.618120 0.609680 0.596375 0.578375 0.610594 0.637956 0.657920 0.660289 0.648333 0.619093 0.585516 0.556944 0.470640 0.437907 0.504697 0.459495 0.474140 0.483561 0.492348 0.490348 0.488243 0.446006 0.000000 0.000000 0.000000 0.000000 0.000000 0.000000 0.000000 0.000000 0.000000 0.000000 0.000000 0.000000 0.000000 0.000000 0.000000 0.000000 0.000000 0.000000 0.000000 0.000000 0.000000 0.000000 0.000000 0.000000 0.000000 0.468933 0.666204 0.796373 0.916834 1.019113 1.108605 1.120274 1.197382 1.258801 1.292845 1.307214 1.325680 1.363914 1.423365 1.492475 1.541937 1.586228 1.589345 1.578591 1.572715 1.569976 1.555696 1.534677 1.501399 1.470556 1.424953 1.355287 1.292959 1.224191 1.185170 1.139853 1.086085 1.125229 1.047838 0.983560 0.928129 0.859128 0.799482 0.738597 0.675786 0.613309 0.555448 0.495691 0.435831 0.000000 0.000000 0.474293 0.523353 0.566733 0.607308 0.640167 0.674620 0.693214 0.688566 0.673137 0.663515 0.661259 0.718483 0.761411 0.807447 0.861105 0.890292 0.897092 0.837366 0.925712 0.980822 0.940416 0.993483 1.027421 1.044052 1.048137 1.134642 1.213984 1.247536 1.262102 1.261052 1.221001 1.138294 1.041234 0.973132 0.974615 1.118367 1.249689 1.333890 1.362695 1.391787 1.428101 1.527901 1.477594 1.382590 1.258678 1.232090 1.116265 1.102540 1.072210 1.033806 0.967493 0.985758 0.934762 0.883827 0.839752 0.761365 0.779893 0.792016 0.781122 0.756596 0.712280 0.662647 0.607795 0.539983 0.510553 0.485518 0.461485 0.439800 0.417653 0.000000 0.000000 0.000000 0.000000 0.000000 0.000000 0.000000 0.360033 0.416924 0.544869 0.571769 0.445212 0.398605 0.000000 0.000000
0.000000 0.000000 0.000000 0.000000 0.000000 0.000000 0.000000 0.000000 0.000000 0.000000 0.000000 0.000000 0.000000 0.000000 0.000000 0.000000 0.000000 0.000000 0.000000 0.000000 0.000000 0.000000 0.000000 0.000000 0.000000 0.000000 0.000000 0.000000 0.000000 0.000000 0.000000 0.000000 0.000000 0.000000 0.000000 0.000000 0.000000 0.000000 0.000000 0.000000 0.004000 0.004000 0.000000 0.004000 0.004000 0.214875 0.463852 0.482400 0.503870 0.514283 0.517272 0.516126 0.513614 0.509443 0.502150 0.488675 0.524491 0.518151 0.508264 0.498928 0.489705 0.430320 0.425449 0.419521 0.408952 0.395008 0.381588 0.000000 0.000000 0.387141 0.403654 0.418615 0.429927 0.440021 0.446850 0.448995 0.444942 0.435391 0.423080 0.413248 0.400330 0.382773 0.000000 0.434246 0.469570 0.496624 0.509523 0.513597 0.513684 0.514328 0.541306 0.588571 0.613445 0.623076 0.623968 0.622051 0.619780 0.616950 0.615471 0.616360 0.618371 0.782577 0.613125 0.603662 0.589697 0.570363 0.551741 0.533971 0.527548 0.521744 0.570830 0.574015 0.561424 0.545270 0.481068 0.469227 0.454189 0.425581 0.000000 0.416703 0.443270 0.457755 0.465607 0.470286 0.447530 0.000000 0.000000 0.000000 0.000000 0.000000 0.000000 0.000000 0.000000 0.000000 0.000000 0.000000 0.000000 0.000000 0.000000 0.000000 0.000000 0.000000 0.000000 0.000000 0.000000 0.000000 0.000000 0.000000 0.000000 0.000000 0.000000 0.000000 0.493942 0.659519 0.836826 1.000438 1.150297 1.251924 1.377504 1.362182 1.395738 1.390326 1.394917 1.413848 1.462595 1.541988 1.593878 1.649463 1.668136 1.680709 1.679641 1.672827 1.673330 1.675743 1.661875 1.623824 1.573679 1.497778 1.396248 1.298811 1.225611 1.165156 1.114201 1.060309 1.001454 1.031385 0.961397 0.886586 0.807058 0.728789 0.668756 0.607332 0.553658 0.497454 0.441767 0.000000 0.000000 0.426850 0.470553 0.511318 0.546755 0.573819 0.600646 0.611697 0.614385 0.622130 0.658555 0.766015 0.852724 0.941839 1.025016 1.031241 1.045975 1.039701 1.020317 1.047763 1.066312 1.061580 0.953124 0.965392 0.973027 0.968861 0.950594 0.992994 1.044557 1.088602 1.099726 1.068174 1.001250 0.930320 0.942746 1.060209 1.186089 1.308753 1.385706 1.417098 1.415795 1.410712 1.481315 1.460913 1.437990 1.387384 1.183823 1.164063 1.125782 1.085993 1.050287 0.984866 0.927173 0.953996 0.920057 0.900207 0.897725 0.820764 0.814255 0.791384 0.763914 0.725961 0.682899 0.691351 0.638209 0.525054 0.495283 0.465704 0.441851 0.416850 0.000000 0.000000 0.000000 0.000000 0.000000 0.000000 0.000000 0.000000 0.402018 0.437770 0.415716 0.000000 0.000000 0.000000
0.000000 0.000000 0.000000 0.000000 0.000000 0.000000 0.000000 0.000000 0.000000 0.000000 0.000000 0.000000 0.000000 0.000000 0.000000 0.000000 0.000000 0.000000 0.000000 0.000000 0.000000 0.000000 0.000000 0.000000 0.000000 0.000000 0.000000 0.000000 0.000000 0.000000 0.000000 0.000000 0.000000 0.000000 0.000000 0.000000 0.000000 0.000000 0.000000 0.000000 0.000000 0.000000 0.000000 0.000000 0.000000 0.402919 0.424345 0.460283 0.487846 0.504860 0.510731 0.509695 0.506522 0.502757 0.496173 0.483954 0.466732 0.449503 0.424697 0.405181 0.379914 0.000000 0.000000 0.000000 0.000000 0.000000 0.000000 0.000000 0.000000 0.000000 0.000000 0.000000 0.000000 0.000000 0.386036 0.392836 0.393819 0.389277 0.382322 0.000000 0.000000 0.000000 0.000000 0.000000 0.000000 0.000000 0.000000 0.000000 0.391337 0.399752 0.396400 0.476217 0.533573 0.564358 0.573294 0.579242 0.583561 0.584915 0.586267 0.590305 0.596355 0.601697 0.601748 0.593649 0.577308 0.562196 0.538850 0.509500 0.493048 0.490439 0.486533 0.466392 0.428028 0.000000 0.000000 0.422096 0.425223 0.414556 0.000000 0.000000 0.000000 0.000000 0.413233 0.421386 0.417965 0.000000 0.000000 0.000000 0.000000 0.000000 0.000000 0.000000 0.000000 0.000000 0.000000 0.000000 0.000000 0.000000 0.000000 0.000000 0.000000 0.000000 0.000000 0.000000 0.000000 0.000000 0.000000 0.000000 0.000000 0.000000 0.000000 0.000000 0.000000 0.000000 0.507444 0.725783 0.936404 1.133529 1.294565 1.416850 1.470138 1.516399 1.544263 1.556314 1.561484 1.591865 1.645567 1.587068 1.641432 1.668513 1.666065 1.661353 1.689985 1.703838 1.710002 1.698693 1.677932 1.632526 1.534546 1.417741 1.322503 1.246822 1.181715 1.130864 1.085698 1.030216 0.968734 0.982410 0.901552 0.830729 0.763704 0.675150 0.643254 0.603550 0.548438 0.477175 0.000000 0.000000 0.000000 0.000000 0.437220 0.467073 0.495356 0.514235 0.529979 0.548769 0.573090 0.700252 0.807151 0.891802 0.954105 0.987237 1.014770 1.012627 1.028778 1.060391 1.090562 1.096399 1.088564 1.052651 1.021360 0.902271 0.887249 0.866433 0.835463 0.876621 1.010539 1.042733 1.035477 0.888872 0.887803 0.957651 1.056064 1.177946 1.282631 1.358057 1.419879 1.424276 1.416653 1.397189 1.384163 1.479816 1.458788 1.312587 1.194174 1.135402 1.100032 1.064242 1.026234 0.969226 1.003913 0.979131 0.954235 0.926439 0.883171 0.845561 0.760746 0.792266 0.762445 0.739461 0.713547 0.679639 0.638336 0.587368 0.461691 0.432590 0.000000 0.000000 0.000000 0.000000 0.000000 0.000000 0.000000 0.000000 0.000000 0.000000 0.000000 0.000000 0.000000 0.000000
0.000000 0.000000 0.000000 0.000000 0.000000 0.000000 0.000000 0.000000 0.000000 0.000000 0.000000 0.000000 0.000000 0.000000 0.000000 0.000000 0.000000 0.000000 0.000000 0.000000 0.000000 0.000000 0.000000 0.000000 0.000000 0.000000 0.000000 0.000000 0.000000 0.000000 0.000000 0.000000 0.000000 0.000000 0.000000 0.000000 0.000000 0.000000 0.000000 0.000000 0.000000 0.000000 0.000000 0.000000 0.000000 0.000000 0.000000 0.000000 0.000000 0.426660 0.451884 0.462752 0.467657 0.469173 0.466633 0.459562 0.448570 0.433942 0.419124 0.404323 0.383274 0.000000 0.000000 0.000000 0.000000 0.000000 0.000000 0.000000 0.000000 0.000000 0.000000 0.000000 0.000000 0.000000 0.000000 0.000000 0.000000 0.000000 0.000000 0.000000 0.000000 0.000000 0.000000 0.000000 0.000000 0.000000 0.000000 0.000000 0.000000 0.000000 0.428286 0.393472 0.462397 0.516369 0.556769 0.580179 0.595604 0.593629 0.583771 0.585569 0.587749 0.582425 0.573562 0.568602 0.560511 0.555830 0.553063 0.534710 0.504348 0.483460 0.485851 0.480924 0.453824 0.409652 0.000000 0.000000 0.000000 0.000000 0.000000 0.000000 0.000000 0.000000 0.000000 0.000000 0.000000 0.000000 0.000000 0.000000 0.000000 0.000000 0.000000 0.000000 0.000000 0.000000 0.000000 0.000000 0.000000 0.000000 0.000000 0.000000 0.000000 0.000000 0.000000 0.000000 0.000000 0.000000 0.000000 0.000000 0.000000 0.000000 0.000000 0.000000 0.000000 0.000000 0.000000 0.000000 0.501180 0.759767 1.004339 1.194654 1.361088 1.485033 1.559882 1.628144 1.649882 1.595610 1.581701 1.580255 1.622131 1.679792 1.725214 1.627389 1.641696 1.647819 1.647492 1.649468 1.649765 1.632018 1.583442 1.507891 1.462159 1.456111 1.454412 1.472866 1.359168 1.238106 1.140895 1.068934 1.121573 1.078487 1.030517 0.961694 0.891072 0.802647 0.693697 0.613866 0.515897 0.000000 0.000000 0.000000 0.000000 0.000000 0.000000 0.000000 0.000000 0.437309 0.446419 0.549900 0.638124 0.713093 0.769175 0.814115 0.862741 0.919343 0.947136 0.980317 1.026681 1.064102 1.090083 1.098782 1.103691 1.083586 1.033626 0.946604 0.905571 0.876402 0.900489 0.943949 0.972522 0.953048 0.853548 0.868531 0.912811 0.994790 1.105704 1.210974 1.300992 1.358940 1.386588 1.390557 1.421836 1.422673 1.412726 1.520130 1.498137 1.402609 1.253777 1.180620 1.069565 1.051143 1.096038 1.063289 1.049169 1.018406 0.968691 0.915566 0.850036 0.793130 0.745611 0.731995 0.720262 0.704466 0.688210 0.662898 0.621157 0.574763 0.443609 0.000000 0.000000 0.000000 0.000000 0.000000 0.000000 0.000000 0.000000 0.000000 0.000000 0.000000 0.000000 0.000000
0.000000 0.000000 0.000000 0.000000 0.000000 0.000000 0.000000 0.000000 0.000000 0.000000 0.000000 0.000000 0.000000 0.000000 0.000000 0.000000 0.000000 0.000000 0.000000 0.000000 0.000000 0.000000 0.000000 0.000000 0.000000 0.000000 0.000000 0.000000 0.000000 0.000000 0.000000 0.000000 0.000000 0.000000 0.000000 0.000000 0.000000 0.000000 0.000000 0.000000 0.000000 0.000000 0.000000 0.000000 0.000000 0.000000 0.000000 0.000000 0.000000 0.000000 0.000000 0.398677 0.412537 0.420823 0.423789 0.421720 0.416759 0.410145 0.400858 0.387782 0.374765 0.000000 0.000000 0.000000 0.000000 0.000000 0.000000 0.000000 0.000000 0.000000 0.000000 0.000000 0.000000 0.000000 0.000000 0.000000 0.000000 0.000000 0.000000 0.000000 0.000000 0.000000 0.000000 0.000000 0.000000 0.000000 0.000000 0.000000 0.000000 0.000000 0.004000 0.426555 0.496129 0.546701 0.577640 0.605185 0.609926 0.595390 0.574028 0.563731 0.554973 0.545594 0.541115 0.541367 0.540181 0.548521 0.562935 0.558483 0.528837 0.498407 0.480987 0.467502 0.440668 0.401913 0.000000 0.000000 0.000000 0.000000 0.000000 0.000000 0.000000 0.000000 0.000000 0.000000 0.000000 0.000000 0.000000 0.000000 0.000000 0.000000 0.000000 0.000000 0.000000 0.000000 0.000000 0.000000 0.000000 0.000000 0.000000 0.000000 0.000000 0.000000 0.000000 0.000000 0.000000 0.000000 0.000000 0.000000 0.000000 0.000000 0.000000 0.000000 0.000000 0.000000 0.000000 0.000000 0.000000 0.000000 0.458228 0.684162 0.942828 1.153333 1.322440 1.468752 1.574343 1.658487 1.704613 1.727443 1.728484 1.709217 1.649582 1.671096 1.694077 1.716416 1.606471 1.620987 1.626895 1.627631 1.614593 1.581223 1.557026 1.504151 1.473177 1.475357 1.480174 1.471720 1.428172 1.359373 1.299406 1.247110 1.288782 1.206688 1.125041 1.019625 0.908667 0.793322 0.669335 0.503285 0.000000 0.000000 0.000000 0.000000 0.000000 0.000000 0.000000 0.000000 0.000000 0.000000 0.428613 0.515998 0.593060 0.657238 0.707021 0.748576 0.784411 0.837446 0.893480 0.945056 0.990322 1.029010 1.072063 1.105027 1.114734 1.051105 0.977889 0.918810 0.869147 0.874961 0.887951 0.888324 0.872944 0.790926 0.805753 0.845798 0.910508 1.013140 1.129673 1.234881 1.339047 1.426438 1.430753 1.458251 1.535688 1.654423 1.645840 1.639895 1.575484 1.439970 1.250317 1.176712 1.204047 1.163675 1.106034 1.105775 1.092082 1.042927 0.975327 0.916571 0.858293 0.806208 0.756644 0.703259 0.694440 0.674169 0.642577 0.648367 0.665364 0.632933 0.572565 0.000000 0.000000 0.000000 0.000000 0.000000 0.000000 0.000000 0.000000 0.000000 0.000000 0.000000
0.000000 0.000000 0.000000 0.000000 0.000000 0.000000 0.000000 0.000000 0.000000 0.000000 0.000000 0.000000 0.000000 0.000000 0.000000 0.000000 0.000000 0.000000 0.000000 0.000000 0.000000 0.000000 0.000000 0.000000 0.000000 0.000000 0.000000 0.000000 0.000000 0.000000 0.000000 0.000000 0.000000 0.000000 0.000000 0.000000 0.000000 0.000000 0.000000 0.000000 0.000000 0.000000 0.000000 0.000000 0.000000 0.000000 0.000000 0.000000 0.000000 0.000000 0.000000 0.000000 0.000000 0.000000 0.000000 0.000000 0.000000 0.000000 0.000000 0.000000 0.000000 0.000000 0.000000 0.000000 0.000000 0.000000 0.000000 0.000000 0.000000 0.000000 0.000000 0.000000 0.000000 0.000000 0.000000 0.000000 0.000000 0.000000 0.000000 0.000000 0.000000 0.000000 0.000000 0.000000 0.000000 0.000000 0.000000 0.000000 0.000000 0.000000 0.000000 0.000000 0.000000 0.000000 0.000000 0.000000 0.381311 0.413986 0.434415 0.446136 0.459081 0.466618 0.464490 0.460183 0.461174 0.468864 0.491205 0.494262 0.473328 0.454496 0.440289 0.422792 0.399756 0.000000 0.000000 0.000000 0.000000 0.000000 0.000000 0.000000 0.000000 0.000000 0.000000 0.000000 0.000000 0.000000 0.000000 0.000000 0.000000 0.000000 0.000000 0.000000 0.000000 0.000000 0.000000 0.000000 0.000000 0.000000 0.000000 0.000000 0.000000 0.000000 0.000000 0.000000 0.000000 0.000000 0.000000 0.000000 0.000000 0.000000 0.000000 0.000000 0.000000 0.000000 0.000000 0.000000 0.000000 0.000000 0.000000 0.000000 0.000000 0.527638 0.775780 1.043383 1.247930 1.404016 1.547804 1.667295 1.724938 1.772563 1.802911 1.808643 1.742875 1.741640 1.752271 1.771935 1.667626 1.663883 1.655986 1.629270 1.611289 1.540238 1.502641 1.487921 1.475058 1.479496 1.488173 1.466407 1.433986 1.393517 1.344675 1.269354 1.182581 1.180153 1.068016 0.959755 0.844164 0.723455 0.605904 0.428437 0.000000 0.000000 0.000000 0.000000 0.000000 0.000000 0.000000 0.000000 0.000000 0.000000 0.000000 0.473772 0.544104 0.599793 0.637154 0.664720 0.685386 0.734369 0.825033 0.905728 0.994922 1.071681 1.117178 1.127811 1.098157 1.026554 0.964701 0.921413 0.892994 0.865041 0.843750 0.821514 0.746503 0.755192 0.790991 0.856795 0.958537 1.083958 1.236318 1.380048 1.573919 1.543401 1.510718 1.554427 1.700964 1.773027 1.791159 1.742559 1.608038 1.419641 1.255732 1.224353 1.200794 1.206874 1.216468 1.186860 1.115324 1.042601 0.968600 0.906770 0.855745 0.818132 0.766454 0.721691 0.666746 0.713071 0.757292 0.743101 0.702689 0.656972 0.560706 0.495426 0.000000 0.000000 0.000000 0.000000 0.000000 0.000000 0.000000 0.000000
0.000000 0.000000 0.000000 0.000000 0.000000 0.000000 0.000000 0.000000 0.000000 0.000000 0.000000 0.000000 0.000000 0.000000 0.000000 0.000000 0.000000 0.000000 0.000000 0.000000 0.000000 0.000000 0.000000 0.000000 0.000000 0.000000 0.000000 0.000000 0.000000 0.000000 0.000000 0.000000 0.000000 0.000000 0.000000 0.000000 0.000000 0.000000 0.000000 0.000000 0.000000 0.000000 0.000000 0.000000 0.000000 0.000000 0.000000 0.000000 0.000000 0.000000 0.000000 0.000000 0.000000 0.000000 0.000000 0.000000 0.000000 0.000000 0.000000 0.000000 0.000000 0.000000 0.000000 0.000000 0.000000 0.000000 0.000000 0.000000 0.000000 0.000000 0.000000 0.000000 0.000000 0.000000 0.000000 0.000000 0.000000 0.000000 0.000000 0.000000 0.000000 0.000000 0.000000 0.000000 0.000000 0.000000 0.000000 0.000000 0.000000 0.000000 0.000000 0.000000 0.000000 0.000000 0.000000 0.000000 0.000000 0.000000 0.000000 0.000000 0.000000 0.000000 0.000000 0.000000 0.000000 0.000000 0.000000 0.000000 0.000000 0.000000 0.390356 0.000000 0.000000 0.000000 0.000000 0.000000 0.000000 0.000000 0.000000 0.000000 0.000000 0.000000 0.000000 0.000000 0.000000 0.000000 0.000000 0.000000 0.000000 0.000000 0.000000 0.000000 0.000000 0.000000 0.000000 0.000000 0.000000 0.000000 0.000000 0.000000 0.000000 0.000000 0.000000 0.000000 0.000000 0.000000 0.000000 0.000000 0.000000 0.000000 0.000000 0.000000 0.000000 0.000000 0.000000 0.000000 0.000000 0.000000 0.000000 0.000000 0.000000 0.000000 0.000000 0.000000 0.612749 0.875009 1.120634 1.308958 1.450190 1.574286 1.679575 1.735101 1.785623 1.830342 1.806010 1.816625 1.818094 1.818100 1.810788 1.689703 1.645125 1.578501 1.523887 1.461745 1.440710 1.431724 1.426165 1.413732 1.397486 1.364782 1.317614 1.248233 1.164791 1.085700 1.008405 0.929965 0.846570 0.830421 0.734680 0.640117 0.469712 0.000000 0.000000 0.000000 0.000000 0.000000 0.000000 0.000000 0.000000 0.000000 0.000000 0.000000 0.000000 0.428169 0.502366 0.541634 0.577243 0.608973 0.615332 0.777488 0.928560 1.047717 1.139208 1.185572 1.187818 1.149486 1.103313 1.040332 0.993240 0.933612 0.880246 0.845788 0.810238 0.775640 0.701097 0.805678 0.889427 1.014146 1.149332 1.298859 1.582253 1.471413 1.393160 1.380963 1.523375 1.599878 1.651385 1.738446 1.746359 1.705606 1.557409 1.405919 1.277997 1.244881 1.222863 1.220959 1.167202 1.107720 1.073665 1.036998 1.006601 0.973246 0.929466 0.890284 0.840303 0.740340 0.736158 0.712197 0.733300 0.691736 0.651454 0.612021 0.511765 0.460538 0.000000 0.000000 0.000000 0.000000 0.000000 0.000000
0.000000 0.000000 0.000000 0.000000 0.000000 0.000000 0.000000 0.000000 0.000000 0.000000 0.000000 0.000000 0.000000 0.000000 0.000000 0.000000 0.000000 0.000000 0.000000 0.000000 0.000000 0.000000 0.000000 0.000000 0.000000 0.000000 0.000000 0.000000 0.000000 0.000000 0.000000 0.000000 0.000000 0.000000 0.000000 0.000000 0.000000 0.000000 0.000000 0.000000 0.000000 0.000000 0.000000 0.000000 0.000000 0.000000 0.000000 0.000000 0.000000 0.000000 0.000000 0.000000 0.000000 0.000000 0.000000 0.000000 0.000000 0.000000 0.000000 0.000000 0.000000 0.000000 0.000000 0.000000 0.000000 0.000000 0.000000 0.000000 0.000000 0.000000 0.000000 0.000000 0.000000 0.000000 0.000000 0.000000 0.000000 0.000000 0.000000 0.000000 0.000000 0.000000 0.000000 0.000000 0.000000 0.000000 0.000000 0.000000 0.000000 0.000000 0.000000 0.000000 0.000000 0.000000 0.000000 0.000000 0.000000 0.000000 0.000000 0.000000 0.000000 0.000000 0.000000 0.000000 0.000000 0.000000 0.000000 0.000000 0.000000 0.000000 0.000000 0.000000 0.000000 0.000000 0.000000 0.000000 0.000000 0.000000 0.000000 0.000000 0.000000 0.000000 0.000000 0.000000 0.000000 0.000000 0.000000 0.000000 0.000000 0.000000 0.000000 0.000000 0.000000 0.000000 0.000000 0.000000 0.000000 0.000000 0.000000 0.000000 0.000000 0.000000 0.000000 0.000000 0.000000 0.000000 0.000000 0.000000 0.000000 0.000000 0.000000 0.000000 0.000000 0.000000 0.000000 0.513139 0.000000 0.000000 0.000000 0.000000 0.000000 0.000000 0.457068 0.000000 0.581752 0.000000 0.452726 0.644813 0.854924 1.088012 1.260987 1.402799 1.510598 1.574807 1.657318 1.718438 1.782942 1.802724 1.744951 1.792398 1.767694 1.723463 1.685795 1.591486 1.565009 1.424890 1.388471 1.338589 1.305751 1.280108 1.237173 1.168375 1.103257 1.049199 0.998837 0.945198 0.881213 0.810272 0.735798 0.659154 0.576355 0.471674 0.000000 0.000000 0.000000 0.000000 0.000000 0.000000 0.000000 0.000000 0.000000 0.000000 0.000000 0.000000 0.000000 0.000000 0.447507 0.491206 0.511246 0.685225 0.834221 0.957947 1.042762 1.101707 1.123772 1.124505 1.107284 1.084112 1.041918 1.007663 0.944388 0.884823 0.823598 0.767283 0.721112 0.676883 0.722257 0.811631 0.924826 1.010560 1.232895 1.165560 1.165938 1.237123 1.360784 1.408380 1.479967 1.539117 1.603407 1.648560 1.625899 1.508876 1.381992 1.278435 1.250996 1.233357 1.197435 1.169166 1.051534 1.110233 1.083937 0.966837 1.014405 0.969703 0.853016 0.880347 0.833115 0.729655 0.688248 0.638920 0.595544 0.596784 0.565790 0.478660 0.446036 0.000000 0.000000 0.000000 0.000000 0.459697
0.000000 0.000000 0.000000 0.000000 0.000000 0.000000 0.000000 0.000000 0.000000 0.000000 0.000000 0.000000 0.000000 0.000000 0.000000 0.000000 0.000000 0.000000 0.000000 0.000000 0.000000 0.000000 0.000000 0.000000 0.000000 0.000000 0.000000 0.000000 0.000000 0.000000 0.000000 0.000000 0.000000 0.000000 0.000000 0.000000 0.000000 0.000000 0.000000 0.000000 0.000000 0.000000 0.000000 0.000000 0.000000 0.000000 0.000000 0.000000 0.000000 0.000000 0.000000 0.000000 0.000000 0.000000 0.000000 0.000000 0.000000 0.000000 0.000000 0.000000 0.000000 0.000000 0.000000 0.000000 0.000000 0.000000 0.000000 0.000000 0.000000 0.000000 0.000000 0.000000 0.000000 0.000000 0.000000 0.000000 0.000000 0.000000 0.000000 0.000000 0.000000 0.000000 0.000000 0.000000 0.000000 0.000000 0.000000 0.000000 0.000000 0.000000 0.000000 0.000000 0.000000 0.000000 0.000000 0.000000 0.000000 0.000000 0.000000 0.000000 0.000000 0.000000 0.000000 0.000000 0.000000 0.000000 0.000000 0.000000 0.000000 0.000000 0.000000 0.000000 0.000000 0.000000 0.000000 0.000000 0.000000 0.000000 0.000000 0.000000 0.000000 0.000000 0.000000 0.000000 0.000000 0.000000 0.000000 0.000000 0.000000 0.000000 0.000000 0.000000 0.000000 0.000000 0.000000 0.000000 0.000000 0.000000 0.000000 0.000000 0.000000 0.000000 0.000000 0.000000 0.000000 0.000000 0.000000 0.000000 0.000000 0.000000 0.000000 0.000000 0.000000 0.000000 0.000000 0.000000 0.000000 0.000000 0.000000 0.000000 0.446591 0.473909 0.499944 0.514406 0.517765 0.512867 0.500307 0.479944 0.456699 0.428710 0.563849 0.793069 0.935322 1.093341 1.231261 1.379653 1.461134 1.459121 1.471237 1.503851 1.534145 1.560188 1.555976 1.528953 1.502300 1.498991 1.498720 1.511428 1.460490 1.448140 1.400797 1.335984 1.248564 1.070714 0.994426 0.949649 0.914236 0.874735 0.827960 0.770699 0.770588 0.705388 0.594411 0.529251 0.466993 0.404364 0.000000 0.000000 0.000000 0.000000 0.000000 0.000000 0.000000 0.000000 0.000000 0.000000 0.000000 0.000000 0.417764 0.552624 0.675616 0.778953 0.855309 0.908947 0.941530 0.971410 0.982221 0.978000 0.967743 0.961925 0.937403 0.889240 0.829764 0.773407 0.739554 0.699557 0.669625 0.628772 0.724465 0.813671 0.875900 0.925877 1.015473 1.114112 1.228153 1.275426 1.349684 1.369739 1.455019 1.540163 1.539059 1.476906 1.372614 1.272777 1.194125 1.131433 1.105984 1.082971 1.085784 1.069744 0.971474 1.011193 0.975257 0.934747 0.897608 0.857639 0.819671 0.774562 0.724821 0.668754 0.607443 0.574605 0.553124 0.529653 0.423935 0.000000 0.000000 0.000000 0.000000 0.476365
0.000000 0.000000 0.000000 0.000000 0.000000 0.000000 0.000000 0.000000 0.000000 0.000000 0.000000 0.000000 0.000000 0.000000 0.000000 0.000000 0.000000 0.000000 0.000000 0.000000 0.000000 0.000000 0.000000 0.000000 0.000000 0.000000 0.000000 0.000000 0.000000 0.000000 0.000000 0.000000 0.000000 0.000000 0.000000 0.000000 0.000000 0.000000 0.000000 0.000000 0.000000 0.000000 0.000000 0.000000 0.000000 0.000000 0.000000 0.000000 0.000000 0.000000 0.000000 0.000000 0.000000 0.000000 0.000000 0.000000 0.000000 0.000000 0.000000 0.000000 0.000000 0.000000 0.000000 0.000000 0.000000 0.000000 0.000000 0.000000 0.000000 0.000000 0.000000 0.000000 0.000000 0.000000 0.000000 0.000000 0.000000 0.000000 0.000000 0.000000 0.000000 0.000000 0.000000 0.000000 0.000000 0.000000 0.000000 0.000000 0.000000 0.000000 0.000000 0.000000 0.000000 0.000000 0.000000 0.000000 0.000000 0.000000 0.000000 0.000000 0.000000 0.000000 0.000000 0.000000 0.000000 0.000000 0.000000 0.000000 0.000000 0.000000 0.000000 0.000000 0.000000 0.000000 0.000000 0.000000 0.000000 0.000000 0.000000 0.000000 0.000000 0.000000 0.000000 0.000000 0.000000 0.000000 0.000000 0.000000 0.000000 0.000000 0.000000 0.000000 0.000000 0.000000 0.000000 0.000000 0.000000 0.000000 0.000000 0.000000 0.000000 0.000000 0.000000 0.000000 0.000000 0.000000 0.000000 0.000000 0.000000 0.000000 0.000000 0.000000 0.000000 0.448093 0.463382 0.000000 0.000000 0.000000 0.000000 0.000000 0.000000 0.000000 0.437519 0.463209 0.477344 0.481109 0.474432 0.463078 0.449144 0.431653 0.000000 0.000000 0.000000 0.490669 0.641824 0.859883 0.913220 0.986090 1.078785 1.183068 1.260482 1.280473 1.269093 1.258960 1.270569 1.316227 1.348493 1.347416 1.358584 1.379048 1.391934 1.359083 1.358848 1.334626 1.277333 1.202679 1.100764 1.012332 0.949483 0.925403 0.888976 0.844826 0.795526 0.741982 0.688738 0.639017 0.590387 0.538359 0.484653 0.430267 0.000000 0.000000 0.000000 0.000000 0.000000 0.000000 0.000000 0.000000 0.000000 0.000000 0.406187 0.466117 0.531523 0.587122 0.653028 0.702737 0.759744 0.789043 0.830150 0.856788 0.883667 0.887874 0.861547 0.828385 0.781216 0.730029 0.713627 0.689211 0.649629 0.700044 0.762825 0.847593 0.940524 1.050400 1.186627 1.274769 1.335413 1.417229 1.487838 1.516065 1.503923 1.454245 1.354706 1.238189 1.137816 1.069129 1.043547 1.010711 0.970291 0.944450 0.919018 0.885395 0.852398 0.759725 0.795186 0.761297 0.729179 0.706689 0.681872 0.652585 0.592746 0.564783 0.531822 0.491210 0.445383 0.000000 0.000000 0.000000 0.000000 0.483623
0.000000 0.000000 0.000000 0.000000 0.000000 0.000000 0.000000 0.000000 0.000000 0.000000 0.000000 0.000000 0.000000 0.000000 0.000000 0.000000 0.000000 0.000000 0.000000 0.000000 0.000000 0.000000 0.000000 0.000000 0.000000 0.000000 0.000000 0.000000 0.000000 0.000000 0.000000 0.000000 0.000000 0.000000 0.000000 0.000000 0.000000 0.000000 0.000000 0.000000 0.000000 0.000000 0.000000 0.000000 0.000000 0.000000 0.000000 0.000000 0.000000 0.000000 0.000000 0.000000 0.000000 0.000000 0.000000 0.000000 0.000000 0.000000 0.000000 0.000000 0.000000 0.000000 0.000000 0.000000 0.000000 0.000000 0.000000 0.000000 0.000000 0.000000 0.000000 0.000000 0.000000 0.000000 0.000000 0.000000 0.000000 0.000000 0.000000 0.000000 0.000000 0.000000 0.000000 0.000000 0.000000 0.000000 0.000000 0.000000 0.000000 0.000000 0.000000 0.000000 0.000000 0.000000 0.000000 0.000000 0.000000 0.000000 0.000000 0.000000 0.000000 0.000000 0.000000 0.000000 0.000000 0.438261 0.479343 0.498767 0.492075 0.461058 0.420090 0.377443 0.000000 0.000000 0.000000 0.000000 0.000000 0.000000 0.000000 0.000000 0.000000 0.000000 0.000000 0.000000 0.000000 0.000000 0.000000 0.000000 0.000000 0.000000 0.000000 0.000000 0.000000 0.000000 0.000000 0.000000 0.000000 0.000000 0.000000 0.000000 0.000000 0.000000 0.000000 0.000000 0.000000 0.000000 0.000000 0.000000 0.000000 0.000000 0.000000 0.000000 0.423316 0.000000 0.000000 0.000000 0.000000 0.000000 0.000000 0.000000 0.000000 0.000000 0.000000 0.000000 0.000000 0.000000 0.000000 0.000000 0.430922 0.493385 0.527688 0.527196 0.491765 0.441732 0.000000 0.000000 0.000000 0.510438 0.645575 0.777024 0.861250 0.897605 0.953442 1.003267 1.044672 1.104605 1.078030 1.041652 1.085190 1.148736 1.223550 1.268326 1.317858 1.367383 1.403597 1.422630 1.407223 1.348012 1.230039 1.093057 0.996786 0.936412 0.900236 0.868405 0.842579 0.814783 0.773657 0.730911 0.677859 0.616216 0.554919 0.503134 0.454061 0.000000 0.000000 0.000000 0.000000 0.000000 0.000000 0.000000 0.000000 0.000000 0.000000 0.000000 0.000000 0.000000 0.467916 0.548319 0.665417 0.741814 0.811063 0.867266 0.900133 0.891674 0.865626 0.836161 0.781786 0.744379 0.716515 0.674239 0.686403 0.743681 0.829820 0.930772 1.079734 1.183725 1.306316 1.403064 1.481913 1.524999 1.525377 1.495105 1.420797 1.358272 1.289191 1.238834 1.175576 1.110586 1.031342 0.944606 0.866406 0.808601 0.769715 0.748684 0.755229 0.766763 0.747942 0.712985 0.672957 0.632906 0.605610 0.573269 0.548458 0.586550 0.491053 0.452459 0.000000 0.000000 0.000000 0.479776
0.000000 0.000000 0.000000 0.000000 0.000000 0.000000 0.000000 0.000000 0.000000 0.000000 0.000000 0.000000 0.000000 0.000000 0.000000 0.000000 0.000000 0.000000 0.000000 0.000000 0.000000 0.000000 0.000000 0.000000 0.000000 0.000000 0.000000 0.000000 0.000000 0.000000 0.000000 0.000000 0.000000 0.000000 0.000000 0.000000 0.000000 0.000000 0.000000 0.000000 0.000000 0.000000 0.000000 0.000000 0.000000 0.000000 0.000000 0.000000 0.000000 0.000000 0.000000 0.000000 0.000000 0.000000 0.000000 0.000000 0.000000 0.000000 0.000000 0.000000 0.000000 0.000000 0.000000 0.000000 0.000000 0.000000 0.000000 0.000000 0.000000 0.000000 0.000000 0.000000 0.000000 0.000000 0.000000 0.000000 0.000000 0.000000 0.000000 0.000000 0.000000 0.000000 0.000000 0.000000 0.000000 0.000000 0.000000 0.000000 0.000000 0.000000 0.000000 0.000000 0.000000 0.000000 0.000000 0.000000 0.000000 0.000000 0.000000 0.000000 0.000000 0.000000 0.363088 0.482404 0.531134 0.557300 0.597614 0.613738 0.608739 0.586513 0.562192 0.529069 0.487561 0.454601 0.428394 0.401948 0.383684 0.000000 0.000000 0.000000 0.000000 0.000000 0.000000 0.000000 0.000000 0.000000 0.000000 0.000000 0.000000 0.000000 0.000000 0.000000 0.000000 0.000000 0.000000 0.000000 0.000000 0.000000 0.000000 0.000000 0.000000 0.000000 0.000000 0.000000 0.000000 0.000000 0.000000 0.000000 0.000000 0.000000 0.000000 0.000000 0.000000 0.000000 0.000000 0.000000 0.000000 0.000000 0.000000 0.000000 0.000000 0.000000 0.000000 0.000000 0.556864 0.719423 0.826074 0.893061 0.920288 0.909863 0.867755 0.765420 0.615596 0.539822 0.514503 0.501517 0.489069 0.467505 0.436790 0.000000 0.000000 0.458110 0.565897 0.655165 0.736272 0.820584 0.784316 0.807636 0.853039 0.929837 0.973361 0.988512 1.025093 1.081772 1.153821 1.240549 1.290750 1.333234 1.329273 1.278318 1.211593 1.107504 1.019294 0.972046 0.938641 0.907850 0.859267 0.842617 0.803041 0.757780 0.697682 0.655267 0.602540 0.541480 0.479624 0.422890 0.000000 0.000000 0.000000 0.000000 0.000000 0.000000 0.000000 0.000000 0.323031 0.000000 0.000000 0.000000 0.465047 0.576801 0.690724 0.804666 0.877351 0.907168 0.903461 0.883987 0.847306 0.808896 0.762214 0.708397 0.669948 0.605264 0.607005 0.680842 0.807630 1.042620 1.187857 1.303263 1.383355 1.428788 1.435121 1.426564 1.413424 1.398523 1.377955 1.339950 1.297191 1.206673 1.117509 1.028705 0.963600 0.921236 0.889845 0.858553 0.831344 0.827886 0.804486 0.724012 0.674217 0.627983 0.600357 0.581623 0.633206 0.700097 0.746494 0.771601 0.687947 0.521451 0.000000 0.465267
0.000000 0.000000 0.000000 0.000000 0.000000 0.000000 0.000000 0.000000 0.000000 0.000000 0.000000 0.000000 0.000000 0.000000 0.000000 0.000000 0.000000 0.000000 0.000000 0.000000 0.000000 0.000000 0.000000 0.000000 0.000000 0.000000 0.000000 0.000000 0.000000 0.000000 0.000000 0.000000 0.000000 0.000000 0.000000 0.000000 0.000000 0.000000 0.000000 0.000000 0.000000 0.000000 0.000000 0.000000 0.000000 0.000000 0.000000 0.000000 0.000000 0.000000 0.000000 0.000000 0.000000 0.000000 0.000000 0.000000 0.000000 0.000000 0.000000 0.000000 0.000000 0.000000 0.000000 0.000000 0.000000 0.000000 0.000000 0.000000 0.000000 0.000000 0.000000 0.000000 0.000000 0.000000 0.000000 0.000000 0.000000 0.000000 0.000000 0.000000 0.000000 0.000000 0.000000 0.000000 0.000000 0.000000 0.000000 0.000000 0.000000 0.000000 0.000000 0.000000 0.000000 0.000000 0.000000 0.000000 0.000000 0.000000 0.000000 0.000000 0.000000 0.000000 0.000000 0.494616 0.543075 0.579532 0.593018 0.622164 0.645679 0.661067 0.654641 0.624406 0.588263 0.560729 0.530360 0.503130 0.489903 0.477676 0.456917 0.422747 0.387474 0.000000 0.000000 0.000000 0.000000 0.000000 0.000000 0.000000 0.000000 0.000000 0.000000 0.000000 0.000000 0.000000 0.000000 0.000000 0.000000 0.000000 0.000000 0.000000 0.000000 0.000000 0.000000 0.000000 0.000000 0.000000 0.000000 0.000000 0.000000 0.000000 0.000000 0.000000 0.000000 0.000000 0.000000 0.000000 0.000000 0.000000 0.000000 0.000000 0.474483 0.610856 0.728829 0.867714 1.028767 1.161280 1.261249 1.326865 1.349499 1.364056 1.355385 1.237895 1.027086 0.846692 0.746056 0.685658 0.645796 0.607467 0.560529 0.516183 0.476790 0.435378 0.000000 0.000000 0.000000 0.000000 0.456139 0.512168 0.568870 0.649246 0.653381 0.658825 0.692895 0.754699 0.862283 0.946250 1.017552 1.085097 1.144150 1.205597 1.227519 1.213843 1.187901 1.178327 1.183344 1.193014 1.215349 1.256262 1.163468 1.060699 0.946760 0.858273 0.784855 0.708189 0.627869 0.553572 0.476142 0.000000 0.000000 0.000000 0.000000 0.000000 0.000000 0.000000 0.000000 0.000000 0.000000 0.000000 0.000000 0.000000 0.538576 0.686817 0.794210 0.855576 0.879780 0.880437 0.859429 0.832919 0.792891 0.754853 0.724419 0.701899 0.698009 0.719536 0.747062 0.759863 0.851531 1.064205 1.169227 1.247499 1.291231 1.311972 1.319857 1.333114 1.342292 1.341296 1.333164 1.299931 1.252381 1.181417 1.100007 1.016995 0.972428 0.953099 0.996895 1.023134 0.950522 0.857612 0.777077 0.701054 0.736167 0.796913 0.768108 0.759702 0.771714 0.809434 0.735578 0.581536 0.463039 0.000000
0.000000 0.000000 0.000000 0.000000 0.000000 0.000000 0.000000 0.000000 0.000000 0.000000 0.000000 0.000000 0.000000 0.000000 0.000000 0.000000 0.000000 0.000000 0.000000 0.000000 0.000000 0.000000 0.000000 0.000000 0.000000 0.000000 0.000000 0.000000 0.000000 0.000000 0.000000 0.000000 0.000000 0.000000 0.000000 0.000000 0.000000 0.000000 0.000000 0.000000 0.000000 0.000000 0.000000 0.000000 0.000000 0.000000 0.000000 0.000000 0.000000 0.000000 0.000000 0.000000 0.000000 0.000000 0.000000 0.000000 0.000000 0.000000 0.000000 0.000000 0.000000 0.000000 0.000000 0.000000 0.000000 0.000000 0.000000 0.000000 0.000000 0.000000 0.000000 0.000000 0.000000 0.000000 0.000000 0.000000 0.000000 0.402347 0.414302 0.411013 0.394610 0.374642 0.000000 0.000000 0.000000 0.000000 0.000000 0.000000 0.000000 0.000000 0.000000 0.000000 0.000000 0.000000 0.000000 0.000000 0.000000 0.000000 0.000000 0.000000 0.000000 0.000000 0.000000 0.000000 0.000000 0.381202 0.415097 0.455422 0.490804 0.515876 0.540633 0.559215 0.568474 0.566394 0.559676 0.556858 0.553797 0.541970 0.516777 0.488314 0.457123 0.429362 0.400418 0.000000 0.000000 0.000000 0.000000 0.000000 0.000000 0.000000 0.000000 0.000000 0.000000 0.000000 0.000000 0.000000 0.000000 0.000000 0.000000 0.000000 0.000000 0.000000 0.000000 0.000000 0.000000 0.000000 0.000000 0.000000 0.000000 0.000000 0.000000 0.000000 0.000000 0.000000 0.000000 0.000000 0.000000 0.000000 0.584381 0.710642 0.771204 0.780844 0.755069 0.741419 0.879813 0.984511 1.041598 1.097773 1.134910 1.164295 1.188878 1.157837 1.111879 1.040102 0.970224 0.899751 0.828558 0.758400 0.694097 0.638963 0.585194 0.521419 0.456857 0.000000 0.000000 0.000000 0.000000 0.000000 0.000000 0.000000 0.000000 0.000000 0.000000 0.447169 0.588329 0.650677 0.713731 0.805263 0.912366 0.979075 1.004138 1.026763 1.055275 1.098990 1.132471 1.155381 1.210535 1.242914 1.189440 1.112514 1.065497 1.001857 0.936036 0.869274 0.795452 0.714042 0.627431 0.617794 0.454166 0.000000 0.000000 0.000000 0.000000 0.000000 0.000000 0.000000 0.000000 0.000000 0.000000 0.000000 0.423360 0.526523 0.658503 0.752005 0.791863 0.817923 0.830361 0.825937 0.803107 0.766990 0.732119 0.726608 0.730138 0.747784 0.771229 0.798246 0.825948 0.801409 0.862913 0.920247 0.985681 1.033509 1.066649 1.194039 1.217967 1.239253 1.267723 1.284983 1.288113 1.273800 1.232514 1.188042 1.100238 1.004184 0.960093 1.028404 1.001286 0.968316 0.932991 0.892228 0.870719 0.895791 0.891418 0.857243 0.815174 0.776235 0.734332 0.629843 0.549543 0.000000
0.000000 0.000000 0.000000 0.000000 0.000000 0.000000 0.000000 0.000000 0.000000 0.000000 0.000000 0.000000 0.000000 0.000000 0.000000 0.000000 0.000000 0.000000 0.000000 0.000000 0.000000 0.000000 0.000000 0.000000 0.000000 0.000000 0.000000 0.000000 0.000000 0.000000 0.000000 0.000000 0.000000 0.000000 0.000000 0.000000 0.000000 0.000000 0.000000 0.000000 0.000000 0.000000 0.000000 0.000000 0.000000 0.000000 0.000000 0.000000 0.000000 0.000000 0.000000 0.000000 0.000000 0.000000 0.000000 0.000000 0.000000 0.000000 0.000000 0.000000 0.000000 0.000000 0.000000 0.000000 0.000000 0.379310 0.406424 0.422218 0.431256 0.430277 0.418775 0.396770 0.000000 0.000000 0.397601 0.447319 0.489344 0.515238 0.521491 0.511382 0.489615 0.465317 0.445906 0.418379 0.385426 0.000000 0.000000 0.000000 0.000000 0.000000 0.000000 0.000000 0.000000 0.000000 0.000000 0.000000 0.389666 0.403778 0.470473 0.468075 0.460723 0.391574 0.380226 0.362102 0.000000 0.000000 0.000000 0.000000 0.000000 0.000000 0.381259 0.412897 0.440177 0.461743 0.486617 0.514160 0.535163 0.537039 0.525993 0.510231 0.491808 0.471597 0.455076 0.423982 0.000000 0.000000 0.000000 0.000000 0.000000 0.000000 0.000000 0.000000 0.000000 0.000000 0.000000 0.000000 0.000000 0.000000 0.000000 0.000000 0.000000 0.000000 0.000000 0.000000 0.000000 0.000000 0.000000 0.000000 0.000000 0.000000 0.000000 0.000000 0.000000 0.000000 0.456587 0.517814 0.557934 0.588004 0.626555 0.665213 0.689403 0.697611 0.697433 0.690693 0.678857 0.717526 0.748069 0.746542 0.789605 0.849326 0.908425 0.955025 0.982668 0.999540 0.961768 0.919874 0.894611 0.832330 0.782172 0.728738 0.682497 0.582419 0.500323 0.000000 0.000000 0.000000 0.000000 0.000000 0.000000 0.000000 0.000000 0.000000 0.000000 0.000000 0.000000 0.000000 0.000000 0.437816 0.573395 0.616926 0.673751 0.752460 0.828419 0.893131 0.938905 0.972882 0.997274 1.019567 1.030473 1.025624 1.012235 1.050196 1.101191 1.077854 1.023807 0.992612 0.770061 0.813593 0.614861 0.524629 0.430750 0.000000 0.000000 0.517536 0.000000 0.000000 0.000000 0.000000 0.000000 0.498295 0.559607 0.588933 0.591315 0.643140 0.695090 0.706446 0.744499 0.775154 0.794382 0.778918 0.752383 0.725849 0.769305 0.803729 0.835780 0.867848 0.894995 0.920579 0.945170 0.880619 0.906749 0.934944 0.962395 0.973769 0.989647 1.009314 1.044358 1.083127 1.226286 1.244388 1.260816 1.293182 1.262366 1.085141 1.077447 1.149274 1.173146 1.139861 1.101526 1.048799 1.002931 0.953400 0.925202 0.898175 0.850315 0.805673 0.700595 0.676556 0.624239 0.487651
0.000000 0.000000 0.000000 0.000000 0.000000 0.000000 0.000000 0.000000 0.000000 0.000000 0.000000 0.000000 0.000000 0.000000 0.000000 0.000000 0.000000 0.000000 0.000000 0.000000 0.000000 0.000000 0.000000 0.000000 0.000000 0.000000 0.000000 0.000000 0.000000 0.000000 0.000000 0.000000 0.000000 0.000000 0.000000 0.000000 0.000000 0.000000 0.000000 0.000000 0.000000 0.000000 0.000000 0.000000 0.000000 0.000000 0.000000 0.000000 0.000000 0.000000 0.489201 0.511841 0.473281 0.410268 0.357427 0.335635 0.343528 0.362170 0.364559 0.371142 0.390743 0.404257 0.398237 0.479218 0.439924 0.476341 0.503391 0.517994 0.528734 0.530681 0.521176 0.506718 0.476978 0.448823 0.422442 0.409141 0.400931 0.511488 0.529397 0.534913 0.490013 0.489395 0.483523 0.469124 0.453983 0.431215 0.407184 0.377089 0.000000 0.407343 0.437369 0.457754 0.468773 0.482829 0.494788 0.557023 0.571734 0.581937 0.581971 0.575423 0.569680 0.554957 0.530622 0.503194 0.420101 0.389266 0.000000 0.000000 0.000000 0.000000 0.000000 0.000000 0.000000 0.000000 0.000000 0.000000 0.422947 0.451386 0.469929 0.486118 0.488618 0.481864 0.469699 0.457559 0.434762 0.403028 0.000000 0.000000 0.000000 0.000000 0.000000 0.000000 0.000000 0.000000 0.000000 0.000000 0.000000 0.000000 0.000000 0.000000 0.000000 0.000000 0.000000 0.000000 0.000000 0.000000 0.000000 0.000000 0.000000 0.000000 0.000000 0.445799 0.583476 0.666893 0.705939 0.741560 0.762785 0.772758 0.780956 0.788060 0.808287 0.800024 0.773527 0.729355 0.682644 0.645135 0.618419 0.594173 0.589468 0.599002 0.619513 0.673159 0.743306 0.794289 0.827394 0.838148 0.831292 0.804975 0.771258 0.733992 0.680053 0.614441 0.537647 0.457367 0.000000 0.000000 0.000000 0.000000 0.000000 0.000000 0.000000 0.000000 0.000000 0.000000 0.000000 0.000000 0.000000 0.000000 0.000000 0.000000 0.000000 0.000000 0.447884 0.527324 0.595628 0.640343 0.677625 0.716249 0.757143 0.786823 0.811067 0.824641 0.831445 0.833471 0.827325 0.811999 0.787788 0.846666 0.703550 0.755169 0.688950 0.613426 0.515612 0.000000 0.000000 0.000000 0.000000 0.000000 0.000000 0.499604 0.567487 0.621113 0.677505 0.724184 0.749916 0.747054 0.749208 0.755421 0.763745 0.771119 0.764732 0.741070 0.773192 0.816971 0.847046 0.890820 0.926113 0.950484 0.973650 0.992332 0.924396 0.932052 0.944018 0.946867 0.944731 0.952625 0.972749 0.996341 1.025721 1.059145 1.098486 1.175543 1.236555 1.255634 1.249156 1.221148 1.159307 1.107855 1.050768 1.005153 0.958997 0.925288 0.900884 0.872235 0.837111 0.806924 0.801514 0.742761 0.695260 0.615795
0.000000 0.000000 0.000000 0.000000 0.000000 0.000000 0.000000 0.000000 0.000000 0.000000 0.000000 0.000000 0.000000 0.000000 0.000000 0.000000 0.000000 0.000000 0.000000 0.000000 0.000000 0.000000 0.000000 0.000000 0.000000 0.000000 0.000000 0.000000 0.000000 0.000000 0.000000 0.000000 0.000000 0.000000 0.000000 0.000000 0.000000 0.000000 0.000000 0.000000 0.000000 0.000000 0.000000 0.000000 0.000000 0.404803 0.412973 0.399621 0.448294 0.535345 0.598445 0.618190 0.596272 0.550879 0.505713 0.468897 0.445252 0.421179 0.404266 0.380604 0.000000 0.000000 0.467302 0.508767 0.540515 0.565037 0.578812 0.589445 0.589041 0.573909 0.586026 0.587255 0.582260 0.574328 0.570330 0.568163 0.566377 0.562391 0.554423 0.534969 0.502104 0.530946 0.537305 0.554369 0.567499 0.573122 0.574308 0.567565 0.539928 0.543048 0.589075 0.596709 0.600771 0.601528 0.580007 0.592201 0.626393 0.629822 0.630311 0.624995 0.615981 0.605181 0.593040 0.573516 0.549748 0.524778 0.489725 0.392725 0.000000 0.000000 0.000000 0.000000 0.000000 0.000000 0.000000 0.000000 0.000000 0.000000 0.000000 0.000000 0.412914 0.431281 0.444227 0.453212 0.453204 0.438856 0.413379 0.000000 0.000000 0.000000 0.000000 0.000000 0.000000 0.000000 0.000000 0.000000 0.000000 0.000000 0.000000 0.000000 0.000000 0.000000 0.000000 0.000000 0.000000 0.000000 0.000000 0.000000 0.000000 0.000000 0.000000 0.000000 0.546463 0.676445 0.790990 0.870985 1.042265 0.896004 0.874440 0.849808 0.780647 0.724150 0.683005 0.673217 0.698398 0.717748 0.701684 0.679030 0.645385 0.611456 0.574185 0.543017 0.510640 0.504386 0.573124 0.633604 0.672517 0.678875 0.677126 0.668826 0.646588 0.613719 0.561935 0.500183 0.430314 0.000000 0.000000 0.000000 0.000000 0.000000 0.000000 0.000000 0.000000 0.000000 0.000000 0.000000 0.000000 0.000000 0.000000 0.000000 0.000000 0.000000 0.000000 0.000000 0.000000 0.000000 0.000000 0.000000 0.000000 0.404897 0.452463 0.511195 0.554523 0.584308 0.610804 0.804601 0.639280 0.640459 0.748030 0.617252 0.590723 0.632774 0.587703 0.536499 0.390654 0.000000 0.000000 0.000000 0.000000 0.000000 0.464971 0.545341 0.625446 0.698238 0.759866 0.792430 0.824479 0.846898 0.859824 0.873394 0.882833 0.885961 0.871661 0.840200 0.801393 0.847041 0.890931 0.923920 0.953573 0.984730 0.997016 0.994591 1.013968 0.939975 0.931789 0.924550 0.915623 0.925064 0.936758 0.938158 0.964643 1.039022 1.118045 1.146095 0.958860 0.920820 1.074701 0.860610 0.836121 0.828477 0.826458 0.974821 0.936673 0.889498 0.938175 0.919481 0.848153 0.800539 0.767690 0.746190
0.000000 0.000000 0.000000 0.000000 0.000000 0.000000 0.000000 0.000000 0.000000 0.000000 0.000000 0.000000 0.000000 0.000000 0.000000 0.000000 0.000000 0.000000 0.000000 0.000000 0.000000 0.000000 0.000000 0.000000 0.000000 0.000000 0.000000 0.000000 0.000000 0.000000 0.000000 0.000000 0.000000 0.000000 0.000000 0.000000 0.000000 0.000000 0.000000 0.000000 0.000000 0.000000 0.458890 0.546151 0.602513 0.629179 0.636618 0.630334 0.623708 0.629638 0.655791 0.685869 0.696321 0.688543 0.660655 0.620896 0.578879 0.546953 0.514063 0.493712 0.479281 0.488588 0.514303 0.538302 0.617269 0.635987 0.655064 0.668163 0.679141 0.678465 0.648402 0.918983 0.728628 0.740378 0.748329 0.754256 0.758805 0.762472 0.765361 0.761962 0.749560 0.730864 0.716363 0.713121 0.716977 0.676529 0.613217 0.701697 0.704620 0.752541 0.740511 0.734374 0.727658 0.715003 0.699687 0.686768 0.676057 0.660942 0.603965 0.598217 0.593712 0.627701 0.621687 0.610408 0.598029 0.582232 0.555591 0.528782 0.490196 0.383805 0.000000 0.000000 0.000000 0.000000 0.000000 0.000000 0.000000 0.000000 0.000000 0.000000 0.000000 0.000000 0.000000 0.404011 0.423065 0.427194 0.419012 0.403198 0.000000 0.000000 0.000000 0.000000 0.000000 0.000000 0.000000 0.000000 0.000000 0.000000 0.000000 0.000000 0.000000 0.000000 0.000000 0.000000 0.000000 0.000000 0.000000 0.000000 0.000000 0.000000 0.000000 0.000000 0.000000 0.547877 0.693621 0.812515 0.885890 0.942276 1.033880 1.138770 1.251965 1.287845 1.257133 1.190926 1.095293 0.999531 0.920873 0.850415 0.791911 0.739364 0.686767 0.631883 0.579281 0.537890 0.502058 0.469588 0.443488 0.467362 0.499324 0.524323 0.543898 0.546923 0.528348 0.493398 0.444169 0.000000 0.000000 0.000000 0.000000 0.000000 0.000000 0.000000 0.000000 0.000000 0.000000 0.000000 0.000000 0.000000 0.000000 0.000000 0.000000 0.000000 0.000000 0.000000 0.000000 0.000000 0.000000 0.000000 0.000000 0.000000 0.000000 0.000000 0.000000 0.000000 0.000000 0.000000 0.569782 0.000000 0.415943 0.433189 0.439499 0.437446 0.428436 0.414790 0.000000 0.000000 0.000000 0.000000 0.000000 0.000000 0.000000 0.000000 0.485976 0.591003 0.675157 0.736584 0.779704 0.821286 0.842364 0.856823 0.884060 0.909544 0.922513 0.926169 0.915436 0.885192 0.842863 0.796457 0.788332 0.834522 0.868070 0.901586 0.916807 0.945298 0.960983 0.969391 0.966215 0.947628 0.846670 0.846847 0.839887 0.687408 0.742145 0.794138 0.839106 0.852565 0.853178 0.872425 0.885738 0.880713 0.867331 0.845365 0.801649 0.909660 0.960050 0.947016 0.911358 0.887953 0.868269 0.844121
0.000000 0.000000 0.000000 0.000000 0.000000 0.000000 0.000000 0.000000 0.000000 0.000000 0.000000 0.000000 0.000000 0.000000 0.000000 0.000000 0.000000 0.000000 0.000000 0.000000 0.000000 0.000000 0.000000 0.000000 0.000000 0.000000 0.000000 0.000000 0.000000 0.000000 0.000000 0.000000 0.000000 0.000000 0.000000 0.000000 0.000000 0.000000 0.000000 0.000000 0.000000 0.000000 0.441143 0.556555 0.636066 0.700033 0.751651 0.776706 0.805239 0.827387 0.844426 0.849415 0.839461 0.814095 0.772941 0.745531 0.707608 0.678713 0.650518 0.632935 0.654972 0.685246 0.715325 0.736141 0.747528 0.698418 0.703807 0.699113 0.689660 0.693530 0.699117 0.705500 0.716950 0.727898 0.735416 1.377563 0.878375 0.799854 0.863271 0.871486 0.875926 0.883229 0.893138 0.904176 0.918354 0.940401 0.952703 0.962472 0.970531 0.970904 0.958181 0.933703 0.931141 0.903201 0.859227 0.840665 0.821741 0.801299 0.784813 0.762765 0.745023 0.667343 0.645745 0.622494 0.595357 0.568518 0.576509 0.560604 0.539245 0.505426 0.396222 0.000000 0.000000 0.000000 0.000000 0.000000 0.000000 0.000000 0.000000 0.000000 0.000000 0.000000 0.000000 0.000000 0.000000 0.000000 0.000000 0.000000 0.000000 0.000000 0.000000 0.000000 0.000000 0.000000 0.000000 0.000000 0.000000 0.000000 0.000000 0.000000 0.000000 0.000000 0.000000 0.000000 0.000000 0.000000 0.000000 0.000000 0.000000 0.000000 0.000000 0.000000 0.000000 0.000000 0.473457 0.624695 0.726599 0.824554 0.946316 1.102857 1.240215 1.283622 1.273953 1.239044 1.184409 1.137289 1.077744 1.011493 0.944612 0.898583 0.839521 0.862455 0.729205 0.677266 0.627036 0.573771 0.468672 0.432672 0.000000 0.000000 0.000000 0.000000 0.438913 0.429795 0.000000 0.000000 0.000000 0.000000 0.000000 0.000000 0.000000 0.000000 0.000000 0.000000 0.000000 0.000000 0.000000 0.000000 0.000000 0.000000 0.000000 0.000000 0.000000 0.000000 0.000000 0.000000 0.000000 0.000000 0.000000 0.000000 0.000000 0.000000 0.000000 0.000000 0.000000 0.000000 0.000000 0.000000 0.000000 0.000000 0.000000 0.000000 0.000000 0.000000 0.000000 0.000000 0.000000 0.000000 0.000000 0.000000 0.000000 0.000000 0.000000 0.438746 0.551839 0.623617 0.677058 0.713914 0.748129 0.769407 0.803478 0.839361 0.870265 0.904744 0.916179 0.907408 0.877043 0.840187 0.797643 0.755215 0.707551 0.696410 0.712112 0.758945 0.754510 0.783034 0.799212 0.814261 0.848812 0.886566 0.918519 0.942464 0.938878 0.758492 0.777531 0.823615 0.857244 0.850159 0.811868 0.827022 0.844532 0.839352 0.802950 0.756238 0.877366 0.950918 0.957079 0.944527 0.925373 0.889865
0.000000 0.000000 0.000000 0.000000 0.000000 0.000000 0.000000 0.000000 0.000000 0.000000 0.000000 0.000000 0.000000 0.000000 0.000000 0.000000 0.000000 0.000000 0.000000 0.000000 0.000000 0.000000 0.000000 0.000000 0.000000 0.000000 0.000000 0.000000 0.000000 0.000000 0.000000 0.000000 0.000000 0.000000 0.000000 0.000000 0.000000 0.000000 0.000000 0.000000 0.000000 0.000000 0.000000 0.000000 0.000000 0.567875 0.706255 0.821252 0.913426 0.987509 0.967269 0.901349 0.838436 0.796383 0.769283 0.753977 0.750114 0.737968 0.733180 0.741068 0.759365 0.608281 0.622436 0.630736 0.632896 0.633152 0.628105 0.621692 0.613859 0.608120 0.598797 0.593360 0.587676 0.573099 0.570269 0.591932 0.728435 1.544962 1.524834 1.391086 1.015631 1.055068 0.938723 1.086936 1.097650 1.109094 1.112397 1.111924 1.100523 1.090876 1.082263 1.063228 1.045584 1.094367 1.061903 1.020887 0.993047 0.957900 0.928594 0.904624 0.872048 0.845999 0.810996 0.774988 0.677539 0.640186 0.602745 0.570356 0.543090 0.530079 0.416145 0.396019 0.000000 0.000000 0.000000 0.000000 0.000000 0.000000 0.000000 0.000000 0.000000 0.000000 0.000000 0.000000 0.000000 0.000000 0.000000 0.000000 0.000000 0.000000 0.000000 0.000000 0.000000 0.000000 0.000000 0.000000 0.000000 0.000000 0.000000 0.000000 0.000000 0.000000 0.000000 0.000000 0.000000 0.000000 0.000000 0.000000 0.000000 0.000000 0.000000 0.000000 0.000000 0.000000 0.000000 0.000000 0.000000 0.510254 0.679103 0.843969 1.000298 1.071037 1.091093 1.080940 1.058537 1.042784 1.017305 0.977439 0.935085 0.900273 0.892208 0.875833 0.831006 0.768745 0.696446 0.615968 0.465118 0.458020 0.000000 0.000000 0.000000 0.000000 0.000000 0.000000 0.000000 0.000000 0.000000 0.000000 0.000000 0.000000 0.000000 0.000000 0.000000 0.000000 0.000000 0.000000 0.000000 0.000000 0.000000 0.000000 0.000000 0.000000 0.000000 0.000000 0.000000 0.000000 0.000000 0.000000 0.000000 0.000000 0.000000 0.000000 0.000000 0.000000 0.000000 0.000000 0.000000 0.000000 0.000000 0.000000 0.000000 0.000000 0.000000 0.000000 0.000000 0.000000 0.000000 0.000000 0.000000 0.000000 0.000000 0.000000 0.000000 0.000000 0.429747 0.515157 0.567650 0.611060 0.643627 0.678109 0.698275 0.740947 0.779359 0.828612 0.847985 0.842689 0.811375 0.761325 0.717490 0.688334 0.665990 0.670350 0.662945 0.646933 0.623766 0.660369 0.696979 0.683959 0.733971 0.759971 0.787863 0.828337 0.915103 1.021606 1.129644 1.204590 1.242555 1.055121 1.056716 1.026978 0.976659 0.900106 0.828553 0.942387 0.900474 0.979483 0.996667 0.747343 0.723696 0.694056
0.000000 0.000000 0.000000 0.000000 0.000000 0.000000 0.000000 0.000000 0.000000 0.000000 0.000000 0.000000 0.000000 0.000000 0.000000 0.000000 0.000000 0.000000 0.000000 0.000000 0.000000 0.000000 0.000000 0.000000 0.000000 0.000000 0.000000 0.000000 0.000000 0.000000 0.000000 0.000000 0.000000 0.000000 0.000000 0.000000 0.000000 0.000000 0.000000 0.000000 0.000000 0.000000 0.000000 0.000000 0.000000 0.000000 0.000000 0.000000 0.000000 0.547456 0.651429 0.695094 0.658349 0.681617 0.724874 0.763403 0.796853 0.826883 0.864977 0.848902 0.941260 0.950921 0.938060 0.930604 0.935614 0.712582 0.704547 0.695270 0.685147 0.678489 0.754476 0.718810 0.652743 0.665774 0.633820 0.629882 0.626520 0.644846 0.696443 0.757526 0.815996 0.868449 0.917984 0.712159 0.741933 0.772905 0.811469 1.059996 1.075970 1.092740 1.109175 1.119032 1.124683 1.124265 1.100942 1.187203 1.149323 1.110162 1.072426 1.013726 0.957445 0.897944 0.858746 0.811973 0.833642 0.789663 0.744715 0.706822 0.671501 0.639899 0.603503 0.561942 0.465714 0.421313 0.000000 0.000000 0.000000 0.000000 0.000000 0.000000 0.000000 0.000000 0.000000 0.000000 0.000000 0.000000 0.000000 0.000000 0.000000 0.000000 0.000000 0.000000 0.000000 0.000000 0.000000 0.000000 0.000000 0.000000 0.000000 0.000000 0.000000 0.000000 0.000000 0.000000 0.000000 0.000000 0.000000 0.000000 0.000000 0.000000 0.000000 0.000000 0.000000 0.000000 0.000000 0.000000 0.000000 0.000000 0.000000 0.000000 0.480157 0.623707 0.714380 0.782039 0.817135 0.829217 0.834103 0.848746 0.847886 0.848352 0.868228 0.865314 0.844369 0.809817 0.758915 0.682873 0.591441 0.425442 0.000000 0.000000 0.000000 0.000000 0.000000 0.000000 0.000000 0.000000 0.000000 0.000000 0.000000 0.000000 0.000000 0.000000 0.000000 0.000000 0.000000 0.000000 0.000000 0.000000 0.000000 0.000000 0.000000 0.000000 0.000000 0.000000 0.000000 0.000000 0.000000 0.000000 0.000000 0.000000 0.000000 0.000000 0.000000 0.000000 0.000000 0.000000 0.000000 0.000000 0.000000 0.000000 0.000000 0.000000 0.000000 0.000000 0.000000 0.000000 0.000000 0.000000 0.000000 0.000000 0.000000 0.000000 0.000000 0.000000 0.000000 0.000000 0.468847 0.525783 0.565159 0.601647 0.649936 0.687298 0.711879 0.733535 0.737531 0.730213 0.690971 0.674870 0.657141 0.643517 0.635064 0.680983 0.699422 0.705471 0.702017 0.704989 0.714897 0.745859 0.731754 0.764290 0.784872 0.830240 0.759964 0.873359 1.135724 1.066929 1.284205 1.133369 1.139342 1.132013 1.105860 1.080356 1.015234 0.947843 0.612828 0.839475 0.795895 0.774208 0.755149 0.720257
0.000000 0.000000 0.000000 0.000000 0.000000 0.000000 0.000000 0.000000 0.000000 0.000000 0.000000 0.000000 0.000000 0.000000 0.000000 0.000000 0.000000 0.000000 0.000000 0.000000 0.000000 0.000000 0.000000 0.000000 0.000000 0.000000 0.000000 0.000000 0.000000 0.000000 0.000000 0.000000 0.000000 0.000000 0.000000 0.000000 0.000000 0.000000 0.000000 0.000000 0.000000 0.000000 0.000000 0.000000 0.000000 0.000000 0.000000 0.000000 0.000000 0.000000 0.537919 0.734636 0.830050 0.804526 0.772499 0.809556 0.830091 0.901242 1.016628 1.076380 1.054651 0.999415 0.988333 0.981516 0.982229 0.975795 0.967389 0.956384 0.880275 0.744502 0.746051 0.745007 0.739545 0.752305 0.772101 0.759212 0.724471 0.879984 0.701972 0.700894 0.708222 0.733052 0.770202 0.481103 0.525137 0.574016 0.625263 0.677626 0.719170 0.745962 1.022305 1.051047 1.075707 1.087956 1.086552 1.078938 1.063430 1.026591 0.998674 0.987904 0.965193 0.931692 0.884181 0.995544 0.934443 0.886303 0.832788 0.786760 0.796023 0.756137 0.700543 0.662069 0.618445 0.573918 0.536795 0.501072 0.469493 0.443153 0.405697 0.000000 0.000000 0.000000 0.000000 0.000000 0.000000 0.000000 0.000000 0.000000 0.000000 0.000000 0.000000 0.000000 0.000000 0.000000 0.000000 0.000000 0.000000 0.000000 0.000000 0.000000 0.000000 0.000000 0.000000 0.000000 0.000000 0.000000 0.000000 0.000000 0.000000 0.000000 0.000000 0.000000 0.000000 0.000000 0.000000 0.000000 0.000000 0.000000 0.000000 0.000000 0.000000 0.000000 0.000000 0.000000 0.000000 0.509147 0.605861 0.677045 0.724374 0.753280 0.778797 0.804509 0.806126 0.794690 0.757137 0.696991 0.629887 0.561016 0.000000 0.580209 0.000000 0.000000 0.371767 0.000000 0.000000 0.000000 0.000000 0.000000 0.000000 0.000000 0.000000 0.000000 0.000000 0.000000 0.000000 0.000000 0.000000 0.000000 0.000000 0.000000 0.000000 0.000000 0.000000 0.000000 0.000000 0.000000 0.000000 0.000000 0.000000 0.000000 0.000000 0.000000 0.000000 0.000000 0.000000 0.000000 0.000000 0.000000 0.000000 0.000000 0.000000 0.000000 0.000000 0.000000 0.000000 0.000000 0.000000 0.000000 0.000000 0.000000 0.000000 0.000000 0.000000 0.000000 0.000000 0.000000 0.000000 0.436691 0.489931 0.534927 0.600196 0.647556 0.676321 0.682307 0.680159 0.676174 0.664525 0.661605 0.643616 0.625581 0.615900 0.649068 0.675878 0.697208 0.715507 0.740561 0.764910 0.791766 0.825667 0.860044 0.793757 0.811558 0.872129 0.960076 0.600594 0.635303 0.643764 0.683717 0.744538 0.776151 0.808487 0.839468 0.830692 0.784129 0.720539 0.636264 0.502928 0.433242 0.796919 0.746648
0.000000 0.000000 0.000000 0.000000 0.000000 0.000000 0.000000 0.000000 0.000000 0.000000 0.000000 0.000000 0.000000 0.000000 0.000000 0.000000 0.000000 0.000000 0.000000 0.000000 0.000000 0.000000 0.000000 0.000000 0.000000 0.000000 0.000000 0.000000 0.000000 0.000000 0.000000 0.000000 0.000000 0.000000 0.000000 0.000000 0.000000 0.000000 0.000000 0.000000 0.000000 0.000000 0.000000 0.000000 0.000000 0.000000 0.000000 0.000000 0.000000 0.562098 0.000000 0.000000 0.000000 0.000000 0.421665 0.522400 0.631703 0.699525 0.779001 0.844205 0.837026 0.824903 0.877565 0.903949 0.913432 0.921849 0.967246 1.005515 0.972110 1.000615 1.080267 1.090138 1.098240 1.032065 1.034020 1.029466 1.023135 1.017762 1.015650 1.020162 0.851360 0.847781 0.845181 0.843653 0.845611 0.853365 0.864462 0.523519 0.483707 0.464583 0.453318 0.457648 0.483661 0.510504 0.534169 0.543633 0.539255 0.532551 0.893101 0.903270 0.896415 0.891093 0.892953 0.887013 0.866938 0.829988 0.799187 0.915029 0.951731 0.898406 0.851505 0.805763 0.769669 0.742908 0.706114 0.679693 0.651174 0.623068 0.592172 0.559009 0.517095 0.465643 0.408508 0.000000 0.000000 0.000000 0.000000 0.000000 0.000000 0.000000 0.000000 0.000000 0.000000 0.000000 0.000000 0.000000 0.000000 0.000000 0.000000 0.000000 0.000000 0.000000 0.000000 0.000000 0.000000 0.000000 0.000000 0.000000 0.000000 0.000000 0.000000 0.000000 0.000000 0.000000 0.000000 0.000000 0.000000 0.000000 0.000000 0.000000 0.000000 0.000000 0.000000 0.000000 0.000000 0.000000 0.000000 0.513129 0.600380 0.655949 0.686841 0.695597 0.721888 0.715553 0.688697 0.647281 0.600994 0.551015 0.427142 0.000000 0.000000 0.000000 0.000000 0.000000 0.000000 0.000000 0.000000 0.000000 0.000000 0.000000 0.000000 0.000000 0.000000 0.000000 0.000000 0.000000 0.000000 0.000000 0.000000 0.000000 0.000000 0.000000 0.000000 0.000000 0.000000 0.000000 0.000000 0.000000 0.000000 0.000000 0.000000 0.000000 0.000000 0.000000 0.000000 0.000000 0.000000 0.000000 0.000000 0.000000 0.000000 0.000000 0.000000 0.000000 0.000000 0.000000 0.000000 0.000000 0.000000 0.000000 0.000000 0.000000 0.000000 0.000000 0.000000 0.000000 0.000000 0.000000 0.406237 0.461531 0.515612 0.568660 0.612724 0.635977 0.650162 0.649471 0.632857 0.624398 0.610946 0.593198 0.583612 0.585786 0.624442 0.653631 0.683336 0.694419 0.747351 0.778181 0.844857 0.905892 0.909002 0.812349 0.665367 0.705358 0.774181 0.514840 0.476613 0.465723 0.468306 0.575717 0.713374 0.760609 0.774926 0.768231 0.745237 0.659642 0.513099 0.470115 0.855403 0.817132
0.000000 0.000000 0.000000 0.000000 0.000000 0.000000 0.000000 0.000000 0.000000 0.000000 0.000000 0.000000 0.000000 0.000000 0.000000 0.000000 0.000000 0.000000 0.000000 0.000000 0.000000 0.000000 0.000000 0.000000 0.000000 0.000000 0.000000 0.000000 0.000000 0.000000 0.000000 0.000000 0.000000 0.000000 0.000000 0.000000 0.000000 0.000000 0.000000 0.000000 0.000000 0.000000 0.000000 0.000000 0.000000 0.000000 0.000000 0.000000 0.000000 0.000000 0.000000 0.000000 0.000000 0.000000 0.000000 0.505013 0.653555 0.863768 0.811219 0.674604 0.633187 0.646212 0.665740 0.706082 0.748851 0.804651 0.877654 0.942692 1.007419 1.053616 1.117179 1.713346 1.860588 1.229656 1.760511 1.407958 1.319636 1.186258 1.189916 1.194045 1.198846 1.203501 1.209725 1.215618 1.040515 1.036709 1.035481 1.025873 1.286370 1.011513 0.631160 0.566050 0.511402 0.443562 0.398913 0.357121 0.334510 0.328643 0.351741 0.378617 0.411136 0.808333 0.824303 0.793629 0.776748 0.762552 0.742701 0.864789 0.919073 0.897589 0.885013 0.869846 0.842205 0.805564 0.761381 0.749164 0.732812 0.717600 0.703112 0.693542 0.673576 0.632986 0.596420 0.555312 0.509919 0.460803 0.404603 0.000000 0.000000 0.000000 0.000000 0.000000 0.000000 0.000000 0.000000 0.000000 0.000000 0.000000 0.000000 0.000000 0.000000 0.000000 0.000000 0.000000 0.000000 0.000000 0.000000 0.000000 0.000000 0.000000 0.000000 0.000000 0.000000 0.000000 0.000000 0.000000 0.000000 0.000000 0.000000 0.000000 0.000000 0.000000 0.000000 0.000000 0.000000 0.000000 0.000000 0.426197 0.514502 0.576164 0.617683 0.631639 0.626623 0.602878 0.562484 0.513213 0.459762 0.000000 0.000000 0.000000 0.000000 0.000000 0.000000 0.000000 0.000000 0.000000 0.000000 0.000000 0.000000 0.000000 0.000000 0.000000 0.000000 0.000000 0.000000 0.000000 0.000000 0.000000 0.000000 0.000000 0.000000 0.000000 0.000000 0.000000 0.000000 0.000000 0.000000 0.000000 0.000000 0.000000 0.000000 0.000000 0.000000 0.000000 0.000000 0.000000 0.000000 0.000000 0.000000 0.000000 0.000000 0.000000 0.000000 0.000000 0.000000 0.000000 0.000000 0.000000 0.000000 0.000000 0.000000 0.000000 0.000000 0.000000 0.000000 0.000000 0.000000 0.000000 0.000000 0.000000 0.422400 0.467906 0.515267 0.558757 0.584736 0.600021 0.601781 0.596544 0.574621 0.564505 0.579293 0.600348 0.579694 0.563873 0.728140 0.661027 0.696517 0.794101 0.899437 0.948771 0.962586 0.941669 0.827410 0.649403 0.659311 0.729530 0.837820 0.386970 0.288020 0.292179 0.511489 0.690278 0.649296 0.671287 0.775532 0.673550 0.583608 0.544689 0.893765 0.842424
0.000000 0.000000 0.000000 0.000000 0.000000 0.000000 0.000000 0.000000 0.000000 0.000000 0.000000 0.000000 0.000000 0.000000 0.000000 0.000000 0.000000 0.000000 0.000000 0.000000 0.000000 0.000000 0.000000 0.000000 0.000000 0.000000 0.000000 0.000000 0.000000 0.000000 0.000000 0.000000 0.000000 0.000000 0.000000 0.000000 0.000000 0.000000 0.000000 0.000000 0.000000 0.000000 0.000000 0.000000 0.000000 0.000000 0.000000 0.000000 0.000000 0.000000 0.000000 0.000000 0.000000 0.000000 0.000000 0.000000 0.000000 0.000000 0.000000 0.541090 1.150564 0.993981 0.807721 0.837143 0.779385 0.718646 0.703757 0.746850 0.815598 0.898300 0.972440 1.048408 1.096835 1.531891 1.217324 1.252382 1.286479 1.330765 1.254494 1.275862 1.295762 1.306560 1.312815 1.321508 1.333273 1.349430 1.187767 1.181211 1.173962 1.369719 1.130483 1.102220 0.749952 0.677432 0.631246 0.554951 0.530963 0.530349 0.497575 0.477279 0.458067 0.439135 0.770992 0.708562 0.663992 0.652723 0.653537 0.779266 0.821915 0.843530 0.802426 0.796356 0.795803 0.775364 0.737478 0.695506 0.659177 0.610280 0.626590 0.642546 0.651104 0.646708 0.639322 0.630149 0.614702 0.588773 0.557253 0.514173 0.467856 0.425176 0.000000 0.000000 0.000000 0.000000 0.000000 0.000000 0.000000 0.000000 0.000000 0.000000 0.000000 0.000000 0.000000 0.000000 0.000000 0.000000 0.000000 0.000000 0.000000 0.000000 0.000000 0.000000 0.000000 0.000000 0.000000 0.000000 0.000000 0.000000 0.000000 0.000000 0.000000 0.000000 0.000000 0.000000 0.000000 0.000000 0.000000 0.000000 0.437541 0.505940 0.549362 0.570800 0.567335 0.543432 0.504853 0.457421 0.000000 0.000000 0.000000 0.000000 0.000000 0.000000 0.000000 0.000000 0.000000 0.000000 0.000000 0.000000 0.000000 0.000000 0.000000 0.000000 0.000000 0.000000 0.000000 0.000000 0.000000 0.000000 0.000000 0.000000 0.000000 0.000000 0.000000 0.000000 0.000000 0.000000 0.000000 0.000000 0.000000 0.000000 0.000000 0.000000 0.000000 0.000000 0.000000 0.000000 0.000000 0.000000 0.000000 0.000000 0.000000 0.000000 0.000000 0.000000 0.000000 0.000000 0.000000 0.000000 0.000000 0.000000 0.000000 0.000000 0.000000 0.000000 0.000000 0.000000 0.000000 0.000000 0.000000 0.000000 0.000000 0.000000 0.405424 0.441561 0.472608 0.498087 0.509105 0.513150 0.509588 0.508692 0.554838 0.609684 0.583943 0.515091 0.580953 0.648838 0.718718 0.813577 0.924106 1.002357 1.016088 0.982800 0.852232 0.816823 0.785152 0.759867 0.831430 0.771667 0.446659 0.380989 0.432388 0.594985 0.469857 0.371874 0.466853 0.522611 0.570823 0.553319 0.911224 0.851307
0.000000 0.000000 0.000000 0.000000 0.000000 0.000000 0.000000 0.000000 0.000000 0.000000 0.000000 0.000000 0.000000 0.000000 0.000000 0.000000 0.000000 0.000000 0.000000 0.000000 0.000000 0.000000 0.000000 0.000000 0.000000 0.000000 0.000000 0.000000 0.000000 0.000000 0.000000 0.000000 0.000000 0.000000 0.000000 0.000000 0.000000 0.000000 0.000000 0.000000 0.000000 0.000000 0.000000 0.000000 0.000000 0.000000 0.000000 0.000000 0.000000 0.000000 0.000000 0.000000 0.000000 0.000000 0.000000 0.000000 0.000000 0.000000 0.000000 0.000000 0.000000 0.000000 0.000000 0.522188 0.487358 0.500683 0.552211 0.547134 0.611033 0.714527 0.799353 0.863922 0.919300 0.955765 0.984670 1.026823 1.072114 1.115548 1.148304 1.179088 1.223626 1.253072 1.272961 1.190719 1.199194 1.207725 1.223428 1.239775 1.082177 1.063844 1.056421 1.056415 1.068315 1.082344 1.075771 0.754601 0.686881 0.640318 0.544688 0.483507 0.440977 0.415435 0.401684 0.392663 0.761774 0.952050 0.912386 0.837305 0.805482 0.792812 0.760791 0.723497 0.696548 0.679029 0.640253 0.646534 0.621319 0.607047 0.590240 0.601628 0.601820 0.606576 0.620910 0.620865 0.621052 0.612286 0.593422 0.541307 0.510565 0.492020 0.467626 0.438820 0.402738 0.000000 0.000000 0.000000 0.000000 0.000000 0.000000 0.000000 0.000000 0.000000 0.000000 0.000000 0.000000 0.000000 0.000000 0.000000 0.000000 0.000000 0.000000 0.000000 0.000000 0.000000 0.000000 0.000000 0.000000 0.000000 0.000000 0.000000 0.000000 0.000000 0.000000 0.000000 0.000000 0.000000 0.000000 0.000000 0.000000 0.000000 0.454355 0.483207 0.484368 0.464295 0.434337 0.000000 0.000000 0.000000 0.000000 0.000000 0.000000 0.000000 0.000000 0.000000 0.000000 0.000000 0.000000 0.000000 0.000000 0.000000 0.000000 0.000000 0.000000 0.000000 0.000000 0.000000 0.000000 0.000000 0.000000 0.000000 0.000000 0.000000 0.000000 0.000000 0.000000 0.000000 0.000000 0.000000 0.000000 0.000000 0.000000 0.000000 0.000000 0.000000 0.000000 0.000000 0.000000 0.000000 0.000000 0.000000 0.000000 0.000000 0.000000 0.000000 0.000000 0.000000 0.000000 0.000000 0.000000 0.000000 0.000000 0.000000 0.000000 0.000000 0.000000 0.000000 0.000000 0.000000 0.000000 0.000000 0.000000 0.000000 0.000000 0.000000 0.000000 0.000000 0.000000 0.397187 0.413308 0.429170 0.461531 0.503149 0.496667 0.441731 0.476009 0.608514 0.729919 0.835718 0.926513 1.014743 0.970924 0.964781 0.930817 0.890643 0.852618 0.816646 0.789780 0.670735 0.931350 1.052539 0.993402 0.654606 0.555833 0.438601 0.481478 0.518278 0.513777 0.517964 0.911921 0.847332
0.000000 0.000000 0.000000 0.000000 0.000000 0.000000 0.000000 0.000000 0.000000 0.000000 0.000000 0.000000 0.000000 0.000000 0.000000 0.000000 0.000000 0.000000 0.000000 0.000000 0.000000 0.000000 0.000000 0.000000 0.000000 0.000000 0.000000 0.000000 0.000000 0.000000 0.000000 0.000000 0.000000 0.000000 0.000000 0.000000 0.000000 0.000000 0.000000 0.000000 0.000000 0.000000 0.000000 0.000000 0.000000 0.000000 0.000000 0.000000 0.000000 0.000000 0.000000 0.000000 0.000000 0.000000 0.000000 0.000000 0.000000 0.000000 0.000000 0.000000 0.000000 0.000000 0.000000 0.000000 0.000000 0.704100 0.943080 0.835530 0.651691 0.570326 0.545614 0.558973 0.598068 0.652579 0.710399 0.762167 0.804559 0.826440 0.840939 0.873537 0.916061 0.958120 0.991717 1.429435 1.456631 1.143264 1.142032 1.082341 1.104051 1.115287 1.122193 0.951986 0.974521 0.988440 0.972869 0.949333 0.943698 0.948628 0.957828 0.972344 0.731242 0.739538 0.725530 0.914950 0.875133 0.838872 0.816227 0.790320 0.767261 0.754143 0.754605 0.745129 0.940565 0.826854 0.774290 0.779642 0.720968 0.659295 0.553946 0.519846 0.497952 0.568136 0.563027 0.566835 0.575777 0.581467 0.573564 0.558546 0.551736 0.552806 0.549241 0.534113 0.501940 0.406918 0.000000 0.000000 0.000000 0.000000 0.000000 0.000000 0.000000 0.000000 0.000000 0.000000 0.000000 0.000000 0.000000 0.000000 0.000000 0.000000 0.000000 0.000000 0.000000 0.000000 0.000000 0.000000 0.000000 0.000000 0.000000 0.000000 0.000000 0.000000 0.000000 0.000000 0.000000 0.000000 0.000000 0.000000 0.000000 0.000000 0.000000 0.000000 0.000000 0.000000 0.000000 0.000000 0.000000 0.000000 0.000000 0.000000 0.000000 0.000000 0.000000 0.000000 0.000000 0.000000 0.000000 0.000000 0.000000 0.000000 0.000000 0.000000 0.000000 0.000000 0.000000 0.000000 0.000000 0.000000 0.000000 0.000000 0.000000 0.000000 0.000000 0.000000 0.000000 0.000000 0.000000 0.000000 0.000000 0.000000 0.000000 0.000000 0.000000 0.000000 0.000000 0.000000 0.000000 0.000000 0.000000 0.000000 0.000000 0.000000 0.000000 0.000000 0.000000 0.000000 0.000000 0.000000 0.000000 0.000000 0.000000 0.000000 0.000000 0.000000 0.000000 0.000000 0.000000 0.000000 0.000000 0.000000 0.000000 0.000000 0.000000 0.000000 0.000000 0.000000 0.000000 0.000000 0.427226 0.427125 0.424196 0.000000 0.000000 0.448693 0.516829 0.610920 0.686114 0.770909 0.841695 0.926078 0.993022 0.924211 0.920048 0.913297 0.905586 0.899826 0.880614 0.850174 0.725299 0.786985 0.896149 1.013740 0.774882 0.893367 0.810467 0.760997 0.611736 0.566243 0.929134 0.829768
0.000000 0.000000 0.000000 0.000000 0.000000 0.000000 0.000000 0.000000 0.000000 0.000000 0.000000 0.000000 0.000000 0.000000 0.000000 0.000000 0.000000 0.000000 0.000000 0.000000 0.000000 0.000000 0.000000 0.000000 0.000000 0.000000 0.000000 0.000000 0.000000 0.000000 0.000000 0.000000 0.000000 0.000000 0.000000 0.000000 0.000000 0.000000 0.000000 0.000000 0.000000 0.000000 0.000000 0.000000 0.000000 0.000000 0.000000 0.000000 0.000000 0.000000 0.000000 0.000000 0.000000 0.000000 0.000000 0.000000 0.000000 0.000000 0.000000 0.000000 0.000000 0.000000 0.000000 0.000000 0.000000 0.000000 0.000000 0.000000 0.000000 0.000000 0.000000 0.428709 0.477610 0.514326 0.550261 0.572884 0.605784 0.644809 0.687753 0.721998 0.746869 0.771210 0.810126 0.849618 0.912368 0.984706 1.055011 1.118751 1.154809 1.178061 1.189639 1.197375 1.103693 1.108521 0.922919 0.905669 0.904282 1.026557 0.929619 1.162519 0.973129 1.003833 1.162345 1.253600 1.228934 1.095568 1.070877 1.060679 1.052411 1.031116 0.989492 0.951615 0.906915 0.725074 0.829258 0.778563 0.788338 0.724782 0.661072 0.600706 0.547977 0.547438 0.483900 0.490202 0.490055 0.486579 0.479152 0.470003 0.462263 0.528285 0.534821 0.542738 0.540427 0.477110 0.474317 0.463340 0.439300 0.401906 0.000000 0.000000 0.000000 0.000000 0.000000 0.000000 0.000000 0.000000 0.000000 0.000000 0.000000 0.000000 0.000000 0.000000 0.000000 0.000000 0.000000 0.000000 0.000000 0.000000 0.000000 0.000000 0.000000 0.000000 0.000000 0.000000 0.000000 0.000000 0.000000 0.000000 0.000000 0.000000 0.000000 0.000000 0.000000 0.000000 0.000000 0.000000 0.000000 0.000000 0.000000 0.000000 0.000000 0.000000 0.000000 0.000000 0.000000 0.000000 0.000000 0.000000 0.000000 0.000000 0.000000 0.000000 0.000000 0.000000 0.000000 0.000000 0.000000 0.000000 0.000000 0.000000 0.000000 0.000000 0.000000 0.000000 0.000000 0.000000 0.000000 0.000000 0.000000 0.000000 0.000000 0.000000 0.000000 0.000000 0.000000 0.000000 0.000000 0.000000 0.000000 0.000000 0.000000 0.000000 0.000000 0.000000 0.000000 0.000000 0.000000 0.000000 0.000000 0.000000 0.000000 0.000000 0.000000 0.000000 0.000000 0.000000 0.000000 0.000000 0.000000 0.000000 0.000000 0.000000 0.000000 0.000000 0.000000 0.000000 0.000000 0.412962 0.435362 0.440841 0.436638 0.427645 0.418629 0.000000 0.000000 0.479595 0.682097 0.680581 0.761326 0.774918 0.859154 0.907884 0.847180 0.867385 0.881727 0.901429 0.900741 0.887846 0.732265 0.751629 0.814621 0.896504 0.973225 1.054902 1.171967 0.935375 0.744316 0.650533 0.934302 0.789541
0.000000 0.000000 0.000000 0.000000 0.000000 0.000000 0.000000 0.000000 0.000000 0.000000 0.000000 0.000000 0.000000 0.000000 0.000000 0.000000 0.000000 0.000000 0.000000 0.000000 0.000000 0.000000 0.000000 0.000000 0.000000 0.000000 0.000000 0.000000 0.000000 0.000000 0.000000 0.000000 0.000000 0.000000 0.000000 0.000000 0.000000 0.000000 0.000000 0.000000 0.000000 0.000000 0.000000 0.000000 0.000000 0.000000 0.000000 0.000000 0.000000 0.000000 0.000000 0.000000 0.000000 0.000000 0.000000 0.000000 0.000000 0.000000 0.000000 0.000000 0.000000 0.000000 0.000000 0.000000 0.000000 0.000000 0.000000 0.000000 0.000000 0.000000 0.000000 0.000000 0.000000 0.000000 0.424399 0.448165 0.479669 0.534876 0.578443 0.609327 0.625215 0.633784 0.641115 0.649652 0.671037 0.714308 0.772480 0.837162 0.905198 0.990986 1.081336 1.136074 1.178448 1.183809 1.162262 1.190585 1.201589 1.120585 1.112475 1.104249 1.110125 1.216571 1.229659 1.235870 1.237460 1.228003 1.211796 1.185765 1.137471 1.099652 0.977955 0.951323 0.926991 0.900041 0.876584 0.837882 0.791249 0.795343 0.736661 0.641564 0.569261 0.504305 0.437690 0.437851 0.436554 0.000000 0.000000 0.000000 0.000000 0.000000 0.000000 0.426725 0.458517 0.487795 0.514735 0.541025 0.554414 0.545941 0.516919 0.492175 0.460863 0.432071 0.000000 0.000000 0.000000 0.000000 0.000000 0.000000 0.000000 0.000000 0.000000 0.000000 0.000000 0.000000 0.000000 0.000000 0.000000 0.000000 0.000000 0.000000 0.000000 0.000000 0.000000 0.000000 0.000000 0.000000 0.000000 0.000000 0.000000 0.000000 0.000000 0.000000 0.000000 0.000000 0.000000 0.000000 0.000000 0.000000 0.000000 0.000000 0.000000 0.000000 0.000000 0.000000 0.000000 0.000000 0.000000 0.000000 0.000000 0.000000 0.000000 0.000000 0.000000 0.000000 0.000000 0.000000 0.000000 0.000000 0.000000 0.000000 0.000000 0.000000 0.000000 0.000000 0.000000 0.000000 0.000000 0.000000 0.000000 0.000000 0.000000 0.000000 0.000000 0.000000 0.000000 0.000000 0.000000 0.000000 0.000000 0.000000 0.000000 0.000000 0.000000 0.000000 0.000000 0.000000 0.000000 0.000000 0.000000 0.000000 0.000000 0.000000 0.000000 0.000000 0.000000 0.000000 0.000000 0.000000 0.000000 0.000000 0.000000 0.000000 0.000000 0.000000 0.000000 0.000000 0.000000 0.000000 0.439244 0.479098 0.502043 0.508089 0.503359 0.490261 0.469428 0.450652 0.553757 0.661800 0.710860 0.738337 0.765714 0.803579 0.850017 0.893802 0.861425 0.889949 0.892450 0.884332 0.877680 0.726082 0.735140 0.773589 0.811117 0.830957 0.840075 0.886060 0.577556 0.937889 0.882291 0.771093
0.000000 0.000000 0.000000 0.000000 0.000000 0.000000 0.000000 0.000000 0.000000 0.000000 0.000000 0.000000 0.000000 0.000000 0.000000 0.000000 0.000000 0.000000 0.000000 0.000000 0.000000 0.000000 0.000000 0.000000 0.000000 0.000000 0.000000 0.000000 0.000000 0.000000 0.000000 0.000000 0.000000 0.000000 0.000000 0.000000 0.000000 0.000000 0.000000 0.000000 0.000000 0.000000 0.000000 0.000000 0.000000 0.000000 0.000000 0.000000 0.000000 0.000000 0.000000 0.000000 0.000000 0.000000 0.000000 0.000000 0.000000 0.000000 0.000000 0.000000 0.000000 0.000000 0.000000 0.000000 0.000000 0.000000 0.000000 0.000000 0.000000 0.000000 0.000000 0.000000 0.000000 0.000000 0.000000 0.000000 0.000000 0.433665 0.472286 0.498690 0.512689 0.525226 0.539228 0.546184 0.552512 0.559815 0.569644 0.583591 0.596556 0.708391 0.806883 0.909076 1.008046 1.071633 1.120548 1.144171 1.146704 1.486509 1.117887 1.088918 1.082683 1.074105 1.077386 1.071810 1.075505 1.084506 1.096607 1.098239 1.087791 1.061809 1.024734 0.997513 0.978218 0.949012 0.908704 0.862967 0.833864 0.803233 0.750777 0.692634 0.654168 0.613926 0.558254 0.487638 0.413867 0.449855 0.444589 0.000000 0.000000 0.000000 0.000000 0.000000 0.000000 0.000000 0.414120 0.449137 0.475348 0.497844 0.509519 0.517317 0.518905 0.515612 0.505048 0.490152 0.467618 0.444452 0.000000 0.000000 0.000000 0.000000 0.000000 0.000000 0.000000 0.000000 0.000000 0.000000 0.000000 0.000000 0.000000 0.000000 0.000000 0.000000 0.000000 0.000000 0.000000 0.000000 0.000000 0.000000 0.000000 0.000000 0.000000 0.000000 0.000000 0.000000 0.000000 0.000000 0.000000 0.000000 0.000000 0.000000 0.000000 0.000000 0.000000 0.000000 0.000000 0.000000 0.000000 0.000000 0.000000 0.000000 0.000000 0.000000 0.000000 0.000000 0.000000 0.000000 0.000000 0.000000 0.000000 0.000000 0.000000 0.000000 0.000000 0.000000 0.000000 0.000000 0.000000 0.000000 0.000000 0.000000 0.000000 0.000000 0.000000 0.000000 0.000000 0.000000 0.000000 0.000000 0.000000 0.000000 0.000000 0.000000 0.000000 0.000000 0.000000 0.000000 0.000000 0.000000 0.000000 0.431019 0.456555 0.449657 0.429704 0.000000 0.000000 0.000000 0.000000 0.000000 0.000000 0.000000 0.000000 0.000000 0.000000 0.000000 0.000000 0.000000 0.000000 0.000000 0.000000 0.436279 0.484727 0.510657 0.518487 0.515713 0.504018 0.556880 0.615514 0.630525 0.727431 0.749686 0.754323 0.781724 0.825082 0.880766 0.921963 0.946117 0.951613 0.869412 0.856882 0.852839 0.850035 0.711773 0.861944 0.713015 0.694102 0.677098 0.453710 0.818912 0.815259 0.744752
0.000000 0.000000 0.000000 0.000000 0.000000 0.000000 0.000000 0.000000 0.000000 0.000000 0.000000 0.000000 0.000000 0.000000 0.000000 0.000000 0.000000 0.000000 0.000000 0.000000 0.000000 0.000000 0.000000 0.000000 0.000000 0.000000 0.000000 0.000000 0.000000 0.000000 0.000000 0.000000 0.000000 0.000000 0.000000 0.000000 0.000000 0.000000 0.000000 0.000000 0.000000 0.000000 0.000000 0.000000 0.000000 0.000000 0.000000 0.000000 0.000000 0.000000 0.000000 0.000000 0.000000 0.000000 0.000000 0.000000 0.000000 0.000000 0.000000 0.000000 0.000000 0.000000 0.000000 0.000000 0.000000 0.000000 0.000000 0.000000 0.000000 0.000000 0.000000 0.000000 0.000000 0.000000 0.000000 0.000000 0.000000 0.000000 0.000000 0.000000 0.000000 0.000000 0.429043 0.455348 0.467168 0.473299 0.474895 0.473603 0.474880 0.474737 0.468450 0.595494 0.736797 0.860892 0.948025 1.240708 1.520816 1.051698 1.055001 1.050299 1.036128 1.020580 0.996528 0.984955 0.973727 0.966065 0.976773 0.990911 1.005456 1.020760 1.013635 0.991536 0.959652 0.917518 0.873286 0.831056 0.796079 0.763861 0.700070 0.670295 0.658193 0.633932 0.601700 0.551537 0.494333 0.553690 0.550917 0.586033 0.566459 0.501615 0.441204 0.393163 0.000000 0.000000 0.000000 0.000000 0.000000 0.000000 0.000000 0.413915 0.433577 0.446980 0.451773 0.451364 0.445443 0.432151 0.000000 0.000000 0.000000 0.000000 0.000000 0.000000 0.000000 0.000000 0.000000 0.000000 0.000000 0.000000 0.000000 0.000000 0.000000 0.000000 0.000000 0.000000 0.000000 0.000000 0.000000 0.000000 0.000000 0.000000 0.000000 0.000000 0.000000 0.000000 0.000000 0.000000 0.000000 0.000000 0.000000 0.000000 0.000000 0.000000 0.000000 0.000000 0.000000 0.000000 0.000000 0.000000 0.000000 0.000000 0.000000 0.000000 0.000000 0.000000 0.000000 0.000000 0.000000 0.000000 0.000000 0.000000 0.000000 0.000000 0.000000 0.000000 0.000000 0.000000 0.000000 0.000000 0.000000 0.000000 0.000000 0.000000 0.000000 0.000000 0.000000 0.000000 0.000000 0.000000 0.000000 0.000000 0.000000 0.000000 0.000000 0.000000 0.000000 0.000000 0.442744 0.552887 0.624729 0.670299 0.680745 0.672633 0.661198 0.631186 0.589490 0.551204 0.523136 0.503258 0.482055 0.456816 0.423809 0.000000 0.000000 0.000000 0.000000 0.000000 0.000000 0.000000 0.000000 0.000000 0.000000 0.457285 0.484355 0.495452 0.492892 0.572529 0.634887 0.690327 0.749414 0.808258 0.821013 0.860880 0.896867 0.920719 0.936639 0.936909 0.930117 0.926597 0.915527 0.905032 0.860285 0.855659 0.832126 0.813623 0.787425 0.741850 0.768842 0.875930 0.753623 0.722133
0.000000 0.000000 0.000000 0.000000 0.000000 0.000000 0.000000 0.000000 0.000000 0.000000 0.000000 0.000000 0.000000 0.000000 0.000000 0.000000 0.000000 0.000000 0.000000 0.000000 0.000000 0.000000 0.000000 0.000000 0.000000 0.000000 0.000000 0.000000 0.000000 0.000000 0.000000 0.000000 0.000000 0.000000 0.000000 0.000000 0.000000 0.000000 0.000000 0.000000 0.000000 0.000000 0.000000 0.000000 0.000000 0.000000 0.000000 0.000000 0.000000 0.000000 0.000000 0.000000 0.000000 0.000000 0.000000 0.000000 0.000000 0.000000 0.000000 0.000000 0.000000 0.000000 0.000000 0.000000 0.000000 0.000000 0.000000 0.000000 0.000000 0.000000 0.000000 0.000000 0.000000 0.000000 0.000000 0.000000 0.000000 0.000000 0.000000 0.000000 0.000000 0.000000 0.000000 0.000000 0.000000 0.000000 0.000000 0.000000 0.000000 0.000000 0.000000 0.000000 0.458288 0.570806 0.692844 0.805907 0.892339 0.940570 0.987096 1.014265 1.007207 1.009369 0.964150 0.920722 0.908997 0.885304 0.877599 0.877766 0.887809 0.911352 0.923269 0.924052 0.906707 0.886813 0.853898 0.810934 0.772356 0.733351 0.702120 0.662432 0.612442 0.586898 0.562114 0.534821 0.502278 0.545549 0.606710 0.624461 0.648032 0.643954 0.630976 0.627793 0.609981 0.567766 0.510471 0.427307 0.000000 0.000000 0.000000 0.000000 0.000000 0.000000 0.000000 0.000000 0.000000 0.000000 0.000000 0.000000 0.000000 0.000000 0.000000 0.000000 0.000000 0.000000 0.000000 0.000000 0.000000 0.000000 0.000000 0.000000 0.000000 0.000000 0.000000 0.000000 0.000000 0.658584 0.500105 0.545356 0.575866 0.594666 0.595111 0.583269 0.564287 0.539776 0.510299 0.480009 0.451019 0.000000 0.000000 0.000000 0.000000 0.000000 0.000000 0.000000 0.000000 0.000000 0.000000 0.000000 0.000000 0.000000 0.000000 0.000000 0.000000 0.000000 0.000000 0.000000 0.000000 0.000000 0.000000 0.000000 0.000000 0.000000 0.000000 0.000000 0.000000 0.000000 0.000000 0.000000 0.000000 0.000000 0.000000 0.000000 0.000000 0.000000 0.000000 0.000000 0.000000 0.000000 0.000000 0.000000 0.000000 0.000000 0.000000 0.000000 0.499503 0.555452 0.609841 0.674815 0.730977 0.765493 0.778917 0.789675 0.794579 0.764734 0.713625 0.664706 0.626399 0.600192 0.570297 0.538532 0.499834 0.458739 0.000000 0.000000 0.000000 0.000000 0.000000 0.000000 0.000000 0.000000 0.000000 0.000000 0.000000 0.418672 0.434541 0.543222 0.616680 0.681080 0.725262 0.783584 0.837599 0.885845 0.940605 0.965785 0.968716 0.943530 0.912002 0.891422 0.878954 0.885082 0.943603 0.966503 0.845973 0.809511 0.775612 0.738780 0.675374 0.822414 0.821968 0.830953
0.000000 0.000000 0.000000 0.000000 0.000000 0.000000 0.000000 0.000000 0.000000 0.000000 0.000000 0.000000 0.000000 0.000000 0.000000 0.000000 0.000000 0.000000 0.000000 0.000000 0.000000 0.000000 0.000000 0.000000 0.000000 0.000000 0.000000 0.000000 0.000000 0.000000 0.000000 0.000000 0.000000 0.000000 0.000000 0.000000 0.000000 0.000000 0.000000 0.000000 0.000000 0.000000 0.000000 0.000000 0.000000 0.000000 0.000000 0.000000 0.000000 0.000000 0.000000 0.000000 0.000000 0.000000 0.000000 0.000000 0.000000 0.000000 0.000000 0.000000 0.000000 0.000000 0.000000 0.000000 0.000000 0.000000 0.000000 0.000000 0.000000 0.000000 0.000000 0.000000 0.000000 0.000000 0.000000 0.000000 0.000000 0.000000 0.000000 0.000000 0.000000 0.000000 0.000000 0.000000 0.000000 0.000000 0.000000 0.000000 0.000000 0.000000 0.000000 0.000000 0.000000 0.000000 0.467692 0.632312 0.759996 0.842052 0.892900 0.930731 0.936907 0.929244 0.889883 0.861664 0.834995 0.786562 0.746924 0.710547 0.719126 0.741800 0.768512 0.787875 0.808817 0.812187 0.783171 0.757387 0.772228 0.758702 0.722930 0.681986 0.637264 0.590873 0.544738 0.441015 0.000000 0.000000 0.000000 0.000000 0.543601 0.612948 0.858872 0.769931 0.811870 0.794657 0.769915 0.725460 0.671544 0.616570 0.574887 0.478047 0.454630 0.419623 0.000000 0.000000 0.000000 0.000000 0.000000 0.000000 0.000000 0.000000 0.000000 0.000000 0.000000 0.000000 0.000000 0.000000 0.000000 0.000000 0.000000 0.000000 0.000000 0.783857 0.515534 0.596601 0.669515 0.712635 0.744930 0.762915 0.768334 0.805831 0.737324 0.786595 0.706142 0.626443 0.589785 0.554625 0.519308 0.488093 0.454036 0.000000 0.000000 0.000000 0.428869 0.458569 0.483068 0.500145 0.510508 0.516173 0.521392 0.523784 0.518658 0.507301 0.484521 0.454182 0.422338 0.000000 0.000000 0.000000 0.000000 0.000000 0.000000 0.000000 0.000000 0.000000 0.000000 0.000000 0.000000 0.000000 0.000000 0.000000 0.000000 0.000000 0.000000 0.000000 0.000000 0.000000 0.000000 0.000000 0.000000 0.000000 0.000000 0.000000 0.395374 0.547726 0.644653 0.698324 0.691652 0.636978 0.589104 0.570448 0.635297 0.686203 0.721698 0.737102 0.728178 0.700892 0.681204 0.657258 0.625467 0.587855 0.545754 0.500473 0.455352 0.000000 0.000000 0.000000 0.000000 0.000000 0.000000 0.000000 0.000000 0.000000 0.000000 0.000000 0.000000 0.411947 0.523536 0.621350 0.695268 0.763536 0.809390 0.856511 0.907175 0.968134 0.967621 0.914575 0.871847 0.844139 0.834864 0.850011 0.887009 0.904103 0.873173 0.834023 0.808382 0.724532 0.698362 0.710469 0.768841 0.741545
0.000000 0.000000 0.000000 0.000000 0.000000 0.000000 0.000000 0.000000 0.000000 0.000000 0.000000 0.000000 0.000000 0.000000 0.000000 0.000000 0.000000 0.000000 0.000000 0.000000 0.000000 0.000000 0.000000 0.000000 0.000000 0.000000 0.000000 0.000000 0.000000 0.000000 0.000000 0.000000 0.000000 0.000000 0.000000 0.000000 0.000000 0.000000 0.000000 0.000000 0.000000 0.000000 0.000000 0.000000 0.000000 0.000000 0.000000 0.000000 0.000000 0.000000 0.000000 0.000000 0.000000 0.000000 0.000000 0.000000 0.000000 0.000000 0.000000 0.000000 0.000000 0.000000 0.000000 0.000000 0.000000 0.000000 0.000000 0.000000 0.000000 0.000000 0.000000 0.000000 0.000000 0.000000 0.000000 0.000000 0.000000 0.000000 0.000000 0.000000 0.000000 0.000000 0.000000 0.000000 0.000000 0.000000 0.000000 0.000000 0.000000 0.000000 0.000000 0.000000 0.000000 0.000000 0.000000 0.000000 0.506012 0.647988 0.741849 0.808682 0.844346 0.849993 0.834741 0.803690 0.763592 0.720881 0.677186 0.632996 0.603728 0.571301 0.550497 0.535430 0.636458 0.674367 0.696833 0.701169 0.707010 0.713679 0.706319 0.689419 0.664855 0.629882 0.579655 0.526332 0.503341 0.458659 0.470402 0.467341 1.327984 0.596134 0.835575 0.827563 0.926040 0.974287 0.983876 0.966688 0.940387 0.903155 0.869631 0.839623 0.806344 0.767232 0.726953 0.688117 0.657742 0.619651 0.584447 0.548326 0.508437 0.560285 0.552493 0.000000 0.000000 0.000000 0.419182 0.459126 0.522778 0.586497 0.644353 0.689043 0.719672 0.749249 0.772259 0.804104 0.828097 0.838966 0.839104 0.829291 0.824115 0.810434 0.797135 0.773266 0.749295 0.716122 0.676050 0.644610 0.615941 0.594624 0.581845 0.513309 0.543615 0.566931 0.581711 0.589446 0.592417 0.591890 0.594838 0.602165 0.613052 0.620902 0.622299 0.615043 0.598378 0.575663 0.554652 0.522598 0.488531 0.446954 0.000000 0.000000 0.000000 0.000000 0.000000 0.000000 0.000000 0.000000 0.000000 0.000000 0.000000 0.000000 0.000000 0.000000 0.000000 0.000000 0.000000 0.000000 0.000000 0.000000 0.000000 0.000000 0.000000 0.473080 0.522402 0.540114 0.552792 0.552520 0.536544 0.565097 0.597335 0.602936 0.585369 0.561261 0.544950 0.609396 0.653423 0.673603 0.676327 0.666611 0.643125 0.612883 0.569214 0.520915 0.471010 0.423456 0.000000 0.000000 0.000000 0.000000 0.000000 0.000000 0.000000 0.000000 0.000000 0.000000 0.000000 0.000000 0.474702 0.572830 0.655706 0.723362 0.767563 0.784793 0.821259 0.925189 0.934824 0.862411 0.810921 0.788921 0.768300 0.792139 0.830561 0.840727 0.821376 0.810107 0.794764 0.773318 0.703670 0.657465 0.700523 0.694234
0.000000 0.000000 0.000000 0.000000 0.000000 0.000000 0.000000 0.000000 0.000000 0.000000 0.000000 0.000000 0.000000 0.000000 0.000000 0.000000 0.000000 0.000000 0.000000 0.000000 0.000000 0.000000 0.000000 0.000000 0.000000 0.000000 0.000000 0.000000 0.000000 0.000000 0.000000 0.000000 0.000000 0.000000 0.000000 0.000000 0.000000 0.000000 0.000000 0.000000 0.000000 0.000000 0.000000 0.000000 0.000000 0.000000 0.000000 0.000000 0.000000 0.000000 0.000000 0.000000 0.000000 0.000000 0.000000 0.000000 0.000000 0.000000 0.000000 0.000000 0.000000 0.000000 0.000000 0.000000 0.000000 0.000000 0.000000 0.000000 0.000000 0.000000 0.000000 0.000000 0.000000 0.000000 0.000000 0.000000 0.000000 0.000000 0.000000 0.000000 0.000000 0.000000 0.000000 0.000000 0.000000 0.000000 0.000000 0.000000 0.000000 0.000000 0.000000 0.000000 0.000000 0.000000 0.000000 0.000000 0.000000 0.429030 0.561531 0.659843 0.731753 0.763800 0.765035 0.747015 0.712564 0.679278 0.635041 0.598075 0.558882 0.518735 0.486109 0.459333 0.446246 0.445547 0.583703 0.618792 0.636966 0.650968 0.651790 0.640221 0.655358 0.705213 0.750396 0.786536 0.801560 0.822785 0.858473 0.839926 1.129052 0.782208 0.845907 1.037411 0.986224 1.043996 1.099275 1.124645 1.101452 1.051352 0.914845 0.881573 0.847080 0.808794 0.781024 0.825682 0.736102 0.770264 0.781769 0.818905 0.870049 0.929675 0.963017 0.947951 0.903535 0.870528 0.859552 0.846367 0.834652 0.833795 0.841704 0.849543 0.854668 0.858505 0.861743 0.862060 0.857861 0.851213 0.838123 0.814867 0.798444 0.790794 0.771372 0.756029 0.733300 0.710444 0.691452 0.673865 0.666665 0.663906 0.630140 0.639166 0.647732 0.637322 0.621228 0.598326 0.572611 0.555933 0.548286 0.548113 0.553144 0.556920 0.558551 0.559395 0.557464 0.553650 0.542098 0.522122 0.501309 0.469298 0.440059 0.000000 0.000000 0.000000 0.000000 0.000000 0.000000 0.000000 0.000000 0.000000 0.000000 0.000000 0.000000 0.000000 0.000000 0.000000 0.000000 0.000000 0.000000 0.000000 0.000000 0.502953 0.599231 0.639381 0.628711 0.589608 0.562492 0.501138 0.468023 0.548655 0.580501 0.581926 0.572580 0.557676 0.537999 0.519741 0.510745 0.548796 0.595537 0.618734 0.698139 0.608765 0.690809 0.677421 0.485078 0.608280 0.560338 0.533735 0.000000 0.000000 0.000000 0.000000 0.000000 0.000000 0.000000 0.000000 0.000000 0.000000 0.418351 0.514721 0.596589 0.661230 0.697447 0.702491 0.707214 0.830642 0.857673 0.786728 0.738619 0.752398 0.777106 0.776070 0.796196 0.835031 0.842127 0.817965 0.786623 0.770269 0.714260 0.668295 0.632302 0.588470
0.000000 0.000000 0.000000 0.000000 0.000000 0.000000 0.000000 0.000000 0.000000 0.000000 0.000000 0.000000 0.000000 0.000000 0.000000 0.000000 0.000000 0.000000 0.000000 0.000000 0.000000 0.000000 0.000000 0.000000 0.000000 0.000000 0.000000 0.000000 0.000000 0.000000 0.000000 0.000000 0.000000 0.000000 0.000000 0.000000 0.000000 0.000000 0.000000 0.000000 0.000000 0.000000 0.000000 0.000000 0.000000 0.000000 0.000000 0.000000 0.000000 0.000000 0.000000 0.000000 0.000000 0.000000 0.000000 0.000000 0.000000 0.000000 0.000000 0.000000 0.000000 0.000000 0.000000 0.000000 0.000000 0.000000 0.000000 0.000000 0.000000 0.000000 0.000000 0.000000 0.000000 0.000000 0.000000 0.000000 0.000000 0.000000 0.000000 0.000000 0.000000 0.000000 0.000000 0.000000 0.000000 0.000000 0.000000 0.000000 0.000000 0.000000 0.000000 0.000000 0.000000 0.000000 0.000000 0.000000 0.000000 0.000000 0.000000 0.439102 0.556722 0.633878 0.677061 0.685122 0.676824 0.656961 0.627402 0.595045 0.557033 0.514469 0.555494 0.556167 0.502774 0.521745 0.552602 0.584871 0.625278 0.672328 0.715614 0.769374 0.831741 0.884872 0.935944 0.985303 1.001706 1.014099 1.062946 1.002336 0.869260 0.833237 0.838659 0.836533 0.819776 0.863223 0.958538 1.158945 1.034239 1.033698 1.038329 1.034531 1.017609 0.991732 0.957525 0.928165 0.885491 0.680359 0.644179 0.633265 0.792740 0.802524 0.824907 0.908256 0.893977 0.880628 0.867306 0.845749 0.834433 0.833144 0.830545 0.823917 0.813342 0.798579 0.779607 0.765114 0.750029 0.731081 0.706479 0.683937 0.715704 0.731674 0.739060 0.731146 0.718969 0.702464 0.684514 0.665843 0.638335 0.654176 0.664782 0.669819 0.670100 0.650719 0.618278 0.571136 0.522061 0.476629 0.439539 0.413737 0.000000 0.000000 0.414611 0.427437 0.439188 0.446289 0.446778 0.439783 0.424528 0.000000 0.000000 0.000000 0.000000 0.000000 0.000000 0.000000 0.000000 0.000000 0.000000 0.000000 0.000000 0.000000 0.000000 0.000000 0.000000 0.000000 0.000000 0.000000 0.000000 0.000000 0.000000 0.000000 0.429314 0.453462 0.000000 0.000000 0.000000 0.000000 0.000000 0.000000 0.000000 0.000000 0.437219 0.458942 0.458506 0.451190 0.438261 0.440980 0.458850 0.505903 0.547740 0.563163 0.557709 0.533724 0.497844 0.452883 0.420193 0.460956 0.000000 0.000000 0.000000 0.000000 0.000000 0.000000 0.000000 0.000000 0.000000 0.000000 0.000000 0.439312 0.512507 0.569453 0.631214 0.684613 0.691499 0.744179 0.782145 0.742190 0.703176 0.728671 0.774900 0.809920 0.832499 0.837419 0.844454 0.843609 0.816149 0.783345 0.737491 0.689506 0.649566 0.562723
0.000000 0.000000 0.000000 0.000000 0.000000 0.000000 0.000000 0.000000 0.000000 0.000000 0.000000 0.000000 0.000000 0.000000 0.000000 0.000000 0.000000 0.000000 0.000000 0.000000 0.000000 0.000000 0.000000 0.000000 0.000000 0.000000 0.000000 0.000000 0.000000 0.000000 0.000000 0.000000 0.000000 0.000000 0.000000 0.000000 0.000000 0.000000 0.000000 0.000000 0.000000 0.000000 0.000000 0.000000 0.000000 0.000000 0.000000 0.000000 0.000000 0.000000 0.000000 0.000000 0.000000 0.000000 0.000000 0.000000 0.000000 0.000000 0.000000 0.000000 0.000000 0.000000 0.000000 0.000000 0.000000 0.000000 0.000000 0.000000 0.000000 0.000000 0.000000 0.000000 0.000000 0.000000 0.000000 0.000000 0.000000 0.000000 0.000000 0.000000 0.000000 0.000000 0.000000 0.000000 0.000000 0.000000 0.000000 0.000000 0.000000 0.000000 0.000000 0.000000 0.000000 0.000000 0.000000 0.000000 0.000000 0.000000 0.000000 0.000000 0.000000 0.445158 0.520428 0.565138 0.579758 0.577017 0.619038 0.625252 0.637169 0.664366 0.690411 0.710336 0.723301 0.755773 0.780673 0.806296 0.818037 0.818977 0.834698 0.878190 1.316254 0.945827 0.951674 0.939696 0.928045 0.948667 1.012464 0.931854 0.823852 0.767840 0.748101 0.734731 0.739803 0.714926 0.798325 1.322992 0.961042 1.006021 1.016345 1.047465 1.053554 1.032307 0.985387 0.933589 0.897454 0.699805 0.660724 0.629634 0.643718 0.593059 0.735643 0.725917 0.719961 0.714695 0.715463 0.765353 0.748017 0.716221 0.707173 0.694630 0.678556 0.654292 0.627385 0.603672 0.573301 0.548565 0.520547 0.501385 0.616340 0.698630 0.754246 0.775255 0.765857 0.760946 0.741896 0.721276 0.709903 0.700465 0.690270 0.674156 0.655423 0.633030 0.604477 0.556872 0.503931 0.455590 0.414982 0.000000 0.000000 0.000000 0.000000 0.000000 0.000000 0.000000 0.000000 0.000000 0.000000 0.000000 0.000000 0.000000 0.000000 0.000000 0.000000 0.000000 0.000000 0.000000 0.000000 0.000000 0.000000 0.000000 0.000000 0.000000 0.000000 0.000000 0.000000 0.000000 0.000000 0.000000 0.000000 0.000000 0.000000 0.000000 0.000000 0.000000 0.000000 0.000000 0.000000 0.000000 0.000000 0.000000 0.000000 0.000000 0.000000 0.000000 0.000000 0.000000 0.000000 0.000000 0.000000 0.453960 0.482173 0.487110 0.472635 0.449015 0.000000 0.000000 0.000000 0.000000 0.000000 0.000000 0.000000 0.000000 0.000000 0.000000 0.000000 0.000000 0.000000 0.000000 0.410401 0.503530 0.599411 0.650932 0.692608 0.711851 0.722943 0.772493 0.628525 0.655349 0.704902 0.768734 0.821342 0.839606 0.851713 0.869137 0.857648 0.836441 0.767110 0.716469 0.669707 0.573063
0.000000 0.000000 0.000000 0.000000 0.000000 0.000000 0.000000 0.000000 0.000000 0.000000 0.000000 0.000000 0.000000 0.000000 0.000000 0.000000 0.000000 0.000000 0.000000 0.000000 0.000000 0.000000 0.000000 0.000000 0.000000 0.000000 0.000000 0.000000 0.000000 0.000000 0.000000 0.000000 0.000000 0.000000 0.000000 0.000000 0.000000 0.000000 0.000000 0.000000 0.000000 0.000000 0.000000 0.000000 0.000000 0.000000 0.000000 0.000000 0.000000 0.000000 0.000000 0.000000 0.000000 0.000000 0.000000 0.000000 0.000000 0.000000 0.000000 0.000000 0.000000 0.000000 0.000000 0.000000 0.000000 0.000000 0.000000 0.000000 0.000000 0.000000 0.000000 0.000000 0.000000 0.000000 0.000000 0.000000 0.000000 0.000000 0.000000 0.000000 0.000000 0.000000 0.000000 0.000000 0.000000 0.000000 0.000000 0.000000 0.000000 0.000000 0.000000 0.000000 0.000000 0.000000 0.000000 0.000000 0.000000 0.000000 0.000000 0.000000 0.000000 0.000000 0.000000 0.399523 0.455598 0.506984 0.618015 0.661985 0.705422 0.755235 0.795856 0.829230 0.848953 0.905698 0.968511 1.016476 1.046381 1.060220 1.085504 1.112032 1.123195 1.109383 1.043667 0.941273 0.844360 0.785081 0.757776 0.754563 0.769974 0.789145 0.809279 0.803457 0.772874 0.762503 0.770285 0.801363 0.973967 0.823420 0.876701 0.937848 0.983828 1.021555 1.027892 0.997509 0.957985 0.900007 0.671200 0.623213 0.591461 0.945976 0.565575 0.555057 0.682764 0.663349 0.650932 0.639253 0.653590 0.592369 0.580295 0.566885 0.548997 0.521659 0.495856 0.465794 0.436369 0.000000 0.000000 0.000000 0.000000 0.712350 0.848937 0.894977 0.909134 0.906175 0.870066 0.825827 0.785995 0.753680 0.723041 0.695613 0.669427 0.628032 0.587079 0.545621 0.502429 0.463919 0.435119 0.411707 0.000000 0.000000 0.000000 0.000000 0.384405 0.000000 0.000000 0.000000 0.000000 0.000000 0.000000 0.000000 0.000000 0.000000 0.000000 0.000000 0.000000 0.000000 0.000000 0.000000 0.000000 0.000000 0.000000 0.000000 0.000000 0.000000 0.000000 0.000000 0.000000 0.000000 0.000000 0.000000 0.000000 0.000000 0.000000 0.000000 0.000000 0.000000 0.000000 0.000000 0.000000 0.000000 0.000000 0.000000 0.000000 0.000000 0.000000 0.000000 0.000000 0.000000 0.000000 0.000000 0.000000 0.000000 0.000000 0.000000 0.000000 0.000000 0.000000 0.000000 0.000000 0.000000 0.000000 0.000000 0.000000 0.000000 0.000000 0.000000 0.000000 0.000000 0.399067 0.477220 0.554221 0.633110 0.696306 0.743560 0.755892 0.799028 0.723681 0.691284 0.661534 0.692088 0.763682 0.812744 0.850156 0.884653 0.885275 0.848889 0.801260 0.754813 0.700777 0.594747
0.000000 0.000000 0.000000 0.000000 0.000000 0.000000 0.000000 0.000000 0.000000 0.000000 0.000000 0.000000 0.000000 0.000000 0.000000 0.000000 0.000000 0.000000 0.000000 0.000000 0.000000 0.000000 0.000000 0.000000 0.000000 0.000000 0.000000 0.000000 0.000000 0.000000 0.000000 0.000000 0.000000 0.000000 0.000000 0.000000 0.000000 0.000000 0.000000 0.000000 0.000000 0.000000 0.000000 0.000000 0.000000 0.000000 0.000000 0.000000 0.000000 0.000000 0.000000 0.000000 0.000000 0.000000 0.000000 0.000000 0.000000 0.000000 0.000000 0.000000 0.000000 0.000000 0.000000 0.000000 0.000000 0.000000 0.000000 0.000000 0.000000 0.000000 0.000000 0.000000 0.000000 0.000000 0.000000 0.000000 0.000000 0.000000 0.000000 0.000000 0.000000 0.000000 0.000000 0.000000 0.000000 0.000000 0.000000 0.000000 0.000000 0.000000 0.000000 0.000000 0.000000 0.000000 0.000000 0.000000 0.000000 0.000000 0.000000 0.000000 0.000000 0.000000 0.411497 0.469185 0.508155 0.530241 0.555666 0.602292 0.678357 0.787812 0.895060 0.976006 1.044533 1.102868 1.150150 1.172185 1.187970 1.187557 1.185999 1.234329 1.204581 1.212732 1.156426 1.045039 0.943973 0.887955 0.855727 0.841475 0.836775 0.840886 0.849120 0.849846 0.831390 0.789044 0.771838 0.768726 0.753395 0.722905 0.687305 0.758306 0.831119 0.893874 0.930294 0.958781 0.976895 0.961291 0.911087 0.687590 0.624869 0.581908 0.551431 0.532120 0.654898 0.642522 0.663704 0.636734 0.604866 0.515113 0.503527 0.487442 0.465462 0.443418 0.000000 0.000000 0.000000 0.000000 0.000000 0.000000 0.000000 0.484103 0.688992 0.807315 0.854893 0.894749 0.915777 0.925997 0.927663 0.927555 0.904075 0.853282 0.800198 0.732601 0.668648 0.612739 0.559565 0.507101 0.458693 0.422023 0.396012 0.000000 0.000000 0.000000 0.000000 0.550063 0.000000 0.000000 0.000000 0.000000 0.000000 0.000000 0.000000 0.000000 0.000000 0.000000 0.000000 0.000000 0.000000 0.000000 0.000000 0.000000 0.000000 0.000000 0.000000 0.000000 0.000000 0.000000 0.000000 0.000000 0.000000 0.000000 0.000000 0.000000 0.000000 0.000000 0.000000 0.000000 0.000000 0.000000 0.000000 0.000000 0.000000 0.000000 0.000000 0.000000 0.000000 0.000000 0.000000 0.000000 0.000000 0.000000 0.000000 0.000000 0.000000 0.000000 0.000000 0.000000 0.000000 0.000000 0.000000 0.000000 0.000000 0.000000 0.000000 0.000000 0.000000 0.000000 0.000000 0.000000 0.000000 0.404581 0.462182 0.541287 0.611788 0.673564 0.712394 0.763772 0.800476 0.811995 0.792315 0.765959 0.751901 0.782780 0.829856 0.878834 0.903749 0.892823 0.830798 0.779537 0.723526 0.599406
0.000000 0.000000 0.000000 0.000000 0.000000 0.000000 0.000000 0.000000 0.000000 0.000000 0.000000 0.000000 0.000000 0.000000 0.000000 0.000000 0.000000 0.000000 0.000000 0.000000 0.000000 0.000000 0.000000 0.000000 0.000000 0.000000 0.000000 0.000000 0.000000 0.000000 0.000000 0.000000 0.000000 0.000000 0.000000 0.000000 0.000000 0.000000 0.000000 0.000000 0.000000 0.000000 0.000000 0.000000 0.000000 0.000000 0.000000 0.000000 0.000000 0.000000 0.000000 0.000000 0.000000 0.000000 0.000000 0.000000 0.000000 0.000000 0.000000 0.000000 0.000000 0.000000 0.000000 0.000000 0.000000 0.000000 0.000000 0.000000 0.000000 0.000000 0.000000 0.000000 0.000000 0.000000 0.000000 0.000000 0.000000 0.000000 0.000000 0.000000 0.000000 0.000000 0.000000 0.000000 0.000000 0.000000 0.000000 0.000000 0.000000 0.000000 0.000000 0.000000 0.000000 0.000000 0.000000 0.000000 0.000000 0.000000 0.000000 0.000000 0.000000 0.000000 0.459107 0.499167 0.513271 0.525839 1.690060 1.568654 0.830360 0.928223 1.013985 1.076881 1.114440 1.142463 1.163988 1.197779 1.225882 1.241663 1.248479 1.380084 1.238537 1.243690 1.270157 1.241758 1.146266 1.090985 1.038770 1.000676 0.961229 0.936768 0.939488 1.062892 0.917096 0.814221 0.772219 0.750974 0.730876 0.701577 0.683099 0.652311 0.781212 0.713863 0.711742 0.750831 0.794741 0.823442 0.843924 0.847843 0.813516 0.636725 0.718450 0.682838 0.648610 0.618592 0.593961 0.594214 0.569305 0.533780 0.437819 0.000000 0.000000 0.000000 0.000000 0.000000 0.000000 0.000000 0.000000 0.000000 0.000000 0.000000 0.472355 0.607952 0.699419 0.775016 0.839296 0.887582 0.919584 0.934685 0.917571 0.869216 0.817256 0.754404 0.697369 0.654755 0.611710 0.658600 0.681654 0.938350 0.627011 0.587185 0.544145 0.499600 0.452707 0.000000 0.000000 0.000000 0.000000 0.000000 0.000000 0.000000 0.000000 0.000000 0.000000 0.000000 0.000000 0.000000 0.000000 0.000000 0.000000 0.000000 0.000000 0.000000 0.000000 0.000000 0.000000 0.000000 0.000000 0.000000 0.000000 0.000000 0.000000 0.000000 0.000000 0.000000 0.000000 0.000000 0.000000 0.000000 0.000000 0.000000 0.000000 0.000000 0.000000 0.000000 0.000000 0.000000 0.000000 0.000000 0.000000 0.000000 0.000000 0.000000 0.000000 0.000000 0.000000 0.000000 0.000000 0.000000 0.000000 0.000000 0.000000 0.000000 0.000000 0.000000 0.000000 0.000000 0.000000 0.000000 0.000000 0.000000 0.000000 0.425897 0.494066 0.558636 0.630397 0.711194 0.779555 0.822654 0.838902 0.840344 0.822110 0.796920 0.812197 0.858352 0.896697 0.916567 0.852658 0.792185 0.733311 0.561357
0.000000 0.000000 0.000000 0.000000 0.000000 0.000000 0.000000 0.000000 0.000000 0.000000 0.000000 0.000000 0.000000 0.000000 0.000000 0.000000 0.000000 0.000000 0.000000 0.000000 0.000000 0.000000 0.000000 0.000000 0.000000 0.000000 0.000000 0.000000 0.000000 0.000000 0.000000 0.000000 0.000000 0.000000 0.000000 0.000000 0.000000 0.000000 0.000000 0.000000 0.000000 0.000000 0.000000 0.000000 0.000000 0.000000 0.000000 0.000000 0.000000 0.000000 0.000000 0.000000 0.000000 0.000000 0.000000 0.000000 0.000000 0.000000 0.000000 0.000000 0.000000 0.000000 0.000000 0.000000 0.000000 0.000000 0.000000 0.000000 0.000000 0.000000 0.000000 0.000000 0.000000 0.000000 0.000000 0.000000 0.000000 0.000000 0.000000 0.000000 0.000000 0.000000 0.000000 0.000000 0.000000 0.000000 0.000000 0.000000 0.000000 0.000000 0.000000 0.000000 0.000000 0.000000 0.000000 0.000000 0.000000 0.000000 0.000000 0.000000 0.383855 0.468962 0.529102 0.556808 0.628741 0.704247 1.166077 1.164261 0.951112 1.003459 1.045155 1.086879 1.126215 1.163951 1.188393 1.223703 1.240587 1.158072 1.160825 1.176761 1.165635 1.146265 1.128350 1.078526 1.066002 1.040858 0.994838 0.955265 0.908333 0.954432 0.951975 0.977006 0.952152 0.854630 0.771825 0.719389 0.693974 0.689639 0.685179 0.665202 0.649116 0.596292 0.553436 0.595685 0.603882 0.651065 0.755273 0.806407 0.836787 0.845782 0.824073 0.772164 0.721747 0.690679 0.646337 0.586157 0.524699 0.000000 0.000000 0.000000 0.000000 0.000000 0.000000 0.000000 0.000000 0.000000 0.000000 0.000000 0.000000 0.000000 0.000000 0.599678 0.764184 0.810038 0.813042 0.819899 0.845161 0.890269 0.902051 0.889603 0.853501 0.912908 0.963417 0.998375 1.005477 0.983572 0.931393 0.857356 0.779120 0.701851 0.631958 0.583715 0.542155 0.494421 0.441723 0.000000 0.000000 0.000000 0.000000 0.000000 0.000000 0.000000 0.000000 0.000000 0.000000 0.000000 0.000000 0.000000 0.000000 0.000000 0.000000 0.000000 0.000000 0.000000 0.000000 0.000000 0.000000 0.000000 0.000000 0.000000 0.000000 0.000000 0.000000 0.000000 0.000000 0.000000 0.000000 0.000000 0.000000 0.000000 0.000000 0.000000 0.000000 0.000000 0.000000 0.000000 0.000000 0.000000 0.000000 0.000000 0.000000 0.000000 0.000000 0.000000 0.000000 0.000000 0.000000 0.000000 0.000000 0.404455 0.417851 0.409852 0.000000 0.000000 0.000000 0.000000 0.000000 0.000000 0.000000 0.000000 0.000000 0.000000 0.000000 0.445979 0.520354 0.622079 0.705213 0.763159 0.801844 0.821910 0.817592 0.799172 0.786951 0.825615 0.860600 0.892177 0.863090 0.802055 0.738191 0.572388
0.000000 0.000000 0.000000 0.000000 0.000000 0.000000 0.000000 0.000000 0.000000 0.000000 0.000000 0.000000 0.000000 0.000000 0.000000 0.000000 0.000000 0.000000 0.000000 0.000000 0.000000 0.000000 0.000000 0.000000 0.000000 0.000000 0.000000 0.000000 0.000000 0.000000 0.000000 0.000000 0.000000 0.000000 0.000000 0.000000 0.000000 0.000000 0.000000 0.000000 0.000000 0.000000 0.000000 0.000000 0.000000 0.000000 0.000000 0.000000 0.000000 0.000000 0.000000 0.000000 0.000000 0.000000 0.000000 0.000000 0.000000 0.000000 0.000000 0.000000 0.000000 0.000000 0.000000 0.000000 0.000000 0.000000 0.000000 0.000000 0.000000 0.000000 0.000000 0.000000 0.000000 0.000000 0.000000 0.000000 0.000000 0.000000 0.000000 0.000000 0.000000 0.000000 0.000000 0.000000 0.000000 0.000000 0.000000 0.000000 0.000000 0.000000 0.000000 0.000000 0.000000 0.000000 0.000000 0.000000 0.000000 0.000000 0.004000 0.004000 0.407539 0.550947 0.635942 0.706700 0.774129 0.847411 0.919311 0.972100 1.007386 1.040946 1.066211 1.091777 1.040250 1.037176 1.060908 1.080964 1.098501 1.120622 1.135270 1.146592 1.163948 1.159446 1.155799 1.149382 1.234082 1.209030 1.188493 1.167124 1.151617 1.134517 1.085240 1.041825 1.031408 0.923202 0.841705 0.782999 0.731729 0.691301 0.668220 0.646935 0.625349 0.597109 0.560307 0.516583 0.550903 0.547282 0.551394 0.632534 0.709058 0.771966 0.799768 0.811660 0.804848 0.766609 0.714028 0.662339 0.581261 0.502786 0.426116 0.000000 0.000000 0.000000 0.000000 0.000000 0.000000 0.000000 0.000000 0.000000 0.000000 0.000000 0.000000 0.501726 0.688130 0.817354 0.924220 1.007270 1.040884 1.071699 1.136533 1.228443 1.281847 1.316928 1.314119 1.279509 1.237583 1.155522 1.065896 0.961939 0.855622 0.763176 0.679269 0.597025 0.514781 0.484986 0.443010 0.000000 0.000000 0.000000 0.000000 0.000000 0.000000 0.000000 0.000000 0.000000 0.000000 0.000000 0.000000 0.000000 0.000000 0.000000 0.000000 0.000000 0.000000 0.367969 0.000000 0.000000 0.000000 0.000000 0.000000 0.000000 0.000000 0.000000 0.000000 0.000000 0.000000 0.000000 0.000000 0.000000 0.000000 0.000000 0.000000 0.000000 0.000000 0.000000 0.000000 0.000000 0.000000 0.000000 0.000000 0.000000 0.000000 0.000000 0.000000 0.000000 0.000000 0.000000 0.000000 0.000000 0.000000 0.000000 0.449677 0.437636 0.398671 0.000000 0.000000 0.000000 0.000000 0.000000 0.000000 0.000000 0.000000 0.000000 0.000000 0.000000 0.411476 0.485570 0.570725 0.645364 0.695155 0.727793 0.743133 0.751026 0.751220 0.781741 0.818438 0.854423 0.848879 0.750123 0.699204 0.651627
0.000000 0.000000 0.000000 0.000000 0.000000 0.000000 0.000000 0.000000 0.000000 0.000000 0.000000 0.000000 0.000000 0.000000 0.000000 0.000000 0.000000 0.000000 0.000000 0.000000 0.000000 0.000000 0.000000 0.000000 0.000000 0.000000 0.000000 0.000000 0.000000 0.000000 0.000000 0.000000 0.000000 0.000000 0.000000 0.000000 0.000000 0.000000 0.000000 0.000000 0.000000 0.000000 0.000000 0.000000 0.000000 0.000000 0.000000 0.000000 0.000000 0.000000 0.000000 0.000000 0.000000 0.000000 0.000000 0.000000 0.000000 0.000000 0.000000 0.000000 0.000000 0.000000 0.000000 0.000000 0.000000 0.000000 0.000000 0.000000 0.000000 0.000000 0.000000 0.000000 0.000000 0.000000 0.000000 0.000000 0.000000 0.000000 0.000000 0.000000 0.000000 0.000000 0.000000 0.000000 0.000000 0.000000 0.000000 0.000000 0.000000 0.000000 0.000000 0.000000 0.000000 0.000000 0.526228 0.000000 0.357376 0.962216 0.442797 0.475064 0.577050 0.591227 0.638647 0.747466 0.833938 1.155747 0.930471 1.033550 0.977281 0.996383 0.924155 1.177949 1.050411 1.149951 1.011037 1.028995 1.042411 1.057108 1.074674 1.093902 1.110928 1.121214 1.114243 1.107456 1.200430 1.198174 1.199628 1.212752 1.223225 1.240553 1.193666 1.118276 1.040593 1.040439 0.921665 0.871439 0.804976 0.724260 0.699425 0.682473 0.660813 0.581914 0.555517 0.518004 0.480760 0.437468 0.391004 0.412876 0.508504 0.602329 0.670814 0.709720 0.752705 0.767553 0.768173 0.751610 0.697941 0.641531 0.582876 0.516758 0.452054 0.000000 0.000000 0.000000 0.000000 0.000000 0.000000 0.000000 0.000000 0.000000 0.000000 0.000000 0.601900 0.773377 0.921793 1.057227 1.199210 1.321510 1.410480 1.479689 1.505216 1.503992 1.465600 1.390974 1.292536 1.176805 1.047036 0.927866 0.816819 0.718838 0.629200 0.549114 0.469191 0.423035 0.000000 0.000000 0.000000 0.000000 0.000000 0.000000 0.000000 0.000000 0.000000 0.000000 0.000000 0.000000 0.000000 0.000000 0.000000 0.000000 0.000000 0.000000 0.000000 0.000000 0.000000 0.000000 0.000000 0.000000 0.000000 0.460672 0.434992 0.000000 0.000000 0.000000 0.000000 0.000000 0.000000 0.000000 0.000000 0.000000 0.000000 0.000000 0.000000 0.000000 0.000000 0.000000 0.000000 0.000000 0.000000 0.000000 0.000000 0.000000 0.000000 0.000000 0.000000 0.000000 0.000000 0.000000 0.000000 0.000000 0.474150 0.449265 0.380203 0.000000 0.000000 0.000000 0.000000 0.000000 0.000000 0.000000 0.000000 0.000000 0.000000 0.000000 0.000000 0.000000 0.423199 0.489943 0.551575 0.600567 0.642885 0.685228 0.732719 0.768751 0.811975 0.840518 0.787199 0.762979 0.719552 0.674013
0.000000 0.000000 0.000000 0.000000 0.000000 0.000000 0.000000 0.000000 0.000000 0.000000 0.000000 0.000000 0.000000 0.000000 0.000000 0.000000 0.000000 0.000000 0.000000 0.000000 0.000000 0.000000 0.000000 0.000000 0.000000 0.000000 0.000000 0.000000 0.000000 0.000000 0.000000 0.000000 0.000000 0.000000 0.000000 0.000000 0.000000 0.000000 0.000000 0.000000 0.000000 0.000000 0.000000 0.000000 0.000000 0.000000 0.000000 0.000000 0.000000 0.000000 0.000000 0.000000 0.000000 0.000000 0.000000 0.000000 0.000000 0.000000 0.000000 0.000000 0.000000 0.000000 0.000000 0.000000 0.000000 0.000000 0.000000 0.000000 0.000000 0.000000 0.000000 0.000000 0.000000 0.000000 0.000000 0.000000 0.000000 0.000000 0.000000 0.000000 0.000000 0.000000 0.000000 0.000000 0.000000 0.000000 0.367763 0.383737 0.407718 0.429799 0.446932 0.454641 0.459472 0.460553 0.463165 0.489443 0.518152 0.553356 0.581832 0.620421 1.084833 0.693141 0.847406 0.937584 0.764467 0.788460 0.769209 0.799214 0.822426 0.845192 0.868530 0.919172 0.913999 0.933883 0.946481 0.956104 0.961275 0.969658 0.983581 0.995899 1.013141 1.012539 1.000183 0.983993 1.062161 1.043548 1.037734 1.064058 1.122917 1.179245 1.180719 1.116715 1.051510 1.021528 0.955912 0.932999 0.813168 0.731292 0.711376 0.726529 0.687056 0.643906 0.607144 0.582358 0.469669 0.436752 0.396696 0.000000 0.000000 0.000000 0.000000 0.492043 0.568210 0.626390 0.670136 0.694096 0.688287 0.677262 0.665405 0.644607 0.614543 0.566362 0.507995 0.439755 0.000000 0.000000 0.000000 0.000000 0.000000 0.000000 0.000000 0.000000 0.560162 0.747120 0.913403 1.056871 1.180376 1.265802 1.327836 1.362239 1.374119 1.362516 1.306251 1.215551 1.097530 0.974921 0.859291 0.774939 0.709586 0.643966 0.578095 0.540857 0.499537 0.457769 0.415044 0.000000 0.000000 0.000000 0.000000 0.000000 0.000000 0.000000 0.000000 0.000000 0.000000 0.000000 0.568208 0.543867 0.662312 0.747516 0.782279 0.777767 0.740249 0.697813 0.691502 0.688991 0.669534 0.630679 0.586439 0.539543 0.493436 0.443532 0.000000 0.000000 0.000000 0.000000 0.000000 0.000000 0.000000 0.000000 0.000000 0.000000 0.000000 0.000000 0.000000 0.382595 0.409162 0.424369 0.000000 0.000000 0.000000 0.000000 0.000000 0.000000 0.000000 0.000000 0.000000 0.000000 0.000000 0.000000 0.445053 0.000000 0.000000 0.000000 0.000000 0.000000 0.000000 0.000000 0.000000 0.000000 0.000000 0.000000 0.000000 0.000000 0.000000 0.000000 0.000000 0.000000 0.539957 0.593239 0.647636 0.699814 0.746374 0.815555 0.854792 0.854620 0.861565 0.777366 0.810264 0.730202
0.000000 0.000000 0.000000 0.000000 0.000000 0.000000 0.000000 0.000000 0.000000 0.000000 0.000000 0.000000 0.000000 0.000000 0.000000 0.000000 0.000000 0.000000 0.000000 0.000000 0.000000 0.000000 0.000000 0.000000 0.000000 0.000000 0.000000 0.000000 0.000000 0.000000 0.000000 0.000000 0.000000 0.000000 0.000000 0.000000 0.000000 0.000000 0.000000 0.000000 0.000000 0.000000 0.000000 0.000000 0.000000 0.000000 0.000000 0.000000 0.000000 0.000000 0.000000 0.000000 0.000000 0.000000 0.000000 0.000000 0.000000 0.000000 0.000000 0.000000 0.000000 0.000000 0.000000 0.000000 0.000000 0.000000 0.000000 0.000000 0.000000 0.000000 0.000000 0.000000 0.000000 0.000000 0.363735 0.382101 0.383777 0.377492 0.364651 0.345134 0.335098 0.340695 0.363522 0.394961 0.428066 0.463876 0.497814 0.564025 0.963750 0.566557 0.576723 0.586849 0.584799 0.570967 0.875802 0.579362 0.608418 0.628398 0.654278 0.681445 0.700375 0.732075 0.850989 0.753546 0.773578 1.176996 0.840940 0.864899 1.055332 0.826069 0.849036 0.863239 0.877403 0.889437 0.898792 0.900930 0.895662 0.881491 0.861518 0.849469 0.839531 0.829986 0.819559 0.809511 0.797293 0.856243 0.842895 0.828643 0.810073 0.793034 0.781451 0.871299 0.951624 0.942790 0.901180 0.870317 0.812998 0.757923 0.720294 0.709413 0.670905 0.625151 0.589215 0.560520 0.532257 0.497141 0.398757 0.000000 0.000000 0.000000 0.000000 0.000000 0.000000 0.000000 0.455430 0.513483 0.543279 0.562235 0.587692 0.601533 0.603809 0.596680 0.576072 0.547676 0.503754 0.448722 0.000000 0.000000 0.000000 0.000000 0.000000 0.000000 0.000000 0.603291 0.769339 0.915999 1.022223 1.094745 1.134426 1.143519 1.133940 1.092312 1.015285 0.914594 0.799344 0.711160 0.700380 0.675133 0.638402 0.617561 0.583498 0.546113 0.503372 0.461703 0.421859 0.000000 0.000000 0.000000 0.000000 0.000000 0.000000 0.000000 0.000000 0.000000 0.427823 0.594993 0.729017 0.849642 0.947156 1.015054 1.033861 1.023362 0.967611 0.899256 0.833346 0.781838 0.754832 0.710736 0.663292 0.609372 0.554208 0.499103 0.444171 0.000000 0.000000 0.000000 0.000000 0.000000 0.000000 0.000000 0.461638 0.000000 0.671565 0.557549 0.605475 0.447286 0.445484 0.427271 0.000000 0.000000 0.000000 0.000000 0.000000 0.000000 0.000000 0.000000 0.000000 0.000000 0.000000 0.000000 0.000000 0.000000 0.000000 0.000000 0.000000 0.000000 0.000000 0.000000 0.000000 0.000000 0.000000 0.000000 0.000000 0.000000 0.000000 0.506312 0.599104 0.670659 0.716154 0.771804 0.829578 0.883533 0.934014 0.985793 1.012105 0.878645 0.840440 0.805292 0.843735 0.783133
0.000000 0.000000 0.000000 0.000000 0.000000 0.000000 0.000000 0.000000 0.000000 0.000000 0.000000 0.000000 0.000000 0.000000 0.000000 0.000000 0.000000 0.000000 0.000000 0.000000 0.000000 0.000000 0.000000 0.000000 0.000000 0.000000 0.000000 0.000000 0.000000 0.000000 0.000000 0.000000 0.000000 0.000000 0.000000 0.000000 0.000000 0.000000 0.000000 0.000000 0.000000 0.000000 0.000000 0.000000 0.000000 0.000000 0.000000 0.000000 0.000000 0.000000 0.000000 0.000000 0.000000 0.000000 0.000000 0.000000 0.000000 0.000000 0.000000 0.000000 0.000000 0.000000 0.000000 0.000000 0.000000 0.000000 0.000000 0.000000 0.000000 0.000000 0.000000 0.000000 0.367232 0.408398 0.444641 0.463504 0.467243 0.466360 0.459940 0.447522 0.440405 0.441472 0.440630 0.456996 0.488882 0.519636 0.558868 0.590295 0.617007 1.525154 1.345101 0.671401 1.335791 0.632883 0.622234 0.620927 0.625550 0.631222 1.107147 0.666193 0.685387 0.700536 0.720660 0.753976 0.794059 0.830983 0.994728 0.888331 0.901750 0.908932 0.905014 0.883583 0.793056 0.786968 0.782860 0.780582 0.779443 0.777440 0.767448 0.753148 0.738293 0.720251 0.708911 0.699369 0.688122 0.742271 0.735627 0.725008 0.711556 0.697667 0.679128 0.659295 0.636169 0.613519 0.659207 0.729828 0.756579 0.753462 0.735247 0.711669 0.693172 0.669373 0.647219 0.620310 0.597170 0.515096 0.481739 0.427132 0.000000 0.000000 0.000000 0.000000 0.000000 0.000000 0.000000 0.000000 0.000000 0.000000 0.000000 0.434849 0.461700 0.485601 0.498317 0.501162 0.495632 0.479783 0.455698 0.421130 0.000000 0.000000 0.000000 0.000000 0.000000 0.000000 0.560886 0.724659 0.828515 0.879242 0.896872 0.876985 0.825310 0.718142 0.549918 0.478114 0.536346 0.572153 0.589585 0.581250 0.576118 0.571242 0.554555 0.520911 0.486094 0.447172 0.408194 0.000000 0.000000 0.000000 0.000000 0.000000 0.000000 0.440602 0.444983 0.791305 0.433325 0.607853 0.697995 0.825756 0.919973 0.953052 0.974168 0.980985 0.959265 0.919454 0.854686 0.800361 0.748691 0.691317 0.635048 0.586770 0.541988 0.497460 0.450829 0.000000 0.000000 0.444965 0.000000 0.000000 0.438340 0.489721 0.522239 0.551927 0.692311 0.745724 0.587013 0.583877 0.573938 0.560271 0.536789 0.507066 0.471736 0.436445 0.000000 0.000000 0.000000 0.000000 0.000000 0.000000 0.000000 0.000000 0.000000 0.000000 0.000000 0.000000 0.000000 0.000000 0.000000 0.000000 0.000000 0.000000 0.000000 0.000000 0.000000 0.432213 0.564366 0.672570 0.758942 0.831905 0.879557 0.917551 0.981007 1.040946 1.096624 1.148220 1.183637 1.029138 0.951055 0.893943 0.928834 0.849423
0.000000 0.000000 0.000000 0.000000 0.000000 0.000000 0.000000 0.000000 0.000000 0.000000 0.000000 0.000000 0.000000 0.000000 0.000000 0.000000 0.000000 0.000000 0.000000 0.000000 0.000000 0.000000 0.000000 0.000000 0.000000 0.000000 0.000000 0.000000 0.000000 0.000000 0.000000 0.000000 0.000000 0.000000 0.000000 0.000000 0.000000 0.000000 0.000000 0.000000 0.000000 0.000000 0.000000 0.000000 0.000000 0.000000 0.000000 0.000000 0.000000 0.000000 0.000000 0.000000 0.000000 0.000000 0.000000 0.000000 0.000000 0.000000 0.000000 0.000000 0.000000 0.000000 0.000000 0.000000 0.000000 0.000000 0.000000 0.415019 0.425301 0.413313 0.392514 0.378472 0.385112 0.418987 0.456791 0.480119 0.494963 0.504148 0.505928 0.503274 0.503607 0.504880 0.500250 0.497941 0.509204 0.530705 0.553911 0.572015 1.365558 1.074442 0.639897 0.878774 0.655588 0.646831 0.640823 0.634417 0.630909 0.624179 0.617354 0.609485 0.630702 0.655398 0.686822 0.732010 0.785039 0.832298 0.875506 0.914782 0.863270 0.886018 0.884979 0.857549 0.818870 0.777601 0.602216 0.585555 0.577577 0.571909 0.562876 0.549647 0.540838 0.530822 0.513296 0.494259 0.482506 0.470999 0.572959 0.564688 0.557502 0.545279 0.534183 0.520816 0.505446 0.483691 0.461944 0.360301 0.478269 0.553587 0.609676 0.633502 0.642119 0.642135 0.640662 0.632965 0.619608 0.599955 0.572082 0.541289 0.501969 0.461704 0.426072 0.401416 0.000000 0.000000 0.000000 0.000000 0.000000 0.000000 0.000000 0.000000 0.000000 0.000000 0.000000 0.000000 0.000000 0.000000 0.000000 0.000000 0.000000 0.000000 0.000000 0.000000 0.000000 0.000000 0.000000 0.560897 0.647762 0.657552 0.614020 0.511187 0.000000 0.434871 0.436473 0.439423 0.442466 0.429670 0.469508 0.485697 0.479596 0.486557 0.486228 0.470284 0.448686 0.414381 0.000000 0.000000 0.456087 0.532121 0.574064 0.585139 0.573517 0.556149 0.529184 0.500995 0.476414 0.460104 0.571402 0.642154 0.687912 0.750355 0.798609 0.844173 0.881879 0.885902 0.855457 0.818799 0.763206 0.698234 0.631250 0.566266 0.571696 0.542750 0.429702 0.508416 0.451060 0.564708 0.538068 0.534633 0.515257 0.563715 0.592987 0.611078 0.621803 0.620840 0.613118 0.601476 0.584605 0.566971 0.550890 0.528102 0.503363 0.473975 0.446628 0.000000 0.000000 0.000000 0.000000 0.000000 0.000000 0.000000 0.000000 0.000000 0.000000 0.000000 0.000000 0.000000 0.000000 0.000000 0.000000 0.000000 0.000000 0.000000 0.000000 0.541819 0.663586 0.727344 0.803689 0.867517 0.918754 0.990090 1.068610 1.132114 1.196517 1.256659 1.292253 1.166230 1.090114 1.015401 1.038604 0.912456
0.000000 0.000000 0.000000 0.000000 0.000000 0.000000 0.000000 0.000000 0.000000 0.000000 0.000000 0.000000 0.000000 0.000000 0.000000 0.000000 0.000000 0.000000 0.000000 0.000000 0.000000 0.000000 0.000000 0.000000 0.000000 0.000000 0.000000 0.000000 0.000000 0.000000 0.000000 0.000000 0.000000 0.000000 0.000000 0.000000 0.000000 0.000000 0.000000 0.000000 0.000000 0.000000 0.000000 0.000000 0.000000 0.405198 0.433968 0.460520 0.478747 0.491267 0.497482 0.499502 0.499120 0.496167 0.488282 0.473819 0.458997 0.439268 0.417467 0.397832 0.000000 0.000000 0.000000 0.000000 0.000000 0.000000 0.000000 0.423951 0.438960 0.425019 0.410321 0.391301 0.381150 0.382779 0.393694 0.408446 0.423594 0.445628 0.465164 0.487650 0.494782 0.495680 0.495726 0.496632 0.500021 0.506288 0.510854 0.510750 0.505735 0.507631 0.543295 0.579559 0.620418 0.653079 0.675805 0.684993 0.688141 0.686025 0.677110 0.661168 0.639989 0.627454 0.644084 0.669773 0.700112 0.696123 0.750577 0.800411 0.849226 0.885275 0.888225 0.867690 0.829802 0.797244 0.779531 0.763635 0.785255 0.647925 0.644705 0.627543 0.607479 0.576350 0.531078 0.488203 0.459867 0.585435 0.578129 0.584502 0.588794 0.596148 0.600511 0.576346 0.599321 0.616005 0.630523 0.643039 0.633580 0.608106 0.703476 0.651407 0.650951 0.648024 0.640769 0.643128 0.653490 0.657549 0.648940 0.587908 0.569090 0.543737 0.510571 0.477862 0.445407 0.404808 0.000000 0.000000 0.000000 0.000000 0.000000 0.000000 0.000000 0.000000 0.000000 0.000000 0.000000 0.000000 0.000000 0.000000 0.000000 0.000000 0.000000 0.000000 0.000000 0.000000 0.000000 0.000000 0.000000 0.000000 0.000000 0.000000 0.000000 0.000000 0.000000 0.000000 0.000000 0.000000 0.000000 0.000000 0.000000 0.000000 0.000000 0.000000 0.000000 0.000000 0.513735 0.593689 0.623540 0.627772 0.615242 0.580883 0.540466 0.500296 0.465781 0.440531 0.000000 0.000000 0.000000 0.000000 0.000000 0.472259 0.595289 0.683456 0.752642 0.787249 0.803740 0.823671 0.924774 0.987786 0.998501 0.958225 0.891281 0.828838 0.766150 0.699629 0.649753 0.600168 0.550754 0.500636 0.447468 0.000000 0.000000 0.420715 0.424776 0.000000 0.000000 0.000000 0.420182 0.435947 0.448678 0.448947 0.440956 0.426812 0.000000 0.000000 0.000000 0.000000 0.000000 0.000000 0.000000 0.000000 0.000000 0.000000 0.000000 0.000000 0.000000 0.000000 0.000000 0.000000 0.000000 0.000000 0.000000 0.000000 0.000000 0.519416 0.710447 0.773027 0.726441 0.736923 0.760073 0.854428 0.944597 1.029030 1.122574 1.206843 1.268528 1.131726 1.051775 0.968007 1.043190 1.011645
0.000000 0.000000 0.000000 0.000000 0.000000 0.000000 0.000000 0.000000 0.000000 0.000000 0.000000 0.000000 0.000000 0.000000 0.000000 0.000000 0.000000 0.000000 0.000000 0.000000 0.000000 0.000000 0.000000 0.000000 0.000000 0.000000 0.000000 0.000000 0.000000 0.000000 0.000000 0.000000 0.000000 0.000000 0.000000 0.000000 0.000000 0.000000 0.000000 0.000000 0.000000 0.424935 0.462850 0.494944 0.587999 0.623579 0.652446 0.667490 0.671762 0.664854 0.651983 0.638072 0.624179 0.590438 0.580127 0.568280 0.555035 0.536599 0.514994 0.496543 0.473917 0.456557 0.436711 0.414928 0.389813 0.000000 0.000000 0.000000 0.000000 0.000000 0.000000 0.000000 0.000000 0.385134 0.394046 0.400251 0.406157 0.409135 0.410667 0.412208 0.410668 0.406370 0.400140 0.395200 0.404244 0.420907 0.442848 0.461207 0.473646 0.484740 0.494845 0.507004 0.526595 0.567857 0.631390 0.661271 0.687686 0.703119 0.705887 0.703177 0.699302 0.693731 0.686317 0.683116 0.703967 1.094611 0.739597 0.752541 0.774761 0.724175 0.747485 0.766999 0.775430 0.785120 0.793542 0.819215 0.866390 0.874001 0.867984 0.858551 0.845550 0.822704 0.793442 0.754101 0.713228 0.651732 0.602190 0.570996 0.610933 0.628338 0.630304 0.859903 0.705416 0.749141 0.776974 0.801641 0.789267 0.761218 0.730875 0.697497 0.684023 0.678259 0.670308 0.717189 0.747378 0.768668 0.769501 0.734800 0.687287 0.642911 0.605871 0.576236 0.476363 0.452731 0.421381 0.000000 0.000000 0.000000 0.000000 0.000000 0.000000 0.000000 0.000000 0.000000 0.000000 0.000000 0.000000 0.000000 0.000000 0.000000 0.000000 0.000000 0.000000 0.000000 0.000000 0.000000 0.000000 0.000000 0.000000 0.000000 0.000000 0.000000 0.000000 0.000000 0.000000 0.000000 0.000000 0.000000 0.000000 0.000000 0.000000 0.000000 0.445605 0.604522 0.688284 0.702167 0.674348 0.620993 0.566731 0.515513 0.469186 0.434462 0.000000 0.000000 0.000000 0.000000 0.000000 0.000000 0.000000 0.000000 0.000000 0.476912 0.558616 0.618777 0.785147 0.996687 1.147010 1.201623 1.196968 1.130339 1.042079 0.962162 0.894398 0.826008 0.761775 0.699652 0.640772 0.581867 0.519399 0.457362 0.000000 0.000000 0.000000 0.000000 0.000000 0.000000 0.000000 0.000000 0.000000 0.000000 0.000000 0.000000 0.000000 0.000000 0.000000 0.000000 0.000000 0.000000 0.000000 0.000000 0.000000 0.000000 0.000000 0.000000 0.000000 0.000000 0.000000 0.000000 0.000000 0.000000 0.000000 0.000000 0.000000 0.000000 0.000000 0.472990 0.594823 0.672120 0.730075 0.838957 0.787055 0.893991 0.983832 1.057580 1.105220 1.145247 1.096815 1.196746 1.098313 0.947594
0.000000 0.000000 0.000000 0.000000 0.000000 0.000000 0.000000 0.000000 0.000000 0.000000 0.000000 0.000000 0.000000 0.000000 0.000000 0.000000 0.000000 0.000000 0.000000 0.000000 0.000000 0.000000 0.000000 0.000000 0.000000 0.000000 0.000000 0.000000 0.000000 0.000000 0.000000 0.000000 0.000000 0.000000 0.000000 0.000000 0.000000 0.000000 0.000000 0.004000 0.421229 0.465570 0.557666 0.606393 0.649516 0.681288 0.707100 0.721448 0.716641 0.707295 0.697704 0.693819 0.683134 0.673540 0.664859 0.647909 0.626772 0.612273 0.601262 0.592326 0.585756 0.581305 0.574523 0.554658 0.533096 0.509081 0.417549 0.405667 0.390469 0.377462 0.000000 0.000000 0.000000 0.000000 0.000000 0.000000 0.000000 0.000000 0.391661 0.443897 0.486129 0.515715 0.546809 0.603718 0.618284 0.589170 0.565030 0.532848 0.511503 0.513917 0.520298 0.577739 0.600664 0.628250 0.663532 0.692894 0.717051 0.736534 0.743526 0.744130 0.740801 0.734184 0.730494 0.728675 0.728395 0.733144 0.738549 0.740541 0.741797 0.739898 0.683723 0.696676 0.709974 0.751566 0.773696 0.901881 0.820527 0.815454 0.833479 0.845242 0.853333 0.857276 0.847720 0.917405 0.801338 0.728059 0.661516 0.592861 0.590531 0.687243 0.620606 0.680227 0.746697 0.800317 0.843289 0.863076 1.250666 0.837128 0.823812 1.219415 0.789755 0.783922 0.794742 0.813366 0.828748 0.836367 0.833407 0.800059 0.765658 0.731686 0.710289 0.687791 0.667693 0.641914 0.608130 0.559822 0.424463 0.000000 0.000000 0.000000 0.000000 0.000000 0.000000 0.000000 0.000000 0.000000 0.000000 0.000000 0.000000 0.000000 0.000000 0.000000 0.000000 0.000000 0.000000 0.000000 0.000000 0.000000 0.000000 0.000000 0.000000 0.485346 0.506378 0.530931 0.551184 0.547494 0.000000 0.000000 0.000000 0.000000 0.000000 0.000000 0.527999 0.655026 0.693424 0.662884 0.592058 0.515420 0.456399 0.000000 0.000000 0.000000 0.000000 0.000000 0.000000 0.000000 0.000000 0.000000 0.000000 0.000000 0.000000 0.000000 0.000000 0.000000 0.666099 0.917300 1.039194 1.107553 1.114786 1.070061 1.008954 0.946035 0.893988 0.844363 0.787907 0.727566 0.663258 0.599556 0.537947 0.476387 0.000000 0.000000 0.000000 0.000000 0.000000 0.000000 0.000000 0.000000 0.000000 0.000000 0.000000 0.000000 0.000000 0.000000 0.000000 0.000000 0.000000 0.000000 0.000000 0.000000 0.000000 0.000000 0.000000 0.000000 0.000000 0.000000 0.000000 0.000000 0.000000 0.000000 0.000000 0.000000 0.000000 0.000000 0.000000 0.996922 0.798894 0.660896 0.755417 0.866183 1.007383 0.932190 0.997759 1.050057 1.103829 1.128922 1.095135 1.048690 1.134788 0.953390
0.000000 0.000000 0.000000 0.000000 0.000000 0.000000 0.000000 0.000000 0.000000 0.000000 0.000000 0.000000 0.000000 0.000000 0.000000 0.000000 0.000000 0.000000 0.000000 0.000000 0.000000 0.000000 0.000000 0.000000 0.000000 0.000000 0.000000 0.000000 0.000000 0.000000 0.000000 0.000000 0.000000 0.000000 0.000000 0.000000 0.000000 0.000000 0.000000 0.000000 0.000000 0.000000 0.000000 0.422023 0.480705 0.510363 0.517328 0.576554 0.607241 0.642195 0.682370 0.709092 0.719635 0.722081 0.717092 0.708229 0.697518 0.742610 0.685575 0.684983 0.690807 0.688632 0.680315 0.665480 0.651287 0.632001 0.608495 0.585210 0.559636 0.528294 0.458129 0.442676 0.423869 0.408970 0.389286 0.000000 0.441098 0.540582 0.621905 0.693878 0.754567 0.806059 0.850334 0.889803 0.888296 0.854986 0.829610 0.802881 0.775702 0.758814 0.735201 0.714936 0.693949 0.692779 0.694409 0.716240 0.730229 0.742249 0.747196 0.750072 0.750885 0.749856 0.748082 0.742353 0.734975 0.728022 0.716617 0.696869 0.674465 0.675549 0.689021 0.717733 0.688295 0.676780 0.657351 0.642936 0.648989 0.677783 0.710235 0.733056 0.749155 0.767595 0.778723 0.784737 0.774661 0.744043 0.694360 0.701202 0.880200 0.596594 0.971986 0.487148 1.232531 0.955692 1.394864 0.632182 0.681906 0.720059 0.750694 0.772136 0.783588 0.800349 1.043170 0.885647 0.819619 0.822743 0.866606 0.829662 0.817379 0.794565 0.768943 0.748536 0.723079 0.697298 0.695654 0.663211 0.594409 0.543694 0.482578 0.000000 0.000000 0.000000 0.000000 0.000000 0.000000 0.000000 0.000000 0.000000 0.000000 0.000000 0.000000 0.000000 0.000000 0.000000 0.000000 0.000000 0.000000 0.000000 0.000000 0.000000 0.000000 0.000000 0.000000 0.000000 0.000000 0.000000 0.000000 0.000000 0.000000 0.000000 0.000000 0.000000 0.437339 0.523325 0.511591 0.434477 0.000000 0.000000 0.000000 0.000000 0.000000 0.000000 0.000000 0.000000 0.000000 0.000000 0.000000 0.000000 0.000000 0.000000 0.000000 0.000000 0.000000 0.000000 0.520580 0.720926 0.780072 0.814013 0.839379 0.837505 0.823953 0.804631 0.781319 0.749878 0.701954 0.650536 0.594326 0.536623 0.479529 0.000000 0.000000 0.000000 0.000000 0.000000 0.000000 0.000000 0.000000 0.000000 0.000000 0.000000 0.000000 0.000000 0.000000 0.000000 0.000000 0.000000 0.000000 0.000000 0.000000 0.000000 0.000000 0.000000 0.000000 0.000000 0.000000 0.000000 0.000000 0.000000 0.000000 0.000000 0.560326 0.004000 0.000000 0.000000 0.004000 0.439509 0.515797 0.637614 0.719367 0.838698 0.977836 1.089338 1.148931 1.032699 1.071364 1.110400 1.090352 1.053041 1.150146 0.946000
0.000000 0.000000 0.000000 0.000000 0.000000 0.000000 0.000000 0.000000 0.000000 0.000000 0.000000 0.000000 0.000000 0.000000 0.000000 0.000000 0.000000 0.000000 0.000000 0.000000 0.000000 0.000000 0.000000 0.000000 0.000000 0.000000 0.000000 0.000000 0.000000 0.000000 0.000000 0.000000 0.000000 0.000000 0.000000 0.000000 0.000000 0.000000 0.000000 0.000000 0.000000 0.000000 0.000000 0.000000 0.438236 0.478565 0.579993 0.612413 0.637935 0.675985 0.716382 0.754532 0.780462 0.799265 0.807249 0.818718 0.829985 0.831339 0.820520 0.805767 0.796012 0.781258 0.758669 0.737608 0.706468 0.684659 0.662100 0.633687 0.613273 0.594109 0.587100 0.582371 0.562253 0.533253 0.537807 0.595393 0.662724 0.722093 0.776829 0.840219 0.902685 0.959648 1.007632 1.017241 1.000087 1.001686 0.984477 0.977762 0.962786 0.933343 0.901076 0.858695 0.806048 0.772773 0.762171 0.751407 0.739813 0.725998 0.726335 0.724239 0.723126 0.720838 0.713585 0.698705 0.672685 0.649130 0.619252 0.631003 0.627922 0.596878 0.605502 0.602060 0.600121 0.604073 0.606748 0.603033 0.575324 0.584505 0.603882 0.643206 0.682726 0.711501 0.715411 0.707742 0.764087 0.761045 0.740876 0.704992 0.669922 0.635924 0.603327 0.575484 0.520567 0.544506 0.562796 0.577372 0.613296 0.646870 0.676852 0.691121 0.696107 0.695771 0.697279 0.694168 0.683966 0.678468 0.683840 0.680517 0.672124 0.658950 0.645835 0.629360 0.621963 0.618038 0.620685 0.624423 0.625069 0.618353 0.599330 0.570559 0.542936 0.506832 0.465202 0.424944 0.000000 0.000000 0.000000 0.000000 0.000000 0.000000 0.000000 0.000000 0.000000 0.000000 0.000000 0.000000 0.000000 0.000000 0.000000 0.000000 0.000000 0.000000 0.000000 0.000000 0.000000 0.000000 0.000000 0.000000 0.000000 0.000000 0.000000 0.000000 0.000000 0.000000 0.000000 0.000000 0.000000 0.000000 0.000000 0.000000 0.000000 0.000000 0.000000 0.000000 0.000000 0.000000 0.000000 0.000000 0.000000 0.000000 0.000000 0.000000 0.000000 0.000000 0.000000 0.000000 0.000000 0.000000 0.000000 0.000000 0.462565 0.510127 0.532194 0.528393 0.510481 0.485394 0.452775 0.000000 0.000000 0.000000 0.000000 0.000000 0.000000 0.000000 0.000000 0.000000 0.000000 0.000000 0.000000 0.000000 0.000000 0.000000 0.000000 0.000000 0.000000 0.000000 0.000000 0.000000 0.000000 0.000000 0.000000 0.000000 0.000000 0.000000 0.000000 0.000000 0.000000 0.000000 0.000000 0.000000 0.000000 0.000000 0.000000 0.434637 0.000000 0.632860 1.098756 0.450603 0.587983 0.745615 0.918820 0.972161 1.146252 0.959495 0.995588 1.023800 1.026906 1.178682 1.117424 1.014459
0.000000 0.000000 0.000000 0.000000 0.000000 0.000000 0.000000 0.000000 0.000000 0.000000 0.000000 0.000000 0.000000 0.000000 0.000000 0.000000 0.000000 0.000000 0.000000 0.000000 0.000000 0.000000 0.000000 0.000000 0.000000 0.000000 0.000000 0.000000 0.000000 0.000000 0.000000 0.000000 0.000000 0.000000 0.000000 0.000000 0.000000 0.000000 0.000000 0.000000 0.000000 0.000000 0.000000 0.000000 0.000000 0.438576 0.513594 0.568709 0.639004 0.646285 0.666762 0.686920 0.699959 0.696097 0.702947 0.746735 0.772303 0.774536 0.764412 0.755995 0.746022 0.732711 0.714225 0.695361 0.663915 0.643569 0.638015 0.616267 0.681616 0.733983 0.743548 0.722283 0.638600 0.634695 0.658456 0.699060 0.742364 0.784506 0.811892 0.856136 0.903637 0.951921 0.999544 1.083724 1.067549 1.048628 1.047351 1.092685 1.086614 1.042093 1.015289 0.962461 0.891325 0.830733 0.778874 0.750356 0.722849 0.698770 0.688261 0.678728 0.665183 0.649530 0.633883 0.629367 0.627993 0.626218 0.648483 0.651757 0.645453 0.631052 0.609734 0.567358 0.553760 0.536934 0.516515 0.544424 0.528302 0.512683 0.492865 0.476929 0.459858 0.541353 0.646685 0.694389 0.716591 0.717737 0.707447 0.691244 0.665402 0.634775 0.602612 0.565249 0.530229 0.501689 0.436225 0.460093 0.496166 0.533633 0.567641 0.595855 0.609295 0.614461 0.618150 0.680222 0.602910 0.583662 0.572373 0.566561 0.557082 0.546524 0.535132 0.522021 0.510645 0.504512 0.504274 0.507230 0.512636 0.515270 0.512156 0.508794 0.507241 0.504400 0.504312 0.510840 0.515176 0.510934 0.501654 0.486933 0.466201 0.443090 0.416513 0.000000 0.000000 0.000000 0.000000 0.000000 0.000000 0.000000 0.281517 0.289934 0.000000 0.000000 0.000000 0.000000 0.000000 0.000000 0.000000 0.000000 0.000000 0.000000 0.000000 0.000000 0.000000 0.000000 0.427111 0.000000 0.000000 0.000000 0.000000 0.000000 0.000000 0.000000 0.000000 0.000000 0.000000 0.000000 0.000000 0.000000 0.000000 0.000000 0.000000 0.000000 0.000000 0.000000 0.000000 0.000000 0.000000 0.000000 0.000000 0.000000 0.000000 0.000000 0.000000 0.000000 0.000000 0.000000 0.000000 0.000000 0.000000 0.000000 0.000000 0.000000 0.000000 0.000000 0.000000 0.000000 0.000000 0.000000 0.000000 0.000000 0.000000 0.000000 0.000000 0.000000 0.000000 0.000000 0.000000 0.000000 0.000000 0.000000 0.000000 0.000000 0.000000 0.000000 0.000000 0.000000 0.000000 0.000000 0.000000 0.000000 0.000000 0.000000 0.000000 0.000000 0.000000 0.000000 0.000000 0.495036 0.489619 0.587962 0.713460 0.843813 0.931871 1.008131 0.993620 1.060231 1.071277 1.048493 1.086790 0.902098
0.000000 0.000000 0.000000 0.000000 0.000000 0.000000 0.000000 0.000000 0.000000 0.000000 0.000000 0.000000 0.000000 0.000000 0.000000 0.000000 0.000000 0.000000 0.000000 0.000000 0.000000 0.000000 0.000000 0.000000 0.000000 0.000000 0.000000 0.000000 0.000000 0.000000 0.000000 0.000000 0.000000 0.000000 0.000000 0.000000 0.000000 0.000000 0.000000 0.000000 0.000000 0.000000 0.000000 0.000000 0.000000 0.000000 0.497537 0.690739 0.495603 0.000000 0.000000 0.517706 0.728911 0.542373 0.410416 0.569505 0.618345 0.682696 0.687219 0.654934 0.627525 0.648236 0.666421 0.665291 0.657224 0.653260 0.637137 0.664811 0.706457 0.710361 0.695276 0.645677 0.651689 0.668680 0.699270 0.743605 0.772798 0.791698 0.794137 0.804379 0.828172 0.871377 0.913836 0.962810 0.997091 0.975492 0.931615 0.891530 0.938460 0.937046 0.930997 0.919175 0.908368 0.896905 0.879119 0.865916 0.836808 0.793100 0.737531 0.683592 0.647118 0.621624 0.602324 0.584466 0.573466 0.571451 0.570777 0.569746 0.567968 0.564442 0.557237 0.545179 0.527835 0.511280 0.493156 0.467500 0.444972 0.418036 0.391994 0.000000 0.000000 0.000000 0.000000 0.465094 0.589470 0.629529 0.647071 0.647008 0.635713 0.613752 0.588389 0.513724 0.478117 0.440926 0.396307 0.000000 0.389236 0.419489 0.449590 0.475405 0.497602 0.508703 0.516988 0.521919 0.515340 0.502860 0.491923 0.483271 0.469155 0.454701 0.438308 0.423139 0.414587 0.412491 0.418659 0.430055 0.448051 0.461967 0.475511 0.489937 0.491626 0.483216 0.473422 0.464344 0.456696 0.451044 0.452686 0.465121 0.481980 0.495808 0.506223 0.512235 0.512012 0.504180 0.484339 0.444986 0.386979 0.335209 0.000000 0.000000 0.000000 0.000000 0.000000 0.000000 0.000000 0.000000 0.000000 0.000000 0.000000 0.568566 0.000000 0.000000 0.000000 0.000000 0.000000 0.459168 0.423703 0.000000 0.000000 0.000000 0.000000 0.000000 0.000000 0.000000 0.000000 0.000000 0.000000 0.000000 0.000000 0.000000 0.000000 0.000000 0.000000 0.000000 0.000000 0.000000 0.000000 0.000000 0.000000 0.000000 0.000000 0.000000 0.000000 0.000000 0.000000 0.000000 0.000000 0.000000 0.000000 0.000000 0.000000 0.000000 0.000000 0.000000 0.000000 0.000000 0.000000 0.000000 0.000000 0.000000 0.000000 0.000000 0.000000 0.000000 0.000000 0.000000 0.000000 0.000000 0.000000 0.000000 0.000000 0.000000 0.000000 0.000000 0.000000 0.000000 0.000000 0.000000 0.000000 0.000000 0.000000 0.000000 0.000000 0.000000 0.000000 0.000000 0.000000 0.000000 0.000000 0.000000 0.425651 0.632765 0.732575 0.737493 0.828617 0.927396 0.975799 0.961643 0.934026 0.804090
0.000000 0.000000 0.000000 0.000000 0.000000 0.000000 0.000000 0.000000 0.000000 0.000000 0.000000 0.000000 0.000000 0.000000 0.000000 0.000000 0.000000 0.000000 0.000000 0.000000 0.000000 0.000000 0.000000 0.000000 0.000000 0.000000 0.000000 0.000000 0.000000 0.000000 0.000000 0.000000 0.000000 0.000000 0.000000 0.000000 0.000000 0.000000 0.000000 0.000000 0.000000 0.000000 0.000000 0.000000 0.000000 0.000000 0.000000 0.000000 0.000000 0.000000 0.000000 0.000000 0.000000 0.000000 0.000000 0.000000 0.000000 0.420887 0.787559 0.894156 0.601564 0.655058 0.690166 0.701147 0.708811 0.710696 0.706486 0.696969 0.673908 0.695216 0.700108 0.700443 0.699453 0.699276 0.697488 0.718273 0.733323 0.725927 0.706825 0.693802 0.712885 0.747366 0.754741 0.730043 0.694267 0.668400 0.702588 0.760828 0.790971 0.816325 0.896205 0.900855 0.893322 0.870276 0.841029 0.797566 0.756674 0.707902 0.656782 0.621383 0.594127 0.568971 0.551388 0.532119 0.516397 0.511392 0.512078 0.515369 0.518040 0.517511 0.512915 0.504072 0.490429 0.471154 0.454829 0.430715 0.408082 0.381191 0.000000 0.000000 0.000000 0.000000 0.000000 0.000000 0.000000 0.483847 0.529681 0.557558 0.566962 0.563252 0.549203 0.525517 0.503435 0.475420 0.449251 0.439705 0.398854 0.000000 0.000000 0.000000 0.000000 0.391304 0.403460 0.415320 0.420696 0.418802 0.413957 0.407496 0.395748 0.000000 0.000000 0.000000 0.000000 0.000000 0.000000 0.000000 0.000000 0.000000 0.000000 0.426727 0.438478 0.440854 0.440401 0.436612 0.431561 0.427887 0.000000 0.000000 0.426850 0.431585 0.443585 0.460348 0.477716 0.490407 0.490872 0.475135 0.443889 0.396741 0.000000 0.000000 0.000000 0.000000 0.000000 0.425867 0.441214 0.000000 0.000000 0.000000 0.000000 0.000000 0.000000 0.000000 0.000000 0.000000 0.000000 0.000000 0.000000 0.000000 0.000000 0.000000 0.000000 0.000000 0.000000 0.000000 0.000000 0.000000 0.000000 0.000000 0.000000 0.000000 0.000000 0.000000 0.000000 0.000000 0.000000 0.000000 0.000000 0.000000 0.000000 0.000000 0.000000 0.000000 0.000000 0.000000 0.000000 0.000000 0.000000 0.000000 0.000000 0.000000 0.000000 0.000000 0.000000 0.000000 0.000000 0.000000 0.000000 0.000000 0.000000 0.000000 0.000000 0.000000 0.000000 0.000000 0.000000 0.000000 0.000000 0.000000 0.000000 0.000000 0.000000 0.000000 0.000000 0.000000 0.000000 0.000000 0.000000 0.000000 0.000000 0.000000 0.000000 0.000000 0.000000 0.000000 0.000000 0.000000 0.000000 0.000000 0.000000 0.000000 0.000000 0.000000 0.000000 0.440855 0.547270 0.682555 0.770686 0.775702 0.753834 0.650392
0.000000 0.000000 0.000000 0.000000 0.000000 0.000000 0.000000 0.000000 0.000000 0.000000 0.000000 0.000000 0.000000 0.000000 0.000000 0.000000 0.000000 0.000000 0.000000 0.000000 0.000000 0.000000 0.000000 0.000000 0.000000 0.000000 0.000000 0.000000 0.000000 0.000000 0.000000 0.000000 0.000000 0.000000 0.000000 0.000000 0.000000 0.000000 0.000000 0.000000 0.000000 0.000000 0.000000 0.000000 0.000000 0.000000 0.000000 0.000000 0.000000 0.000000 0.000000 0.000000 0.000000 0.000000 0.000000 0.000000 0.000000 0.000000 0.000000 0.436166 0.837405 0.589618 0.840503 0.727206 0.785019 0.785454 0.785566 0.787773 0.806668 0.833018 0.836493 0.814142 0.739934 0.769309 0.770779 0.784509 0.809475 0.822264 0.823818 0.817453 0.742080 0.815512 0.734467 0.728089 0.741445 0.748793 0.738178 0.721762 0.714357 0.709362 0.726124 0.745329 0.758213 0.759130 0.748764 0.727985 0.695882 0.671066 0.639909 0.659972 0.629752 0.597776 0.568622 0.542222 0.519882 0.450659 0.450986 0.456522 0.460252 0.460084 0.456886 0.450532 0.440150 0.426409 0.413599 0.392585 0.000000 0.000000 0.000000 0.000000 0.000000 0.000000 0.000000 0.000000 0.000000 0.000000 0.386508 0.461679 0.529459 0.589718 0.635052 0.681699 0.716697 0.733737 0.714724 0.670231 0.596699 0.514886 0.456471 0.416975 0.384423 0.000000 0.000000 0.000000 0.000000 0.000000 0.000000 0.000000 0.000000 0.000000 0.000000 0.000000 0.000000 0.000000 0.000000 0.000000 0.000000 0.000000 0.000000 0.000000 0.000000 0.000000 0.000000 0.000000 0.004000 0.000000 0.000000 0.000000 0.000000 0.000000 0.000000 0.000000 0.000000 0.000000 0.000000 0.000000 0.000000 0.000000 0.000000 0.000000 0.000000 0.000000 0.493296 0.569760 0.590384 0.575558 0.546449 0.498930 0.432549 0.000000 0.000000 0.000000 0.000000 0.000000 0.000000 0.000000 0.000000 0.000000 0.000000 0.000000 0.000000 0.000000 0.000000 0.000000 0.000000 0.000000 0.000000 0.000000 0.000000 0.000000 0.000000 0.000000 0.000000 0.000000 0.000000 0.000000 0.000000 0.000000 0.000000 0.000000 0.000000 0.000000 0.000000 0.000000 0.000000 0.000000 0.000000 0.000000 0.000000 0.000000 0.000000 0.000000 0.000000 0.000000 0.000000 0.000000 0.000000 0.000000 0.000000 0.000000 0.000000 0.000000 0.000000 0.000000 0.000000 0.000000 0.000000 0.000000 0.000000 0.000000 0.000000 0.000000 0.000000 0.000000 0.000000 0.000000 0.000000 0.000000 0.000000 0.000000 0.000000 0.000000 0.000000 0.000000 0.000000 0.000000 0.000000 0.000000 0.425330 0.552128 0.640381 0.699127 0.721610 0.711914 0.684533 0.658054 0.591980 0.614197 0.608711 0.586348
0.000000 0.000000 0.000000 0.000000 0.000000 0.000000 0.000000 0.000000 0.000000 0.000000 0.000000 0.000000 0.000000 0.000000 0.000000 0.000000 0.000000 0.000000 0.000000 0.000000 0.000000 0.000000 0.000000 0.000000 0.000000 0.000000 0.000000 0.000000 0.000000 0.000000 0.000000 0.000000 0.000000 0.000000 0.000000 0.000000 0.000000 0.000000 0.000000 0.000000 0.000000 0.000000 0.000000 0.000000 0.000000 0.000000 0.000000 0.000000 0.000000 0.000000 0.000000 0.000000 0.000000 0.000000 0.000000 0.000000 0.000000 0.000000 0.000000 0.000000 0.404093 0.577855 0.653432 0.706911 0.872142 0.774677 0.764506 0.782183 0.801389 0.816365 0.818213 0.821054 0.826549 0.831944 0.845840 0.867258 0.889167 0.896289 0.819619 0.804420 0.780513 0.772363 0.772919 0.765229 0.758246 0.743589 0.724785 0.707654 0.695705 0.696595 0.713163 0.735079 0.755167 0.763704 0.760684 0.749318 0.730759 0.704711 0.679993 0.646747 0.670004 0.638338 0.605744 0.580801 0.549563 0.523697 0.505468 0.493815 0.413136 0.411663 0.408941 0.403259 0.394227 0.384421 0.000000 0.000000 0.000000 0.000000 0.000000 0.000000 0.000000 0.000000 0.370546 0.452171 0.525791 0.595177 0.653244 0.699368 0.746032 0.773818 0.807694 0.834971 0.855085 0.856399 0.827748 0.760556 0.678678 0.594955 0.537209 0.497863 0.461950 0.433589 0.409795 0.383259 0.000000 0.000000 0.000000 0.000000 0.000000 0.000000 0.000000 0.000000 0.000000 0.000000 0.000000 0.000000 0.000000 0.000000 0.000000 0.000000 0.000000 0.000000 0.000000 0.000000 0.000000 0.000000 0.000000 0.000000 0.000000 0.000000 0.000000 0.000000 0.000000 0.000000 0.000000 0.000000 0.000000 0.000000 0.000000 0.000000 0.000000 0.000000 0.514369 0.576655 0.588972 0.579291 0.561063 0.546005 0.535110 0.516322 0.480892 0.435216 0.000000 0.000000 0.000000 0.000000 0.000000 0.000000 0.000000 0.000000 0.462119 0.536999 0.558037 0.841067 0.554965 0.533000 0.492630 0.444839 0.000000 0.000000 0.000000 0.000000 0.000000 0.000000 0.000000 0.000000 0.000000 0.000000 0.000000 0.000000 0.000000 0.000000 0.000000 0.000000 0.000000 0.000000 0.000000 0.000000 0.000000 0.000000 0.000000 0.000000 0.000000 0.000000 0.000000 0.000000 0.000000 0.000000 0.000000 0.000000 0.000000 0.000000 0.000000 0.000000 0.000000 0.000000 0.000000 0.000000 0.000000 0.000000 0.000000 0.000000 0.000000 0.000000 0.000000 0.000000 0.000000 0.000000 0.000000 0.000000 0.000000 0.000000 0.000000 0.000000 0.000000 0.000000 0.000000 0.000000 0.420755 0.548366 0.638996 0.716999 0.775419 0.843925 0.861199 0.893300 0.816029 0.711480 0.631625 0.565434
0.000000 0.000000 0.000000 0.000000 0.000000 0.000000 0.000000 0.000000 0.000000 0.000000 0.000000 0.000000 0.000000 0.000000 0.000000 0.000000 0.000000 0.000000 0.000000 0.000000 0.000000 0.000000 0.000000 0.000000 0.000000 0.000000 0.000000 0.000000 0.000000 0.000000 0.000000 0.000000 0.000000 0.000000 0.000000 0.000000 0.000000 0.000000 0.000000 0.000000 0.000000 0.000000 0.000000 0.000000 0.000000 0.000000 0.000000 0.000000 0.000000 0.000000 0.000000 0.000000 0.000000 0.000000 0.000000 0.000000 0.000000 0.000000 0.000000 0.429943 0.505286 0.636130 0.656053 0.753173 0.645576 0.659412 0.688685 0.706307 0.695185 0.667026 0.663445 0.702580 0.737418 0.778975 0.843813 0.875657 0.910559 0.855713 0.845230 0.816532 0.787162 0.781823 0.779243 0.772596 0.768939 0.772268 0.768153 0.760334 0.826407 1.265479 0.809221 1.241109 0.754086 0.764888 0.770638 0.765448 0.754072 0.741264 0.723006 0.698762 0.668982 0.643305 0.617131 0.636639 0.606912 0.573015 0.547283 0.463224 0.440578 0.417755 0.397763 0.000000 0.000000 0.000000 0.368240 0.366397 0.346409 0.000000 0.000000 0.403884 0.476598 0.538249 0.602820 0.668585 0.725507 0.770920 0.818080 0.842442 0.851941 0.856106 0.855377 0.847601 0.854125 0.848921 0.805956 0.739180 0.668382 0.609987 0.563761 0.521855 0.486101 0.454677 0.427985 0.407218 0.381686 0.000000 0.000000 0.000000 0.000000 0.000000 0.000000 0.000000 0.000000 0.000000 0.000000 0.000000 0.000000 0.000000 0.000000 0.000000 0.000000 0.000000 0.000000 0.000000 0.000000 0.000000 0.000000 0.000000 0.000000 0.000000 0.000000 0.000000 0.000000 0.000000 0.000000 0.000000 0.000000 0.000000 0.000000 0.000000 0.000000 0.000000 0.000000 0.000000 0.000000 0.000000 0.000000 0.000000 0.000000 0.441990 0.457503 0.450602 0.000000 0.000000 0.000000 0.000000 0.000000 0.000000 0.410829 0.599341 0.704904 0.755081 0.753634 1.081161 0.697781 0.658419 0.608273 0.557121 0.502204 0.446801 0.000000 0.000000 0.000000 0.000000 0.000000 0.000000 0.000000 0.000000 0.000000 0.000000 0.000000 0.000000 0.000000 0.000000 0.000000 0.000000 0.000000 0.000000 0.000000 0.000000 0.000000 0.000000 0.000000 0.000000 0.000000 0.000000 0.000000 0.000000 0.000000 0.000000 0.000000 0.000000 0.000000 0.000000 0.000000 0.000000 0.000000 0.000000 0.000000 0.000000 0.000000 0.000000 0.000000 0.000000 0.000000 0.000000 0.000000 0.000000 0.000000 0.000000 0.000000 0.000000 0.000000 0.000000 0.000000 0.000000 0.000000 0.000000 0.535300 0.634402 0.718778 0.791136 0.852927 0.905230 0.939519 0.959472 0.912594 0.825957 0.718376 0.612528
0.000000 0.000000 0.000000 0.000000 0.000000 0.000000 0.000000 0.000000 0.000000 0.000000 0.000000 0.000000 0.000000 0.000000 0.000000 0.000000 0.000000 0.000000 0.000000 0.000000 0.000000 0.000000 0.000000 0.000000 0.000000 0.000000 0.000000 0.000000 0.000000 0.000000 0.000000 0.000000 0.000000 0.000000 0.000000 0.000000 0.000000 0.000000 0.000000 0.000000 0.000000 0.000000 0.000000 0.000000 0.000000 0.000000 0.000000 0.000000 0.000000 0.000000 0.000000 0.000000 0.000000 0.440741 0.000000 0.000000 0.000000 0.000000 0.000000 0.424011 0.470781 0.499530 0.502523 0.506481 0.557923 0.607658 0.626978 0.794628 0.657279 0.675335 0.716590 0.718660 0.709685 0.722331 0.757303 0.800746 0.844284 0.861968 0.838369 0.813100 0.774569 0.702323 0.701713 0.706142 0.723584 0.738909 0.741422 0.809001 0.812351 0.809640 0.804814 0.800997 0.795480 0.729131 0.742373 0.764874 0.763289 0.747537 0.731498 0.713603 0.691546 0.663955 0.636672 0.611219 0.618039 0.548944 0.513597 0.484987 0.457362 0.431394 0.410034 0.466187 0.390642 0.411078 0.421352 0.417244 0.403900 0.409218 0.469550 0.567428 0.637002 0.690716 0.744812 0.785465 0.827235 0.852469 0.875025 0.863693 0.832440 0.803092 0.777889 0.744006 0.670690 0.577193 0.504744 0.448960 0.410668 0.438700 0.457900 0.444377 0.420691 0.403156 0.382079 0.000000 0.000000 0.000000 0.000000 0.000000 0.000000 0.000000 0.000000 0.000000 0.000000 0.000000 0.000000 0.000000 0.000000 0.000000 0.000000 0.000000 0.000000 0.000000 0.000000 0.000000 0.000000 0.000000 0.000000 0.000000 0.000000 0.000000 0.000000 0.000000 0.000000 0.000000 0.000000 0.000000 0.000000 0.000000 0.000000 0.000000 0.000000 0.000000 0.000000 0.000000 0.000000 0.000000 0.000000 0.000000 0.000000 0.000000 0.000000 0.000000 0.000000 0.000000 0.000000 0.000000 0.000000 0.000000 0.526170 0.732086 0.840006 0.877837 0.856127 0.821993 0.770312 0.711843 0.651199 0.596608 0.547588 0.638299 0.461144 0.000000 0.000000 0.000000 0.000000 0.000000 0.000000 0.000000 0.000000 0.000000 0.000000 0.000000 0.000000 0.000000 0.000000 0.000000 0.000000 0.000000 0.000000 0.000000 0.000000 0.000000 0.000000 0.000000 0.000000 0.000000 0.000000 0.000000 0.000000 0.000000 0.000000 0.000000 0.000000 0.000000 0.000000 0.000000 0.000000 0.000000 0.000000 0.000000 0.000000 0.000000 0.000000 0.000000 0.000000 0.000000 0.000000 0.000000 0.000000 0.000000 0.000000 0.000000 0.000000 0.000000 0.000000 0.000000 0.000000 0.445177 0.576942 0.690099 0.777943 0.853707 0.924912 0.970671 1.015521 1.032651 0.957202 0.848795 0.734779 0.627353
0.000000 0.000000 0.000000 0.000000 0.000000 0.000000 0.000000 0.000000 0.000000 0.000000 0.000000 0.000000 0.000000 0.000000 0.000000 0.000000 0.000000 0.000000 0.000000 0.000000 0.000000 0.000000 0.000000 0.000000 0.000000 0.000000 0.000000 0.000000 0.000000 0.000000 0.000000 0.000000 0.000000 0.000000 0.000000 0.000000 0.000000 0.000000 0.000000 0.000000 0.000000 0.000000 0.000000 0.000000 0.000000 0.000000 0.000000 0.000000 0.000000 0.000000 0.000000 0.000000 0.000000 0.000000 0.000000 0.000000 0.000000 0.000000 0.000000 0.000000 0.000000 0.000000 0.402447 0.444396 0.480595 0.506142 0.528770 0.559301 0.576503 0.580965 0.644840 0.573619 0.620248 0.655152 1.178660 1.046127 0.705172 0.811921 0.712861 0.711436 0.701960 0.687318 0.677654 0.691151 0.709129 0.710730 0.697711 0.730254 0.741342 0.744882 1.168550 0.756593 0.800731 0.858527 0.897230 0.823684 0.800410 0.619761 0.596212 0.581064 0.565134 0.544202 0.518482 0.630941 0.660411 0.630289 0.598470 0.575635 0.562975 0.549276 0.531911 0.456606 0.443800 0.436145 0.437280 0.432736 0.442872 0.507359 0.590524 0.662552 0.714306 0.754826 0.787291 0.800489 0.778255 0.767782 0.748656 0.661206 0.570355 0.557793 0.529825 0.537055 0.569103 0.582193 0.574579 0.559703 0.529574 0.494372 0.451637 0.409796 0.377611 0.000000 0.000000 0.000000 0.000000 0.000000 0.000000 0.000000 0.000000 0.000000 0.000000 0.000000 0.000000 0.000000 0.000000 0.000000 0.000000 0.000000 0.000000 0.000000 0.000000 0.000000 0.000000 0.000000 0.000000 0.000000 0.000000 0.000000 0.000000 0.000000 0.000000 0.000000 0.000000 0.000000 0.000000 0.000000 0.000000 0.000000 0.000000 0.000000 0.000000 0.000000 0.000000 0.000000 0.000000 0.000000 0.000000 0.000000 0.000000 0.000000 0.000000 0.000000 0.000000 0.000000 0.000000 0.000000 0.000000 0.000000 0.000000 0.644939 0.781037 0.839409 0.828151 0.772611 0.701564 0.623028 0.544887 0.581598 0.584495 0.521045 0.535212 0.543994 0.540514 0.536574 0.538592 0.539836 0.530174 0.509749 0.485400 0.462486 0.442355 0.000000 0.000000 0.000000 0.000000 0.000000 0.000000 0.000000 0.000000 0.000000 0.000000 0.000000 0.000000 0.000000 0.000000 0.000000 0.000000 0.000000 0.000000 0.000000 0.000000 0.000000 0.000000 0.000000 0.000000 0.000000 0.000000 0.000000 0.000000 0.000000 0.000000 0.000000 0.000000 0.000000 0.000000 0.000000 0.000000 0.000000 0.000000 0.000000 0.000000 0.000000 0.000000 0.000000 0.000000 0.000000 0.000000 0.000000 0.421981 0.630009 1.019623 0.692146 0.762157 0.820452 0.875986 0.913583 0.848478 0.770041 0.694374 0.630512
0.000000 0.000000 0.000000 0.000000 0.000000 0.000000 0.000000 0.000000 0.000000 0.000000 0.000000 0.000000 0.000000 0.000000 0.000000 0.000000 0.000000 0.000000 0.000000 0.000000 0.000000 0.000000 0.000000 0.000000 0.000000 0.000000 0.000000 0.000000 0.000000 0.000000 0.000000 0.000000 0.000000 0.000000 0.000000 0.000000 0.000000 0.000000 0.000000 0.000000 0.000000 0.000000 0.000000 0.000000 0.000000 0.000000 0.000000 0.000000 0.000000 0.000000 0.000000 0.000000 0.000000 0.000000 0.000000 0.000000 0.000000 0.000000 0.004000 0.000000 0.000000 0.000000 0.000000 0.422185 0.444727 0.453713 0.455062 0.450476 0.445478 0.452350 0.466203 0.481843 0.494169 0.550641 0.559628 0.578298 0.594872 0.601956 0.610336 0.607794 0.596310 0.587228 0.584621 0.568063 0.579624 0.643569 0.713586 0.768739 0.794138 0.792779 0.719260 0.621169 0.661352 0.755952 0.666166 0.642467 0.620292 0.609711 0.614578 0.640560 0.674197 0.701190 0.867506 0.839756 0.772578 0.695193 0.630677 0.621293 0.588519 0.568335 0.506289 0.489533 0.469482 0.459714 0.451411 0.431052 0.430422 0.484425 0.532998 0.571829 0.604329 0.680517 0.705846 0.570911 0.000000 0.000000 0.000000 0.000000 0.454673 0.567055 0.608347 0.603225 0.571442 0.537643 0.502056 0.468675 0.448841 0.425589 0.405447 0.382571 0.000000 0.000000 0.000000 0.000000 0.000000 0.000000 0.000000 0.000000 0.000000 0.000000 0.000000 0.000000 0.000000 0.000000 0.000000 0.000000 0.000000 0.000000 0.000000 0.000000 0.000000 0.000000 0.000000 0.000000 0.000000 0.000000 0.000000 0.000000 0.000000 0.000000 0.000000 0.000000 0.000000 0.000000 0.000000 0.000000 0.000000 0.000000 0.000000 0.000000 0.000000 0.000000 0.000000 0.000000 0.000000 0.000000 0.000000 0.000000 0.000000 0.000000 0.000000 0.000000 0.000000 0.000000 0.000000 0.000000 0.000000 0.000000 0.000000 0.000000 0.560415 0.652863 0.671484 0.620320 0.531442 0.425167 0.000000 0.000000 0.000000 0.000000 0.000000 0.000000 0.000000 0.438593 0.463407 0.475522 0.475101 0.466240 0.457014 0.448337 0.438215 0.000000 0.000000 0.000000 0.000000 0.000000 0.000000 0.000000 0.000000 0.000000 0.000000 0.000000 0.000000 0.000000 0.000000 0.000000 0.000000 0.000000 0.000000 0.000000 0.000000 0.000000 0.000000 0.000000 0.000000 0.000000 0.000000 0.000000 0.000000 0.000000 0.000000 0.000000 0.000000 0.000000 0.000000 0.000000 0.000000 0.000000 0.000000 0.000000 0.000000 0.000000 0.000000 0.000000 0.000000 0.000000 0.000000 0.000000 0.000000 0.000000 0.000000 0.000000 0.481980 0.604739 0.685113 0.731567 0.730634 0.699666 0.666537 0.623357
0.000000 0.000000 0.000000 0.000000 0.000000 0.000000 0.000000 0.000000 0.000000 0.000000 0.000000 0.000000 0.000000 0.000000 0.000000 0.000000 0.000000 0.000000 0.000000 0.000000 0.000000 0.000000 0.000000 0.000000 0.000000 0.000000 0.000000 0.000000 0.000000 0.000000 0.000000 0.000000 0.000000 0.000000 0.000000 0.000000 0.000000 0.000000 0.000000 0.000000 0.000000 0.000000 0.000000 0.000000 0.000000 0.000000 0.000000 0.000000 0.000000 0.000000 0.000000 0.000000 0.000000 0.000000 0.000000 0.000000 0.506505 0.483466 0.000000 0.000000 0.000000 0.000000 0.000000 0.000000 0.000000 0.000000 0.000000 0.000000 0.000000 0.000000 0.000000 0.401659 0.411545 0.422448 0.439046 0.446959 0.445826 0.444496 0.552836 0.600720 0.642073 0.666995 0.667934 0.722487 0.761142 0.788019 0.833364 0.837997 0.873051 0.861795 0.850449 0.770786 0.605858 0.594053 0.592043 0.594919 0.598468 0.623842 0.772423 0.726496 0.766112 0.784455 0.797948 0.767856 0.710753 0.653687 0.600043 0.681640 0.623129 0.570633 0.503579 0.466549 0.444030 0.417441 0.387317 0.372094 0.000000 0.000000 0.000000 0.000000 0.000000 0.000000 0.000000 0.000000 0.000000 0.438138 0.482085 0.509395 0.502401 0.456712 0.380845 0.000000 0.000000 0.000000 0.398832 0.405748 0.403248 0.392238 0.000000 0.000000 0.000000 0.000000 0.000000 0.000000 0.000000 0.000000 0.000000 0.000000 0.000000 0.000000 0.000000 0.000000 0.000000 0.000000 0.000000 0.000000 0.000000 0.000000 0.000000 0.000000 0.000000 0.000000 0.000000 0.000000 0.000000 0.000000 0.000000 0.000000 0.000000 0.000000 0.000000 0.000000 0.000000 0.000000 0.000000 0.000000 0.000000 0.000000 0.000000 0.000000 0.000000 0.000000 0.000000 0.000000 0.000000 0.000000 0.000000 0.000000 0.000000 0.000000 0.000000 0.000000 0.000000 0.000000 0.000000 0.000000 0.000000 0.000000 0.523260 0.000000 0.000000 0.000000 0.446296 0.388611 0.000000 0.000000 0.000000 0.000000 0.000000 0.000000 0.000000 0.000000 0.000000 0.000000 0.000000 0.000000 0.000000 0.000000 0.000000 0.000000 0.000000 0.000000 0.000000 0.000000 0.000000 0.000000 0.000000 0.000000 0.000000 0.000000 0.000000 0.000000 0.000000 0.000000 0.000000 0.000000 0.000000 0.000000 0.000000 0.000000 0.000000 0.000000 0.000000 0.000000 0.000000 0.000000 0.000000 0.000000 0.000000 0.000000 0.000000 0.000000 0.000000 0.000000 0.000000 0.000000 0.000000 0.000000 0.000000 0.000000 0.000000 0.000000 0.000000 0.000000 0.000000 0.000000 0.383566 0.000000 0.000000 0.000000 0.000000 0.508915 0.563292 0.609611 0.655808 0.688423 0.676858 0.653790 0.626681 0.602226
0.000000 0.000000 0.000000 0.000000 0.000000 0.000000 0.000000 0.000000 0.000000 0.000000 0.000000 0.000000 0.000000 0.000000 0.000000 0.000000 0.000000 0.000000 0.000000 0.000000 0.000000 0.000000 0.000000 0.000000 0.000000 0.000000 0.000000 0.000000 0.000000 0.000000 0.000000 0.000000 0.000000 0.000000 0.000000 0.000000 0.000000 0.000000 0.000000 0.000000 0.000000 0.000000 0.000000 0.000000 0.000000 0.000000 0.000000 0.000000 0.000000 0.000000 0.000000 0.000000 0.000000 0.000000 0.000000 0.000000 0.000000 0.000000 0.000000 0.000000 0.000000 0.000000 0.000000 0.000000 0.000000 0.000000 0.000000 0.000000 0.000000 0.000000 0.000000 0.000000 0.000000 0.000000 0.000000 0.000000 0.401428 0.504476 0.609553 1.050271 0.754827 0.776358 0.804053 0.840879 0.890231 0.929809 0.950714 0.958218 0.946731 0.912062 0.882291 0.869599 0.858008 0.850486 0.837690 0.751684 0.731210 0.627352 0.845577 0.713135 0.731625 0.725451 0.730732 0.737253 0.730500 0.705748 0.673742 0.634355 0.728054 0.671697 0.671951 0.624424 0.576277 0.524991 0.430147 0.394677 0.000000 0.000000 0.000000 0.000000 0.000000 0.000000 0.000000 0.000000 0.000000 0.000000 0.000000 0.000000 0.000000 0.000000 0.000000 0.000000 0.000000 0.000000 0.000000 0.000000 0.000000 0.000000 0.000000 0.000000 0.000000 0.000000 0.000000 0.000000 0.000000 0.000000 0.000000 0.000000 0.000000 0.000000 0.000000 0.000000 0.000000 0.000000 0.000000 0.000000 0.000000 0.000000 0.000000 0.000000 0.000000 0.000000 0.000000 0.000000 0.000000 0.000000 0.000000 0.000000 0.000000 0.000000 0.000000 0.000000 0.000000 0.000000 0.000000 0.000000 0.000000 0.000000 0.000000 0.000000 0.000000 0.000000 0.000000 0.000000 0.000000 0.000000 0.000000 0.000000 0.000000 0.000000 0.400005 0.000000 0.000000 0.000000 0.000000 0.000000 0.000000 0.000000 0.000000 0.000000 0.000000 0.000000 0.449940 0.000000 0.000000 0.000000 0.000000 0.000000 0.000000 0.000000 0.000000 0.000000 0.000000 0.000000 0.000000 0.000000 0.000000 0.000000 0.000000 0.000000 0.000000 0.000000 0.000000 0.000000 0.000000 0.000000 0.000000 0.000000 0.000000 0.000000 0.000000 0.000000 0.000000 0.000000 0.000000 0.000000 0.000000 0.000000 0.000000 0.000000 0.000000 0.000000 0.000000 0.000000 0.000000 0.000000 0.000000 0.000000 0.000000 0.000000 0.000000 0.000000 0.000000 0.000000 0.000000 0.000000 0.000000 0.000000 0.000000 0.000000 0.000000 0.000000 0.000000 0.000000 0.000000 0.000000 0.000000 0.000000 0.526741 0.000000 0.000000 0.891931 0.000000 0.482955 0.557372 0.562784 0.571195 0.559532 0.536394 0.507538
0.000000 0.000000 0.000000 0.000000 0.000000 0.000000 0.000000 0.000000 0.000000 0.000000 0.000000 0.000000 0.000000 0.000000 0.000000 0.000000 0.000000 0.000000 0.000000 0.000000 0.000000 0.000000 0.000000 0.000000 0.000000 0.000000 0.000000 0.000000 0.000000 0.000000 0.000000 0.000000 0.000000 0.000000 0.000000 0.000000 0.000000 0.000000 0.000000 0.000000 0.000000 0.000000 0.000000 0.000000 0.000000 0.000000 0.000000 0.000000 0.000000 0.000000 0.000000 0.000000 0.000000 0.000000 0.000000 0.000000 0.000000 0.000000 0.000000 0.000000 0.000000 0.000000 0.000000 0.000000 0.000000 0.000000 0.000000 0.000000 0.000000 0.000000 0.000000 0.000000 0.000000 0.000000 0.000000 0.389865 0.429543 0.502224 0.585525 0.650038 0.702974 0.749352 0.779797 0.851047 0.914411 0.961535 0.985510 0.991350 0.982002 0.960316 0.941558 0.919541 0.892866 0.875610 0.873246 0.858133 0.828263 0.823995 0.753655 0.608620 0.608773 0.775104 0.641138 0.663234 0.684188 0.697490 0.703148 0.692465 0.822494 0.791427 0.752203 0.706398 0.653072 0.596862 0.571410 0.516799 0.381893 0.000000 0.000000 0.000000 0.000000 0.000000 0.000000 0.000000 0.000000 0.000000 0.000000 0.000000 0.000000 0.000000 0.000000 0.000000 0.000000 0.000000 0.000000 0.000000 0.000000 0.000000 0.000000 0.000000 0.000000 0.000000 0.000000 0.000000 0.000000 0.000000 0.000000 0.000000 0.000000 0.000000 0.000000 0.000000 0.000000 0.000000 0.000000 0.000000 0.000000 0.000000 0.000000 0.000000 0.000000 0.000000 0.000000 0.000000 0.000000 0.000000 0.000000 0.000000 0.000000 0.000000 0.000000 0.000000 0.000000 0.000000 0.000000 0.000000 0.000000 0.000000 0.000000 0.000000 0.000000 0.000000 0.000000 0.000000 0.000000 0.000000 0.000000 0.000000 0.000000 0.000000 0.000000 0.000000 0.000000 0.000000 0.000000 0.000000 0.000000 0.000000 0.000000 0.000000 0.000000 0.000000 0.000000 0.000000 0.000000 0.000000 0.000000 0.000000 0.000000 0.000000 0.000000 0.000000 0.000000 0.000000 0.000000 0.000000 0.000000 0.000000 0.000000 0.000000 0.000000 0.000000 0.000000 0.000000 0.000000 0.000000 0.000000 0.000000 0.000000 0.000000 0.000000 0.000000 0.000000 0.000000 0.000000 0.000000 0.000000 0.000000 0.000000 0.000000 0.000000 0.000000 0.000000 0.000000 0.000000 0.000000 0.000000 0.000000 0.000000 0.000000 0.000000 0.000000 0.000000 0.000000 0.000000 0.000000 0.000000 0.000000 0.000000 0.000000 0.000000 0.000000 0.000000 0.000000 0.000000 0.000000 0.000000 0.000000 0.000000 0.000000 0.000000 0.000000 0.645422 0.669272 0.428047 0.468846 0.479664 0.474046 0.456458 0.000000
0.000000 0.000000 0.000000 0.000000 0.000000 0.000000 0.000000 0.000000 0.000000 0.000000 0.000000 0.000000 0.000000 0.000000 0.000000 0.000000 0.000000 0.000000 0.000000 0.000000 0.000000 0.000000 0.000000 0.000000 0.000000 0.000000 0.000000 0.000000 0.000000 0.000000 0.000000 0.000000 0.000000 0.000000 0.000000 0.000000 0.000000 0.000000 0.000000 0.000000 0.000000 0.000000 0.000000 0.000000 0.000000 0.000000 0.000000 0.000000 0.000000 0.000000 0.000000 0.000000 0.000000 0.000000 0.000000 0.000000 0.000000 0.000000 0.000000 0.000000 0.000000 0.000000 0.000000 0.000000 0.000000 0.000000 0.000000 0.000000 0.000000 0.000000 0.000000 0.000000 0.000000 0.000000 0.000000 0.000000 0.000000 0.396429 0.431701 0.442940 0.440498 0.440381 0.448181 0.639075 0.737690 0.798190 0.836679 0.893030 0.923378 0.912581 0.909557 0.906760 0.893855 0.882713 0.872450 0.856554 0.853273 0.870740 0.879824 0.883283 0.799127 0.798486 0.634462 0.623530 0.642720 0.677133 0.706568 0.712482 0.856866 0.830204 0.797091 0.755053 0.705517 0.654969 0.603154 0.544003 0.514162 0.394433 0.000000 0.000000 0.000000 0.000000 0.000000 0.000000 0.000000 0.000000 0.000000 0.000000 0.000000 0.000000 0.000000 0.000000 0.000000 0.000000 0.000000 0.000000 0.000000 0.000000 0.000000 0.000000 0.000000 0.000000 0.000000 0.000000 0.000000 0.000000 0.000000 0.000000 0.000000 0.000000 0.000000 0.000000 0.000000 0.000000 0.000000 0.000000 0.000000 0.000000 0.000000 0.000000 0.000000 0.000000 0.000000 0.000000 0.000000 0.000000 0.000000 0.000000 0.000000 0.000000 0.000000 0.000000 0.000000 0.000000 0.000000 0.000000 0.000000 0.000000 0.000000 0.000000 0.000000 0.000000 0.000000 0.000000 0.000000 0.000000 0.000000 0.000000 0.000000 0.000000 0.000000 0.000000 0.000000 0.000000 0.000000 0.000000 0.000000 0.000000 0.000000 0.000000 0.000000 0.000000 0.000000 0.000000 0.000000 0.000000 0.000000 0.000000 0.000000 0.000000 0.000000 0.000000 0.000000 0.000000 0.000000 0.000000 0.000000 0.000000 0.000000 0.000000 0.000000 0.000000 0.000000 0.000000 0.000000 0.000000 0.000000 0.000000 0.000000 0.000000 0.000000 0.000000 0.000000 0.000000 0.000000 0.000000 0.000000 0.000000 0.000000 0.000000 0.000000 0.000000 0.000000 0.000000 0.000000 0.000000 0.000000 0.000000 0.000000 0.000000 0.000000 0.000000 0.000000 0.000000 0.000000 0.000000 0.000000 0.000000 0.000000 0.000000 0.000000 0.000000 0.000000 0.000000 0.000000 0.000000 0.000000 0.000000 0.000000 0.000000 0.000000 0.000000 0.000000 0.000000 0.000000 0.000000 0.000000 0.000000 0.000000 0.000000
0.000000 0.000000 0.000000 0.000000 0.000000 0.000000 0.000000 0.000000 0.000000 0.000000 0.000000 0.000000 0.000000 0.000000 0.000000 0.000000 0.000000 0.000000 0.000000 0.000000 0.000000 0.000000 0.000000 0.000000 0.000000 0.000000 0.000000 0.000000 0.000000 0.000000 0.000000 0.000000 0.000000 0.000000 0.000000 0.000000 0.000000 0.000000 0.000000 0.000000 0.000000 0.000000 0.000000 0.000000 0.000000 0.000000 0.000000 0.000000 0.000000 0.000000 0.000000 0.000000 0.000000 0.000000 0.000000 0.000000 0.000000 0.000000 0.000000 0.000000 0.000000 0.000000 0.000000 0.000000 0.000000 0.000000 0.000000 0.000000 0.000000 0.000000 0.000000 0.000000 0.000000 0.000000 0.000000 0.000000 0.000000 0.000000 0.000000 0.394566 0.426161 0.455238 0.473802 0.582467 0.662436 0.746518 0.808678 0.841307 0.860950 0.867194 0.865733 0.848037 0.835574 0.820171 0.815144 0.805319 0.794981 0.785986 0.774061 0.769810 0.780607 0.775118 0.694107 0.670563 0.664281 0.545548 0.572090 0.582518 0.718079 0.771643 0.722896 0.708328 0.679275 0.638611 0.591761 0.551831 0.401007 0.000000 0.000000 0.000000 0.000000 0.000000 0.000000 0.000000 0.000000 0.000000 0.000000 0.000000 0.000000 0.000000 0.000000 0.000000 0.000000 0.000000 0.000000 0.000000 0.000000 0.000000 0.000000 0.000000 0.000000 0.000000 0.000000 0.000000 0.000000 0.000000 0.000000 0.000000 0.000000 0.000000 0.000000 0.000000 0.000000 0.000000 0.000000 0.000000 0.000000 0.000000 0.000000 0.000000 0.000000 0.000000 0.000000 0.000000 0.000000 0.000000 0.000000 0.000000 0.000000 0.000000 0.000000 0.000000 0.000000 0.000000 0.000000 0.000000 0.000000 0.000000 0.000000 0.000000 0.000000 0.000000 0.000000 0.000000 0.000000 0.000000 0.000000 0.000000 0.000000 0.000000 0.000000 0.000000 0.000000 0.000000 0.000000 0.000000 0.000000 0.000000 0.000000 0.000000 0.000000 0.000000 0.000000 0.000000 0.000000 0.000000 0.000000 0.000000 0.000000 0.000000 0.000000 0.000000 0.000000 0.000000 0.000000 0.000000 0.000000 0.000000 0.000000 0.000000 0.000000 0.000000 0.000000 0.000000 0.000000 0.000000 0.000000 0.000000 0.000000 0.000000 0.000000 0.000000 0.000000 0.000000 0.000000 0.000000 0.000000 0.000000 0.000000 0.000000 0.000000 0.000000 0.000000 0.000000 0.000000 0.000000 0.000000 0.000000 0.000000 0.000000 0.000000 0.000000 0.000000 0.000000 0.000000 0.000000 0.000000 0.000000 0.000000 0.000000 0.000000 0.000000 0.000000 0.000000 0.000000 0.000000 0.000000 0.000000 0.000000 0.000000 0.000000 0.000000 0.000000 0.000000 0.000000 0.000000 0.427973 0.000000 0.000000 0.000000
0.000000 0.000000 0.000000 0.000000 0.000000 0.000000 0.000000 0.000000 0.000000 0.000000 0.000000 0.000000 0.000000 0.000000 0.000000 0.000000 0.000000 0.000000 0.000000 0.000000 0.000000 0.000000 0.000000 0.000000 0.000000 0.000000 0.000000 0.000000 0.000000 0.000000 0.000000 0.000000 0.000000 0.000000 0.000000 0.000000 0.000000 0.000000 0.000000 0.000000 0.000000 0.000000 0.000000 0.000000 0.000000 0.000000 0.000000 0.000000 0.000000 0.000000 0.000000 0.000000 0.000000 0.000000 0.000000 0.000000 0.000000 0.000000 0.000000 0.000000 0.000000 0.000000 0.000000 0.000000 0.000000 0.000000 0.000000 0.000000 0.000000 0.000000 0.000000 0.000000 0.000000 0.000000 0.000000 0.000000 0.000000 0.000000 0.000000 0.000000 0.000000 0.000000 0.000000 0.461462 0.559297 0.640838 0.709077 0.745061 0.766921 0.783631 0.789249 0.781743 0.768760 0.753279 0.738805 0.721036 0.707142 0.705094 0.697848 0.688728 0.668695 0.639163 0.601523 0.551260 0.522195 0.495367 0.549293 0.566126 0.597301 0.637935 0.667311 0.686440 0.696530 0.670120 0.635790 0.618158 0.586526 0.583982 0.562073 0.515451 0.460182 0.398637 0.000000 0.000000 0.000000 0.000000 0.000000 0.000000 0.000000 0.000000 0.000000 0.000000 0.000000 0.000000 0.000000 0.000000 0.000000 0.000000 0.000000 0.000000 0.000000 0.000000 0.000000 0.000000 0.000000 0.000000 0.000000 0.000000 0.000000 0.000000 0.000000 0.000000 0.000000 0.000000 0.000000 0.000000 0.000000 0.000000 0.000000 0.000000 0.000000 0.000000 0.000000 0.000000 0.000000 0.000000 0.000000 0.000000 0.000000 0.000000 0.000000 0.000000 0.000000 0.000000 0.000000 0.000000 0.000000 0.000000 0.000000 0.000000 0.000000 0.000000 0.000000 0.000000 0.000000 0.000000 0.000000 0.000000 0.000000 0.000000 0.000000 0.000000 0.000000 0.000000 0.000000 0.000000 0.000000 0.000000 0.000000 0.000000 0.000000 0.000000 0.000000 0.000000 0.000000 0.000000 0.000000 0.000000 0.000000 0.000000 0.000000 0.000000 0.000000 0.000000 0.000000 0.000000 0.000000 0.000000 0.000000 0.000000 0.000000 0.000000 0.000000 0.000000 0.000000 0.000000 0.000000 0.000000 0.000000 0.000000 0.000000 0.000000 0.000000 0.000000 0.000000 0.000000 0.000000 0.000000 0.000000 0.000000 0.000000 0.000000 0.000000 0.000000 0.000000 0.000000 0.000000 0.000000 0.000000 0.000000 0.000000 0.000000 0.000000 0.000000 0.000000 0.000000 0.000000 0.000000 0.000000 0.000000 0.000000 0.000000 0.000000 0.000000 0.000000 0.000000 0.000000 0.000000 0.000000 0.000000 0.000000 0.000000 0.000000 0.000000 0.000000 0.000000 0.000000 0.440393 0.458659 0.477667
0.000000 0.000000 0.000000 0.000000 0.000000 0.000000 0.000000 0.000000 0.000000 0.000000 0.000000 0.000000 0.000000 0.000000 0.000000 0.000000 0.000000 0.000000 0.000000 0.000000 0.000000 0.000000 0.000000 0.000000 0.000000 0.000000 0.000000 0.000000 0.000000 0.000000 0.000000 0.000000 0.000000 0.000000 0.000000 0.000000 0.000000 0.000000 0.000000 0.000000 0.000000 0.000000 0.000000 0.000000 0.000000 0.000000 0.000000 0.000000 0.000000 0.000000 0.000000 0.000000 0.000000 0.000000 0.000000 0.000000 0.000000 0.000000 0.000000 0.000000 0.000000 0.000000 0.000000 0.000000 0.000000 0.000000 0.000000 0.000000 0.000000 0.000000 0.000000 0.000000 0.000000 0.000000 0.000000 0.000000 0.000000 0.000000 0.000000 0.000000 0.000000 0.000000 0.000000 0.407167 0.482679 0.538088 0.564936 0.566984 0.572091 0.587313 0.602643 0.610130 0.611252 0.605856 0.591030 0.612463 0.600681 0.584894 0.571455 0.560582 0.546411 0.490152 0.489867 0.484313 0.472877 0.458168 0.428482 0.390560 0.000000 0.371590 0.454058 0.531460 0.586386 0.558933 0.571465 0.610383 0.650395 0.681931 0.681604 0.650312 0.607793 0.559479 0.509152 0.454144 0.392331 0.000000 0.000000 0.000000 0.000000 0.000000 0.000000 0.000000 0.000000 0.000000 0.000000 0.000000 0.000000 0.000000 0.000000 0.000000 0.000000 0.000000 0.000000 0.000000 0.000000 0.000000 0.000000 0.000000 0.000000 0.000000 0.000000 0.000000 0.000000 0.000000 0.000000 0.000000 0.000000 0.000000 0.000000 0.000000 0.000000 0.000000 0.000000 0.000000 0.000000 0.000000 0.000000 0.000000 0.000000 0.000000 0.000000 0.000000 0.000000 0.000000 0.000000 0.000000 0.000000 0.000000 0.000000 0.000000 0.000000 0.000000 0.000000 0.000000 0.000000 0.000000 0.000000 0.000000 0.000000 0.000000 0.000000 0.000000 0.000000 0.000000 0.000000 0.000000 0.000000 0.000000 0.000000 0.000000 0.000000 0.000000 0.000000 0.000000 0.000000 0.000000 0.000000 0.000000 0.000000 0.000000 0.000000 0.000000 0.000000 0.000000 0.000000 0.000000 0.000000 0.000000 0.000000 0.000000 0.000000 0.000000 0.000000 0.000000 0.000000 0.000000 0.000000 0.000000 0.000000 0.000000 0.000000 0.000000 0.000000 0.000000 0.000000 0.000000 0.000000 0.000000 0.000000 0.000000 0.000000 0.000000 0.000000 0.000000 0.000000 0.000000 0.000000 0.000000 0.000000 0.000000 0.000000 0.000000 0.000000 0.000000 0.000000 0.000000 0.000000 0.000000 0.000000 0.000000 0.000000 0.000000 0.000000 0.000000 0.000000 0.000000 0.000000 0.000000 0.000000 0.000000 0.000000 0.000000 0.000000 0.000000 0.000000 0.000000 0.530553 0.583741 0.591548 0.592625
0.000000 0.000000 0.000000 0.000000 0.000000 0.000000 0.000000 0.000000 0.000000 0.000000 0.000000 0.000000 0.000000 0.000000 0.000000 0.000000 0.000000 0.000000 0.000000 0.000000 0.000000 0.000000 0.000000 0.000000 0.000000 0.000000 0.000000 0.000000 0.000000 0.000000 0.000000 0.000000 0.000000 0.000000 0.000000 0.000000 0.000000 0.000000 0.000000 0.000000 0.000000 0.000000 0.000000 0.000000 0.000000 0.000000 0.000000 0.000000 0.000000 0.000000 0.000000 0.000000 0.000000 0.000000 0.000000 0.000000 0.000000 0.000000 0.000000 0.000000 0.000000 0.000000 0.000000 0.000000 0.000000 0.000000 0.000000 0.000000 0.000000 0.000000 0.000000 0.000000 0.000000 0.000000 0.000000 0.000000 0.000000 0.000000 0.000000 0.000000 0.000000 0.000000 0.000000 0.000000 0.000000 0.000000 0.000000 0.326088 0.429435 0.467958 0.489088 0.500609 0.504982 0.504524 0.501560 0.496497 0.485899 0.467363 0.448079 0.420161 0.388595 0.000000 0.000000 0.000000 0.000000 0.000000 0.000000 0.000000 0.000000 0.000000 0.389898 0.438868 0.462190 0.613355 0.655656 0.580613 0.569236 0.601962 0.649635 0.673739 0.681075 0.672393 0.654928 0.620184 0.575617 0.461067 0.395415 0.000000 0.000000 0.000000 0.000000 0.000000 0.000000 0.000000 0.000000 0.000000 0.000000 0.000000 0.000000 0.000000 0.000000 0.000000 0.000000 0.000000 0.000000 0.000000 0.000000 0.000000 0.000000 0.000000 0.000000 0.000000 0.000000 0.000000 0.000000 0.000000 0.000000 0.000000 0.000000 0.000000 0.000000 0.000000 0.000000 0.000000 0.000000 0.000000 0.000000 0.000000 0.000000 0.000000 0.000000 0.000000 0.000000 0.000000 0.000000 0.000000 0.000000 0.000000 0.000000 0.000000 0.000000 0.000000 0.000000 0.000000 0.000000 0.000000 0.000000 0.000000 0.000000 0.000000 0.000000 0.000000 0.000000 0.000000 0.000000 0.000000 0.000000 0.000000 0.000000 0.000000 0.000000 0.000000 0.000000 0.000000 0.000000 0.000000 0.000000 0.000000 0.000000 0.000000 0.000000 0.000000 0.000000 0.000000 0.000000 0.000000 0.000000 0.000000 0.000000 0.000000 0.000000 0.000000 0.000000 0.000000 0.000000 0.000000 0.000000 0.000000 0.000000 0.000000 0.000000 0.000000 0.000000 0.000000 0.000000 0.000000 0.000000 0.000000 0.000000 0.000000 0.000000 0.000000 0.000000 0.000000 0.000000 0.000000 0.000000 0.000000 0.000000 0.000000 0.000000 0.000000 0.000000 0.000000 0.000000 0.000000 0.000000 0.000000 0.000000 0.000000 0.000000 0.000000 0.000000 0.000000 0.000000 0.000000 0.000000 0.493440 0.534735 0.560161 0.573325 0.575393 0.568983 0.614456 0.652784 0.679486 0.678626 0.630321 0.629170 0.618635
0.000000 0.000000 0.000000 0.000000 0.000000 0.000000 0.000000 0.000000 0.000000 0.000000 0.000000 0.000000 0.000000 0.000000 0.000000 0.000000 0.000000 0.000000 0.000000 0.000000 0.000000 0.000000 0.000000 0.000000 0.000000 0.000000 0.000000 0.000000 0.000000 0.000000 0.000000 0.000000 0.000000 0.000000 0.000000 0.000000 0.000000 0.000000 0.000000 0.000000 0.000000 0.000000 0.000000 0.000000 0.000000 0.000000 0.000000 0.000000 0.000000 0.000000 0.000000 0.000000 0.000000 0.000000 0.000000 0.000000 0.000000 0.000000 0.000000 0.000000 0.000000 0.000000 0.000000 0.000000 0.000000 0.000000 0.000000 0.000000 0.000000 0.000000 0.000000 0.000000 0.000000 0.000000 0.000000 0.000000 0.000000 0.000000 0.000000 0.000000 0.000000 0.000000 0.000000 0.000000 0.000000 0.000000 0.000000 0.000000 0.000000 0.000000 0.000000 0.000000 0.000000 0.000000 0.000000 0.000000 0.402926 0.419501 0.419933 0.408032 0.382333 0.397485 0.457294 0.503463 0.535673 0.571408 0.623149 0.669203 0.694332 0.702133 0.709818 0.729136 0.752130 0.768066 0.780165 0.784851 0.789830 0.797060 0.824597 0.853341 0.876258 0.898851 0.914843 0.914482 0.901053 0.884102 0.872499 0.861912 0.839946 0.833488 0.829185 0.763076 0.664713 0.567577 0.508216 0.496372 0.508122 0.505025 0.490982 0.470375 0.457599 0.441706 0.418182 0.000000 0.000000 0.000000 0.000000 0.000000 0.000000 0.000000 0.000000 0.000000 0.000000 0.000000 0.000000 0.000000 0.000000 0.000000 0.000000 0.000000 0.000000 0.000000 0.000000 0.000000 0.000000 0.000000 0.000000 0.000000 0.000000 0.000000 0.000000 0.000000 0.000000 0.000000 0.000000 0.000000 0.000000 0.000000 0.000000 0.000000 0.000000 0.000000 0.000000 0.000000 0.000000 0.000000 0.000000 0.000000 0.000000 0.000000 0.000000 0.000000 0.000000 0.000000 0.000000 0.000000 0.000000 0.000000 0.000000 0.000000 0.000000 0.000000 0.000000 0.000000 0.000000 0.000000 0.000000 0.000000 0.000000 0.000000 0.000000 0.000000 0.000000 0.000000 0.000000 0.000000 0.000000 0.000000 0.000000 0.000000 0.000000 0.000000 0.000000 0.000000 0.000000 0.000000 0.000000 0.000000 0.000000 0.000000 0.000000 0.000000 0.000000 0.000000 0.000000 0.000000 0.000000 0.000000 0.000000 0.000000 0.000000 0.000000 0.000000 0.000000 0.000000 0.000000 0.000000 0.000000 0.000000 0.000000 0.000000 0.000000 0.000000 0.000000 0.000000 0.000000 0.000000 0.000000 0.000000 0.000000 0.000000 0.000000 0.000000 0.000000 0.000000 0.000000 0.549469 0.757240 0.795175 0.878103 0.939226 0.984321 1.007491 1.012546 0.999023 0.965444 0.867758 0.743437 0.647400 0.628186
0.000000 0.000000 0.000000 0.000000 0.000000 0.000000 0.000000 0.000000 0.000000 0.000000 0.000000 0.000000 0.000000 0.000000 0.000000 0.000000 0.000000 0.000000 0.000000 0.000000 0.000000 0.000000 0.000000 0.000000 0.000000 0.000000 0.000000 0.000000 0.000000 0.000000 0.000000 0.000000 0.000000 0.000000 0.000000 0.000000 0.000000 0.000000 0.000000 0.000000 0.000000 0.000000 0.000000 0.000000 0.000000 0.000000 0.000000 0.000000 0.000000 0.000000 0.000000 0.000000 0.000000 0.000000 0.000000 0.000000 0.000000 0.000000 0.000000 0.000000 0.000000 0.000000 0.000000 0.000000 0.000000 0.000000 0.000000 0.000000 0.000000 0.000000 0.000000 0.381349 0.403714 0.415893 0.420498 0.420346 0.423089 0.424465 0.391524 0.000000 0.000000 0.000000 0.423743 0.452227 0.475342 0.492307 0.497338 0.494375 0.547767 0.579026 0.598864 0.599756 0.587708 0.578437 0.577818 0.538008 0.555089 0.575329 0.615813 0.653111 0.681476 0.700922 0.737604 0.761604 0.772314 0.792996 0.832577 0.867533 0.901246 0.909248 0.910973 0.918080 0.929275 0.938255 0.942182 0.939717 0.927559 0.920375 0.938038 0.997096 1.027361 1.058271 1.075718 1.103735 1.123174 1.141695 1.152677 1.139859 1.112873 1.139138 1.146680 1.089393 0.930134 0.786107 0.701498 0.695060 0.705246 0.700953 0.686791 0.659886 0.639013 0.627461 0.612454 0.589167 0.561882 0.528507 0.492952 0.453981 0.000000 0.000000 0.000000 0.000000 0.000000 0.000000 0.000000 0.000000 0.000000 0.000000 0.000000 0.000000 0.000000 0.000000 0.000000 0.000000 0.000000 0.000000 0.000000 0.000000 0.000000 0.000000 0.000000 0.000000 0.000000 0.000000 0.000000 0.000000 0.000000 0.000000 0.000000 0.000000 0.000000 0.000000 0.000000 0.000000 0.000000 0.000000 0.000000 0.000000 0.000000 0.000000 0.000000 0.000000 0.000000 0.000000 0.000000 0.000000 0.000000 0.000000 0.000000 0.000000 0.000000 0.000000 0.000000 0.000000 0.000000 0.000000 0.000000 0.000000 0.000000 0.000000 0.000000 0.000000 0.000000 0.000000 0.000000 0.000000 0.000000 0.000000 0.000000 0.000000 0.000000 0.000000 0.000000 0.000000 0.000000 0.000000 0.000000 0.000000 0.000000 0.000000 0.000000 0.000000 0.000000 0.000000 0.000000 0.000000 0.000000 0.000000 0.000000 0.000000 0.000000 0.000000 0.000000 0.000000 0.000000 0.000000 0.000000 0.000000 0.000000 0.000000 0.000000 0.000000 0.000000 0.000000 0.000000 0.000000 0.000000 0.000000 0.000000 0.000000 0.000000 0.000000 0.000000 0.000000 0.000000 0.000000 0.551392 0.693266 0.809928 0.897214 0.950854 1.001567 1.027231 1.031894 1.008760 0.958503 0.868891 0.757858 0.662208 0.626632
0.000000 0.000000 0.000000 0.000000 0.000000 0.000000 0.000000 0.000000 0.000000 0.000000 0.000000 0.000000 0.000000 0.000000 0.000000 0.000000 0.000000 0.000000 0.000000 0.000000 0.000000 0.000000 0.000000 0.000000 0.000000 0.000000 0.000000 0.000000 0.000000 0.000000 0.000000 0.000000 0.000000 0.000000 0.000000 0.000000 0.000000 0.000000 0.000000 0.000000 0.000000 0.000000 0.000000 0.000000 0.000000 0.000000 0.000000 0.000000 0.000000 0.000000 0.000000 0.000000 0.000000 0.000000 0.000000 0.000000 0.000000 0.000000 0.000000 0.000000 0.000000 0.000000 0.000000 0.000000 0.398164 0.437149 0.448306 0.450301 0.472151 0.517345 0.558486 0.577419 0.590959 0.602349 0.620355 0.644378 0.670420 0.665738 0.618626 0.563110 0.553409 0.556605 0.649360 0.688597 0.709842 0.725553 0.742201 0.768113 0.789869 0.816955 0.846321 0.849148 0.838013 0.838400 0.840032 0.835776 0.825202 0.828679 0.841577 0.856623 0.880600 0.898920 0.916894 0.929945 0.934041 0.936384 0.952576 0.987810 1.123549 1.016831 1.018608 1.019021 1.020866 1.022550 1.015854 0.996844 0.968182 0.944188 0.947315 1.009201 1.044988 1.103256 1.153124 1.209434 1.250130 1.287905 1.271681 1.237845 1.217243 1.291705 1.322566 1.253036 1.072976 0.922691 0.848006 0.833250 0.829212 0.819046 0.795638 0.759979 0.744565 0.731487 0.711437 0.691841 0.671887 0.643668 0.616592 0.585924 0.556520 0.519204 0.481206 0.436771 0.000000 0.000000 0.000000 0.000000 0.000000 0.000000 0.000000 0.000000 0.000000 0.000000 0.000000 0.000000 0.000000 0.000000 0.000000 0.000000 0.000000 0.000000 0.000000 0.000000 0.000000 0.000000 0.000000 0.000000 0.000000 0.000000 0.000000 0.000000 0.000000 0.000000 0.000000 0.000000 0.000000 0.000000 0.000000 0.000000 0.000000 0.000000 0.000000 0.000000 0.000000 0.000000 0.000000 0.000000 0.000000 0.000000 0.000000 0.000000 0.000000 0.000000 0.000000 0.000000 0.000000 0.000000 0.000000 0.000000 0.000000 0.000000 0.000000 0.000000 0.000000 0.000000 0.000000 0.000000 0.000000 0.000000 0.000000 0.000000 0.000000 0.000000 0.000000 0.000000 0.000000 0.000000 0.000000 0.000000 0.000000 0.000000 0.000000 0.000000 0.000000 0.000000 0.000000 0.000000 0.000000 0.000000 0.000000 0.000000 0.000000 0.000000 0.000000 0.000000 0.000000 0.000000 0.000000 0.000000 0.000000 0.000000 0.000000 0.000000 0.000000 0.000000 0.000000 0.000000 0.000000 0.000000 0.000000 0.000000 0.000000 0.000000 0.000000 0.000000 0.000000 0.000000 0.455329 0.608504 0.734427 0.824585 0.881319 0.924708 0.948391 0.965006 0.942441 0.908176 0.826044 0.735881 0.662067 0.613483
0.000000 0.000000 0.000000 0.000000 0.000000 0.000000 0.000000 0.000000 0.000000 0.000000 0.000000 0.000000 0.000000 0.000000 0.000000 0.000000 0.000000 0.000000 0.000000 0.000000 0.000000 0.000000 0.000000 0.000000 0.000000 0.000000 0.000000 0.000000 0.000000 0.000000 0.000000 0.000000 0.000000 0.000000 0.000000 0.000000 0.000000 0.000000 0.000000 0.000000 0.000000 0.000000 0.000000 0.000000 0.000000 0.000000 0.000000 0.000000 0.000000 0.000000 0.000000 0.000000 0.000000 0.000000 0.000000 0.000000 0.000000 0.000000 0.000000 0.000000 0.000000 0.000000 0.000000 0.436869 0.495773 0.539827 0.565895 0.573252 0.589988 0.619840 0.643554 0.663043 0.673987 0.687738 0.712462 0.743881 0.760047 0.758982 0.752198 0.762029 0.790237 0.833571 0.878264 0.912200 0.939481 0.958201 0.979078 1.006373 1.020636 1.026890 1.033581 1.031361 1.025864 1.021309 1.029961 0.993912 0.962141 0.952167 0.960008 0.973057 0.988516 1.003264 1.018988 1.313738 1.031814 1.028679 1.027579 1.029914 1.036692 1.040321 1.036907 1.021855 0.994917 0.965305 0.940722 0.927773 0.918051 0.906328 0.882531 0.836380 0.775471 0.798291 0.931704 1.053741 1.147524 1.222849 1.237885 1.190767 1.152769 1.231036 1.281456 1.216970 1.097922 0.996582 0.924074 0.879222 0.850889 0.834700 0.808935 0.773409 0.763096 0.750359 0.730315 0.705055 0.687876 0.668863 0.644868 0.625451 0.610111 0.588348 0.561775 0.530049 0.495425 0.454219 0.000000 0.000000 0.000000 0.000000 0.000000 0.000000 0.000000 0.000000 0.000000 0.000000 0.000000 0.000000 0.000000 0.000000 0.000000 0.000000 0.000000 0.000000 0.000000 0.000000 0.000000 0.000000 0.000000 0.000000 0.000000 0.000000 0.000000 0.000000 0.000000 0.000000 0.000000 0.000000 0.000000 0.000000 0.000000 0.000000 0.000000 0.000000 0.000000 0.000000 0.000000 0.000000 0.000000 0.000000 0.000000 0.000000 0.000000 0.000000 0.000000 0.000000 0.000000 0.000000 0.000000 0.000000 0.000000 0.000000 0.000000 0.000000 0.000000 0.000000 0.000000 0.000000 0.000000 0.000000 0.000000 0.000000 0.000000 0.000000 0.000000 0.000000 0.000000 0.000000 0.000000 0.000000 0.000000 0.000000 0.000000 0.000000 0.000000 0.000000 0.000000 0.000000 0.000000 0.000000 0.000000 0.000000 0.000000 0.000000 0.000000 0.000000 0.000000 0.000000 0.000000 0.000000 0.000000 0.000000 0.000000 0.000000 0.000000 0.000000 0.000000 0.000000 0.000000 0.000000 0.000000 0.000000 0.000000 0.000000 0.000000 0.000000 0.000000 0.000000 0.000000 0.421047 0.558909 0.661920 0.728916 0.773834 0.823542 0.851297 0.851853 0.831924 0.753893 0.678227 0.617614 0.547581
0.000000 0.000000 0.000000 0.000000 0.000000 0.000000 0.000000 0.000000 0.000000 0.000000 0.000000 0.000000 0.000000 0.000000 0.000000 0.000000 0.000000 0.000000 0.000000 0.000000 0.000000 0.000000 0.000000 0.000000 0.000000 0.000000 0.000000 0.000000 0.000000 0.000000 0.000000 0.000000 0.000000 0.000000 0.000000 0.000000 0.000000 0.000000 0.000000 0.000000 0.000000 0.000000 0.000000 0.000000 0.000000 0.000000 0.000000 0.000000 0.000000 0.000000 0.000000 0.000000 0.000000 0.000000 0.000000 0.000000 0.000000 0.000000 0.000000 0.000000 0.000000 0.000000 0.410274 0.460348 0.505668 0.543890 0.571480 0.588002 0.595077 0.604341 0.609415 0.617131 0.634183 0.667347 0.721248 0.783515 0.843474 0.905879 0.953328 0.980390 0.996825 1.015434 1.045806 1.060307 1.086148 1.111746 1.138167 1.157732 1.177415 1.156805 1.130261 1.110450 1.096857 1.111560 1.079406 1.034784 1.010424 0.990370 0.983153 0.985097 0.993736 1.004529 1.018830 1.030649 1.034551 1.026777 1.008342 0.971316 0.925152 0.914093 0.908889 0.908034 1.037377 0.931872 0.887353 0.880913 0.892992 0.845092 0.826607 0.811695 0.790952 0.762767 0.726608 0.803128 0.880547 0.932927 0.976404 1.012890 1.012798 0.978002 0.925184 0.876988 0.796050 0.798992 0.812939 0.779526 0.744920 0.715627 0.690747 0.671957 0.656701 0.644537 0.630130 0.617265 0.601217 0.581731 0.569449 0.565856 0.566023 0.563334 0.556042 0.545198 0.529664 0.507326 0.475494 0.440363 0.000000 0.000000 0.000000 0.000000 0.000000 0.000000 0.000000 0.000000 0.000000 0.000000 0.000000 0.000000 0.000000 0.000000 0.000000 0.000000 0.000000 0.000000 0.000000 0.000000 0.000000 0.000000 0.000000 0.000000 0.000000 0.000000 0.000000 0.000000 0.000000 0.000000 0.000000 0.000000 0.000000 0.000000 0.000000 0.000000 0.000000 0.000000 0.000000 0.000000 0.000000 0.000000 0.000000 0.000000 0.000000 0.000000 0.000000 0.000000 0.000000 0.000000 0.000000 0.000000 0.000000 0.000000 0.000000 0.000000 0.000000 0.000000 0.000000 0.000000 0.000000 0.000000 0.000000 0.000000 0.000000 0.000000 0.000000 0.000000 0.000000 0.000000 0.000000 0.000000 0.000000 0.000000 0.000000 0.000000 0.000000 0.000000 0.000000 0.000000 0.000000 0.000000 0.000000 0.000000 0.000000 0.000000 0.000000 0.000000 0.000000 0.000000 0.000000 0.000000 0.000000 0.000000 0.000000 0.000000 0.000000 0.000000 0.000000 0.000000 0.000000 0.000000 0.438945 0.554092 0.622863 0.673925 0.703735 0.699011 0.645269 0.579824 0.528374 0.496464 0.462595 0.425105 0.496114 0.562504 0.659700 0.734433 0.759014 0.744163 0.665846 0.603420 0.555895 0.513825
0.000000 0.000000 0.000000 0.000000 0.000000 0.000000 0.000000 0.000000 0.000000 0.000000 0.000000 0.000000 0.000000 0.000000 0.000000 0.000000 0.000000 0.000000 0.000000 0.000000 0.000000 0.000000 0.000000 0.000000 0.000000 0.000000 0.000000 0.000000 0.000000 0.000000 0.000000 0.000000 0.000000 0.000000 0.000000 0.000000 0.000000 0.000000 0.000000 0.000000 0.000000 0.000000 0.000000 0.000000 0.000000 0.000000 0.000000 0.000000 0.000000 0.000000 0.000000 0.000000 0.000000 0.000000 0.000000 0.000000 0.000000 0.000000 0.000000 0.000000 0.000000 0.000000 0.000000 0.000000 0.000000 0.000000 0.000000 0.438501 0.505499 0.562676 0.618696 0.682525 0.757111 0.838832 0.915957 0.973805 1.005873 1.022929 1.423139 1.020646 0.998512 0.996064 1.009097 1.009704 0.998039 0.982197 0.971118 0.950318 0.928131 0.866356 0.908170 0.946542 0.970653 0.992420 0.985150 0.961594 0.928177 0.873542 0.829892 0.796233 0.771685 0.739224 0.781025 1.016185 0.984495 0.794913 0.817740 0.839525 0.851171 0.855130 0.853619 0.935403 0.832282 0.829624 0.830834 0.831338 0.826744 0.816674 0.794538 0.769064 0.754892 0.745391 0.731362 0.711689 0.695775 0.681427 0.650828 0.617836 0.602265 0.622647 0.638689 0.663148 0.687368 0.709827 0.718054 0.700875 0.693908 0.674319 0.634013 0.597076 0.562368 0.542467 0.525155 0.511813 0.497277 0.478258 0.468275 0.470019 0.472368 0.472614 0.473575 0.472013 0.467657 0.460610 0.449699 0.438191 0.425303 0.000000 0.000000 0.000000 0.000000 0.000000 0.000000 0.000000 0.000000 0.000000 0.000000 0.000000 0.000000 0.000000 0.000000 0.000000 0.000000 0.000000 0.000000 0.000000 0.000000 0.000000 0.000000 0.000000 0.000000 0.000000 0.000000 0.000000 0.000000 0.000000 0.000000 0.000000 0.000000 0.000000 0.000000 0.000000 0.000000 0.000000 0.000000 0.000000 0.000000 0.000000 0.000000 0.000000 0.000000 0.000000 0.000000 0.000000 0.000000 0.000000 0.000000 0.000000 0.000000 0.000000 0.000000 0.000000 0.000000 0.000000 0.000000 0.000000 0.000000 0.000000 0.000000 0.000000 0.000000 0.000000 0.000000 0.000000 0.000000 0.000000 0.000000 0.000000 0.000000 0.000000 0.000000 0.000000 0.000000 0.000000 0.000000 0.000000 0.000000 0.000000 0.000000 0.000000 0.000000 0.000000 0.000000 0.000000 0.000000 0.000000 0.000000 0.000000 0.000000 0.000000 0.000000 0.000000 0.000000 0.000000 0.000000 0.000000 0.000000 0.000000 0.461674 0.604916 0.702852 0.807709 0.866563 0.892214 0.861616 0.795625 0.690159 0.561082 0.460395 0.000000 0.000000 0.455740 0.617193 0.692470 0.737221 0.743256 0.729293 0.686006 0.612386 0.526975
0.000000 0.000000 0.000000 0.000000 0.000000 0.000000 0.000000 0.000000 0.000000 0.000000 0.000000 0.000000 0.000000 0.000000 0.000000 0.000000 0.000000 0.000000 0.000000 0.000000 0.000000 0.000000 0.000000 0.000000 0.000000 0.000000 0.000000 0.000000 0.000000 0.000000 0.000000 0.000000 0.000000 0.000000 0.000000 0.000000 0.000000 0.000000 0.000000 0.000000 0.000000 0.000000 0.000000 0.000000 0.000000 0.000000 0.000000 0.000000 0.000000 0.000000 0.000000 0.000000 0.000000 0.000000 0.000000 0.000000 0.000000 0.000000 0.000000 0.000000 0.000000 0.000000 0.000000 0.000000 0.000000 0.409220 0.493573 0.611162 0.687527 0.758142 0.820585 0.881581 0.941987 1.031090 1.085033 1.106162 1.097510 1.075719 1.044128 0.976313 0.912012 0.812130 0.689483 0.684659 0.680312 0.676026 0.681591 0.699643 0.712187 0.718146 0.716494 0.710293 0.712182 0.767189 0.790090 0.779721 0.759223 0.733443 0.749796 0.769791 0.785249 0.797886 0.802075 0.811834 0.821696 0.823431 0.813731 0.795468 0.776142 0.770022 0.763104 0.758070 0.752202 0.748547 0.751456 0.752204 0.746142 0.737991 0.728608 0.713611 0.698747 0.690609 0.677975 0.658873 0.634212 0.614103 0.580102 0.554231 0.533639 0.516485 0.503435 0.507847 0.545300 0.575864 0.598376 0.606271 0.610234 0.603850 0.579768 0.550733 0.515917 0.487764 0.459316 0.435513 0.412891 0.000000 0.000000 0.000000 0.000000 0.000000 0.000000 0.000000 0.000000 0.000000 0.000000 0.000000 0.000000 0.000000 0.000000 0.000000 0.000000 0.000000 0.000000 0.000000 0.000000 0.000000 0.000000 0.000000 0.000000 0.000000 0.000000 0.000000 0.000000 0.000000 0.000000 0.000000 0.000000 0.000000 0.000000 0.000000 0.000000 0.000000 0.000000 0.000000 0.000000 0.000000 0.000000 0.000000 0.000000 0.000000 0.000000 0.000000 0.000000 0.000000 0.000000 0.000000 0.000000 0.000000 0.000000 0.000000 0.000000 0.000000 0.000000 0.000000 0.000000 0.000000 0.000000 0.000000 0.000000 0.000000 0.000000 0.000000 0.000000 0.000000 0.000000 0.000000 0.000000 0.000000 0.000000 0.000000 0.000000 0.000000 0.000000 0.000000 0.000000 0.000000 0.000000 0.000000 0.000000 0.000000 0.000000 0.000000 0.000000 0.000000 0.000000 0.000000 0.000000 0.000000 0.000000 0.000000 0.000000 0.000000 0.000000 0.000000 0.000000 0.000000 0.000000 0.000000 0.000000 0.000000 0.000000 0.000000 0.446094 0.534673 0.573650 0.586146 0.589827 0.583827 0.564730 0.546045 0.664590 0.767533 0.834195 0.854654 0.851182 0.845856 0.865812 0.930275 0.960231 0.938444 0.907681 0.910576 0.951111 0.988715 1.034910 1.088913 1.035232 0.912714 0.756616 0.527055
0.000000 0.000000 0.000000 0.000000 0.000000 0.000000 0.000000 0.000000 0.000000 0.000000 0.000000 0.000000 0.000000 0.000000 0.000000 0.000000 0.000000 0.000000 0.000000 0.000000 0.000000 0.000000 0.000000 0.000000 0.000000 0.000000 0.000000 0.000000 0.000000 0.000000 0.000000 0.000000 0.000000 0.000000 0.000000 0.000000 0.000000 0.000000 0.000000 0.000000 0.000000 0.000000 0.000000 0.000000 0.000000 0.000000 0.000000 0.000000 0.000000 0.000000 0.000000 0.000000 0.000000 0.000000 0.000000 0.000000 0.000000 0.000000 0.000000 0.000000 0.000000 0.000000 0.000000 0.000000 0.403826 0.503344 0.633573 0.734218 0.820843 0.975507 0.953378 1.214825 1.039525 1.038952 1.019478 0.982484 0.941531 0.879898 0.794357 0.741289 0.734396 0.733324 0.718968 0.691671 0.676236 0.661951 0.655942 0.656356 0.656895 0.643768 0.626437 0.606409 0.608012 0.608702 0.605855 0.599632 0.586657 0.573920 0.568992 0.582257 0.604179 0.616718 0.631323 0.640022 0.643977 0.649898 0.658079 0.668406 0.680687 0.689358 0.692654 0.692148 0.686996 0.680057 0.680572 0.679881 0.670791 0.654410 0.633360 0.622291 0.617370 0.613841 0.607572 0.597410 0.580304 0.560170 0.533383 0.509602 0.489104 0.460948 0.427416 0.405543 0.420956 0.447251 0.467091 0.489488 0.502681 0.504855 0.498767 0.490866 0.476261 0.452404 0.420477 0.000000 0.000000 0.000000 0.000000 0.000000 0.000000 0.000000 0.000000 0.000000 0.000000 0.000000 0.000000 0.000000 0.422615 0.429650 0.428746 0.000000 0.000000 0.000000 0.000000 0.000000 0.000000 0.000000 0.000000 0.000000 0.000000 0.000000 0.000000 0.000000 0.000000 0.000000 0.000000 0.000000 0.000000 0.000000 0.000000 0.000000 0.000000 0.000000 0.000000 0.000000 0.000000 0.000000 0.000000 0.000000 0.000000 0.000000 0.000000 0.000000 0.000000 0.000000 0.000000 0.000000 0.000000 0.000000 0.000000 0.000000 0.000000 0.000000 0.000000 0.000000 0.000000 0.000000 0.000000 0.000000 0.000000 0.000000 0.000000 0.000000 0.000000 0.000000 0.000000 0.000000 0.000000 0.000000 0.000000 0.000000 0.000000 0.000000 0.000000 0.000000 0.000000 0.000000 0.000000 0.000000 0.000000 0.000000 0.000000 0.000000 0.000000 0.000000 0.000000 0.000000 0.000000 0.000000 0.000000 0.000000 0.000000 0.000000 0.000000 0.000000 0.000000 0.000000 0.000000 0.000000 0.000000 0.000000 0.000000 0.484999 0.609195 0.665844 0.702960 0.737596 0.756869 0.770112 0.780914 0.791694 0.807024 0.830388 0.858763 0.904480 0.927621 0.937011 0.980738 1.033890 1.067269 1.068401 1.026164 1.043360 1.061711 1.093608 1.126855 1.166667 1.112861 0.990812 0.833502 0.524427
0.000000 0.000000 0.000000 0.000000 0.000000 0.000000 0.000000 0.000000 0.000000 0.000000 0.000000 0.000000 0.000000 0.000000 0.000000 0.000000 0.000000 0.000000 0.000000 0.000000 0.000000 0.000000 0.000000 0.000000 0.000000 0.000000 0.000000 0.000000 0.000000 0.000000 0.000000 0.000000 0.000000 0.000000 0.000000 0.000000 0.000000 0.000000 0.000000 0.000000 0.000000 0.000000 0.000000 0.000000 0.000000 0.000000 0.000000 0.000000 0.000000 0.000000 0.000000 0.000000 0.000000 0.000000 0.000000 0.000000 0.000000 0.000000 0.000000 0.000000 0.000000 0.000000 0.000000 0.000000 0.450584 0.553281 0.629115 0.697655 0.762534 0.810586 1.499171 1.085254 0.852192 0.851387 0.806022 0.733820 0.674433 0.677392 0.701660 0.705288 0.693599 0.668732 0.627931 0.581101 0.513716 0.533142 0.559653 0.566302 0.560582 0.552135 0.544141 0.533926 0.521020 0.509602 0.504861 0.502571 0.495770 0.475965 0.452707 0.425472 0.492678 0.534976 0.554105 0.563233 0.576961 0.593055 0.596896 0.593140 0.592355 0.594968 0.595029 0.593238 0.586486 0.578117 0.582306 0.587494 0.581342 0.569045 0.557183 0.547175 0.542421 0.537665 0.529987 0.518469 0.505827 0.484560 0.462673 0.447362 0.427442 0.405354 0.000000 0.000000 0.000000 0.000000 0.000000 0.000000 0.000000 0.000000 0.000000 0.000000 0.000000 0.000000 0.000000 0.000000 0.000000 0.000000 0.421006 0.432109 0.444335 0.455474 0.464454 0.502296 0.559693 0.620031 0.667285 0.722465 0.739961 0.744950 0.741412 0.732012 0.718209 0.678993 0.658648 0.628544 0.593354 0.547467 0.496085 0.441160 0.000000 0.000000 0.000000 0.000000 0.000000 0.000000 0.000000 0.000000 0.000000 0.000000 0.000000 0.000000 0.000000 0.000000 0.000000 0.000000 0.000000 0.000000 0.000000 0.000000 0.000000 0.000000 0.000000 0.000000 0.000000 0.000000 0.000000 0.000000 0.000000 0.000000 0.000000 0.000000 0.000000 0.000000 0.000000 0.000000 0.000000 0.000000 0.000000 0.000000 0.000000 0.000000 0.000000 0.000000 0.000000 0.000000 0.000000 0.000000 0.000000 0.000000 0.000000 0.000000 0.000000 0.000000 0.000000 0.000000 0.000000 0.000000 0.000000 0.000000 0.000000 0.000000 0.000000 0.000000 0.000000 0.000000 0.000000 0.000000 0.000000 0.000000 0.000000 0.000000 0.000000 0.000000 0.000000 0.000000 0.000000 0.000000 0.000000 0.000000 0.000000 0.000000 0.000000 0.000000 0.491152 0.533972 0.569921 0.614788 0.661386 0.700932 0.743306 0.769728 0.806336 0.841259 0.883909 0.927364 0.952963 0.968723 0.981273 0.999464 1.008618 1.003848 0.973410 1.013077 1.061397 1.090624 1.120002 1.144610 1.075151 0.950062 0.802698 0.503945
0.000000 0.000000 0.000000 0.000000 0.000000 0.000000 0.000000 0.000000 0.000000 0.000000 0.000000 0.000000 0.000000 0.000000 0.000000 0.000000 0.000000 0.000000 0.000000 0.000000 0.000000 0.000000 0.000000 0.000000 0.000000 0.000000 0.000000 0.000000 0.000000 0.000000 0.000000 0.000000 0.000000 0.000000 0.000000 0.000000 0.000000 0.000000 0.000000 0.000000 0.000000 0.000000 0.000000 0.000000 0.000000 0.000000 0.000000 0.000000 0.000000 0.000000 0.000000 0.000000 0.000000 0.000000 0.000000 0.000000 0.000000 0.000000 0.000000 0.000000 0.000000 0.924805 0.000000 0.000000 1.331006 1.222785 0.566542 0.592861 0.601012 0.603112 0.594502 0.543921 0.419864 0.377932 0.543979 0.588763 0.609345 0.610134 0.596936 0.579498 0.579208 0.582137 0.570201 0.552309 0.551291 0.514953 0.522884 0.515217 0.497201 0.479210 0.467315 0.457520 0.443308 0.424084 0.410367 0.000000 0.000000 0.000000 0.000000 0.000000 0.000000 0.000000 0.000000 0.425204 0.453782 0.465069 0.466611 0.465781 0.467168 0.470692 0.477523 0.482859 0.481203 0.477595 0.488149 0.498932 0.498111 0.492894 0.488458 0.481024 0.470666 0.463370 0.453583 0.438559 0.420117 0.402235 0.000000 0.000000 0.000000 0.000000 0.000000 0.000000 0.000000 0.000000 0.000000 0.000000 0.000000 0.000000 0.000000 0.417787 0.459055 0.486252 0.502897 0.511602 0.517317 0.525182 0.536969 0.547594 0.555161 0.559533 0.645029 0.705678 0.776732 0.840284 0.884541 0.908642 0.917296 0.915844 0.910393 0.900869 0.887916 0.873365 0.852862 0.824581 0.792227 0.754476 0.685788 0.641522 0.596243 0.543291 0.485090 0.000000 0.000000 0.000000 0.000000 0.000000 0.000000 0.000000 0.000000 0.000000 0.000000 0.000000 0.000000 0.000000 0.000000 0.000000 0.000000 0.000000 0.000000 0.000000 0.000000 0.000000 0.000000 0.000000 0.000000 0.000000 0.000000 0.000000 0.000000 0.000000 0.000000 0.000000 0.000000 0.000000 0.000000 0.000000 0.000000 0.000000 0.000000 0.000000 0.000000 0.000000 0.000000 0.000000 0.000000 0.000000 0.000000 0.000000 0.000000 0.000000 0.000000 0.000000 0.000000 0.000000 0.000000 0.000000 0.000000 0.000000 0.000000 0.000000 0.000000 0.000000 0.000000 0.000000 0.000000 0.000000 0.000000 0.000000 0.000000 0.000000 0.000000 0.000000 0.000000 0.000000 0.000000 0.000000 0.000000 0.000000 0.000000 0.000000 0.000000 0.000000 0.000000 0.000000 0.000000 0.000000 0.426511 0.511563 0.579323 0.631253 0.687021 0.739246 0.787172 0.833311 0.866600 0.899766 0.907206 0.914827 0.913595 0.906923 0.835649 0.884175 0.937507 0.971164 1.004116 1.012359 0.910532 0.847132 0.715423 0.487354
0.000000 0.000000 0.000000 0.000000 0.000000 0.000000 0.000000 0.000000 0.000000 0.000000 0.000000 0.000000 0.000000 0.000000 0.000000 0.000000 0.000000 0.000000 0.000000 0.000000 0.000000 0.000000 0.000000 0.000000 0.000000 0.000000 0.000000 0.000000 0.000000 0.000000 0.000000 0.000000 0.000000 0.000000 0.000000 0.000000 0.000000 0.000000 0.000000 0.000000 0.000000 0.000000 0.000000 0.000000 0.000000 0.000000 0.000000 0.000000 0.000000 0.000000 0.000000 0.000000 0.000000 0.000000 0.000000 0.000000 0.000000 0.000000 0.000000 0.000000 0.000000 0.000000 0.000000 0.417825 0.461529 0.466610 0.443638 0.395426 0.000000 0.000000 0.383879 0.416918 0.439009 0.434098 0.401199 0.000000 0.000000 0.408987 0.434513 0.450776 0.468643 0.482955 0.468822 0.443622 0.410304 0.000000 0.000000 0.000000 0.000000 0.399195 0.424879 0.426233 0.410374 0.000000 0.000000 0.000000 0.000000 0.000000 0.000000 0.000000 0.000000 0.000000 0.000000 0.000000 0.000000 0.000000 0.000000 0.000000 0.000000 0.000000 0.000000 0.000000 0.000000 0.000000 0.000000 0.000000 0.000000 0.409360 0.415080 0.416155 0.409813 0.399047 0.000000 0.000000 0.000000 0.000000 0.000000 0.000000 0.000000 0.000000 0.000000 0.000000 0.000000 0.000000 0.000000 0.000000 0.000000 0.447037 0.486730 0.527067 0.555090 0.565787 0.569391 0.569539 0.570816 0.631621 0.669467 0.709196 0.743333 0.764551 0.785374 0.823081 0.876789 0.919700 0.948023 0.957895 0.955421 0.944279 0.931528 0.919783 0.909310 0.898665 0.887996 0.876515 0.861813 0.837969 0.809182 0.779667 0.741600 0.677784 0.634131 0.592674 0.542914 0.490766 0.438985 0.000000 0.000000 0.000000 0.000000 0.000000 0.000000 0.000000 0.000000 0.000000 0.000000 0.000000 0.000000 0.000000 0.000000 0.000000 0.000000 0.000000 0.000000 0.000000 0.000000 0.000000 0.000000 0.000000 0.000000 0.000000 0.000000 0.000000 0.000000 0.000000 0.000000 0.000000 0.000000 0.000000 0.000000 0.000000 0.000000 0.000000 0.000000 0.000000 0.000000 0.000000 0.000000 0.000000 0.000000 0.000000 0.000000 0.000000 0.000000 0.000000 0.000000 0.000000 0.000000 0.000000 0.000000 0.000000 0.000000 0.000000 0.000000 0.000000 0.000000 0.000000 0.000000 0.000000 0.000000 0.000000 0.000000 0.000000 0.000000 0.000000 0.000000 0.000000 0.000000 0.000000 0.000000 0.000000 0.000000 0.000000 0.000000 0.000000 0.000000 0.000000 0.000000 0.000000 0.000000 0.000000 0.468777 0.600598 0.674496 0.733167 0.784579 0.840691 0.882067 0.909195 0.921348 0.922163 0.840617 0.869498 0.899944 0.934924 0.970484 0.973837 0.832674 0.696657 0.568868 0.468093
0.000000 0.000000 0.000000 0.000000 0.000000 0.000000 0.000000 0.000000 0.000000 0.000000 0.000000 0.000000 0.000000 0.000000 0.000000 0.000000 0.000000 0.000000 0.000000 0.000000 0.000000 0.000000 0.000000 0.000000 0.000000 0.000000 0.000000 0.000000 0.000000 0.000000 0.000000 0.000000 0.000000 0.000000 0.000000 0.000000 0.000000 0.000000 0.000000 0.000000 0.000000 0.000000 0.000000 0.000000 0.000000 0.000000 0.000000 0.000000 0.000000 0.000000 0.000000 0.000000 0.000000 0.000000 0.000000 0.000000 0.000000 0.000000 0.000000 0.000000 0.000000 0.000000 0.000000 0.000000 0.000000 0.000000 0.378102 0.389152 0.393281 0.385689 0.000000 0.000000 0.000000 0.380664 0.396839 0.409475 0.419018 0.424970 0.423375 0.448365 0.475190 0.488444 0.469902 0.447076 0.414688 0.000000 0.000000 0.413621 0.491848 0.549160 0.564718 0.545746 0.504782 0.533559 0.519736 0.507709 0.497755 0.490328 0.407561 0.403260 0.394623 0.000000 0.000000 0.000000 0.000000 0.000000 0.000000 0.000000 0.000000 0.000000 0.000000 0.000000 0.000000 0.000000 0.000000 0.000000 0.000000 0.000000 0.000000 0.000000 0.000000 0.000000 0.000000 0.000000 0.000000 0.000000 0.000000 0.000000 0.000000 0.000000 0.000000 0.427137 0.494292 0.530732 0.634933 0.661612 0.723795 0.705547 0.620577 0.632018 0.655863 0.670175 0.684688 0.700904 0.721967 0.746588 0.770780 0.789805 0.798902 0.798384 0.792100 0.785153 0.799991 0.828090 0.851308 0.862581 0.860291 0.850675 0.838617 0.823656 0.806579 0.792362 0.791287 0.806553 0.817400 0.816347 0.806460 0.792796 0.776563 0.749845 0.719315 0.672083 0.633429 0.596803 0.553791 0.508330 0.460429 0.000000 0.000000 0.000000 0.000000 0.000000 0.000000 0.000000 0.000000 0.000000 0.000000 0.000000 0.000000 0.000000 0.000000 0.000000 0.000000 0.000000 0.000000 0.000000 0.000000 0.000000 0.000000 0.000000 0.000000 0.000000 0.000000 0.000000 0.000000 0.000000 0.000000 0.000000 0.000000 0.000000 0.000000 0.000000 0.000000 0.000000 0.000000 0.000000 0.000000 0.000000 0.000000 0.000000 0.000000 0.000000 0.000000 0.000000 0.000000 0.000000 0.000000 0.000000 0.000000 0.000000 0.000000 0.000000 0.000000 0.000000 0.000000 0.000000 0.000000 0.000000 0.000000 0.000000 0.000000 0.000000 0.000000 0.000000 0.000000 0.000000 0.000000 0.000000 0.000000 0.000000 0.000000 0.000000 0.000000 0.000000 0.000000 0.000000 0.486636 0.567477 0.634361 0.685380 0.720420 0.746768 0.759490 0.768377 0.807599 0.855665 0.899201 0.932722 0.953088 0.962763 0.959848 0.874680 0.873672 0.892409 0.922888 0.919721 0.764836 0.647107 0.597795 0.542853
0.000000 0.000000 0.000000 0.000000 0.000000 0.000000 0.000000 0.000000 0.000000 0.000000 0.000000 0.000000 0.000000 0.000000 0.000000 0.000000 0.000000 0.000000 0.000000 0.000000 0.000000 0.000000 0.000000 0.000000 0.000000 0.000000 0.000000 0.000000 0.000000 0.000000 0.000000 0.000000 0.000000 0.000000 0.000000 0.000000 0.000000 0.000000 0.000000 0.000000 0.000000 0.000000 0.000000 0.000000 0.000000 0.000000 0.000000 0.000000 0.000000 0.000000 0.000000 0.000000 0.000000 0.000000 0.000000 0.004000 0.000000 0.000000 0.000000 0.000000 0.000000 0.000000 0.000000 0.000000 0.000000 0.000000 0.000000 0.000000 0.000000 0.000000 0.390439 0.423797 0.444533 0.451419 0.460058 0.470037 0.467589 0.463609 0.497477 0.524601 0.548880 0.549775 0.525819 0.499846 0.476635 0.459304 0.448823 0.452576 0.525831 0.668080 0.723637 0.746185 0.747864 0.734265 0.704710 0.666890 0.627911 0.598886 0.575256 0.510686 0.497854 0.484553 0.465518 0.479078 0.465132 0.429902 0.389729 0.000000 0.000000 0.000000 0.000000 0.000000 0.000000 0.000000 0.000000 0.000000 0.000000 0.000000 0.000000 0.000000 0.000000 0.000000 0.000000 0.449197 0.518776 0.621430 0.701891 0.761784 0.769092 0.770882 0.807521 0.836184 0.855220 0.877469 0.906455 0.871239 0.791008 0.761732 0.730831 0.717764 0.725097 0.729237 0.730700 0.723707 0.714672 0.711359 0.709399 0.708284 0.700068 0.680726 0.668460 0.666222 0.664828 0.664560 0.687925 0.717485 0.736092 0.752278 0.755905 0.752076 0.741181 0.726031 0.715583 0.708619 0.701699 0.704017 0.714058 0.720769 0.720206 0.711792 0.697519 0.656047 0.639444 0.621443 0.593077 0.558812 0.519035 0.476804 0.432225 0.000000 0.000000 0.000000 0.000000 0.000000 0.000000 0.000000 0.000000 0.000000 0.000000 0.000000 0.000000 0.000000 0.000000 0.000000 0.000000 0.000000 0.000000 0.000000 0.000000 0.000000 0.000000 0.000000 0.000000 0.000000 0.000000 0.000000 0.000000 0.000000 0.000000 0.000000 0.000000 0.000000 0.000000 0.000000 0.000000 0.000000 0.000000 0.000000 0.000000 0.000000 0.000000 0.000000 0.000000 0.000000 0.000000 0.000000 0.000000 0.000000 0.000000 0.000000 0.000000 0.000000 0.000000 0.000000 0.000000 0.000000 0.000000 0.000000 0.000000 0.000000 0.000000 0.000000 0.000000 0.000000 0.000000 0.000000 0.000000 0.000000 0.000000 0.000000 0.000000 0.449957 0.460096 0.565322 0.658429 0.919835 0.823289 0.896225 0.945238 0.985676 1.002123 1.001660 0.990924 0.978963 0.972152 0.970640 0.955916 0.968892 0.977898 0.983736 0.979977 0.970829 0.877560 0.858613 0.861177 0.851394 0.725054 0.674533 0.611548 0.483834
0.000000 0.000000 0.000000 0.000000 0.000000 0.000000 0.000000 0.000000 0.000000 0.000000 0.000000 0.000000 0.000000 0.000000 0.000000 0.000000 0.000000 0.000000 0.000000 0.000000 0.000000 0.000000 0.000000 0.000000 0.000000 0.000000 0.000000 0.000000 0.000000 0.000000 0.000000 0.000000 0.000000 0.000000 0.000000 0.000000 0.000000 0.000000 0.000000 0.000000 0.000000 0.000000 0.000000 0.000000 0.000000 0.000000 0.000000 0.000000 0.000000 0.000000 0.000000 0.000000 0.000000 0.000000 0.000000 0.004000 0.000000 0.000000 0.000000 0.000000 0.000000 0.000000 0.000000 0.000000 0.000000 0.000000 0.000000 0.000000 0.000000 0.378499 0.485287 0.506590 0.508660 0.435173 0.434309 0.431508 0.439282 0.473095 0.517357 0.561998 0.599511 0.640155 0.668856 0.671251 0.654354 0.633358 0.617014 0.603455 0.620363 0.674089 0.726359 0.766884 0.722448 0.701972 0.672307 0.641826 0.658238 0.631552 0.579228 0.558646 0.544288 0.535787 0.531902 0.566082 0.548852 0.502347 0.465708 0.455484 0.458416 0.457860 0.447131 0.427613 0.409929 0.389032 0.000000 0.000000 0.000000 0.000000 0.000000 0.537732 0.587354 0.632451 0.681354 0.731830 0.779765 0.814798 0.870325 0.964903 1.018986 1.018590 1.004474 0.928163 0.860040 0.928375 0.936054 0.909272 0.863410 0.817269 0.781528 0.752003 0.719811 0.699751 0.683335 0.672999 0.659181 0.647106 0.634243 0.606569 0.567810 0.528337 0.504805 0.519952 0.526052 0.543236 0.565660 0.592768 0.625534 0.655685 0.675419 0.680260 0.673870 0.660131 0.644603 0.589303 0.578234 0.570935 0.569435 0.571758 0.577380 0.585847 0.591068 0.592999 0.593242 0.589516 0.573243 0.553108 0.522102 0.488800 0.451390 0.000000 0.000000 0.000000 0.000000 0.000000 0.000000 0.000000 0.000000 0.000000 0.000000 0.000000 0.000000 0.000000 0.000000 0.000000 0.000000 0.000000 0.000000 0.000000 0.000000 0.000000 0.000000 0.000000 0.000000 0.000000 0.000000 0.000000 0.000000 0.000000 0.000000 0.000000 0.000000 0.000000 0.000000 0.000000 0.000000 0.000000 0.000000 0.000000 0.000000 0.000000 0.000000 0.000000 0.000000 0.000000 0.000000 0.000000 0.000000 0.000000 0.000000 0.000000 0.000000 0.000000 0.000000 0.000000 0.000000 0.000000 0.000000 0.000000 0.000000 0.000000 0.000000 0.000000 0.000000 0.000000 0.000000 0.000000 0.000000 0.000000 0.000000 0.000000 0.000000 0.690639 0.707917 0.753070 0.850945 0.939880 1.023642 1.092452 1.139350 1.164249 1.176076 1.159944 1.140774 1.118158 1.095590 1.073704 1.050647 1.032474 1.012086 0.974021 0.955027 0.934932 0.853749 0.837808 0.820097 0.799079 0.769813 0.659891 0.598232 0.543352
0.000000 0.000000 0.000000 0.000000 0.000000 0.000000 0.000000 0.000000 0.000000 0.000000 0.000000 0.000000 0.000000 0.000000 0.000000 0.000000 0.000000 0.000000 0.000000 0.000000 0.000000 0.000000 0.000000 0.000000 0.000000 0.000000 0.000000 0.000000 0.000000 0.000000 0.000000 0.000000 0.000000 0.000000 0.000000 0.000000 0.000000 0.000000 0.000000 0.000000 0.000000 0.000000 0.000000 0.000000 0.000000 0.000000 0.000000 0.000000 0.000000 0.000000 0.000000 0.000000 0.000000 0.000000 0.000000 0.000000 0.000000 0.000000 0.000000 0.000000 0.000000 0.000000 0.000000 0.000000 0.000000 0.000000 0.000000 0.434173 0.470739 0.483214 0.483092 0.484107 0.482152 0.467664 0.444450 0.409486 0.000000 0.416299 0.433492 0.432371 0.449766 0.446004 0.424922 0.421374 0.513267 0.541399 0.567131 0.614289 0.680087 0.748434 0.809355 0.770941 0.817511 0.804380 0.789304 0.773174 0.750921 0.731219 0.706428 0.682733 0.649258 0.622675 0.601011 0.569048 0.540165 0.512440 0.503312 0.509398 0.514976 0.511841 0.500258 0.481442 0.462570 0.445771 0.422991 0.523575 0.559313 0.665947 0.711719 0.742688 0.771124 0.805728 0.841213 0.844245 0.833000 0.812149 0.795842 0.807492 0.774141 0.680039 0.684762 0.693354 0.695092 0.670776 0.671666 0.689071 0.704759 0.735968 0.741026 0.718346 0.665047 0.633021 0.610634 0.588790 0.565401 0.542654 0.525461 0.505454 0.521789 0.613194 0.613277 0.499252 0.410879 0.413906 0.421620 0.431354 0.441811 0.474070 0.523372 0.557825 0.571437 0.570554 0.564778 0.555048 0.542067 0.526758 0.514750 0.506156 0.500854 0.501113 0.504595 0.509269 0.517936 0.531965 0.532572 0.520084 0.503245 0.474840 0.443213 0.000000 0.000000 0.000000 0.000000 0.000000 0.000000 0.000000 0.000000 0.000000 0.000000 0.000000 0.000000 0.000000 0.000000 0.000000 0.000000 0.000000 0.000000 0.000000 0.000000 0.000000 0.000000 0.000000 0.000000 0.000000 0.000000 0.000000 0.000000 0.000000 0.000000 0.000000 0.000000 0.000000 0.000000 0.000000 0.000000 0.000000 0.000000 0.000000 0.000000 0.000000 0.000000 0.000000 0.000000 0.000000 0.000000 0.000000 0.000000 0.000000 0.000000 0.000000 0.000000 0.000000 0.000000 0.000000 0.000000 0.000000 0.000000 0.000000 0.000000 0.000000 0.000000 0.000000 0.000000 0.000000 0.000000 0.000000 0.000000 0.000000 0.000000 0.000000 0.000000 0.818093 0.864527 0.840359 0.943308 1.121688 1.109972 1.154074 1.197196 1.220422 1.223010 1.208780 1.180422 1.149287 1.125224 1.076646 1.047084 1.021006 0.990103 0.949070 0.910445 0.880688 0.848805 0.827554 0.804184 0.786410 0.712977 0.654958 0.609661 0.557508
0.000000 0.000000 0.000000 0.000000 0.000000 0.000000 0.000000 0.000000 0.000000 0.000000 0.000000 0.000000 0.000000 0.000000 0.000000 0.000000 0.000000 0.000000 0.000000 0.000000 0.000000 0.000000 0.000000 0.000000 0.000000 0.000000 0.000000 0.000000 0.000000 0.000000 0.000000 0.000000 0.000000 0.000000 0.000000 0.000000 0.000000 0.000000 0.000000 0.000000 0.000000 0.000000 0.000000 0.000000 0.000000 0.000000 0.000000 0.000000 0.000000 0.000000 0.000000 0.000000 0.000000 0.000000 0.000000 0.000000 0.000000 0.000000 0.000000 0.000000 0.000000 0.000000 0.429842 0.466742 0.488039 0.491805 0.476105 0.522020 0.543088 0.529777 0.517927 0.518351 0.518758 0.513774 0.504007 0.496125 0.496453 0.496605 0.493098 0.486961 0.480850 0.475280 0.463126 0.428129 0.000000 0.000000 0.414676 0.489968 0.583480 0.674554 0.757205 0.800034 0.810365 0.815960 0.823849 0.827015 0.821494 0.806057 0.778221 0.757163 0.735701 0.719234 0.704641 0.688082 0.652366 0.604864 0.552821 0.521355 0.509537 0.491232 0.466735 0.447839 0.542191 0.579210 0.593905 0.684742 0.738829 0.786068 0.811788 0.821909 0.835793 0.831488 0.814673 0.758627 0.995071 0.639182 0.608960 0.627110 0.629113 0.628305 0.630411 0.619399 0.608673 0.597935 0.615740 0.612142 0.591233 0.577287 0.572151 0.582620 0.580263 0.565918 0.544502 0.521181 0.425552 0.414072 0.404305 0.390117 0.000000 0.000000 0.000000 0.000000 0.000000 0.000000 0.000000 0.000000 0.000000 0.000000 0.000000 0.000000 0.453479 0.478396 0.492679 0.495187 0.488837 0.473797 0.459992 0.446196 0.434439 0.430614 0.430738 0.430801 0.435332 0.443948 0.451231 0.456642 0.453544 0.437674 0.000000 0.000000 0.000000 0.000000 0.000000 0.000000 0.000000 0.000000 0.000000 0.000000 0.000000 0.000000 0.000000 0.000000 0.000000 0.000000 0.000000 0.000000 0.000000 0.000000 0.000000 0.000000 0.000000 0.000000 0.000000 0.000000 0.000000 0.000000 0.000000 0.000000 0.000000 0.000000 0.000000 0.000000 0.000000 0.000000 0.000000 0.000000 0.000000 0.000000 0.000000 0.000000 0.000000 0.000000 0.000000 0.000000 0.000000 0.000000 0.000000 0.000000 0.000000 0.000000 0.000000 0.000000 0.000000 0.000000 0.000000 0.000000 0.000000 0.000000 0.000000 0.000000 0.000000 0.000000 0.000000 0.000000 0.000000 0.000000 0.000000 0.000000 0.000000 0.487605 0.693351 0.839545 0.744493 0.827808 0.880629 0.916619 0.946293 0.999148 1.029736 1.071062 1.101006 1.127563 1.143085 1.149325 1.146945 1.123121 1.097738 1.060668 1.018461 0.980199 0.920687 0.871775 0.828155 0.795599 0.774154 0.760588 0.714848 0.643506 0.608037 0.559667
0.000000 0.000000 0.000000 0.000000 0.000000 0.000000 0.000000 0.000000 0.000000 0.000000 0.000000 0.000000 0.000000 0.000000 0.000000 0.000000 0.000000 0.000000 0.000000 0.000000 0.000000 0.000000 0.000000 0.000000 0.000000 0.000000 0.000000 0.000000 0.000000 0.000000 0.000000 0.000000 0.000000 0.000000 0.000000 0.000000 0.000000 0.000000 0.000000 0.000000 0.000000 0.000000 0.000000 0.000000 0.000000 0.000000 0.000000 0.000000 0.000000 0.000000 0.000000 0.000000 0.000000 0.000000 0.000000 0.473817 0.000000 0.430023 0.000000 0.000000 0.000000 0.000000 0.000000 0.000000 0.565310 0.728717 0.703192 0.603680 0.469409 0.451412 0.447846 0.445338 0.436493 0.436728 0.466979 0.517661 0.563462 0.594338 0.616009 0.626259 0.623536 0.606361 0.571790 0.524561 0.564006 0.401904 0.000000 0.000000 0.481698 0.526538 0.544881 0.563340 0.595916 0.632345 0.683404 0.720933 0.743088 0.747939 0.976899 0.748131 0.768947 0.795370 0.818904 0.816402 0.776196 0.729843 0.667172 0.606887 0.559131 0.558681 0.591783 0.615837 0.641881 0.668461 0.690917 0.764616 0.773469 0.769876 0.750558 0.730121 0.705415 0.626270 0.578920 0.564368 0.558514 0.566987 0.553321 0.561130 0.565667 0.541925 0.530511 0.533017 0.507919 0.478766 0.455528 0.460662 0.474743 0.486323 0.494801 0.489137 0.467660 0.442103 0.414166 0.389888 0.000000 0.000000 0.000000 0.000000 0.000000 0.000000 0.000000 0.000000 0.000000 0.000000 0.000000 0.000000 0.000000 0.000000 0.000000 0.000000 0.000000 0.000000 0.000000 0.000000 0.000000 0.000000 0.000000 0.000000 0.000000 0.000000 0.000000 0.000000 0.000000 0.000000 0.000000 0.000000 0.000000 0.000000 0.000000 0.000000 0.000000 0.000000 0.000000 0.000000 0.000000 0.000000 0.000000 0.000000 0.000000 0.000000 0.000000 0.000000 0.000000 0.000000 0.000000 0.000000 0.000000 0.000000 0.000000 0.000000 0.000000 0.000000 0.000000 0.000000 0.000000 0.000000 0.000000 0.000000 0.000000 0.000000 0.000000 0.000000 0.000000 0.000000 0.000000 0.000000 0.000000 0.000000 0.000000 0.000000 0.000000 0.000000 0.000000 0.000000 0.000000 0.000000 0.000000 0.000000 0.000000 0.000000 0.000000 0.000000 0.000000 0.000000 0.000000 0.000000 0.000000 0.000000 0.000000 0.000000 0.000000 0.000000 0.000000 0.428325 0.000000 0.000000 0.000000 0.498391 0.575759 0.651740 0.712219 0.760814 0.792060 0.818369 0.837064 0.827889 0.743564 0.745071 0.820115 0.910375 0.976186 1.122011 1.160486 1.183519 1.188594 1.172817 1.137014 1.098157 1.054866 1.012608 0.957744 0.910880 0.865635 0.823274 0.783521 0.748165 0.689994 0.609747 0.581699 0.550773
0.000000 0.000000 0.000000 0.000000 0.000000 0.000000 0.000000 0.000000 0.000000 0.000000 0.000000 0.000000 0.000000 0.000000 0.000000 0.000000 0.000000 0.000000 0.000000 0.000000 0.000000 0.000000 0.000000 0.000000 0.000000 0.000000 0.000000 0.399875 0.414394 0.414285 0.409002 0.398529 0.389699 0.382361 0.372871 0.363748 0.361157 0.363934 0.369951 0.371873 0.372510 0.374227 0.373574 0.360558 0.000000 0.000000 0.000000 0.000000 0.000000 0.000000 0.000000 0.000000 0.000000 0.000000 0.000000 0.000000 0.000000 0.000000 0.000000 0.000000 0.000000 0.000000 0.000000 0.552633 0.000000 0.000000 0.000000 0.462820 0.473310 0.448942 0.456645 0.468127 0.458642 0.486679 0.518409 0.566219 0.621370 0.673201 0.708282 0.727966 0.719666 0.690254 0.638002 0.578644 0.510432 0.437164 0.000000 0.000000 0.000000 0.423470 0.432940 0.474447 0.518895 0.568418 0.613326 0.643919 0.676045 0.686058 0.693934 0.722344 0.761608 0.764881 0.771086 0.778150 0.787034 0.723338 0.690268 0.666259 0.657783 0.654936 0.665978 0.674614 0.675786 0.667465 0.649614 0.624256 0.625275 0.583511 0.507109 0.535519 0.534967 0.534583 0.518695 0.496306 0.489274 0.496798 0.464240 0.438063 0.431907 0.000000 0.000000 0.000000 0.408151 0.464092 0.477508 0.458770 0.435399 0.421977 0.415642 0.406388 0.392549 0.000000 0.000000 0.400456 0.402981 0.393411 0.000000 0.000000 0.000000 0.000000 0.000000 0.000000 0.000000 0.000000 0.000000 0.000000 0.000000 0.000000 0.000000 0.000000 0.000000 0.000000 0.000000 0.000000 0.000000 0.000000 0.000000 0.000000 0.000000 0.000000 0.000000 0.000000 0.000000 0.000000 0.000000 0.000000 0.000000 0.000000 0.000000 0.000000 0.000000 0.000000 0.000000 0.000000 0.000000 0.000000 0.000000 0.000000 0.000000 0.000000 0.000000 0.000000 0.000000 0.000000 0.000000 0.000000 0.000000 0.000000 0.000000 0.000000 0.000000 0.000000 0.000000 0.000000 0.000000 0.000000 0.000000 0.000000 0.000000 0.000000 0.000000 0.000000 0.000000 0.000000 0.000000 0.000000 0.000000 0.000000 0.000000 0.000000 0.000000 0.000000 0.000000 0.000000 0.000000 0.000000 0.000000 0.000000 0.000000 0.000000 0.000000 0.000000 0.000000 0.000000 0.000000 0.000000 0.000000 0.000000 0.000000 0.000000 0.000000 0.000000 0.000000 0.000000 0.000000 0.000000 0.444825 0.520259 0.603396 0.673341 0.726725 0.782518 0.832894 0.865499 0.876962 0.816974 0.851844 0.910289 0.981707 1.030696 1.059139 1.085186 1.113688 1.227631 1.215315 1.182862 1.145732 1.103732 1.061120 1.025771 0.983739 0.945226 0.904737 0.854870 0.800534 0.744185 0.719854 0.693461 0.644053 0.556269
0.000000 0.000000 0.000000 0.000000 0.000000 0.000000 0.000000 0.000000 0.000000 0.000000 0.000000 0.000000 0.000000 0.000000 0.000000 0.000000 0.000000 0.000000 0.000000 0.000000 0.000000 0.000000 0.000000 0.000000 0.379949 0.447570 0.550409 0.531568 0.530521 0.513935 0.496872 0.475258 0.466472 0.463909 0.459419 0.461097 0.474911 0.498934 0.520135 0.542040 0.546807 0.549654 0.553645 0.550431 0.535172 0.511937 0.482362 0.446194 0.398710 0.000000 0.000000 0.000000 0.000000 0.000000 0.000000 0.000000 0.000000 0.000000 0.000000 0.000000 0.000000 0.000000 0.000000 0.000000 0.000000 0.000000 0.000000 0.000000 0.000000 0.514406 0.527449 0.515075 0.511058 0.527742 0.567382 0.605109 0.649480 0.697988 0.738850 0.756361 0.760404 0.750516 0.716927 0.672262 0.616016 0.558157 0.502673 0.449289 0.000000 0.000000 0.407303 0.447826 0.475701 0.495556 0.507150 0.522009 0.559121 0.585816 0.934451 0.706867 0.775101 0.793516 0.779324 0.768071 0.786545 0.779553 0.752388 0.715501 0.686377 0.660391 0.641262 0.624094 0.603032 0.575838 0.545980 0.517950 0.501371 0.413920 0.423743 0.435850 0.441494 0.413989 0.000000 0.000000 0.000000 0.000000 0.000000 0.000000 0.000000 0.000000 0.000000 0.000000 0.409194 0.000000 0.000000 0.000000 0.000000 0.000000 0.000000 0.000000 0.000000 0.000000 0.000000 0.000000 0.000000 0.000000 0.000000 0.000000 0.000000 0.000000 0.000000 0.000000 0.000000 0.000000 0.000000 0.000000 0.000000 0.000000 0.000000 0.000000 0.000000 0.000000 0.000000 0.000000 0.000000 0.000000 0.000000 0.000000 0.000000 0.000000 0.000000 0.000000 0.000000 0.000000 0.000000 0.000000 0.000000 0.000000 0.000000 0.000000 0.000000 0.000000 0.000000 0.000000 0.000000 0.000000 0.000000 0.000000 0.000000 0.000000 0.000000 0.000000 0.000000 0.000000 0.000000 0.000000 0.000000 0.000000 0.000000 0.000000 0.000000 0.000000 0.000000 0.000000 0.000000 0.000000 0.000000 0.000000 0.000000 0.000000 0.000000 0.000000 0.000000 0.000000 0.000000 0.000000 0.000000 0.000000 0.000000 0.000000 0.000000 0.000000 0.000000 0.000000 0.000000 0.000000 0.000000 0.000000 0.000000 0.000000 0.000000 0.000000 0.000000 0.000000 0.000000 0.000000 0.000000 0.000000 0.000000 0.000000 0.000000 0.000000 0.000000 0.000000 0.000000 0.000000 0.000000 0.000000 0.000000 0.000000 0.563848 0.659176 0.697921 0.738963 0.739273 0.812360 0.887415 0.951986 0.998714 1.018775 1.035963 1.050299 1.072901 1.081785 1.167981 1.164876 1.113107 1.082150 1.044750 1.012246 0.980672 0.939185 0.899360 0.882550 0.884116 0.900781 0.811614 0.751369 0.676714 0.599768
0.000000 0.000000 0.000000 0.000000 0.000000 0.000000 0.000000 0.000000 0.000000 0.000000 0.000000 0.000000 0.000000 0.000000 0.000000 0.000000 0.000000 0.000000 0.000000 0.000000 0.000000 0.000000 0.000000 0.396281 0.480718 0.544180 0.573964 0.585920 0.573851 0.557272 0.528177 0.507323 0.503371 0.508674 0.515590 0.537857 0.567940 0.605053 0.633857 0.663102 0.671357 0.675224 0.682888 0.687729 0.685120 0.675608 0.655811 0.629267 0.602519 0.560737 0.514118 0.472828 0.433231 0.000000 0.000000 0.000000 0.000000 0.000000 0.000000 0.000000 0.000000 0.000000 0.000000 0.000000 0.000000 0.000000 0.000000 0.000000 0.000000 0.000000 0.000000 0.000000 0.000000 0.423584 0.443908 0.447882 0.450571 0.505979 0.549261 0.580025 0.616582 0.645740 0.669102 0.708373 0.715173 0.713113 0.715272 0.716712 0.702372 0.678754 0.609812 0.599245 0.599352 0.600294 0.609060 0.619598 0.623777 0.623055 0.625136 0.632281 0.646308 0.659546 0.676993 0.687686 0.758119 0.771916 0.706673 0.690620 0.663266 0.631780 0.597324 0.568334 0.561000 0.479847 0.456174 0.432580 0.409528 0.000000 0.000000 0.000000 0.000000 0.000000 0.000000 0.000000 0.000000 0.000000 0.000000 0.000000 0.000000 0.000000 0.000000 0.000000 0.000000 0.000000 0.000000 0.000000 0.000000 0.000000 0.000000 0.000000 0.000000 0.000000 0.000000 0.000000 0.000000 0.000000 0.000000 0.000000 0.000000 0.000000 0.000000 0.000000 0.000000 0.000000 0.000000 0.000000 0.000000 0.000000 0.000000 0.000000 0.000000 0.000000 0.000000 0.000000 0.000000 0.000000 0.000000 0.000000 0.000000 0.000000 0.000000 0.000000 0.000000 0.000000 0.000000 0.000000 0.000000 0.000000 0.000000 0.000000 0.000000 0.000000 0.000000 0.000000 0.000000 0.000000 0.000000 0.000000 0.000000 0.000000 0.000000 0.000000 0.000000 0.000000 0.000000 0.000000 0.000000 0.000000 0.000000 0.000000 0.000000 0.000000 0.000000 0.000000 0.000000 0.000000 0.000000 0.000000 0.000000 0.000000 0.000000 0.000000 0.000000 0.000000 0.000000 0.000000 0.000000 0.000000 0.000000 0.000000 0.000000 0.000000 0.000000 0.000000 0.000000 0.000000 0.000000 0.000000 0.000000 0.000000 0.000000 0.000000 0.000000 0.000000 0.000000 0.000000 0.000000 0.000000 0.000000 0.000000 0.000000 0.000000 0.000000 0.000000 0.000000 0.000000 0.000000 0.000000 0.000000 0.456186 0.554375 0.624705 0.674586 0.729629 0.722038 0.840026 0.832853 0.962282 0.994245 1.001038 0.989766 0.980963 0.976559 0.997946 1.012567 1.081434 1.012996 0.997564 0.970914 0.935975 0.900848 0.893527 0.925777 0.955215 0.982876 1.034391 0.898081 0.806590 0.701198 0.607515
0.000000 0.000000 0.000000 0.000000 0.000000 0.000000 0.000000 0.000000 0.000000 0.000000 0.000000 0.000000 0.000000 0.000000 0.000000 0.000000 0.000000 0.000000 0.000000 0.000000 0.000000 0.000000 0.000000 0.439981 0.457349 0.467489 0.467693 0.477356 0.484916 0.478072 0.459487 0.446292 0.448004 0.460395 0.497255 0.981435 1.223834 1.137041 0.720370 0.750780 0.763004 0.770284 0.784956 0.835656 0.813072 0.811453 0.798600 0.778432 0.763452 0.742790 0.711466 0.684241 0.655485 0.622053 0.577070 0.531689 0.487577 0.448399 0.408661 0.000000 0.000000 0.000000 0.000000 0.000000 0.000000 0.000000 0.000000 0.000000 0.000000 0.000000 0.000000 0.000000 0.000000 0.000000 0.000000 0.000000 0.000000 0.000000 0.000000 0.000000 0.000000 0.549486 0.633432 0.689131 0.733288 0.774570 0.812993 0.633430 0.626371 0.754473 0.754806 0.818704 0.822282 0.821033 0.814790 0.736140 0.713931 0.688670 0.664873 0.647038 0.636771 0.631485 0.645237 0.656479 0.658471 0.651387 0.693831 0.681642 0.663826 0.638382 0.573423 0.547125 0.512133 0.478885 0.450464 0.423673 0.404170 0.000000 0.000000 0.000000 0.000000 0.000000 0.000000 0.000000 0.000000 0.000000 0.000000 0.000000 0.000000 0.000000 0.000000 0.000000 0.000000 0.000000 0.000000 0.000000 0.000000 0.000000 0.000000 0.000000 0.000000 0.000000 0.000000 0.000000 0.000000 0.000000 0.000000 0.000000 0.000000 0.000000 0.000000 0.000000 0.000000 0.000000 0.000000 0.000000 0.000000 0.000000 0.000000 0.000000 0.000000 0.000000 0.000000 0.000000 0.000000 0.000000 0.000000 0.000000 0.000000 0.000000 0.000000 0.000000 0.000000 0.000000 0.000000 0.000000 0.000000 0.000000 0.000000 0.000000 0.000000 0.000000 0.000000 0.000000 0.000000 0.000000 0.000000 0.000000 0.000000 0.000000 0.000000 0.000000 0.000000 0.000000 0.000000 0.000000 0.000000 0.000000 0.000000 0.000000 0.000000 0.000000 0.000000 0.000000 0.000000 0.000000 0.000000 0.000000 0.000000 0.000000 0.000000 0.000000 0.000000 0.000000 0.000000 0.000000 0.000000 0.000000 0.000000 0.000000 0.000000 0.000000 0.000000 0.000000 0.000000 0.000000 0.000000 0.000000 0.000000 0.000000 0.000000 0.000000 0.000000 0.000000 0.000000 0.000000 0.000000 0.000000 0.000000 0.000000 0.000000 0.000000 0.000000 0.000000 0.000000 0.000000 0.000000 0.000000 0.000000 0.457807 0.527110 0.566661 0.592259 0.621392 0.699987 0.759160 0.733737 0.757160 0.758770 0.779986 0.759881 0.729570 0.779147 0.869223 0.880010 0.898363 0.899702 0.823999 0.865201 0.839296 0.843314 0.899225 0.943856 0.981287 1.056938 1.105395 1.014583 0.887836 0.748277 0.653965
0.000000 0.000000 0.000000 0.000000 0.000000 0.000000 0.000000 0.000000 0.000000 0.000000 0.000000 0.000000 0.000000 0.000000 0.000000 0.000000 0.000000 0.000000 0.000000 0.000000 0.000000 0.000000 0.000000 0.000000 0.000000 0.000000 0.000000 0.000000 0.000000 0.000000 0.000000 0.000000 0.000000 0.000000 0.000000 0.449227 0.526167 0.850330 1.265314 0.698738 0.742168 0.774185 0.819499 0.849108 0.858387 0.858200 0.851822 0.846227 0.845810 0.848720 0.842335 0.823790 0.794168 0.758253 0.708098 0.662387 0.620514 0.591966 0.566526 0.533183 0.489836 0.444411 0.401856 0.000000 0.000000 0.000000 0.000000 0.000000 0.000000 0.000000 0.000000 0.000000 0.000000 0.000000 0.000000 0.000000 0.000000 0.000000 0.000000 0.000000 0.000000 0.484241 0.570755 0.623859 0.664889 0.738776 0.763668 0.723346 0.734851 0.756178 0.853734 0.834468 0.891544 0.878965 0.871696 0.844333 0.804566 0.774320 0.746560 0.730057 0.721615 0.707917 0.683922 0.657250 0.598078 0.586231 0.580747 0.577508 0.614505 0.608513 0.561387 0.540596 0.511167 0.478791 0.447238 0.417408 0.394345 0.000000 0.000000 0.000000 0.000000 0.000000 0.000000 0.000000 0.000000 0.000000 0.000000 0.000000 0.000000 0.000000 0.000000 0.000000 0.000000 0.000000 0.000000 0.000000 0.000000 0.000000 0.000000 0.000000 0.000000 0.000000 0.000000 0.000000 0.000000 0.000000 0.000000 0.000000 0.000000 0.000000 0.000000 0.000000 0.000000 0.000000 0.000000 0.000000 0.000000 0.000000 0.000000 0.000000 0.000000 0.000000 0.000000 0.000000 0.000000 0.000000 0.000000 0.000000 0.000000 0.000000 0.000000 0.000000 0.000000 0.000000 0.000000 0.000000 0.000000 0.000000 0.000000 0.000000 0.000000 0.000000 0.000000 0.000000 0.000000 0.000000 0.000000 0.000000 0.000000 0.000000 0.000000 0.000000 0.000000 0.000000 0.000000 0.000000 0.000000 0.000000 0.000000 0.000000 0.000000 0.000000 0.000000 0.000000 0.000000 0.000000 0.000000 0.000000 0.000000 0.000000 0.000000 0.000000 0.000000 0.000000 0.000000 0.000000 0.000000 0.000000 0.000000 0.000000 0.000000 0.000000 0.000000 0.000000 0.000000 0.000000 0.000000 0.000000 0.000000 0.000000 0.000000 0.000000 0.000000 0.000000 0.000000 0.000000 0.000000 0.000000 0.000000 0.000000 0.000000 0.000000 0.000000 0.000000 0.000000 0.000000 0.000000 0.000000 0.000000 0.000000 0.000000 0.000000 0.466453 0.534672 0.591625 0.636768 0.679388 0.733572 0.785481 0.833209 0.804823 0.832127 0.852217 0.862601 0.686351 0.828897 0.785025 0.739456 0.760490 0.736239 0.753039 0.795333 0.837521 1.024319 1.004682 1.068081 0.968223 0.840696 0.708244 0.679317
0.000000 0.000000 0.000000 0.000000 0.000000 0.000000 0.000000 0.000000 0.000000 0.000000 0.000000 0.000000 0.000000 0.000000 0.000000 0.000000 0.000000 0.000000 0.000000 0.000000 0.000000 0.000000 0.000000 0.000000 0.000000 0.000000 0.000000 0.000000 0.000000 0.000000 0.000000 0.000000 0.000000 0.000000 0.000000 0.000000 0.000000 0.450642 0.506091 0.560082 0.622515 0.689808 0.741925 0.772350 0.782257 0.781282 0.774834 0.797272 0.830828 0.854330 0.838825 0.810475 0.771153 0.731619 0.693673 0.651493 0.620907 0.621667 0.623629 0.610386 0.582006 0.555857 0.521948 0.489902 0.453240 0.417389 0.000000 0.000000 0.000000 0.000000 0.000000 0.000000 0.000000 0.000000 0.000000 0.000000 0.000000 0.000000 0.000000 0.000000 0.425398 0.000000 0.000000 0.000000 0.000000 0.000000 0.000000 0.453578 0.594620 0.674433 0.765081 0.783807 0.792446 0.792430 0.792224 0.777540 0.753137 0.740908 0.729615 0.719328 0.712625 0.701131 0.676418 0.652686 0.622142 0.591998 0.561194 0.524004 0.524072 0.553239 0.552846 0.501850 0.489205 0.467314 0.446105 0.419645 0.394781 0.000000 0.000000 0.000000 0.000000 0.000000 0.000000 0.000000 0.000000 0.000000 0.000000 0.000000 0.000000 0.000000 0.000000 0.000000 0.000000 0.000000 0.000000 0.000000 0.000000 0.000000 0.000000 0.000000 0.000000 0.000000 0.000000 0.000000 0.000000 0.000000 0.000000 0.000000 0.000000 0.000000 0.000000 0.000000 0.000000 0.000000 0.000000 0.000000 0.000000 0.000000 0.000000 0.000000 0.000000 0.000000 0.000000 0.000000 0.000000 0.000000 0.000000 0.000000 0.000000 0.000000 0.000000 0.000000 0.000000 0.000000 0.000000 0.000000 0.000000 0.000000 0.000000 0.000000 0.000000 0.000000 0.000000 0.000000 0.000000 0.000000 0.000000 0.000000 0.000000 0.000000 0.000000 0.000000 0.000000 0.000000 0.000000 0.000000 0.000000 0.000000 0.000000 0.000000 0.000000 0.000000 0.000000 0.000000 0.000000 0.000000 0.000000 0.000000 0.000000 0.000000 0.000000 0.000000 0.000000 0.000000 0.000000 0.000000 0.000000 0.000000 0.000000 0.000000 0.000000 0.000000 0.000000 0.000000 0.000000 0.000000 0.000000 0.000000 0.000000 0.000000 0.000000 0.000000 0.000000 0.000000 0.000000 0.000000 0.000000 0.000000 0.000000 0.000000 0.000000 0.000000 0.000000 0.000000 0.000000 0.000000 0.000000 0.000000 0.000000 0.000000 0.004000 0.000000 0.000000 0.000000 0.448886 0.495249 0.552180 0.606608 0.649835 0.678518 0.707370 0.756503 0.718400 0.761864 0.802483 0.828720 0.840942 0.829050 0.792403 0.598746 0.651787 0.493718 0.506886 0.723684 0.837650 0.912519 0.848683 0.757561 0.654819 0.686995
0.000000 0.000000 0.000000 0.000000 0.000000 0.000000 0.000000 0.000000 0.000000 0.000000 0.000000 0.000000 0.000000 0.000000 0.000000 0.000000 0.000000 0.000000 0.000000 0.000000 0.000000 0.000000 0.000000 0.000000 0.000000 0.000000 0.000000 0.000000 0.000000 0.000000 0.000000 0.000000 0.000000 0.000000 0.000000 0.408973 0.000000 0.000000 0.000000 0.430967 0.504037 0.566064 0.610379 0.637514 0.695839 0.723477 0.742077 0.769929 0.822910 0.851135 0.843629 0.811272 0.774314 0.736416 0.701248 0.675072 0.616770 0.616738 0.611088 0.613545 0.646423 0.643229 0.633785 0.680571 0.697016 0.708491 0.705881 0.690942 0.657908 0.645864 0.632846 0.626053 0.624077 0.668324 0.673786 0.674929 0.674274 0.668867 0.660267 0.646586 0.579896 0.560673 0.542588 0.526690 0.509881 0.480529 0.441263 0.000000 0.000000 0.000000 0.391505 0.366878 0.402987 0.456627 0.509150 0.620654 0.670655 0.709027 0.725758 0.721691 0.883723 0.701364 0.684344 0.656946 0.625732 0.596049 0.565342 0.537563 0.447494 0.428173 0.409434 0.413946 0.424351 0.425541 0.419757 0.406776 0.000000 0.000000 0.000000 0.000000 0.000000 0.000000 0.000000 0.000000 0.000000 0.000000 0.000000 0.000000 0.000000 0.000000 0.000000 0.000000 0.000000 0.000000 0.000000 0.000000 0.000000 0.000000 0.000000 0.000000 0.000000 0.000000 0.000000 0.000000 0.000000 0.000000 0.000000 0.000000 0.000000 0.000000 0.000000 0.000000 0.000000 0.000000 0.000000 0.000000 0.000000 0.000000 0.000000 0.000000 0.000000 0.000000 0.000000 0.000000 0.000000 0.000000 0.000000 0.000000 0.000000 0.000000 0.000000 0.000000 0.000000 0.000000 0.000000 0.000000 0.000000 0.000000 0.000000 0.000000 0.000000 0.000000 0.000000 0.000000 0.000000 0.000000 0.000000 0.000000 0.000000 0.000000 0.000000 0.000000 0.000000 0.000000 0.000000 0.000000 0.000000 0.000000 0.000000 0.000000 0.000000 0.000000 0.000000 0.000000 0.000000 0.000000 0.000000 0.000000 0.000000 0.000000 0.000000 0.000000 0.000000 0.000000 0.000000 0.000000 0.000000 0.000000 0.000000 0.000000 0.000000 0.000000 0.000000 0.000000 0.000000 0.000000 0.000000 0.000000 0.000000 0.000000 0.000000 0.000000 0.000000 0.000000 0.000000 0.000000 0.000000 0.000000 0.000000 0.000000 0.000000 0.000000 0.000000 0.000000 0.000000 0.000000 0.000000 0.000000 0.000000 0.000000 0.000000 0.000000 0.000000 0.000000 0.000000 0.000000 0.000000 0.462102 0.518911 0.567229 0.600692 0.616175 0.682870 0.663891 0.634815 0.681728 0.731899 0.812312 0.851385 0.938934 0.943762 0.901288 0.799877 0.747599 0.696150 0.644854 0.705337 0.654600 0.607723 0.700579
0.000000 0.000000 0.000000 0.000000 0.000000 0.000000 0.000000 0.000000 0.000000 0.000000 0.000000 0.000000 0.000000 0.000000 0.000000 0.000000 0.000000 0.000000 0.000000 0.000000 0.000000 0.000000 0.000000 0.000000 0.000000 0.000000 0.000000 0.000000 0.000000 0.000000 0.000000 0.000000 0.000000 0.000000 0.000000 0.000000 0.000000 0.000000 0.000000 0.000000 0.000000 0.426443 0.441466 0.565599 0.634695 0.687283 0.731050 0.782304 0.882384 0.862122 0.807578 0.796631 0.893922 1.101510 0.710790 0.634549 0.603717 1.065053 1.259092 1.103238 0.867731 0.696885 0.718509 0.735037 0.742966 0.879974 0.950451 0.945152 0.941216 0.865538 0.862540 0.859419 0.856422 0.852561 0.842052 0.827461 0.813875 0.799350 0.781705 0.759456 0.793986 0.774565 0.756007 0.730193 0.691498 0.660499 0.622023 0.586190 0.556334 0.525392 0.492968 0.453171 0.510685 0.460690 0.485959 0.489506 0.593216 0.622115 0.650067 0.669605 0.683964 0.689599 0.681949 0.663566 0.639959 0.611869 0.579214 0.543900 0.459495 0.441894 0.419332 0.397261 0.000000 0.000000 0.000000 0.000000 0.000000 0.000000 0.000000 0.000000 0.000000 0.000000 0.000000 0.000000 0.000000 0.000000 0.000000 0.000000 0.000000 0.000000 0.000000 0.000000 0.000000 0.000000 0.000000 0.000000 0.000000 0.000000 0.000000 0.000000 0.000000 0.000000 0.000000 0.000000 0.000000 0.000000 0.000000 0.000000 0.000000 0.000000 0.000000 0.000000 0.000000 0.000000 0.000000 0.000000 0.000000 0.000000 0.000000 0.000000 0.000000 0.000000 0.000000 0.000000 0.000000 0.000000 0.000000 0.000000 0.000000 0.000000 0.000000 0.000000 0.000000 0.000000 0.000000 0.000000 0.000000 0.000000 0.000000 0.000000 0.000000 0.000000 0.000000 0.000000 0.000000 0.000000 0.000000 0.000000 0.000000 0.000000 0.000000 0.000000 0.000000 0.000000 0.000000 0.000000 0.000000 0.000000 0.000000 0.000000 0.000000 0.000000 0.000000 0.000000 0.000000 0.000000 0.000000 0.000000 0.000000 0.000000 0.000000 0.000000 0.000000 0.000000 0.000000 0.000000 0.000000 0.000000 0.000000 0.000000 0.000000 0.000000 0.000000 0.000000 0.000000 0.000000 0.000000 0.000000 0.000000 0.000000 0.000000 0.000000 0.000000 0.000000 0.000000 0.000000 0.000000 0.000000 0.000000 0.000000 0.000000 0.000000 0.000000 0.000000 0.000000 0.000000 0.000000 0.000000 0.000000 0.000000 0.000000 0.000000 0.000000 0.457189 0.000000 0.000000 0.000000 0.000000 0.000000 0.000000 0.462413 0.499047 0.519326 0.529773 0.521806 0.509065 0.556957 0.608952 0.705473 0.791074 0.859315 0.896880 0.904654 0.871163 0.813253 0.751952 0.698993 0.620405 0.491388 0.707585
0.000000 0.000000 0.000000 0.000000 0.000000 0.000000 0.000000 0.000000 0.000000 0.000000 0.000000 0.000000 0.000000 0.000000 0.000000 0.000000 0.000000 0.000000 0.000000 0.000000 0.000000 0.000000 0.000000 0.000000 0.000000 0.000000 0.000000 0.000000 0.000000 0.000000 0.000000 0.000000 0.000000 0.000000 0.000000 0.000000 0.000000 0.000000 0.000000 0.000000 0.000000 0.000000 0.415333 0.467486 0.549675 0.611805 0.660578 0.706798 0.779624 0.718418 0.711717 0.724366 0.738509 0.616646 0.650057 0.679680 0.703390 0.733328 0.765077 0.786807 0.797059 0.801744 0.803740 0.979090 1.012331 0.885342 1.141533 0.809315 0.823961 0.839611 0.848918 1.094168 0.999280 1.105678 0.983267 0.971433 0.954608 0.939992 0.923838 0.908019 0.971429 0.950114 0.928689 0.899094 0.862782 0.830431 0.789543 0.755193 0.722519 0.687657 0.659105 0.617782 0.533728 0.488743 0.442694 0.398169 0.000000 0.397371 0.428911 0.448158 0.558547 0.586243 0.602499 0.604439 0.596502 0.579104 0.553421 0.459950 0.446509 0.425893 0.406525 0.000000 0.000000 0.000000 0.000000 0.000000 0.000000 0.000000 0.000000 0.000000 0.000000 0.000000 0.000000 0.000000 0.000000 0.000000 0.000000 0.000000 0.000000 0.000000 0.000000 0.000000 0.000000 0.000000 0.000000 0.000000 0.000000 0.000000 0.000000 0.000000 0.000000 0.000000 0.000000 0.000000 0.000000 0.000000 0.000000 0.000000 0.000000 0.000000 0.000000 0.000000 0.000000 0.000000 0.000000 0.000000 0.000000 0.000000 0.000000 0.000000 0.000000 0.000000 0.000000 0.000000 0.000000 0.000000 0.000000 0.000000 0.000000 0.000000 0.000000 0.000000 0.000000 0.000000 0.000000 0.000000 0.000000 0.000000 0.000000 0.000000 0.000000 0.000000 0.000000 0.000000 0.000000 0.000000 0.000000 0.000000 0.000000 0.000000 0.000000 0.000000 0.000000 0.000000 0.000000 0.000000 0.000000 0.000000 0.000000 0.000000 0.000000 0.000000 0.000000 0.000000 0.000000 0.000000 0.000000 0.000000 0.000000 0.000000 0.000000 0.000000 0.000000 0.000000 0.000000 0.000000 0.000000 0.000000 0.000000 0.000000 0.000000 0.000000 0.000000 0.000000 0.000000 0.000000 0.000000 0.000000 0.000000 0.000000 0.000000 0.000000 0.000000 0.000000 0.000000 0.000000 0.000000 0.000000 0.000000 0.000000 0.000000 0.000000 0.000000 0.000000 0.000000 0.000000 0.000000 0.000000 0.000000 0.000000 0.000000 0.000000 0.000000 0.000000 0.000000 0.000000 0.000000 0.000000 0.000000 0.000000 0.000000 0.000000 0.000000 0.430335 0.446314 0.465640 0.464887 0.454540 0.000000 0.000000 0.539976 0.671855 0.754763 0.790457 0.788189 0.762808 0.659721 0.590123 0.436229 0.708204
0.000000 0.000000 0.000000 0.000000 0.000000 0.000000 0.000000 0.000000 0.000000 0.000000 0.000000 0.000000 0.000000 0.000000 0.000000 0.000000 0.000000 0.000000 0.000000 0.000000 0.000000 0.000000 0.000000 0.000000 0.000000 0.000000 0.000000 0.000000 0.000000 0.000000 0.000000 0.000000 0.000000 0.000000 0.000000 0.000000 0.000000 0.000000 0.000000 0.586253 0.000000 0.000000 0.000000 0.000000 0.000000 0.000000 0.397170 0.453021 0.502576 0.614614 0.690978 0.768910 0.829303 0.832192 0.831855 0.886359 0.922619 0.915351 0.724391 0.724403 0.728966 0.733825 0.735529 0.741693 0.757580 0.876985 0.882834 0.779791 0.795083 0.813359 0.822722 0.828273 1.484183 1.013064 1.235973 1.026859 1.019344 1.007451 0.997132 1.079178 1.066375 1.054960 1.045091 1.032069 1.007747 0.984737 0.952726 0.902420 0.860968 0.812501 0.768365 0.740279 0.696163 0.648883 0.605176 0.561352 0.516858 0.393144 0.000000 0.000000 0.000000 0.000000 0.413416 0.422417 0.424137 0.422583 0.417080 0.407692 0.393861 0.000000 0.000000 0.000000 0.000000 0.000000 0.000000 0.000000 0.000000 0.000000 0.000000 0.000000 0.000000 0.000000 0.000000 0.000000 0.000000 0.000000 0.000000 0.000000 0.000000 0.000000 0.000000 0.000000 0.000000 0.000000 0.000000 0.000000 0.000000 0.000000 0.000000 0.000000 0.000000 0.000000 0.000000 0.000000 0.000000 0.000000 0.000000 0.000000 0.000000 0.000000 0.000000 0.000000 0.000000 0.000000 0.000000 0.000000 0.000000 0.000000 0.000000 0.000000 0.000000 0.000000 0.000000 0.000000 0.000000 0.000000 0.000000 0.000000 0.000000 0.000000 0.000000 0.000000 0.000000 0.000000 0.000000 0.000000 0.000000 0.000000 0.000000 0.000000 0.000000 0.000000 0.000000 0.000000 0.000000 0.000000 0.000000 0.000000 0.000000 0.000000 0.000000 0.000000 0.000000 0.000000 0.000000 0.000000 0.000000 0.000000 0.000000 0.000000 0.000000 0.000000 0.000000 0.000000 0.000000 0.000000 0.000000 0.000000 0.000000 0.000000 0.000000 0.000000 0.000000 0.000000 0.000000 0.000000 0.000000 0.000000 0.000000 0.000000 0.000000 0.000000 0.000000 0.000000 0.000000 0.000000 0.000000 0.000000 0.000000 0.000000 0.000000 0.000000 0.000000 0.000000 0.000000 0.000000 0.000000 0.000000 0.000000 0.000000 0.000000 0.000000 0.000000 0.000000 0.000000 0.000000 0.000000 0.000000 0.000000 0.000000 0.000000 0.000000 0.000000 0.000000 0.000000 0.000000 0.000000 0.000000 0.000000 0.000000 0.000000 0.000000 0.000000 0.000000 0.000000 0.000000 0.000000 0.000000 0.000000 0.000000 0.000000 0.000000 0.442657 0.566636 0.644816 0.730695 0.705653 0.625390 0.432348 0.691657
0.000000 0.000000 0.000000 0.000000 0.000000 0.000000 0.000000 0.000000 0.000000 0.000000 0.000000 0.000000 0.000000 0.000000 0.000000 0.000000 0.000000 0.000000 0.000000 0.000000 0.000000 0.000000 0.000000 0.000000 0.000000 0.000000 0.000000 0.000000 0.000000 0.000000 0.000000 0.000000 0.000000 0.000000 0.000000 0.000000 0.000000 0.000000 0.000000 0.000000 0.000000 0.000000 0.000000 0.000000 0.000000 0.406125 0.449394 0.487480 0.531136 0.615971 0.688588 0.800133 0.793214 0.936986 0.860912 0.958962 0.922973 0.873084 0.862384 0.687920 0.674923 0.661733 0.652030 0.643360 0.646108 0.646273 0.655473 0.678772 0.692098 0.709464 0.735980 0.767333 0.798014 0.836109 1.035604 1.064844 1.070889 1.065545 1.155803 1.154659 1.151824 1.152814 1.160083 1.166019 1.172478 1.154637 1.121926 1.058423 1.003629 0.949245 0.891709 0.835980 0.771346 0.713049 0.659244 0.614160 0.573933 0.464579 0.430526 0.396739 0.000000 0.000000 0.000000 0.000000 0.000000 0.000000 0.000000 0.000000 0.000000 0.000000 0.000000 0.000000 0.000000 0.000000 0.000000 0.000000 0.000000 0.000000 0.000000 0.000000 0.000000 0.000000 0.000000 0.000000 0.000000 0.000000 0.000000 0.000000 0.000000 0.000000 0.000000 0.000000 0.000000 0.000000 0.000000 0.000000 0.000000 0.000000 0.000000 0.000000 0.000000 0.000000 0.000000 0.000000 0.000000 0.000000 0.000000 0.000000 0.000000 0.000000 0.000000 0.000000 0.000000 0.000000 0.000000 0.000000 0.000000 0.000000 0.000000 0.000000 0.000000 0.000000 0.000000 0.000000 0.000000 0.000000 0.000000 0.000000 0.000000 0.000000 0.000000 0.000000 0.000000 0.000000 0.000000 0.000000 0.000000 0.000000 0.000000 0.000000 0.000000 0.000000 0.000000 0.000000 0.000000 0.000000 0.000000 0.000000 0.000000 0.000000 0.000000 0.000000 0.000000 0.000000 0.000000 0.000000 0.000000 0.000000 0.000000 0.000000 0.000000 0.000000 0.000000 0.000000 0.000000 0.000000 0.000000 0.000000 0.000000 0.000000 0.000000 0.000000 0.000000 0.000000 0.000000 0.000000 0.000000 0.000000 0.000000 0.000000 0.000000 0.000000 0.000000 0.000000 0.000000 0.000000 0.000000 0.000000 0.000000 0.000000 0.000000 0.000000 0.000000 0.000000 0.000000 0.000000 0.000000 0.000000 0.000000 0.000000 0.000000 0.000000 0.000000 0.000000 0.000000 0.000000 0.000000 0.000000 0.000000 0.000000 0.000000 0.000000 0.000000 0.000000 0.000000 0.000000 0.000000 0.000000 0.000000 0.000000 0.000000 0.000000 0.000000 0.000000 0.000000 0.000000 0.000000 0.000000 0.000000 0.000000 0.000000 0.000000 0.000000 0.000000 0.417862 0.628742 0.632737 0.604476 0.516660 0.642197
0.000000 0.000000 0.000000 0.000000 0.000000 0.000000 0.000000 0.000000 0.000000 0.000000 0.000000 0.000000 0.000000 0.000000 0.000000 0.000000 0.000000 0.000000 0.000000 0.000000 0.000000 0.000000 0.000000 0.000000 0.000000 0.000000 0.000000 0.000000 0.000000 0.000000 0.000000 0.000000 0.000000 0.000000 0.000000 0.000000 0.000000 0.000000 0.000000 0.399824 0.453280 0.475261 0.486873 0.497710 0.498407 0.484454 0.561696 0.555125 0.589334 0.654584 0.947465 0.773308 1.378187 0.830673 0.844713 0.802283 0.854169 0.866496 1.327713 0.718988 0.695853 0.681919 0.664621 0.646825 0.637196 0.620695 0.601480 0.586859 0.571712 0.582611 0.621145 0.672142 0.726628 0.787927 0.850563 1.038738 1.068209 1.177925 1.540056 1.586672 1.162338 1.168651 1.183803 1.196217 1.197409 1.175489 1.123467 1.072721 1.022488 0.967232 0.920829 0.861970 0.801595 0.742815 0.698130 0.652573 0.611745 0.569442 0.467014 0.454189 0.436911 0.417705 0.398771 0.000000 0.000000 0.000000 0.000000 0.000000 0.000000 0.000000 0.000000 0.000000 0.000000 0.000000 0.000000 0.000000 0.000000 0.000000 0.000000 0.000000 0.000000 0.000000 0.000000 0.000000 0.000000 0.000000 0.000000 0.000000 0.000000 0.000000 0.000000 0.000000 0.000000 0.000000 0.000000 0.000000 0.000000 0.000000 0.000000 0.000000 0.000000 0.000000 0.000000 0.000000 0.000000 0.000000 0.000000 0.000000 0.000000 0.000000 0.000000 0.000000 0.000000 0.000000 0.000000 0.000000 0.000000 0.000000 0.000000 0.000000 0.000000 0.000000 0.000000 0.000000 0.000000 0.000000 0.000000 0.000000 0.000000 0.000000 0.000000 0.000000 0.000000 0.000000 0.000000 0.000000 0.000000 0.000000 0.000000 0.000000 0.000000 0.000000 0.000000 0.000000 0.000000 0.000000 0.000000 0.000000 0.000000 0.000000 0.000000 0.000000 0.000000 0.000000 0.000000 0.000000 0.000000 0.000000 0.000000 0.000000 0.000000 0.000000 0.000000 0.000000 0.000000 0.000000 0.000000 0.000000 0.000000 0.000000 0.000000 0.000000 0.000000 0.000000 0.000000 0.000000 0.000000 0.000000 0.000000 0.000000 0.000000 0.000000 0.000000 0.000000 0.000000 0.000000 0.000000 0.000000 0.000000 0.000000 0.000000 0.000000 0.000000 0.000000 0.000000 0.000000 0.000000 0.000000 0.000000 0.000000 0.000000 0.000000 0.000000 0.000000 0.000000 0.000000 0.000000 0.000000 0.000000 0.000000 0.000000 0.000000 0.000000 0.000000 0.000000 0.000000 0.000000 0.000000 0.000000 0.000000 0.000000 0.000000 0.000000 0.000000 0.000000 0.000000 0.000000 0.000000 0.000000 0.000000 0.000000 0.000000 0.547701 0.634289 0.687816 0.716633 0.725046 0.712014 0.672520 0.659215
0.000000 0.000000 0.000000 0.000000 0.000000 0.000000 0.000000 0.000000 0.000000 0.000000 0.000000 0.000000 0.000000 0.000000 0.000000 0.000000 0.000000 0.000000 0.000000 0.000000 0.000000 0.000000 0.000000 0.000000 0.000000 0.000000 0.000000 0.000000 0.000000 0.000000 0.000000 0.000000 0.000000 0.000000 0.000000 0.000000 0.000000 0.000000 0.000000 0.508137 0.579244 0.625143 0.641994 0.649411 0.635090 0.612176 0.571725 0.538379 0.503780 0.468499 0.439374 0.412779 0.528286 0.627049 0.686887 0.755029 0.743527 1.043795 0.768839 0.804850 0.805605 0.772389 0.747233 0.734031 0.727983 0.870120 0.707432 0.650791 0.582883 0.565188 0.572066 0.567154 0.591940 0.622164 0.798262 0.816601 0.835241 0.934397 0.955984 0.982191 1.021989 1.053556 1.042647 0.989653 0.938845 0.919866 0.927950 0.948176 0.956173 0.949558 0.925950 0.886958 0.848462 0.808936 0.776664 0.743456 0.707672 0.669506 0.633679 0.561819 0.549077 0.530030 0.511814 0.495091 0.472639 0.450385 0.421719 0.000000 0.000000 0.000000 0.000000 0.000000 0.000000 0.000000 0.000000 0.000000 0.000000 0.000000 0.000000 0.000000 0.000000 0.000000 0.000000 0.000000 0.000000 0.000000 0.000000 0.000000 0.000000 0.000000 0.000000 0.000000 0.000000 0.000000 0.000000 0.000000 0.000000 0.000000 0.000000 0.000000 0.000000 0.000000 0.000000 0.000000 0.000000 0.000000 0.000000 0.000000 0.000000 0.000000 0.000000 0.000000 0.000000 0.000000 0.000000 0.000000 0.000000 0.000000 0.000000 0.000000 0.000000 0.000000 0.000000 0.000000 0.000000 0.000000 0.000000 0.000000 0.000000 0.000000 0.000000 0.000000 0.000000 0.000000 0.000000 0.000000 0.000000 0.000000 0.000000 0.000000 0.000000 0.000000 0.000000 0.000000 0.000000 0.000000 0.000000 0.000000 0.000000 0.000000 0.000000 0.000000 0.000000 0.000000 0.000000 0.000000 0.000000 0.000000 0.000000 0.000000 0.000000 0.000000 0.000000 0.000000 0.000000 0.000000 0.000000 0.000000 0.000000 0.000000 0.000000 0.000000 0.000000 0.000000 0.000000 0.000000 0.000000 0.000000 0.000000 0.000000 0.000000 0.000000 0.000000 0.000000 0.000000 0.000000 0.000000 0.000000 0.000000 0.000000 0.000000 0.000000 0.000000 0.000000 0.000000 0.000000 0.000000 0.000000 0.000000 0.000000 0.000000 0.000000 0.000000 0.000000 0.000000 0.000000 0.004000 0.000000 0.000000 0.000000 0.000000 0.000000 0.453819 0.000000 0.000000 0.000000 0.000000 0.000000 0.000000 0.000000 0.000000 0.000000 0.000000 0.000000 0.000000 0.000000 0.000000 0.000000 0.000000 0.000000 0.458997 0.537807 0.686122 0.774758 0.843708 0.897575 0.896516 0.852839 0.785716 0.595601
0.000000 0.000000 0.000000 0.000000 0.000000 0.000000 0.000000 0.000000 0.000000 0.000000 0.000000 0.000000 0.000000 0.000000 0.000000 0.000000 0.000000 0.000000 0.000000 0.000000 0.000000 0.000000 0.000000 0.000000 0.000000 0.000000 0.000000 0.000000 0.000000 0.000000 0.000000 0.000000 0.000000 0.000000 0.000000 0.000000 0.000000 0.000000 0.000000 0.000000 0.402346 0.510840 0.588498 0.628202 0.634707 0.623105 0.598050 0.563601 0.529763 0.558401 0.553725 0.649891 0.697953 0.724765 0.741013 0.756190 0.699894 0.778453 0.784210 0.785882 0.782733 0.789683 0.849996 0.805904 0.720280 0.674742 0.701471 0.676935 0.707085 0.554866 0.528256 0.668016 0.759827 0.768977 0.721143 0.669469 0.520345 0.537361 0.690970 0.715576 0.733842 0.748031 0.754834 0.766466 0.787012 0.792358 0.786845 0.784395 0.877302 0.899888 0.911770 0.912769 0.906929 0.892672 0.870430 0.848759 0.818672 0.783359 0.742794 0.705186 0.650120 0.623887 0.599678 0.572159 0.552874 0.528877 0.505624 0.478751 0.450247 0.418415 0.000000 0.000000 0.000000 0.000000 0.000000 0.000000 0.000000 0.000000 0.000000 0.000000 0.000000 0.000000 0.000000 0.000000 0.000000 0.000000 0.000000 0.000000 0.000000 0.000000 0.000000 0.000000 0.000000 0.000000 0.000000 0.000000 0.000000 0.000000 0.000000 0.000000 0.000000 0.000000 0.000000 0.000000 0.000000 0.000000 0.000000 0.000000 0.000000 0.000000 0.000000 0.000000 0.000000 0.000000 0.000000 0.000000 0.000000 0.000000 0.000000 0.000000 0.000000 0.000000 0.000000 0.000000 0.000000 0.000000 0.000000 0.000000 0.000000 0.000000 0.000000 0.000000 0.000000 0.000000 0.000000 0.000000 0.000000 0.000000 0.000000 0.000000 0.000000 0.000000 0.000000 0.000000 0.000000 0.000000 0.000000 0.000000 0.000000 0.000000 0.000000 0.000000 0.000000 0.000000 0.000000 0.000000 0.000000 0.000000 0.000000 0.000000 0.000000 0.000000 0.000000 0.000000 0.000000 0.000000 0.000000 0.000000 0.000000 0.000000 0.000000 0.000000 0.000000 0.000000 0.000000 0.000000 0.000000 0.000000 0.000000 0.000000 0.000000 0.000000 0.000000 0.000000 0.000000 0.000000 0.000000 0.000000 0.000000 0.000000 0.000000 0.000000 0.000000 0.000000 0.000000 0.000000 0.000000 0.000000 0.000000 0.000000 0.000000 0.000000 0.000000 0.000000 0.000000 0.000000 0.000000 0.000000 0.000000 0.000000 0.000000 0.000000 0.000000 0.000000 0.000000 0.472385 0.000000 0.000000 0.000000 0.000000 0.423940 0.000000 0.490792 0.530095 0.564691 0.555973 0.512443 0.437919 0.000000 0.512125 0.597821 0.685189 0.790259 0.875175 0.941468 1.008584 0.991731 0.876224 0.802117 0.651966
0.000000 0.000000 0.000000 0.000000 0.000000 0.000000 0.000000 0.000000 0.000000 0.000000 0.000000 0.000000 0.000000 0.000000 0.000000 0.000000 0.000000 0.000000 0.000000 0.000000 0.000000 0.000000 0.000000 0.000000 0.000000 0.000000 0.000000 0.000000 0.000000 0.000000 0.000000 0.000000 0.000000 0.000000 0.000000 0.000000 0.000000 0.000000 0.000000 0.000000 0.000000 0.000000 0.000000 0.000000 0.445841 0.502709 0.552996 0.580431 0.623218 0.677683 0.715292 0.743992 0.759616 0.766751 0.765077 0.772775 0.789562 0.805738 0.811495 0.816151 0.819889 0.819562 0.815853 0.804289 0.783613 0.762321 0.732428 0.702447 0.678086 0.654439 0.627432 0.600330 0.572569 0.529161 0.537763 0.586182 0.683490 0.770497 0.759154 0.713752 0.673446 0.655820 0.648322 0.657910 0.666899 0.679385 0.687431 0.699523 0.710303 0.740120 0.829055 0.840059 0.847913 0.857943 0.864714 0.864661 0.858014 0.841085 0.814347 0.780149 0.752145 0.725635 0.698558 0.677458 0.650758 0.625200 0.601729 0.572076 0.546820 0.515809 0.492115 0.463911 0.438005 0.407517 0.000000 0.000000 0.000000 0.000000 0.000000 0.000000 0.000000 0.000000 0.000000 0.000000 0.000000 0.000000 0.000000 0.000000 0.000000 0.000000 0.000000 0.000000 0.000000 0.000000 0.000000 0.000000 0.000000 0.000000 0.000000 0.000000 0.000000 0.000000 0.000000 0.000000 0.000000 0.000000 0.000000 0.000000 0.000000 0.000000 0.000000 0.000000 0.000000 0.000000 0.000000 0.000000 0.000000 0.000000 0.000000 0.000000 0.000000 0.000000 0.000000 0.000000 0.000000 0.000000 0.000000 0.000000 0.000000 0.000000 0.000000 0.000000 0.000000 0.000000 0.000000 0.000000 0.000000 0.000000 0.000000 0.000000 0.000000 0.000000 0.000000 0.000000 0.000000 0.000000 0.000000 0.000000 0.000000 0.000000 0.000000 0.000000 0.000000 0.000000 0.000000 0.000000 0.000000 0.000000 0.000000 0.000000 0.000000 0.000000 0.000000 0.000000 0.000000 0.000000 0.000000 0.000000 0.000000 0.000000 0.000000 0.000000 0.000000 0.000000 0.000000 0.000000 0.000000 0.000000 0.000000 0.000000 0.000000 0.000000 0.000000 0.000000 0.000000 0.000000 0.000000 0.000000 0.000000 0.000000 0.000000 0.000000 0.000000 0.000000 0.000000 0.000000 0.000000 0.000000 0.000000 0.000000 0.000000 0.000000 0.000000 0.000000 0.000000 0.000000 0.000000 0.000000 0.000000 0.000000 0.000000 0.000000 0.000000 0.000000 0.000000 0.000000 0.000000 0.000000 0.000000 0.000000 0.000000 0.000000 0.454857 0.634517 0.748581 0.794116 0.790585 0.760435 0.740026 0.689735 0.692958 0.714836 0.881824 0.963415 1.035131 1.105491 1.018148 0.957977 0.861142 0.736688
0.000000 0.000000 0.000000 0.000000 0.000000 0.000000 0.000000 0.000000 0.000000 0.000000 0.000000 0.000000 0.000000 0.000000 0.000000 0.000000 0.000000 0.000000 0.000000 0.000000 0.000000 0.000000 0.000000 0.000000 0.000000 0.000000 0.000000 0.000000 0.000000 0.000000 0.000000 0.000000 0.000000 0.000000 0.000000 0.000000 0.000000 0.000000 0.434579 0.000000 0.000000 0.000000 0.000000 0.000000 0.426199 0.509349 0.573782 0.635326 0.699928 0.766419 0.800561 0.807729 0.797344 0.791411 0.785092 0.778550 0.780158 0.784565 0.785905 0.791147 0.796740 0.799614 0.801654 0.799116 0.789060 0.768926 0.737106 0.711385 0.681940 0.657358 0.631410 0.566187 0.539026 0.596631 0.619585 0.627203 0.769817 0.598530 0.604927 0.617098 0.622810 0.602521 0.651223 0.690112 0.698898 0.657892 0.639942 0.624710 0.658805 0.638306 0.601263 0.569265 0.613483 0.671707 0.730928 0.782532 0.830759 0.852032 0.860632 0.856918 0.847568 0.828964 0.799476 0.766837 0.739804 0.704176 0.678329 0.645371 0.614757 0.581322 0.555369 0.524017 0.495958 0.463072 0.425992 0.000000 0.000000 0.000000 0.000000 0.000000 0.000000 0.000000 0.000000 0.000000 0.000000 0.000000 0.000000 0.000000 0.000000 0.000000 0.000000 0.000000 0.000000 0.000000 0.000000 0.000000 0.000000 0.000000 0.000000 0.000000 0.000000 0.000000 0.000000 0.000000 0.000000 0.000000 0.000000 0.000000 0.000000 0.000000 0.000000 0.000000 0.000000 0.000000 0.000000 0.000000 0.000000 0.000000 0.000000 0.000000 0.000000 0.000000 0.000000 0.000000 0.000000 0.000000 0.000000 0.000000 0.000000 0.000000 0.000000 0.000000 0.000000 0.000000 0.000000 0.000000 0.000000 0.000000 0.000000 0.000000 0.000000 0.000000 0.000000 0.000000 0.000000 0.000000 0.000000 0.000000 0.000000 0.000000 0.000000 0.000000 0.000000 0.000000 0.000000 0.000000 0.000000 0.000000 0.000000 0.000000 0.000000 0.000000 0.000000 0.000000 0.000000 0.000000 0.000000 0.000000 0.000000 0.000000 0.000000 0.000000 0.000000 0.000000 0.000000 0.000000 0.000000 0.000000 0.000000 0.000000 0.000000 0.000000 0.000000 0.000000 0.000000 0.000000 0.000000 0.000000 0.000000 0.000000 0.000000 0.000000 0.000000 0.000000 0.000000 0.000000 0.000000 0.000000 0.000000 0.000000 0.000000 0.000000 0.000000 0.000000 0.000000 0.000000 0.000000 0.000000 0.000000 0.000000 0.000000 0.000000 0.000000 0.000000 0.587126 0.000000 0.000000 0.000000 0.000000 0.000000 0.000000 0.000000 0.000000 0.416049 0.727724 0.884465 0.971976 0.949647 0.967993 0.958467 0.925080 0.930219 0.973157 1.017896 1.069860 1.132610 1.116937 1.037939 0.942702 0.801585
0.000000 0.000000 0.000000 0.000000 0.000000 0.000000 0.000000 0.000000 0.000000 0.000000 0.000000 0.000000 0.000000 0.000000 0.000000 0.000000 0.000000 0.000000 0.000000 0.000000 0.000000 0.000000 0.000000 0.000000 0.000000 0.000000 0.000000 0.000000 0.000000 0.000000 0.000000 0.000000 0.000000 0.000000 0.000000 0.000000 0.000000 0.000000 0.815995 0.000000 0.000000 0.000000 0.000000 0.000000 0.000000 0.470390 0.561633 0.625146 0.660535 0.678582 0.685779 0.682783 0.675573 0.668386 0.667921 0.673430 0.688032 0.703315 0.724191 0.737835 0.743513 0.742544 0.735744 0.724035 0.707246 0.691888 0.671012 0.638678 0.616726 0.597348 0.576843 0.561588 0.541699 0.575680 0.580439 0.572954 0.566041 0.565907 0.537155 0.545563 0.526287 0.522534 0.523831 0.514047 0.499477 0.477666 0.454543 0.423569 0.401155 0.380268 0.000000 0.000000 0.509006 0.571011 0.590023 0.608522 0.693187 0.761207 0.812652 0.842307 0.854492 0.854413 0.843886 0.820450 0.780765 0.747998 0.707695 0.674453 0.632745 0.599359 0.563119 0.527633 0.496079 0.464942 0.437306 0.407079 0.000000 0.000000 0.000000 0.000000 0.000000 0.000000 0.000000 0.000000 0.000000 0.000000 0.000000 0.000000 0.000000 0.000000 0.000000 0.000000 0.000000 0.000000 0.000000 0.395761 0.454767 0.514980 0.561946 0.590259 0.605473 0.607109 0.609613 0.609538 0.606062 0.599251 0.591551 0.585826 0.584906 0.589282 0.596187 0.598655 0.595890 0.592695 0.587095 0.577805 0.569099 0.560763 0.549808 0.538472 0.526037 0.515394 0.507981 0.498206 0.484829 0.466449 0.446808 0.000000 0.000000 0.000000 0.000000 0.000000 0.000000 0.000000 0.000000 0.000000 0.000000 0.000000 0.000000 0.000000 0.000000 0.000000 0.000000 0.000000 0.000000 0.000000 0.000000 0.000000 0.000000 0.000000 0.000000 0.000000 0.000000 0.000000 0.000000 0.000000 0.000000 0.000000 0.000000 0.000000 0.000000 0.000000 0.000000 0.000000 0.000000 0.000000 0.000000 0.000000 0.000000 0.000000 0.000000 0.000000 0.000000 0.000000 0.000000 0.000000 0.000000 0.000000 0.000000 0.000000 0.000000 0.000000 0.000000 0.000000 0.000000 0.000000 0.000000 0.000000 0.000000 0.000000 0.000000 0.000000 0.000000 0.000000 0.000000 0.000000 0.000000 0.000000 0.000000 0.000000 0.000000 0.000000 0.000000 0.000000 0.000000 0.000000 0.000000 0.000000 0.000000 0.000000 0.000000 0.000000 0.000000 0.000000 0.000000 0.000000 0.000000 0.000000 0.000000 0.000000 0.000000 0.457490 0.646215 0.528511 0.616057 0.680644 0.776629 1.010692 1.110242 1.163087 1.187909 1.194667 1.208232 1.229158 1.286928 1.319439 1.270006 1.163074 1.030378 0.877473
0.000000 0.000000 0.000000 0.000000 0.000000 0.000000 0.000000 0.000000 0.000000 0.000000 0.000000 0.000000 0.000000 0.000000 0.000000 0.000000 0.000000 0.000000 0.000000 0.000000 0.000000 0.000000 0.000000 0.000000 0.000000 0.000000 0.000000 0.000000 0.000000 0.000000 0.000000 0.000000 0.000000 0.000000 0.000000 0.000000 0.000000 0.000000 0.000000 0.000000 0.000000 0.000000 0.000000 0.000000 0.000000 0.000000 0.000000 0.000000 0.000000 0.415426 0.446152 0.460298 0.479892 0.503434 0.530950 0.563754 0.599462 0.625993 0.642093 0.651687 0.654619 0.654147 0.650571 0.642693 0.632793 0.625506 0.613371 0.592099 0.568616 0.553879 0.538545 0.509011 0.508195 0.491597 0.469319 0.449987 0.424935 0.500040 0.431845 0.455590 0.476471 0.485530 0.481477 0.471700 0.462667 0.449419 0.424011 0.395783 0.000000 0.000000 0.615725 0.567676 0.443824 0.000000 0.453737 0.514456 0.559494 0.588363 0.619821 0.687792 0.739329 0.764336 0.767138 0.754767 0.732014 0.704048 0.683083 0.653347 0.619599 0.582185 0.547717 0.512927 0.485776 0.460463 0.435642 0.408092 0.000000 0.000000 0.000000 0.000000 0.000000 0.000000 0.000000 0.000000 0.000000 0.000000 0.000000 0.000000 0.000000 0.000000 0.397890 0.432253 0.466120 0.503000 0.551990 0.621018 0.693906 0.753004 0.782891 0.800730 0.798690 0.788527 0.784736 0.782999 0.815357 0.835075 0.843052 0.843116 0.836043 0.827575 0.822236 0.815575 0.807132 0.799102 0.789727 0.779968 0.774526 0.772465 0.770557 0.768959 0.766068 0.761233 0.753711 0.743513 0.729030 0.707908 0.686418 0.660364 0.627291 0.592751 0.554965 0.513382 0.467533 0.000000 0.000000 0.000000 0.000000 0.000000 0.000000 0.000000 0.000000 0.000000 0.000000 0.000000 0.000000 0.000000 0.000000 0.000000 0.000000 0.000000 0.000000 0.000000 0.000000 0.000000 0.000000 0.000000 0.000000 0.000000 0.000000 0.000000 0.000000 0.000000 0.000000 0.000000 0.000000 0.000000 0.000000 0.000000 0.000000 0.000000 0.000000 0.000000 0.000000 0.000000 0.000000 0.000000 0.000000 0.000000 0.000000 0.000000 0.000000 0.000000 0.000000 0.000000 0.000000 0.000000 0.000000 0.000000 0.000000 0.000000 0.000000 0.000000 0.000000 0.000000 0.000000 0.000000 0.000000 0.000000 0.000000 0.000000 0.000000 0.000000 0.000000 0.000000 0.000000 0.000000 0.000000 0.000000 0.000000 0.000000 0.000000 0.000000 0.000000 0.000000 0.000000 0.000000 0.336872 0.000000 0.000000 0.000000 0.000000 0.556351 0.751111 0.772611 0.825056 0.906402 0.994407 0.992146 1.027948 0.884637 1.107154 1.234499 1.299452 1.353547 1.393412 1.441276 1.351261 1.220067 0.911247 0.742547
0.000000 0.000000 0.000000 0.000000 0.000000 0.000000 0.000000 0.000000 0.000000 0.000000 0.000000 0.000000 0.000000 0.000000 0.000000 0.000000 0.000000 0.000000 0.000000 0.000000 0.000000 0.000000 0.000000 0.000000 0.000000 0.000000 0.000000 0.000000 0.000000 0.000000 0.000000 0.000000 0.000000 0.000000 0.000000 0.000000 0.000000 0.000000 0.000000 0.000000 0.000000 0.000000 0.000000 0.000000 0.000000 0.000000 0.000000 0.000000 0.000000 0.000000 0.000000 0.000000 0.000000 0.000000 0.562258 0.593846 0.506240 0.538968 0.562146 0.575055 0.586579 0.589778 0.586996 0.580215 0.573353 0.570392 0.565560 0.554238 0.537919 0.522153 0.512181 0.501851 0.490027 0.475250 0.460075 0.440599 0.419042 0.399842 0.000000 0.000000 0.397726 0.500443 0.529944 0.540188 0.537957 0.530146 0.518716 0.458922 0.454513 0.441900 0.436992 0.445512 0.452736 0.454552 0.455960 0.456878 0.449605 0.537161 0.548915 0.554344 0.516802 0.543015 0.556715 0.562839 0.569058 0.576538 0.573122 0.560747 0.541065 0.513976 0.488528 0.463552 0.442272 0.417190 0.000000 0.000000 0.000000 0.000000 0.000000 0.000000 0.000000 0.000000 0.000000 0.380875 0.400043 0.414615 0.428304 0.446775 0.463832 0.487873 0.509548 0.533535 0.560707 0.593533 0.650555 0.740891 0.823091 0.873629 0.907499 0.914930 0.903153 0.882253 0.871805 0.868233 0.862043 0.856341 0.854119 0.850751 0.844453 0.841429 0.842514 0.843636 0.845077 0.840464 0.834757 0.833117 0.836956 0.844118 0.849243 0.850970 0.848251 0.840229 0.829650 0.817486 0.801890 0.781037 0.762546 0.742728 0.717003 0.689185 0.660740 0.626983 0.590961 0.550487 0.507052 0.462597 0.000000 0.000000 0.000000 0.000000 0.000000 0.000000 0.000000 0.000000 0.000000 0.000000 0.000000 0.000000 0.000000 0.000000 0.000000 0.000000 0.000000 0.000000 0.000000 0.000000 0.000000 0.000000 0.000000 0.000000 0.000000 0.000000 0.000000 0.000000 0.000000 0.000000 0.000000 0.000000 0.000000 0.000000 0.000000 0.000000 0.000000 0.000000 0.000000 0.000000 0.000000 0.000000 0.000000 0.000000 0.000000 0.000000 0.000000 0.000000 0.000000 0.000000 0.000000 0.000000 0.000000 0.000000 0.000000 0.000000 0.000000 0.000000 0.000000 0.000000 0.000000 0.000000 0.000000 0.000000 0.000000 0.000000 0.000000 0.000000 0.000000 0.000000 0.000000 0.000000 0.000000 0.000000 0.000000 0.000000 0.000000 0.000000 0.000000 0.000000 0.000000 0.000000 0.000000 0.000000 0.000000 0.953680 0.646310 0.752499 0.868728 0.931271 0.978837 1.043483 0.877428 0.891123 0.904518 0.923554 0.984577 1.086010 1.158864 1.208575 1.133194 0.981626 0.854574 0.762043
0.000000 0.000000 0.000000 0.000000 0.000000 0.000000 0.000000 0.000000 0.000000 0.000000 0.000000 0.000000 0.000000 0.000000 0.000000 0.000000 0.000000 0.000000 0.000000 0.000000 0.000000 0.000000 0.000000 0.000000 0.000000 0.000000 0.000000 0.000000 0.000000 0.000000 0.000000 0.000000 0.000000 0.000000 0.000000 0.000000 0.000000 0.000000 0.000000 0.000000 0.000000 0.000000 0.000000 0.000000 0.000000 0.000000 0.000000 0.000000 0.000000 0.000000 0.000000 0.422112 0.000000 0.451411 0.516442 0.527992 0.417434 0.446915 0.498923 0.542126 0.571996 0.593887 0.600946 0.598196 0.591694 0.584174 0.573297 0.561366 0.544625 0.526774 0.513306 0.500150 0.483861 0.466847 0.451796 0.430930 0.411728 0.389410 0.000000 0.000000 0.000000 0.423377 0.439799 0.438934 0.426528 0.416694 0.411366 0.402588 0.000000 0.000000 0.000000 0.000000 0.000000 0.418384 0.474755 0.518728 0.542907 0.554162 0.546967 0.518251 0.573010 0.572226 0.566823 0.553974 0.537774 0.536121 0.485524 0.486877 0.474841 0.456606 0.431897 0.000000 0.000000 0.000000 0.000000 0.000000 0.000000 0.000000 0.000000 0.000000 0.396924 0.463906 0.509866 0.538480 0.552006 0.555854 0.557800 0.557679 0.559223 0.565632 0.571726 0.580836 0.593602 0.615905 0.655787 0.753202 0.822559 0.864559 0.888811 0.881471 0.872254 0.853589 0.849243 0.848143 0.844795 0.841369 0.837379 0.824920 0.804636 0.792091 0.792187 0.804814 0.802696 0.790317 0.782586 0.772753 0.772476 0.774882 0.776055 0.772313 0.779521 0.775340 0.767912 0.755871 0.739368 0.728259 0.718207 0.707965 0.697080 0.686370 0.670848 0.649200 0.624520 0.596439 0.568153 0.465479 0.443515 0.000000 0.000000 0.000000 0.000000 0.000000 0.000000 0.000000 0.000000 0.000000 0.000000 0.000000 0.000000 0.000000 0.000000 0.000000 0.000000 0.000000 0.000000 0.000000 0.000000 0.000000 0.000000 0.000000 0.000000 0.000000 0.000000 0.000000 0.000000 0.000000 0.000000 0.000000 0.000000 0.000000 0.000000 0.000000 0.000000 0.000000 0.000000 0.000000 0.000000 0.000000 0.000000 0.000000 0.000000 0.000000 0.000000 0.000000 0.000000 0.000000 0.000000 0.000000 0.000000 0.000000 0.000000 0.000000 0.000000 0.000000 0.000000 0.000000 0.000000 0.000000 0.000000 0.000000 0.000000 0.000000 0.000000 0.000000 0.000000 0.000000 0.000000 0.000000 0.000000 0.000000 0.000000 0.000000 0.000000 0.000000 0.000000 0.000000 0.000000 0.000000 0.000000 0.000000 0.004000 0.462941 0.650418 0.714023 0.763345 0.817635 0.862953 0.893703 0.856235 0.887621 0.920238 0.764007 0.825294 0.890524 0.958289 0.996389 0.957436 0.873022 0.822770 0.782700
0.000000 0.000000 0.000000 0.000000 0.000000 0.000000 0.000000 0.000000 0.000000 0.000000 0.000000 0.000000 0.000000 0.000000 0.000000 0.000000 0.000000 0.000000 0.000000 0.000000 0.000000 0.000000 0.000000 0.000000 0.000000 0.000000 0.000000 0.000000 0.000000 0.000000 0.000000 0.000000 0.000000 0.415697 0.421170 0.418569 0.406015 0.000000 0.000000 0.000000 0.000000 0.000000 0.000000 0.000000 0.000000 0.000000 0.000000 0.000000 0.000000 0.000000 0.000000 0.000000 0.000000 0.000000 0.000000 0.000000 0.000000 0.000000 0.000000 0.421907 0.478718 0.515120 0.548332 0.575863 0.607368 0.627892 0.635857 0.626833 0.602308 0.571563 0.549381 0.519938 0.498044 0.471033 0.450051 0.424714 0.403841 0.000000 0.000000 0.453324 0.504338 0.546459 0.572619 0.597335 0.627716 0.670801 0.682128 0.680310 0.668543 0.632994 0.593111 0.561961 0.556535 0.557148 0.556126 0.559780 0.569410 0.596119 0.626701 0.636494 0.631463 0.621344 0.608385 0.586836 0.562945 0.537684 0.583210 0.584781 0.574824 0.551682 0.455820 0.424236 0.000000 0.000000 0.000000 0.000000 0.000000 0.000000 0.000000 0.383340 0.504038 0.756814 0.622390 0.672807 0.684284 0.680027 0.672652 0.657334 0.640721 0.631782 0.597494 0.591123 0.590536 0.663551 0.692595 0.719115 0.770900 0.787836 0.705541 0.680562 0.670717 0.655056 0.646865 0.638336 0.668559 0.690782 0.707130 0.706462 0.696097 0.693456 0.697891 0.710959 0.733254 0.728102 0.717508 0.688902 0.682610 0.679105 0.701857 0.705308 0.703887 0.700499 0.696353 0.691585 0.686402 0.683822 0.682475 0.680167 0.676058 0.666882 0.653096 0.636229 0.615684 0.594445 0.508630 0.488182 0.464037 0.440186 0.000000 0.000000 0.000000 0.000000 0.000000 0.000000 0.000000 0.000000 0.000000 0.000000 0.000000 0.000000 0.000000 0.000000 0.000000 0.000000 0.000000 0.000000 0.000000 0.000000 0.000000 0.000000 0.000000 0.000000 0.000000 0.000000 0.000000 0.000000 0.000000 0.000000 0.000000 0.000000 0.000000 0.000000 0.000000 0.000000 0.000000 0.000000 0.000000 0.000000 0.000000 0.000000 0.000000 0.000000 0.000000 0.000000 0.000000 0.000000 0.000000 0.000000 0.000000 0.000000 0.000000 0.000000 0.000000 0.000000 0.000000 0.000000 0.000000 0.000000 0.000000 0.000000 0.000000 0.000000 0.000000 0.000000 0.000000 0.000000 0.000000 0.000000 0.000000 0.000000 0.000000 0.000000 0.000000 0.000000 0.000000 0.000000 0.000000 0.000000 0.431273 0.486606 0.526499 0.554694 0.635567 0.682753 0.737017 0.732385 0.741928 0.748775 0.756599 0.768861 0.785663 0.768237 0.692105 0.768246 0.824897 0.880721 0.849427 0.835586 0.824733 0.790623
0.000000 0.000000 0.000000 0.000000 0.000000 0.000000 0.000000 0.000000 0.000000 0.000000 0.000000 0.000000 0.000000 0.000000 0.000000 0.000000 0.000000 0.000000 0.000000 0.000000 0.000000 0.000000 0.000000 0.000000 0.000000 0.000000 0.000000 0.000000 0.000000 0.000000 0.424086 0.467631 0.490984 0.500193 0.503278 0.496368 0.481858 0.469416 0.462068 0.451841 0.432306 0.406206 0.000000 0.000000 0.000000 0.000000 0.000000 0.000000 0.000000 0.000000 0.000000 0.000000 0.000000 0.000000 0.000000 0.000000 0.000000 0.000000 0.401000 0.480039 0.542332 0.580148 0.598047 0.597398 0.574170 0.531890 0.522452 0.540628 0.550937 0.560166 0.561632 0.548744 0.522889 0.497581 0.467105 0.444908 0.419467 0.391927 0.000000 0.000000 0.420015 0.505296 0.590444 0.673020 0.919598 0.835867 0.855593 0.855767 0.842657 0.803387 0.762239 0.754939 0.773556 0.808624 0.817833 0.791206 0.770413 0.793666 0.795492 0.768193 0.743218 0.724596 0.685401 0.656897 0.626467 0.602066 0.573655 0.548748 0.608824 0.610457 0.592332 0.561862 0.532991 0.505739 0.442180 0.466130 0.486360 0.578285 0.515300 0.574234 0.653098 0.662283 0.703084 0.719488 0.716397 0.703861 0.688500 0.685821 0.673653 0.948892 0.712638 0.635285 0.621566 0.603420 0.585473 0.580259 0.621120 0.643289 0.656201 0.665009 0.669286 0.672023 0.663425 0.646161 0.628036 0.617185 0.582778 0.593579 0.610750 0.660578 0.689968 0.699944 0.692416 0.668448 0.620532 0.613461 0.605353 0.599789 0.595221 0.587399 0.574963 0.567323 0.608833 0.611325 0.620041 0.631858 0.642566 0.647258 0.646401 0.639970 0.630423 0.616386 0.601385 0.585477 0.497837 0.480897 0.460545 0.438049 0.000000 0.000000 0.000000 0.000000 0.000000 0.000000 0.000000 0.000000 0.000000 0.000000 0.000000 0.000000 0.000000 0.000000 0.000000 0.000000 0.000000 0.000000 0.000000 0.000000 0.000000 0.000000 0.000000 0.000000 0.000000 0.000000 0.000000 0.000000 0.000000 0.000000 0.000000 0.000000 0.000000 0.000000 0.000000 0.000000 0.000000 0.000000 0.000000 0.000000 0.000000 0.000000 0.000000 0.000000 0.000000 0.000000 0.000000 0.000000 0.000000 0.000000 0.000000 0.000000 0.000000 0.000000 0.000000 0.000000 0.000000 0.000000 0.000000 0.000000 0.000000 0.000000 0.000000 0.000000 0.000000 0.000000 0.000000 0.000000 0.000000 0.000000 0.000000 0.000000 0.000000 0.000000 0.000000 0.000000 0.000000 0.000000 0.424417 0.513037 0.596302 0.664991 0.715155 0.755751 0.778904 0.806687 0.831460 0.853890 0.871187 0.891370 0.909144 0.959110 0.996429 1.031657 1.077287 1.033065 0.907658 0.926065 0.916066 0.877113 0.838408 0.789150
0.000000 0.000000 0.000000 0.000000 0.000000 0.000000 0.000000 0.000000 0.000000 0.000000 0.000000 0.000000 0.000000 0.000000 0.000000 0.000000 0.000000 0.000000 0.000000 0.000000 0.000000 0.000000 0.000000 0.000000 0.000000 0.000000 0.000000 0.000000 0.000000 0.454808 0.488404 0.509319 0.515265 0.517345 0.510290 0.497028 0.488095 0.490017 0.495309 0.498754 0.495733 0.482532 0.462376 0.448143 0.438109 0.419074 0.392170 0.000000 0.000000 0.000000 0.000000 0.000000 0.000000 0.000000 0.000000 0.000000 0.000000 0.000000 0.000000 0.000000 0.000000 0.000000 0.000000 0.000000 0.000000 0.000000 0.000000 0.372711 0.382180 0.504656 0.524769 0.528613 0.489694 0.491963 0.481282 0.463046 0.441655 0.414298 0.000000 0.000000 0.000000 0.000000 0.004000 0.506442 0.595942 0.677887 0.732319 0.774624 0.819516 0.840420 0.857209 0.897004 0.933350 0.969008 1.419188 0.937836 0.930469 0.947177 0.930573 0.873979 0.832772 0.799567 0.760268 0.718936 0.672753 0.628169 0.593270 0.559239 0.526219 0.584858 0.619440 0.644700 0.650559 0.593019 0.563108 0.612036 0.652956 0.684694 0.699228 0.713835 0.721377 0.736526 0.698738 0.710504 0.720384 0.727887 0.733436 0.737133 0.755115 0.883489 0.738018 0.711003 0.686485 0.655619 0.632149 0.613150 0.601523 0.598459 0.597203 0.599367 0.591886 0.581013 0.605966 0.597186 0.590136 0.589249 0.590870 0.600004 0.615407 0.643677 0.683018 0.704161 0.695570 0.658920 0.615303 0.548736 0.539123 0.533960 0.530541 0.524074 0.515909 0.508701 0.501055 0.493024 0.487323 0.554098 0.565078 0.573592 0.579556 0.582308 0.578566 0.573055 0.566766 0.556768 0.465042 0.454245 0.438369 0.000000 0.000000 0.000000 0.000000 0.000000 0.000000 0.000000 0.000000 0.000000 0.000000 0.000000 0.000000 0.000000 0.000000 0.000000 0.000000 0.000000 0.000000 0.000000 0.000000 0.000000 0.000000 0.000000 0.000000 0.000000 0.000000 0.000000 0.000000 0.000000 0.000000 0.000000 0.000000 0.000000 0.000000 0.000000 0.000000 0.000000 0.000000 0.000000 0.000000 0.000000 0.000000 0.000000 0.000000 0.000000 0.000000 0.000000 0.000000 0.000000 0.000000 0.000000 0.000000 0.000000 0.000000 0.000000 0.000000 0.000000 0.000000 0.000000 0.000000 0.000000 0.000000 0.000000 0.000000 0.000000 0.000000 0.000000 0.000000 0.000000 0.000000 0.000000 0.000000 0.000000 0.000000 0.000000 0.000000 0.000000 0.425113 0.504377 0.577247 0.654884 0.728098 0.791403 0.845417 0.892878 0.926297 0.950533 0.987938 1.018122 1.042329 1.075199 1.103366 1.124738 1.146155 1.159957 1.215740 1.264758 1.318070 1.084417 1.030488 0.956651 0.865309 0.780857
0.000000 0.000000 0.000000 0.000000 0.000000 0.000000 0.000000 0.000000 0.000000 0.000000 0.000000 0.000000 0.000000 0.000000 0.000000 0.000000 0.000000 0.000000 0.000000 0.000000 0.000000 0.000000 0.000000 0.000000 0.000000 0.000000 0.000000 0.000000 0.000000 0.422026 0.421562 0.000000 0.418198 0.416930 0.410583 0.416895 0.429935 0.447293 0.465207 0.485713 0.499502 0.505440 0.507943 0.507609 0.546452 0.548753 0.537389 0.518789 0.489971 0.461380 0.365128 0.347097 0.000000 0.000000 0.000000 0.000000 0.000000 0.000000 0.000000 0.000000 0.000000 0.000000 0.395194 0.419229 0.445696 0.469846 0.495384 0.522339 0.557115 0.572832 0.586535 0.598434 0.608257 0.613928 0.615473 0.650141 0.653690 0.653155 0.621665 0.621783 0.620609 0.616010 0.605545 0.588892 0.568396 0.612813 0.640129 0.667843 0.696893 0.732801 0.772153 0.798104 0.823295 0.997635 0.856742 0.879706 0.884263 0.870135 0.855431 0.853201 0.880690 0.886221 0.850413 0.810749 0.743952 0.681600 0.627670 0.580247 0.537686 0.492164 0.446670 0.536811 0.511419 0.516261 0.574258 0.659560 0.640352 0.689063 0.721299 0.748404 0.756372 0.768353 0.767799 0.804839 0.818008 0.761708 0.763433 0.761483 0.761449 0.760144 0.750066 0.732035 0.715609 0.696015 0.677032 0.664115 0.646523 0.632750 0.616067 0.597052 0.587867 0.581934 0.572955 0.582260 0.565722 0.549465 0.544731 0.553829 0.562068 0.574763 0.608080 0.623631 0.617535 0.595216 0.562660 0.528786 0.460339 0.457436 0.458112 0.457330 0.453535 0.449103 0.443739 0.435847 0.426586 0.420901 0.417801 0.416572 0.415497 0.413946 0.000000 0.427834 0.434995 0.439887 0.440708 0.437738 0.431273 0.000000 0.000000 0.000000 0.000000 0.000000 0.000000 0.000000 0.000000 0.000000 0.000000 0.000000 0.000000 0.000000 0.000000 0.000000 0.000000 0.000000 0.000000 0.000000 0.000000 0.000000 0.000000 0.000000 0.000000 0.000000 0.000000 0.000000 0.000000 0.000000 0.000000 0.000000 0.000000 0.000000 0.000000 0.000000 0.000000 0.462152 0.472326 0.449721 0.000000 0.000000 0.000000 0.000000 0.000000 0.000000 0.000000 0.000000 0.000000 0.000000 0.451715 0.509650 0.567346 0.613519 0.651725 0.683514 0.695563 0.690890 0.672390 0.637920 0.607778 0.572779 0.551803 0.527602 0.513175 0.514008 0.524334 0.535560 0.539324 0.541635 0.529712 0.502219 0.467629 0.468755 0.536701 0.623365 0.700977 0.787657 0.834692 0.868085 0.895968 0.923649 0.956076 0.982784 1.006703 1.022858 1.038526 1.047614 1.064190 1.091999 1.119043 1.138690 1.167327 1.197023 1.221373 1.244184 1.200209 1.233812 1.349411 1.271181 1.236784 1.156057 1.062849 0.772945
0.000000 0.000000 0.000000 0.000000 0.000000 0.000000 0.000000 0.000000 0.000000 0.000000 0.000000 0.000000 0.000000 0.000000 0.000000 0.000000 0.000000 0.000000 0.000000 0.000000 0.000000 0.000000 0.000000 0.000000 0.000000 0.000000 0.000000 0.000000 0.000000 0.000000 0.000000 0.000000 0.000000 0.000000 0.000000 0.000000 0.000000 0.000000 0.403042 0.436730 0.464264 0.550621 0.595209 0.620261 0.633998 0.645180 0.647714 0.594395 0.585032 0.617729 0.604427 0.590960 0.574410 0.515885 0.508572 0.502571 0.494462 0.479465 0.461420 0.439195 0.411849 0.378709 0.000000 0.388647 0.437182 0.487494 0.531549 0.572231 0.615357 0.651676 0.691558 0.731890 0.759744 0.776224 0.797445 0.809924 0.816878 0.820719 0.822833 0.823895 0.823199 0.816360 0.802844 0.782323 0.764527 0.744536 0.715441 0.687175 0.656994 0.623898 0.658831 0.673207 0.679529 0.685790 0.703437 0.720230 0.734063 0.745873 0.751494 0.756229 0.761461 0.771259 0.780516 0.775123 0.761546 0.735000 0.696470 0.659320 0.612815 0.558750 0.503983 0.453453 0.405951 0.000000 0.000000 0.486022 0.558525 0.590236 0.623726 0.645653 0.680317 0.707820 0.733817 0.745246 0.764964 0.782542 0.795839 0.803647 0.804816 0.740389 0.737045 0.733153 0.729177 0.723057 0.721659 0.710365 0.694604 0.681849 0.655829 0.626157 0.595132 0.578516 0.566435 0.587848 0.565088 0.542797 0.474893 0.467704 0.461285 0.460027 0.534672 0.544543 0.544999 0.535998 0.443661 0.410208 0.000000 0.000000 0.000000 0.000000 0.000000 0.000000 0.000000 0.000000 0.000000 0.000000 0.000000 0.000000 0.000000 0.000000 0.000000 0.000000 0.000000 0.004000 0.000000 0.000000 0.000000 0.000000 0.000000 0.000000 0.000000 0.000000 0.000000 0.000000 0.000000 0.000000 0.000000 0.000000 0.000000 0.000000 0.000000 0.000000 0.000000 0.000000 0.000000 0.000000 0.000000 0.000000 0.000000 0.000000 0.000000 0.000000 0.000000 0.000000 0.000000 0.000000 0.000000 0.000000 0.000000 0.000000 0.000000 0.000000 0.561602 0.623244 0.626343 0.593997 0.537280 0.468079 0.000000 0.000000 0.000000 0.000000 0.000000 0.000000 0.456423 0.533294 0.601302 0.674332 0.753541 0.810809 0.851812 0.897467 0.923438 0.929750 0.921423 0.901858 0.876358 0.855033 0.853811 0.883372 0.914543 0.947802 0.977843 1.003596 1.010323 0.997714 0.974060 0.938628 0.891863 0.860102 0.852123 0.924442 1.007104 1.094844 1.158159 1.198986 1.229673 1.248001 1.252738 1.261945 1.264697 1.257255 1.239773 1.227559 1.212208 1.195486 1.177765 1.081478 1.076708 1.073042 1.073861 1.077651 1.086661 1.112770 1.143492 1.015149 1.009497 0.961152 0.885443 0.767448
0.000000 0.000000 0.000000 0.000000 0.000000 0.000000 0.000000 0.000000 0.000000 0.000000 0.000000 0.000000 0.000000 0.000000 0.000000 0.000000 0.000000 0.000000 0.000000 0.000000 0.000000 0.000000 0.000000 0.000000 0.000000 0.000000 0.000000 0.000000 0.000000 0.000000 0.000000 0.000000 0.000000 0.000000 0.000000 0.000000 0.000000 0.000000 0.000000 0.000000 0.386911 0.538117 0.593925 0.629670 0.659308 0.680806 0.696459 0.653223 0.662319 0.667884 0.669171 0.731361 0.732423 0.727800 0.720114 0.713168 0.698989 0.736675 0.653987 0.626143 0.614484 0.600294 0.584323 0.570247 0.559077 0.547180 0.599106 0.621958 0.647700 0.679309 0.721038 0.766777 0.804330 0.840592 0.862115 0.884227 0.896547 0.919120 0.922206 0.922298 0.918156 0.907815 0.893432 0.873992 0.852258 0.833878 0.806592 0.770947 0.742776 0.703011 0.674369 0.632652 0.597116 0.556976 0.516397 0.583292 0.591063 0.582306 0.535119 0.548148 0.561144 0.571705 0.588077 0.608845 0.625130 0.633317 0.638931 0.632506 0.613067 0.574019 0.535107 0.488021 0.436775 0.000000 0.000000 0.000000 0.000000 0.000000 0.000000 0.458266 0.515584 0.567703 0.607813 0.631557 0.666179 0.698671 0.762165 0.806279 0.830919 0.779902 0.779918 0.771591 0.756224 0.750190 0.767008 0.724593 0.720500 0.707086 0.682652 0.640681 0.603302 0.580046 0.561792 0.580480 0.560831 0.544660 0.529517 0.451162 0.438625 0.440206 0.448167 0.452734 0.447907 0.444455 0.435334 0.417629 0.386519 0.000000 0.000000 0.000000 0.000000 0.000000 0.000000 0.000000 0.000000 0.000000 0.000000 0.000000 0.000000 0.000000 0.000000 0.000000 0.000000 0.000000 0.000000 0.000000 0.000000 0.000000 0.000000 0.000000 0.000000 0.000000 0.000000 0.000000 0.000000 0.000000 0.000000 0.000000 0.000000 0.000000 0.000000 0.359660 0.585218 0.000000 0.000000 0.000000 0.000000 0.000000 0.000000 0.000000 0.000000 0.000000 0.000000 0.000000 0.000000 0.000000 0.000000 0.000000 0.000000 0.000000 0.000000 0.582272 0.697354 0.734758 0.721708 0.681590 0.626540 0.567523 0.513901 0.474800 0.457319 0.469372 0.497555 0.531476 0.576886 0.639454 0.698004 0.773299 0.876072 0.944492 1.006687 1.045910 1.083177 1.094241 1.086449 1.068097 1.047009 1.039379 1.079988 1.123938 1.166766 1.213163 1.251177 1.282810 1.294218 1.288837 1.276166 1.245826 1.212153 1.179015 1.159636 1.083743 1.138739 1.195887 1.343808 1.375938 1.388832 1.391038 1.389869 1.388893 1.390629 1.389970 1.384657 1.365785 1.325221 1.189016 1.135670 1.096886 1.053172 1.016677 1.002540 1.004100 1.031267 1.072226 1.120114 1.009129 1.014824 0.969951 0.892496 0.750956
0.000000 0.000000 0.000000 0.000000 0.000000 0.000000 0.000000 0.000000 0.000000 0.000000 0.000000 0.000000 0.000000 0.000000 0.000000 0.000000 0.000000 0.000000 0.000000 0.000000 0.000000 0.000000 0.000000 0.000000 0.000000 0.000000 0.000000 0.000000 0.000000 0.000000 0.000000 0.000000 0.000000 0.000000 0.000000 0.000000 0.000000 0.000000 0.000000 0.000000 0.000000 0.397609 0.453039 0.496178 0.525714 0.562816 0.602436 0.644788 0.685885 0.722457 0.745949 0.761050 0.767988 0.774749 0.772970 0.766504 0.821371 0.803250 0.785870 0.768535 0.753224 0.749992 0.744835 0.737296 0.729210 0.719694 0.711582 0.705003 0.699178 0.694292 0.736400 0.772594 0.810191 0.844616 0.873610 0.904441 0.915755 0.929202 0.931267 0.930062 0.927844 0.921022 0.911309 0.894247 0.868518 0.843129 0.826556 0.794103 0.762488 0.734187 0.698280 0.670588 0.631616 0.600009 0.562964 0.527017 0.496311 0.461179 0.421196 0.378603 0.000000 0.000000 0.000000 0.000000 0.000000 0.000000 0.000000 0.000000 0.000000 0.000000 0.421797 0.414808 0.000000 0.000000 0.000000 0.000000 0.000000 0.000000 0.000000 0.000000 0.000000 0.000000 0.435738 0.483123 0.540623 0.621449 0.712669 0.797410 0.836639 0.855245 0.866795 0.855498 0.837320 0.752330 0.728246 0.709746 0.688757 0.660691 0.641294 0.615838 0.629493 0.598535 0.572107 0.552012 0.525734 0.510152 0.495166 0.405552 0.406357 0.409620 0.413345 0.418670 0.421564 0.421036 0.421335 0.413937 0.392637 0.000000 0.000000 0.000000 0.000000 0.000000 0.000000 0.000000 0.000000 0.000000 0.000000 0.000000 0.000000 0.000000 0.000000 0.000000 0.000000 0.000000 0.000000 0.000000 0.000000 0.000000 0.000000 0.000000 0.000000 0.000000 0.000000 0.000000 0.000000 0.000000 0.000000 0.000000 0.000000 0.000000 0.000000 0.000000 0.000000 0.000000 0.000000 0.000000 0.000000 0.000000 0.000000 0.000000 0.000000 0.000000 0.000000 0.000000 0.000000 0.000000 0.000000 0.000000 0.000000 0.000000 0.000000 0.566088 0.668933 0.691023 0.689237 0.688186 0.668115 0.629512 0.593885 0.561255 0.539624 0.533912 0.547070 0.575810 0.636304 0.686057 0.727047 0.785499 0.908819 1.014530 1.101480 1.159761 1.201223 1.208722 1.199580 1.185620 1.176417 1.169061 1.213237 1.265526 1.320704 1.376098 1.346630 1.450103 1.470674 1.483949 1.478245 1.463930 1.443037 1.426904 1.413655 1.407069 1.406327 1.428415 1.365955 1.384864 1.391779 1.392431 1.394256 1.400709 1.410085 1.417010 1.416694 1.406820 1.384503 1.344544 1.319717 1.250847 1.193696 1.138318 1.106975 1.079333 1.066982 1.071898 1.094152 1.131064 0.950730 0.913382 0.999243 0.679663
0.000000 0.000000 0.000000 0.000000 0.000000 0.000000 0.000000 0.000000 0.000000 0.000000 0.000000 0.000000 0.000000 0.000000 0.000000 0.000000 0.000000 0.000000 0.000000 0.000000 0.000000 0.000000 0.000000 0.000000 0.000000 0.000000 0.000000 0.000000 0.000000 0.000000 0.000000 0.000000 0.000000 0.000000 0.000000 0.000000 0.828831 0.000000 0.000000 0.433035 0.528658 0.550445 0.574915 0.599825 0.622119 0.645850 0.618364 0.644216 0.536843 0.562988 0.588541 0.608211 0.618667 0.778924 0.775838 0.769215 0.759716 0.747427 0.770642 0.760550 1.240063 0.814558 0.817165 0.823485 0.822874 0.817516 0.812644 0.808115 0.803388 0.796855 0.788432 0.778793 0.738550 0.823186 0.845518 0.868824 0.884503 0.895842 0.905681 0.907751 0.915235 0.916877 0.906429 0.884807 0.862500 0.842421 0.820773 0.793672 0.766771 0.748570 0.721339 0.689521 0.655599 0.619604 0.582836 0.550747 0.515683 0.487246 0.454383 0.417859 0.381480 0.000000 0.000000 0.000000 0.408224 0.436634 0.456664 0.468365 0.489003 0.510044 0.522189 0.524459 0.518842 0.511169 0.497992 0.478230 0.510924 0.448301 0.440650 0.432758 0.423445 0.414476 0.401675 0.385537 0.463511 0.559489 0.659452 0.745846 0.808384 0.849410 0.877198 0.865683 0.842144 0.820027 0.719156 0.675068 0.637831 0.657294 0.630982 0.602101 0.572550 0.543717 0.513206 0.416981 0.403555 0.391206 0.378985 0.000000 0.000000 0.378453 0.384367 0.388947 0.393473 0.396754 0.398176 0.392787 0.000000 0.000000 0.000000 0.000000 0.000000 0.000000 0.000000 0.000000 0.000000 0.000000 0.000000 0.000000 0.000000 0.000000 0.000000 0.000000 0.000000 0.000000 0.000000 0.000000 0.000000 0.000000 0.000000 0.000000 0.000000 0.000000 0.000000 0.000000 0.000000 0.000000 0.000000 0.000000 0.000000 0.000000 0.000000 0.000000 0.000000 0.000000 0.000000 0.000000 0.000000 0.000000 0.000000 0.000000 0.000000 0.000000 0.000000 0.000000 0.000000 0.000000 0.000000 0.000000 0.000000 0.000000 0.000000 0.000000 0.000000 0.000000 0.504018 0.602546 0.627430 0.622654 0.605763 0.586677 0.571317 0.561781 0.543987 0.521644 0.574022 0.547126 0.522632 0.561546 0.676347 0.814680 0.936069 1.045163 1.100193 1.106705 1.113224 1.128870 1.149880 1.148681 1.200533 1.259657 1.327324 1.402710 1.469537 1.514136 1.550783 1.566574 1.562369 1.549600 1.529805 1.519322 1.512503 1.510486 1.500871 1.477899 1.448655 1.323733 1.306089 1.310858 1.345081 1.385161 1.414866 1.436585 1.290429 1.280897 1.260148 1.243593 1.225034 1.186813 1.138099 1.250417 1.195328 1.146312 1.101919 1.061014 1.029465 1.008413 0.987525 0.957562 0.913786 0.792586
0.000000 0.000000 0.000000 0.000000 0.000000 0.000000 0.000000 0.000000 0.000000 0.000000 0.000000 0.000000 0.000000 0.000000 0.000000 0.000000 0.000000 0.000000 0.000000 0.000000 0.000000 0.000000 0.000000 0.000000 0.000000 0.000000 0.000000 0.000000 0.000000 0.000000 0.000000 0.000000 0.000000 0.398844 0.417502 0.436153 0.432788 0.492291 0.602989 0.687110 0.741808 0.784934 0.806649 0.821207 0.836067 0.845965 0.845939 0.843505 0.837069 0.763066 0.752888 0.735919 0.565223 0.551593 0.546152 0.541269 0.667005 0.669894 0.683344 0.699347 0.717455 0.733902 0.821691 0.832353 0.839147 0.843829 0.780679 1.096510 0.796374 0.801605 0.785717 0.748793 0.761084 0.786408 0.780745 0.771603 0.765120 0.766391 0.769560 0.769477 0.776679 0.773738 0.759824 0.734653 0.719872 0.711861 0.705817 0.694291 0.678558 0.695950 0.680238 0.657073 0.630923 0.611456 0.583913 0.557117 0.567164 0.549386 0.528242 0.508046 0.484195 0.000000 0.421743 0.458531 0.491623 0.517156 0.539020 0.562436 0.595677 0.622348 0.633273 0.633736 0.632280 0.627619 0.616630 0.596874 0.571407 0.555860 0.541569 0.525584 0.511162 0.495635 0.474332 0.455548 0.434890 0.528241 0.601258 0.650200 0.725814 0.786335 0.832407 0.846734 0.844083 0.823601 0.766731 0.694493 0.627220 0.568530 0.518016 0.469799 0.497792 0.475634 0.400095 0.394761 0.379190 0.000000 0.000000 0.000000 0.000000 0.000000 0.000000 0.000000 0.000000 0.000000 0.000000 0.000000 0.000000 0.000000 0.000000 0.000000 0.000000 0.000000 0.000000 0.000000 0.000000 0.000000 0.000000 0.000000 0.000000 0.000000 0.000000 0.000000 0.000000 0.000000 0.000000 0.000000 0.000000 0.000000 0.000000 0.000000 0.000000 0.000000 0.000000 0.000000 0.000000 0.000000 0.000000 0.000000 0.000000 0.000000 0.000000 0.000000 0.000000 0.000000 0.000000 0.000000 0.000000 0.000000 0.000000 0.000000 0.000000 0.000000 0.000000 0.000000 0.000000 0.000000 0.000000 0.000000 0.000000 0.000000 0.000000 0.000000 0.000000 0.000000 0.000000 0.431824 0.494139 0.519187 0.526460 0.518494 0.505390 0.487534 0.468278 0.458727 0.449109 0.445499 0.467827 0.476242 0.471039 0.467573 0.472324 0.493211 0.515042 0.522256 0.501555 0.548746 0.662651 0.744207 0.807865 0.886040 0.984322 1.071304 1.097975 1.154192 1.207394 1.252432 1.277654 1.284904 1.277477 1.255052 1.236364 1.239694 1.251055 1.242484 1.218577 1.194615 1.187907 1.219176 1.284265 1.359216 1.306159 1.191844 1.221466 1.240024 1.245419 1.244257 1.236226 1.207277 1.160305 1.117880 1.082586 1.183454 1.132987 1.080342 1.028746 0.985756 0.936139 0.889420 0.842989 0.750544
0.000000 0.000000 0.000000 0.000000 0.000000 0.000000 0.000000 0.000000 0.000000 0.000000 0.000000 0.000000 0.000000 0.000000 0.000000 0.000000 0.000000 0.000000 0.000000 0.000000 0.000000 0.000000 0.000000 0.000000 0.000000 0.000000 0.000000 0.000000 0.000000 0.000000 0.000000 0.000000 0.000000 0.446332 0.464247 0.464852 0.449714 0.531073 0.672370 0.782072 0.871025 0.931685 0.966074 0.990972 1.006337 1.012859 1.007723 0.990360 0.961992 0.917847 0.875490 0.816715 0.695686 0.649047 0.612723 0.583049 0.452139 0.589802 0.614425 0.631079 0.653748 0.672436 0.749608 0.809891 0.842410 0.880059 0.893047 0.785885 0.760166 0.766000 0.715945 0.702064 0.721509 0.768883 0.756912 0.723778 0.712411 0.712424 0.719443 0.718397 0.709983 0.698527 0.685478 0.675082 0.665006 0.650528 0.636145 0.622971 0.609451 0.631449 0.616092 0.599185 0.600831 0.599318 0.597175 0.594471 0.589161 0.583180 0.573020 0.563376 0.499496 0.502968 0.532004 0.557414 0.571792 0.578330 0.578905 0.584627 0.607303 0.638045 0.676773 0.696700 0.716619 0.727992 0.721733 0.697856 0.668187 0.629408 0.604025 0.575601 0.555278 0.529393 0.505343 0.480683 0.451372 0.425749 0.539346 0.541292 0.604044 0.671869 0.731295 0.773532 0.809288 0.805823 0.767328 0.710217 0.656791 0.608620 0.562529 0.514074 0.466886 0.422560 0.382477 0.000000 0.000000 0.000000 0.000000 0.000000 0.000000 0.000000 0.000000 0.000000 0.000000 0.000000 0.000000 0.000000 0.000000 0.000000 0.000000 0.000000 0.000000 0.000000 0.000000 0.000000 0.000000 0.000000 0.000000 0.000000 0.000000 0.000000 0.000000 0.000000 0.000000 0.000000 0.000000 0.000000 0.000000 0.000000 0.000000 0.000000 0.000000 0.000000 0.000000 0.000000 0.000000 0.000000 0.000000 0.000000 0.000000 0.000000 0.000000 0.000000 0.000000 0.000000 0.000000 0.000000 0.000000 0.000000 0.000000 0.000000 0.000000 0.000000 0.000000 0.000000 0.000000 0.000000 0.000000 0.000000 0.000000 0.000000 0.000000 0.000000 0.000000 0.000000 0.000000 0.000000 0.000000 0.000000 0.000000 0.438564 0.442105 0.435409 0.423665 0.000000 0.000000 0.000000 0.000000 0.000000 0.000000 0.000000 0.489768 0.549532 0.602432 0.654486 0.691443 0.726593 0.751279 0.762109 0.772093 0.786095 0.793404 0.798829 0.821077 0.837001 0.862127 0.885454 0.900802 0.915959 0.931620 0.939676 0.955866 0.988993 1.005617 0.992084 0.962736 0.982701 0.972137 1.306939 1.136500 1.124126 1.200497 1.257575 1.308964 1.341619 1.354886 1.173780 1.165258 1.147207 1.125114 1.093608 1.048755 1.013636 0.982392 1.091359 0.960082 1.003855 0.941944 0.869157 0.801557 0.702674
0.000000 0.000000 0.000000 0.000000 0.000000 0.000000 0.000000 0.000000 0.000000 0.000000 0.000000 0.000000 0.000000 0.000000 0.000000 0.000000 0.000000 0.000000 0.000000 0.000000 0.000000 0.000000 0.000000 0.000000 0.000000 0.000000 0.000000 0.000000 0.000000 0.000000 0.000000 0.000000 0.000000 0.000000 0.000000 0.000000 0.000000 0.457626 0.519345 0.612011 0.698053 0.765785 0.826995 0.900166 0.929436 0.942250 0.937757 0.908347 0.845773 0.782118 0.744567 0.701425 0.662271 0.624088 0.594003 0.559307 0.526022 0.501224 0.504981 0.515443 0.551851 0.559264 0.561349 0.557632 0.512582 0.515600 0.518321 0.524099 0.530936 0.523687 0.614740 0.759669 0.711579 0.679205 0.620989 0.586748 0.605889 0.617427 0.633691 0.637972 0.635570 0.635291 0.633765 0.626711 0.614228 0.599427 0.583929 0.566807 0.579387 0.539274 0.562831 0.574383 0.583060 0.594287 0.600763 0.605665 0.608161 0.585624 0.601438 0.611572 0.615337 0.616694 0.627220 0.648948 0.661912 0.668968 0.676121 0.681563 0.680727 0.664943 0.655787 0.686015 0.740421 0.787560 0.816586 0.806471 0.770700 0.740246 0.695682 0.646331 0.595413 0.548906 0.548194 0.474047 0.442249 0.409292 0.000000 0.583840 0.000000 0.000000 0.503914 0.655289 0.733507 0.767254 0.753668 0.712268 0.674447 0.637163 0.608802 0.569063 0.529969 0.489468 0.447191 0.402948 0.000000 0.000000 0.000000 0.000000 0.000000 0.000000 0.000000 0.000000 0.000000 0.000000 0.000000 0.000000 0.000000 0.000000 0.000000 0.000000 0.000000 0.000000 0.000000 0.000000 0.000000 0.000000 0.000000 0.000000 0.000000 0.000000 0.000000 0.000000 0.000000 0.000000 0.000000 0.000000 0.000000 0.000000 0.000000 0.000000 0.000000 0.000000 0.000000 0.000000 0.000000 0.000000 0.000000 0.000000 0.000000 0.000000 0.000000 0.000000 0.000000 0.000000 0.000000 0.000000 0.000000 0.000000 0.000000 0.000000 0.000000 0.000000 0.000000 0.000000 0.000000 0.000000 0.000000 0.000000 0.000000 0.000000 0.000000 0.000000 0.000000 0.000000 0.000000 0.000000 0.000000 0.000000 0.000000 0.000000 0.000000 0.000000 0.000000 0.000000 0.000000 0.000000 0.000000 0.000000 0.000000 0.000000 0.000000 0.000000 0.000000 0.000000 0.000000 0.436320 0.527275 0.600852 0.649515 0.673810 0.688500 0.737171 0.761834 0.769687 0.784385 0.805295 0.840929 0.871702 0.888471 0.897340 0.893799 0.876121 0.857392 0.839766 0.830769 0.855838 0.876899 0.883810 0.876176 0.830715 0.895766 0.950485 1.016011 1.066778 1.097855 1.118106 1.131745 1.134266 1.129890 1.113280 1.088407 1.058925 1.025721 1.013493 0.992655 0.969313 0.906285 0.828971 0.752478 0.651531
0.000000 0.000000 0.000000 0.000000 0.000000 0.000000 0.000000 0.000000 0.000000 0.000000 0.000000 0.000000 0.000000 0.000000 0.000000 0.000000 0.000000 0.000000 0.000000 0.000000 0.000000 0.000000 0.000000 0.000000 0.000000 0.000000 0.000000 0.000000 0.000000 0.000000 0.000000 0.000000 0.000000 0.000000 0.000000 0.000000 0.000000 0.000000 0.000000 0.000000 0.000000 0.000000 0.000000 0.000000 0.000000 0.000000 0.406834 0.513023 0.544117 0.564923 0.578459 0.588060 0.586397 0.570689 0.483421 0.456656 0.540798 0.496503 0.457344 0.000000 0.000000 0.000000 0.000000 0.000000 0.403619 0.413512 0.417398 0.418398 0.418405 0.418776 0.520367 0.568732 0.555887 0.514194 0.549871 0.654585 0.706395 0.707972 0.665218 0.618345 0.609077 0.589166 0.559065 0.532861 0.514339 0.502815 0.494027 0.486023 0.547650 0.562254 0.569642 0.576751 0.586841 0.602451 0.570454 0.591759 0.614476 0.638686 0.669053 0.687040 0.694512 0.703304 0.727050 0.742467 0.751414 0.758571 0.761419 0.761330 0.760590 0.751873 0.714855 0.666093 0.698570 0.779552 0.829874 0.835238 0.832632 0.823540 0.769872 0.692695 0.611199 0.547596 0.501850 0.464348 0.431904 0.400911 0.000000 0.000000 0.000000 0.430241 0.425803 0.397921 0.000000 0.417905 0.451337 0.507865 0.555259 0.572993 0.575660 0.565688 0.543327 0.508116 0.467292 0.425194 0.382930 0.000000 0.000000 0.000000 0.000000 0.000000 0.000000 0.000000 0.000000 0.000000 0.000000 0.000000 0.000000 0.000000 0.000000 0.000000 0.000000 0.000000 0.000000 0.000000 0.000000 0.000000 0.000000 0.000000 0.000000 0.000000 0.000000 0.000000 0.000000 0.000000 0.000000 0.000000 0.000000 0.000000 0.000000 0.000000 0.000000 0.000000 0.000000 0.000000 0.000000 0.000000 0.000000 0.000000 0.000000 0.000000 0.000000 0.000000 0.000000 0.000000 0.000000 0.000000 0.000000 0.000000 0.000000 0.000000 0.000000 0.000000 0.000000 0.000000 0.000000 0.000000 0.000000 0.000000 0.000000 0.000000 0.000000 0.000000 0.000000 0.000000 0.000000 0.000000 0.000000 0.000000 0.000000 0.000000 0.000000 0.000000 0.000000 0.000000 0.000000 0.000000 0.000000 0.000000 0.000000 0.000000 0.000000 0.441608 0.469219 0.506071 0.534155 0.550730 0.557873 0.566055 0.576730 0.586913 0.611991 0.674242 0.711176 0.731274 0.730153 0.733564 0.724533 0.719767 0.716503 0.713664 0.714794 0.717036 0.725336 0.738057 0.754347 0.766598 0.777433 0.780979 0.786870 0.782975 0.842298 0.889899 0.921790 0.936778 0.927798 0.901136 0.861483 0.842436 0.854689 0.875137 0.878573 0.872572 0.705578 0.732257 0.744811 0.739628 0.839006 0.769920 0.704960 0.629515
0.000000 0.000000 0.000000 0.000000 0.000000 0.000000 0.000000 0.000000 0.000000 0.000000 0.000000 0.000000 0.000000 0.000000 0.000000 0.000000 0.000000 0.000000 0.000000 0.000000 0.000000 0.000000 0.000000 0.000000 0.000000 0.000000 0.000000 0.000000 0.000000 0.000000 0.000000 0.000000 0.000000 0.000000 0.000000 0.000000 0.000000 0.000000 0.000000 0.000000 0.000000 0.000000 0.000000 0.000000 0.000000 0.420298 0.434687 0.438349 0.430386 0.415532 0.000000 0.000000 0.000000 0.000000 0.000000 0.000000 0.000000 0.000000 0.000000 0.000000 0.000000 0.000000 0.412853 0.427465 0.437651 0.431308 0.437178 0.440962 0.430626 0.416685 0.000000 0.000000 0.000000 0.000000 0.000000 0.425123 0.440294 0.454073 0.465574 0.477712 0.481353 0.493089 0.502224 0.505736 0.507208 0.497193 0.488194 0.553823 0.572636 0.581678 0.573079 0.571959 0.588173 0.560794 0.575011 0.587380 0.605212 0.640283 0.674891 0.692741 0.698996 0.701052 0.730333 0.749895 0.762792 0.764720 0.760165 0.748979 0.725077 0.695483 0.666639 0.656559 0.677696 0.697573 0.700936 0.690646 0.729487 0.745479 0.700821 0.621641 0.522769 0.446327 0.000000 0.000000 0.000000 0.000000 0.000000 0.000000 0.000000 0.000000 0.000000 0.000000 0.410004 0.412009 0.404228 0.000000 0.000000 0.000000 0.402120 0.410300 0.401658 0.000000 0.000000 0.000000 0.000000 0.000000 0.000000 0.000000 0.000000 0.000000 0.000000 0.000000 0.000000 0.000000 0.000000 0.000000 0.000000 0.000000 0.000000 0.000000 0.000000 0.000000 0.000000 0.000000 0.000000 0.000000 0.000000 0.000000 0.000000 0.000000 0.000000 0.000000 0.000000 0.000000 0.000000 0.000000 0.000000 0.000000 0.000000 0.000000 0.000000 0.000000 0.000000 0.000000 0.000000 0.000000 0.000000 0.000000 0.000000 0.000000 0.000000 0.000000 0.000000 0.000000 0.000000 0.000000 0.000000 0.000000 0.000000 0.000000 0.000000 0.000000 0.000000 0.000000 0.000000 0.000000 0.000000 0.000000 0.000000 0.000000 0.000000 0.000000 0.000000 0.000000 0.000000 0.000000 0.000000 0.000000 0.000000 0.000000 0.000000 0.000000 0.000000 0.000000 0.000000 0.000000 0.000000 0.000000 0.000000 0.000000 0.425847 0.454477 0.475831 0.495320 0.513308 0.540651 0.558928 0.569759 0.573160 0.578382 0.595615 0.608304 0.663039 0.679700 0.685315 0.690720 0.694352 0.696244 0.695974 0.696117 0.692699 0.691447 0.690153 0.685764 0.681990 0.687842 0.675502 0.687903 0.693624 0.741320 0.812336 0.877208 0.926372 0.950341 0.959153 0.942950 0.919462 0.896572 0.882073 0.871656 0.857835 0.836035 0.752216 0.731030 0.707702 0.764261 0.759440 0.723699 0.675579 0.556563
0.000000 0.000000 0.000000 0.000000 0.000000 0.000000 0.000000 0.000000 0.000000 0.000000 0.000000 0.000000 0.000000 0.000000 0.000000 0.000000 0.000000 0.000000 0.000000 0.000000 0.000000 0.000000 0.000000 0.000000 0.000000 0.000000 0.000000 0.000000 0.000000 0.000000 0.000000 0.000000 0.000000 0.000000 0.000000 0.000000 0.000000 0.000000 0.000000 0.000000 0.000000 0.000000 0.000000 0.000000 0.000000 0.000000 0.000000 0.000000 0.000000 0.353320 0.000000 0.000000 0.000000 0.000000 0.000000 0.000000 0.000000 0.000000 0.000000 0.000000 0.000000 0.000000 0.000000 0.000000 0.000000 0.000000 0.000000 0.000000 0.000000 0.000000 0.000000 0.000000 0.000000 0.000000 0.000000 0.000000 0.000000 0.000000 0.000000 0.000000 0.000000 0.000000 0.000000 0.421910 0.000000 0.000000 0.000000 0.515790 0.533277 0.538670 0.459686 0.496275 0.541570 0.564365 0.573753 0.578922 0.605537 0.651127 0.678203 0.692498 0.694837 0.692209 0.741683 0.760983 0.773828 0.766869 0.758706 0.738355 0.705739 0.685401 0.657485 0.630764 0.634333 0.624916 0.600809 0.557908 0.533646 0.529868 0.505880 0.460788 0.412621 0.000000 0.000000 0.000000 0.000000 0.000000 0.000000 0.000000 0.000000 0.000000 0.000000 0.000000 0.000000 0.000000 0.000000 0.000000 0.000000 0.000000 0.000000 0.000000 0.000000 0.000000 0.000000 0.000000 0.000000 0.000000 0.000000 0.000000 0.000000 0.000000 0.000000 0.000000 0.000000 0.000000 0.000000 0.000000 0.000000 0.000000 0.000000 0.000000 0.000000 0.000000 0.000000 0.000000 0.000000 0.000000 0.000000 0.000000 0.000000 0.000000 0.000000 0.000000 0.000000 0.000000 0.000000 0.000000 0.000000 0.000000 0.000000 0.000000 0.000000 0.000000 0.000000 0.000000 0.000000 0.000000 0.000000 0.000000 0.000000 0.000000 0.000000 0.000000 0.000000 0.000000 0.000000 0.000000 0.000000 0.000000 0.000000 0.000000 0.000000 0.000000 0.000000 0.000000 0.000000 0.000000 0.000000 0.000000 0.000000 0.000000 0.000000 0.000000 0.000000 0.000000 0.000000 0.000000 0.000000 0.000000 0.000000 0.000000 0.000000 0.000000 0.000000 0.000000 0.000000 0.000000 0.000000 0.000000 0.000000 0.000000 0.000000 0.434136 0.466196 0.476633 0.480112 0.451151 0.460304 0.485384 0.625618 0.496388 0.476692 0.527097 0.556821 0.564521 0.561969 0.537107 0.553117 0.573009 0.577436 0.574603 0.550210 0.509435 0.538404 0.552342 0.560164 0.537059 0.527566 0.558954 0.569969 0.573982 0.564315 0.655719 0.702650 0.718994 0.719548 0.712183 0.701776 0.699319 0.671278 0.678125 0.671888 0.661222 0.643690 0.620648 0.640267 0.636557 0.624167 0.606322 0.583191 0.000000
0.000000 0.000000 0.000000 0.000000 0.000000 0.000000 0.000000 0.000000 0.000000 0.000000 0.000000 0.000000 0.000000 0.000000 0.000000 0.000000 0.000000 0.000000 0.000000 0.000000 0.000000 0.000000 0.000000 0.000000 0.000000 0.000000 0.000000 0.000000 0.000000 0.000000 0.000000 0.000000 0.000000 0.000000 0.000000 0.000000 0.000000 0.000000 0.000000 0.000000 0.000000 0.000000 0.000000 0.000000 0.000000 0.000000 0.000000 0.000000 0.000000 0.000000 0.000000 0.000000 0.000000 0.000000 0.000000 0.000000 0.000000 0.000000 0.000000 0.000000 0.000000 0.000000 0.000000 0.000000 0.000000 0.000000 0.000000 0.000000 0.000000 0.000000 0.000000 0.000000 0.000000 0.000000 0.000000 0.000000 0.000000 0.000000 0.000000 0.000000 0.000000 0.000000 0.000000 0.000000 0.000000 0.000000 0.000000 0.413809 0.425389 0.433684 0.444549 0.499574 0.533292 0.548980 0.555669 0.556305 0.619491 0.652890 0.668948 0.677636 0.672358 0.688262 0.720269 0.735085 0.745149 0.734488 0.714802 0.687840 0.663348 0.683874 0.654646 0.622918 0.602098 0.579521 0.558202 0.455943 0.425409 0.000000 0.000000 0.000000 0.000000 0.000000 0.000000 0.000000 0.000000 0.000000 0.000000 0.000000 0.000000 0.000000 0.000000 0.000000 0.000000 0.000000 0.000000 0.000000 0.000000 0.000000 0.000000 0.000000 0.000000 0.000000 0.000000 0.000000 0.000000 0.000000 0.000000 0.000000 0.000000 0.000000 0.000000 0.000000 0.000000 0.000000 0.000000 0.000000 0.000000 0.000000 0.000000 0.000000 0.000000 0.000000 0.000000 0.000000 0.000000 0.000000 0.000000 0.000000 0.000000 0.000000 0.000000 0.000000 0.000000 0.000000 0.000000 0.000000 0.000000 0.000000 0.000000 0.000000 0.000000 0.000000 0.000000 0.000000 0.000000 0.000000 0.000000 0.000000 0.000000 0.000000 0.000000 0.000000 0.000000 0.000000 0.000000 0.000000 0.000000 0.000000 0.000000 0.000000 0.000000 0.000000 0.000000 0.000000 0.000000 0.000000 0.000000 0.000000 0.000000 0.000000 0.000000 0.000000 0.000000 0.000000 0.000000 0.000000 0.000000 0.000000 0.000000 0.000000 0.000000 0.000000 0.000000 0.000000 0.000000 0.000000 0.000000 0.000000 0.000000 0.000000 0.000000 0.441286 0.468325 0.453564 0.000000 0.000000 0.462651 0.474292 0.448402 0.000000 0.468190 0.515699 0.529498 0.511702 0.468785 0.490250 0.538144 0.556896 0.543056 0.510800 0.467884 0.520803 0.543191 0.512916 0.446987 0.494638 0.546695 0.549149 0.508403 0.420067 0.539826 0.590643 0.606431 0.592125 0.572730 0.542068 0.586728 0.612456 0.613727 0.613393 0.574914 0.531788 0.506431 0.580140 0.584339 0.500950 0.476420 0.447771 0.422951 0.000000
0.000000 0.000000 0.000000 0.000000 0.000000 0.000000 0.000000 0.000000 0.000000 0.000000 0.000000 0.000000 0.000000 0.000000 0.000000 0.000000 0.000000 0.000000 0.000000 0.000000 0.000000 0.000000 0.000000 0.000000 0.000000 0.000000 0.000000 0.000000 0.000000 0.000000 0.000000 0.000000 0.000000 0.000000 0.000000 0.000000 0.000000 0.000000 0.000000 0.000000 0.000000 0.000000 0.000000 0.000000 0.000000 0.000000 0.000000 0.000000 0.000000 0.000000 0.000000 0.000000 0.000000 0.000000 0.000000 0.000000 0.000000 0.000000 0.000000 0.000000 0.000000 0.000000 0.000000 0.000000 0.000000 0.000000 0.000000 0.000000 0.000000 0.000000 0.458610 0.508541 0.523199 0.507796 0.456596 0.000000 0.000000 0.000000 0.000000 0.000000 0.000000 0.000000 0.000000 0.000000 0.000000 0.000000 0.000000 0.000000 0.000000 0.000000 0.433754 0.458647 0.472982 0.472455 0.481884 0.594515 0.621994 0.640477 0.640334 0.639616 0.661376 0.688836 0.706848 0.706563 0.706874 0.690311 0.674303 0.655607 0.634014 0.604828 0.593283 0.573880 0.559874 0.539387 0.445407 0.433036 0.426040 0.418418 0.000000 0.000000 0.000000 0.000000 0.000000 0.000000 0.000000 0.000000 0.000000 0.000000 0.000000 0.000000 0.000000 0.000000 0.000000 0.000000 0.000000 0.000000 0.000000 0.000000 0.000000 0.000000 0.000000 0.000000 0.000000 0.000000 0.000000 0.000000 0.000000 0.000000 0.000000 0.000000 0.000000 0.000000 0.000000 0.000000 0.000000 0.000000 0.000000 0.000000 0.000000 0.000000 0.000000 0.000000 0.000000 0.000000 0.000000 0.000000 0.000000 0.000000 0.000000 0.000000 0.000000 0.000000 0.000000 0.000000 0.000000 0.000000 0.000000 0.000000 0.000000 0.000000 0.000000 0.000000 0.000000 0.000000 0.000000 0.000000 0.000000 0.000000 0.000000 0.000000 0.000000 0.000000 0.000000 0.000000 0.000000 0.000000 0.000000 0.000000 0.000000 0.000000 0.000000 0.000000 0.000000 0.000000 0.000000 0.000000 0.000000 0.000000 0.000000 0.000000 0.000000 0.000000 0.000000 0.000000 0.000000 0.000000 0.000000 0.000000 0.000000 0.000000 0.000000 0.000000 0.000000 0.000000 0.000000 0.000000 0.000000 0.000000 0.000000 0.000000 0.000000 0.000000 0.428781 0.000000 0.000000 0.000000 0.436235 0.000000 0.000000 0.000000 0.463620 0.494817 0.466998 0.000000 0.000000 0.490033 0.519092 0.513758 0.425260 0.000000 0.469960 0.505980 0.513864 0.000000 0.000000 0.500378 0.537724 0.486935 0.000000 0.442424 0.564529 0.598078 0.566915 0.460421 0.435886 0.558102 0.572628 0.565044 0.518714 0.443525 0.000000 0.000000 0.435898 0.429233 0.000000 0.000000 0.000000 0.000000 0.000000 0.000000
