0.000000 0.000000 0.000000 0.000000 0.000000 0.000000 0.000000 0.000000 0.000000 0.000000 0.000000 0.000000 0.000000 0.000000 0.000000 0.000000 0.000000 0.000000 0.000000 0.000000 0.000000 0.000000 0.000000 0.000000 0.000000 0.000000 0.000000 0.000000 0.000000 0.000000 0.000000 0.000000 0.000000 0.000000 0.000000 0.000000 0.000000 0.000000 0.000000 0.000000 0.000000 0.000000 0.000000 0.000000 0.000000 0.000000 0.000000 0.000000 0.000000 0.000000 0.000000 0.000000 0.000000 0.000000 0.000000 0.000000 0.000000 0.000000 0.000000 0.000000 0.000000 0.000000 0.000000 0.000000 0.000000 0.000000 0.000000 0.000000 0.000000 0.000000 0.000000 0.000000 0.000000 0.000000 0.000000 0.000000 0.000000 0.000000 0.000000 0.000000 0.440914 0.459249 0.467074 0.466092 0.464369 0.528742 0.535116 0.539562 0.551133 0.567755 0.646327 0.663746 0.672043 0.667431 0.705429 0.852080 0.894065 0.908525 0.897753 0.854057 0.689543 0.680500 0.690132 0.692740 0.691004 0.649148 0.640497 0.645478 0.705963 0.803733 0.920050 0.941525 0.939963 0.916131 0.868985 0.702704 0.649338 0.687003 0.701790 0.710275 0.768467 0.788402 0.788704 0.705917 0.729123 0.758329 0.781765 0.790396 0.788815 0.775503 0.762282 0.771413 0.836143 0.906846 0.883506 0.743979 0.764548 0.779851 0.788769 0.780095 0.790578 0.795645 0.809208 0.809730 0.802930 0.818110 0.829836 0.845127 0.845990 0.843669 0.831858 0.863978 0.884219 0.896611 0.908995 0.899465 0.927419 0.945883 0.948544 0.937862 0.890422 0.906233 0.915983 0.916014 0.908479 0.845233 0.838056 0.844835 0.844294 0.830459 0.766365 0.905740 0.849397 0.782741 0.714638 0.714386 0.684781 0.725536 0.692782 0.687894 0.713202 0.741105 0.751841 0.754157 0.746722 0.698770 0.714814 0.722678 0.722536 0.707711 0.647074 0.608171 0.557968 0.494884 0.000000 0.000000 0.206131 0.268279 0.283004 0.353745 0.408239 0.410972 0.000000 0.000000 0.000000 0.000000 0.000000 0.000000 0.000000 0.000000 0.000000 0.000000 0.000000 0.000000 0.000000 0.000000 0.000000 0.000000 0.000000 0.000000 0.000000 0.000000 0.000000 0.000000 0.000000 0.000000 0.000000 0.000000 0.000000 0.000000 0.000000 0.000000 0.000000 0.000000 0.000000 0.000000 0.000000 0.000000 0.000000 0.000000 0.000000 0.000000 0.000000 0.000000 0.000000 0.000000 0.000000 0.000000 0.000000 0.000000 0.000000 0.000000 0.000000 0.000000 0.000000 0.000000 0.000000 0.000000 0.000000 0.000000 0.000000 0.000000 0.000000 0.000000 0.000000 0.000000 0.000000 0.000000 0.000000 0.000000 0.000000 0.000000 0.000000 0.000000 0.000000 0.000000 0.000000 0.000000 0.000000 0.000000
0.000000 0.000000 0.000000 0.000000 0.000000 0.000000 0.000000 0.000000 0.000000 0.000000 0.000000 0.000000 0.000000 0.000000 0.000000 0.000000 0.000000 0.000000 0.000000 0.000000 0.000000 0.000000 0.000000 0.000000 0.000000 0.000000 0.000000 0.000000 0.000000 0.000000 0.000000 0.000000 0.000000 0.000000 0.000000 0.000000 0.000000 0.000000 0.000000 0.000000 0.000000 0.000000 0.000000 0.000000 0.000000 0.000000 0.000000 0.000000 0.000000 0.000000 0.000000 0.000000 0.000000 0.000000 0.000000 0.000000 0.000000 0.000000 0.000000 0.000000 0.000000 0.000000 0.000000 0.000000 0.000000 0.000000 0.000000 0.000000 0.000000 0.000000 0.000000 0.000000 0.000000 0.000000 0.000000 0.000000 0.000000 0.000000 0.000000 0.000000 0.000000 0.420941 0.436191 0.439588 0.440817 0.500762 0.508832 0.512368 0.508768 0.471326 0.543353 0.564450 0.577883 0.584720 0.591618 0.610935 0.636592 0.660698 0.669518 0.673743 0.662297 0.682490 0.697495 0.702327 0.700175 0.686151 0.701171 0.725419 0.732092 0.728265 0.694303 0.670070 0.639209 0.646132 0.664668 0.698545 0.698312 0.698912 0.703099 0.701297 0.731714 0.768602 0.806301 0.788849 0.794061 0.744650 0.794151 0.813767 0.820191 0.818485 0.802601 0.838101 0.731322 0.921792 0.881280 0.738150 0.772279 0.788250 0.800473 0.787853 0.783557 0.795747 0.811203 0.813763 0.811798 0.799583 0.813508 0.830770 0.834062 0.832512 0.811340 0.815700 0.825018 0.832046 0.837107 0.815905 0.856438 0.877972 0.886676 0.889018 0.845780 0.878819 0.900986 0.911592 0.912463 0.864444 0.846638 0.865014 0.870146 0.867873 0.810798 0.753699 0.695527 0.627745 0.735646 0.731480 0.737081 0.732429 0.719275 0.747947 0.748600 0.791362 0.813847 0.820094 0.820834 0.780666 0.766553 0.784075 0.795403 0.793904 0.738750 0.671131 0.604210 0.525296 0.420456 0.000000 0.000000 0.063829 0.154641 0.209688 0.460460 0.504506 0.512179 0.498399 0.476036 0.000000 0.000000 0.000000 0.000000 0.000000 0.000000 0.000000 0.000000 0.000000 0.000000 0.000000 0.000000 0.000000 0.000000 0.000000 0.000000 0.000000 0.000000 0.000000 0.000000 0.000000 0.000000 0.000000 0.000000 0.000000 0.000000 0.000000 0.000000 0.000000 0.000000 0.000000 0.000000 0.000000 0.000000 0.000000 0.000000 0.000000 0.000000 0.000000 0.000000 0.000000 0.000000 0.000000 0.000000 0.000000 0.000000 0.000000 0.000000 0.000000 0.000000 0.000000 0.000000 0.000000 0.000000 0.000000 0.000000 0.000000 0.000000 0.000000 0.000000 0.000000 0.000000 0.000000 0.000000 0.000000 0.000000 0.000000 0.000000 0.000000 0.000000 0.000000 0.000000 0.000000 0.000000 0.000000
0.000000 0.000000 0.000000 0.000000 0.000000 0.000000 0.000000 0.000000 0.000000 0.000000 0.000000 0.000000 0.000000 0.000000 0.000000 0.000000 0.000000 0.000000 0.000000 0.000000 0.000000 0.000000 0.000000 0.000000 0.000000 0.000000 0.000000 0.000000 0.000000 0.000000 0.000000 0.000000 0.000000 0.000000 0.000000 0.000000 0.000000 0.000000 0.000000 0.000000 0.000000 0.000000 0.000000 0.000000 0.000000 0.000000 0.000000 0.000000 0.000000 0.000000 0.000000 0.000000 0.000000 0.000000 0.000000 0.000000 0.000000 0.000000 0.000000 0.000000 0.000000 0.000000 0.000000 0.000000 0.000000 0.000000 0.000000 0.000000 0.000000 0.000000 0.000000 0.000000 0.000000 0.000000 0.000000 0.000000 0.000000 0.000000 0.000000 0.000000 0.000000 0.000000 0.000000 0.000000 0.000000 0.000000 0.000000 0.000000 0.383023 0.416535 0.490238 0.513833 0.534702 0.548566 0.561353 0.570510 0.610889 0.641692 0.668349 0.680149 0.681684 0.702294 0.745581 0.758026 0.754076 0.732682 0.765387 0.787654 0.791188 0.779555 0.742280 0.697642 0.662925 0.625280 0.645694 0.675959 0.688727 0.711020 0.710619 0.700891 0.707134 0.744231 0.758124 0.761946 0.755023 0.731614 0.774711 0.808507 0.770046 0.775902 0.833476 0.890171 0.921476 0.931956 0.864444 0.873691 0.920116 0.947934 0.948699 0.786399 0.767029 0.771451 0.790532 0.796773 0.794419 0.776843 0.778045 0.796690 0.801896 0.803429 0.779983 0.776944 0.778917 0.781225 0.784646 0.934994 0.811787 0.834029 0.845042 0.853021 0.831625 0.870795 0.897870 0.914160 0.918387 0.879547 0.861309 0.879993 0.885531 0.882384 0.834711 0.769755 0.708194 0.645850 0.615137 0.600448 0.610606 0.754809 0.744420 0.731094 0.757975 0.809192 0.834994 0.843985 0.848278 0.826178 0.800962 0.814270 0.823462 0.825711 0.772488 0.703711 0.633522 0.561824 0.467653 0.000000 0.000000 0.000000 0.000000 0.000000 0.000000 0.411475 0.442816 0.436129 0.430708 0.000000 0.000000 0.000000 0.000000 0.000000 0.000000 0.000000 0.000000 0.000000 0.000000 0.000000 0.000000 0.000000 0.000000 0.000000 0.000000 0.000000 0.000000 0.000000 0.000000 0.000000 0.000000 0.000000 0.000000 0.000000 0.000000 0.000000 0.000000 0.000000 0.000000 0.000000 0.000000 0.000000 0.000000 0.000000 0.000000 0.000000 0.000000 0.000000 0.000000 0.000000 0.000000 0.000000 0.000000 0.000000 0.000000 0.000000 0.000000 0.000000 0.000000 0.000000 0.000000 0.000000 0.000000 0.000000 0.000000 0.000000 0.000000 0.000000 0.000000 0.000000 0.000000 0.000000 0.000000 0.000000 0.000000 0.000000 0.000000 0.000000 0.000000 0.000000 0.000000 0.000000 0.000000 0.000000
0.000000 0.000000 0.000000 0.000000 0.000000 0.000000 0.000000 0.000000 0.000000 0.000000 0.000000 0.000000 0.000000 0.000000 0.000000 0.000000 0.000000 0.000000 0.000000 0.000000 0.000000 0.000000 0.000000 0.000000 0.000000 0.000000 0.000000 0.000000 0.000000 0.000000 0.000000 0.000000 0.000000 0.000000 0.000000 0.000000 0.000000 0.000000 0.000000 0.000000 0.000000 0.000000 0.000000 0.000000 0.000000 0.000000 0.000000 0.000000 0.000000 0.000000 0.000000 0.000000 0.000000 0.000000 0.000000 0.000000 0.000000 0.000000 0.000000 0.000000 0.000000 0.000000 0.000000 0.000000 0.000000 0.000000 0.000000 0.000000 0.000000 0.000000 0.000000 0.000000 0.000000 0.000000 0.000000 0.000000 0.000000 0.000000 0.000000 0.000000 0.000000 0.000000 0.000000 0.000000 0.000000 0.000000 0.000000 0.000000 0.000000 0.000000 0.412875 0.445180 0.463723 0.480799 0.507243 0.534480 0.581929 0.638302 0.710793 0.748431 0.765168 0.774127 0.799592 0.821657 0.822205 0.792434 0.791495 0.830327 0.839402 0.832318 0.791993 0.761480 0.726960 0.709782 0.726942 0.719142 0.750147 0.767388 0.772916 0.765396 0.744705 0.751072 0.757122 0.757072 0.759347 0.766777 0.796483 0.817158 0.907355 0.910023 0.900608 0.940138 0.978907 0.998064 0.984891 0.944740 0.875701 0.898856 0.920580 0.926107 0.762942 0.765351 0.783973 0.781941 0.770922 0.742426 0.731592 0.757206 0.766462 0.767070 0.744997 0.740361 0.743045 0.749797 0.753160 0.908004 0.915566 0.959290 1.000186 1.017758 1.011721 1.012825 1.063164 1.097516 1.116364 0.913351 0.874842 0.904863 0.913846 0.909853 0.864966 0.800962 0.750712 0.710753 0.682064 0.658417 0.649431 0.631227 0.764113 0.762689 0.797941 0.821016 0.839904 0.842328 0.837307 0.809574 0.824632 0.855028 0.861790 0.851338 0.807285 0.735883 0.662967 0.598284 0.535945 0.465217 0.000000 0.000000 0.000000 0.000000 0.000000 0.000000 0.000000 0.000000 0.000000 0.000000 0.000000 0.000000 0.000000 0.000000 0.000000 0.000000 0.000000 0.000000 0.000000 0.000000 0.000000 0.000000 0.000000 0.000000 0.000000 0.000000 0.000000 0.000000 0.000000 0.000000 0.000000 0.000000 0.000000 0.000000 0.000000 0.000000 0.000000 0.000000 0.000000 0.000000 0.000000 0.000000 0.000000 0.000000 0.000000 0.000000 0.000000 0.000000 0.000000 0.000000 0.000000 0.000000 0.000000 0.000000 0.000000 0.000000 0.000000 0.000000 0.000000 0.000000 0.000000 0.000000 0.000000 0.000000 0.000000 0.000000 0.000000 0.000000 0.000000 0.000000 0.000000 0.000000 0.000000 0.000000 0.000000 0.000000 0.000000 0.000000 0.000000 0.000000 0.000000 0.000000 0.000000 0.000000
0.000000 0.000000 0.000000 0.000000 0.000000 0.000000 0.000000 0.000000 0.000000 0.000000 0.000000 0.000000 0.000000 0.000000 0.000000 0.000000 0.000000 0.000000 0.000000 0.000000 0.000000 0.000000 0.000000 0.000000 0.000000 0.000000 0.000000 0.000000 0.000000 0.000000 0.000000 0.000000 0.000000 0.000000 0.000000 0.000000 0.000000 0.000000 0.000000 0.000000 0.000000 0.000000 0.000000 0.000000 0.000000 0.000000 0.000000 0.000000 0.000000 0.000000 0.000000 0.000000 0.000000 0.000000 0.000000 0.000000 0.000000 0.000000 0.000000 0.000000 0.000000 0.000000 0.000000 0.000000 0.000000 0.000000 0.000000 0.000000 0.000000 0.000000 0.000000 0.000000 0.000000 0.000000 0.000000 0.000000 0.000000 0.000000 0.000000 0.000000 0.000000 0.000000 0.424007 0.000000 0.000000 0.000000 0.000000 0.000000 0.000000 0.000000 0.000000 0.000000 0.378864 0.391151 0.424580 0.467007 0.531275 0.620288 0.725868 0.808872 0.865494 0.893992 0.915273 0.917650 0.933455 0.918323 0.868289 0.862500 0.905522 0.919847 0.879280 0.821858 0.787385 0.805986 0.841253 0.896289 0.953359 1.014385 1.042144 1.054870 1.023545 1.005650 0.885475 0.872041 0.857231 0.850582 0.862875 0.878894 0.891350 0.983137 0.993226 1.015105 1.046264 1.062838 1.045579 0.987138 0.949227 0.950454 0.968085 0.968119 0.869327 0.870154 0.753098 0.740009 0.723843 0.711619 0.746411 0.806039 0.822740 0.811438 0.788641 0.748976 0.723214 0.768344 0.810768 0.802726 0.784869 0.807369 0.844600 0.887932 0.619580 0.553955 0.827396 0.900537 0.959570 0.983428 0.935877 0.897093 0.924458 0.948838 0.931936 0.862661 0.791821 0.749215 0.715816 0.696904 0.394057 0.342260 0.637724 0.306072 0.821173 0.801993 0.795702 0.805125 0.829512 0.826848 0.781968 0.779411 0.773003 0.790298 0.779646 0.734251 0.695052 0.679111 0.661819 0.519240 0.432716 0.000000 0.000000 0.000000 0.000000 0.000000 0.000000 0.000000 0.000000 0.000000 0.000000 0.000000 0.000000 0.000000 0.000000 0.000000 0.000000 0.000000 0.000000 0.000000 0.000000 0.000000 0.000000 0.000000 0.000000 0.000000 0.000000 0.000000 0.000000 0.000000 0.000000 0.000000 0.000000 0.000000 0.000000 0.000000 0.000000 0.000000 0.000000 0.000000 0.000000 0.000000 0.000000 0.000000 0.000000 0.000000 0.000000 0.000000 0.000000 0.000000 0.000000 0.000000 0.000000 0.000000 0.000000 0.000000 0.000000 0.000000 0.000000 0.000000 0.000000 0.000000 0.000000 0.000000 0.000000 0.000000 0.000000 0.000000 0.000000 0.000000 0.000000 0.000000 0.000000 0.000000 0.000000 0.000000 0.000000 0.000000 0.000000 0.000000 0.000000 0.000000 0.000000 0.000000
0.000000 0.000000 0.000000 0.000000 0.000000 0.000000 0.000000 0.000000 0.000000 0.000000 0.000000 0.000000 0.000000 0.000000 0.000000 0.000000 0.000000 0.000000 0.000000 0.000000 0.000000 0.000000 0.000000 0.000000 0.000000 0.000000 0.000000 0.000000 0.000000 0.000000 0.000000 0.000000 0.000000 0.000000 0.000000 0.000000 0.000000 0.000000 0.000000 0.000000 0.000000 0.000000 0.000000 0.000000 0.000000 0.000000 0.000000 0.000000 0.000000 0.000000 0.000000 0.000000 0.000000 0.000000 0.000000 0.000000 0.000000 0.000000 0.000000 0.000000 0.000000 0.000000 0.000000 0.000000 0.000000 0.000000 0.000000 0.000000 0.000000 0.000000 0.000000 0.000000 0.000000 0.000000 0.000000 0.000000 0.000000 0.000000 0.000000 0.000000 0.000000 0.000000 0.000000 0.000000 0.000000 0.000000 0.000000 0.000000 0.000000 0.000000 0.000000 0.404853 0.427107 0.425406 0.431129 0.544210 0.619326 0.694370 0.698167 0.759369 0.814365 0.855880 0.952388 0.967488 0.996490 1.001752 0.979410 0.943666 0.984847 1.017661 0.978640 0.904072 0.844970 0.921706 1.035137 1.103799 1.162204 1.216349 1.238887 1.248236 1.233298 1.199383 1.158574 1.023875 0.977649 0.956925 0.941488 0.939153 0.940746 0.943664 1.051455 1.068106 1.091167 1.103907 1.094736 1.065947 1.025129 0.929405 0.916828 0.883926 0.844566 0.835669 0.926521 0.944637 0.907859 0.934739 1.015967 1.076874 1.081062 1.082382 1.075572 0.888716 0.876642 0.848148 0.834206 0.854418 0.860177 0.872755 0.863671 0.881239 0.897476 0.875943 0.846872 0.906164 0.976500 1.185127 1.166011 1.127238 0.930943 0.958960 0.971766 0.926474 0.842168 0.775250 0.738096 0.720486 0.738755 0.740802 0.695722 0.640133 0.752559 0.791941 0.826892 0.857515 0.910763 0.943597 0.923892 0.853816 0.807693 0.798278 0.762684 0.701759 0.665920 0.637339 0.578251 0.617976 0.633414 0.536518 0.000000 0.000000 0.000000 0.000000 0.000000 0.000000 0.000000 0.000000 0.000000 0.000000 0.000000 0.000000 0.000000 0.000000 0.000000 0.000000 0.000000 0.000000 0.000000 0.000000 0.000000 0.000000 0.000000 0.000000 0.000000 0.000000 0.000000 0.000000 0.000000 0.000000 0.000000 0.000000 0.000000 0.000000 0.000000 0.000000 0.000000 0.000000 0.000000 0.000000 0.000000 0.000000 0.000000 0.000000 0.000000 0.000000 0.000000 0.000000 0.000000 0.000000 0.000000 0.000000 0.000000 0.000000 0.000000 0.000000 0.000000 0.000000 0.000000 0.000000 0.000000 0.000000 0.000000 0.000000 0.000000 0.000000 0.000000 0.000000 0.000000 0.000000 0.000000 0.000000 0.000000 0.000000 0.000000 0.000000 0.000000 0.000000 0.000000 0.000000 0.000000 0.000000
0.000000 0.000000 0.000000 0.000000 0.000000 0.000000 0.000000 0.000000 0.000000 0.000000 0.000000 0.000000 0.000000 0.000000 0.000000 0.000000 0.000000 0.000000 0.000000 0.000000 0.000000 0.000000 0.000000 0.000000 0.000000 0.000000 0.000000 0.000000 0.000000 0.000000 0.000000 0.000000 0.000000 0.000000 0.000000 0.000000 0.000000 0.000000 0.000000 0.000000 0.000000 0.000000 0.000000 0.000000 0.000000 0.000000 0.000000 0.000000 0.000000 0.000000 0.000000 0.000000 0.000000 0.000000 0.000000 0.000000 0.000000 0.000000 0.000000 0.000000 0.000000 0.000000 0.000000 0.000000 0.000000 0.544852 0.000000 0.000000 0.000000 0.409125 0.447268 0.000000 0.000000 0.000000 0.000000 0.000000 0.000000 0.000000 0.398929 0.000000 0.000000 0.000000 0.000000 0.000000 0.000000 0.000000 0.544996 0.421877 0.431664 0.485532 0.561229 0.634143 0.694335 0.731421 0.737192 0.739718 0.882948 0.789132 0.773377 0.820161 0.858045 0.878089 0.894563 0.905905 0.921277 1.021617 1.029934 1.026358 1.037730 1.039079 1.066479 1.046058 0.954808 0.979682 1.167281 1.258682 1.328225 1.366451 1.375318 1.387253 1.371274 1.355072 1.316152 1.276904 1.220936 1.086363 1.041939 1.011915 0.997480 0.984277 0.985503 0.998840 1.106198 1.125310 1.033295 1.024275 1.015119 1.028162 1.004072 0.937063 0.870953 0.821627 0.810589 0.964262 0.925716 0.761933 0.762623 0.787737 0.801493 0.816974 0.817622 0.808170 0.789984 0.764277 0.808237 0.837520 0.855843 0.869876 0.850314 0.847186 0.865950 0.887884 0.900039 0.927951 0.972065 1.000966 1.019814 1.026611 0.664292 0.950797 0.987905 0.985953 0.919853 0.828763 0.778967 0.767054 0.771757 0.460674 0.753592 0.707892 0.629005 0.585556 0.837966 0.836997 0.960693 1.013716 1.026694 1.021161 1.023509 1.017083 0.945777 0.861622 0.813862 0.736475 0.624584 0.444501 0.498086 0.655849 0.650683 0.622039 0.533174 0.424857 0.423155 0.000000 0.000000 0.000000 0.000000 0.000000 0.000000 0.000000 0.000000 0.000000 0.000000 0.000000 0.000000 0.000000 0.000000 0.000000 0.000000 0.000000 0.000000 0.000000 0.000000 0.000000 0.000000 0.000000 0.000000 0.000000 0.000000 0.000000 0.000000 0.000000 0.000000 0.000000 0.000000 0.000000 0.429453 0.425523 0.000000 0.000000 0.000000 0.000000 0.000000 0.000000 0.000000 0.000000 0.000000 0.000000 0.000000 0.000000 0.000000 0.000000 0.000000 0.000000 0.000000 0.000000 0.000000 0.000000 0.000000 0.000000 0.000000 0.000000 0.000000 0.000000 0.000000 0.000000 0.000000 0.000000 0.000000 0.000000 0.000000 0.000000 0.000000 0.000000 0.000000 0.000000 0.000000 0.000000 0.000000 0.000000
0.000000 0.000000 0.000000 0.000000 0.000000 0.000000 0.000000 0.000000 0.000000 0.000000 0.000000 0.000000 0.000000 0.000000 0.000000 0.000000 0.000000 0.000000 0.000000 0.000000 0.000000 0.000000 0.000000 0.000000 0.000000 0.000000 0.000000 0.000000 0.000000 0.000000 0.000000 0.000000 0.000000 0.000000 0.000000 0.000000 0.000000 0.000000 0.000000 0.000000 0.000000 0.000000 0.000000 0.000000 0.000000 0.000000 0.000000 0.000000 0.000000 0.000000 0.000000 0.000000 0.000000 0.000000 0.000000 0.000000 0.000000 0.000000 0.493118 0.569619 0.589979 0.581494 0.635969 0.558555 0.544173 0.673535 0.516464 0.513472 0.509357 0.506641 0.502128 0.497782 0.492228 0.481976 0.466199 0.449977 0.505077 0.522855 0.497080 0.511819 0.423488 0.418832 0.416357 0.413748 0.404939 0.384330 0.000000 0.000000 0.000000 0.411710 0.485203 0.563906 0.641677 0.718302 0.775796 0.792943 0.792691 0.841873 0.833683 0.886047 0.908708 0.919831 0.929842 0.932313 0.795437 0.963588 0.990025 1.019438 1.029123 1.035939 1.127208 1.171647 1.164632 1.168811 1.256997 1.221175 1.300519 1.366492 1.393436 1.383071 1.386022 1.368588 1.335737 1.297454 1.254936 1.215753 1.159045 0.965107 1.081026 1.044760 1.017437 1.012530 0.845228 0.851019 1.033709 1.047019 1.067031 1.094470 0.902967 0.839263 0.757457 0.681381 0.634164 0.639954 0.634005 0.629040 0.656461 0.252211 0.210150 0.178462 0.195648 0.219407 0.217075 0.211148 0.265193 0.319359 0.367804 0.383153 0.404047 0.421426 0.453874 0.524958 0.888663 0.612485 0.633123 0.654742 0.667040 0.661344 0.582391 0.495791 0.502005 0.508838 0.507114 0.473269 0.453556 0.833326 0.824771 0.821886 0.809998 0.798450 0.755328 0.672756 0.619761 0.640494 0.840581 0.875367 0.904812 0.950541 0.981077 0.994235 0.986967 0.965155 0.949959 0.931754 0.909609 0.862668 0.772851 0.682293 0.678200 0.554270 0.544891 0.672283 0.662258 0.582324 0.440339 0.000000 0.000000 0.424559 0.417601 0.000000 0.000000 0.000000 0.000000 0.000000 0.000000 0.000000 0.000000 0.000000 0.000000 0.000000 0.000000 0.000000 0.000000 0.000000 0.000000 0.000000 0.000000 0.000000 0.000000 0.000000 0.000000 0.000000 0.000000 0.000000 0.000000 0.000000 0.475270 0.515609 0.527929 0.478878 0.000000 0.000000 0.000000 0.000000 0.000000 0.000000 0.000000 0.000000 0.000000 0.000000 0.000000 0.000000 0.000000 0.000000 0.000000 0.000000 0.000000 0.000000 0.000000 0.000000 0.000000 0.000000 0.000000 0.000000 0.000000 0.000000 0.000000 0.000000 0.000000 0.000000 0.000000 0.000000 0.000000 0.000000 0.000000 0.000000 0.000000 0.000000 0.000000 0.000000
0.000000 0.000000 0.000000 0.000000 0.000000 0.000000 0.000000 0.000000 0.000000 0.000000 0.000000 0.000000 0.000000 0.000000 0.000000 0.000000 0.000000 0.000000 0.000000 0.000000 0.000000 0.000000 0.000000 0.000000 0.000000 0.000000 0.000000 0.000000 0.000000 0.000000 0.000000 0.000000 0.000000 0.000000 0.000000 0.000000 0.000000 0.000000 0.000000 0.000000 0.000000 0.000000 0.000000 0.000000 0.000000 0.000000 0.000000 0.000000 0.000000 0.000000 0.000000 0.000000 0.000000 0.000000 0.000000 0.000000 0.000000 0.417922 0.568160 0.670679 0.734212 0.768389 0.772590 0.754186 0.725545 0.834073 0.677983 0.671555 0.660000 0.695668 0.627140 0.611984 0.595541 0.569395 0.590472 0.629672 0.654823 0.662701 0.607010 0.586875 0.563222 0.583373 0.571610 0.532926 0.517077 0.531386 0.542290 0.545884 0.543680 0.529464 0.464308 0.452740 0.481047 0.560116 0.626340 0.653384 0.650407 0.699718 0.742231 0.848914 0.927121 0.978375 1.013257 1.032569 1.009806 0.848143 1.006037 1.032596 1.065757 1.082502 1.093760 1.137392 1.197403 1.263899 1.325558 1.331667 1.379434 1.443424 1.489274 1.496596 1.491547 1.477221 1.432709 1.396242 1.366157 1.325880 1.096537 1.033846 0.988489 0.931298 0.886452 0.844400 0.833578 0.845329 0.849735 0.884873 0.896191 0.896459 0.878010 0.831766 0.800898 0.779621 0.753067 0.285353 0.220459 0.202795 0.215053 0.177573 0.184780 0.192191 0.192334 0.187219 0.183919 0.180880 0.178827 0.181639 0.145092 0.145717 0.165689 0.195883 0.292738 0.304073 0.369999 0.444580 0.501595 0.543059 0.570554 0.596726 0.547337 0.446281 0.387183 0.374184 0.401717 0.428297 0.450855 0.495626 0.902672 0.896050 0.874014 0.868443 0.838229 0.779898 0.668479 0.711893 0.770332 0.823316 0.847889 0.871385 0.890720 0.896541 0.904039 0.913149 0.928734 0.917234 0.886941 0.857751 0.839177 0.823519 0.788057 0.693518 0.604832 0.709983 0.550623 0.592526 0.580841 0.522808 0.584620 0.561365 0.567648 0.565642 0.555916 0.531985 0.444772 0.430389 0.414744 0.000000 0.000000 0.000000 0.000000 0.000000 0.000000 0.000000 0.000000 0.000000 0.000000 0.000000 0.000000 0.000000 0.000000 0.000000 0.000000 0.000000 0.000000 0.000000 0.443102 0.444389 0.470150 0.512655 0.535256 0.511059 0.469926 0.441481 0.416704 0.000000 0.000000 0.000000 0.000000 0.000000 0.000000 0.000000 0.000000 0.000000 0.000000 0.000000 0.000000 0.000000 0.000000 0.000000 0.000000 0.000000 0.000000 0.000000 0.000000 0.000000 0.000000 0.000000 0.000000 0.000000 0.000000 0.000000 0.000000 0.000000 0.000000 0.000000 0.000000 0.000000 0.000000 0.000000 0.000000 0.000000
0.000000 0.000000 0.000000 0.000000 0.000000 0.000000 0.000000 0.000000 0.000000 0.000000 0.000000 0.000000 0.000000 0.000000 0.000000 0.000000 0.000000 0.000000 0.000000 0.000000 0.000000 0.000000 0.000000 0.000000 0.000000 0.000000 0.000000 0.000000 0.000000 0.000000 0.000000 0.000000 0.000000 0.000000 0.000000 0.000000 0.000000 0.000000 0.000000 0.000000 0.000000 0.000000 0.000000 0.000000 0.000000 0.000000 0.000000 0.000000 0.000000 0.000000 0.000000 0.000000 0.000000 0.000000 0.000000 0.000000 0.000000 0.000000 0.553392 0.690154 0.796802 0.877935 0.937970 0.980694 1.015662 1.018296 0.999032 0.958876 0.932792 0.920857 0.919902 0.897521 0.796610 0.767658 0.765558 0.772341 0.765757 0.750971 0.733011 0.708318 0.676306 0.679059 0.710392 0.721416 0.736553 0.770930 0.806914 0.830244 0.892839 0.863324 0.820999 0.772489 0.733665 0.695908 0.653558 0.611308 0.567472 0.528368 0.636694 0.765732 0.896231 1.004436 1.092305 1.160278 1.208122 1.224868 1.017644 0.990802 1.126439 1.110434 1.117575 1.177835 1.270607 1.361475 1.452780 1.517627 1.532651 1.532375 1.548923 1.559043 1.562273 1.573577 1.540797 1.509979 1.471703 1.435494 1.380834 1.106885 1.033795 0.962205 0.915218 0.869144 0.888767 0.844962 0.780615 0.775198 0.770778 0.772756 0.777923 0.804612 0.362526 0.297606 0.263369 0.243105 0.238649 0.296699 0.415711 0.452668 0.332869 0.326997 0.279237 0.215927 0.232771 0.241806 0.265722 0.280371 0.274507 0.586482 0.449335 0.251466 0.165688 0.202207 0.238199 0.302919 0.366266 0.393745 0.396330 0.416643 0.440766 0.457225 0.452583 0.435419 0.427566 0.425876 0.439079 0.470128 0.522147 0.562127 0.958200 0.944793 0.925680 0.886429 0.833247 0.798534 0.795892 0.820394 0.830164 0.852473 0.900629 0.938829 0.949008 0.969065 0.989190 1.003150 1.013872 1.012583 1.015928 1.027437 1.038836 1.011548 0.928902 0.788894 0.700231 0.666993 0.671725 0.661011 0.800285 0.768951 0.723943 0.673982 0.638401 0.715185 0.746917 0.728239 0.667470 0.645432 0.582008 0.533437 0.419644 0.000000 0.000000 0.000000 0.000000 0.000000 0.000000 0.000000 0.000000 0.000000 0.000000 0.000000 0.000000 0.000000 0.000000 0.000000 0.405934 0.418412 0.420668 0.437373 0.460049 0.465590 0.464383 0.459142 0.447321 0.424428 0.399951 0.000000 0.000000 0.000000 0.000000 0.000000 0.000000 0.000000 0.000000 0.000000 0.000000 0.000000 0.000000 0.000000 0.000000 0.000000 0.000000 0.000000 0.000000 0.000000 0.000000 0.000000 0.000000 0.000000 0.000000 0.000000 0.000000 0.000000 0.000000 0.000000 0.000000 0.399443 0.000000 0.000000 0.000000 0.000000
0.000000 0.000000 0.000000 0.000000 0.000000 0.000000 0.000000 0.000000 0.000000 0.000000 0.000000 0.000000 0.000000 0.000000 0.000000 0.000000 0.000000 0.000000 0.000000 0.000000 0.000000 0.000000 0.000000 0.000000 0.000000 0.000000 0.000000 0.000000 0.000000 0.000000 0.000000 0.000000 0.000000 0.000000 0.000000 0.000000 0.000000 0.000000 0.000000 0.000000 0.000000 0.000000 0.000000 0.000000 0.000000 0.000000 0.000000 0.000000 0.000000 0.000000 0.000000 0.000000 0.000000 0.000000 0.000000 0.000000 0.000000 0.000000 0.464092 0.621722 0.767210 0.913317 1.020512 1.088023 1.132570 1.152222 1.175540 1.233104 1.283076 1.330822 1.333794 1.256386 1.147456 1.100986 1.059757 1.020975 0.988542 0.946470 0.903212 0.870529 0.840167 0.842695 0.683474 0.669391 0.663281 0.670537 0.690353 0.701162 0.864744 0.851739 0.845204 0.852177 0.861311 0.923190 0.888181 0.841287 0.783680 0.729891 0.688329 0.703278 0.798373 0.938756 1.063548 1.176918 1.262026 1.329541 1.378580 1.397948 1.377110 1.332058 1.282855 1.278255 1.326037 1.406000 1.480407 1.562416 1.610030 1.633482 1.644119 1.654058 1.651273 1.666925 1.703726 1.677410 1.602585 1.560200 1.516652 1.255019 1.179877 1.097344 1.023772 0.955157 0.893020 0.839684 0.787679 0.759672 0.735468 0.720238 0.742920 0.265667 0.212952 0.194877 0.197302 0.164390 0.304203 0.443921 0.546466 0.628088 0.631807 0.586873 0.613839 0.591901 0.647542 0.710638 0.578992 0.460854 0.357131 0.390674 0.453280 0.423996 0.370560 0.331675 0.284852 0.272459 0.256520 0.229913 0.239583 0.281805 0.344746 0.375279 0.377791 0.385011 0.407752 0.441527 0.465698 0.478870 0.457189 0.452371 0.459776 0.471333 0.486870 0.498506 0.897523 0.876196 0.881732 0.879149 0.897313 0.907222 0.913574 0.953297 0.999654 1.040772 1.071200 1.088585 1.107846 1.121136 1.120066 1.106323 1.102014 1.101199 1.085068 1.022887 0.941356 0.856259 0.796096 0.773352 0.774146 0.936108 0.913653 0.875028 0.840100 0.883600 0.928397 0.900276 0.816647 0.721508 0.630883 0.594929 0.542102 0.430089 0.000000 0.000000 0.000000 0.000000 0.000000 0.000000 0.000000 0.000000 0.000000 0.000000 0.000000 0.000000 0.000000 0.000000 0.000000 0.000000 0.000000 0.000000 0.000000 0.000000 0.406287 0.417834 0.419821 0.413633 0.399523 0.000000 0.000000 0.000000 0.000000 0.000000 0.000000 0.000000 0.000000 0.000000 0.000000 0.000000 0.000000 0.000000 0.000000 0.000000 0.000000 0.000000 0.000000 0.000000 0.395694 0.417471 0.443264 0.461236 0.459251 0.439064 0.411389 0.000000 0.000000 0.000000 0.421524 0.436164 0.422354 0.000000 0.000000 0.000000
0.000000 0.000000 0.000000 0.000000 0.000000 0.000000 0.000000 0.000000 0.000000 0.000000 0.000000 0.000000 0.000000 0.000000 0.000000 0.000000 0.000000 0.000000 0.000000 0.000000 0.000000 0.000000 0.000000 0.000000 0.000000 0.000000 0.000000 0.000000 0.000000 0.000000 0.000000 0.000000 0.000000 0.000000 0.000000 0.000000 0.000000 0.000000 0.000000 0.000000 0.000000 0.000000 0.000000 0.000000 0.000000 0.000000 0.000000 0.000000 0.000000 0.000000 0.000000 0.000000 0.000000 0.000000 0.000000 0.000000 0.000000 0.000000 0.417153 0.614626 0.759220 0.887542 0.988799 1.053534 1.097394 1.142395 1.181027 1.234064 1.280679 1.310436 1.310942 1.295723 1.164558 1.091432 1.023504 0.976024 0.958607 0.948847 0.942321 0.937004 0.920028 0.895180 0.884107 0.865456 0.845790 0.653930 0.632516 0.620700 0.617735 0.616752 0.629175 0.641314 0.793544 0.784573 0.816598 0.783726 0.757577 0.736559 0.732838 0.719074 0.753385 0.868643 1.025849 1.174382 1.296515 1.404297 1.506612 1.568550 1.633015 1.669480 1.666209 1.641394 1.623427 1.478423 1.472509 1.521435 1.587106 1.635510 1.658341 1.682451 1.701809 1.722821 1.770431 1.795888 1.757591 1.697753 1.661016 1.614198 1.358097 1.288857 1.185740 1.112909 1.041350 0.975113 0.919685 0.860368 0.827622 0.420158 0.316364 0.296217 0.261523 0.268320 0.267989 0.168203 0.086388 0.147364 0.276836 0.457621 0.602855 0.656264 0.689507 0.729369 0.747179 0.750245 0.540281 0.388053 0.318457 0.309548 0.379175 0.420289 0.409326 0.421198 0.414387 0.393753 0.323917 0.183776 0.154010 0.202564 0.254596 0.279774 0.303055 0.328290 0.385471 0.450230 0.486063 0.536385 0.566741 0.522621 0.482204 0.465594 0.462911 0.475902 0.498334 0.511001 0.522700 0.552226 0.930850 0.915625 0.936796 0.958121 1.002468 1.042402 1.085283 1.113637 1.149567 1.196115 1.204309 1.174208 1.134736 1.114007 1.101587 1.077379 1.035972 0.977304 0.931781 0.896284 0.884778 1.074803 1.072424 1.053418 1.015145 0.974270 0.960497 0.926211 0.858123 0.761376 0.659884 0.606126 0.584186 0.577095 0.488620 0.456281 0.421092 0.000000 0.000000 0.000000 0.000000 0.000000 0.000000 0.000000 0.000000 0.000000 0.000000 0.000000 0.000000 0.000000 0.000000 0.000000 0.000000 0.000000 0.000000 0.000000 0.000000 0.000000 0.000000 0.000000 0.000000 0.000000 0.000000 0.000000 0.000000 0.000000 0.000000 0.000000 0.000000 0.000000 0.000000 0.000000 0.000000 0.000000 0.403403 0.420198 0.440533 0.460416 0.491262 0.517960 0.538987 0.541546 0.518131 0.486231 0.449341 0.410166 0.000000 0.000000 0.451028 0.580560 0.591451 0.504351 0.000000 0.000000
0.000000 0.000000 0.000000 0.000000 0.000000 0.000000 0.000000 0.000000 0.000000 0.000000 0.000000 0.000000 0.000000 0.000000 0.000000 0.000000 0.000000 0.000000 0.000000 0.000000 0.000000 0.000000 0.000000 0.000000 0.000000 0.000000 0.000000 0.000000 0.000000 0.000000 0.000000 0.000000 0.000000 0.000000 0.000000 0.000000 0.000000 0.000000 0.000000 0.000000 0.000000 0.000000 0.000000 0.000000 0.000000 0.000000 0.000000 0.000000 0.000000 0.000000 0.000000 0.000000 0.000000 0.000000 0.000000 0.475138 0.505876 0.538399 0.664288 0.747516 0.796856 0.852829 0.911910 0.955945 0.994179 1.034642 1.076554 1.114533 1.157371 1.174941 1.170263 1.156547 1.133366 0.983179 0.935177 0.905170 0.893530 0.886251 0.882701 0.877510 0.869370 0.853885 0.838438 0.820476 0.802219 0.781125 0.754177 0.723357 0.693102 0.657253 0.505638 0.499106 0.500615 0.498102 0.491089 0.625730 0.592460 0.589632 0.585927 0.584130 0.586747 0.678137 0.799589 0.957962 1.107900 1.247803 1.372357 1.480376 1.570284 1.678450 1.750790 1.810286 1.832179 1.809489 1.628660 1.556159 1.544530 1.563894 1.585348 1.625884 1.670382 1.709491 1.747268 1.794157 1.819286 1.786595 1.790484 1.778282 1.735625 1.679586 1.393433 1.322715 1.247861 1.166385 1.096829 1.046869 0.549573 0.399522 0.294228 0.277720 0.246872 0.310771 0.252517 0.214835 0.264614 0.335274 0.411123 0.501294 0.582594 0.634869 0.651502 0.670714 0.628797 0.530642 0.465531 0.525999 0.538929 0.547830 0.563050 0.599423 0.591638 0.574667 0.518981 0.458723 0.356460 0.244011 0.189217 0.209023 0.273760 0.358990 0.408807 0.435228 0.427435 0.439905 0.488084 0.546982 0.585234 0.610703 0.632430 0.635464 0.590594 0.575736 0.530699 0.475157 0.459603 0.445532 0.423770 0.383238 0.349916 0.337851 0.362849 0.394367 0.430511 0.459420 0.529077 0.631804 0.701037 0.712208 0.683652 0.677642 0.661548 0.676172 0.687613 0.676083 0.666192 0.656126 0.648458 0.968181 0.968162 1.134170 1.109054 1.079291 1.032296 0.983496 0.933966 0.896034 0.848127 0.782006 0.699488 0.653216 0.655286 0.605356 0.558559 0.427805 0.000000 0.000000 0.000000 0.000000 0.000000 0.000000 0.000000 0.000000 0.000000 0.000000 0.000000 0.000000 0.000000 0.000000 0.000000 0.000000 0.000000 0.000000 0.000000 0.000000 0.000000 0.000000 0.000000 0.000000 0.000000 0.000000 0.000000 0.000000 0.000000 0.000000 0.000000 0.000000 0.000000 0.000000 0.000000 0.000000 0.439328 0.434456 0.000000 0.422872 0.482158 0.514355 0.519065 0.498877 0.464820 0.439750 0.414327 0.000000 0.000000 0.000000 0.000000 0.542401 0.557698 0.491105 0.000000 0.000000
0.000000 0.000000 0.000000 0.000000 0.000000 0.000000 0.000000 0.000000 0.000000 0.000000 0.000000 0.000000 0.000000 0.000000 0.000000 0.000000 0.000000 0.000000 0.000000 0.000000 0.000000 0.000000 0.000000 0.000000 0.000000 0.000000 0.000000 0.000000 0.000000 0.000000 0.000000 0.000000 0.000000 0.000000 0.000000 0.000000 0.000000 0.000000 0.000000 0.000000 0.000000 0.000000 0.510211 0.584320 0.665410 0.708720 0.727575 0.699934 0.556527 0.475304 0.597654 0.665783 0.722448 0.761615 0.789251 0.816225 0.811197 0.802994 0.818428 0.863692 0.899721 0.908111 0.901622 0.886507 0.856726 0.842048 0.856304 0.875876 0.892640 0.903279 0.900858 0.924660 0.942677 0.948064 0.941356 0.848415 0.831908 0.806936 0.786842 0.770589 0.766512 0.766226 0.749813 0.745368 0.741013 0.734856 0.726968 0.712110 0.689495 0.675450 0.659382 0.638511 0.494804 0.485177 0.597276 0.581684 0.599199 0.575333 0.502273 0.493138 0.485124 0.479380 0.582543 0.672896 0.810410 0.972255 1.124107 1.255765 1.376467 1.516955 1.648317 1.755613 1.824080 1.865297 1.874210 1.856959 1.669224 1.598731 1.537083 1.528240 1.556568 1.605258 1.656630 1.698750 1.753577 1.777640 1.790946 1.799505 1.782637 1.748407 1.686737 1.643992 1.592038 1.311868 1.201227 1.120224 0.640711 0.508597 0.373031 0.246398 0.233345 0.134231 0.124478 0.158058 0.208083 0.347818 0.473193 0.561606 0.648964 0.675084 0.719996 0.758691 0.663233 0.678079 0.760585 0.793158 0.629965 0.617116 0.476010 0.453570 0.497291 0.566207 0.550694 0.429292 0.307035 0.240113 0.233508 0.274870 0.341978 0.441841 0.521392 0.612108 0.652498 0.675440 0.673481 0.659006 0.612756 0.619745 0.630963 0.632034 0.627379 0.629304 0.632432 0.609476 0.514652 0.416608 0.358090 0.278879 0.193944 0.109914 0.123746 0.148494 0.183891 0.243116 0.304068 0.319308 0.373899 0.444165 0.474552 0.508394 0.537510 0.565871 0.579072 0.588624 0.613582 0.633563 0.626263 0.606757 0.958918 0.939787 0.929642 0.921016 0.905817 1.068420 1.034874 0.999095 0.951589 0.892063 0.824513 0.813102 0.730218 0.667882 0.610516 0.533671 0.448067 0.414818 0.000000 0.765889 0.779879 0.702201 0.544367 0.000000 0.000000 0.000000 0.000000 0.000000 0.000000 0.000000 0.000000 0.000000 0.000000 0.000000 0.000000 0.000000 0.000000 0.000000 0.000000 0.000000 0.000000 0.000000 0.000000 0.000000 0.000000 0.000000 0.000000 0.000000 0.000000 0.000000 0.446387 0.530472 0.588494 0.468903 0.441931 0.000000 0.000000 0.000000 0.000000 0.000000 0.000000 0.000000 0.000000 0.000000 0.000000 0.000000 0.000000 0.419957 0.426703 0.000000 0.000000 0.000000
0.000000 0.000000 0.000000 0.000000 0.000000 0.000000 0.000000 0.000000 0.000000 0.000000 0.000000 0.000000 0.000000 0.000000 0.000000 0.000000 0.000000 0.000000 0.000000 0.000000 0.000000 0.000000 0.000000 0.000000 0.000000 0.000000 0.000000 0.000000 0.000000 0.000000 0.000000 0.000000 0.000000 0.000000 0.004000 0.000000 0.000000 0.000000 0.540452 0.738230 0.897821 0.987391 1.137997 1.224552 1.252932 1.262907 1.267097 1.213721 1.081918 0.924153 0.921001 0.947909 0.954288 0.960546 0.954290 0.941333 0.931856 0.920080 0.888008 0.843063 0.814819 0.780118 0.755351 0.729662 0.710453 0.698436 0.692684 0.687959 0.684930 0.683688 0.684955 0.734827 0.777645 0.817348 0.847271 0.855212 0.852277 0.765308 0.752386 0.747276 0.744768 0.751231 0.750848 0.757161 0.775147 0.790980 0.823160 0.805923 0.835355 0.798412 0.784036 0.777790 0.765369 0.742184 0.709276 0.670232 0.605464 0.615338 0.579021 0.545036 0.520509 0.495698 0.385539 0.394601 0.530116 0.663968 0.805816 0.945457 1.085469 1.246867 1.399156 1.533664 1.645300 1.739612 1.803689 1.864609 1.900024 1.899050 1.719490 1.652946 1.572890 1.552058 1.581456 1.653874 1.697439 1.706509 1.697693 1.693546 1.694409 1.688639 1.658091 1.623297 1.583120 1.553237 1.245378 1.175029 1.114190 1.072616 0.630896 1.002757 0.984255 0.549827 0.539918 0.551697 0.913276 0.882311 0.845461 0.595137 0.688971 0.730586 0.743878 0.780272 0.864913 0.924270 0.985734 1.324155 0.810095 0.478365 0.506961 0.461612 0.448095 0.466054 0.423217 0.356021 0.302785 0.286907 0.306674 0.350757 0.400955 0.467748 0.561584 0.639757 0.673752 0.720729 0.749695 0.766904 0.736589 0.680682 0.601723 0.514451 0.526181 0.612076 0.647050 0.669154 0.662763 0.630189 0.504414 0.354911 0.209691 0.082794 0.109152 0.193267 0.272774 0.273303 0.260900 0.280231 0.341667 0.371455 0.399474 0.438034 0.463635 0.501260 0.522056 0.550444 0.589234 0.616168 0.634268 0.631130 0.615171 0.956029 0.925399 0.911028 0.901264 0.883151 0.867751 0.841862 0.978816 0.940869 0.883686 0.809839 0.743188 0.700075 0.712502 0.655472 0.598172 0.554074 0.431315 0.752686 0.813055 0.779875 0.677658 0.551230 0.444591 0.000000 0.000000 0.000000 0.000000 0.000000 0.000000 0.000000 0.000000 0.000000 0.549911 0.000000 0.000000 0.000000 0.000000 0.000000 0.000000 0.000000 0.000000 0.000000 0.000000 0.000000 0.000000 0.000000 0.000000 0.000000 0.000000 0.000000 0.000000 0.000000 0.000000 0.000000 0.000000 0.000000 0.000000 0.000000 0.000000 0.000000 0.000000 0.000000 0.000000 0.505435 0.538467 0.512508 0.000000 0.000000 0.000000 0.000000
0.000000 0.000000 0.000000 0.000000 0.000000 0.000000 0.000000 0.000000 0.000000 0.000000 0.000000 0.000000 0.000000 0.000000 0.000000 0.000000 0.000000 0.000000 0.000000 0.000000 0.000000 0.000000 0.000000 0.000000 0.000000 0.000000 0.000000 0.000000 0.000000 0.000000 0.000000 0.000000 0.000000 0.000000 0.000000 0.495622 0.616496 0.780671 0.923988 1.075961 1.241629 1.321663 1.403205 1.481381 1.517535 1.533545 1.541928 1.518380 1.423504 1.311203 1.192200 1.078535 1.020400 0.988457 0.960043 0.960849 0.966579 0.968119 0.948561 0.922033 0.879923 0.837579 0.826692 0.804407 0.768292 0.740056 0.719059 0.707474 0.702904 0.700560 0.700102 0.698421 0.694491 0.713348 0.736774 0.753219 0.758798 0.757293 0.750966 0.734602 0.662835 0.674660 0.699840 0.736147 0.778402 0.823002 0.925693 0.992311 0.992066 1.000835 1.032094 1.058741 1.085155 1.060689 0.989803 0.896763 0.804358 0.746431 0.698407 0.660820 0.633189 0.624843 0.616678 0.608280 0.600616 0.641373 0.704219 0.771807 0.841861 0.869895 0.983213 1.115292 1.252726 1.377497 1.488672 1.724562 1.827404 1.900894 1.938511 1.824834 1.771977 1.703992 1.660172 1.693088 1.727526 1.742439 1.743913 1.703136 1.621359 1.569595 1.552665 1.534927 1.499552 1.490760 1.489147 1.215376 1.149573 1.093616 1.051319 1.036171 0.627468 0.613386 0.619988 0.636082 0.664446 0.677741 0.734054 0.807075 0.907552 0.993396 1.035332 1.048191 1.019318 0.967838 0.908892 1.328525 1.070903 0.878636 0.736348 0.753390 0.745870 0.771560 0.806946 0.741783 0.659603 0.569128 0.515368 0.512716 0.542475 0.585541 0.669342 0.702378 0.727291 0.738725 0.729625 0.715698 0.702144 0.702716 0.699135 0.625557 0.552142 0.482983 0.539468 0.638928 0.664925 0.648042 0.599553 0.543016 0.468576 0.339615 0.218343 0.216975 0.266584 0.324540 0.360902 0.329353 0.348510 0.393668 0.429172 0.450869 0.445832 0.470218 0.503278 0.523944 0.569281 0.603702 0.621011 0.611582 0.613174 0.987522 0.991527 0.991820 0.988389 0.971332 0.941452 0.897556 0.862052 0.823624 0.770226 0.712369 0.664910 0.768408 0.724396 0.761522 0.741096 0.717871 0.682877 0.670914 0.712298 0.691038 0.628701 0.548510 0.492146 0.488709 0.479074 0.465795 0.452614 0.437583 0.000000 0.000000 0.000000 0.000000 0.000000 0.000000 0.000000 0.000000 0.000000 0.000000 0.000000 0.000000 0.000000 0.000000 0.000000 0.000000 0.000000 0.000000 0.000000 0.000000 0.000000 0.000000 0.000000 0.000000 0.000000 0.000000 0.000000 0.000000 0.000000 0.000000 0.424449 0.436968 0.416340 0.000000 0.000000 0.000000 0.000000 0.000000 0.000000 0.000000 0.000000 0.000000
0.000000 0.000000 0.000000 0.000000 0.000000 0.000000 0.000000 0.000000 0.000000 0.000000 0.000000 0.000000 0.000000 0.000000 0.000000 0.000000 0.000000 0.000000 0.000000 0.000000 0.000000 0.000000 0.000000 0.000000 0.000000 0.000000 0.000000 0.000000 0.000000 0.000000 0.000000 0.000000 0.000000 0.000000 0.496054 0.628626 0.777094 0.910885 0.969750 1.065977 1.251983 1.352326 1.395717 1.411264 1.464476 1.515018 1.575692 1.644014 1.649080 1.560766 1.458820 1.351930 1.262185 1.205701 1.156619 1.134871 1.101933 1.050558 1.014056 0.989579 0.993734 0.976556 0.934659 0.889637 0.855329 0.848578 0.849940 0.856534 0.858368 0.853186 0.843206 0.829479 0.808123 0.777860 0.752248 0.714765 0.676804 0.682443 0.673845 0.660944 0.646649 0.622667 0.594642 0.571319 0.614110 0.673067 0.796566 0.883439 0.935020 0.962756 0.986186 1.005089 1.018460 1.001239 0.927582 0.840168 0.814036 0.781919 0.760578 0.739662 0.712787 0.686188 0.660220 0.633390 0.624205 0.631260 0.639693 0.689026 0.744323 0.805397 0.887182 0.987679 1.000748 1.119038 1.229171 1.358323 1.483835 1.593509 1.680062 1.757107 1.788213 1.909051 1.788894 1.779414 1.760452 1.730397 1.714473 1.707294 1.685458 1.642071 1.582400 1.516697 1.458758 1.423110 1.433865 1.452620 0.956535 0.833950 0.694830 0.559109 0.467771 0.438175 0.468115 0.517773 0.584316 0.668318 0.756488 0.840746 0.963356 1.023179 1.062791 1.023270 0.959329 0.899799 0.832101 0.721782 0.821488 0.870366 0.750204 0.565160 0.543258 0.615571 0.714529 0.797344 0.863307 0.914817 0.917705 0.830567 0.687517 0.579155 0.564727 0.641596 0.671032 0.680633 0.702036 0.733853 0.700865 0.712724 0.746134 0.747186 0.728275 0.693059 0.643318 0.602171 0.591232 0.611483 0.660369 0.668740 0.628450 0.565587 0.512574 0.393763 0.358586 0.357986 0.357879 0.346543 0.339064 0.370813 0.423461 0.458034 0.488162 0.428915 0.434649 0.453643 0.490962 0.532753 0.576713 0.591118 0.606243 0.651186 1.033474 1.054694 1.070776 1.072999 1.053755 1.018934 0.983578 0.936424 0.903363 0.852994 0.794011 0.750661 0.711298 0.670712 0.802568 0.764213 0.729951 0.697145 0.674539 0.720626 0.722108 0.711747 0.681759 0.663672 0.635124 0.611509 0.585742 0.565301 0.551246 0.540228 0.529966 0.517626 0.505723 0.490831 0.473345 0.537659 0.607829 0.578552 0.449961 0.000000 0.000000 0.000000 0.000000 0.000000 0.000000 0.000000 0.000000 0.000000 0.000000 0.000000 0.000000 0.000000 0.000000 0.000000 0.000000 0.000000 0.000000 0.000000 0.000000 0.000000 0.000000 0.567672 0.000000 0.414666 0.000000 0.000000 0.000000 0.000000 0.000000 0.000000
0.000000 0.000000 0.000000 0.000000 0.000000 0.000000 0.000000 0.000000 0.000000 0.000000 0.000000 0.000000 0.000000 0.000000 0.000000 0.000000 0.000000 0.000000 0.000000 0.000000 0.000000 0.000000 0.000000 0.000000 0.000000 0.000000 0.000000 0.000000 0.000000 0.000000 0.000000 0.000000 0.000000 0.000000 0.411985 0.590648 0.697438 0.814272 0.853696 0.854762 0.837597 0.817501 0.831330 0.854691 0.882330 0.901034 0.942818 1.015328 1.101340 1.177477 1.222204 1.235474 1.228317 1.202697 1.168191 1.131543 1.100125 1.075638 1.074896 1.096944 1.090349 1.041729 0.989226 0.944134 0.944658 0.966228 0.993455 1.009051 0.998094 0.988403 0.980812 0.955025 0.922067 0.879423 0.834725 0.785607 0.754047 0.760223 0.704082 0.732310 0.837400 0.826288 0.613723 0.578919 0.553014 0.472996 0.444299 0.562077 0.614912 0.685069 0.740561 0.763751 0.771083 0.785694 0.793857 0.782069 0.762152 0.743629 0.731272 0.719894 0.707431 0.699903 0.693054 0.681553 0.670699 0.659476 0.642682 0.627703 0.632040 0.680542 0.737827 0.821241 0.899936 0.986430 0.994642 1.098163 1.216574 1.340085 1.442330 1.525015 1.568882 1.611259 1.799151 1.842572 1.877910 1.751769 1.707833 1.644869 1.603035 1.608198 1.610588 1.713794 1.674723 1.324477 1.267315 1.270900 1.252741 1.209110 0.846677 0.651253 0.505672 0.394128 0.310494 0.268315 0.197991 0.258951 0.343798 0.450479 0.544114 0.639970 0.688961 0.662416 0.591805 0.546218 0.477527 0.446776 0.415960 0.516626 0.489050 0.313379 0.269782 0.320985 0.413146 0.495939 0.576429 0.669336 0.642488 0.565797 0.461539 0.439314 0.486087 0.526224 0.623309 0.729421 0.735935 0.698735 0.684188 0.697269 0.737850 0.787305 0.829669 0.857040 0.873819 0.885233 0.878848 0.842496 0.853312 0.850752 0.821093 0.820034 0.777570 0.693287 0.608121 0.573305 0.605688 0.582791 0.536682 0.511142 0.526754 0.543565 0.552351 0.565946 0.596397 0.629318 0.625076 0.625909 0.647853 0.687182 0.715391 0.744202 0.782493 0.800063 1.156342 1.169341 0.795226 0.797737 0.790494 1.081446 1.042355 0.997141 0.953816 0.920662 0.879803 0.820457 0.947506 0.892241 0.849555 0.833076 0.830585 0.824883 0.808133 0.776807 0.783131 0.748969 0.709224 0.678610 0.652017 0.632786 0.624176 0.613736 0.598260 0.579113 0.564238 0.550394 0.533486 0.586595 0.663972 0.680707 0.653209 0.621867 0.462136 0.000000 0.000000 0.000000 0.000000 0.000000 0.000000 0.000000 0.000000 0.000000 0.000000 0.000000 0.000000 0.000000 0.000000 0.000000 0.000000 0.000000 0.000000 0.000000 0.000000 0.000000 0.000000 0.000000 0.000000 0.000000 0.000000 0.000000 0.000000 0.000000
0.000000 0.000000 0.000000 0.000000 0.000000 0.000000 0.000000 0.000000 0.000000 0.000000 0.000000 0.000000 0.000000 0.000000 0.000000 0.000000 0.000000 0.000000 0.000000 0.000000 0.000000 0.000000 0.000000 0.000000 0.000000 0.000000 0.000000 0.000000 0.000000 0.000000 0.000000 0.000000 0.000000 0.000000 0.000000 0.464150 0.521786 0.549285 0.538984 0.517782 0.512343 0.551197 0.630338 0.693911 0.751955 0.784865 0.808826 0.818816 0.828833 0.843020 0.853518 0.862832 0.888625 0.924192 0.966476 1.017901 1.074366 1.115698 1.136508 1.133342 1.097250 1.034322 0.990655 0.977456 1.001885 1.033530 1.049311 1.075943 1.096318 1.086431 1.058514 1.019732 0.902530 0.857893 0.817209 0.790583 0.779827 0.782309 0.844870 0.851771 0.903428 0.885590 0.808882 0.779023 0.753361 0.728592 0.699360 0.668424 0.631426 0.586555 0.694147 0.673939 0.685549 0.699648 0.687185 0.696049 0.695311 0.691455 0.694317 0.697004 0.693824 0.689490 0.673806 0.647780 0.627929 0.613352 0.595428 0.575583 0.592725 0.614421 0.624416 0.681187 0.733156 0.804961 0.888198 0.975041 0.986428 1.089697 1.187047 1.226399 1.242079 1.302041 1.378573 1.462405 1.543738 1.605861 1.655953 1.645208 1.590639 1.547449 1.542666 1.535679 1.522462 1.324605 1.303167 1.285909 0.925869 0.826252 0.785370 0.781216 0.778490 0.794313 0.763730 0.625546 0.514545 0.424268 0.367554 0.316722 0.308218 0.332771 0.342530 0.355261 0.403728 0.463954 0.500106 0.491839 0.430727 0.353719 0.226861 0.128999 0.064827 0.190906 0.286596 0.321413 0.351836 0.407064 0.382899 0.361533 0.285549 0.202368 0.238997 0.358106 0.495003 0.602044 0.646926 0.714445 0.713032 0.751686 0.832615 0.924266 0.963146 0.976238 0.951367 0.895766 0.875433 0.883252 0.906365 0.949176 0.986044 0.952691 0.901536 0.834122 0.774426 0.702150 0.651227 0.666711 0.744956 0.728253 0.693197 0.671037 0.646611 0.617709 0.665355 0.816953 0.830513 0.831021 0.853792 0.899644 0.921087 0.914149 0.907422 0.895289 0.884565 0.894624 0.910171 0.925647 1.276671 1.224567 1.174770 0.764052 0.717034 0.683905 0.654078 0.622748 1.102076 1.087677 1.064173 1.023109 0.966346 0.923725 0.883252 0.832226 0.830383 0.778645 0.735045 0.713895 0.700499 0.692880 0.684223 0.670734 0.644441 0.614767 0.582626 0.557918 0.532241 0.507877 0.537442 0.659548 0.735943 0.796255 0.832968 0.799518 0.713132 0.607546 0.497145 0.471385 0.000000 0.000000 0.000000 0.000000 0.000000 0.000000 0.000000 0.000000 0.000000 0.000000 0.000000 0.000000 0.000000 0.000000 0.000000 0.000000 0.000000 0.000000 0.000000 0.000000 0.000000 0.000000 0.000000 0.000000
0.000000 0.000000 0.000000 0.000000 0.000000 0.000000 0.000000 0.000000 0.000000 0.000000 0.000000 0.000000 0.000000 0.000000 0.000000 0.000000 0.000000 0.000000 0.000000 0.000000 0.000000 0.000000 0.000000 0.000000 0.000000 0.000000 0.602040 0.000000 0.000000 0.000000 0.000000 0.000000 0.000000 0.000000 0.000000 0.000000 0.000000 0.392983 0.411102 0.433678 0.501196 0.618157 0.730735 0.802183 0.843845 0.853381 0.854954 0.860953 0.882822 0.909241 0.939812 0.985182 1.019311 1.022931 1.020254 1.039130 1.071523 1.089991 1.074908 1.033322 0.989078 0.939937 0.920353 0.923245 0.946448 1.012930 1.068656 1.099859 1.096952 1.093094 1.064718 1.033183 0.915633 0.901625 0.903782 0.925645 0.917407 0.908608 0.929371 0.961325 1.003181 1.030299 1.140392 1.138503 1.116081 1.083611 1.044493 1.016524 0.979343 0.941248 0.898555 0.856538 0.751464 0.728967 0.706741 0.695637 0.674737 0.714958 0.701199 0.683522 0.664068 0.646391 0.631525 0.615349 0.558607 0.543002 0.517145 0.494808 0.541687 0.594282 0.633278 0.667392 0.682613 0.722196 0.790467 0.860676 0.929381 0.999863 0.971102 0.990673 1.005872 1.061532 1.122388 1.215407 1.307627 1.380552 1.465936 1.526992 1.545902 1.528341 1.540461 1.634613 1.619810 1.525828 1.282391 1.271060 1.211805 1.165329 1.170740 0.858835 0.885419 0.910691 0.879618 0.837415 0.820482 0.777504 0.741971 0.706813 0.751967 0.762385 0.754237 0.712573 0.657094 0.570655 0.535852 0.502531 0.492006 0.506803 0.458158 0.336311 0.248585 0.231483 0.246067 0.246316 0.207978 0.268750 0.381516 0.488545 0.534407 0.548566 0.480645 0.447954 0.354949 0.377943 0.439005 0.469051 0.518672 0.622710 0.681377 0.813675 0.930619 0.994244 1.033094 0.997693 0.937009 0.913007 0.935320 0.979964 1.011904 1.027652 1.003268 0.947941 0.875293 0.811473 0.772876 0.754384 0.722324 0.714661 0.739063 0.708119 0.687362 0.669422 0.634170 0.653391 0.790175 0.861562 0.899988 0.961727 0.999565 1.010472 0.997779 0.991004 0.975623 0.981413 0.999847 1.021905 1.041721 1.034569 1.335639 1.263244 1.205421 1.149914 1.106668 1.046006 0.688868 0.993936 0.958311 0.906699 0.861914 0.828136 0.959980 0.909965 0.850959 0.793434 0.763113 0.762080 0.760737 0.753621 0.736565 0.704365 0.670651 0.625654 0.581928 0.541831 0.501280 0.459242 0.506782 0.545519 0.624185 0.666485 0.768395 0.826178 0.838268 0.765778 0.605106 0.000000 0.446552 0.458956 0.000000 0.000000 0.000000 0.000000 0.000000 0.000000 0.000000 0.000000 0.000000 0.000000 0.000000 0.000000 0.000000 0.000000 0.000000 0.000000 0.000000 0.000000 0.000000 0.000000 0.000000 0.000000
0.000000 0.000000 0.000000 0.000000 0.000000 0.000000 0.000000 0.000000 0.000000 0.000000 0.000000 0.000000 0.000000 0.000000 0.000000 0.000000 0.000000 0.000000 0.000000 0.000000 0.000000 0.000000 0.000000 0.000000 0.000000 0.000000 0.000000 0.000000 0.000000 0.000000 0.000000 0.000000 0.000000 0.000000 0.000000 0.000000 0.000000 0.000000 0.476102 0.561328 0.662239 0.757277 0.835118 0.873054 0.881392 0.871205 0.880732 0.924277 0.971630 1.020590 1.048265 1.088832 1.055107 1.000529 0.956845 0.952448 0.950662 0.941629 0.912664 0.856931 0.831315 0.797153 0.793201 0.825517 0.877651 0.947347 0.979105 0.973345 0.953634 0.952182 0.945870 0.936014 0.939293 0.887161 0.944689 0.980314 0.964000 0.952037 0.960074 0.999312 1.042710 1.079018 1.094587 1.106937 1.104381 1.097463 1.082234 1.172953 1.150510 1.118739 1.087615 1.060370 1.029314 1.004537 0.976189 0.868090 0.834173 0.806088 0.779667 0.747202 0.722732 0.747346 0.714552 0.676643 0.646834 0.613657 0.579230 0.479217 0.545471 0.581530 0.600075 0.660557 0.704565 0.751847 0.778366 0.807173 0.840895 0.880988 0.931627 0.959928 0.986208 0.942443 0.983513 1.061167 1.132050 1.189423 1.248424 1.299415 1.348467 1.399065 1.432586 1.503299 1.602246 1.681510 1.669590 1.564840 1.466321 1.194705 1.170382 1.152572 1.165915 1.220161 0.930094 0.858412 0.809231 0.793517 0.774303 0.750092 0.708521 0.679160 0.652899 0.658460 0.681138 0.658179 0.640765 0.640154 0.649048 0.592609 0.522492 0.422485 0.349428 0.292525 0.277272 0.297060 0.255849 0.221902 0.318096 0.450707 0.541424 0.616578 0.642523 0.540792 0.470144 0.452003 0.450419 0.327937 0.264649 0.260917 0.240731 0.443840 0.562018 0.705557 0.783462 0.885973 0.915997 0.898738 0.877362 0.862661 0.882898 0.934492 0.929423 0.918926 0.897796 0.844135 0.792592 0.743830 0.695327 0.654637 0.625136 0.609811 0.662868 0.700398 0.725410 0.703940 0.705474 0.745859 0.827208 0.936104 1.003525 0.992954 0.966415 0.972616 0.977069 0.995566 1.011362 1.034948 1.056443 1.060550 1.005934 0.916621 0.826818 0.781268 0.755080 0.764723 0.791250 0.752397 0.677748 0.913452 0.838866 0.801967 0.779780 0.759749 0.738651 0.726820 0.870362 0.844019 0.874639 0.818483 0.773889 0.742662 0.692164 0.635970 0.581054 0.525495 0.472905 0.426318 0.000000 0.457375 0.437269 0.000000 0.549811 0.666475 0.744688 0.812506 0.851045 0.813731 0.634089 0.000000 0.420557 0.470186 0.435005 0.000000 0.444383 0.410636 0.359055 0.000000 0.000000 0.000000 0.000000 0.000000 0.000000 0.000000 0.000000 0.000000 0.000000 0.000000 0.000000 0.000000 0.000000 0.000000
0.000000 0.000000 0.000000 0.000000 0.000000 0.000000 0.000000 0.000000 0.000000 0.000000 0.000000 0.000000 0.000000 0.000000 0.000000 0.000000 0.000000 0.000000 0.000000 0.000000 0.000000 0.000000 0.000000 0.000000 0.000000 0.000000 0.000000 0.000000 0.000000 0.000000 0.000000 0.000000 0.000000 0.000000 0.000000 0.000000 0.004000 0.004000 0.504964 0.610746 0.684602 0.734672 0.752591 0.759220 0.758868 0.764359 0.798103 0.871145 0.946581 0.972963 0.967840 0.967247 0.917681 0.862152 0.842146 0.819316 0.773460 0.740017 0.733113 0.744677 0.729735 0.691766 0.684410 0.740660 0.748050 0.746367 0.737627 0.718108 0.733771 0.774952 0.800376 0.784471 0.805825 0.898953 0.988398 0.950722 0.967888 0.990576 1.004331 1.022379 1.031744 1.033263 1.040531 1.056823 1.075614 1.085124 1.089115 1.094826 1.101735 1.098621 1.105292 1.112156 1.121793 1.114656 1.187376 1.148213 1.117791 1.073583 1.036094 0.980377 0.867000 0.818326 0.840321 0.788873 0.745937 0.689729 0.648778 0.607369 0.625397 0.593794 0.628447 0.662154 0.761147 0.809236 0.845941 0.861163 0.867556 0.871494 0.899485 0.903556 0.923262 0.942925 0.987030 1.059993 1.017952 1.053589 1.085453 1.122563 1.180459 1.261090 1.336038 1.382263 1.417164 1.472364 1.525860 1.545359 1.555674 1.539968 1.499976 1.443751 1.430245 1.256909 1.284522 1.276719 0.947392 0.871797 0.799685 0.741928 0.706929 0.671840 0.563108 0.489072 0.531107 0.573343 0.663336 0.682551 0.686518 0.607747 0.483799 0.386611 0.356111 0.333196 0.340489 0.339736 0.331441 0.325863 0.286833 0.344923 0.442788 0.544871 0.648428 0.731533 0.719670 0.653660 0.569786 0.513910 0.489850 0.484632 0.482469 0.343176 0.317412 0.344956 0.363878 0.465961 0.622672 0.814609 0.906502 0.941592 0.898960 0.869473 0.865970 0.921941 0.941388 0.857772 0.759545 0.659697 0.589336 0.574047 0.554184 0.552233 0.549759 0.598167 0.645658 0.673600 0.730682 0.782759 0.801612 0.841841 0.863913 0.873716 0.914414 0.950413 0.950758 0.981056 1.007199 1.034220 1.047570 1.038021 0.981043 0.928148 0.892095 0.891377 0.884776 0.890680 0.872418 0.816420 1.072610 0.994953 0.919043 0.837108 0.778900 0.746528 0.738091 0.743330 0.753394 0.922914 0.913619 0.896947 0.921357 0.835072 0.734245 0.672502 0.608312 0.546693 0.491219 0.444376 0.000000 0.000000 0.000000 0.000000 0.000000 0.000000 0.496559 0.667233 0.833604 0.903006 0.927909 0.902112 0.730709 0.465948 0.353559 0.471690 0.443239 0.000000 0.000000 0.000000 0.000000 0.000000 0.000000 0.000000 0.000000 0.000000 0.000000 0.000000 0.000000 0.000000 0.000000 0.000000 0.000000 0.000000
0.000000 0.000000 0.000000 0.000000 0.000000 0.000000 0.000000 0.000000 0.000000 0.000000 0.000000 0.000000 0.000000 0.000000 0.000000 0.000000 0.000000 0.000000 0.000000 0.000000 0.000000 0.000000 0.000000 0.000000 0.000000 0.000000 0.000000 0.000000 0.000000 0.000000 0.000000 0.000000 0.000000 0.000000 0.000000 0.000000 1.085579 0.004000 1.050071 0.000000 0.000000 0.454092 0.500030 0.518564 0.526963 0.549785 0.561275 0.550760 0.539859 0.562765 0.601076 0.644866 0.687287 0.729431 0.771680 0.812410 0.787541 0.784206 0.857250 0.924225 0.956409 0.949849 0.777473 0.658156 0.612787 0.588106 0.580993 0.573778 0.571413 0.619494 0.634555 0.649607 0.696364 0.743325 0.921468 1.011480 1.092048 1.135466 1.137353 1.117414 1.085621 0.973660 0.973579 1.001891 1.064235 1.107247 1.149969 1.185932 1.207213 1.241117 1.273258 1.313388 1.319536 1.320782 1.290659 1.234782 1.190608 1.124751 1.078011 1.016482 0.968356 0.909608 0.863105 0.877091 0.834026 0.793397 0.761554 0.727247 0.695548 0.679506 0.685326 0.647972 0.674482 0.705965 0.738717 0.760953 0.772174 0.793965 0.805631 0.823844 0.899019 0.915618 0.938025 0.974644 1.026467 1.061918 1.092940 1.046109 1.104299 1.184899 1.275748 1.341424 1.354879 1.358660 1.370619 1.393808 1.433158 1.469092 1.473163 1.458431 1.423040 1.403103 1.428087 1.477719 1.495438 1.490198 1.485536 1.003333 0.900280 0.788325 0.717968 0.648714 0.602635 0.514593 0.707289 0.728719 0.534394 0.544169 0.471302 0.385339 0.338493 0.336759 0.357289 0.397106 0.459958 0.504826 0.463628 0.417438 0.339035 0.356837 0.449068 0.562272 0.672315 0.761286 0.811431 0.749649 0.616407 0.503461 0.465522 0.496449 0.535327 0.548369 0.553727 0.563044 0.553095 0.531619 0.534256 0.688356 0.795801 0.826387 0.798874 0.738676 0.671078 0.631624 0.618122 0.595284 0.570227 0.541162 0.527667 0.511248 0.503406 0.493725 0.475367 0.539894 0.619289 0.692424 0.769006 0.859137 0.906304 0.929642 0.947255 0.993137 1.019520 1.024472 1.027725 1.081051 1.094813 1.064299 0.984627 0.920569 0.909617 0.932298 0.975426 1.025113 1.053424 1.015100 0.882855 0.786808 1.031897 0.957835 0.897615 0.842000 0.799202 0.780607 0.770671 0.796280 0.965023 1.057260 1.032971 0.988089 0.902506 0.798239 0.686127 0.579296 0.520104 0.478364 0.444439 0.000000 0.000000 0.000000 0.000000 0.000000 0.000000 0.000000 0.583767 0.739977 0.802577 0.858532 0.861697 0.859189 0.794927 0.685922 0.596903 0.571866 0.552472 0.471192 0.492403 0.509410 0.517303 0.516093 0.505233 0.481809 0.452056 0.418503 0.000000 0.000000 0.000000 0.000000 0.000000 0.000000
0.000000 0.000000 0.000000 0.000000 0.000000 0.000000 0.000000 0.000000 0.000000 0.000000 0.000000 0.000000 0.000000 0.000000 0.000000 0.000000 0.000000 0.000000 0.000000 0.000000 0.000000 0.000000 0.000000 0.000000 0.000000 0.000000 0.000000 0.000000 0.000000 0.000000 0.000000 0.000000 0.000000 0.000000 0.000000 0.000000 0.000000 0.000000 0.000000 0.000000 0.533459 0.000000 0.000000 0.000000 0.000000 0.000000 0.000000 0.000000 0.000000 0.438946 0.467231 0.493578 0.520653 0.557898 0.578376 0.598088 0.601419 0.589936 0.562875 0.531580 0.529976 0.526448 0.471464 0.476804 0.489324 0.484602 0.471947 0.459108 0.448662 0.446373 0.449613 0.455325 0.458888 0.593068 0.725452 0.860971 0.989364 1.068489 1.094624 1.091976 1.075610 1.051394 1.023080 1.034011 1.103937 1.206864 1.293576 1.339103 1.382730 1.316842 1.385930 1.438323 1.484480 1.495297 1.479661 1.452266 1.408999 1.347154 1.278143 1.194962 1.116117 1.049629 0.985462 0.921900 0.863834 0.814726 0.797928 0.799440 0.795883 0.793049 0.844111 0.840955 0.828513 0.808431 0.816357 0.839678 0.859292 0.878768 0.891890 0.905188 0.905981 0.902838 0.903203 0.922447 0.943896 0.986794 1.027129 0.990770 1.137755 1.216872 1.317291 1.287667 1.335528 1.344127 1.338470 1.327931 1.323502 1.333877 1.365688 1.391091 1.437955 1.467126 1.467597 1.410180 1.409798 1.417878 1.417535 1.429491 1.218856 0.915917 0.864728 0.865748 0.864169 0.841808 0.801245 0.717150 0.603895 0.549105 0.441985 0.377971 0.354430 0.329332 0.351062 0.382145 0.460465 0.531729 0.597972 0.615744 0.558771 0.432548 0.305272 0.256944 0.377979 0.522142 0.662055 0.784327 0.872250 0.834850 0.712026 0.597188 0.461389 0.417685 0.444045 0.497694 0.532002 0.556766 0.576627 0.591141 0.573033 0.589832 0.717460 0.827169 0.854778 0.743275 0.615797 0.563897 0.539475 0.553119 0.537573 0.524499 0.497331 0.465020 0.425676 0.400852 0.443775 0.529835 0.642689 0.746073 0.803353 0.850436 0.904036 0.954574 1.026036 1.049850 1.058725 1.071607 1.058563 1.060738 1.046216 0.981011 0.933703 0.913173 0.896720 0.857301 0.791805 0.776543 0.828271 1.176737 0.749470 0.722171 1.040819 1.014637 1.003557 1.009948 0.946650 0.934245 0.927249 1.064221 1.129926 1.148294 1.119178 1.016819 0.897346 0.781805 0.696997 0.589953 0.507458 0.477756 0.454269 0.425864 0.416416 0.418999 0.420637 0.418074 0.000000 0.000000 0.563593 0.664043 0.744967 0.842998 0.881918 0.869753 0.802763 0.718237 0.680208 0.667521 0.657633 0.622323 0.619975 0.609318 0.593224 0.571057 0.546187 0.509834 0.549131 0.523051 0.000000 0.000000 0.000000 0.000000
0.000000 0.000000 0.000000 0.000000 0.000000 0.000000 0.000000 0.000000 0.000000 0.000000 0.000000 0.000000 0.000000 0.000000 0.000000 0.000000 0.000000 0.000000 0.000000 0.000000 0.000000 0.000000 0.000000 0.000000 0.000000 0.000000 0.000000 0.000000 0.000000 0.000000 0.000000 0.000000 0.000000 0.000000 0.000000 0.000000 0.000000 0.000000 0.000000 0.000000 0.000000 0.000000 0.000000 0.000000 0.000000 0.000000 0.000000 0.000000 0.000000 0.000000 0.000000 0.000000 0.000000 0.000000 0.000000 0.000000 0.000000 0.446495 0.453834 0.442483 0.000000 0.414539 0.443582 0.000000 0.000000 0.000000 0.000000 0.000000 0.000000 0.000000 0.000000 0.000000 0.000000 0.000000 0.000000 0.587669 0.764937 0.917839 1.030922 1.107123 1.126305 1.103619 1.082627 1.021614 0.994793 1.066516 1.154505 1.228721 1.301067 1.389305 1.478385 1.561746 1.622012 1.649532 1.542140 1.542245 1.520351 1.516076 1.487856 1.456119 1.517339 1.446511 1.355334 1.274855 1.175755 1.078518 1.002301 0.983120 0.976740 0.978515 0.979284 0.975283 0.968802 0.960143 0.959286 0.860629 0.820628 0.887072 0.889278 0.896869 0.896885 0.901534 0.894869 0.899484 0.925106 0.943271 0.970710 1.004108 1.048615 1.116245 1.204771 1.306643 1.385293 1.440810 1.343172 1.333831 1.306611 1.283532 1.275425 1.251029 1.252595 1.364960 1.497603 1.538343 1.492010 1.417760 1.426374 1.450453 1.408754 1.160186 1.098010 1.170896 0.990854 1.032604 1.049377 1.024503 0.994666 0.918928 0.947602 1.146052 1.050130 0.611415 0.448896 0.362702 0.323109 0.357121 0.448306 0.504968 0.555593 0.589131 0.586770 0.479925 0.437270 0.420998 0.465806 0.595053 0.733778 0.843000 0.929399 0.964495 0.821615 0.588510 0.497616 0.482557 0.496253 0.525817 0.567294 0.632939 0.698208 0.725577 0.624166 0.614588 0.635399 0.658468 0.727763 0.752271 0.701237 0.640038 0.551004 0.463325 0.432505 0.427985 0.392990 0.366285 0.346926 0.326203 0.383353 0.499713 0.569182 0.636339 0.707252 0.805510 0.924290 1.027160 1.053595 1.056929 1.061659 1.043192 1.016217 0.977870 0.975557 0.954627 0.883334 0.780614 0.672653 0.636705 0.581978 0.666241 0.684598 0.658886 0.992825 0.936898 0.893809 0.860175 0.821941 0.796852 0.786492 0.791678 0.930619 1.033036 1.118348 1.129428 1.082905 1.009624 0.946278 0.907620 0.871466 0.817915 0.736808 0.613235 0.501954 0.499256 0.492054 0.478733 0.465439 0.453648 0.439134 0.426055 0.433868 0.684163 0.789735 0.838747 0.794043 0.714936 0.646221 0.611278 0.595806 0.542418 0.544630 0.544109 0.541490 0.650070 0.755279 0.809772 0.794837 0.713352 0.583424 0.000000 0.000000 0.000000
0.000000 0.000000 0.000000 0.000000 0.000000 0.000000 0.000000 0.000000 0.000000 0.000000 0.000000 0.000000 0.000000 0.000000 0.000000 0.000000 0.000000 0.000000 0.000000 0.000000 0.000000 0.000000 0.000000 0.000000 0.000000 0.000000 0.000000 0.000000 0.000000 0.000000 0.000000 0.000000 0.000000 0.000000 0.000000 0.000000 0.000000 0.000000 0.000000 0.000000 0.000000 0.000000 0.000000 0.000000 0.000000 0.000000 0.000000 0.000000 0.000000 0.000000 0.000000 0.000000 0.000000 0.000000 0.000000 0.000000 0.000000 0.000000 0.000000 0.000000 0.000000 0.000000 0.000000 0.000000 0.000000 0.000000 0.000000 0.000000 0.000000 0.000000 0.000000 0.000000 0.000000 0.000000 0.000000 0.000000 0.520331 0.720372 0.892655 1.022713 1.070010 1.163506 1.228115 1.209565 1.128841 1.047165 1.001523 1.071006 1.170236 1.263821 1.363031 1.430510 1.495141 1.533927 1.557999 1.573789 1.584347 1.606095 1.594697 1.557222 1.508138 1.464927 1.427427 1.387625 1.362659 1.341309 1.310559 1.284072 1.274226 1.282570 1.287467 1.246228 1.191118 1.118006 1.029315 0.983652 0.987868 0.919662 0.898203 0.862198 0.844852 0.842220 0.827892 0.839679 0.852939 0.862374 0.877342 0.892896 0.923746 1.036908 1.091789 1.182137 1.262323 1.349257 1.415614 1.458820 1.458814 1.320612 1.313470 1.262751 1.240866 1.244561 1.344511 1.424772 1.448033 1.433751 1.434579 1.457807 1.352931 1.284105 1.091057 1.021434 1.203344 1.118442 0.903148 0.944679 0.991736 0.977990 0.882719 0.768119 0.655773 0.547581 0.422804 0.458154 0.273394 0.213089 0.228160 0.323304 0.414100 0.466133 0.512154 0.574160 0.615493 0.610259 0.662594 0.722391 0.747784 0.754379 0.769117 0.808921 0.838801 0.867206 0.672591 0.575396 0.527212 0.535910 0.598916 0.658368 0.716260 0.749820 0.664748 0.627740 0.632179 0.550245 0.492025 0.586329 0.718986 0.820416 0.852197 0.725461 0.536416 0.414641 0.363304 0.331432 0.317960 0.322380 0.337550 0.346171 0.359074 0.479168 0.581071 0.641660 0.693030 0.800993 0.872593 0.926698 0.939510 0.945073 0.947988 0.941093 0.939621 0.979810 1.004981 0.962718 0.894892 0.832581 0.781209 0.664187 0.674837 0.660097 0.587952 0.881734 0.821297 0.775626 0.735103 0.699594 0.680999 0.669320 0.643154 0.653966 0.947158 0.970262 0.949957 0.914044 0.865662 0.842278 0.851955 0.877231 0.904886 0.917407 0.919541 0.904771 0.884626 0.854476 0.832572 0.818759 0.823773 0.771562 0.693172 0.627480 0.637216 0.744243 0.747787 0.691143 0.626599 0.571485 0.571621 0.554427 0.531197 0.536446 0.562947 0.609387 0.705976 0.757431 0.728296 0.665276 0.560486 0.000000 0.000000 0.000000
0.000000 0.000000 0.000000 0.000000 0.000000 0.000000 0.000000 0.000000 0.000000 0.000000 0.000000 0.000000 0.000000 0.000000 0.000000 0.000000 0.000000 0.000000 0.000000 0.000000 0.000000 0.000000 0.000000 0.000000 0.000000 0.000000 0.000000 0.000000 0.000000 0.000000 0.000000 0.000000 0.000000 0.000000 0.000000 0.000000 0.000000 0.000000 0.000000 0.000000 0.000000 0.000000 0.000000 0.000000 0.000000 0.000000 0.000000 0.000000 0.000000 0.000000 0.000000 0.000000 0.000000 0.000000 0.000000 0.000000 0.000000 0.000000 0.000000 0.000000 0.000000 0.000000 0.000000 0.000000 0.000000 0.000000 0.000000 0.000000 0.000000 0.000000 0.000000 0.000000 0.000000 0.000000 0.000000 0.000000 0.000000 0.000000 0.597172 0.772404 0.890815 1.013670 1.140487 1.213548 1.249283 1.231004 1.161711 1.140633 1.145203 1.179861 1.245036 1.259968 1.314865 1.347687 1.364581 1.381098 1.390952 1.402395 1.399835 1.363752 1.326871 1.306143 1.304706 1.308548 1.321078 1.344009 1.374003 1.396867 1.397093 1.410023 1.403272 1.390838 1.356054 1.397228 1.399104 1.335527 1.233910 1.126359 0.972422 0.958677 0.940785 0.899575 0.869124 0.860345 0.858397 0.852597 0.859576 0.873716 0.972614 0.933074 0.947948 1.081021 1.151552 1.258816 1.341655 1.409826 1.453493 1.441194 1.436089 1.402570 1.272402 1.167100 1.162898 1.208675 1.246649 1.266455 1.280407 1.311386 1.320429 1.288328 1.158690 0.949040 0.921530 0.994861 1.228943 1.285503 1.392195 1.239526 0.882996 0.761796 0.622032 0.483727 0.343011 0.239908 0.215521 0.215020 0.240406 0.281566 0.369416 0.401636 0.438151 0.526714 0.638784 0.665706 0.700472 0.771809 0.841686 0.871042 0.896963 0.899952 0.880266 0.883995 0.880246 0.864917 0.718655 0.634755 0.675524 0.663437 0.653005 0.656779 0.636365 0.580241 0.569424 0.537286 0.517773 0.428971 0.406941 0.502983 0.583318 0.638335 0.667278 0.651503 0.606313 0.572197 0.528414 0.453122 0.413104 0.381692 0.380236 0.395221 0.392324 0.438766 0.530697 0.605070 0.680154 0.746122 0.792856 0.811987 0.801873 0.766747 0.793464 0.817443 0.822967 0.822765 0.819872 0.831936 1.090495 0.734917 0.742334 0.754743 0.745019 0.933099 0.865524 0.803283 0.760518 0.725328 0.692821 0.661060 0.617958 0.586175 0.732010 0.734111 0.795103 0.788785 0.774476 0.760398 0.749996 0.785921 0.827780 0.860112 0.873686 0.867263 0.846028 0.819567 0.830205 0.884485 0.947695 0.991064 0.976828 0.929098 0.876743 0.825934 0.770968 0.729197 0.689473 0.665289 0.660108 0.663113 0.661113 0.652386 0.636673 0.627317 0.597888 0.592017 0.596415 0.560896 0.421563 0.000000 0.000000 0.000000
0.000000 0.000000 0.000000 0.000000 0.000000 0.000000 0.000000 0.000000 0.000000 0.000000 0.000000 0.000000 0.000000 0.000000 0.000000 0.000000 0.000000 0.000000 0.000000 0.000000 0.000000 0.000000 0.000000 0.000000 0.000000 0.000000 0.000000 0.000000 0.000000 0.000000 0.000000 0.000000 0.000000 0.000000 0.000000 0.000000 0.000000 0.000000 0.000000 0.000000 0.000000 0.000000 0.000000 0.000000 0.000000 0.000000 0.000000 0.000000 0.000000 0.000000 0.000000 0.000000 0.000000 0.000000 0.000000 0.000000 0.000000 0.000000 0.000000 0.000000 0.000000 0.000000 0.000000 0.000000 0.000000 0.000000 0.000000 0.000000 0.000000 0.000000 0.000000 0.000000 0.000000 0.000000 0.000000 0.000000 0.000000 0.000000 0.000000 0.000000 0.495693 0.693648 0.872139 1.002908 1.126161 1.194049 1.221762 1.249145 1.231309 1.169385 1.152114 1.177798 1.202817 1.197907 1.184157 1.134985 1.162315 1.184753 1.180443 1.154167 1.117207 1.109819 1.135680 1.168292 1.197941 1.227393 1.271817 1.313646 1.330436 1.349046 1.351954 1.330148 1.280432 1.368451 1.425296 1.426734 1.402683 1.371925 1.312469 1.222280 1.162876 1.102666 0.982697 0.967334 0.940244 0.913541 0.896976 0.887326 0.980192 0.998487 0.903328 0.918601 0.975452 1.065182 1.262749 1.365034 1.413590 1.403929 1.379765 1.328944 1.258362 1.171442 1.134805 1.150499 1.168051 1.175996 1.165055 1.168298 1.182032 1.197717 1.241145 1.219306 1.216515 0.998824 0.962810 0.963198 1.158053 1.015466 1.048081 0.686215 0.525157 0.366747 0.215550 0.162656 0.227810 0.343242 0.414077 0.438459 0.446471 0.486404 0.510138 0.579592 0.672622 0.721072 0.694318 0.709887 0.754762 0.803675 0.848204 0.890168 0.934897 0.977491 0.992054 1.016852 1.038788 1.382678 0.955215 0.820787 0.710983 0.653199 0.598376 0.620001 0.501500 0.484481 0.499248 0.531109 0.572498 0.428765 0.342864 0.418147 0.488938 0.535503 0.551528 0.575581 0.570332 0.539824 0.481386 0.398936 0.360922 0.338776 0.337100 0.312212 0.319777 0.326746 0.429802 0.533603 0.643090 0.754574 0.831608 0.880699 0.910601 0.909301 0.884725 0.823045 0.752624 0.788775 0.734040 0.731428 0.980740 1.121245 1.096431 0.891537 1.026511 0.983338 0.942512 0.903056 0.729468 0.718353 0.862139 0.834300 0.793961 0.740243 0.687256 0.648691 0.681770 0.684491 0.682928 0.695822 0.722012 0.747743 0.750642 0.736097 0.709667 0.695233 0.718952 0.753670 0.801164 0.842479 0.869339 0.877634 0.859117 0.837580 0.805875 0.770302 0.751620 0.746696 0.757115 0.768770 0.775664 0.772327 0.761394 0.733752 0.678931 0.606558 0.540811 0.482253 0.440605 0.000000 0.000000 0.000000
0.000000 0.000000 0.000000 0.000000 0.000000 0.000000 0.000000 0.000000 0.000000 0.000000 0.000000 0.000000 0.000000 0.000000 0.000000 0.000000 0.000000 0.000000 0.000000 0.000000 0.000000 0.000000 0.000000 0.000000 0.000000 0.000000 0.000000 0.000000 0.000000 0.000000 0.000000 0.000000 0.000000 0.000000 0.000000 0.000000 0.000000 0.000000 0.000000 0.000000 0.000000 0.000000 0.000000 0.000000 0.000000 0.000000 0.000000 0.000000 0.000000 0.000000 0.000000 0.000000 0.000000 0.000000 0.000000 0.000000 0.000000 0.000000 0.000000 0.000000 0.000000 0.000000 0.000000 0.000000 0.000000 0.000000 0.000000 0.000000 0.000000 0.000000 0.000000 0.000000 0.000000 0.000000 0.000000 0.000000 0.000000 0.000000 0.000000 0.000000 0.000000 0.000000 0.427065 0.628589 0.839810 0.965872 1.056602 1.152097 1.183961 1.156116 1.148894 1.167606 1.151181 1.088746 1.042112 0.983030 1.014722 1.060576 1.071908 1.039398 1.003865 0.986614 1.000708 1.025740 1.070788 1.124769 1.169867 1.201332 1.216347 1.239721 1.245160 1.238516 1.247045 1.316597 1.388508 1.405630 1.420931 1.433753 1.426473 1.403195 1.368957 1.311412 1.244823 1.204382 1.093332 1.063717 1.041044 1.009350 0.982832 0.954173 0.920131 0.998270 0.917184 0.950374 1.016375 1.109802 1.200866 1.352497 1.349024 1.286335 1.230352 1.171488 1.157151 1.168092 1.181659 1.181159 1.179281 1.172141 1.170761 1.177749 1.161489 1.198619 1.229364 1.095310 1.074456 0.908127 0.902877 0.890820 0.875595 0.854398 0.891412 0.441075 0.337643 0.279824 0.377457 0.470687 0.546151 0.589888 0.603716 0.628826 0.657596 0.707921 0.687471 0.666483 0.680120 0.732981 0.754781 0.775704 0.791462 0.826297 0.873400 0.923461 0.967835 1.008250 1.030524 1.053473 1.424221 1.399207 1.364067 0.965972 0.857250 0.762432 0.653679 0.611801 0.566002 0.551171 0.527424 0.488592 0.359029 0.275197 0.301472 0.361652 0.400899 0.420779 0.443163 0.473772 0.479283 0.470330 0.419172 0.353623 0.321098 0.351566 0.346356 0.353863 0.348534 0.333156 0.403704 0.475381 0.610564 0.752190 0.843373 0.925184 0.982614 1.020699 1.046415 1.062362 1.199471 1.127588 1.219258 1.170444 1.126545 0.927698 0.885797 1.021215 1.080794 0.927470 0.894666 0.924544 0.915243 0.891452 0.862230 0.814484 0.752310 0.698557 0.667696 0.653263 0.695237 0.696563 0.693162 0.691346 0.687412 0.674491 0.655291 0.622131 0.626462 0.665725 0.710556 0.755554 0.787218 0.816151 0.830759 0.828685 0.810916 0.783340 0.760105 0.737858 0.720911 0.712040 0.699993 0.677992 0.659548 0.649560 0.645270 0.647531 0.657469 0.631954 0.564934 0.476960 0.000000 0.000000
0.000000 0.000000 0.000000 0.000000 0.000000 0.000000 0.000000 0.000000 0.000000 0.000000 0.000000 0.000000 0.000000 0.000000 0.000000 0.000000 0.000000 0.000000 0.000000 0.000000 0.000000 0.000000 0.000000 0.000000 0.000000 0.000000 0.000000 0.000000 0.000000 0.000000 0.000000 0.000000 0.000000 0.000000 0.000000 0.000000 0.000000 0.000000 0.000000 0.000000 0.000000 0.000000 0.000000 0.000000 0.000000 0.000000 0.000000 0.000000 0.000000 0.000000 0.000000 0.000000 0.000000 0.000000 0.000000 0.000000 0.000000 0.000000 0.000000 0.000000 0.000000 0.000000 0.000000 0.000000 0.000000 0.000000 0.000000 0.000000 0.000000 0.000000 0.000000 0.000000 0.000000 0.000000 0.000000 0.000000 0.000000 0.000000 0.000000 0.000000 0.000000 0.000000 0.000000 0.000000 0.000000 0.578616 0.758165 0.897456 0.961888 0.995718 1.044559 1.119505 1.138331 1.090656 1.021301 0.933512 0.909173 0.898446 0.886270 0.905827 0.910175 0.961733 1.022038 1.044996 1.076707 1.079872 1.073301 1.072624 1.070346 1.064455 1.080030 1.097072 1.133754 1.196772 1.285607 1.350606 1.389461 1.430745 1.457669 1.458467 1.448965 1.439325 1.422807 1.396800 1.389161 1.367742 1.315444 1.243315 1.106658 1.059887 1.007402 0.968016 0.928624 0.894198 0.712601 0.752902 0.836452 0.926422 0.976191 1.134265 1.112017 1.088690 1.165631 1.159276 1.167626 1.175740 1.192663 1.204228 1.165852 1.120892 1.110849 1.115504 1.126748 1.108223 1.077127 1.056476 0.988026 1.007896 0.900380 0.905494 0.846446 0.852343 0.927507 0.520127 0.510568 0.565724 0.647566 0.740802 0.820510 0.885110 0.924095 0.950563 0.977538 0.841938 0.735500 0.739847 0.778387 0.820997 0.858180 0.853726 0.859514 0.883784 0.920883 0.958897 0.981523 0.997358 1.003416 1.004244 1.369234 1.340145 1.297182 1.250896 1.210129 1.175510 0.725141 0.780371 0.729135 0.672138 0.622008 0.583904 0.492844 0.487354 0.429428 0.331536 0.289546 0.319404 0.376281 0.430438 0.476276 0.478423 0.446235 0.420001 0.361434 0.350495 0.356411 0.350042 0.335984 0.323153 0.370641 0.457219 0.616305 0.757121 0.883315 1.007537 1.103479 1.161811 1.379740 1.350351 1.404861 1.328799 1.268926 1.191733 1.138695 1.084326 1.040210 1.088118 1.046435 0.961145 0.966402 0.968354 0.946899 0.903228 0.841409 0.780563 0.733291 0.688669 0.635528 0.601825 0.617227 0.614309 0.616094 0.610896 0.595299 0.569333 0.558677 0.596250 0.647580 0.693731 0.730137 0.758097 0.766181 0.760780 0.736962 0.717919 0.694828 0.676993 0.675214 0.655283 0.652925 0.650271 0.641695 0.650406 0.669705 0.691090 0.701915 0.646079 0.571491 0.502557 0.429698 0.000000
0.000000 0.000000 0.000000 0.000000 0.000000 0.000000 0.000000 0.000000 0.000000 0.000000 0.000000 0.000000 0.000000 0.000000 0.000000 0.000000 0.000000 0.000000 0.000000 0.000000 0.000000 0.000000 0.000000 0.000000 0.000000 0.000000 0.000000 0.000000 0.000000 0.000000 0.000000 0.000000 0.000000 0.000000 0.000000 0.000000 0.000000 0.000000 0.000000 0.000000 0.000000 0.000000 0.000000 0.000000 0.000000 0.000000 0.000000 0.000000 0.000000 0.000000 0.000000 0.000000 0.000000 0.000000 0.000000 0.000000 0.000000 0.000000 0.000000 0.000000 0.000000 0.000000 0.000000 0.000000 0.000000 0.000000 0.000000 0.000000 0.000000 0.000000 0.000000 0.000000 0.000000 0.000000 0.000000 0.000000 0.000000 0.000000 0.000000 0.000000 0.000000 0.000000 0.000000 0.000000 0.000000 0.000000 0.000000 0.490013 0.620156 0.723110 0.828278 0.921453 0.992044 1.025766 1.036888 1.023520 1.011498 0.984939 0.945883 0.908411 0.941391 1.006004 1.079256 1.120652 1.128843 1.123487 1.099307 1.078628 1.061779 1.015053 0.948528 0.941558 0.955960 1.011557 1.109030 1.190683 1.275670 1.361220 1.412869 1.450566 1.467891 1.487354 1.558930 1.521922 1.533258 1.521878 1.493419 1.448471 1.374532 1.296293 1.230896 1.142422 0.978480 0.915439 0.868098 0.845058 0.694551 0.737906 0.788319 0.830040 0.848377 1.013324 1.020492 1.020008 1.102979 1.096011 1.093904 1.100414 1.048366 1.007971 1.010804 1.011141 1.021155 1.021127 0.903152 0.959066 0.939675 0.967113 0.948314 1.014432 1.058565 1.075645 1.072994 0.917153 0.998198 1.070444 1.120425 1.170807 1.261266 1.352486 1.419311 1.109882 1.091084 1.072193 1.048805 0.966329 0.857000 0.825241 0.837359 0.865379 0.903579 0.898889 0.900626 0.910996 0.925600 0.925191 0.923278 0.914089 0.896985 0.838756 0.796571 0.797834 0.814834 0.844445 1.215035 1.228704 0.947984 0.949790 0.884356 0.813941 0.749000 0.697186 0.601578 0.508229 0.350876 0.245239 0.263121 0.310700 0.393031 0.485685 0.525352 0.511370 0.456978 0.423442 0.397774 0.392658 0.402084 0.381784 0.370307 0.348572 0.365841 0.461054 0.565658 0.691566 0.791303 0.890245 0.987638 1.267087 1.288093 1.412770 1.376023 1.326525 1.259761 1.190594 1.136489 1.169929 1.110452 1.089772 1.094372 1.105829 1.097650 0.983269 0.933604 0.871367 0.818056 0.772280 0.727007 0.673921 0.625821 0.586589 0.587154 0.573572 0.562166 0.547558 0.585417 0.625225 0.653587 0.669062 0.683229 0.686969 0.682289 0.674010 0.664028 0.655270 0.646763 0.640282 0.606151 0.614260 0.620709 0.628318 0.646011 0.668370 0.685932 0.701106 0.726845 0.724520 0.626031 0.531455 0.465903 0.000000
0.000000 0.000000 0.000000 0.000000 0.000000 0.000000 0.000000 0.000000 0.000000 0.000000 0.000000 0.000000 0.000000 0.000000 0.000000 0.000000 0.000000 0.000000 0.000000 0.000000 0.000000 0.000000 0.000000 0.000000 0.000000 0.000000 0.000000 0.000000 0.000000 0.000000 0.000000 0.000000 0.000000 0.000000 0.000000 0.000000 0.000000 0.000000 0.000000 0.000000 0.000000 0.000000 0.000000 0.000000 0.000000 0.000000 0.000000 0.000000 0.000000 0.000000 0.000000 0.000000 0.000000 0.000000 0.000000 0.000000 0.000000 0.000000 0.000000 0.000000 0.000000 0.000000 0.000000 0.000000 0.000000 0.000000 0.000000 0.000000 0.000000 0.000000 0.000000 0.000000 0.000000 0.000000 0.000000 0.000000 0.000000 0.000000 0.000000 0.000000 0.000000 0.000000 0.000000 0.000000 0.000000 0.000000 0.000000 0.000000 0.000000 0.000000 0.529916 0.626828 0.724306 0.815769 0.896338 0.942778 0.982671 0.993613 0.971153 0.925786 0.956685 0.995267 1.095921 1.137233 1.164528 1.159161 1.111433 1.044486 0.990508 0.966514 0.956618 0.913184 0.850721 0.840863 0.892265 0.970110 1.080232 1.193714 1.264885 1.324211 1.377656 1.448893 1.488096 1.557199 1.563784 1.566366 1.562707 1.554323 1.481602 1.461207 1.460809 1.402665 1.320507 1.256109 1.174324 1.037181 0.855146 0.817712 0.644430 0.670969 0.690201 0.716068 0.895904 0.919797 0.913450 0.962312 0.932714 0.924301 0.875423 0.876074 0.904284 0.867681 0.742813 0.751527 0.736438 0.705294 0.716755 0.662146 0.685090 0.734748 0.789282 0.843440 0.903772 0.930863 0.905195 0.680935 0.722797 0.752168 1.196397 1.229062 1.269432 1.336815 1.405575 1.475752 1.134324 1.154392 1.165417 1.059750 0.942734 0.852435 0.827976 0.832297 0.868817 0.864544 0.844684 0.858879 0.881307 0.899460 0.896839 0.886086 0.840433 0.824552 0.789150 0.742700 0.728155 0.740119 0.746405 0.763811 0.825598 0.782647 0.747380 0.714709 0.669280 0.606284 0.470178 0.318717 0.251307 0.271105 0.297309 0.344200 0.448135 0.478743 0.511475 0.488765 0.454287 0.429005 0.429452 0.442983 0.427519 0.398342 0.392847 0.379267 0.423257 0.535563 0.598063 0.645102 0.691414 0.751603 1.052388 1.105156 1.137650 1.288792 1.263720 1.211766 1.133473 1.064495 1.108391 1.096561 1.089953 1.100598 1.114154 1.112383 1.086850 1.034107 0.886023 0.837906 0.796645 0.753328 0.711316 0.671649 0.634993 0.626758 0.601169 0.553502 0.594202 0.614960 0.631788 0.637946 0.636916 0.630558 0.620880 0.611748 0.601541 0.596166 0.596588 0.597445 0.598161 0.602540 0.606431 0.570016 0.588636 0.610083 0.626206 0.636163 0.660679 0.669376 0.616100 0.550079 0.496232 0.000000
0.000000 0.000000 0.000000 0.000000 0.000000 0.000000 0.000000 0.000000 0.000000 0.000000 0.000000 0.000000 0.000000 0.000000 0.000000 0.000000 0.000000 0.000000 0.000000 0.000000 0.000000 0.000000 0.000000 0.000000 0.000000 0.000000 0.000000 0.000000 0.000000 0.000000 0.000000 0.000000 0.000000 0.000000 0.000000 0.000000 0.000000 0.000000 0.000000 0.000000 0.000000 0.000000 0.000000 0.000000 0.000000 0.000000 0.000000 0.000000 0.000000 0.000000 0.000000 0.000000 0.000000 0.000000 0.000000 0.000000 0.000000 0.000000 0.000000 0.000000 0.000000 0.000000 0.000000 0.000000 0.000000 0.000000 0.000000 0.000000 0.000000 0.000000 0.000000 0.000000 0.000000 0.000000 0.000000 0.000000 0.000000 0.000000 0.000000 0.000000 0.000000 0.000000 0.000000 0.000000 0.000000 0.000000 0.000000 0.000000 0.000000 0.000000 0.000000 0.000000 0.000000 0.521723 0.637967 0.739255 0.827820 0.886348 0.893047 0.863306 0.898279 0.931601 1.039596 1.106816 1.152231 1.172931 1.135277 1.098712 1.062489 0.985439 0.910496 0.862108 0.839172 0.798962 0.768093 0.767177 0.844211 0.952128 1.036479 1.089575 1.206660 1.300786 1.343874 1.355845 1.367911 1.391546 1.464732 1.479292 1.477060 1.489048 1.512445 1.520577 1.532193 1.528509 1.498117 1.402924 1.311850 1.238117 1.154692 1.082891 1.043977 1.004315 0.981055 0.972560 0.865155 0.794902 0.734677 0.688439 0.676736 0.701576 0.783458 0.796623 0.839169 0.895265 0.920259 0.929701 0.923305 0.761144 0.757844 0.921826 0.774307 0.799737 0.839736 0.883567 0.900545 0.910838 0.640934 0.670371 0.741505 0.833214 0.899100 1.247497 1.280609 1.356660 1.424256 1.485691 1.532640 1.161963 1.166708 1.082230 0.975807 0.871071 0.817293 0.840135 0.857864 0.805076 0.767381 0.778576 0.800166 0.851135 0.894372 0.909457 0.916640 0.864448 0.807829 0.753134 0.708375 0.683340 0.648302 0.628956 0.585842 0.531985 0.482181 0.464745 0.481735 0.486198 0.422735 0.332726 0.335530 0.358032 0.406015 0.459433 0.500124 0.500382 0.469726 0.447972 0.437009 0.454604 0.443881 0.436647 0.404056 0.387669 0.369866 0.362360 0.443583 0.566518 0.657968 0.736614 0.784505 0.741241 0.714690 0.659480 0.662199 0.612663 0.813833 0.793632 0.792702 0.955312 0.976271 1.073410 1.061518 1.059390 1.059624 1.054655 1.024799 0.978121 0.844788 0.805225 0.767441 0.732656 0.693215 0.656615 0.668779 0.604646 0.589065 0.581393 0.584941 0.593803 0.598426 0.596708 0.590075 0.580513 0.568930 0.556161 0.540447 0.520291 0.553316 0.561287 0.575638 0.596831 0.619060 0.605432 0.668888 0.701696 0.750362 0.768964 0.741563 0.657568 0.599222 0.000000
0.000000 0.000000 0.000000 0.000000 0.000000 0.000000 0.000000 0.000000 0.000000 0.000000 0.000000 0.000000 0.000000 0.000000 0.000000 0.000000 0.000000 0.000000 0.000000 0.000000 0.000000 0.000000 0.000000 0.000000 0.000000 0.000000 0.000000 0.000000 0.000000 0.000000 0.000000 0.000000 0.000000 0.000000 0.000000 0.000000 0.000000 0.000000 0.000000 0.000000 0.000000 0.000000 0.000000 0.000000 0.000000 0.000000 0.000000 0.000000 0.000000 0.000000 0.000000 0.000000 0.000000 0.000000 0.000000 0.000000 0.000000 0.000000 0.000000 0.000000 0.000000 0.000000 0.000000 0.000000 0.000000 0.000000 0.000000 0.000000 0.000000 0.000000 0.000000 0.000000 0.000000 0.000000 0.000000 0.000000 0.000000 0.000000 0.000000 0.000000 0.000000 0.000000 0.000000 0.000000 0.000000 0.000000 0.000000 0.000000 0.000000 0.000000 0.000000 0.000000 0.000000 0.000000 0.000000 0.429703 0.571859 0.678810 0.717976 0.727181 0.761980 0.807897 0.919662 1.017150 1.105242 1.149275 1.143919 1.150139 1.158083 1.155871 1.123698 1.103619 1.086694 1.103767 1.100416 1.084674 1.055230 1.011807 1.001830 0.999271 1.053453 1.127714 1.156748 1.158637 1.176312 1.223961 1.249947 1.262558 1.271085 1.286585 1.323980 1.368859 1.486715 1.523939 1.529950 1.496990 1.435169 1.409782 1.409852 1.408198 1.388946 1.348125 1.249322 1.215299 1.163436 1.068874 0.980043 0.900280 0.818724 0.742414 0.739490 0.692998 0.709096 0.744603 0.786942 0.837567 0.885572 0.933752 1.045720 0.969524 0.972392 0.985145 0.859590 0.877950 0.887222 0.913861 0.937224 0.974536 0.678343 0.709900 0.753407 0.811476 0.881433 0.947396 1.326798 1.383673 1.429640 1.487594 1.545238 1.161730 1.140623 1.099335 1.022949 0.945216 0.903399 0.902721 0.861900 0.827831 0.805198 0.796223 0.796752 0.833758 0.875869 0.884135 0.829263 0.750979 0.665883 0.602914 0.545929 0.504971 0.480718 0.460225 0.402694 0.325714 0.356423 0.392602 0.461227 0.490190 0.474775 0.460183 0.515284 0.576681 0.613640 0.639887 0.626257 0.617284 0.574582 0.532368 0.516306 0.477278 0.425319 0.367954 0.346031 0.307439 0.281941 0.296088 0.447770 0.566013 0.670303 0.728994 0.745646 0.994579 0.912710 0.826214 0.731986 0.755920 0.777910 0.788022 0.805425 0.788159 0.907047 0.931362 0.946328 0.921795 0.906709 0.904529 0.963735 0.917823 0.878580 0.831333 0.810776 0.786897 0.751704 0.713914 0.676606 0.603438 0.589966 0.586162 0.585633 0.585198 0.600421 0.625123 0.642281 0.644567 0.633135 0.610768 0.561095 0.523492 0.595247 0.622243 0.664318 0.721684 0.782556 0.839626 0.869248 0.900494 0.846197 0.744173 0.616643 0.000000
0.000000 0.000000 0.000000 0.000000 0.000000 0.000000 0.000000 0.000000 0.000000 0.000000 0.000000 0.000000 0.000000 0.000000 0.000000 0.000000 0.000000 0.000000 0.000000 0.000000 0.000000 0.000000 0.000000 0.000000 0.000000 0.000000 0.000000 0.000000 0.000000 0.000000 0.000000 0.000000 0.000000 0.000000 0.000000 0.000000 0.000000 0.000000 0.000000 0.000000 0.000000 0.000000 0.000000 0.000000 0.000000 0.000000 0.000000 0.000000 0.000000 0.000000 0.000000 0.000000 0.000000 0.000000 0.000000 0.000000 0.000000 0.000000 0.000000 0.000000 0.000000 0.000000 0.000000 0.000000 0.000000 0.000000 0.000000 0.000000 0.000000 0.000000 0.000000 0.000000 0.000000 0.000000 0.000000 0.000000 0.000000 0.000000 0.000000 0.000000 0.000000 0.000000 0.000000 0.000000 0.000000 0.000000 0.000000 0.000000 0.000000 0.000000 0.000000 0.000000 0.000000 0.000000 0.000000 0.000000 0.000000 0.000000 0.453573 0.515504 0.566900 0.619889 0.723089 0.840875 0.959454 1.070662 1.132507 1.164465 1.225994 1.287012 1.317535 1.332309 1.350835 1.360208 1.349840 1.347002 1.329023 1.299854 1.265947 1.225840 1.137216 1.133527 1.121706 1.109114 1.104935 1.125968 1.140930 1.129227 1.116100 1.129748 1.157622 1.225421 1.293067 1.344103 1.360896 1.353218 1.367350 1.363743 1.394892 1.423724 1.439707 1.438363 1.420510 1.409914 1.370219 1.279606 1.183168 1.052475 0.942663 0.869409 0.820413 0.769569 0.744330 0.734364 0.688649 0.718546 0.775002 0.846485 0.900767 0.822994 0.881605 1.058019 1.066190 1.072166 0.932295 0.938070 0.959257 0.981730 1.003044 1.044823 0.724073 0.718615 0.751926 0.786528 0.833903 0.879823 0.949902 1.368331 1.434802 1.490154 1.529250 1.565346 1.202034 1.177503 1.126161 1.038897 0.940249 0.894371 0.912477 0.930210 0.902356 0.868040 0.824648 0.775763 0.750868 0.712781 0.654698 0.588861 0.534455 0.479846 0.426207 0.374384 0.335599 0.330645 0.262312 0.273504 0.390618 0.471598 0.541504 0.540574 0.518076 0.545622 0.607355 0.702020 0.796580 0.851895 0.832235 0.764779 0.694607 0.613484 0.503827 0.368163 0.257073 0.198791 0.230009 0.250206 0.262489 0.269571 0.419777 0.553082 0.637753 0.693753 0.709985 0.943357 0.855990 0.763211 0.683339 0.671554 0.408529 0.671537 0.641485 0.676850 0.888810 0.902205 0.915671 0.936526 0.941949 0.901266 0.843495 0.800617 0.847769 0.824930 0.814686 0.797786 0.768588 0.737179 0.701209 0.665006 0.593507 0.588154 0.579428 0.572313 0.588964 0.619201 0.635326 0.650921 0.645935 0.627753 0.632160 0.650836 0.679560 0.704872 0.735482 0.760470 0.774390 0.773052 0.725318 0.657305 0.567526 0.000000
0.000000 0.000000 0.000000 0.000000 0.000000 0.000000 0.000000 0.000000 0.000000 0.000000 0.000000 0.000000 0.000000 0.000000 0.000000 0.000000 0.000000 0.000000 0.000000 0.000000 0.000000 0.000000 0.000000 0.000000 0.000000 0.000000 0.000000 0.000000 0.000000 0.000000 0.000000 0.000000 0.000000 0.000000 0.000000 0.000000 0.000000 0.000000 0.000000 0.000000 0.000000 0.000000 0.000000 0.000000 0.000000 0.000000 0.000000 0.000000 0.000000 0.000000 0.000000 0.000000 0.000000 0.000000 0.000000 0.000000 0.000000 0.000000 0.000000 0.000000 0.000000 0.000000 0.000000 0.000000 0.000000 0.000000 0.000000 0.000000 0.000000 0.000000 0.000000 0.000000 0.000000 0.000000 0.000000 0.000000 0.000000 0.000000 0.000000 0.000000 0.000000 0.000000 0.000000 0.000000 0.000000 0.000000 0.000000 0.000000 0.000000 0.000000 0.000000 0.000000 0.000000 0.000000 0.000000 0.000000 0.000000 0.000000 0.000000 0.000000 0.000000 0.000000 0.464808 0.574855 0.711634 0.861035 0.993388 1.084301 1.175334 1.309308 1.414787 1.485553 1.500536 1.493758 1.473639 1.448803 1.415953 1.394694 1.366762 1.328953 1.275798 1.234203 1.178263 1.127477 1.057757 1.036483 1.013221 0.977538 0.952020 0.953386 0.966305 1.015807 1.095487 1.144728 1.166395 1.157218 1.122612 1.151276 1.212077 1.255757 1.271186 1.280596 1.281143 1.286926 1.272342 1.268720 1.208508 1.091866 0.987391 0.895034 0.838710 0.822545 0.814100 0.799530 0.775545 0.753616 0.780170 0.822848 0.798491 0.883287 0.826342 0.898089 1.084796 1.127607 1.024598 1.185052 1.194641 1.044858 1.050748 1.064696 1.074861 1.102187 0.796643 0.785916 0.796734 0.818955 0.841475 0.849735 0.879645 0.956559 1.018017 1.448854 1.471770 1.494963 1.544131 1.568106 1.136458 1.006300 0.930813 0.910489 0.922245 0.959642 0.926215 0.865613 0.801756 0.738205 0.690685 0.644433 0.583874 0.489014 0.420312 0.362895 0.327460 0.291271 0.278597 0.271693 0.260597 0.325850 0.432564 0.553010 0.640751 0.662280 0.668268 0.679691 0.703377 0.789347 0.882844 0.870599 0.838444 0.756274 0.610182 0.440848 0.291913 0.215127 0.199294 0.228561 0.289406 0.330782 0.339442 0.342822 0.413948 0.520103 0.622682 0.669988 0.958738 0.909937 0.839121 0.750793 0.648712 0.612122 0.311986 0.310580 0.620034 0.660273 0.852453 0.906169 0.935917 0.934510 0.915512 0.904009 0.891580 0.853245 0.888425 0.869881 0.865666 0.842828 0.809723 0.773303 0.735711 0.697168 0.656126 0.573194 0.566199 0.560591 0.559934 0.569113 0.573150 0.573339 0.572376 0.612831 0.635753 0.652212 0.659149 0.659569 0.655952 0.643103 0.608096 0.523676 0.515666 0.468579
0.000000 0.000000 0.000000 0.000000 0.000000 0.000000 0.000000 0.000000 0.000000 0.000000 0.000000 0.000000 0.000000 0.000000 0.000000 0.000000 0.000000 0.000000 0.000000 0.000000 0.000000 0.000000 0.000000 0.000000 0.000000 0.000000 0.000000 0.000000 0.000000 0.000000 0.000000 0.000000 0.000000 0.000000 0.000000 0.000000 0.000000 0.000000 0.000000 0.000000 0.000000 0.000000 0.000000 0.000000 0.000000 0.000000 0.000000 0.000000 0.000000 0.000000 0.000000 0.000000 0.000000 0.000000 0.000000 0.000000 0.000000 0.000000 0.000000 0.000000 0.000000 0.000000 0.000000 0.000000 0.000000 0.000000 0.000000 0.000000 0.000000 0.000000 0.000000 0.000000 0.000000 0.000000 0.000000 0.000000 0.000000 0.000000 0.000000 0.000000 0.000000 0.000000 0.000000 0.000000 0.000000 0.000000 0.000000 0.000000 0.000000 0.000000 0.000000 0.000000 0.000000 0.000000 0.000000 0.000000 0.000000 0.000000 0.000000 0.000000 0.000000 0.000000 0.000000 0.000000 0.000000 0.501367 0.656223 0.829078 0.973426 1.155618 1.361604 1.478495 1.524764 1.516370 1.439989 1.358137 1.272340 1.217021 1.165651 1.147531 1.141666 1.129604 1.100628 1.051510 1.010805 0.948456 0.898589 0.843421 0.788061 0.770976 0.757936 0.778179 0.854418 0.902861 0.904931 0.883370 0.857657 0.863815 0.916677 0.963774 0.985283 1.005714 1.022233 1.041507 1.065854 1.103322 1.099157 1.061315 1.027116 0.964270 0.906289 0.852700 0.822464 0.817290 0.828532 0.837819 0.838311 0.831956 0.784044 0.825915 0.896720 0.966116 1.033420 1.093699 1.163564 1.213130 1.249570 1.377752 1.148678 1.135528 1.120373 1.123140 1.145011 1.153996 1.180987 0.889550 0.884167 0.872726 0.813961 0.720810 0.681918 0.715317 0.790353 0.898458 0.980617 1.412220 1.410324 1.411382 1.417457 0.983245 0.893659 0.799654 0.769579 0.745613 0.684300 0.640549 0.625904 0.610157 0.574683 0.491311 0.425900 0.387152 0.355253 0.320221 0.300955 0.301066 0.252628 0.229620 0.278492 0.396799 0.549663 0.639806 0.685730 0.729803 0.758029 0.772413 0.802652 0.849530 0.798800 0.797817 0.776661 0.713245 0.578199 0.430260 0.362282 0.417424 0.442765 0.439944 0.453651 0.460596 0.462512 0.436915 0.442529 0.538059 0.620656 0.967009 0.950265 0.913366 0.857239 0.782329 0.635613 0.622905 0.347875 0.812546 0.875963 0.850658 0.802466 0.837092 0.859871 0.859499 0.845848 0.822662 0.847761 0.877806 0.873725 0.952097 0.923752 0.883149 0.838841 0.785637 0.746778 0.708323 0.668796 0.630564 0.544661 0.543662 0.544227 0.544987 0.544222 0.544481 0.541114 0.535762 0.561862 0.556022 0.548142 0.528748 0.488022 0.385623 0.394517 0.000000
0.000000 0.000000 0.000000 0.000000 0.000000 0.000000 0.000000 0.000000 0.000000 0.000000 0.000000 0.000000 0.000000 0.000000 0.000000 0.000000 0.000000 0.000000 0.000000 0.000000 0.000000 0.000000 0.000000 0.000000 0.000000 0.000000 0.000000 0.000000 0.000000 0.000000 0.000000 0.000000 0.000000 0.000000 0.000000 0.000000 0.000000 0.000000 0.000000 0.000000 0.000000 0.000000 0.000000 0.000000 0.000000 0.000000 0.000000 0.000000 0.000000 0.000000 0.000000 0.000000 0.000000 0.000000 0.000000 0.000000 0.000000 0.000000 0.000000 0.000000 0.000000 0.000000 0.000000 0.000000 0.000000 0.000000 0.000000 0.000000 0.000000 0.000000 0.000000 0.000000 0.000000 0.000000 0.000000 0.000000 0.000000 0.000000 0.000000 0.000000 0.000000 0.000000 0.000000 0.000000 0.000000 0.000000 0.000000 0.000000 0.000000 0.000000 0.000000 0.000000 0.000000 0.000000 0.000000 0.000000 0.000000 0.000000 0.000000 0.000000 0.000000 0.000000 0.000000 0.000000 0.000000 0.000000 0.000000 0.000000 0.452522 0.703157 1.023729 1.247019 1.361874 1.375378 1.276703 1.152370 1.042976 0.960471 0.898646 0.852614 0.854061 0.871323 0.871076 0.851089 0.833271 0.806916 0.772213 0.744989 0.702536 0.662795 0.607915 0.561166 0.610576 0.651440 0.655585 0.638061 0.583642 0.568392 0.587870 0.625875 0.645826 0.677609 0.715376 0.754707 0.807667 0.855366 0.907404 0.942330 0.980393 0.987681 0.989061 0.971088 0.915691 0.858452 0.856731 0.862145 0.883181 0.894198 0.917755 0.863707 0.891389 0.923702 0.983243 1.039733 1.099625 1.157029 1.199168 1.264663 1.313805 1.360040 1.372953 1.355015 1.377219 1.221385 1.252219 1.267007 1.267338 1.016150 0.982410 0.881471 0.753350 0.618350 0.480081 0.421994 0.481236 0.590008 0.690034 0.760868 0.796450 0.791634 0.779237 0.771374 0.773429 0.698017 0.650931 0.586166 0.531322 0.503352 0.487388 0.433958 0.378585 0.338645 0.317058 0.295410 0.271616 0.272318 0.283022 0.319968 0.297713 0.307505 0.377509 0.417260 0.503212 0.598986 0.657135 0.694915 0.758118 0.834035 0.813958 0.707802 0.671221 0.644318 0.652577 0.629484 0.606576 0.620091 0.614589 0.645607 0.662547 0.663261 0.647703 0.634645 0.599221 0.575413 0.534874 0.913935 0.940606 0.962313 0.983574 1.152841 1.050949 0.931473 0.925122 1.012218 1.131995 1.292088 1.285369 1.237863 1.056159 0.958772 0.850704 0.801975 0.775058 0.784099 0.816960 0.840808 0.847277 0.942495 0.926231 0.890408 0.841681 0.797279 0.749522 0.705317 0.663766 0.623909 0.589091 0.500739 0.501742 0.507799 0.509199 0.533722 0.471443 0.463748 0.448780 0.451537 0.398737 0.000000 0.000000 0.000000
0.000000 0.000000 0.000000 0.000000 0.000000 0.000000 0.000000 0.000000 0.000000 0.000000 0.000000 0.000000 0.000000 0.000000 0.000000 0.000000 0.000000 0.000000 0.000000 0.000000 0.000000 0.000000 0.000000 0.000000 0.000000 0.000000 0.000000 0.000000 0.000000 0.000000 0.000000 0.000000 0.000000 0.000000 0.000000 0.000000 0.000000 0.000000 0.000000 0.000000 0.000000 0.000000 0.000000 0.000000 0.000000 0.000000 0.000000 0.000000 0.000000 0.000000 0.000000 0.000000 0.000000 0.000000 0.000000 0.000000 0.000000 0.000000 0.000000 0.000000 0.000000 0.000000 0.000000 0.000000 0.000000 0.000000 0.000000 0.000000 0.000000 0.000000 0.000000 0.000000 0.000000 0.000000 0.000000 0.000000 0.000000 0.000000 0.000000 0.000000 0.000000 0.000000 0.000000 0.000000 0.000000 0.000000 0.000000 0.000000 0.000000 0.000000 0.000000 0.000000 0.000000 0.000000 0.000000 0.000000 0.000000 0.000000 0.000000 0.000000 0.000000 0.000000 0.000000 0.000000 0.000000 0.000000 0.000000 0.000000 0.000000 0.000000 0.000000 0.650379 0.931902 1.033655 1.000810 0.897543 0.774787 0.680151 0.593321 0.616767 0.627495 0.666668 0.685866 0.691621 0.689956 0.683194 0.667035 0.643626 0.625498 0.600679 0.559971 0.515898 0.486798 0.463861 0.435585 0.406528 0.000000 0.000000 0.000000 0.000000 0.000000 0.000000 0.419299 0.451979 0.517897 0.585737 0.667493 0.758674 0.846605 0.919463 0.974460 1.018975 1.016011 0.984160 0.965119 0.939627 0.927872 0.912604 0.935841 0.959040 0.988681 0.925690 0.959796 1.004928 1.058603 1.103344 1.134778 1.185992 1.237154 1.300516 1.344799 1.378228 1.416567 1.453157 1.490644 1.520998 1.547894 1.571657 1.367457 1.394663 1.067197 0.932249 0.749168 0.546549 0.356158 0.281909 0.355011 0.448609 0.540473 0.593968 0.608104 0.612646 0.605030 0.622800 0.638852 0.662120 0.688943 0.663337 0.621493 0.579975 0.518698 0.445686 0.389731 0.343797 0.326301 0.303379 0.311478 0.333991 0.365726 0.347526 0.298134 0.298854 0.342698 0.418021 0.482738 0.529580 0.614627 0.742624 0.790689 0.817146 0.741747 0.634271 0.555950 0.568668 0.583596 0.614534 0.668537 0.708492 0.711891 0.703686 0.704154 0.737545 0.756088 0.729713 0.695489 1.032146 0.999269 0.970383 0.969999 1.209891 1.201455 1.148035 1.061455 1.069051 1.185084 1.294422 1.336776 1.426324 1.285080 1.187672 1.175327 1.043750 0.871465 0.801861 0.774129 0.768847 0.751488 0.828492 0.850444 0.834898 0.832738 0.825431 0.817980 0.770625 0.741435 0.714222 0.686734 0.657007 0.627713 0.604337 0.548279 0.548879 0.548438 0.543590 0.530035 0.509995 0.453339 0.000000 0.000000 0.000000
0.000000 0.000000 0.000000 0.000000 0.000000 0.000000 0.000000 0.000000 0.000000 0.000000 0.000000 0.000000 0.000000 0.000000 0.000000 0.000000 0.000000 0.000000 0.000000 0.000000 0.000000 0.000000 0.000000 0.000000 0.000000 0.000000 0.000000 0.000000 0.000000 0.000000 0.000000 0.000000 0.000000 0.000000 0.000000 0.000000 0.000000 0.000000 0.000000 0.000000 0.000000 0.000000 0.000000 0.000000 0.000000 0.000000 0.000000 0.000000 0.000000 0.000000 0.000000 0.000000 0.000000 0.000000 0.000000 0.000000 0.000000 0.000000 0.000000 0.000000 0.000000 0.000000 0.000000 0.000000 0.000000 0.000000 0.000000 0.000000 0.000000 0.000000 0.000000 0.000000 0.000000 0.000000 0.000000 0.000000 0.000000 0.000000 0.000000 0.000000 0.000000 0.000000 0.000000 0.000000 0.000000 0.000000 0.000000 0.000000 0.000000 0.000000 0.000000 0.000000 0.000000 0.000000 0.000000 0.000000 0.000000 0.000000 0.000000 0.000000 0.000000 0.000000 0.000000 0.000000 0.000000 0.000000 0.000000 0.000000 0.000000 0.000000 0.000000 0.454275 0.538052 0.512779 0.580389 0.573877 0.604152 0.646696 0.686384 0.725836 0.773583 0.820762 0.834027 0.829420 0.803595 0.764251 0.718286 0.679395 0.651171 0.624962 0.588073 0.540120 0.505329 0.487780 0.459931 0.432218 0.416421 0.000000 0.000000 0.000000 0.000000 0.000000 0.000000 0.000000 0.000000 0.000000 0.000000 0.521713 0.653147 0.768176 0.852709 0.931506 0.990392 1.017211 1.032091 1.024265 0.996526 0.925069 0.918336 0.909424 0.941714 0.977789 0.927398 0.970403 1.022648 1.065031 1.098896 1.137235 1.175892 1.221630 1.271294 1.324958 1.395622 1.452827 1.487463 1.539755 1.593202 1.630335 1.632812 1.640892 1.680074 1.696392 1.426411 1.021671 0.785177 0.549038 0.349301 0.254815 0.283136 0.353146 0.426910 0.465438 0.469754 0.477394 0.507122 0.538324 0.577102 0.615532 0.671035 0.722008 0.759755 0.773891 1.150037 1.097435 1.055407 1.017570 0.979587 0.567771 0.522740 0.445298 0.376417 0.333821 0.286695 0.281282 0.302871 0.343954 0.424535 0.580154 0.683589 0.694669 0.784451 0.887278 0.841240 0.703856 0.673989 0.692601 0.685192 0.699360 0.770835 0.828242 0.840697 0.866357 0.885021 0.866455 0.822590 0.784356 0.751054 0.735106 0.731632 1.000396 1.150304 1.188850 1.179250 1.106555 1.102711 1.184938 1.225956 1.216215 1.173545 1.212284 1.120682 1.020085 0.913028 0.840804 0.756905 0.753690 0.741032 0.788485 0.781906 0.760561 0.736549 0.729635 0.735060 0.761218 0.925000 0.874983 0.739934 0.708373 0.693959 0.675200 0.648355 0.622188 0.554504 0.543508 0.530520 0.510234 0.456881 0.000000 0.000000 0.000000
0.000000 0.000000 0.000000 0.000000 0.000000 0.000000 0.000000 0.000000 0.000000 0.000000 0.000000 0.000000 0.000000 0.000000 0.000000 0.000000 0.000000 0.000000 0.000000 0.000000 0.000000 0.000000 0.000000 0.000000 0.000000 0.000000 0.000000 0.000000 0.000000 0.000000 0.000000 0.000000 0.000000 0.000000 0.000000 0.000000 0.000000 0.000000 0.000000 0.000000 0.000000 0.000000 0.000000 0.000000 0.000000 0.000000 0.000000 0.000000 0.000000 0.000000 0.000000 0.000000 0.000000 0.000000 0.000000 0.000000 0.000000 0.000000 0.000000 0.000000 0.000000 0.000000 0.000000 0.000000 0.000000 0.000000 0.000000 0.000000 0.000000 0.000000 0.000000 0.000000 0.000000 0.000000 0.000000 0.000000 0.000000 0.000000 0.000000 0.000000 0.000000 0.000000 0.000000 0.000000 0.000000 0.000000 0.000000 0.000000 0.000000 0.000000 0.000000 0.000000 0.000000 0.000000 0.000000 0.000000 0.000000 0.000000 0.000000 0.000000 0.000000 0.000000 0.000000 0.000000 0.000000 0.000000 0.000000 0.000000 0.000000 0.000000 0.000000 0.000000 0.411572 0.480637 0.547484 0.606470 0.650780 0.681900 0.722375 0.767754 0.802551 0.818825 0.819138 0.799753 0.768816 0.747572 0.710809 0.680406 0.662186 0.645616 0.620630 0.709326 0.555399 0.539421 0.514046 0.487183 0.466291 0.445145 0.410827 0.000000 0.000000 0.000000 0.000000 0.000000 0.000000 0.000000 0.000000 0.000000 0.000000 0.540849 0.637448 0.735383 0.841300 0.922660 0.967042 0.980405 0.974333 0.943057 0.885184 0.851343 0.852110 0.892553 0.952392 0.920969 0.966875 1.016395 1.053162 1.089025 1.127677 1.164565 1.218000 1.266885 1.338308 1.400254 1.463932 1.511620 1.562298 1.619701 1.649111 1.670545 1.680068 1.705133 1.720929 1.497590 1.394459 1.299890 0.756169 0.515348 0.320546 0.237365 0.283441 0.372712 0.444413 0.471982 0.486644 0.503029 0.530455 0.571934 0.615035 0.663728 0.707762 0.743216 0.755670 1.127709 1.082432 1.032896 0.994116 0.973347 0.934102 0.917477 0.481896 0.407192 0.366113 0.318047 0.287592 0.244283 0.222019 0.309895 0.510315 0.542082 0.620695 0.704458 0.703962 0.630758 0.574613 0.576372 0.653480 0.760448 0.906466 0.997788 1.081772 1.400023 1.362826 1.314051 0.918101 0.849891 0.819252 0.823420 0.822014 0.822431 0.815800 0.799605 1.059089 1.064102 1.058535 1.009643 0.946125 0.907430 1.008022 0.998936 1.042524 0.990543 0.880642 0.848816 0.803559 0.743019 0.706014 0.706589 0.696311 0.682504 0.659577 0.639797 0.654245 0.664012 0.686109 0.705279 0.720947 0.725263 0.714223 0.695129 0.671336 0.641957 0.608296 0.569415 0.471299 0.459185 0.412747 0.000000 0.000000 0.000000
0.000000 0.000000 0.000000 0.000000 0.000000 0.000000 0.000000 0.000000 0.000000 0.000000 0.000000 0.000000 0.000000 0.000000 0.000000 0.000000 0.000000 0.000000 0.000000 0.000000 0.000000 0.000000 0.000000 0.000000 0.000000 0.000000 0.000000 0.000000 0.000000 0.000000 0.000000 0.000000 0.000000 0.000000 0.000000 0.000000 0.000000 0.000000 0.000000 0.000000 0.000000 0.000000 0.000000 0.000000 0.000000 0.000000 0.000000 0.000000 0.000000 0.000000 0.000000 0.000000 0.000000 0.000000 0.000000 0.000000 0.000000 0.000000 0.000000 0.000000 0.000000 0.000000 0.000000 0.000000 0.000000 0.000000 0.000000 0.000000 0.000000 0.000000 0.000000 0.000000 0.000000 0.000000 0.000000 0.000000 0.000000 0.000000 0.000000 0.000000 0.000000 0.000000 0.000000 0.000000 0.000000 0.000000 0.000000 0.000000 0.000000 0.000000 0.000000 0.000000 0.000000 0.000000 0.000000 0.000000 0.000000 0.000000 0.000000 0.000000 0.000000 0.000000 0.000000 0.000000 0.000000 0.000000 0.000000 0.000000 0.000000 0.000000 0.000000 0.000000 0.000000 0.459354 0.542265 0.608708 0.659382 0.716459 0.749789 0.755647 0.781169 0.827553 0.851994 0.862996 0.862981 0.845529 0.799338 0.741849 0.701184 0.667288 0.610465 0.577195 0.617949 0.545564 0.528439 0.503378 0.483132 0.463322 0.429157 0.000000 0.000000 0.000000 0.000000 0.000000 0.000000 0.000000 0.000000 0.000000 0.000000 0.000000 0.000000 0.000000 0.585317 0.738211 0.792059 0.815815 0.835891 0.848013 0.800334 0.755692 0.766434 0.799010 0.835426 0.883131 0.940477 0.907448 0.963354 1.015709 1.055728 1.098003 1.150684 1.214651 1.270299 1.321195 1.363110 1.420935 1.494862 1.536364 1.577809 1.613069 1.633388 1.636191 1.644498 1.660701 1.639567 1.366989 1.264040 1.158423 0.618400 0.446486 0.365074 0.371338 0.446635 0.517551 0.576017 0.585317 0.583460 0.592197 0.622896 0.660690 0.697159 0.738819 0.761567 1.146020 1.109166 1.081566 1.053028 1.017582 0.974237 0.934135 0.925924 0.552663 0.497021 0.451112 0.434260 0.371506 0.252335 0.161953 0.203318 0.343293 0.440067 0.493274 0.565302 0.605044 0.610289 0.619174 0.643645 0.703216 0.771240 0.890267 1.002519 1.083941 1.457446 1.416445 1.324200 1.235991 0.782776 0.726426 0.698738 0.660516 0.656507 0.651430 0.638792 0.629469 0.626813 0.623393 0.607540 0.582252 0.562661 0.823542 0.804580 0.923630 0.907537 0.943894 0.885073 0.748632 0.670099 0.663936 0.609684 0.546174 0.564405 0.542714 0.489779 0.519232 0.550155 0.573983 0.606970 0.673812 0.699342 0.697015 0.675326 0.649975 0.617467 0.582768 0.545330 0.421479 0.000000 0.000000 0.000000 0.004000
0.000000 0.000000 0.000000 0.000000 0.000000 0.000000 0.000000 0.000000 0.000000 0.000000 0.000000 0.000000 0.000000 0.000000 0.000000 0.000000 0.000000 0.000000 0.000000 0.000000 0.000000 0.000000 0.000000 0.000000 0.000000 0.000000 0.000000 0.000000 0.000000 0.000000 0.000000 0.000000 0.000000 0.000000 0.000000 0.000000 0.000000 0.000000 0.000000 0.000000 0.000000 0.000000 0.000000 0.000000 0.000000 0.000000 0.000000 0.000000 0.000000 0.000000 0.000000 0.000000 0.000000 0.000000 0.000000 0.000000 0.000000 0.000000 0.000000 0.000000 0.000000 0.000000 0.000000 0.000000 0.000000 0.000000 0.000000 0.000000 0.000000 0.000000 0.000000 0.000000 0.000000 0.000000 0.000000 0.000000 0.000000 0.000000 0.000000 0.000000 0.000000 0.000000 0.000000 0.000000 0.000000 0.000000 0.000000 0.000000 0.000000 0.000000 0.000000 0.000000 0.000000 0.000000 0.000000 0.000000 0.000000 0.000000 0.000000 0.000000 0.000000 0.000000 0.000000 0.000000 0.000000 0.000000 0.000000 0.000000 0.000000 0.000000 0.000000 0.000000 0.000000 0.000000 0.497822 0.569824 0.615697 0.727776 0.780581 0.801444 0.821096 0.833058 0.829717 0.851187 0.885136 0.899031 0.877637 0.841689 0.820818 0.796890 0.756182 0.698619 0.639162 0.596650 0.557547 0.499347 0.463265 0.448742 0.418516 0.000000 0.000000 0.000000 0.000000 0.000000 0.000000 0.000000 0.000000 0.428245 0.458904 0.489046 0.512143 0.524334 0.527649 0.519150 0.614493 0.622062 0.645358 0.688390 0.612577 0.582981 0.592999 0.648591 0.654317 0.661439 0.727958 0.809428 0.898751 0.900713 0.961602 1.009024 1.050209 1.105300 1.188527 1.324112 1.408984 1.412735 1.433990 1.599991 1.496704 1.504600 1.514642 1.527512 1.537039 1.510693 1.472165 1.457796 1.431304 1.181657 1.080330 1.025322 1.004453 0.561937 0.553674 0.588238 0.645619 0.697005 0.717355 0.674438 0.663011 0.667046 0.687669 0.716883 0.732481 0.756989 1.129409 1.093192 1.066233 1.049979 1.002383 0.956299 0.938478 0.955208 0.964654 0.597246 0.546502 0.504846 0.441802 0.343615 0.240522 0.187903 0.190499 0.266847 0.353366 0.456834 0.554990 0.607762 0.628049 0.664182 0.711541 0.747159 0.784391 0.844016 0.941355 1.035992 1.352056 1.302983 1.199688 1.054447 0.635029 0.549218 0.474271 0.404956 0.346701 0.324921 0.331981 0.359382 0.365438 0.374262 0.371262 0.392317 0.418261 0.442531 0.751738 0.874640 0.805154 0.778170 0.758536 0.726764 0.727258 0.654103 0.583077 0.512966 0.384755 0.000000 0.547085 0.629049 0.660564 0.663635 0.656365 0.674863 0.703305 0.674733 0.646925 0.611986 0.570133 0.519158 0.465186 0.436966 0.420652 0.486958
0.000000 0.000000 0.000000 0.000000 0.000000 0.000000 0.000000 0.000000 0.000000 0.000000 0.000000 0.000000 0.000000 0.000000 0.000000 0.000000 0.000000 0.000000 0.000000 0.000000 0.000000 0.000000 0.000000 0.000000 0.000000 0.000000 0.000000 0.000000 0.000000 0.000000 0.000000 0.000000 0.000000 0.000000 0.000000 0.000000 0.000000 0.000000 0.000000 0.000000 0.000000 0.000000 0.000000 0.000000 0.000000 0.000000 0.000000 0.000000 0.000000 0.000000 0.000000 0.000000 0.000000 0.000000 0.000000 0.000000 0.000000 0.000000 0.000000 0.000000 0.000000 0.000000 0.000000 0.000000 0.000000 0.000000 0.000000 0.000000 0.000000 0.000000 0.000000 0.000000 0.000000 0.000000 0.000000 0.000000 0.000000 0.000000 0.000000 0.000000 0.000000 0.000000 0.000000 0.000000 0.000000 0.000000 0.000000 0.000000 0.000000 0.000000 0.000000 0.000000 0.000000 0.000000 0.000000 0.000000 0.000000 0.000000 0.000000 0.000000 0.000000 0.000000 0.000000 0.000000 0.000000 0.000000 0.000000 0.000000 0.000000 0.000000 0.000000 0.000000 0.000000 0.000000 0.000000 0.000000 0.000000 0.582292 0.687185 0.726939 0.787418 0.862528 0.871510 0.876976 0.871473 0.864484 0.861368 0.851450 0.848615 0.846847 0.833613 0.801116 0.755130 0.712041 0.668897 0.613802 0.571272 0.545152 0.502838 0.454264 0.000000 0.000000 0.000000 0.000000 0.000000 0.435651 0.487402 0.532977 0.570862 0.606252 0.633054 0.658611 0.674737 0.683566 0.684640 0.684643 0.676831 0.653998 0.619697 0.574689 0.529125 0.476995 0.422786 0.374219 0.439542 0.538069 0.691317 0.809093 0.916211 0.929296 0.981390 1.026828 1.078169 1.180119 1.262279 1.335404 1.420225 1.606334 1.629030 1.577773 1.520318 1.375641 1.367085 1.357208 1.309589 1.260896 1.279467 1.283797 1.271885 1.054600 1.008348 0.986366 1.007295 1.075490 1.151468 0.864947 0.871550 0.835429 0.790761 0.722409 0.679547 0.693290 0.705236 0.725928 1.121742 1.089366 1.059079 1.050423 1.035175 0.995747 0.968406 0.965493 0.973863 0.999515 0.677245 0.602370 0.517298 0.403916 0.322858 0.270975 0.230209 0.233323 0.260422 0.360893 0.488934 0.581111 0.654458 0.688926 0.727467 0.757759 0.758521 0.744516 0.735471 0.734804 0.758707 0.770731 1.091918 1.055080 0.631214 0.911101 0.861286 0.857425 0.774414 0.732780 0.265735 0.422327 0.317951 0.175987 0.212767 0.236793 0.223074 0.272522 0.317180 0.336251 0.669116 0.641268 0.631521 0.751191 0.710501 0.662906 0.621572 0.626580 0.610516 0.680454 0.805548 0.878165 0.879409 0.779427 0.752435 0.715216 0.687707 0.738253 0.723575 0.686502 0.725715 0.621085 0.655101 0.673713 0.703103 0.813446
0.000000 0.000000 0.000000 0.000000 0.000000 0.000000 0.000000 0.000000 0.000000 0.000000 0.000000 0.000000 0.000000 0.000000 0.000000 0.000000 0.000000 0.000000 0.000000 0.000000 0.000000 0.000000 0.000000 0.000000 0.000000 0.000000 0.000000 0.000000 0.000000 0.000000 0.000000 0.000000 0.000000 0.000000 0.000000 0.000000 0.000000 0.000000 0.000000 0.000000 0.000000 0.000000 0.000000 0.000000 0.000000 0.000000 0.000000 0.000000 0.000000 0.000000 0.000000 0.000000 0.000000 0.000000 0.000000 0.000000 0.000000 0.000000 0.000000 0.000000 0.000000 0.000000 0.000000 0.000000 0.000000 0.000000 0.000000 0.000000 0.000000 0.000000 0.000000 0.000000 0.000000 0.000000 0.000000 0.000000 0.000000 0.000000 0.000000 0.000000 0.000000 0.000000 0.000000 0.000000 0.000000 0.000000 0.000000 0.000000 0.000000 0.000000 0.000000 0.000000 0.000000 0.000000 0.000000 0.000000 0.000000 0.000000 0.000000 0.000000 0.000000 0.000000 0.000000 0.000000 0.000000 0.000000 0.000000 0.000000 0.000000 0.000000 0.000000 0.000000 0.000000 0.000000 0.000000 0.000000 0.000000 0.000000 0.481190 0.549027 0.649244 0.786004 0.827312 0.874207 0.898398 0.882587 0.840904 0.812663 0.806930 0.817962 0.825670 0.817031 0.785581 0.750048 0.705610 0.662680 0.627288 0.599312 0.555130 0.503094 0.458598 0.437403 0.000000 0.000000 0.000000 0.444147 0.511601 0.571066 0.623773 0.667463 0.705374 0.743531 0.770944 0.799513 0.811909 0.822565 0.825016 0.813293 0.781781 0.749401 0.701812 0.656082 0.599519 0.538942 0.478522 0.487745 0.506794 0.643095 0.769678 0.874212 0.937097 0.987353 1.033987 1.060793 1.105133 1.175621 1.252429 1.319878 1.375777 1.403781 1.374718 1.329145 1.296490 1.189194 1.188573 1.137834 1.104280 1.141022 1.175301 1.187850 1.196697 1.024888 1.001784 1.032669 1.093996 1.166071 1.217478 1.229072 0.905617 0.841122 0.748706 0.712438 0.695519 0.691999 1.099308 1.116635 1.117085 1.114758 1.114366 1.113385 1.098997 1.053971 1.004763 1.005007 1.016566 1.025118 0.591785 0.466714 0.356883 0.306226 0.223393 0.233208 0.299751 0.352347 0.489363 0.560142 0.643181 0.731543 0.805961 0.795753 0.774877 0.752478 0.753331 0.731422 0.731975 0.694279 0.644745 0.575316 0.508968 0.495617 0.473658 0.391711 0.458089 0.454300 0.392094 0.279928 0.199086 0.163769 0.142750 0.150888 0.165853 0.177178 0.216237 0.248986 0.264692 0.627264 0.598230 0.574939 0.556402 0.539810 0.665627 0.647346 0.616833 0.678159 0.778088 0.854419 0.894778 0.911980 0.865955 0.857673 0.838259 0.881576 0.766710 0.723591 0.710094 0.716914 0.777734 0.778517 0.831008 0.931560
0.000000 0.000000 0.000000 0.000000 0.000000 0.000000 0.000000 0.000000 0.000000 0.000000 0.000000 0.000000 0.000000 0.000000 0.000000 0.000000 0.000000 0.000000 0.000000 0.000000 0.000000 0.000000 0.000000 0.000000 0.000000 0.000000 0.000000 0.000000 0.000000 0.000000 0.000000 0.000000 0.000000 0.000000 0.000000 0.000000 0.000000 0.000000 0.000000 0.000000 0.000000 0.000000 0.000000 0.000000 0.000000 0.000000 0.000000 0.000000 0.000000 0.000000 0.000000 0.000000 0.000000 0.000000 0.000000 0.000000 0.000000 0.000000 0.000000 0.000000 0.000000 0.000000 0.000000 0.000000 0.000000 0.000000 0.000000 0.000000 0.000000 0.000000 0.000000 0.000000 0.000000 0.000000 0.000000 0.000000 0.000000 0.000000 0.000000 0.000000 0.000000 0.000000 0.000000 0.000000 0.000000 0.000000 0.000000 0.000000 0.000000 0.000000 0.000000 0.000000 0.000000 0.000000 0.000000 0.000000 0.000000 0.000000 0.000000 0.000000 0.000000 0.000000 0.000000 0.000000 0.000000 0.000000 0.000000 0.000000 0.000000 0.000000 0.000000 0.000000 0.000000 0.000000 0.000000 0.000000 0.000000 0.000000 0.000000 0.000000 0.452389 0.615463 0.693853 0.798615 0.854581 0.889711 0.879831 0.847477 0.789031 0.766271 0.777625 0.778435 0.760612 0.729566 0.692631 0.662063 0.640018 0.621904 0.589374 0.550458 0.517606 0.494925 0.462324 0.419164 0.000000 0.000000 0.472381 0.547537 0.613086 0.668950 0.717856 0.759896 0.802533 0.838700 0.856062 0.879153 0.893819 0.895691 0.883144 0.857211 0.834048 0.795604 0.751324 0.696482 0.641810 0.585908 0.530032 0.584058 0.631425 0.676587 0.743355 0.811786 0.855898 0.879681 0.922107 0.980935 1.032040 1.076365 1.126384 1.165812 1.157578 1.114791 1.073616 1.093895 1.169538 1.144944 1.114473 1.050896 1.036246 1.082979 1.116569 1.167268 1.214644 1.057925 1.077006 1.126623 1.177947 1.221365 1.260060 0.960631 0.894649 0.810013 0.748958 0.708156 0.708562 0.728094 0.751048 0.750401 0.760338 0.807377 0.838405 0.858133 0.847092 0.828673 0.779165 0.709720 0.681959 0.642390 0.496195 0.446354 0.353353 0.294429 0.290457 0.326036 0.376109 0.551246 0.687954 0.830667 0.945285 1.015741 0.966551 0.813784 0.758828 0.757435 0.770227 0.794904 0.813146 0.769491 0.658032 0.539346 0.342738 0.310645 0.355018 0.332314 0.411188 0.387792 0.309065 0.258721 0.260075 0.250811 0.209441 0.249344 0.259350 0.272986 0.277826 0.275941 0.193224 0.163247 0.208597 0.274405 0.635350 0.791793 0.788086 0.788959 0.833649 0.840334 0.823443 0.880421 0.898246 0.944203 0.970268 0.877392 0.809533 0.801573 0.925758 1.090268 1.059491 0.974754 0.934027 1.052665
0.000000 0.000000 0.000000 0.000000 0.000000 0.000000 0.000000 0.000000 0.000000 0.000000 0.000000 0.000000 0.000000 0.000000 0.000000 0.000000 0.000000 0.000000 0.000000 0.000000 0.000000 0.000000 0.000000 0.000000 0.000000 0.000000 0.000000 0.000000 0.000000 0.000000 0.000000 0.000000 0.000000 0.000000 0.000000 0.000000 0.000000 0.000000 0.000000 0.000000 0.000000 0.000000 0.000000 0.000000 0.000000 0.000000 0.000000 0.000000 0.000000 0.000000 0.000000 0.000000 0.000000 0.000000 0.000000 0.000000 0.000000 0.000000 0.000000 0.000000 0.000000 0.000000 0.000000 0.000000 0.000000 0.000000 0.000000 0.000000 0.000000 0.000000 0.000000 0.000000 0.000000 0.000000 0.000000 0.000000 0.000000 0.000000 0.000000 0.000000 0.000000 0.000000 0.000000 0.000000 0.000000 0.000000 0.000000 0.000000 0.000000 0.000000 0.000000 0.000000 0.000000 0.000000 0.000000 0.000000 0.000000 0.000000 0.000000 0.000000 0.000000 0.000000 0.000000 0.000000 0.000000 0.000000 0.000000 0.000000 0.000000 0.000000 0.000000 0.000000 0.000000 0.000000 0.000000 0.000000 0.000000 0.000000 0.000000 0.000000 0.000000 0.000000 0.525295 0.646912 0.731132 0.810031 0.820775 0.770107 0.726840 0.756614 0.770572 0.732836 0.873829 0.762383 0.660396 0.632620 0.622294 0.613732 0.594217 0.566476 0.537035 0.500184 0.454012 0.000000 0.000000 0.000000 0.000000 0.480881 0.552075 0.614331 0.670675 0.717669 0.760702 0.800728 0.834207 0.859584 0.892017 0.911569 0.919340 0.917940 0.907616 0.885563 0.851685 0.818074 0.768735 0.719295 0.665698 0.608041 0.596750 0.596959 0.601518 0.600010 0.674661 0.749848 0.803237 0.857685 0.936245 0.974970 1.012023 1.047278 1.050340 1.003996 0.951985 0.928087 0.975883 1.045468 1.104397 1.028904 1.017712 1.022530 1.052504 1.106581 1.156775 1.234460 1.306270 1.149119 1.166672 1.199486 1.255747 1.289394 1.283332 0.983241 0.893252 0.819347 0.756715 0.709288 0.686001 0.659229 0.662021 0.694982 0.742274 0.781829 0.801520 0.805616 0.775543 0.723216 0.703032 0.682309 0.653018 0.655729 0.549503 0.487921 0.453807 0.447515 0.456865 0.495184 0.603478 0.767984 0.913777 1.017601 1.080633 1.029580 0.897353 0.823975 0.803680 0.807714 0.835775 0.880880 0.888051 0.790532 0.659768 0.586404 0.613713 0.606072 0.579902 0.535481 0.425928 0.342177 0.313982 0.286680 0.291104 0.399383 0.401326 0.375909 0.358891 0.250877 0.179292 0.188220 0.240866 0.310826 0.723550 0.743365 0.756897 0.949279 0.970136 0.953203 0.912474 0.879566 0.873437 0.901689 0.980650 1.069643 1.131731 1.217496 1.310972 1.400768 1.319354 1.160105 0.920076 1.084117
0.000000 0.000000 0.000000 0.000000 0.000000 0.000000 0.000000 0.000000 0.000000 0.000000 0.000000 0.000000 0.000000 0.000000 0.000000 0.000000 0.000000 0.000000 0.000000 0.000000 0.000000 0.000000 0.000000 0.000000 0.000000 0.000000 0.000000 0.000000 0.000000 0.000000 0.000000 0.000000 0.000000 0.000000 0.000000 0.000000 0.000000 0.000000 0.000000 0.000000 0.000000 0.000000 0.000000 0.000000 0.000000 0.000000 0.000000 0.000000 0.000000 0.000000 0.000000 0.000000 0.000000 0.000000 0.000000 0.000000 0.000000 0.000000 0.000000 0.000000 0.000000 0.000000 0.000000 0.000000 0.000000 0.000000 0.000000 0.000000 0.000000 0.000000 0.000000 0.000000 0.000000 0.000000 0.000000 0.000000 0.000000 0.000000 0.000000 0.000000 0.000000 0.000000 0.000000 0.000000 0.000000 0.000000 0.000000 0.000000 0.000000 0.000000 0.000000 0.000000 0.000000 0.000000 0.000000 0.000000 0.000000 0.000000 0.000000 0.000000 0.000000 0.000000 0.000000 0.000000 0.000000 0.000000 0.000000 0.000000 0.000000 0.000000 0.000000 0.000000 0.000000 0.000000 0.000000 0.000000 0.000000 0.000000 0.000000 0.000000 0.000000 0.000000 0.000000 0.468763 0.603068 0.683867 0.702777 0.722700 0.696910 0.641436 0.688641 0.691535 0.707159 0.699560 0.820907 0.659683 0.573376 0.572280 0.566630 0.546592 0.512425 0.468309 0.416742 0.000000 0.000000 0.000000 0.000000 0.000000 0.449904 0.507819 0.566614 0.623438 0.672826 0.703206 0.747720 0.791568 0.835052 0.867696 0.898394 0.915712 0.921249 0.919276 0.906874 0.883822 0.850732 0.817456 0.769931 0.724722 0.670941 0.613211 0.552824 0.555780 0.567675 0.598562 0.669418 0.724224 0.782122 0.832760 0.878667 0.933701 0.961238 0.952798 0.908296 0.858610 0.842562 0.865392 0.911949 0.976869 1.007632 1.038232 1.081620 1.051793 1.118070 1.156525 1.234886 1.331491 1.220902 1.210273 1.246351 1.311053 1.337176 1.346406 1.339646 1.011543 0.920176 0.830174 0.712276 0.594873 0.552756 0.569044 0.606880 0.639837 0.638898 0.641804 0.650632 0.666353 0.719786 0.765210 0.769706 0.750313 0.752527 0.715459 0.630321 0.595270 0.619361 0.633178 0.673428 0.727340 0.792418 0.849899 0.850639 0.859705 0.828816 0.790499 0.778451 0.781828 0.809731 0.871615 0.967009 0.949060 0.810051 0.863332 0.874351 0.826345 0.789323 0.708434 0.580676 0.483385 0.412104 0.368840 0.341274 0.367521 0.393731 0.426870 0.352611 0.295668 0.230746 0.172872 0.169457 0.215327 0.279037 0.339620 0.730836 0.767472 0.788726 0.801476 0.810536 0.822877 1.029045 1.071583 1.135133 1.212759 1.313539 1.393210 1.431305 1.457424 1.399849 1.265585 1.139256 1.092254
0.000000 0.000000 0.000000 0.000000 0.000000 0.000000 0.000000 0.000000 0.000000 0.000000 0.000000 0.000000 0.000000 0.000000 0.000000 0.000000 0.000000 0.000000 0.000000 0.000000 0.000000 0.000000 0.000000 0.000000 0.000000 0.000000 0.000000 0.000000 0.000000 0.000000 0.000000 0.000000 0.000000 0.000000 0.000000 0.000000 0.000000 0.000000 0.000000 0.000000 0.000000 0.000000 0.000000 0.000000 0.000000 0.000000 0.000000 0.000000 0.000000 0.000000 0.000000 0.000000 0.000000 0.000000 0.000000 0.000000 0.000000 0.000000 0.000000 0.000000 0.000000 0.000000 0.000000 0.000000 0.000000 0.000000 0.000000 0.000000 0.000000 0.000000 0.000000 0.000000 0.000000 0.000000 0.000000 0.000000 0.000000 0.000000 0.000000 0.000000 0.000000 0.000000 0.000000 0.000000 0.000000 0.000000 0.000000 0.000000 0.000000 0.000000 0.000000 0.000000 0.000000 0.000000 0.000000 0.000000 0.000000 0.000000 0.000000 0.000000 0.000000 0.000000 0.000000 0.000000 0.000000 0.000000 0.000000 0.000000 0.000000 0.000000 0.000000 0.000000 0.000000 0.000000 0.000000 0.000000 0.000000 0.000000 0.000000 0.000000 0.000000 0.000000 0.000000 0.000000 0.446138 0.561428 0.633080 0.690252 0.712842 0.702678 0.716328 0.703949 0.686085 0.682291 0.651233 0.598623 0.566982 0.522727 0.554855 0.514178 0.476505 0.432723 0.000000 0.000000 0.000000 0.000000 0.000000 0.000000 0.000000 0.460960 0.522959 0.566624 0.612274 0.631337 0.628268 0.683359 0.733678 0.773955 0.820478 0.853122 0.884810 0.906534 0.915113 0.912519 0.904712 0.887920 0.857033 0.831114 0.791125 0.747883 0.696439 0.641524 0.581830 0.591414 0.579905 0.519591 0.584610 0.637042 0.692283 0.753691 0.817807 0.848299 0.840054 0.794445 0.761290 0.749837 0.764334 0.816757 0.875946 0.936447 0.980292 1.030562 1.109375 1.113104 1.172630 1.210619 1.303397 1.243454 1.275474 1.317743 1.378142 1.382981 1.405139 1.398749 1.114820 1.040137 0.923080 0.757013 0.613738 0.538559 0.520272 0.504890 0.492242 0.470175 0.474753 0.567782 0.700770 0.834297 0.902756 0.900659 0.861481 0.807215 0.775406 0.768841 0.749603 0.750181 0.796388 0.801019 0.805052 0.780481 0.713376 0.670982 0.528318 0.539810 0.652901 0.700413 0.690646 0.718791 0.787354 0.872016 0.929550 0.983010 1.342448 1.325626 0.972512 0.919243 0.820716 0.721866 0.658863 0.637544 0.615075 0.567202 0.504349 0.386681 0.376352 0.371584 0.346912 0.365816 0.376075 0.364748 0.450969 0.325952 0.289291 0.692642 0.706879 0.736270 0.778091 0.825257 0.884268 0.956503 1.022147 1.110732 1.203755 1.275885 1.536955 1.309890 1.239953 1.119218 1.143509 1.060695
0.000000 0.000000 0.000000 0.000000 0.000000 0.000000 0.000000 0.000000 0.000000 0.000000 0.000000 0.000000 0.000000 0.000000 0.000000 0.000000 0.000000 0.000000 0.000000 0.000000 0.000000 0.000000 0.000000 0.000000 0.000000 0.000000 0.000000 0.000000 0.000000 0.000000 0.000000 0.000000 0.000000 0.000000 0.000000 0.000000 0.000000 0.000000 0.000000 0.000000 0.000000 0.000000 0.000000 0.000000 0.000000 0.000000 0.000000 0.000000 0.000000 0.000000 0.000000 0.000000 0.000000 0.000000 0.000000 0.000000 0.000000 0.000000 0.000000 0.000000 0.000000 0.000000 0.000000 0.000000 0.000000 0.000000 0.000000 0.000000 0.000000 0.000000 0.000000 0.000000 0.000000 0.000000 0.000000 0.000000 0.000000 0.000000 0.000000 0.000000 0.000000 0.000000 0.000000 0.000000 0.000000 0.000000 0.000000 0.000000 0.000000 0.000000 0.000000 0.000000 0.000000 0.000000 0.000000 0.000000 0.000000 0.000000 0.000000 0.000000 0.000000 0.000000 0.000000 0.000000 0.000000 0.000000 0.000000 0.000000 0.000000 0.000000 0.000000 0.000000 0.000000 0.000000 0.000000 0.000000 0.000000 0.000000 0.000000 0.000000 0.000000 0.000000 0.000000 0.000000 0.000000 0.000000 0.494715 0.576351 0.635790 0.669478 0.700934 0.746425 0.745383 0.725740 0.697183 0.686757 0.682139 0.680828 0.646857 0.613779 0.567657 0.510150 0.463790 0.423206 0.000000 0.000000 0.000000 0.000000 0.000000 0.000000 0.439143 0.517868 0.590666 0.656856 0.708686 0.760656 0.785947 0.740289 0.704088 0.761445 0.809804 0.846276 0.878241 0.904276 0.921316 0.928749 0.931564 0.923711 0.904883 0.873235 0.836019 0.788294 0.739275 0.682694 0.621519 0.558583 0.495111 0.530759 0.509275 0.572229 0.637797 0.701180 0.748237 0.740146 0.698539 0.675248 0.674273 0.694527 0.738964 0.790765 0.851406 0.916593 0.978214 1.066257 1.175175 1.274601 1.238873 1.276657 1.377325 1.473792 1.482145 1.474394 1.458552 1.429730 1.402508 1.381292 1.344492 1.280529 0.877820 0.730950 0.616633 0.540212 0.499524 0.451838 0.429682 0.510418 0.672279 0.811961 0.905777 0.925463 0.905627 0.852094 0.815670 0.813870 1.157433 1.183727 1.181713 1.175725 1.170265 0.753775 0.662019 0.514921 0.263049 0.239151 0.370267 0.497802 0.581340 0.656248 0.732919 0.813880 0.925387 1.024159 1.074116 1.103055 1.085288 1.057592 1.013949 1.025708 0.990871 0.952669 0.894442 0.860995 0.830174 0.648042 0.579282 0.570273 0.489945 0.410910 0.367480 0.417450 0.777241 0.723151 0.705541 0.708800 0.717069 0.728962 0.749250 0.778394 0.841782 0.927495 1.020573 1.115492 1.334899 1.374235 1.356720 1.298133 1.229030 1.143614 1.066119 1.042332
0.000000 0.000000 0.000000 0.000000 0.000000 0.000000 0.000000 0.000000 0.000000 0.000000 0.000000 0.000000 0.000000 0.000000 0.000000 0.000000 0.000000 0.000000 0.000000 0.000000 0.000000 0.000000 0.000000 0.000000 0.000000 0.000000 0.000000 0.000000 0.000000 0.000000 0.000000 0.000000 0.000000 0.000000 0.000000 0.000000 0.000000 0.000000 0.000000 0.000000 0.000000 0.000000 0.000000 0.000000 0.000000 0.000000 0.000000 0.000000 0.000000 0.000000 0.000000 0.000000 0.000000 0.000000 0.000000 0.000000 0.000000 0.000000 0.000000 0.000000 0.000000 0.000000 0.000000 0.000000 0.000000 0.000000 0.000000 0.000000 0.000000 0.000000 0.000000 0.000000 0.000000 0.000000 0.000000 0.000000 0.000000 0.000000 0.000000 0.000000 0.000000 0.000000 0.000000 0.000000 0.000000 0.000000 0.000000 0.000000 0.000000 0.000000 0.000000 0.000000 0.000000 0.000000 0.000000 0.000000 0.000000 0.000000 0.000000 0.000000 0.000000 0.000000 0.000000 0.000000 0.000000 0.000000 0.000000 0.000000 0.000000 0.000000 0.000000 0.000000 0.000000 0.000000 0.000000 0.000000 0.000000 0.000000 0.000000 0.000000 0.000000 0.000000 0.000000 0.000000 0.000000 0.000000 0.000000 0.000000 0.492022 0.559541 0.630904 0.692543 0.691978 0.688388 0.678947 0.687329 0.688871 0.689964 0.676850 0.662391 0.645432 0.616983 0.568518 0.526538 0.493334 0.458098 0.420247 0.000000 0.000000 0.000000 0.000000 0.000000 0.445475 0.525150 0.604021 0.667911 0.735212 0.790512 0.842229 0.851035 0.811687 0.751236 0.802109 0.847202 0.887186 0.917316 0.943196 0.966513 0.977493 0.964838 0.945253 0.917992 0.876852 0.827139 0.767666 0.704466 0.639973 0.573721 0.510343 0.522563 0.468571 0.547441 0.623879 0.671720 0.669606 0.638683 0.622200 0.623804 0.641980 0.681276 0.733327 0.790604 0.848069 0.919287 1.007095 1.116412 1.197480 1.306299 1.399273 1.456008 1.471971 1.531948 1.606918 1.394025 1.429131 1.439470 1.432907 1.399208 1.346869 1.269229 1.183825 1.077930 0.970224 0.897131 0.478514 0.479124 0.608922 0.726016 0.812675 0.838725 0.841111 0.819789 0.818432 1.176085 1.169868 1.179712 1.205773 1.196552 1.198344 0.906649 0.836017 0.720448 0.528109 0.352672 0.356232 0.338135 0.422484 0.541047 0.656854 0.741137 0.816275 0.910226 0.991816 1.033214 1.076192 1.115797 1.118034 1.157002 1.170895 1.160161 1.129876 1.059954 0.951727 0.874417 0.856828 0.833709 0.800315 0.693728 0.572758 0.474788 0.425373 0.750493 0.714878 0.692687 0.704536 0.877631 0.871652 0.883410 0.932710 1.022664 1.123061 1.208162 1.261901 1.255542 1.200559 1.115362 1.035169 0.979281 0.936071 0.884467
0.000000 0.000000 0.000000 0.000000 0.000000 0.000000 0.000000 0.000000 0.000000 0.000000 0.000000 0.000000 0.000000 0.000000 0.000000 0.000000 0.000000 0.000000 0.000000 0.000000 0.000000 0.000000 0.000000 0.000000 0.000000 0.000000 0.000000 0.000000 0.000000 0.000000 0.000000 0.000000 0.000000 0.000000 0.000000 0.000000 0.000000 0.000000 0.000000 0.000000 0.000000 0.000000 0.000000 0.000000 0.000000 0.000000 0.000000 0.000000 0.000000 0.000000 0.000000 0.000000 0.000000 0.000000 0.000000 0.000000 0.000000 0.000000 0.000000 0.000000 0.000000 0.000000 0.000000 0.000000 0.000000 0.000000 0.000000 0.000000 0.000000 0.000000 0.000000 0.000000 0.000000 0.000000 0.000000 0.000000 0.000000 0.000000 0.000000 0.000000 0.000000 0.000000 0.000000 0.000000 0.000000 0.000000 0.000000 0.000000 0.000000 0.000000 0.000000 0.000000 0.000000 0.000000 0.000000 0.000000 0.000000 0.000000 0.000000 0.000000 0.000000 0.000000 0.000000 0.000000 0.000000 0.000000 0.000000 0.000000 0.000000 0.000000 0.000000 0.000000 0.000000 0.000000 0.000000 0.000000 0.000000 0.000000 0.000000 0.000000 0.000000 0.000000 0.000000 0.000000 0.000000 0.000000 0.000000 0.000000 0.000000 0.000000 0.467153 0.550651 0.593220 0.611291 0.625251 0.652566 0.666971 0.653694 0.632152 0.622622 0.620954 0.618295 0.599316 0.567532 0.544204 0.516431 0.486121 0.453804 0.416920 0.000000 0.000000 0.000000 0.000000 0.000000 0.000000 0.464802 0.555626 0.650268 0.732504 0.794112 0.860388 0.930100 0.947044 0.934525 0.886763 0.853080 0.906560 0.940552 0.977853 0.995850 1.002953 0.989940 0.954963 0.920287 0.873279 0.826050 0.767524 0.706952 0.645313 0.580744 0.516854 0.524001 0.481101 0.564981 0.617316 0.625730 0.616238 0.605299 0.603446 0.617766 0.654981 0.700826 0.761407 0.830137 0.904799 0.980346 1.066298 1.142854 1.267821 1.391763 1.463337 1.492279 1.518184 1.535675 1.564921 1.664858 1.632351 1.497135 1.483844 1.452616 1.399856 1.320926 1.244474 1.148102 1.063493 0.687255 0.670811 0.709549 0.725300 0.768910 0.801640 0.794759 0.772836 0.776043 0.808530 0.823398 0.848710 0.888819 0.918199 0.970014 0.994030 0.960559 0.781355 0.625350 0.488774 0.444983 0.452072 0.524270 0.597522 0.668417 0.725038 0.784189 0.847644 0.901798 0.942439 1.006888 1.065091 1.111424 1.125235 1.130749 1.153504 1.133133 1.074359 1.003101 0.931253 0.920080 0.910681 0.879037 0.848763 0.876255 0.807765 0.969254 0.864445 0.784533 0.742786 0.750220 0.926366 0.917011 0.901123 0.928138 1.008763 1.085724 1.114586 1.091121 1.056301 1.030761 0.953146 0.891767 0.850789 0.815130
0.000000 0.000000 0.000000 0.000000 0.000000 0.000000 0.000000 0.000000 0.000000 0.000000 0.000000 0.000000 0.000000 0.000000 0.000000 0.000000 0.000000 0.000000 0.000000 0.000000 0.000000 0.000000 0.000000 0.000000 0.000000 0.000000 0.000000 0.000000 0.000000 0.000000 0.000000 0.000000 0.000000 0.000000 0.000000 0.000000 0.000000 0.000000 0.000000 0.000000 0.000000 0.000000 0.000000 0.000000 0.000000 0.000000 0.000000 0.000000 0.000000 0.000000 0.000000 0.000000 0.000000 0.000000 0.000000 0.000000 0.000000 0.000000 0.000000 0.000000 0.000000 0.000000 0.000000 0.000000 0.000000 0.000000 0.000000 0.000000 0.000000 0.000000 0.000000 0.000000 0.000000 0.000000 0.000000 0.000000 0.000000 0.000000 0.000000 0.000000 0.000000 0.000000 0.000000 0.000000 0.000000 0.000000 0.000000 0.000000 0.000000 0.000000 0.000000 0.000000 0.000000 0.000000 0.000000 0.000000 0.000000 0.000000 0.000000 0.000000 0.000000 0.000000 0.000000 0.000000 0.000000 0.000000 0.000000 0.000000 0.000000 0.000000 0.000000 0.000000 0.000000 0.000000 0.000000 0.000000 0.000000 0.000000 0.000000 0.000000 0.000000 0.000000 0.000000 0.000000 0.000000 0.000000 0.000000 0.000000 0.000000 0.000000 0.000000 0.000000 0.426732 0.515396 0.570231 0.609908 0.627856 0.613196 0.569388 0.553699 0.559395 0.567650 0.568601 0.557362 0.538593 0.517760 0.497881 0.467137 0.439960 0.412261 0.000000 0.000000 0.000000 0.434656 0.445683 0.430531 0.000000 0.000000 0.509470 0.603413 0.701441 0.823402 0.927576 1.012364 1.066720 1.097578 1.060017 1.019488 0.939657 0.936434 0.951276 0.950557 0.944418 0.939069 0.926431 0.900461 0.856770 0.817028 0.763528 0.707058 0.650648 0.590843 0.529317 0.545404 0.510369 0.570277 0.604523 0.614390 0.613008 0.611984 0.624273 0.657832 0.699386 0.760861 0.832174 0.903276 0.970234 1.048240 1.150328 1.227551 1.317826 1.370449 1.398607 1.438078 1.479822 1.533303 1.608871 1.697256 1.437848 1.461951 1.474009 1.462507 1.438417 1.390966 1.341097 1.293136 1.292655 1.332332 0.957251 0.873156 0.840285 0.843319 0.807870 0.748643 0.737204 0.771656 0.794241 0.806955 0.833012 0.908980 0.988958 0.994620 1.244702 0.923718 0.801559 0.660396 0.569277 0.569299 0.622810 0.676788 0.695408 0.708596 0.743679 0.777550 0.804336 0.841088 0.880672 0.909087 0.924774 0.930399 0.965232 0.996230 1.011981 0.993699 0.955672 0.899007 0.848928 0.777853 0.753987 0.810071 0.868567 1.119875 1.049889 0.937524 0.845819 0.802766 0.773970 0.760034 0.895232 0.937403 0.971508 0.985337 1.007690 1.046298 1.109658 1.144573 1.040968 0.913593 0.824014 0.732808
0.000000 0.000000 0.000000 0.000000 0.000000 0.000000 0.000000 0.000000 0.000000 0.000000 0.000000 0.000000 0.000000 0.000000 0.000000 0.000000 0.000000 0.000000 0.000000 0.000000 0.000000 0.000000 0.000000 0.000000 0.000000 0.000000 0.000000 0.000000 0.000000 0.000000 0.000000 0.000000 0.000000 0.000000 0.000000 0.000000 0.000000 0.000000 0.000000 0.000000 0.000000 0.000000 0.000000 0.000000 0.000000 0.000000 0.000000 0.000000 0.000000 0.000000 0.000000 0.000000 0.000000 0.000000 0.000000 0.000000 0.000000 0.000000 0.000000 0.000000 0.000000 0.000000 0.000000 0.000000 0.000000 0.000000 0.000000 0.000000 0.000000 0.000000 0.000000 0.000000 0.000000 0.000000 0.000000 0.000000 0.000000 0.000000 0.000000 0.000000 0.000000 0.000000 0.000000 0.000000 0.000000 0.000000 0.000000 0.000000 0.000000 0.000000 0.000000 0.000000 0.000000 0.000000 0.000000 0.000000 0.000000 0.000000 0.000000 0.000000 0.000000 0.000000 0.000000 0.000000 0.000000 0.000000 0.000000 0.000000 0.000000 0.000000 0.000000 0.000000 0.000000 0.000000 0.000000 0.000000 0.000000 0.000000 0.000000 0.000000 0.000000 0.000000 0.000000 0.000000 0.000000 0.000000 0.000000 0.000000 0.000000 0.000000 0.000000 0.000000 0.000000 0.375322 0.465080 0.536226 0.587547 0.613260 0.613315 0.552975 0.514902 0.544935 0.558343 0.559589 0.552160 0.532102 0.507557 0.483843 0.459614 0.432323 0.465692 0.548903 0.581733 0.590338 0.571964 0.544257 0.505591 0.465974 0.430232 0.000000 0.000000 0.557530 0.708689 0.846650 0.973872 1.068233 1.135946 1.174053 1.203221 1.203850 1.143816 1.044345 0.886068 0.892629 0.899598 0.895408 0.881490 0.861512 0.840946 0.810982 0.768090 0.723828 0.672155 0.614945 0.557535 0.592450 0.606253 0.584785 0.615698 0.627062 0.633288 0.654626 0.685983 0.728684 0.775511 0.839068 0.896548 0.947199 1.023342 1.110883 1.194299 1.223838 1.271801 1.321858 1.365762 1.403187 1.413692 1.395329 1.460780 1.291076 1.364872 1.394976 1.439262 1.466138 1.505025 1.504147 1.441326 1.451425 1.423410 1.034713 0.938126 0.908449 0.856078 0.795446 0.745523 0.756812 0.755976 0.772812 0.798577 0.890131 1.006368 1.074568 1.325727 1.277710 1.232070 1.191511 1.123438 0.734184 1.025706 1.024702 0.700778 0.707526 0.720174 0.715032 0.669934 0.621332 0.593916 0.605761 0.651462 0.729387 0.798407 0.853773 0.850908 1.209777 1.217358 1.211156 1.164755 1.102648 1.051848 1.029998 1.033108 1.041517 1.066341 1.085272 1.043448 0.981664 0.893905 0.835361 0.806875 0.816461 0.895896 0.837982 0.805407 0.895232 1.212807 1.239938 1.075691 0.904696 0.797133 0.695689
0.000000 0.000000 0.000000 0.000000 0.000000 0.000000 0.000000 0.000000 0.000000 0.000000 0.000000 0.000000 0.000000 0.000000 0.000000 0.000000 0.000000 0.000000 0.000000 0.000000 0.000000 0.000000 0.000000 0.000000 0.000000 0.000000 0.000000 0.000000 0.000000 0.000000 0.000000 0.000000 0.000000 0.000000 0.000000 0.000000 0.000000 0.000000 0.000000 0.000000 0.000000 0.000000 0.000000 0.000000 0.000000 0.000000 0.000000 0.000000 0.000000 0.000000 0.000000 0.000000 0.000000 0.000000 0.000000 0.000000 0.000000 0.000000 0.000000 0.000000 0.000000 0.000000 0.000000 0.000000 0.000000 0.000000 0.000000 0.000000 0.000000 0.000000 0.000000 0.000000 0.000000 0.000000 0.000000 0.000000 0.000000 0.000000 0.000000 0.000000 0.000000 0.000000 0.000000 0.000000 0.000000 0.000000 0.000000 0.000000 0.000000 0.000000 0.000000 0.000000 0.000000 0.000000 0.000000 0.000000 0.000000 0.000000 0.000000 0.000000 0.000000 0.000000 0.000000 0.000000 0.000000 0.000000 0.000000 0.000000 0.000000 0.000000 0.000000 0.000000 0.000000 0.000000 0.000000 0.000000 0.000000 0.000000 0.000000 0.000000 0.000000 0.000000 0.000000 0.000000 0.000000 0.000000 0.000000 0.000000 0.000000 0.000000 0.000000 0.000000 0.000000 0.000000 0.000000 0.394116 0.464547 0.561844 0.648146 0.695359 0.666014 0.580946 0.595686 0.654775 0.648757 0.624046 0.600860 0.568048 0.534483 0.557202 0.642661 0.683573 0.698272 0.692896 0.665373 0.626350 0.587847 0.551289 0.514058 0.479182 0.445171 0.409827 0.456233 0.500451 0.698308 0.844352 0.973504 1.081477 1.168199 1.249110 1.300533 1.348519 1.350458 1.270311 1.146070 0.977961 0.823004 0.838821 0.845454 0.842678 0.833234 0.816184 0.786492 0.752621 0.705446 0.660827 0.652514 0.651810 0.654476 0.659757 0.632677 0.663790 0.691349 0.727097 0.764837 0.813193 0.850194 0.888174 0.921032 0.960072 1.015230 1.066422 1.129127 1.148759 1.208677 1.243894 1.262742 1.252502 1.210142 1.209894 1.182528 1.058355 1.110135 1.190322 1.279409 1.345113 1.364190 1.395398 1.388497 1.358550 1.341792 0.997429 0.916135 0.839522 0.797747 0.792460 0.793048 0.793693 0.812285 0.846663 0.934906 1.079531 1.411234 1.419660 1.380685 1.342172 1.286018 1.209823 1.159842 0.725029 0.489758 0.429292 0.370796 0.372734 0.416877 0.456878 0.474609 0.479776 0.508332 0.571451 0.624698 0.682467 0.748165 0.805728 1.183868 1.181547 1.154091 1.112964 1.073227 1.236845 1.201107 1.197235 1.214573 1.264732 1.304764 1.256061 1.008726 0.983453 0.878664 0.765892 0.361520 0.336624 0.320848 0.469679 0.632154 0.735115 0.983406 0.838119 0.752800 0.672484
0.000000 0.000000 0.000000 0.000000 0.000000 0.000000 0.000000 0.000000 0.000000 0.000000 0.000000 0.000000 0.000000 0.000000 0.000000 0.000000 0.000000 0.000000 0.000000 0.000000 0.000000 0.000000 0.000000 0.000000 0.000000 0.000000 0.000000 0.000000 0.000000 0.000000 0.000000 0.000000 0.000000 0.000000 0.000000 0.000000 0.000000 0.000000 0.000000 0.000000 0.000000 0.000000 0.000000 0.000000 0.000000 0.000000 0.000000 0.000000 0.000000 0.000000 0.000000 0.000000 0.000000 0.000000 0.000000 0.000000 0.000000 0.000000 0.000000 0.000000 0.000000 0.000000 0.000000 0.000000 0.000000 0.000000 0.000000 0.000000 0.000000 0.000000 0.000000 0.000000 0.000000 0.000000 0.000000 0.000000 0.000000 0.000000 0.000000 0.000000 0.000000 0.000000 0.000000 0.000000 0.000000 0.000000 0.000000 0.000000 0.000000 0.000000 0.000000 0.000000 0.000000 0.000000 0.000000 0.000000 0.000000 0.000000 0.000000 0.000000 0.000000 0.000000 0.000000 0.000000 0.000000 0.000000 0.000000 0.000000 0.000000 0.000000 0.000000 0.000000 0.000000 0.000000 0.000000 0.000000 0.000000 0.000000 0.000000 0.000000 0.000000 0.000000 0.000000 0.000000 0.000000 0.000000 0.000000 0.000000 0.000000 0.000000 0.000000 0.000000 0.000000 0.000000 0.000000 0.000000 0.000000 0.440354 0.559371 0.661722 0.762745 0.828586 0.762777 0.669752 0.727578 0.767463 0.730500 0.692268 0.677237 0.679621 0.729458 0.765630 0.773812 0.762991 0.735755 0.696988 0.667192 0.630461 0.600120 0.565298 0.531328 0.498720 0.462253 0.426111 0.000000 0.000000 0.614995 0.796855 0.933371 1.046530 1.107016 1.147875 1.228319 1.305939 1.381917 1.388913 1.310057 1.183296 1.031404 0.882770 0.813268 0.832317 0.839606 0.836067 0.820353 0.789451 0.754088 0.716529 0.708677 0.705042 0.701774 0.703371 0.716017 0.711465 0.751068 0.780990 0.813941 0.829126 0.838265 0.855770 0.902429 0.954926 1.032681 1.110491 1.149799 1.173124 1.195050 1.151743 1.129286 1.114554 1.084379 1.069871 0.818806 0.813141 0.908075 0.996091 1.070230 1.137455 1.202199 1.255979 1.299974 1.331738 1.009593 0.923763 0.860482 0.833576 0.823503 0.822529 0.834363 0.842597 0.881107 1.000308 1.396443 1.468842 1.501200 1.479477 1.155847 1.023913 0.867313 0.736434 0.710043 0.617061 0.553729 0.603101 0.684655 0.724488 0.706343 0.640728 0.568354 0.535985 0.562842 0.601092 0.658365 0.717969 0.764694 0.800688 0.819155 1.150342 1.123037 1.091178 1.074923 1.061208 1.240919 1.069215 1.068799 1.046402 0.983099 0.891368 0.784699 0.733743 0.692022 0.667723 0.649622 0.653666 0.863477 0.940260 0.868725 0.757293 0.752214 0.733677
0.000000 0.000000 0.000000 0.000000 0.000000 0.000000 0.000000 0.000000 0.000000 0.000000 0.000000 0.000000 0.000000 0.000000 0.000000 0.000000 0.000000 0.000000 0.000000 0.000000 0.000000 0.000000 0.000000 0.000000 0.000000 0.000000 0.000000 0.000000 0.000000 0.000000 0.000000 0.000000 0.000000 0.000000 0.000000 0.000000 0.000000 0.000000 0.000000 0.000000 0.000000 0.000000 0.000000 0.000000 0.000000 0.000000 0.000000 0.000000 0.000000 0.000000 0.000000 0.000000 0.000000 0.000000 0.000000 0.000000 0.000000 0.000000 0.000000 0.000000 0.000000 0.000000 0.000000 0.000000 0.000000 0.000000 0.000000 0.000000 0.000000 0.000000 0.000000 0.000000 0.000000 0.000000 0.000000 0.000000 0.000000 0.000000 0.000000 0.000000 0.000000 0.000000 0.000000 0.000000 0.000000 0.000000 0.000000 0.000000 0.000000 0.000000 0.000000 0.000000 0.000000 0.000000 0.000000 0.000000 0.000000 0.000000 0.000000 0.000000 0.000000 0.000000 0.000000 0.000000 0.000000 0.000000 0.000000 0.000000 0.000000 0.000000 0.000000 0.000000 0.000000 0.000000 0.000000 0.000000 0.000000 0.000000 0.000000 0.000000 0.000000 0.000000 0.000000 0.000000 0.000000 0.000000 0.000000 0.000000 0.000000 0.000000 0.000000 0.000000 0.000000 0.000000 0.000000 0.000000 0.000000 0.000000 0.427207 0.561678 0.683339 0.824609 0.888965 0.851293 0.832524 0.773135 0.835052 0.845753 0.799601 0.773672 0.808815 0.823555 0.825028 0.820430 0.805502 0.776580 0.755232 0.727218 0.698675 0.672293 0.634273 0.600380 0.562655 0.525071 0.492021 0.456079 0.418471 0.000000 0.482241 0.648751 0.747862 0.815383 0.906021 0.999980 1.073710 1.154903 1.242742 1.274818 1.276752 1.237999 1.148947 1.056974 0.981450 0.914174 0.886860 0.877130 0.851248 0.813696 0.782009 0.760342 0.748656 0.746850 0.749263 0.751389 0.754699 0.757710 0.762177 0.758835 0.758590 0.754306 0.764328 0.811516 0.877930 0.966188 1.040725 1.082015 1.092034 1.088702 1.079811 1.065013 1.043268 1.025921 0.970724 0.943272 0.868734 0.706551 0.763913 0.852671 0.941323 1.040078 1.153327 1.241849 1.272631 0.968004 0.920736 0.892448 0.876717 0.862991 0.855841 0.865067 0.897521 0.960594 1.372604 1.478459 1.290086 1.179693 1.076009 1.010422 0.948762 0.919920 0.901737 0.881140 0.874635 0.823316 0.791056 0.755555 0.708220 0.647697 0.620816 0.589400 0.587792 0.589813 0.590428 0.613874 0.631098 0.645711 0.668914 0.694136 0.716452 0.751374 0.788533 1.107840 1.091747 1.081372 1.069412 1.024032 0.977914 0.906028 0.832464 0.754214 0.693139 0.644216 0.608242 0.600886 0.604808 0.836601 0.803169 0.766803 0.734353 0.737572
0.000000 0.000000 0.000000 0.000000 0.000000 0.000000 0.000000 0.000000 0.000000 0.000000 0.000000 0.000000 0.000000 0.000000 0.000000 0.000000 0.000000 0.000000 0.000000 0.000000 0.000000 0.000000 0.000000 0.000000 0.000000 0.000000 0.000000 0.000000 0.000000 0.000000 0.000000 0.000000 0.000000 0.000000 0.000000 0.000000 0.000000 0.000000 0.000000 0.000000 0.000000 0.000000 0.000000 0.000000 0.000000 0.000000 0.000000 0.000000 0.000000 0.000000 0.000000 0.000000 0.000000 0.000000 0.000000 0.000000 0.000000 0.000000 0.000000 0.000000 0.000000 0.000000 0.000000 0.000000 0.000000 0.000000 0.000000 0.000000 0.000000 0.000000 0.000000 0.000000 0.000000 0.000000 0.000000 0.000000 0.000000 0.000000 0.000000 0.000000 0.000000 0.000000 0.000000 0.000000 0.000000 0.000000 0.000000 0.000000 0.000000 0.000000 0.000000 0.000000 0.000000 0.000000 0.000000 0.000000 0.000000 0.000000 0.000000 0.000000 0.000000 0.000000 0.000000 0.000000 0.000000 0.000000 0.000000 0.000000 0.000000 0.000000 0.000000 0.000000 0.000000 0.000000 0.000000 0.000000 0.000000 0.000000 0.000000 0.000000 0.000000 0.000000 0.000000 0.000000 0.000000 0.000000 0.000000 0.000000 0.000000 0.000000 0.000000 0.000000 0.000000 0.000000 0.000000 0.000000 0.000000 0.000000 0.000000 0.398401 0.560645 0.749242 0.866707 0.950784 1.035610 0.965081 0.843558 0.815138 0.880588 0.868116 0.903358 0.890591 0.863544 0.861527 0.864663 0.859294 0.847829 0.833658 0.816090 0.787632 0.757541 0.713703 0.673791 0.631417 0.594284 0.553634 0.510594 0.469306 0.426439 0.000000 0.000000 0.000000 0.451020 0.590235 0.702934 0.816022 0.926337 1.021191 1.116365 1.197258 1.236190 1.233769 1.183782 1.134991 1.099202 1.070402 1.044739 1.039167 1.037749 1.024022 0.992569 0.928032 0.910063 0.889127 0.875325 0.853859 0.837446 0.826320 0.797247 0.752406 0.720470 0.710070 0.727577 0.771386 0.839281 0.903885 0.938109 0.953655 0.941397 0.924019 0.907901 0.904391 0.887220 0.855049 0.834495 0.803499 0.606686 0.593924 0.683961 0.789845 0.931492 1.060334 1.144032 1.200023 0.921046 0.918455 0.937275 0.933199 0.918735 0.918003 0.929371 0.969131 1.073360 1.119198 1.124891 1.449647 1.475372 1.143602 1.131372 1.106670 1.049386 0.964545 0.937767 0.897835 0.812671 0.719855 0.642347 0.598268 0.538950 0.538852 0.510692 0.473323 0.487211 0.495856 0.507678 0.535603 0.573854 0.604179 0.655589 0.717298 0.766396 1.148501 1.148933 1.155016 1.139771 1.088154 1.010261 0.943181 0.877987 0.821193 0.775405 0.733547 0.694970 0.675051 0.640923 0.551962 0.687028 0.691734 0.682313 0.736008
0.000000 0.000000 0.000000 0.000000 0.000000 0.000000 0.000000 0.000000 0.000000 0.000000 0.000000 0.000000 0.000000 0.000000 0.000000 0.000000 0.000000 0.000000 0.000000 0.000000 0.000000 0.000000 0.000000 0.000000 0.000000 0.000000 0.000000 0.000000 0.000000 0.000000 0.000000 0.000000 0.000000 0.000000 0.000000 0.000000 0.000000 0.000000 0.000000 0.000000 0.000000 0.000000 0.000000 0.000000 0.000000 0.000000 0.000000 0.000000 0.000000 0.000000 0.000000 0.000000 0.000000 0.000000 0.000000 0.000000 0.000000 0.000000 0.000000 0.000000 0.000000 0.000000 0.000000 0.000000 0.000000 0.000000 0.000000 0.000000 0.000000 0.000000 0.000000 0.000000 0.000000 0.000000 0.000000 0.000000 0.000000 0.000000 0.000000 0.000000 0.000000 0.000000 0.000000 0.000000 0.000000 0.000000 0.000000 0.000000 0.000000 0.000000 0.000000 0.000000 0.000000 0.000000 0.000000 0.000000 0.000000 0.000000 0.000000 0.000000 0.000000 0.000000 0.000000 0.000000 0.000000 0.000000 0.000000 0.000000 0.000000 0.000000 0.000000 0.000000 0.000000 0.000000 0.000000 0.000000 0.000000 0.000000 0.000000 0.000000 0.000000 0.000000 0.000000 0.000000 0.000000 0.000000 0.000000 0.000000 0.000000 0.000000 0.000000 0.000000 0.000000 0.000000 0.000000 0.000000 0.000000 0.000000 0.000000 1.200230 0.573898 0.674540 0.860219 0.988363 1.097249 1.232880 1.251424 1.120685 0.849089 0.875063 0.959961 0.967429 0.940807 0.934795 0.931135 0.933112 0.934660 0.924975 0.915462 0.898598 0.866158 0.832321 0.789001 0.744876 0.694335 0.645850 0.598706 0.553059 0.505316 0.458757 0.413775 0.000000 0.000000 0.000000 0.000000 0.000000 0.538666 0.685397 0.812909 0.912024 0.976738 1.044141 1.114349 1.140147 1.141360 1.138981 1.138683 1.135054 1.120943 1.101647 1.077550 1.046176 1.025401 0.997411 0.944977 0.923947 0.903420 0.882732 0.855438 0.801164 0.748445 0.724867 0.706816 0.703240 0.720742 0.746507 0.775970 0.802301 0.820807 0.824497 0.766808 0.675136 0.673707 0.687311 0.692086 0.693733 0.691312 0.675249 0.657657 0.715347 0.680961 0.809483 0.921228 0.999085 1.064776 0.781169 0.797763 0.827137 0.851976 0.877330 0.898805 0.948197 0.996646 0.963073 0.973396 1.014138 1.062308 1.131739 1.186108 1.498238 1.438178 1.377117 1.008221 0.957351 0.913343 0.790719 0.668406 0.541508 0.427825 0.392870 0.403896 0.393870 0.413188 0.436224 0.463036 0.494805 0.544499 0.626499 0.694123 0.757530 0.817160 0.872264 1.223423 1.234176 1.236406 1.233170 1.189043 1.148134 1.088554 1.006264 0.889859 0.816727 0.804896 0.822359 0.833599 0.784731 0.898058 0.814795 0.745858 0.744271
0.000000 0.000000 0.000000 0.000000 0.000000 0.000000 0.000000 0.000000 0.000000 0.000000 0.000000 0.000000 0.000000 0.000000 0.000000 0.000000 0.000000 0.000000 0.000000 0.000000 0.000000 0.000000 0.000000 0.000000 0.000000 0.000000 0.000000 0.000000 0.000000 0.000000 0.000000 0.000000 0.000000 0.000000 0.000000 0.000000 0.000000 0.000000 0.000000 0.000000 0.000000 0.000000 0.000000 0.000000 0.000000 0.000000 0.000000 0.000000 0.000000 0.000000 0.000000 0.000000 0.000000 0.000000 0.000000 0.000000 0.000000 0.000000 0.000000 0.000000 0.000000 0.000000 0.000000 0.000000 0.000000 0.000000 0.000000 0.000000 0.000000 0.000000 0.000000 0.000000 0.000000 0.000000 0.000000 0.000000 0.000000 0.000000 0.000000 0.000000 0.000000 0.000000 0.000000 0.000000 0.000000 0.000000 0.000000 0.000000 0.000000 0.000000 0.000000 0.000000 0.000000 0.000000 0.000000 0.000000 0.000000 0.000000 0.000000 0.000000 0.000000 0.000000 0.000000 0.000000 0.000000 0.000000 0.000000 0.000000 0.000000 0.000000 0.000000 0.000000 0.000000 0.000000 0.000000 0.000000 0.000000 0.000000 0.000000 0.000000 0.000000 0.000000 0.000000 0.000000 0.000000 0.000000 0.000000 0.000000 0.000000 0.000000 0.000000 0.000000 0.000000 0.000000 0.000000 0.000000 0.000000 0.000000 0.000000 0.529522 0.686665 0.815950 0.931496 1.052276 1.144878 1.256259 1.364584 1.401797 1.342948 0.996416 1.000182 1.021137 1.018072 1.014478 1.008637 1.012626 1.012430 1.001935 0.990912 0.981033 0.955445 0.927500 0.891787 0.844087 0.787469 0.733994 0.679027 0.624714 0.571589 0.520076 0.474038 0.428124 0.000000 0.000000 0.000000 0.000000 0.000000 0.000000 0.000000 0.538777 0.632125 0.719740 0.824750 0.915950 0.980749 1.019214 1.040218 1.052079 1.046068 1.035474 1.025120 1.019076 1.015914 1.008807 0.993469 0.967366 0.936427 0.905032 0.855511 0.825845 0.779356 0.744077 0.717145 0.699539 0.686350 0.678695 0.684174 0.700068 0.724269 0.761872 0.762039 0.678738 0.557176 0.515559 0.529359 0.541503 0.569848 0.579817 0.612016 0.597029 0.128104 0.211501 0.339976 0.447650 0.530186 0.605119 0.665593 0.711680 0.771879 0.858072 0.895914 0.928838 0.938228 0.892616 0.909404 0.951577 0.999483 1.080481 1.184711 1.085574 1.398265 0.999236 1.064530 0.978236 0.914339 0.871853 0.743239 0.630155 0.502321 0.394393 0.319731 0.306473 0.350822 0.386868 0.442301 0.496502 0.566170 0.638743 0.681185 0.694901 0.740889 0.784993 0.822862 0.867959 0.912232 0.967895 0.966947 0.968248 0.939993 0.891535 0.817921 0.707203 0.606900 0.578705 0.947436 0.883181 1.002523 0.905634 0.822350 0.799273
0.000000 0.000000 0.000000 0.000000 0.000000 0.000000 0.000000 0.000000 0.000000 0.000000 0.000000 0.000000 0.000000 0.000000 0.000000 0.000000 0.000000 0.000000 0.000000 0.000000 0.000000 0.000000 0.000000 0.000000 0.000000 0.000000 0.000000 0.000000 0.000000 0.000000 0.000000 0.000000 0.000000 0.000000 0.000000 0.000000 0.000000 0.000000 0.000000 0.000000 0.000000 0.000000 0.000000 0.000000 0.000000 0.000000 0.000000 0.000000 0.000000 0.000000 0.000000 0.000000 0.000000 0.000000 0.000000 0.000000 0.000000 0.000000 0.000000 0.000000 0.000000 0.000000 0.000000 0.000000 0.000000 0.000000 0.000000 0.000000 0.000000 0.000000 0.000000 0.000000 0.000000 0.000000 0.000000 0.000000 0.000000 0.000000 0.000000 0.000000 0.000000 0.000000 0.000000 0.000000 0.000000 0.000000 0.000000 0.000000 0.000000 0.000000 0.000000 0.000000 0.000000 0.000000 0.000000 0.000000 0.000000 0.000000 0.000000 0.000000 0.000000 0.000000 0.000000 0.000000 0.000000 0.000000 0.000000 0.000000 0.000000 0.000000 0.000000 0.000000 0.000000 0.000000 0.000000 0.000000 0.000000 0.000000 0.000000 0.000000 0.000000 0.000000 0.000000 0.000000 0.000000 0.000000 0.000000 0.000000 0.000000 0.000000 0.000000 0.000000 0.000000 0.000000 0.000000 0.000000 0.000000 0.000000 0.410068 0.540450 0.715476 0.846582 0.955230 1.058265 1.148500 1.254842 1.322026 1.402441 1.463263 1.417282 1.213724 1.092987 1.067828 1.076210 1.066272 1.076048 1.081864 1.081799 1.060070 1.037880 1.025747 1.001909 0.966644 0.927268 0.867960 0.813419 0.756060 0.695814 0.638134 0.583452 0.531735 0.486391 0.441903 0.000000 0.000000 0.000000 0.000000 0.000000 0.000000 0.000000 0.000000 0.000000 0.437809 0.572434 0.678658 0.748632 0.796464 0.833015 0.853266 0.868611 0.878253 0.890969 0.909935 0.924889 0.930254 0.926334 0.914032 0.890120 0.853992 0.823334 0.782135 0.749042 0.710394 0.677006 0.655009 0.645176 0.633658 0.628586 0.637191 0.667029 0.707291 0.691133 0.673737 0.651739 0.571098 0.474062 0.424970 0.425768 0.534101 0.602828 0.654305 0.527141 0.584334 0.309546 0.354917 0.418530 0.504910 0.511206 0.560018 0.642949 0.734755 0.829585 0.899882 0.951798 1.004471 1.044196 1.063575 1.080658 1.282302 1.013716 1.036561 1.015220 1.020527 0.931719 0.955765 0.908284 0.842610 0.778041 0.639134 0.493333 0.332942 0.238547 0.282572 0.370557 0.452722 0.506502 0.559660 0.587021 0.572683 0.574363 0.621834 0.661409 0.719692 0.807131 0.879307 0.967119 1.011939 1.029362 1.038124 1.050420 1.038958 0.954919 0.859787 0.739979 0.984457 0.913207 1.060434 0.992631 0.930215 0.872618
0.000000 0.000000 0.000000 0.000000 0.000000 0.000000 0.000000 0.000000 0.000000 0.000000 0.000000 0.000000 0.000000 0.000000 0.000000 0.000000 0.000000 0.000000 0.000000 0.000000 0.000000 0.000000 0.000000 0.000000 0.000000 0.000000 0.000000 0.000000 0.000000 0.000000 0.000000 0.000000 0.000000 0.000000 0.000000 0.000000 0.000000 0.000000 0.000000 0.000000 0.000000 0.000000 0.000000 0.000000 0.000000 0.000000 0.000000 0.000000 0.000000 0.000000 0.000000 0.000000 0.000000 0.000000 0.000000 0.000000 0.000000 0.000000 0.000000 0.000000 0.000000 0.000000 0.000000 0.000000 0.000000 0.000000 0.000000 0.000000 0.000000 0.000000 0.000000 0.000000 0.000000 0.000000 0.000000 0.000000 0.000000 0.000000 0.000000 0.000000 0.000000 0.000000 0.000000 0.000000 0.000000 0.000000 0.000000 0.000000 0.000000 0.000000 0.000000 0.000000 0.000000 0.000000 0.000000 0.000000 0.000000 0.000000 0.000000 0.000000 0.000000 0.000000 0.000000 0.000000 0.000000 0.000000 0.000000 0.000000 0.000000 0.000000 0.000000 0.000000 0.000000 0.000000 0.000000 0.000000 0.000000 0.000000 0.000000 0.000000 0.000000 0.000000 0.000000 0.000000 0.000000 0.000000 0.000000 0.000000 0.000000 0.000000 0.000000 0.000000 0.000000 0.000000 0.000000 0.000000 0.000000 0.000000 0.000000 0.499049 0.666137 0.787989 0.904687 1.005328 1.102124 1.207818 1.279913 1.322791 1.413849 1.511941 1.513960 1.373472 1.196356 1.133792 1.112026 1.123034 1.135092 1.140916 1.135927 1.119245 1.092485 1.066059 1.035114 1.009181 0.952221 0.901720 0.836659 0.772471 0.713757 0.656460 0.605189 0.553819 0.507204 0.463075 0.422618 0.000000 0.000000 0.000000 0.000000 0.000000 0.000000 0.000000 0.000000 0.000000 0.000000 0.000000 0.456715 0.535793 0.598032 0.639551 0.672720 0.696290 0.730292 0.757817 0.778448 0.801612 0.813619 0.811851 0.796223 0.770858 0.746327 0.712306 0.681430 0.647518 0.615815 0.580881 0.549878 0.564025 0.558563 0.564268 0.591430 0.587395 0.635069 0.680679 0.681089 0.618140 0.503392 0.411548 0.404817 0.524708 0.587118 0.647180 0.700481 0.690516 0.602156 0.636267 0.342595 0.321845 0.253646 0.412670 0.498080 0.614869 0.722549 0.842000 0.920629 0.998245 0.962668 0.906452 1.071285 0.878099 0.865398 0.873631 0.903119 0.937083 0.939262 1.235329 1.177464 1.126504 0.654206 0.593782 0.440665 0.333359 0.350041 0.447508 0.498796 0.532721 0.564712 0.612985 0.609214 0.578983 0.608716 0.652851 0.734847 0.800187 0.880917 0.962132 1.016501 1.053898 1.071913 1.113281 1.147729 1.110817 1.086077 1.019335 1.208610 1.083464 1.124188 1.012143 0.953600 0.891925
0.000000 0.000000 0.000000 0.000000 0.000000 0.000000 0.000000 0.000000 0.000000 0.000000 0.000000 0.000000 0.000000 0.000000 0.000000 0.000000 0.000000 0.000000 0.000000 0.000000 0.000000 0.000000 0.000000 0.000000 0.000000 0.000000 0.000000 0.000000 0.000000 0.000000 0.000000 0.000000 0.000000 0.000000 0.000000 0.000000 0.000000 0.000000 0.000000 0.000000 0.000000 0.000000 0.000000 0.000000 0.000000 0.000000 0.000000 0.000000 0.000000 0.000000 0.000000 0.000000 0.000000 0.000000 0.000000 0.000000 0.000000 0.000000 0.000000 0.000000 0.000000 0.000000 0.000000 0.000000 0.000000 0.000000 0.000000 0.000000 0.000000 0.000000 0.000000 0.000000 0.000000 0.000000 0.000000 0.000000 0.000000 0.000000 0.000000 0.000000 0.000000 0.000000 0.000000 0.000000 0.000000 0.000000 0.000000 0.000000 0.000000 0.000000 0.000000 0.000000 0.000000 0.000000 0.000000 0.000000 0.000000 0.000000 0.000000 0.000000 0.000000 0.000000 0.000000 0.000000 0.000000 0.000000 0.000000 0.000000 0.000000 0.000000 0.000000 0.000000 0.000000 0.000000 0.000000 0.000000 0.000000 0.000000 0.000000 0.000000 0.000000 0.000000 0.000000 0.000000 0.000000 0.000000 0.000000 0.000000 0.000000 0.000000 0.000000 0.000000 0.000000 0.000000 0.000000 0.000000 0.000000 0.000000 0.000000 0.425374 0.574671 0.695603 0.808092 0.905450 1.004246 1.112367 1.212988 1.269403 1.334224 1.461272 1.566218 1.607628 1.489708 1.304995 1.169120 1.155517 1.181728 1.182254 1.184025 1.184520 1.158553 1.140441 1.114893 1.099139 1.049907 1.007101 0.945154 0.886784 0.821210 0.755583 0.692433 0.644453 0.598448 0.552069 0.505529 0.462876 0.422528 0.000000 0.000000 0.000000 0.000000 0.000000 0.000000 0.000000 0.000000 0.000000 0.000000 0.000000 0.000000 0.000000 0.422337 0.465659 0.507558 0.538579 0.559748 0.580062 0.609630 0.635868 0.660191 0.668060 0.662264 0.658570 0.651754 0.633368 0.613430 0.583869 0.554219 0.518513 0.486004 0.450032 0.402034 0.462256 0.525062 0.589603 0.637166 0.651821 0.621607 0.554121 0.478837 0.427409 0.492518 0.556535 0.641552 0.698614 0.780228 0.835578 0.689285 0.685606 0.695535 0.317236 0.346939 0.404988 0.481849 0.630681 0.761283 0.948848 0.845435 0.753447 0.827636 0.745464 0.765208 0.831145 0.907073 0.968996 1.290672 1.268897 1.214518 1.145177 0.739310 0.670500 0.557070 0.529247 0.479183 0.531649 0.503243 0.560234 0.622483 0.712768 0.672947 1.001573 1.005172 1.034675 1.076661 1.128841 1.134737 0.879034 0.932646 0.986819 1.042414 1.085370 1.096139 1.075707 1.085082 1.356312 1.336966 1.255130 1.320960 1.138387 1.003512 0.893783
0.000000 0.000000 0.000000 0.000000 0.000000 0.000000 0.000000 0.000000 0.000000 0.000000 0.000000 0.000000 0.000000 0.000000 0.000000 0.000000 0.000000 0.000000 0.000000 0.000000 0.000000 0.000000 0.000000 0.000000 0.000000 0.000000 0.000000 0.000000 0.000000 0.000000 0.000000 0.000000 0.000000 0.000000 0.000000 0.000000 0.000000 0.000000 0.000000 0.000000 0.000000 0.000000 0.000000 0.000000 0.000000 0.000000 0.000000 0.000000 0.000000 0.000000 0.000000 0.000000 0.000000 0.000000 0.000000 0.000000 0.000000 0.000000 0.000000 0.000000 0.000000 0.000000 0.000000 0.000000 0.000000 0.000000 0.000000 0.000000 0.000000 0.000000 0.000000 0.000000 0.000000 0.000000 0.000000 0.000000 0.000000 0.000000 0.000000 0.000000 0.000000 0.000000 0.000000 0.000000 0.000000 0.000000 0.000000 0.000000 0.000000 0.000000 0.000000 0.000000 0.000000 0.000000 0.000000 0.000000 0.000000 0.000000 0.000000 0.000000 0.000000 0.000000 0.000000 0.000000 0.000000 0.000000 0.000000 0.000000 0.000000 0.000000 0.000000 0.000000 0.000000 0.000000 0.000000 0.000000 0.000000 0.000000 0.000000 0.000000 0.000000 0.000000 0.000000 0.000000 0.000000 0.000000 0.000000 0.000000 0.000000 0.000000 0.000000 0.000000 0.000000 0.000000 0.000000 0.000000 0.000000 0.000000 0.000000 0.000000 0.466807 0.586558 0.691359 0.783067 0.880076 0.981293 1.082612 1.172830 1.236524 1.332262 1.491209 1.636645 1.676160 1.587541 1.422325 1.287544 1.243899 1.230986 1.228274 1.236542 1.217182 1.209479 1.207832 1.194684 1.157398 1.123403 1.067539 1.010320 0.940659 0.878652 0.815928 0.750378 0.693817 0.642555 0.593340 0.546672 0.502982 0.462483 0.424226 0.000000 0.000000 0.000000 0.000000 0.000000 0.000000 0.000000 0.000000 0.000000 0.000000 0.000000 0.000000 0.000000 0.000000 0.000000 0.000000 0.000000 0.000000 0.000000 0.424316 0.466811 0.504381 0.524959 0.550974 0.562619 0.563448 0.554808 0.537376 0.513639 0.489355 0.460668 0.429841 0.000000 0.412757 0.468770 0.529769 0.576454 0.608436 0.610405 0.582624 0.537665 0.480384 0.444250 0.559733 0.719054 0.863743 0.976033 1.054577 1.061526 1.027287 0.824717 0.807407 0.817810 0.858871 0.933163 0.638329 0.899820 0.825597 0.753008 0.764704 0.721861 0.745962 0.798514 1.184971 1.216652 1.242538 1.262088 1.227667 1.151926 1.086032 0.714269 0.593567 0.528552 0.466176 0.450819 0.468922 0.523304 0.573570 0.606066 0.579708 0.535574 0.555828 0.622564 1.018118 1.042278 1.042409 0.712913 0.738867 0.772714 0.823867 0.856603 0.846157 0.840440 1.166314 1.202405 1.242072 1.239205 1.332673 1.178430 1.022505 0.884591
0.000000 0.000000 0.000000 0.000000 0.000000 0.000000 0.000000 0.000000 0.000000 0.000000 0.000000 0.000000 0.000000 0.000000 0.000000 0.000000 0.000000 0.000000 0.000000 0.000000 0.000000 0.000000 0.000000 0.000000 0.000000 0.000000 0.000000 0.000000 0.000000 0.000000 0.000000 0.000000 0.000000 0.000000 0.000000 0.000000 0.000000 0.000000 0.000000 0.000000 0.000000 0.000000 0.000000 0.000000 0.000000 0.000000 0.000000 0.000000 0.000000 0.000000 0.000000 0.000000 0.000000 0.000000 0.000000 0.000000 0.000000 0.000000 0.000000 0.000000 0.000000 0.000000 0.000000 0.000000 0.000000 0.000000 0.000000 0.000000 0.000000 0.000000 0.000000 0.000000 0.000000 0.000000 0.000000 0.000000 0.000000 0.000000 0.000000 0.000000 0.000000 0.000000 0.000000 0.000000 0.000000 0.000000 0.000000 0.000000 0.000000 0.000000 0.000000 0.000000 0.000000 0.000000 0.000000 0.000000 0.000000 0.000000 0.000000 0.000000 0.000000 0.000000 0.000000 0.000000 0.000000 0.000000 0.000000 0.000000 0.000000 0.000000 0.000000 0.000000 0.000000 0.000000 0.000000 0.000000 0.000000 0.000000 0.000000 0.000000 0.000000 0.000000 0.000000 0.000000 0.000000 0.000000 0.000000 0.000000 0.000000 0.000000 0.000000 0.000000 0.000000 0.000000 0.000000 0.000000 0.000000 0.000000 0.000000 0.000000 0.000000 0.453875 0.558159 0.653212 0.744642 0.836749 0.933558 1.038247 1.122369 1.217880 1.395011 1.550405 1.689675 1.713313 1.665473 1.554239 1.423954 1.333151 1.277197 1.275074 1.257584 1.233154 1.259865 1.271315 1.253297 1.220299 1.159746 1.118390 1.053943 0.999438 0.937030 0.875821 0.815418 0.752489 0.690493 0.630596 0.578317 0.535449 0.497457 0.461196 0.424847 0.000000 0.000000 0.000000 0.000000 0.000000 0.000000 0.000000 0.000000 0.000000 0.000000 0.000000 0.000000 0.000000 0.000000 0.000000 0.000000 0.000000 0.000000 0.000000 0.000000 0.000000 0.000000 0.000000 0.430560 0.452367 0.458779 0.456054 0.446155 0.429246 0.000000 0.000000 0.000000 0.000000 0.401574 0.465839 0.521136 0.570120 0.593741 0.590365 0.572504 0.561185 0.605387 0.697125 0.779607 0.914652 1.014021 1.081513 1.138846 1.199189 1.229369 1.225714 0.968962 0.930853 0.999784 1.198615 1.237257 0.869917 0.854818 1.170506 1.126137 1.130525 1.141543 1.147856 1.144559 1.177043 1.184639 1.166302 1.123753 1.059945 0.618138 0.488904 0.311247 0.248538 0.324208 0.429628 0.528698 0.592369 0.607393 0.570965 0.563887 0.619609 0.984402 0.997439 0.997367 1.003935 0.693602 0.670917 0.657160 0.664590 0.675326 0.693006 1.017629 1.027178 1.055086 1.096078 1.067094 0.964930 0.835893 0.708499
0.000000 0.000000 0.000000 0.000000 0.000000 0.000000 0.000000 0.000000 0.000000 0.000000 0.000000 0.000000 0.000000 0.000000 0.000000 0.000000 0.000000 0.000000 0.000000 0.000000 0.000000 0.000000 0.000000 0.000000 0.000000 0.000000 0.000000 0.000000 0.000000 0.000000 0.000000 0.000000 0.000000 0.000000 0.000000 0.000000 0.000000 0.000000 0.000000 0.000000 0.000000 0.000000 0.000000 0.000000 0.000000 0.000000 0.000000 0.000000 0.000000 0.000000 0.000000 0.000000 0.000000 0.000000 0.000000 0.000000 0.000000 0.000000 0.000000 0.000000 0.000000 0.000000 0.000000 0.000000 0.000000 0.000000 0.000000 0.000000 0.000000 0.000000 0.000000 0.000000 0.000000 0.000000 0.000000 0.000000 0.000000 0.000000 0.000000 0.000000 0.000000 0.000000 0.000000 0.000000 0.000000 0.000000 0.000000 0.000000 0.000000 0.000000 0.000000 0.000000 0.000000 0.000000 0.000000 0.000000 0.000000 0.000000 0.000000 0.000000 0.000000 0.000000 0.000000 0.000000 0.000000 0.000000 0.000000 0.000000 0.000000 0.000000 0.000000 0.000000 0.004000 0.000000 0.000000 0.093877 0.000000 0.004000 0.000000 0.000000 0.000000 0.000000 0.000000 0.000000 0.463965 0.509988 0.465055 0.000000 0.000000 0.000000 0.000000 0.000000 0.000000 0.000000 0.000000 0.000000 0.000000 0.000000 0.000000 0.000000 0.000000 0.000000 0.413225 0.504410 0.591687 0.684500 0.785115 0.906671 1.005377 1.108700 1.283571 1.433959 1.551458 1.671379 1.728192 1.741295 1.692000 1.560845 1.450587 1.372242 1.331840 1.267249 1.264056 1.290560 1.288782 1.271511 1.235080 1.190995 1.148392 1.107824 1.054106 1.007431 0.933472 0.857826 0.788228 0.720689 0.660691 0.607596 0.560298 0.520613 0.489389 0.455975 0.421743 0.000000 0.000000 0.000000 0.000000 0.000000 0.000000 0.000000 0.000000 0.000000 0.000000 0.000000 0.000000 0.000000 0.000000 0.000000 0.000000 0.000000 0.000000 0.000000 0.000000 0.000000 0.000000 0.000000 0.000000 0.000000 0.000000 0.000000 0.000000 0.000000 0.000000 0.000000 0.000000 0.000000 0.399392 0.483696 0.533959 0.561259 0.581744 0.605540 0.622309 0.671204 0.749335 0.817298 0.851870 0.953193 1.055931 0.959712 1.202395 1.249416 1.294029 1.146051 1.160968 1.198605 1.262222 1.304765 1.305860 1.265259 1.181731 1.148713 1.137015 1.122309 1.090339 1.064930 1.085390 1.087529 1.035227 0.988329 0.958890 0.937262 0.345875 0.243041 0.296731 0.416772 0.515882 0.602870 0.639185 0.640695 0.633701 0.964986 0.955328 0.964564 0.984905 1.020338 1.055982 1.091302 1.078478 1.043819 0.998705 0.970686 0.959659 0.955142 0.976158 1.018979 1.001658 0.886910 0.758108 0.776761
0.000000 0.000000 0.000000 0.000000 0.000000 0.000000 0.000000 0.000000 0.000000 0.000000 0.000000 0.000000 0.000000 0.000000 0.000000 0.000000 0.000000 0.000000 0.000000 0.000000 0.000000 0.000000 0.000000 0.000000 0.000000 0.000000 0.000000 0.000000 0.000000 0.000000 0.000000 0.000000 0.000000 0.000000 0.000000 0.000000 0.000000 0.000000 0.000000 0.000000 0.000000 0.000000 0.000000 0.000000 0.000000 0.000000 0.000000 0.000000 0.000000 0.000000 0.000000 0.000000 0.000000 0.000000 0.000000 0.000000 0.000000 0.000000 0.000000 0.000000 0.000000 0.000000 0.000000 0.000000 0.000000 0.000000 0.000000 0.000000 0.000000 0.000000 0.000000 0.000000 0.000000 0.000000 0.000000 0.000000 0.000000 0.000000 0.000000 0.000000 0.000000 0.000000 0.000000 0.000000 0.000000 0.000000 0.000000 0.000000 0.000000 0.000000 0.000000 0.000000 0.000000 0.000000 0.000000 0.000000 0.000000 0.000000 0.000000 0.000000 0.000000 0.000000 0.000000 0.000000 0.000000 0.628815 0.000000 0.000000 0.410753 0.401439 0.000000 0.000000 0.459969 0.381441 0.406061 0.000000 0.000000 0.000000 0.000000 0.000000 0.530161 0.670833 0.811030 0.919469 0.926930 0.852085 0.763428 0.606961 0.000000 0.000000 0.000000 0.000000 0.000000 0.000000 0.000000 0.000000 0.000000 0.000000 0.000000 0.000000 0.000000 0.000000 0.000000 0.000000 0.435847 0.528904 0.637676 0.765760 0.854991 0.951131 1.160733 1.382673 1.508136 1.541951 1.588250 1.668949 1.735943 1.754982 1.706273 1.603471 1.500375 1.391696 1.293688 1.267777 1.274698 1.278619 1.275398 1.253303 1.216156 1.174332 1.152270 1.116000 1.050355 0.985476 0.908621 0.830688 0.756797 0.689015 0.630009 0.580767 0.543999 0.511156 0.482237 0.453562 0.422608 0.000000 0.000000 0.000000 0.000000 0.000000 0.000000 0.000000 0.000000 0.000000 0.000000 0.000000 0.000000 0.000000 0.000000 0.000000 0.000000 0.000000 0.000000 0.000000 0.000000 0.000000 0.000000 0.000000 0.000000 0.000000 0.000000 0.000000 0.000000 0.489648 0.000000 0.000000 0.000000 0.000000 0.419306 0.469759 0.518842 0.563812 0.598582 0.624750 0.652377 0.707503 0.743658 0.717301 0.837884 0.926389 0.856532 0.936757 1.024736 1.245615 1.298182 1.133210 1.130692 1.185692 1.257576 1.262952 1.200298 1.162910 1.151800 1.137387 1.099982 1.046796 1.035313 1.060638 1.042948 1.027548 1.015861 1.006584 0.985709 0.504690 0.437260 0.458698 0.492264 0.556705 0.609031 0.629000 0.629403 0.946492 0.939488 0.947226 0.973266 1.007870 1.050160 1.104414 1.300656 1.293757 1.090316 1.027824 0.990153 0.950953 0.907935 0.882638 0.839258 0.761219 0.681433 0.721005
0.000000 0.000000 0.000000 0.000000 0.000000 0.000000 0.000000 0.000000 0.000000 0.000000 0.000000 0.000000 0.000000 0.000000 0.000000 0.000000 0.000000 0.000000 0.000000 0.000000 0.000000 0.000000 0.000000 0.000000 0.000000 0.000000 0.000000 0.000000 0.000000 0.000000 0.000000 0.000000 0.000000 0.000000 0.000000 0.000000 0.000000 0.000000 0.000000 0.000000 0.000000 0.000000 0.000000 0.000000 0.000000 0.000000 0.000000 0.000000 0.000000 0.000000 0.000000 0.000000 0.000000 0.000000 0.000000 0.000000 0.000000 0.000000 0.000000 0.000000 0.000000 0.000000 0.000000 0.000000 0.000000 0.000000 0.000000 0.000000 0.000000 0.000000 0.000000 0.000000 0.000000 0.000000 0.000000 0.000000 0.000000 0.000000 0.000000 0.000000 0.000000 0.000000 0.000000 0.000000 0.000000 0.000000 0.000000 0.000000 0.000000 0.000000 0.000000 0.000000 0.000000 0.000000 0.000000 0.000000 0.000000 0.000000 0.000000 0.000000 0.000000 0.000000 0.000000 0.000000 0.000000 0.000000 0.444650 0.559484 0.631098 0.643181 0.655708 0.623982 0.556778 0.508870 0.452080 0.000000 0.428007 0.572585 0.716755 0.828319 0.913094 0.949815 0.998119 1.029964 1.019974 0.972811 0.918827 0.773918 0.572210 0.448729 0.000000 0.000000 0.403327 0.000000 0.000000 0.000000 0.000000 0.000000 0.000000 0.000000 0.000000 0.000000 0.000000 0.000000 0.000000 0.000000 0.484536 0.591168 0.653666 0.750988 1.000628 1.261362 1.453417 1.567920 1.596182 1.554654 1.559962 1.679180 1.759849 1.786605 1.747819 1.662647 1.517971 1.367086 1.278972 1.263059 1.286118 1.288783 1.259690 1.235080 1.228773 1.201133 1.150036 1.097297 1.019645 0.933286 0.854845 0.789427 0.725046 0.667411 0.616345 0.574460 0.541561 0.507828 0.475497 0.445896 0.413223 0.000000 0.000000 0.000000 0.000000 0.000000 0.000000 0.000000 0.000000 0.000000 0.000000 0.000000 0.000000 0.000000 0.000000 0.000000 0.000000 0.000000 0.000000 0.000000 0.000000 0.000000 0.000000 0.000000 0.000000 0.000000 0.000000 0.420711 0.421206 0.418641 0.605546 0.392823 0.000000 0.000000 0.401519 0.459520 0.504663 0.566147 0.576133 0.609591 0.627233 0.663550 0.683636 0.687040 0.650315 0.626619 0.720598 0.795290 1.026716 1.077325 0.922396 0.973897 1.084290 1.127053 1.089105 1.071975 1.073426 1.112309 1.176938 1.229596 1.257409 1.237910 1.233288 1.205165 1.187985 1.170590 1.150674 1.100004 0.657705 0.533109 0.438139 0.412919 0.430056 0.459968 0.494063 0.528801 0.555679 0.892914 0.925929 0.955178 1.004671 1.230831 1.281473 1.310919 1.308401 1.368094 1.332786 1.226054 1.097975 0.996885 0.931970 0.869196 0.811742 0.719579
0.000000 0.000000 0.000000 0.000000 0.000000 0.000000 0.000000 0.000000 0.000000 0.000000 0.000000 0.000000 0.000000 0.000000 0.000000 0.000000 0.000000 0.000000 0.000000 0.000000 0.000000 0.000000 0.000000 0.000000 0.000000 0.000000 0.000000 0.000000 0.000000 0.000000 0.000000 0.000000 0.000000 0.000000 0.000000 0.000000 0.000000 0.000000 0.000000 0.000000 0.000000 0.000000 0.000000 0.000000 0.000000 0.000000 0.000000 0.000000 0.000000 0.000000 0.000000 0.000000 0.000000 0.000000 0.000000 0.000000 0.000000 0.000000 0.000000 0.000000 0.000000 0.000000 0.000000 0.000000 0.000000 0.000000 0.000000 0.000000 0.000000 0.000000 0.000000 0.000000 0.000000 0.000000 0.000000 0.000000 0.000000 0.000000 0.000000 0.000000 0.000000 0.000000 0.000000 0.000000 0.000000 0.000000 0.000000 0.000000 0.000000 0.000000 0.000000 0.000000 0.000000 0.000000 0.000000 0.000000 0.000000 0.000000 0.000000 0.000000 0.000000 0.000000 0.000000 0.427704 0.512968 0.525088 0.523675 1.069253 0.494784 1.480318 0.559924 0.625909 0.701542 0.882238 0.739261 0.790269 0.862458 0.951003 1.009459 1.014259 0.998150 0.946505 0.913936 0.899850 0.911652 0.917934 0.907814 0.838750 0.732240 0.613274 0.514374 0.466872 0.431556 0.000000 0.000000 0.000000 0.000000 0.000000 0.000000 0.000000 0.000000 0.000000 0.000000 0.000000 0.000000 0.000000 0.000000 0.000000 0.433715 0.558819 0.801428 1.033744 1.258549 1.445335 1.540233 1.558839 1.532824 1.520376 1.611380 1.743123 1.862637 1.887422 1.842218 1.678735 1.477968 1.330139 1.289139 1.290895 1.279578 1.271939 1.271061 1.257114 1.223692 1.157723 1.097992 1.014591 0.928378 0.854970 0.802720 0.755304 0.706644 0.662004 0.614989 0.569217 0.529113 0.492075 0.454813 0.417342 0.000000 0.000000 0.000000 0.000000 0.000000 0.000000 0.000000 0.000000 0.000000 0.000000 0.000000 0.000000 0.000000 0.000000 0.000000 0.000000 0.000000 0.000000 0.000000 0.000000 0.000000 0.000000 0.000000 0.000000 0.000000 0.000000 0.000000 0.000000 0.000000 0.000000 0.000000 0.452408 0.492446 0.569676 0.617918 0.637994 0.644767 0.646561 0.652156 0.653082 0.647530 0.683975 0.712821 0.751297 0.781401 0.616296 0.754755 0.775209 0.815676 0.729804 0.843148 0.929102 0.961296 1.016522 1.110878 1.243116 1.341558 1.414475 1.444527 1.445074 1.391533 1.334704 1.288928 1.249425 1.220298 1.160632 1.060755 0.956869 0.437366 0.295640 0.215703 0.242414 0.311028 0.372212 0.425773 0.482189 0.548127 0.886432 0.925509 0.985506 1.224097 1.394922 1.429656 1.418769 1.412951 1.302312 1.153827 1.018050 0.897784 0.817945 0.768556 0.678096
0.000000 0.000000 0.000000 0.000000 0.000000 0.000000 0.000000 0.000000 0.000000 0.000000 0.000000 0.000000 0.000000 0.000000 0.000000 0.000000 0.000000 0.000000 0.000000 0.000000 0.000000 0.000000 0.000000 0.000000 0.000000 0.000000 0.000000 0.000000 0.000000 0.000000 0.000000 0.000000 0.000000 0.000000 0.000000 0.000000 0.000000 0.000000 0.000000 0.000000 0.000000 0.000000 0.000000 0.000000 0.000000 0.000000 0.000000 0.000000 0.000000 0.000000 0.000000 0.000000 0.000000 0.000000 0.000000 0.000000 0.000000 0.000000 0.000000 0.000000 0.000000 0.000000 0.000000 0.000000 0.000000 0.000000 0.000000 0.000000 0.000000 0.000000 0.000000 0.000000 0.000000 0.000000 0.000000 0.000000 0.000000 0.000000 0.000000 0.000000 0.000000 0.000000 0.000000 0.000000 0.000000 0.000000 0.000000 0.000000 0.000000 0.000000 0.000000 0.000000 0.000000 0.000000 0.000000 0.000000 0.000000 0.000000 0.000000 0.000000 0.680122 0.000000 0.000000 0.004000 0.686840 0.916307 1.046095 1.023571 0.959065 0.941099 0.947901 0.966375 0.998202 1.053092 1.090021 1.091154 0.980229 1.054882 1.051182 1.010503 0.951525 0.884328 0.820505 0.785125 0.785854 0.796719 0.794993 0.762296 0.699023 0.584568 0.502214 0.441654 0.000000 0.000000 0.000000 0.000000 0.000000 0.000000 0.000000 0.000000 0.000000 0.000000 0.000000 0.000000 0.000000 0.000000 0.000000 0.000000 0.000000 0.433451 0.603536 0.767954 0.950805 1.125349 1.265108 1.392762 1.458042 1.458219 1.497762 1.598100 1.755300 1.877024 1.950220 1.921503 1.831749 1.641828 1.445223 1.332700 1.284414 1.292993 1.306251 1.287684 1.261232 1.211203 1.133145 1.048652 0.980650 0.926225 0.888194 0.845697 0.802041 0.748036 0.723552 0.719981 0.704167 0.677199 0.630592 0.581424 0.531933 0.486889 0.447662 0.000000 0.000000 0.000000 0.000000 0.000000 0.000000 0.000000 0.000000 0.000000 0.000000 0.000000 0.000000 0.000000 0.000000 0.000000 0.000000 0.000000 0.000000 0.000000 0.000000 0.000000 0.000000 0.000000 0.000000 0.000000 0.501591 0.599054 0.661239 0.746718 0.800628 0.806570 0.762659 0.721683 0.700514 0.695161 0.679315 0.731869 0.767494 0.864149 0.883745 0.898794 0.899451 0.895857 0.896027 0.713597 0.934640 1.010971 0.883104 0.944221 1.032590 1.135605 1.243513 1.344759 1.421440 1.460116 1.471997 1.453906 1.398904 0.989201 0.850000 0.782298 0.771209 0.762123 1.001874 0.913168 0.830604 0.338392 0.180478 0.100505 0.161614 0.238375 0.249530 0.380488 0.481222 0.856125 1.062839 1.094898 1.147601 1.319473 1.375760 1.411291 1.423435 1.362194 1.239785 1.101122 0.960774 0.830230 0.761335 0.649909
0.000000 0.000000 0.000000 0.000000 0.000000 0.000000 0.000000 0.000000 0.000000 0.000000 0.000000 0.000000 0.000000 0.000000 0.000000 0.000000 0.000000 0.000000 0.000000 0.000000 0.000000 0.000000 0.000000 0.000000 0.000000 0.000000 0.000000 0.000000 0.000000 0.000000 0.000000 0.000000 0.000000 0.000000 0.000000 0.000000 0.000000 0.000000 0.000000 0.000000 0.000000 0.000000 0.000000 0.000000 0.000000 0.000000 0.000000 0.000000 0.000000 0.000000 0.000000 0.000000 0.000000 0.000000 0.000000 0.000000 0.000000 0.000000 0.000000 0.000000 0.000000 0.000000 0.000000 0.000000 0.000000 0.000000 0.000000 0.000000 0.000000 0.000000 0.000000 0.000000 0.000000 0.000000 0.000000 0.000000 0.000000 0.000000 0.000000 0.000000 0.000000 0.000000 0.000000 0.000000 0.000000 0.000000 0.000000 0.000000 0.000000 0.000000 0.000000 0.000000 0.000000 0.000000 0.000000 0.000000 0.000000 0.000000 0.000000 0.000000 0.655103 0.847797 1.027753 1.188377 1.310678 1.369449 1.353557 1.258925 1.204302 1.193633 1.144166 1.112673 1.032700 1.045840 1.071767 1.094256 1.077782 0.878597 0.972763 0.984894 0.913839 0.855879 0.811651 0.771612 0.731854 0.687900 0.628901 0.589717 0.552168 0.508330 0.000000 0.000000 0.000000 0.000000 0.000000 0.000000 0.000000 0.000000 0.000000 0.000000 0.000000 0.000000 0.000000 0.000000 0.000000 0.000000 0.000000 0.000000 0.000000 0.000000 0.416828 0.531138 0.671994 0.787726 0.915258 1.074713 1.201995 1.269859 1.365416 1.478599 1.601166 1.721830 1.859578 1.929300 1.971723 1.903538 1.780320 1.566939 1.378388 1.303365 1.318459 1.313433 1.289417 1.253989 1.175720 1.098995 1.064826 1.053202 1.030832 1.011406 0.964648 0.932388 0.931553 0.910950 0.862638 0.812175 0.751477 0.690224 0.630863 0.575568 0.525205 0.478472 0.436156 0.000000 0.000000 0.000000 0.000000 0.000000 0.000000 0.000000 0.000000 0.000000 0.000000 0.000000 0.000000 0.000000 0.000000 0.000000 0.000000 0.000000 0.000000 0.000000 0.000000 0.503234 0.606965 0.678024 0.761029 0.837736 0.927326 1.016324 1.064424 1.082334 1.052671 0.994670 0.950814 0.845228 0.903728 0.889016 0.881817 0.901329 0.972209 0.924412 0.918128 0.738540 0.927614 0.833344 0.901847 0.973778 1.033165 1.087430 1.137739 1.205324 1.255191 1.305597 1.348890 1.356009 1.052218 0.967462 0.940713 0.824912 0.687175 0.619330 0.584159 0.524004 0.431892 0.319625 0.254294 0.259212 0.293967 0.314270 0.234873 0.236196 0.253646 0.699677 0.732289 0.788997 0.850749 1.075280 1.110045 1.139650 1.185438 1.344054 1.373823 1.405500 1.257335 1.103050 0.983543 0.850996 0.753626 0.617652
0.000000 0.000000 0.000000 0.000000 0.000000 0.000000 0.000000 0.000000 0.000000 0.000000 0.000000 0.000000 0.000000 0.000000 0.000000 0.000000 0.000000 0.000000 0.000000 0.000000 0.000000 0.000000 0.000000 0.000000 0.000000 0.000000 0.000000 0.000000 0.000000 0.000000 0.000000 0.000000 0.000000 0.000000 0.000000 0.000000 0.000000 0.000000 0.000000 0.000000 0.000000 0.000000 0.000000 0.000000 0.000000 0.000000 0.000000 0.000000 0.000000 0.000000 0.000000 0.000000 0.000000 0.000000 0.000000 0.000000 0.000000 0.000000 0.000000 0.000000 0.000000 0.000000 0.000000 0.000000 0.000000 0.000000 0.000000 0.000000 0.000000 0.000000 0.000000 0.000000 0.000000 0.000000 0.000000 0.000000 0.000000 0.000000 0.000000 0.000000 0.000000 0.000000 0.000000 0.000000 0.000000 0.000000 0.000000 0.000000 0.000000 0.000000 0.000000 0.000000 0.000000 0.000000 0.000000 0.000000 0.517248 0.668059 0.799251 0.932424 1.042204 1.096308 1.195299 1.293992 1.346933 1.273596 1.196601 1.160213 1.153304 1.130726 1.138963 1.054993 1.047040 1.041485 1.064187 1.093739 1.096503 1.078303 1.032019 0.968776 0.896086 0.894477 0.826118 0.753829 0.712264 0.678207 0.634347 0.596759 0.560426 0.518971 0.000000 0.000000 0.000000 0.000000 0.000000 0.000000 0.000000 0.000000 0.000000 0.000000 0.000000 0.000000 0.000000 0.000000 0.000000 0.000000 0.000000 0.000000 0.000000 0.000000 0.000000 0.000000 0.482862 0.559927 0.631051 0.764143 0.909887 1.029989 1.156511 1.283823 1.410440 1.552126 1.695642 1.822238 1.902759 1.966591 1.970396 1.896968 1.728805 1.499947 1.365162 1.335139 1.308274 1.285086 1.257092 1.187057 1.178007 1.207950 1.203051 1.197828 1.155696 1.095993 1.033242 0.983337 0.924657 0.856993 0.796814 0.733621 0.671409 0.612235 0.557749 0.505927 0.456656 0.000000 0.000000 0.000000 0.000000 0.000000 0.000000 0.000000 0.000000 0.000000 0.000000 0.000000 0.000000 0.000000 0.000000 0.000000 0.000000 0.000000 0.000000 0.000000 0.437854 0.606572 0.723788 0.803769 0.930471 1.022228 1.101217 1.160084 1.210751 1.242201 1.228867 1.202138 1.156739 1.112332 1.070222 1.016021 0.961490 0.906010 0.894942 0.910401 0.727921 0.720482 0.782919 0.847864 0.904615 0.961186 1.003976 1.028589 1.071941 1.108752 1.134027 1.142820 1.135442 1.291742 1.080418 0.718221 0.648448 0.538339 0.412272 0.330125 0.298818 0.309554 0.321342 0.324088 0.339510 0.366782 0.401311 0.427016 0.417716 0.401947 0.745944 0.707068 0.671874 0.709934 0.777848 0.851104 1.077541 1.097019 1.102217 1.139493 1.265151 1.446419 1.217902 1.047109 0.955306 0.836750 0.742276 0.601080
0.000000 0.000000 0.000000 0.000000 0.000000 0.000000 0.000000 0.000000 0.000000 0.000000 0.000000 0.000000 0.000000 0.000000 0.000000 0.000000 0.000000 0.000000 0.000000 0.000000 0.000000 0.000000 0.000000 0.000000 0.000000 0.000000 0.000000 0.000000 0.000000 0.000000 0.000000 0.000000 0.000000 0.000000 0.000000 0.000000 0.000000 0.000000 0.000000 0.000000 0.000000 0.000000 0.000000 0.000000 0.000000 0.000000 0.000000 0.000000 0.000000 0.000000 0.000000 0.000000 0.000000 0.000000 0.000000 0.000000 0.000000 0.000000 0.000000 0.000000 0.000000 0.000000 0.000000 0.000000 0.000000 0.000000 0.000000 0.000000 0.000000 0.000000 0.000000 0.000000 0.000000 0.000000 0.000000 0.000000 0.000000 0.000000 0.000000 0.000000 0.000000 0.000000 0.000000 0.000000 0.000000 0.000000 0.000000 0.000000 0.000000 0.000000 0.000000 0.000000 0.000000 0.000000 0.000000 0.581307 0.700155 0.790032 0.902143 0.853294 0.925874 0.978549 1.074165 1.406532 1.077945 1.025634 1.018181 1.070208 1.038611 1.073120 1.114710 1.141042 1.158580 1.170425 1.186293 1.143226 0.963118 0.907108 0.854178 0.800106 0.768300 0.846794 0.848712 0.775697 0.724201 0.679329 0.628364 0.586753 0.557427 0.529325 0.418037 0.000000 0.000000 0.000000 0.000000 0.000000 0.000000 0.000000 0.000000 0.000000 0.422314 0.439684 0.417010 0.000000 0.000000 0.000000 0.000000 0.000000 0.000000 0.000000 0.000000 0.000000 0.000000 0.000000 0.438286 0.541911 0.665443 0.811992 0.966534 1.110871 1.238976 1.367815 1.510796 1.662690 1.786157 1.873675 1.940869 2.010070 2.006948 1.888516 1.660019 1.426486 1.344259 1.305742 1.304104 1.271404 1.289524 1.314656 1.312841 1.296739 1.251155 1.172248 1.098439 1.012342 0.925968 0.847116 0.779293 0.726755 0.676974 0.623915 0.567812 0.512960 0.459971 0.000000 0.000000 0.000000 0.000000 0.000000 0.000000 0.000000 0.000000 0.000000 0.000000 0.000000 0.000000 0.000000 0.000000 0.000000 0.000000 0.000000 0.000000 0.000000 0.000000 0.000000 0.459366 0.681970 0.860409 1.011596 1.122240 1.197560 1.236233 1.246187 1.218166 1.212732 1.187946 1.158240 1.116560 1.056581 1.007373 0.862855 0.827233 0.864378 0.711619 0.732328 0.765844 0.785944 0.803239 0.832576 0.874206 1.055141 0.893039 0.899321 0.900868 1.043850 1.022612 1.039358 0.893147 0.553260 0.514070 0.508456 0.459926 0.450843 0.484701 0.530870 0.553626 0.557440 0.528300 0.466141 0.376871 0.396523 0.422574 0.831436 0.805852 0.774354 0.733698 0.693621 0.700048 0.762693 0.818178 1.026734 1.038981 1.061070 1.053382 1.338761 1.123787 0.976335 0.899720 0.803968 0.719258 0.583291
0.000000 0.000000 0.000000 0.000000 0.000000 0.000000 0.000000 0.000000 0.000000 0.000000 0.000000 0.000000 0.000000 0.000000 0.000000 0.000000 0.000000 0.000000 0.000000 0.000000 0.000000 0.000000 0.000000 0.000000 0.000000 0.000000 0.000000 0.000000 0.000000 0.000000 0.000000 0.000000 0.000000 0.000000 0.000000 0.000000 0.000000 0.000000 0.000000 0.000000 0.000000 0.000000 0.000000 0.000000 0.000000 0.000000 0.000000 0.000000 0.000000 0.000000 0.000000 0.000000 0.000000 0.000000 0.000000 0.000000 0.000000 0.000000 0.000000 0.000000 0.000000 0.000000 0.000000 0.000000 0.000000 0.000000 0.000000 0.000000 0.000000 0.000000 0.000000 0.000000 0.000000 0.000000 0.000000 0.000000 0.000000 0.000000 0.000000 0.000000 0.000000 0.000000 0.000000 0.000000 0.000000 0.000000 0.000000 0.000000 0.000000 0.000000 0.000000 0.000000 0.000000 0.000000 0.000000 0.519179 0.610488 0.658220 0.682756 0.704392 0.769808 0.847741 0.926009 0.989079 0.899804 0.832214 0.902755 0.919377 0.858823 0.875313 0.948427 0.992966 1.011332 0.993261 0.942354 0.919359 0.763295 0.743265 0.725791 0.698067 0.667924 0.622114 0.723009 0.697225 0.735567 0.714405 0.672457 0.632482 0.609979 0.594741 0.497925 0.448956 0.407176 0.000000 0.401768 0.420812 0.416627 0.000000 0.000000 0.000000 0.000000 0.000000 0.000000 0.000000 0.000000 0.000000 0.000000 0.000000 0.000000 0.000000 0.000000 0.000000 0.000000 0.000000 0.000000 0.000000 0.464660 0.594976 0.763037 0.926073 1.080830 1.223541 1.352003 1.480905 1.608831 1.720732 1.836218 1.914292 1.994338 2.005224 1.900295 1.723195 1.527966 1.389444 1.344604 1.317466 1.363790 1.373708 1.383975 1.358826 1.288689 1.210328 1.108719 1.024982 0.967367 0.914672 0.854950 0.803207 0.766399 0.748737 0.733978 0.720998 0.709697 0.680726 0.623432 0.611175 0.606242 0.599665 0.586636 0.567973 0.539100 0.495009 0.435039 0.000000 0.000000 0.000000 0.000000 0.000000 0.000000 0.000000 0.000000 0.000000 0.000000 0.000000 0.000000 0.555224 0.735945 0.878807 0.980080 1.045184 1.098730 1.126118 1.122101 1.111681 1.087553 1.040323 1.011390 0.908344 0.922003 0.919304 0.906619 0.739870 0.745084 0.728412 0.901743 0.893918 0.862203 0.849432 0.853347 0.875132 0.870533 0.847302 0.868640 0.878620 0.885500 0.741690 0.937280 0.978500 0.859516 0.589137 0.584417 0.589530 0.615457 0.675178 0.757190 0.811610 0.824966 0.763056 0.635396 0.520897 0.458387 0.403697 0.347317 0.328888 0.347506 0.367043 0.714561 0.712149 0.734032 0.762534 0.960805 0.976477 0.956027 0.929557 0.934478 0.823760 0.763891 0.697731 0.640003 0.506988
0.000000 0.000000 0.000000 0.000000 0.000000 0.000000 0.000000 0.000000 0.000000 0.000000 0.000000 0.000000 0.000000 0.000000 0.000000 0.000000 0.000000 0.000000 0.000000 0.000000 0.000000 0.000000 0.000000 0.000000 0.000000 0.000000 0.000000 0.000000 0.000000 0.000000 0.000000 0.000000 0.000000 0.000000 0.000000 0.000000 0.000000 0.000000 0.000000 0.000000 0.000000 0.000000 0.000000 0.000000 0.000000 0.000000 0.000000 0.000000 0.000000 0.000000 0.000000 0.000000 0.000000 0.000000 0.000000 0.000000 0.000000 0.000000 0.000000 0.000000 0.000000 0.000000 0.000000 0.000000 0.000000 0.000000 0.000000 0.000000 0.000000 0.000000 0.000000 0.000000 0.000000 0.000000 0.000000 0.000000 0.000000 0.000000 0.000000 0.000000 0.000000 0.000000 0.000000 0.000000 0.000000 0.000000 0.000000 0.000000 0.000000 0.000000 0.000000 0.000000 0.000000 0.000000 0.000000 0.000000 0.000000 0.445219 0.426632 0.489268 0.555345 0.668239 0.688840 0.778589 0.984177 1.000377 1.131381 1.130528 1.136285 1.218653 1.050741 1.047352 1.034372 1.015531 0.989796 0.957860 0.918711 0.899835 0.867073 0.857089 0.844175 0.814189 0.780722 0.745815 0.709106 0.673658 0.657205 0.668091 0.643768 0.641472 0.629771 0.538584 0.512573 0.541675 0.636598 0.665237 0.706900 0.701528 0.694813 0.624936 0.598432 0.573210 0.536418 0.483176 0.429848 0.000000 0.000000 0.000000 0.000000 0.000000 0.000000 0.000000 0.000000 0.000000 0.000000 0.000000 0.000000 0.000000 0.554695 0.735399 0.918948 1.091546 1.238813 1.377826 1.505378 1.621659 1.709767 1.822731 1.922980 2.003242 2.008649 1.935714 1.826743 1.663409 1.477095 1.381559 1.396615 1.402568 1.411103 1.383278 1.350135 1.265231 1.153890 1.036163 1.003935 1.004647 0.994152 0.986634 0.982763 0.992126 1.004521 1.003850 0.996455 0.972863 0.946137 0.942848 0.936983 0.924346 0.901490 0.856879 0.810831 0.745768 0.655485 0.556773 0.524685 0.516732 0.497311 0.465551 0.461484 0.470412 0.475790 0.468273 0.534419 0.527407 0.442741 0.443191 0.445723 0.537479 0.621979 0.699499 0.753804 0.752709 0.799247 0.833092 0.845922 0.701076 0.748506 0.807647 1.021172 1.017393 0.994730 0.802416 0.770141 0.739834 0.704800 0.695377 0.654929 0.796163 0.785357 0.791177 0.771383 0.761415 0.764627 0.720898 0.692534 0.686534 0.726721 0.947830 0.990171 1.029175 0.923689 0.663499 0.665886 0.675411 0.721627 0.766607 0.804180 0.834144 0.834827 0.794744 0.769223 0.739430 0.688670 0.604674 0.509978 0.420152 0.403014 0.421536 0.733417 0.429196 0.422562 0.715016 0.859720 0.894242 0.849315 0.761451 0.710959 0.665458 0.637947 0.600276
0.000000 0.000000 0.000000 0.000000 0.000000 0.000000 0.000000 0.000000 0.000000 0.000000 0.000000 0.000000 0.000000 0.000000 0.000000 0.000000 0.000000 0.000000 0.000000 0.000000 0.000000 0.000000 0.000000 0.000000 0.000000 0.000000 0.000000 0.000000 0.000000 0.000000 0.000000 0.000000 0.000000 0.000000 0.000000 0.000000 0.000000 0.000000 0.000000 0.000000 0.000000 0.000000 0.000000 0.000000 0.000000 0.000000 0.000000 0.000000 0.000000 0.000000 0.000000 0.000000 0.000000 0.000000 0.000000 0.000000 0.000000 0.000000 0.000000 0.000000 0.000000 0.000000 0.000000 0.000000 0.000000 0.000000 0.000000 0.000000 0.000000 0.000000 0.000000 0.000000 0.000000 0.000000 0.000000 0.000000 0.000000 0.000000 0.000000 0.000000 0.000000 0.000000 0.000000 0.000000 0.000000 0.000000 0.000000 0.000000 0.000000 0.000000 0.000000 0.000000 0.000000 0.000000 0.000000 0.000000 0.502677 0.615966 0.728038 0.763111 0.787834 0.895433 1.015921 1.163833 1.293690 1.350706 1.362558 1.242513 1.342400 1.329182 1.208803 1.186052 1.165169 1.133840 1.089829 1.049058 1.003098 0.959816 0.927494 0.899379 0.916309 0.791936 0.761189 0.747300 0.731473 0.716210 0.732129 0.728332 0.739032 0.732751 0.729183 0.783239 0.772649 0.774947 0.792347 0.804896 0.809736 0.823060 0.819439 0.797934 0.761727 0.724935 0.669958 0.599559 0.524119 0.444043 0.000000 0.000000 0.000000 0.000000 0.000000 0.000000 0.000000 0.000000 0.000000 0.000000 0.000000 0.000000 0.000000 0.537380 0.732160 0.930076 1.121215 1.299263 1.459275 1.561711 1.609364 1.650383 1.716491 1.807897 1.891881 1.948931 1.942696 1.861893 1.722495 1.555703 1.469914 1.457655 1.468953 1.422048 1.386032 1.334028 1.251179 1.192215 1.138186 1.120023 1.122482 1.107280 0.979218 0.955320 0.951004 0.957299 0.974029 0.989239 1.101364 1.103552 1.098179 1.117041 1.099969 1.054023 1.005265 0.924049 0.813468 0.751840 0.725347 0.717511 0.715547 0.671852 0.683329 0.684642 0.681417 0.665815 0.646813 0.625547 0.632122 0.570110 0.567310 0.651505 0.744127 0.853041 0.965845 1.077760 1.165606 1.156911 1.197824 1.248187 1.106767 1.076024 1.032379 1.135388 1.066299 1.023843 1.052114 1.014752 0.983829 0.958212 0.873603 0.843103 0.969701 0.859791 0.671052 0.584349 0.615428 0.655632 0.684788 0.715392 0.928904 0.959021 0.978304 1.008501 1.048128 1.113807 0.986142 1.007914 1.062407 0.811498 1.110662 1.135086 1.143598 1.143190 0.904558 1.182252 0.911197 0.856770 0.778748 0.683788 0.607943 0.561964 0.510997 0.424240 0.364754 0.347762 0.390074 0.680409 0.808270 0.732017 0.657427 0.666604 0.655563 0.648820
0.000000 0.000000 0.000000 0.000000 0.000000 0.000000 0.000000 0.000000 0.000000 0.000000 0.000000 0.000000 0.000000 0.000000 0.000000 0.000000 0.000000 0.000000 0.000000 0.000000 0.000000 0.000000 0.000000 0.000000 0.000000 0.000000 0.000000 0.000000 0.000000 0.000000 0.000000 0.000000 0.000000 0.000000 0.000000 0.000000 0.000000 0.000000 0.000000 0.000000 0.000000 0.000000 0.000000 0.000000 0.000000 0.000000 0.000000 0.000000 0.000000 0.000000 0.000000 0.000000 0.000000 0.000000 0.000000 0.000000 0.000000 0.000000 0.000000 0.000000 0.000000 0.000000 0.000000 0.000000 0.000000 0.000000 0.000000 0.000000 0.000000 0.000000 0.000000 0.000000 0.000000 0.000000 0.000000 0.000000 0.000000 0.000000 0.000000 0.000000 0.000000 0.000000 0.000000 0.000000 0.000000 0.000000 0.000000 0.000000 0.000000 0.000000 0.000000 0.000000 0.000000 0.432461 0.572415 0.701424 0.812652 0.888844 0.988377 1.062314 1.116075 1.136648 1.226775 1.311430 1.388077 1.435942 1.454788 1.469624 1.449767 1.431701 1.414188 1.368490 1.329724 1.284442 1.220306 1.174289 1.114310 1.066684 1.013987 0.973889 0.925177 0.875023 0.755228 0.806701 0.835230 0.871643 0.929677 0.966295 0.996394 0.997790 0.991586 1.072134 1.033127 0.990307 0.972253 0.957443 0.942511 0.935687 0.932593 0.923808 0.915336 0.882315 0.826206 0.760358 0.693420 0.625168 0.561380 0.508839 0.471082 0.430927 0.000000 0.000000 0.000000 0.000000 0.000000 0.000000 0.000000 0.000000 0.000000 0.000000 0.536065 0.740764 0.968647 1.185075 1.373249 1.517330 1.571758 1.627687 1.678288 1.702076 1.721401 1.786735 1.872935 1.881234 1.863520 1.789197 1.660592 1.555779 1.554792 1.526860 1.440567 1.324537 1.333842 1.317878 1.321070 1.166767 1.126685 1.087376 1.061963 1.022403 0.984919 0.944769 0.905837 0.908957 0.937393 0.957720 0.959068 0.954113 0.950935 1.041093 1.068389 1.052787 1.017312 1.008129 0.982260 0.871728 0.870420 0.881841 0.876103 0.859347 0.915894 0.883518 0.845790 0.811699 0.724351 0.747305 0.826333 1.021139 1.138708 1.235530 1.317355 1.402963 1.484612 1.580314 1.632520 1.676973 1.677552 1.536295 1.431449 1.312137 1.127601 1.151057 1.115182 1.073134 1.030223 0.936801 0.954774 0.903031 0.801584 0.811480 0.810920 0.803716 0.810681 0.815791 0.817562 0.823998 0.865070 0.902740 0.922781 1.030373 1.065935 1.046755 1.110767 0.988645 1.034585 1.063164 1.224674 1.204179 1.212273 1.228022 1.275686 1.315866 1.350071 1.344986 1.130303 1.086703 0.752423 0.686543 0.603202 0.497422 0.408385 0.279574 0.261126 0.256077 0.272762 0.234744 0.658772 0.697089 0.685155 0.632454
0.000000 0.000000 0.000000 0.000000 0.000000 0.000000 0.000000 0.000000 0.000000 0.000000 0.000000 0.000000 0.000000 0.000000 0.000000 0.000000 0.000000 0.000000 0.000000 0.000000 0.000000 0.000000 0.000000 0.000000 0.000000 0.000000 0.000000 0.000000 0.000000 0.000000 0.000000 0.000000 0.000000 0.000000 0.000000 0.000000 0.000000 0.000000 0.000000 0.000000 0.000000 0.000000 0.000000 0.000000 0.000000 0.000000 0.000000 0.000000 0.000000 0.000000 0.000000 0.000000 0.000000 0.000000 0.000000 0.000000 0.000000 0.000000 0.000000 0.000000 0.000000 0.000000 0.000000 0.000000 0.000000 0.000000 0.000000 0.000000 0.000000 0.000000 0.000000 0.000000 0.000000 0.000000 0.000000 0.000000 0.000000 0.000000 0.000000 0.000000 0.000000 0.000000 0.000000 0.000000 0.000000 0.000000 0.000000 0.000000 0.497237 0.000000 0.000000 0.000000 0.443119 0.454649 0.511208 0.638758 0.767112 0.869720 0.956679 1.020645 1.053679 1.123095 1.202464 1.268670 1.306879 1.323035 1.366483 1.416680 1.432789 1.416114 1.382182 1.333973 1.293581 1.237618 1.195873 1.154242 1.102296 1.063352 1.017472 1.010983 1.078489 1.099281 1.091433 1.107384 1.023032 1.027794 0.884501 1.064572 1.092388 0.964992 0.958837 1.091963 1.150365 1.088443 1.046178 0.931902 1.017563 1.017988 1.023002 1.035104 1.036188 0.943577 0.976778 0.915565 0.849209 0.784679 0.741864 0.700071 0.685704 0.673140 0.627292 0.548765 0.479916 0.443768 0.000000 0.000000 0.000000 0.000000 0.000000 0.000000 0.000000 0.536134 0.775204 1.005792 1.204348 1.368351 1.466829 1.546741 1.644110 1.702609 1.712770 1.703213 1.723096 1.781263 1.836816 1.850595 1.767038 1.699215 1.700681 1.687760 1.606858 1.454126 1.396313 1.243701 1.294095 1.291887 1.270997 1.223511 1.183679 1.149660 1.112838 1.071751 1.027462 0.990749 0.946997 0.883424 0.814495 0.767390 0.777111 0.835711 0.732303 0.787180 0.814842 0.993853 0.993406 0.829669 0.840905 0.852387 1.014190 0.976130 0.940269 0.893071 0.691736 0.689515 0.735108 0.824014 1.078049 1.168523 1.252247 1.380930 1.348950 1.414059 1.493970 1.622351 1.547518 1.640273 1.683475 1.607760 1.480006 1.318385 1.162914 1.105574 1.052799 1.081412 1.027933 0.969687 0.856047 0.859786 0.862654 0.867846 0.856423 0.824783 0.797108 0.770389 0.752307 0.751427 0.760700 0.870741 0.907125 0.850584 0.877806 0.946012 1.013329 1.068195 1.117976 1.167753 1.206518 1.211945 1.060791 1.041761 1.208948 1.245430 1.272612 1.277742 1.282061 1.278785 1.256760 1.218520 1.143614 0.922899 0.862653 0.435020 0.310449 0.271559 0.331035 0.379350 0.683521 0.802163 0.690218 0.641886
0.000000 0.000000 0.000000 0.000000 0.000000 0.000000 0.000000 0.000000 0.000000 0.000000 0.000000 0.000000 0.000000 0.000000 0.000000 0.000000 0.000000 0.000000 0.000000 0.000000 0.000000 0.000000 0.000000 0.000000 0.000000 0.000000 0.000000 0.000000 0.000000 0.000000 0.000000 0.000000 0.000000 0.000000 0.000000 0.000000 0.000000 0.000000 0.000000 0.000000 0.000000 0.000000 0.000000 0.000000 0.000000 0.000000 0.000000 0.000000 0.000000 0.000000 0.000000 0.000000 0.000000 0.000000 0.000000 0.000000 0.000000 0.000000 0.000000 0.000000 0.000000 0.000000 0.000000 0.000000 0.000000 0.000000 0.000000 0.000000 0.000000 0.000000 0.000000 0.000000 0.000000 0.000000 0.000000 0.000000 0.000000 0.000000 0.000000 0.000000 0.000000 0.000000 0.000000 0.000000 0.000000 0.000000 0.000000 0.000000 0.000000 0.000000 0.000000 0.000000 0.000000 0.000000 0.000000 0.435181 0.489090 0.548334 0.611675 0.680102 0.752619 0.826070 0.880427 0.909831 0.920257 0.954228 1.010506 1.081644 1.112713 1.107311 1.087506 1.069366 1.059378 1.054669 1.099671 1.121958 1.055650 1.102494 1.164686 1.201320 1.209855 1.299255 1.273277 1.242087 1.111890 0.914620 0.886285 0.871371 0.881886 0.915102 0.936080 1.107448 1.086999 1.060724 0.999198 0.962045 0.945875 0.959934 0.980199 0.993093 0.998946 0.999512 0.979125 0.932747 0.930782 0.852144 0.814299 0.778722 0.769088 0.764275 0.733085 0.676664 0.630440 0.611796 0.587924 0.566957 0.558090 0.549140 0.528021 0.499488 0.471908 0.460352 0.626335 0.786603 0.955134 1.114763 1.222216 1.334661 1.455342 1.558604 1.634783 1.655113 1.663165 1.690107 1.726178 1.803693 1.808915 1.768967 1.786560 1.803354 1.772696 1.636392 1.426019 1.325773 1.319275 1.330429 1.304017 1.275869 1.228501 1.192375 1.137897 1.095090 1.048265 1.007887 0.954780 0.888642 0.829545 0.779177 0.589925 0.216485 0.181192 0.230405 0.274953 0.289969 0.361423 0.381038 0.732483 0.735771 0.750957 0.770548 0.807981 0.810442 0.849410 0.854598 0.898122 0.962359 1.027211 1.084517 1.103209 1.106074 1.267528 1.302302 1.357593 1.468780 1.454646 1.419033 1.413610 1.422132 1.416245 1.339959 1.257095 1.191295 1.124130 1.061104 0.942576 0.905702 0.878880 0.869432 0.860342 0.853900 0.875476 0.875336 0.828994 0.747493 0.709242 0.711500 0.771959 0.786521 0.758726 0.795363 0.819493 0.856646 0.907059 0.775749 0.984433 1.039147 1.104100 1.162398 1.226075 1.251938 1.268459 1.375804 1.389067 1.279261 1.262277 1.240350 1.190296 1.159902 1.137567 1.134920 0.955053 0.936203 0.863750 0.842747 0.884420 0.925610 1.002780 0.931533 0.760108 0.635817
0.000000 0.000000 0.000000 0.000000 0.000000 0.000000 0.000000 0.000000 0.000000 0.000000 0.000000 0.000000 0.000000 0.000000 0.000000 0.000000 0.000000 0.000000 0.000000 0.000000 0.000000 0.000000 0.000000 0.000000 0.000000 0.000000 0.000000 0.000000 0.000000 0.000000 0.000000 0.000000 0.000000 0.000000 0.000000 0.000000 0.000000 0.000000 0.000000 0.000000 0.000000 0.000000 0.000000 0.000000 0.000000 0.000000 0.000000 0.000000 0.000000 0.000000 0.000000 0.000000 0.000000 0.000000 0.000000 0.000000 0.000000 0.000000 0.000000 0.000000 0.000000 0.000000 0.000000 0.000000 0.000000 0.000000 0.000000 0.000000 0.000000 0.000000 0.000000 0.000000 0.000000 0.000000 0.000000 0.000000 0.000000 0.000000 0.000000 0.000000 0.000000 0.000000 0.000000 0.000000 0.000000 0.000000 0.000000 0.000000 0.000000 0.000000 0.000000 0.000000 0.000000 0.451340 0.000000 0.000000 0.000000 0.505916 0.670021 0.765873 0.832549 0.877506 0.903577 0.915969 0.937253 0.970282 1.010161 1.044573 1.127066 1.132815 1.123862 1.116272 1.109511 1.130646 1.196512 1.262559 1.210800 1.237058 1.235486 1.052182 1.015736 1.004130 1.000157 0.988039 0.970175 1.116588 1.102028 0.904989 0.891621 0.908988 0.935389 1.127901 1.127233 1.123197 1.113025 1.082293 1.041220 0.987637 0.965980 0.956132 0.952854 0.966384 0.971398 0.943199 0.987249 0.939054 0.887065 0.825481 0.784227 0.769067 0.744705 0.711834 0.688392 0.683845 0.681479 0.671406 0.661741 0.660385 0.655195 0.641140 0.629006 0.617779 0.598883 0.663946 0.733271 0.821594 0.916941 1.049438 1.199134 1.317339 1.407581 1.499583 1.551053 1.597744 1.642046 1.703358 1.753393 1.783288 1.767163 1.739339 1.675515 1.761515 1.591911 1.482971 1.173682 1.274376 1.059153 1.207113 1.188837 1.150111 1.098199 1.056252 1.013557 0.959281 0.891267 0.835298 0.790322 0.748231 0.706030 0.668561 0.697523 0.756071 0.811393 0.693509 0.737726 0.779680 0.514660 0.832911 0.849022 0.879851 0.538091 0.546852 0.605276 0.990641 1.015873 1.026166 1.028927 1.007596 0.970888 0.928396 0.920808 1.092466 1.134159 1.169757 1.196825 1.202599 1.271082 1.244160 1.215978 1.227219 1.169703 1.140168 1.117824 1.079765 0.954388 0.927213 0.897633 0.865830 0.837041 0.671533 0.725908 0.783117 0.827365 0.810293 0.922075 0.875945 0.885046 0.803354 0.796916 0.781029 0.777866 0.766439 0.774702 0.807028 0.828462 0.888865 0.971331 1.034559 1.090540 1.051937 1.006365 1.021338 1.141079 1.173643 1.212761 1.207632 1.180623 1.117730 1.133306 1.179265 1.205025 1.148546 1.105461 1.046700 1.065197 1.069275 1.021621 0.852502 0.700777 0.620512
0.000000 0.000000 0.000000 0.000000 0.000000 0.000000 0.000000 0.000000 0.000000 0.000000 0.000000 0.000000 0.000000 0.000000 0.000000 0.000000 0.000000 0.000000 0.000000 0.000000 0.000000 0.000000 0.000000 0.000000 0.000000 0.000000 0.000000 0.000000 0.000000 0.000000 0.000000 0.000000 0.000000 0.000000 0.000000 0.000000 0.000000 0.000000 0.000000 0.000000 0.000000 0.000000 0.000000 0.000000 0.000000 0.000000 0.000000 0.000000 0.000000 0.000000 0.000000 0.000000 0.000000 0.000000 0.000000 0.000000 0.000000 0.000000 0.000000 0.000000 0.000000 0.000000 0.000000 0.000000 0.000000 0.000000 0.000000 0.000000 0.000000 0.000000 0.000000 0.000000 0.000000 0.000000 0.000000 0.000000 0.000000 0.000000 0.000000 0.000000 0.000000 0.000000 0.000000 0.000000 0.000000 0.000000 0.000000 0.000000 0.000000 0.000000 0.000000 0.589933 0.732372 0.842544 0.941386 1.023757 1.088841 1.139806 1.167704 1.201004 1.233646 1.255439 1.262314 1.258830 1.248516 1.241743 1.243616 1.275576 1.324625 1.344161 1.345142 1.327058 1.277624 1.214881 1.140102 1.158105 1.165050 1.007246 0.988390 0.978845 0.971263 0.986376 1.013611 1.031313 1.038060 1.036118 1.030476 1.161066 0.945278 0.908129 0.902267 0.914870 0.934183 0.963467 0.968557 0.953105 0.919912 0.855874 0.790913 0.742296 0.876478 0.894733 0.911179 0.913451 0.898721 0.956245 0.925376 0.884239 0.853546 0.833851 0.796687 0.740137 0.718342 0.738761 0.762317 0.768094 0.761860 0.756918 0.754151 0.751066 0.747473 0.735848 0.703326 0.669187 0.631810 0.661215 0.728493 0.835766 0.941272 1.031627 1.157146 1.277592 1.395065 1.480216 1.530797 1.586594 1.653695 1.702470 1.705099 1.707121 1.729056 1.790591 1.766229 1.606121 1.574012 1.454351 1.242826 1.261297 1.135182 1.113578 1.087005 1.053263 1.002732 0.948370 0.892665 0.832875 0.773547 0.752886 0.825892 0.919114 1.006420 1.150091 1.195884 1.228419 1.018734 1.018724 1.020551 1.165685 0.993268 0.639961 0.598740 0.573192 0.563567 0.617583 1.016302 0.992960 0.947311 0.890911 0.867907 0.855361 0.846119 1.003200 0.992592 0.999789 1.010254 0.873165 1.014958 1.009629 1.007556 1.014923 0.852287 0.839052 0.831122 0.991699 0.971305 0.951164 0.749333 0.736520 0.720185 0.708513 0.865025 0.872316 0.950037 0.979088 0.972127 0.956621 0.927235 0.902234 0.880021 0.927160 0.886640 0.928514 0.779451 0.748934 0.730304 0.747126 0.841214 0.913190 0.840209 0.928942 1.016587 1.061769 1.217083 1.194898 1.139910 1.147952 1.034641 0.991432 1.036608 1.107694 1.150495 1.188593 1.156843 1.098257 1.008870 0.982806 0.893997 0.779234 0.708028 0.656773
0.000000 0.000000 0.000000 0.000000 0.000000 0.000000 0.000000 0.000000 0.000000 0.000000 0.000000 0.000000 0.000000 0.000000 0.000000 0.000000 0.000000 0.000000 0.000000 0.000000 0.000000 0.000000 0.000000 0.000000 0.000000 0.000000 0.000000 0.000000 0.000000 0.000000 0.000000 0.000000 0.000000 0.000000 0.000000 0.000000 0.000000 0.000000 0.000000 0.000000 0.000000 0.000000 0.000000 0.000000 0.000000 0.000000 0.000000 0.000000 0.000000 0.000000 0.000000 0.000000 0.000000 0.000000 0.000000 0.000000 0.000000 0.000000 0.000000 0.000000 0.000000 0.000000 0.000000 0.000000 0.000000 0.000000 0.000000 0.000000 0.000000 0.000000 0.000000 0.000000 0.000000 0.000000 0.000000 0.000000 0.000000 0.000000 0.000000 0.000000 0.000000 0.000000 0.000000 0.000000 0.004000 0.000000 0.000000 0.000000 0.434718 0.610741 0.776851 0.927827 1.030462 1.108351 1.158562 1.212481 1.243181 1.268973 1.299896 1.356728 1.397909 1.420525 1.440488 1.427227 1.405528 1.387374 1.370208 1.348426 1.335289 1.326189 1.312678 1.284309 1.263572 1.194003 1.172601 1.170595 1.093160 1.184906 1.204700 1.125197 1.143741 1.164597 1.187631 1.214085 1.229252 1.244858 1.250844 1.247728 1.239631 1.066178 1.016842 0.973571 0.934968 0.899764 0.873327 0.857756 0.835406 0.800573 0.768307 0.735183 0.704164 0.692950 0.687253 0.684453 0.679013 0.678385 0.885989 0.863986 0.846184 0.840798 0.822453 0.777690 0.735105 0.757961 0.797838 0.836161 0.848826 0.848655 0.842256 0.835477 0.828357 0.815517 0.783585 0.751992 0.722148 0.692865 0.665943 0.680215 0.751432 0.815240 0.894769 0.987391 1.108240 1.289213 1.359535 1.353276 1.410269 1.467288 1.593458 1.632086 1.671716 1.727349 1.650696 1.643002 1.688815 1.619657 1.488731 1.366100 1.298637 1.226907 1.190683 1.072785 1.000738 0.926153 0.865322 0.912456 0.983734 1.080471 1.196977 1.304390 1.377045 1.425832 1.442381 1.488049 1.468531 1.416832 1.369821 1.307558 1.147540 0.994884 0.982516 0.611989 0.511518 0.475091 0.481319 0.823449 0.827165 0.824353 0.817502 0.807288 0.958540 0.929371 0.886998 0.700729 0.729851 0.762869 0.999014 1.011070 0.991591 0.826179 0.825523 0.820327 0.821889 0.815784 0.982554 0.963447 0.974735 1.099491 0.903172 1.005733 0.717006 0.673589 0.801176 0.843258 0.879961 0.880029 0.936595 0.863274 0.915247 0.904644 0.889767 0.869941 0.844826 0.844411 0.905388 0.903524 0.982695 1.048192 1.114603 1.168260 1.175337 1.150355 1.176182 1.086137 0.961448 0.863157 0.798168 0.828029 0.894228 0.955640 1.016617 1.039944 1.031879 0.997574 0.949204 0.945880 0.893264 0.799941 0.737840 0.667313
0.000000 0.000000 0.000000 0.000000 0.000000 0.000000 0.000000 0.000000 0.000000 0.000000 0.000000 0.000000 0.000000 0.000000 0.000000 0.000000 0.000000 0.000000 0.000000 0.000000 0.000000 0.000000 0.000000 0.000000 0.000000 0.000000 0.000000 0.000000 0.000000 0.000000 0.000000 0.000000 0.000000 0.000000 0.000000 0.000000 0.000000 0.000000 0.000000 0.000000 0.000000 0.000000 0.000000 0.000000 0.000000 0.000000 0.000000 0.000000 0.000000 0.000000 0.000000 0.000000 0.000000 0.000000 0.000000 0.000000 0.000000 0.000000 0.000000 0.000000 0.000000 0.000000 0.000000 0.000000 0.000000 0.000000 0.000000 0.000000 0.000000 0.000000 0.000000 0.000000 0.000000 0.000000 0.000000 0.000000 0.000000 0.000000 0.000000 0.000000 0.000000 0.000000 0.000000 0.000000 0.000000 0.000000 0.000000 0.000000 0.000000 0.496769 0.579455 0.708405 0.827102 0.929643 1.021022 1.136585 1.241385 1.329737 1.393043 1.420680 1.432342 1.428037 1.438183 1.443144 1.431442 1.410766 1.394608 1.372905 1.344790 1.307925 1.268269 1.240790 1.213994 1.189129 1.152787 1.113506 1.036110 1.112102 1.110351 1.109614 1.120459 1.132585 1.149868 1.060768 0.925804 0.935507 1.086889 1.088087 1.087678 1.081400 1.061867 0.859211 0.828154 0.799170 0.787892 0.783537 0.783307 0.775492 0.765554 0.754801 0.738947 0.724030 0.695886 0.672382 0.817807 0.797479 0.772076 0.740058 0.726007 0.722325 0.770039 0.745964 0.709537 0.705869 0.747617 0.820691 0.874136 0.908081 0.915566 0.913626 0.892524 0.884251 0.847740 0.809811 0.769532 0.742697 0.711592 0.721322 0.673992 0.713258 0.781263 0.707492 0.969088 1.064915 1.143152 1.307251 1.284130 1.360126 1.495344 1.520600 1.553465 1.630639 1.718757 1.776603 1.774398 1.744021 1.667134 1.559321 1.477988 1.337165 1.199956 1.126490 1.097947 0.964058 1.033080 1.087485 1.181234 1.271597 1.380134 1.443012 1.502772 1.507170 1.473046 1.392730 1.320656 1.309567 1.269960 1.237556 1.178043 1.154091 1.135689 1.012617 0.971561 1.002168 0.886592 0.896675 0.918804 0.750876 0.908696 0.875012 0.670664 0.649136 0.690820 0.770762 0.820806 1.018142 1.032887 1.043560 1.052106 0.871835 0.852774 0.845822 0.845828 1.038809 1.019365 0.992457 0.940715 0.898447 0.866290 0.846388 0.817274 0.788007 0.757818 0.790676 0.752702 0.757543 0.773555 0.772666 0.766034 0.764483 0.763101 0.766793 0.773156 0.859079 0.951396 1.027697 1.073660 0.991412 1.019767 0.937548 0.763674 0.625351 0.629819 0.717257 0.743139 0.739089 0.727186 0.733187 0.771969 0.815696 0.856137 0.884273 0.908489 0.965354 1.014028 1.044129 0.966045 0.858978 0.772054 0.667344
0.000000 0.000000 0.000000 0.000000 0.000000 0.000000 0.000000 0.000000 0.000000 0.000000 0.000000 0.000000 0.000000 0.000000 0.000000 0.000000 0.000000 0.000000 0.000000 0.000000 0.000000 0.000000 0.000000 0.000000 0.000000 0.000000 0.000000 0.000000 0.000000 0.000000 0.000000 0.000000 0.000000 0.000000 0.000000 0.000000 0.000000 0.000000 0.000000 0.000000 0.000000 0.000000 0.000000 0.000000 0.000000 0.000000 0.000000 0.000000 0.000000 0.000000 0.000000 0.000000 0.000000 0.000000 0.000000 0.000000 0.000000 0.000000 0.000000 0.000000 0.000000 0.000000 0.000000 0.000000 0.000000 0.000000 0.000000 0.000000 0.000000 0.000000 0.000000 0.000000 0.000000 0.000000 0.000000 0.000000 0.000000 0.000000 0.000000 0.000000 0.000000 0.000000 0.000000 0.000000 0.000000 0.000000 0.000000 0.446265 0.000000 0.000000 0.004000 0.539119 0.672744 0.788704 0.905980 1.026505 1.150959 1.248333 1.257223 1.204880 1.138913 1.107982 1.112045 1.134545 1.155068 1.177858 1.191500 1.193532 1.185185 1.168317 1.121096 1.106640 1.087556 1.064796 1.025406 1.003692 0.918061 0.955350 0.915572 0.820750 0.993889 1.034196 1.057563 1.079336 1.080175 1.080033 1.060494 0.888723 0.820664 0.781871 0.757382 0.741567 0.742166 0.749725 0.758249 0.768544 0.776650 0.810168 0.846784 0.756908 0.748861 0.392347 0.726625 0.866607 0.831773 0.797180 0.758726 0.726584 0.700748 0.680429 0.664897 0.650001 0.628094 0.632790 0.634177 0.714268 0.794821 0.852987 0.898813 0.921933 0.930843 0.926316 0.905422 0.860381 0.822806 0.770218 0.726912 0.689817 0.665029 0.678651 0.658707 0.718053 0.800838 0.891448 0.822838 0.907755 1.136392 1.201288 1.266074 1.336193 1.467663 1.483147 1.556447 1.661054 1.757650 1.794250 1.785519 1.728880 1.643761 1.558327 1.368699 1.196892 1.121868 1.140515 1.179368 1.236797 1.289140 1.330692 1.385302 1.374608 1.389137 1.373526 1.218176 1.234560 1.180511 1.149596 1.168070 1.156070 1.152158 1.115050 1.097815 1.054343 1.011090 0.972061 0.944917 0.913597 0.886947 0.857433 0.847754 0.620351 0.636278 0.714385 0.769758 0.807741 0.835161 1.001978 1.000139 0.991052 0.982117 0.830423 0.817168 0.815008 1.002266 1.018977 1.004735 0.973878 0.928536 0.885204 0.842984 0.873680 0.830750 0.800691 0.767552 0.733245 0.700326 0.661723 0.623022 0.529214 0.517628 0.534741 0.542989 0.551083 0.563510 0.611204 0.710393 0.751128 0.775869 0.674623 1.099826 0.640205 0.709478 0.736515 0.754100 0.787689 0.810870 0.820619 0.823740 0.840536 0.890323 0.939305 0.999456 1.045388 1.100539 1.127681 1.135383 1.142159 1.029836 0.897669 0.786527 0.659526
0.000000 0.000000 0.000000 0.000000 0.000000 0.000000 0.000000 0.000000 0.000000 0.000000 0.000000 0.000000 0.000000 0.000000 0.000000 0.000000 0.000000 0.000000 0.000000 0.000000 0.000000 0.000000 0.000000 0.000000 0.000000 0.000000 0.000000 0.000000 0.000000 0.000000 0.000000 0.000000 0.000000 0.000000 0.000000 0.000000 0.000000 0.000000 0.000000 0.000000 0.000000 0.000000 0.000000 0.000000 0.000000 0.000000 0.000000 0.000000 0.000000 0.000000 0.000000 0.000000 0.000000 0.000000 0.000000 0.000000 0.000000 0.000000 0.000000 0.000000 0.000000 0.000000 0.000000 0.000000 0.000000 0.000000 0.000000 0.000000 0.000000 0.000000 0.000000 0.000000 0.000000 0.000000 0.000000 0.000000 0.000000 0.000000 0.000000 0.000000 0.000000 0.000000 0.000000 0.000000 0.000000 0.000000 0.000000 0.000000 0.000000 0.000000 0.000000 0.000000 0.477998 0.550770 0.613120 0.864094 0.925414 0.786651 0.745487 0.725926 0.735624 0.760509 0.791547 0.825950 0.847236 0.861830 0.882310 0.888924 0.896281 0.897630 0.892460 0.824224 0.812767 0.800326 0.849240 0.785801 0.787859 0.783444 0.799190 0.705011 0.760510 0.829315 0.892119 0.947328 0.980681 1.163082 1.147547 0.939765 0.895361 0.846440 0.801753 0.772701 0.760205 0.765880 0.774624 0.782050 0.791348 0.797775 0.781366 0.768670 0.755504 0.728278 0.735233 0.674648 0.651490 0.622352 0.733809 0.690923 0.655354 0.663375 0.608520 0.607056 0.616253 0.659011 0.661170 0.677820 0.712671 0.762437 0.809577 0.844527 0.888246 0.906339 0.905449 0.879117 0.840392 0.785165 0.733607 0.690311 0.660523 0.625850 0.587485 0.551367 0.586031 0.674205 0.760783 0.927671 1.018669 1.083977 1.142488 1.218491 1.258103 1.292732 1.417363 1.524225 1.630137 1.712474 1.719637 1.736239 1.705073 1.664388 1.475060 1.307742 1.252163 1.215398 1.222100 1.247969 1.265633 1.263240 1.294199 1.181182 1.192905 1.177907 1.138037 1.074322 1.042204 1.022704 1.021007 1.023448 1.118402 1.109566 1.094313 1.067413 1.041245 1.002718 0.957016 0.900982 0.855106 0.808939 0.761744 0.706854 0.613687 0.679682 0.716855 0.736722 0.745868 0.762697 0.780786 0.792206 0.936090 0.927419 0.763744 0.752429 0.756685 0.765053 0.762407 0.744319 0.714004 0.845127 0.818023 0.792195 0.831077 0.788864 0.739795 0.692616 0.654986 0.618705 0.578543 0.538948 0.433530 0.000000 0.000000 0.000000 0.000000 0.000000 0.000000 0.413620 0.548683 0.569194 0.574643 0.620402 0.782051 0.846269 0.879622 0.900565 0.918191 0.923343 0.935027 0.957291 0.996234 1.028028 1.053530 1.082532 1.101215 1.100112 1.080512 1.068843 0.969122 0.849708 0.761264 0.639953
0.000000 0.000000 0.000000 0.000000 0.000000 0.000000 0.000000 0.000000 0.000000 0.000000 0.000000 0.000000 0.000000 0.000000 0.000000 0.000000 0.000000 0.000000 0.000000 0.000000 0.000000 0.000000 0.000000 0.000000 0.000000 0.000000 0.000000 0.000000 0.000000 0.000000 0.000000 0.000000 0.000000 0.000000 0.000000 0.000000 0.000000 0.000000 0.000000 0.000000 0.000000 0.000000 0.000000 0.000000 0.000000 0.000000 0.000000 0.000000 0.000000 0.000000 0.000000 0.000000 0.000000 0.000000 0.000000 0.000000 0.000000 0.000000 0.000000 0.000000 0.000000 0.000000 0.000000 0.000000 0.000000 0.000000 0.000000 0.000000 0.000000 0.000000 0.000000 0.000000 0.000000 0.000000 0.000000 0.000000 0.000000 0.000000 0.000000 0.000000 0.000000 0.000000 0.000000 0.000000 0.000000 0.000000 0.000000 0.000000 0.000000 0.000000 0.000000 0.445229 0.565905 0.632061 0.654302 0.656153 0.659627 0.668420 0.677463 0.683395 0.687280 0.690412 0.692052 0.690548 0.697124 0.760820 0.803555 0.827239 0.842767 0.856889 0.851768 0.822369 0.794852 0.814116 0.868311 0.893285 0.822299 0.837593 0.858820 0.741573 0.754691 0.769025 0.786249 0.809538 0.835637 0.855918 0.867156 0.869897 0.859841 0.852103 0.407289 0.334224 0.298374 0.305473 0.340129 0.388408 0.407807 0.430640 0.450221 0.465652 0.472300 0.469993 0.449756 0.425926 0.703614 0.665839 0.627529 0.737089 0.690321 0.645623 0.601731 0.569944 0.571277 0.649554 0.682049 0.698999 0.701439 0.718162 0.748277 0.791242 0.831137 0.844082 0.834716 0.815471 0.781915 0.756681 0.733354 0.708217 0.680720 0.636436 0.589248 0.534844 0.486826 0.449972 0.509809 0.619313 0.761405 0.830125 0.878759 0.932836 0.984182 1.034865 1.143656 1.258671 1.388976 1.494395 1.557098 1.619802 1.650889 1.615206 1.508485 1.424889 1.302713 1.308109 1.238068 1.212538 1.212330 1.133354 1.168959 1.199553 1.221001 1.215414 1.193823 1.158024 1.136275 1.116296 1.109197 1.097568 1.087530 1.070797 0.887155 1.054816 1.028746 1.057538 1.005901 0.941389 0.811395 0.811949 0.696375 0.682620 0.547728 0.571245 0.763522 0.822631 0.949523 0.988073 1.000674 1.003591 1.000265 0.906663 0.982254 0.886498 0.711294 0.698872 0.689699 0.671813 0.652735 0.802600 0.804088 0.799333 0.776428 0.736982 0.761678 0.718081 0.627262 0.597771 0.575028 0.643150 0.507940 0.457326 0.449408 0.520469 0.422943 0.427394 0.427438 0.423823 0.418805 0.410271 0.000000 0.567799 0.727338 0.827167 0.887945 0.913077 0.919302 0.926405 0.940174 0.964309 0.994299 1.014444 1.020883 1.016037 1.006430 0.983978 0.923823 0.930842 0.847270 0.758955 0.697035 0.585458
0.000000 0.000000 0.000000 0.000000 0.000000 0.000000 0.000000 0.000000 0.000000 0.000000 0.000000 0.000000 0.000000 0.000000 0.000000 0.000000 0.000000 0.000000 0.000000 0.000000 0.000000 0.000000 0.000000 0.000000 0.000000 0.000000 0.000000 0.000000 0.000000 0.000000 0.000000 0.000000 0.000000 0.000000 0.000000 0.000000 0.000000 0.000000 0.000000 0.000000 0.000000 0.000000 0.000000 0.000000 0.000000 0.000000 0.000000 0.000000 0.000000 0.000000 0.000000 0.000000 0.000000 0.000000 0.000000 0.000000 0.000000 0.000000 0.000000 0.000000 0.000000 0.000000 0.000000 0.000000 0.000000 0.000000 0.000000 0.000000 0.000000 0.000000 0.000000 0.000000 0.000000 0.000000 0.000000 0.000000 0.000000 0.000000 0.000000 0.000000 0.000000 0.000000 0.000000 0.000000 0.000000 0.000000 0.000000 0.000000 0.000000 0.000000 0.000000 0.000000 0.000000 0.000000 0.000000 0.455357 0.524408 0.577759 0.619948 0.646965 0.667928 0.680590 0.731729 0.733009 0.714463 0.685414 0.633745 0.668515 0.723959 0.779047 0.812164 0.755486 0.769074 0.821549 0.866388 0.919025 0.979838 1.040668 1.062570 1.066064 1.057956 1.036466 0.843366 0.810390 0.784072 0.775334 0.776981 0.784334 0.798965 0.808548 0.799290 0.786124 0.308602 0.257567 0.255267 0.287150 0.325668 0.331711 0.359057 0.396791 0.411996 0.415925 0.411413 0.395183 0.386217 0.364848 0.672129 0.632616 0.593441 0.551063 0.638850 0.601924 0.565597 0.549981 0.578625 0.651749 0.684322 0.705863 0.719318 0.739990 0.752729 0.738168 0.713132 0.672958 0.677993 0.694439 0.703806 0.698096 0.675196 0.634795 0.598596 0.554087 0.502225 0.457741 0.441956 0.438525 0.467063 0.545003 0.623558 0.631697 0.713846 0.774676 0.830882 0.933686 1.058849 1.189854 1.323853 1.381599 1.427764 1.488402 1.484352 1.489629 1.437404 1.356638 1.181188 1.143307 1.141842 1.189805 1.243130 1.296805 1.323370 1.333553 1.321741 1.295805 1.262060 1.221821 1.189469 1.167838 1.149899 0.954443 0.944654 0.930716 0.898385 1.115462 1.057328 0.991907 0.855685 0.856312 0.826271 0.847627 0.853183 0.864194 0.970939 0.999846 1.005348 1.003374 0.996136 0.989116 0.977478 0.958785 0.929522 0.906385 0.879856 0.850499 0.823906 0.735893 0.721131 0.728083 0.594683 0.604722 0.599843 0.586556 0.704966 0.687547 0.653053 0.730075 0.630248 0.678113 0.668404 0.648942 0.520128 0.499503 0.468305 0.436126 0.000000 0.000000 0.000000 0.000000 0.000000 0.502409 0.642072 0.746405 0.806220 0.828745 0.838896 0.848850 0.866275 0.891796 0.913486 0.925155 0.921864 0.901585 0.869679 0.837445 0.795919 0.762972 0.700140 0.649120 0.621023 0.546356
0.000000 0.000000 0.000000 0.000000 0.000000 0.000000 0.000000 0.000000 0.000000 0.000000 0.000000 0.000000 0.000000 0.000000 0.000000 0.000000 0.000000 0.000000 0.000000 0.000000 0.000000 0.000000 0.000000 0.000000 0.000000 0.000000 0.000000 0.000000 0.000000 0.000000 0.000000 0.000000 0.000000 0.000000 0.000000 0.000000 0.000000 0.000000 0.000000 0.000000 0.000000 0.000000 0.000000 0.000000 0.000000 0.000000 0.000000 0.000000 0.000000 0.000000 0.000000 0.000000 0.000000 0.000000 0.000000 0.000000 0.000000 0.000000 0.000000 0.000000 0.000000 0.000000 0.000000 0.000000 0.000000 0.000000 0.000000 0.000000 0.000000 0.000000 0.000000 0.000000 0.000000 0.000000 0.000000 0.000000 0.000000 0.000000 0.000000 0.000000 0.000000 0.000000 0.000000 0.000000 0.000000 0.000000 0.000000 0.000000 0.000000 0.000000 0.000000 0.000000 0.000000 0.000000 0.000000 0.000000 0.433059 0.484087 0.541909 0.585863 0.621139 0.647600 0.665824 0.669535 0.696963 0.686177 0.676592 0.674599 0.673247 0.679497 0.701641 0.736376 0.726857 0.801402 0.918624 1.002956 1.036220 1.062613 1.073621 1.068251 1.059015 1.054659 1.056145 1.057870 1.058224 0.886074 0.876665 0.869095 0.857810 0.839673 0.824216 0.828050 0.836825 0.843930 0.841034 0.411042 0.345226 0.281370 0.209029 0.190228 0.232956 0.296128 0.348532 0.360528 0.345752 0.334051 0.324772 0.306592 0.633945 0.593958 0.552132 0.513351 0.600304 0.558175 0.533456 0.553257 0.608500 0.605890 0.626275 0.626635 0.615842 0.586186 0.544971 0.498731 0.549823 0.603511 0.633984 0.643940 0.630799 0.614282 0.595585 0.570783 0.540238 0.500254 0.459136 0.443187 0.424433 0.000000 0.000000 0.430941 0.474954 0.581908 0.611841 0.680823 0.762600 0.839618 0.949859 1.115856 1.193295 1.247671 1.304134 1.348271 1.272522 1.092266 1.034234 1.030339 1.237362 1.284447 1.331453 1.363959 1.390943 1.394252 1.385213 1.348789 1.091933 1.031929 0.986863 0.950198 0.932514 0.924883 0.915202 0.898670 0.884796 0.855014 0.996121 0.827974 0.969507 0.969409 0.983704 0.845926 0.602751 0.614173 0.613474 0.602700 0.877124 0.864749 0.853649 0.838595 0.814197 0.790071 0.920142 0.878398 0.842441 0.799269 0.753834 0.731299 0.731119 0.609538 0.672148 0.667635 0.635931 0.756263 0.802648 0.778821 0.756595 0.730292 0.700672 0.664200 0.639150 0.622822 0.632993 0.641315 0.636159 0.585832 0.582843 0.569428 0.573825 0.572414 0.565360 0.554248 0.649306 0.704097 0.735965 0.737624 0.746592 0.754803 0.755450 0.766629 0.779900 0.791964 0.785933 0.766352 0.742217 0.701169 0.660051 0.613278 0.568531 0.549455 0.543097 0.499850
0.000000 0.000000 0.000000 0.000000 0.000000 0.000000 0.000000 0.000000 0.000000 0.000000 0.000000 0.000000 0.000000 0.000000 0.000000 0.000000 0.000000 0.000000 0.000000 0.000000 0.000000 0.000000 0.000000 0.000000 0.000000 0.000000 0.000000 0.000000 0.000000 0.000000 0.000000 0.000000 0.000000 0.000000 0.000000 0.000000 0.000000 0.000000 0.000000 0.000000 0.000000 0.000000 0.000000 0.000000 0.000000 0.000000 0.000000 0.000000 0.000000 0.000000 0.000000 0.000000 0.000000 0.000000 0.000000 0.000000 0.000000 0.000000 0.000000 0.000000 0.000000 0.000000 0.000000 0.000000 0.000000 0.000000 0.000000 0.000000 0.000000 0.000000 0.000000 0.000000 0.000000 0.000000 0.000000 0.000000 0.000000 0.000000 0.000000 0.000000 0.000000 0.000000 0.000000 0.000000 0.000000 0.000000 0.000000 0.000000 0.000000 0.000000 0.000000 0.000000 0.000000 0.000000 0.431481 0.489778 0.523501 0.544946 0.559461 0.576207 0.603360 0.625987 0.649648 0.665586 0.665655 0.691776 0.691592 0.684747 0.680745 0.639376 0.643470 0.666599 0.677142 0.653559 0.768544 0.857675 0.910254 0.936696 0.979491 0.993900 0.991772 0.995513 1.017670 0.891274 0.895862 0.910969 0.928169 0.944756 0.960121 0.964389 0.965557 0.991315 1.010333 1.021409 1.014263 0.982425 0.938982 0.908692 0.499205 0.401246 0.323313 0.295267 0.294830 0.303211 0.259959 0.275480 0.342043 0.316165 0.291776 0.593203 0.553619 0.514802 0.477810 0.441991 0.523100 0.409085 0.421610 0.466637 0.490562 0.475718 0.465550 0.454513 0.421329 0.000000 0.000000 0.455701 0.505359 0.533790 0.548295 0.556962 0.561905 0.559982 0.547370 0.521425 0.491992 0.458415 0.446402 0.435123 0.628142 0.611174 0.000000 0.000000 0.000000 0.000000 0.531457 0.624252 0.715347 0.809290 0.890475 0.974910 1.037187 1.164312 0.975271 0.970544 0.965279 0.969784 0.995287 1.031092 1.073813 1.297205 1.083227 1.040633 0.993161 0.959011 0.933289 0.908694 0.894319 0.877047 0.867758 0.475889 0.462215 0.477089 0.500560 0.514485 0.547681 0.553917 0.551156 0.512549 0.504161 0.503525 0.531238 0.496467 0.468073 0.439607 0.404311 0.399310 0.414091 0.416397 0.410682 0.400161 0.385209 0.374191 0.373580 0.724899 0.731108 0.920945 0.952625 0.997523 1.023132 0.988021 0.765868 0.711910 0.807279 0.760165 0.788572 0.762489 0.724680 0.695875 0.677944 0.650058 0.616414 0.599024 0.651189 0.679564 0.730785 0.749713 0.749135 0.739514 0.722510 0.698124 0.675818 0.699884 0.715782 0.706177 0.650183 0.709080 0.703629 0.697095 0.696672 0.667414 0.683759 0.694392 0.702984 0.709242 0.670413 0.632312 0.620429 0.611949 0.553602 0.541302
0.000000 0.000000 0.000000 0.000000 0.000000 0.000000 0.000000 0.000000 0.000000 0.000000 0.000000 0.000000 0.000000 0.000000 0.000000 0.000000 0.000000 0.000000 0.000000 0.000000 0.000000 0.000000 0.000000 0.000000 0.000000 0.000000 0.000000 0.000000 0.000000 0.000000 0.000000 0.000000 0.000000 0.000000 0.000000 0.000000 0.000000 0.000000 0.000000 0.000000 0.000000 0.000000 0.000000 0.000000 0.000000 0.000000 0.000000 0.000000 0.000000 0.000000 0.000000 0.000000 0.000000 0.000000 0.000000 0.000000 0.000000 0.000000 0.000000 0.000000 0.000000 0.000000 0.000000 0.000000 0.000000 0.000000 0.000000 0.000000 0.000000 0.000000 0.000000 0.000000 0.000000 0.000000 0.000000 0.000000 0.000000 0.000000 0.000000 0.000000 0.000000 0.000000 0.000000 0.000000 0.000000 0.000000 0.000000 0.000000 0.000000 0.000000 0.000000 0.452621 0.501916 0.539533 0.592646 0.654123 0.707206 0.759223 0.795699 0.823300 0.843205 0.858122 0.872736 0.865423 0.845800 0.818383 0.776170 0.766674 0.783130 0.817604 0.834989 0.802076 0.768435 0.574158 0.698932 0.582758 0.631060 0.659804 0.714811 0.748294 0.757890 0.781622 0.815996 0.561907 0.556106 0.575632 0.915445 0.580363 0.672273 0.979379 0.654737 0.680638 0.701037 0.681185 0.652109 0.632250 0.627261 0.634602 0.539492 0.521471 0.458939 0.406602 0.338373 0.248866 0.194985 0.202349 0.236993 0.601096 0.735707 0.707684 0.665322 0.622790 0.579063 0.540390 0.503451 0.000000 0.000000 0.000000 0.000000 0.000000 0.000000 0.472390 0.000000 0.000000 0.000000 0.000000 0.444616 0.564386 0.602576 0.503622 0.521535 0.535030 0.541813 0.542441 0.669742 0.664987 0.661295 0.682925 0.660008 0.629652 0.552896 0.518140 0.481074 0.436659 0.423076 0.500859 0.603412 0.668565 0.685125 0.777820 0.855165 0.910391 0.945750 0.977811 1.002591 0.838221 0.830642 0.831098 0.848499 0.840648 0.842525 0.850555 0.856665 0.860144 0.857672 0.467202 0.414276 0.377442 0.321459 0.283692 0.299873 0.333172 0.355972 0.353077 0.354394 0.364582 0.387673 0.411602 0.395350 0.367463 0.350134 0.350695 0.333051 0.315028 0.307108 0.298758 0.288117 0.283566 0.283760 0.279744 0.287348 0.289972 0.309944 0.367812 0.506462 0.992987 1.012529 1.116527 1.115009 1.075660 1.023622 0.585050 0.752097 0.695987 0.647643 0.832940 0.856455 0.890813 0.900372 0.896132 0.876882 0.856595 0.840205 0.808462 0.758532 0.740936 0.729900 0.737172 0.769977 0.788788 0.752959 0.750987 0.760636 0.715600 0.702123 0.693953 0.694429 0.651756 0.686524 0.725009 0.757397 0.784139 0.797457 0.793797 0.750753 0.724653 0.704922 0.744009 0.704212 0.632370
0.000000 0.000000 0.000000 0.000000 0.000000 0.000000 0.000000 0.000000 0.000000 0.000000 0.000000 0.000000 0.000000 0.000000 0.000000 0.000000 0.000000 0.000000 0.000000 0.000000 0.000000 0.000000 0.000000 0.000000 0.000000 0.000000 0.000000 0.000000 0.000000 0.000000 0.000000 0.000000 0.000000 0.000000 0.000000 0.000000 0.000000 0.000000 0.000000 0.000000 0.000000 0.000000 0.000000 0.000000 0.000000 0.000000 0.000000 0.000000 0.000000 0.000000 0.000000 0.000000 0.000000 0.000000 0.000000 0.000000 0.000000 0.000000 0.000000 0.000000 0.000000 0.000000 0.000000 0.000000 0.000000 0.000000 0.000000 0.000000 0.000000 0.000000 0.000000 0.000000 0.000000 0.000000 0.000000 0.000000 0.000000 0.000000 0.000000 0.000000 0.000000 0.000000 0.000000 0.000000 0.000000 0.000000 0.000000 0.000000 0.000000 0.000000 0.000000 0.426962 0.521774 0.619178 0.699914 0.781077 0.859901 0.935580 1.009910 1.043949 1.085457 1.099801 1.099806 1.085697 1.092784 1.101603 1.033367 1.047558 1.050429 1.016573 0.811723 0.741929 0.707604 0.849621 0.782329 0.575133 0.714461 0.728104 0.748988 0.616876 0.652515 0.693500 0.749104 0.807701 0.846079 0.856247 0.575556 0.520734 0.549965 0.524680 0.459952 0.444321 0.435229 0.421232 0.410431 0.418539 0.431318 0.450737 0.434372 0.390132 0.342280 0.325806 0.294827 0.273979 0.257001 0.244126 0.223470 0.550040 0.145738 0.160706 0.515489 0.515609 0.637590 0.508908 0.493685 0.590785 0.590800 0.546865 0.557969 0.558594 0.555686 0.616669 0.709850 0.743217 0.670124 0.697544 0.312016 0.318773 0.729606 0.729545 0.725789 0.343901 0.287967 0.252845 0.232214 0.231423 0.254688 0.623243 0.606270 0.721420 0.686969 0.689574 0.646227 0.595640 0.490902 0.578987 0.557083 0.578397 0.657097 0.738042 0.828274 0.913795 0.882095 0.924880 0.973258 1.023415 1.052152 0.912676 0.908356 0.894389 0.877353 0.868667 0.862996 0.885098 0.558812 0.531491 0.540947 0.554794 0.482946 0.402914 0.302739 0.189504 0.070563 0.080392 0.081909 0.094750 0.138839 0.180603 0.225375 0.268492 0.290723 0.318690 0.356534 0.389813 0.381420 0.348301 0.316486 0.284012 0.259369 0.235677 0.230916 0.249574 0.322011 0.381006 0.446806 0.529377 0.602875 0.642199 0.630336 0.580534 0.502690 0.437652 0.759147 0.737934 0.737017 0.906526 0.900312 0.900581 0.900344 0.908134 1.019852 1.052041 1.080493 1.106941 1.132265 1.169583 1.201658 1.233117 1.252569 1.260679 1.249672 1.226660 1.098405 1.072491 1.089952 1.036498 1.073941 0.961358 0.960858 0.961601 0.964682 0.965624 0.973754 0.951923 0.916077 0.896815 0.855228 0.806450 0.814287 0.748918
0.000000 0.000000 0.000000 0.000000 0.000000 0.000000 0.000000 0.000000 0.000000 0.000000 0.000000 0.000000 0.000000 0.000000 0.000000 0.000000 0.000000 0.000000 0.000000 0.000000 0.000000 0.000000 0.000000 0.000000 0.000000 0.000000 0.000000 0.000000 0.000000 0.000000 0.000000 0.000000 0.000000 0.000000 0.000000 0.000000 0.000000 0.000000 0.000000 0.000000 0.000000 0.000000 0.000000 0.000000 0.000000 0.000000 0.000000 0.000000 0.000000 0.000000 0.000000 0.000000 0.000000 0.000000 0.000000 0.000000 0.000000 0.000000 0.000000 0.000000 0.000000 0.000000 0.000000 0.000000 0.000000 0.000000 0.000000 0.000000 0.000000 0.000000 0.000000 0.000000 0.000000 0.000000 0.000000 0.000000 0.000000 0.000000 0.000000 0.000000 0.000000 0.000000 0.000000 0.000000 0.000000 0.000000 0.000000 0.000000 0.000000 0.000000 0.000000 0.000000 0.000000 0.499230 0.592822 0.728172 0.827306 0.917680 1.005152 1.070234 1.106751 1.118915 1.119631 1.024345 1.002286 1.005573 1.030210 1.054553 1.071773 1.039191 0.983426 0.776988 0.759033 0.946645 0.893959 0.656521 0.610442 0.811198 0.388998 0.448162 0.386504 0.381796 0.392064 0.445548 0.495448 0.507368 0.529631 0.471417 0.462070 0.426227 0.359929 0.319829 0.310620 0.334995 0.331454 0.346905 0.365423 0.386823 0.389097 0.371261 0.365899 0.363735 0.363437 0.339676 0.305229 0.270566 0.239807 0.213554 0.214755 0.260088 0.621861 0.617873 0.606033 0.579917 0.556470 0.536837 0.651585 0.647755 0.666530 0.729347 0.894440 0.789794 0.849161 0.438236 0.424335 0.356596 0.326023 0.360498 0.413750 0.454741 0.423747 0.339733 0.268132 0.218641 0.192458 0.197239 0.220694 0.248894 0.274108 0.286033 0.293568 0.766924 0.711188 0.660179 0.610752 0.562784 0.555384 0.593596 0.618149 0.697128 0.734269 0.820154 0.971643 1.040968 1.077867 1.124850 1.160137 1.181089 1.168254 1.161171 1.154006 1.079805 0.941390 0.973594 0.727907 0.753547 0.777792 0.777002 0.719570 0.567599 0.259145 0.139053 0.119996 0.184169 0.247972 0.296180 0.310190 0.312080 0.312164 0.324597 0.344087 0.375534 0.409663 0.443312 0.403921 0.355940 0.315026 0.245062 0.193367 0.147141 0.195742 0.295348 0.376194 0.454722 0.501399 0.550452 0.611495 0.635361 0.625730 0.583339 0.518416 0.471364 0.449595 0.431871 0.814936 0.790783 0.769058 0.748265 0.729366 0.721969 0.729270 0.909287 0.950154 1.092074 1.070148 1.149877 1.225194 1.402695 1.436105 1.434312 1.396919 1.340634 1.185646 1.140009 1.110508 1.100326 1.095701 1.095658 1.101874 1.198354 1.197628 1.193369 1.180912 1.152879 1.036932 1.046097 0.966559 0.859134 0.782015 0.771071
0.000000 0.000000 0.000000 0.000000 0.000000 0.000000 0.000000 0.000000 0.000000 0.000000 0.000000 0.000000 0.000000 0.000000 0.000000 0.000000 0.000000 0.000000 0.000000 0.000000 0.000000 0.000000 0.000000 0.000000 0.000000 0.000000 0.000000 0.000000 0.000000 0.000000 0.000000 0.000000 0.000000 0.000000 0.000000 0.000000 0.000000 0.000000 0.000000 0.000000 0.000000 0.000000 0.000000 0.000000 0.000000 0.000000 0.000000 0.000000 0.000000 0.000000 0.000000 0.000000 0.000000 0.000000 0.000000 0.000000 0.000000 0.000000 0.000000 0.000000 0.000000 0.000000 0.000000 0.000000 0.000000 0.000000 0.000000 0.000000 0.000000 0.000000 0.000000 0.000000 0.000000 0.000000 0.000000 0.000000 0.000000 0.000000 0.000000 0.000000 0.000000 0.000000 0.000000 0.000000 0.000000 0.000000 0.000000 0.000000 0.419682 0.450836 0.448286 0.472888 0.489993 0.528326 0.657834 0.810418 0.885242 0.921539 0.961372 0.998748 1.026932 1.042061 0.957228 0.968330 0.806627 0.808575 0.826647 0.836728 0.864243 0.866271 0.876431 1.088874 1.099232 1.115384 1.095422 0.869762 0.809245 0.796996 0.828754 0.895778 0.659359 0.675647 0.633102 0.554046 0.466997 0.396831 0.346490 0.304395 0.262652 0.255920 0.263814 0.280743 0.297010 0.326425 0.354698 0.356494 0.338045 0.290886 0.241679 0.229294 0.231024 0.197146 0.190642 0.205295 0.217270 0.235904 0.250964 0.294332 0.352699 0.721179 0.712643 0.695937 0.668765 0.640927 0.622686 0.610863 0.595838 0.737305 0.648623 0.754532 0.527449 0.486285 0.414098 0.387052 0.407674 0.393400 0.373828 0.331815 0.285557 0.278127 0.277384 0.226297 0.190643 0.186877 0.194985 0.202216 0.224007 0.247153 0.264418 0.273773 0.273643 0.271327 0.727991 0.681949 0.694204 0.679866 0.671088 0.670474 0.686186 0.698731 0.707206 0.705880 0.661739 0.660300 0.649335 0.677256 0.657035 0.731649 0.755745 0.694470 0.910602 0.930956 0.894704 0.917629 0.961330 0.994713 1.008307 0.998885 0.708541 0.589378 0.493868 0.423870 0.459616 0.519865 0.556416 0.569610 0.561514 0.539849 0.516305 0.494827 0.490321 0.492023 0.436586 0.386712 0.335596 0.293464 0.196459 0.137038 0.184085 0.289742 0.404764 0.490121 0.542265 0.572107 0.593700 0.621654 0.630262 0.619706 0.574182 0.534376 0.498968 0.477626 0.429969 0.393701 0.362968 0.336469 0.311932 0.297859 0.255231 0.227758 0.251613 0.290503 0.326866 0.387672 0.787101 1.024842 1.093811 1.167779 1.173549 1.141702 1.190900 1.142577 1.107327 1.088743 1.095588 1.128026 1.166827 1.114747 1.146410 1.157174 1.179672 1.167381 0.953484 1.047266 1.029693 1.058527 0.944385 0.841789 0.779664 0.777735
0.000000 0.000000 0.000000 0.000000 0.000000 0.000000 0.000000 0.000000 0.000000 0.000000 0.000000 0.000000 0.000000 0.000000 0.000000 0.000000 0.000000 0.000000 0.000000 0.000000 0.000000 0.000000 0.000000 0.000000 0.000000 0.000000 0.000000 0.000000 0.000000 0.000000 0.000000 0.000000 0.000000 0.000000 0.000000 0.000000 0.000000 0.000000 0.000000 0.000000 0.000000 0.000000 0.000000 0.000000 0.000000 0.000000 0.000000 0.000000 0.000000 0.000000 0.000000 0.000000 0.000000 0.000000 0.000000 0.000000 0.000000 0.000000 0.000000 0.000000 0.000000 0.000000 0.000000 0.000000 0.000000 0.000000 0.000000 0.000000 0.000000 0.000000 0.000000 0.000000 0.000000 0.000000 0.000000 0.000000 0.000000 0.000000 0.000000 0.000000 0.000000 0.000000 0.000000 0.000000 0.000000 0.000000 0.000000 0.000000 0.427366 0.556311 0.627951 0.661313 0.701807 0.805791 0.904961 0.996898 1.054033 1.084410 1.075582 0.962934 0.943755 0.781199 0.764502 0.932580 0.942239 0.767595 0.757232 0.751028 0.769315 0.805800 0.824759 0.835185 0.849752 0.863883 0.901184 0.889027 0.898724 0.921864 0.945229 0.982969 1.024130 1.033757 1.016136 0.979278 0.937541 0.905314 0.446616 0.363743 0.298166 0.251723 0.214602 0.177401 0.175700 0.203775 0.201427 0.177180 0.161911 0.224428 0.259979 0.244937 0.208503 0.193427 0.218994 0.239593 0.261130 0.295994 0.338747 0.398502 0.766875 0.770359 0.757357 0.736511 0.714364 0.693321 0.681776 0.669450 0.656216 0.783931 0.880711 0.828227 0.458240 0.392742 0.395966 0.399839 0.376785 0.350495 0.297477 0.222986 0.154615 0.124388 0.126774 0.171375 0.215164 0.246486 0.268364 0.296098 0.305214 0.306783 0.313214 0.302749 0.301766 0.304123 0.646276 0.780430 0.770076 0.764668 0.832798 0.803345 0.895240 0.898177 0.885099 0.854609 0.752419 0.719606 0.782422 0.703857 0.692577 0.769557 0.810129 0.742617 0.735775 0.874811 0.898902 0.810408 0.842114 0.852306 0.914666 0.953482 0.972130 0.822338 0.819948 0.557053 0.933260 0.685295 0.700826 0.750381 0.775633 0.762588 0.706555 0.618246 0.463553 0.347982 0.315583 0.318978 0.269014 0.222523 0.240918 0.280411 0.290044 0.254668 0.185028 0.151607 0.196781 0.239143 0.285860 0.322502 0.362026 0.389492 0.407226 0.414450 0.402589 0.359193 0.349949 0.328387 0.324067 0.329983 0.341569 0.374868 0.417929 0.460934 0.506473 0.527936 0.524817 0.423487 0.313189 0.367520 0.682629 0.656676 0.724370 0.845296 0.770637 0.760896 0.859950 0.916034 0.960894 1.045708 1.162457 1.243960 1.298810 1.295733 1.253984 1.217969 1.171591 1.126430 1.034670 0.953914 0.885384 0.844997 0.827364 0.797319
0.000000 0.000000 0.000000 0.000000 0.000000 0.000000 0.000000 0.000000 0.000000 0.000000 0.000000 0.000000 0.000000 0.000000 0.000000 0.000000 0.000000 0.000000 0.000000 0.000000 0.000000 0.000000 0.000000 0.000000 0.000000 0.000000 0.000000 0.000000 0.000000 0.000000 0.000000 0.000000 0.000000 0.000000 0.000000 0.000000 0.000000 0.000000 0.000000 0.000000 0.000000 0.000000 0.000000 0.000000 0.000000 0.000000 0.000000 0.000000 0.000000 0.000000 0.000000 0.000000 0.000000 0.000000 0.000000 0.000000 0.000000 0.000000 0.000000 0.000000 0.000000 0.000000 0.000000 0.000000 0.000000 0.000000 0.000000 0.000000 0.000000 0.000000 0.000000 0.000000 0.000000 0.000000 0.000000 0.000000 0.000000 0.000000 0.000000 0.000000 0.000000 0.000000 0.000000 0.000000 0.000000 0.000000 0.000000 0.000000 0.441252 0.632311 0.726670 0.761033 0.806782 0.869218 0.935561 0.974293 1.002016 0.932188 0.947737 0.959799 0.967454 0.806232 0.783674 0.870624 0.737326 0.713505 0.858667 0.896633 0.835353 0.828245 0.662502 0.677493 0.705786 0.724756 0.765966 0.799937 0.849200 0.839860 0.829718 0.844377 0.882195 0.920394 0.985729 0.981972 0.871770 0.838621 0.846322 0.856456 0.858111 0.433067 0.406756 0.413559 0.431504 0.456784 0.460280 0.440567 0.405040 0.360744 0.380075 0.428457 0.440052 0.423309 0.416258 0.419117 0.412387 0.787886 0.802411 0.813173 0.805224 0.793007 0.771717 0.746984 0.722591 0.704737 0.679390 0.653937 0.634904 0.625109 0.450414 0.529105 0.496766 0.491441 0.458098 0.456664 0.410488 0.339507 0.269544 0.237628 0.227003 0.250237 0.272937 0.284502 0.291367 0.329441 0.456947 0.487434 0.424716 0.369842 0.328124 0.300052 0.276512 0.286590 0.692322 0.700179 0.725915 0.759000 0.813684 1.010404 0.867858 1.038083 0.889833 1.033965 1.018103 1.086648 1.058426 1.024889 0.970164 0.837780 0.786847 0.730179 0.683266 0.660680 0.616491 0.648112 0.688343 0.773390 0.949728 1.044385 1.104423 0.888371 0.843847 0.808621 0.853712 0.927243 0.713781 0.748396 0.786426 0.740501 0.642605 0.495499 0.366170 0.317267 0.317994 0.283950 0.286770 0.304411 0.342320 0.378368 0.370486 0.358090 0.364842 0.360244 0.368021 0.385478 0.406399 0.443905 0.470433 0.492966 0.491152 0.484544 0.460168 0.393099 0.388403 0.397904 0.386713 0.378985 0.412887 0.480005 0.555048 0.638752 0.663855 0.687445 0.704242 0.712798 0.692732 0.609356 0.498182 0.465178 0.411201 0.385751 0.720518 0.672602 0.626466 0.645444 0.719089 0.818064 1.128019 1.229548 1.292999 1.295943 1.269351 1.195464 1.094262 1.057196 1.003650 0.901157 0.856477 0.804725 0.805437 0.762963
0.000000 0.000000 0.000000 0.000000 0.000000 0.000000 0.000000 0.000000 0.000000 0.000000 0.000000 0.000000 0.000000 0.000000 0.000000 0.000000 0.000000 0.000000 0.000000 0.000000 0.000000 0.000000 0.000000 0.000000 0.000000 0.000000 0.000000 0.000000 0.000000 0.000000 0.000000 0.000000 0.000000 0.000000 0.000000 0.000000 0.000000 0.000000 0.000000 0.000000 0.000000 0.000000 0.000000 0.000000 0.000000 0.000000 0.000000 0.000000 0.000000 0.000000 0.000000 0.000000 0.000000 0.000000 0.000000 0.000000 0.000000 0.000000 0.000000 0.000000 0.000000 0.000000 0.000000 0.000000 0.000000 0.000000 0.000000 0.000000 0.000000 0.000000 0.000000 0.000000 0.000000 0.000000 0.000000 0.000000 0.000000 0.000000 0.000000 0.000000 0.000000 0.000000 0.000000 0.000000 0.000000 0.000000 0.000000 0.000000 0.000000 0.451988 0.418217 0.563039 0.661227 0.935195 0.851183 0.915059 0.966151 0.996593 1.025995 1.044203 1.049602 0.814298 0.798664 0.781284 0.756442 0.865351 0.838759 0.703033 0.725630 0.730143 0.736043 0.726670 0.717172 0.706072 0.702040 0.867133 0.871102 0.869967 0.940912 0.778689 0.743870 0.803864 0.844131 0.842407 0.765652 0.720711 0.716907 0.753346 0.801943 0.852126 0.887450 0.924454 0.592179 0.618543 0.652307 0.659956 0.650463 0.625799 0.578064 0.571381 0.496350 0.523993 0.527773 0.511069 0.479167 0.469548 0.502693 0.533708 0.855034 0.843994 0.822452 0.491742 0.470955 0.447944 0.701174 0.680208 0.716975 0.638422 0.457348 0.427614 0.478662 0.397694 0.507449 0.541952 0.507589 0.416659 0.266499 0.199877 0.196823 0.223346 0.253604 0.290304 0.309809 0.328514 0.345361 0.389266 0.442802 0.468028 0.449729 0.408804 0.398241 0.401966 0.433975 0.807958 0.838069 0.889493 0.939689 0.997350 1.037398 1.067535 1.233638 1.225298 1.212731 1.185328 1.236587 1.189911 1.144212 1.088889 1.038327 0.986274 0.951109 0.918993 0.888912 0.647313 0.680865 0.738105 0.418119 0.431805 0.497431 0.438383 0.342968 0.249949 0.183370 0.247934 0.472006 0.753524 0.699282 0.720961 0.692201 0.620366 0.575315 0.468293 0.311312 0.381014 0.471916 0.513050 0.537092 0.539268 0.541884 0.554658 0.552077 0.554608 0.562588 0.589284 0.627091 0.666903 0.693902 0.713250 0.711373 0.706378 0.712802 0.647884 0.568688 0.533231 0.538098 0.553425 0.424587 0.341494 0.326588 0.368084 0.429589 0.509188 0.579617 0.634602 0.679452 0.703791 0.699540 0.674706 0.640215 0.592714 0.541163 0.496344 0.438386 0.399051 0.390904 0.464656 0.576435 0.961979 1.188641 1.195010 1.159068 1.131252 1.111603 0.912219 0.825551 0.875765 0.805098 0.817460 0.824288 0.782691
0.000000 0.000000 0.000000 0.000000 0.000000 0.000000 0.000000 0.000000 0.000000 0.000000 0.000000 0.000000 0.000000 0.000000 0.000000 0.000000 0.000000 0.000000 0.000000 0.000000 0.000000 0.000000 0.000000 0.000000 0.000000 0.000000 0.000000 0.000000 0.000000 0.000000 0.000000 0.000000 0.000000 0.000000 0.000000 0.000000 0.000000 0.000000 0.000000 0.000000 0.000000 0.000000 0.000000 0.000000 0.000000 0.000000 0.000000 0.000000 0.000000 0.000000 0.000000 0.000000 0.000000 0.000000 0.000000 0.000000 0.000000 0.000000 0.000000 0.000000 0.000000 0.000000 0.000000 0.000000 0.000000 0.000000 0.000000 0.000000 0.000000 0.000000 0.000000 0.000000 0.000000 0.000000 0.000000 0.000000 0.000000 0.000000 0.000000 0.000000 0.000000 0.000000 0.000000 0.000000 0.000000 0.000000 0.000000 0.000000 0.000000 0.416906 0.000000 0.000000 0.000000 0.000000 0.562894 0.697001 0.838853 0.918620 0.956763 0.975842 0.991685 0.996731 0.914513 0.905184 0.889588 0.852178 0.854954 0.892585 0.787154 0.819401 0.845177 0.854340 0.858908 0.849292 0.829698 0.783525 0.740571 0.724975 0.885349 0.879247 0.839399 0.641441 0.609734 0.660033 0.688454 0.695937 0.711188 0.745414 0.816381 0.876905 0.906791 0.907743 0.888577 0.869950 0.865822 0.869390 0.870394 0.875193 0.864319 0.869208 0.534053 0.536224 0.537195 0.545687 0.839660 0.497001 0.500789 0.547714 0.595446 0.611939 0.623380 0.625689 0.880810 0.844555 0.801002 0.444190 0.721335 0.501179 0.636091 0.608960 0.634046 0.822678 0.743799 0.300576 0.456761 0.429342 0.293486 0.196058 0.125291 0.125523 0.159360 0.170305 0.188473 0.201223 0.230488 0.258414 0.255831 0.333861 0.429556 0.480190 0.494099 0.489350 0.462489 0.497941 0.563195 0.658854 0.763984 0.867790 1.231840 1.251086 1.262633 1.261608 1.215287 1.307363 1.230173 1.190862 1.128299 1.078447 0.905896 1.082134 1.181694 1.180862 1.177221 1.076876 0.907085 0.895683 0.565478 0.561974 0.564921 0.562667 0.557956 0.533790 0.505933 0.502330 0.477154 0.521889 0.544078 0.533623 0.562043 0.585831 0.554709 0.551934 0.456701 0.382537 0.416998 0.478427 0.540257 0.615179 0.664495 0.700766 0.711683 0.716543 0.730350 0.748224 0.758300 0.801577 0.830758 0.841935 0.841403 0.852642 0.882695 0.896259 0.916708 0.935165 0.758621 0.793653 0.706063 0.632619 0.581150 0.554393 0.563224 0.588295 0.638400 0.701911 0.746053 0.763329 0.764369 0.759025 0.743997 0.713274 0.660218 0.606614 0.554087 0.512478 0.489924 0.480227 0.509563 0.584213 0.966682 0.981372 0.970004 1.128304 0.922624 1.034788 0.960137 0.896873 0.834931 0.825888 0.833331 0.803517
0.000000 0.000000 0.000000 0.000000 0.000000 0.000000 0.000000 0.000000 0.000000 0.000000 0.000000 0.000000 0.000000 0.000000 0.000000 0.000000 0.000000 0.000000 0.000000 0.000000 0.000000 0.000000 0.000000 0.000000 0.000000 0.000000 0.000000 0.000000 0.000000 0.000000 0.000000 0.000000 0.000000 0.000000 0.000000 0.000000 0.000000 0.000000 0.000000 0.000000 0.000000 0.000000 0.000000 0.000000 0.000000 0.000000 0.000000 0.000000 0.000000 0.000000 0.000000 0.000000 0.000000 0.000000 0.000000 0.000000 0.000000 0.000000 0.000000 0.000000 0.000000 0.000000 0.000000 0.000000 0.000000 0.000000 0.000000 0.000000 0.000000 0.000000 0.000000 0.000000 0.000000 0.000000 0.000000 0.000000 0.000000 0.000000 0.000000 0.000000 0.000000 0.000000 0.000000 0.000000 0.000000 0.000000 0.000000 0.000000 0.000000 0.000000 0.000000 0.000000 0.000000 0.000000 0.454891 0.569535 0.671157 0.750875 0.806473 0.846364 0.884907 0.908005 0.915907 0.847889 0.843978 0.838833 0.834175 0.825929 0.841752 0.864923 0.738900 0.755529 0.771374 0.787499 0.793049 0.788776 0.919757 0.892323 0.731721 0.835307 0.805206 0.623033 0.589958 0.613079 0.666313 0.711900 0.752956 0.802543 0.851415 0.883219 0.880166 0.874612 0.846618 0.525690 0.782575 0.757607 0.741274 0.733891 0.733671 0.737126 0.755045 0.787103 0.492164 0.488384 0.489966 0.811396 0.479671 0.822517 0.527373 0.537758 0.561142 0.578861 0.583489 0.496956 0.515898 0.479345 0.452918 0.361068 0.391477 0.807137 0.654408 0.596045 0.648828 0.312984 0.780030 0.854524 0.849220 0.887897 0.450472 0.383568 0.331503 0.268138 0.196747 0.131725 0.086933 0.131377 0.206680 0.293732 0.384057 0.445147 0.462034 0.455792 0.409439 0.467907 0.493374 0.564861 0.661006 0.746440 0.828318 0.901792 0.913794 0.865106 0.790781 0.759992 0.771690 1.047223 1.055095 1.085237 1.101596 1.112066 1.118728 1.122198 1.112895 1.101431 1.097338 1.102305 1.107109 1.121777 1.186492 1.284738 1.359606 1.057306 1.056904 1.047986 1.037657 0.939395 0.913398 0.830263 0.777056 0.767275 0.654945 0.542546 0.482437 0.465210 0.437063 0.460899 0.507352 0.545526 0.615328 0.700550 0.790992 0.841243 0.835495 0.817773 0.762989 0.761199 0.779579 0.818789 0.879461 0.922913 0.897887 0.877833 0.899441 0.963305 1.011466 1.025083 1.007804 0.972217 0.931360 0.898200 0.889612 0.887059 0.891229 0.901495 0.896636 0.864489 0.851673 0.845375 0.755886 0.660331 0.540300 0.478030 0.472801 0.496439 0.547561 0.589613 0.607248 0.962994 0.978999 0.990873 0.988384 0.987342 0.964708 0.916265 0.868269 0.832224 0.765894 0.710540 0.678320 0.655233
0.000000 0.000000 0.000000 0.000000 0.000000 0.000000 0.000000 0.000000 0.000000 0.000000 0.000000 0.000000 0.000000 0.000000 0.000000 0.000000 0.000000 0.000000 0.000000 0.000000 0.000000 0.000000 0.000000 0.000000 0.000000 0.000000 0.000000 0.000000 0.000000 0.000000 0.000000 0.000000 0.000000 0.000000 0.000000 0.000000 0.000000 0.000000 0.000000 0.000000 0.000000 0.000000 0.000000 0.000000 0.000000 0.000000 0.000000 0.000000 0.000000 0.000000 0.000000 0.000000 0.000000 0.000000 0.000000 0.000000 0.000000 0.000000 0.000000 0.000000 0.000000 0.000000 0.000000 0.000000 0.000000 0.000000 0.000000 0.000000 0.000000 0.000000 0.000000 0.000000 0.000000 0.000000 0.000000 0.000000 0.000000 0.000000 0.000000 0.000000 0.000000 0.000000 0.000000 0.000000 0.000000 0.000000 0.000000 0.000000 0.000000 0.000000 0.000000 0.000000 0.000000 0.000000 0.000000 0.000000 0.000000 0.504403 0.614433 0.694203 0.753092 0.787985 0.813180 0.822511 0.822731 0.825476 0.829735 0.831332 0.826441 0.760410 0.766609 0.784492 0.660107 0.822771 0.842645 0.866046 0.880914 0.887011 0.876417 0.850239 0.816278 0.642799 0.615818 0.612692 0.631872 0.644469 0.673098 0.699836 0.720620 0.738417 0.750113 0.761981 0.760184 0.748839 0.354825 0.722470 0.703639 0.687363 0.673514 0.666480 0.665617 0.675324 0.705164 0.738892 0.392997 0.359383 0.330862 0.315440 0.313359 0.407046 0.345756 0.375459 0.385533 0.380148 0.378791 0.373299 0.357363 0.334201 0.317413 0.297160 0.295284 0.325230 0.661931 0.607676 0.674426 0.779672 0.972091 0.873053 0.936884 0.958577 0.964799 0.956284 0.499933 0.433881 0.378826 0.397559 0.445091 0.487333 0.539425 0.511433 0.499851 0.491288 0.412820 0.331151 0.275870 0.290575 0.359646 0.424670 0.475878 0.512589 0.552853 0.610508 0.646233 0.641931 0.669256 0.742749 0.820527 0.826138 0.785846 0.751481 0.731840 0.717254 0.684054 0.666420 0.705985 0.783411 0.851976 0.901043 0.927585 1.023149 1.129596 1.490684 1.225237 1.196474 1.139404 1.052559 0.987290 0.942588 0.913607 0.806112 0.637924 0.489380 0.431482 0.446815 0.462759 0.482186 0.494949 0.532810 0.632696 0.728918 0.780483 0.838365 0.861856 0.905578 0.922660 0.884718 0.862071 0.926807 0.959823 0.978642 0.903636 0.865386 0.866535 0.876596 0.909322 0.914697 0.913831 0.911935 0.924550 0.936859 0.947511 0.960266 0.970618 0.908658 0.845006 0.772470 0.751064 0.678813 0.542932 0.445148 0.384379 0.379598 0.375670 0.393184 0.451160 0.496163 0.537993 0.576183 1.003716 1.014988 1.025438 1.015582 0.987767 0.958601 0.925289 0.882838 0.822371 0.757897 0.714605 0.694963
0.000000 0.000000 0.000000 0.000000 0.000000 0.000000 0.000000 0.000000 0.000000 0.000000 0.000000 0.000000 0.000000 0.000000 0.000000 0.000000 0.000000 0.000000 0.000000 0.000000 0.000000 0.000000 0.000000 0.000000 0.000000 0.000000 0.000000 0.000000 0.000000 0.000000 0.000000 0.000000 0.000000 0.000000 0.000000 0.000000 0.000000 0.000000 0.000000 0.000000 0.000000 0.000000 0.000000 0.000000 0.000000 0.000000 0.000000 0.000000 0.000000 0.000000 0.000000 0.000000 0.000000 0.000000 0.000000 0.000000 0.000000 0.000000 0.000000 0.000000 0.000000 0.000000 0.000000 0.000000 0.000000 0.000000 0.000000 0.000000 0.000000 0.000000 0.000000 0.000000 0.000000 0.000000 0.000000 0.000000 0.000000 0.000000 0.000000 0.000000 0.000000 0.000000 0.000000 0.000000 0.000000 0.000000 0.000000 0.000000 0.000000 0.000000 0.000000 0.000000 0.000000 0.000000 0.000000 0.000000 0.000000 0.000000 0.450520 0.517196 0.576022 0.624804 0.659783 0.680427 0.692216 0.698153 0.699908 0.698016 0.721791 0.727052 0.674679 0.559187 0.573760 0.731958 0.814929 0.768956 0.784939 0.800772 0.814340 0.809485 0.836779 0.818554 0.776439 0.713358 0.526695 0.525552 0.606315 0.685355 0.691250 0.644004 0.623744 0.661381 0.695094 0.708118 0.724652 0.745392 0.759513 0.763749 0.757676 0.754637 0.752897 0.745673 0.714385 0.702931 0.726310 0.382301 0.329182 0.289858 0.265814 0.238731 0.232322 0.243809 0.293096 0.259686 0.261914 0.275739 0.298564 0.295338 0.332716 0.383292 0.420027 0.445341 0.468439 0.781577 0.747347 0.715206 0.712844 0.802389 0.551317 0.448623 1.016153 0.994945 1.004362 0.603049 0.644847 1.097727 0.742567 0.773925 0.754881 0.717194 0.703616 0.700355 0.691593 0.588438 0.476545 0.510052 0.528231 0.523652 0.510623 0.528211 0.571511 0.566548 0.577576 0.590640 0.598625 0.617536 0.622971 0.572162 0.531376 0.485652 0.465416 0.461117 0.467690 0.486828 0.509755 0.528133 0.591797 0.632643 0.686323 0.826168 0.951251 1.345664 1.089302 1.077800 1.064618 1.076915 1.081110 1.024594 0.916314 0.750089 0.678111 0.612334 0.570772 0.528955 0.506471 0.513998 0.525224 0.540826 0.534943 0.565715 0.651635 0.761460 0.862111 1.031715 1.155329 1.119295 1.084860 1.049712 1.007332 0.996135 1.031684 1.041973 1.010846 0.894780 0.824571 0.790227 0.790111 0.824654 0.872659 0.904863 0.899309 0.905601 0.892397 0.861576 0.850846 0.797184 0.726054 0.626785 0.564614 0.540782 0.513889 0.479563 0.455425 0.432402 0.419710 0.409329 0.402030 0.403316 0.397143 0.432812 0.457304 0.465969 0.467651 0.484593 0.489329 0.862881 0.800396 0.316849 0.284605 0.294226
0.000000 0.000000 0.000000 0.000000 0.000000 0.000000 0.000000 0.000000 0.000000 0.000000 0.000000 0.000000 0.000000 0.000000 0.000000 0.000000 0.000000 0.000000 0.000000 0.000000 0.000000 0.000000 0.000000 0.000000 0.000000 0.000000 0.000000 0.000000 0.000000 0.000000 0.000000 0.000000 0.000000 0.000000 0.000000 0.000000 0.000000 0.000000 0.000000 0.000000 0.000000 0.000000 0.000000 0.000000 0.000000 0.000000 0.000000 0.000000 0.000000 0.000000 0.000000 0.000000 0.000000 0.000000 0.000000 0.000000 0.000000 0.000000 0.000000 0.000000 0.000000 0.000000 0.000000 0.000000 0.000000 0.000000 0.000000 0.000000 0.000000 0.000000 0.000000 0.000000 0.000000 0.000000 0.000000 0.000000 0.000000 0.000000 0.000000 0.000000 0.000000 0.000000 0.000000 0.000000 0.000000 0.000000 0.000000 0.000000 0.000000 0.000000 0.000000 0.000000 0.000000 0.000000 0.000000 0.000000 0.000000 0.000000 0.000000 0.000000 0.000000 0.437721 0.475005 0.501217 0.518567 0.534381 0.540984 0.541448 0.540438 0.581224 0.589649 0.620593 0.513903 0.531829 0.550939 0.715030 0.732177 0.740492 0.745002 0.751809 0.766396 0.774862 0.744567 0.569923 0.690501 0.679564 0.733860 0.740364 0.552034 0.549420 0.576743 0.633836 0.685608 0.735670 0.749217 0.770216 0.785243 0.958696 0.962074 0.966479 0.795111 0.777444 0.449970 0.700156 0.694730 0.729189 0.341300 0.310420 0.281392 0.306662 0.338118 0.349935 0.344591 0.384331 0.439807 0.496126 0.567243 0.619109 0.664961 0.705873 0.728969 0.711167 0.665760 0.933012 0.881817 0.846632 0.827443 0.830620 0.853331 0.948341 1.099360 1.210183 1.312262 1.359523 1.307245 1.255784 1.256814 1.306078 1.348693 1.410580 1.043664 1.026101 0.942701 0.784706 0.669151 0.725526 0.741482 0.747878 0.815904 0.761408 0.712373 0.632439 0.548253 0.540561 0.552305 0.560818 0.549095 0.561593 0.557818 0.529418 0.517463 0.531926 0.547049 0.556437 0.589747 0.641003 0.616592 0.612119 0.771156 0.895342 0.981634 1.019102 1.011147 1.014203 1.019996 1.009481 0.964029 0.884484 0.854690 0.841001 0.814525 0.768349 0.716107 0.650887 0.615068 0.582054 0.514518 0.503774 0.523416 0.560834 0.601952 0.665459 0.776304 0.918599 1.077389 1.206094 1.268365 1.258951 1.153949 1.082971 1.065732 1.098047 1.054574 0.998027 0.976441 0.960893 0.938803 0.946954 0.923502 0.894080 0.871735 0.864932 0.852695 0.854766 0.854042 0.834086 0.789820 0.742533 0.736982 0.712415 0.649319 0.595332 0.555629 0.528939 0.529520 0.523148 0.502983 0.465374 0.420559 0.396149 0.381726 0.387359 0.386991 0.392655 0.395646 0.411817 0.370810 0.311580 0.340951 0.370692
0.000000 0.000000 0.000000 0.000000 0.000000 0.000000 0.000000 0.000000 0.000000 0.000000 0.000000 0.000000 0.000000 0.000000 0.000000 0.000000 0.000000 0.000000 0.000000 0.000000 0.000000 0.000000 0.000000 0.000000 0.000000 0.000000 0.000000 0.000000 0.000000 0.000000 0.000000 0.000000 0.000000 0.000000 0.000000 0.000000 0.000000 0.000000 0.000000 0.000000 0.000000 0.000000 0.000000 0.000000 0.000000 0.000000 0.000000 0.000000 0.000000 0.000000 0.000000 0.000000 0.000000 0.000000 0.000000 0.000000 0.000000 0.000000 0.000000 0.000000 0.000000 0.000000 0.000000 0.000000 0.000000 0.000000 0.000000 0.000000 0.000000 0.000000 0.000000 0.000000 0.000000 0.000000 0.000000 0.000000 0.000000 0.000000 0.000000 0.000000 0.000000 0.000000 0.000000 0.000000 0.000000 0.000000 0.457461 0.529473 0.594501 0.642621 0.683027 0.695594 0.692715 0.712847 0.719222 0.709951 0.684818 0.658444 0.618646 0.626650 0.556194 0.393744 0.381690 0.368553 0.351273 0.343723 0.000000 0.000000 0.004000 0.386717 0.506867 0.550055 0.605729 0.616856 0.647751 0.676496 0.716823 0.762064 0.812888 0.858176 0.764430 0.262791 0.245869 0.218316 0.235413 0.572538 0.696697 0.696821 0.683816 0.527779 0.535544 0.585788 0.653509 0.701747 0.734016 0.755405 0.501747 0.771278 0.792343 0.808158 0.823496 0.985587 0.768566 0.714821 0.276336 0.257723 0.271989 0.266451 0.287995 0.315942 0.393423 0.516425 0.625597 0.584713 0.615765 0.620798 0.633754 0.643055 0.646285 0.668890 0.713342 0.723421 0.674267 0.617670 0.597513 0.606341 0.606244 0.602305 0.511533 0.533596 0.605164 0.636968 0.713471 0.786056 0.883355 0.947820 0.998035 0.987696 1.004926 1.004279 1.062129 1.113607 1.031634 0.913696 0.773925 0.602650 0.484919 0.573594 0.714863 0.815198 0.874887 0.874223 0.775411 0.661881 0.563175 0.505977 0.487110 0.547397 0.584101 0.644254 0.725004 0.783118 0.779605 0.777481 0.792732 0.860681 0.848912 0.839533 0.899909 0.917251 0.797136 0.761527 0.804045 0.849687 0.879030 0.852531 0.795592 0.818450 0.859551 0.867924 0.821724 0.727560 0.659863 0.614169 0.576784 0.554456 0.570017 0.608277 0.646817 0.666878 0.669962 0.692420 0.723256 0.788816 0.903665 1.027456 1.136170 1.217314 1.248860 1.256176 1.227414 1.184941 1.081419 0.972127 0.936438 0.938940 0.958625 0.973512 1.381954 1.367656 0.911572 0.880331 0.851554 0.833855 0.845972 0.888003 0.918552 0.873281 0.826157 0.786428 0.741324 0.706659 0.657829 0.629925 0.620147 0.602420 0.578518 0.525229 0.475441 0.444512 0.424092 0.418540 0.419352 0.418308 0.429791 0.390390 0.387697 0.379386 0.398397 0.421813
0.000000 0.000000 0.000000 0.000000 0.000000 0.000000 0.000000 0.000000 0.000000 0.000000 0.000000 0.000000 0.000000 0.000000 0.000000 0.000000 0.000000 0.000000 0.000000 0.000000 0.000000 0.000000 0.000000 0.000000 0.000000 0.000000 0.000000 0.000000 0.000000 0.000000 0.000000 0.000000 0.000000 0.000000 0.000000 0.000000 0.000000 0.000000 0.000000 0.000000 0.000000 0.000000 0.000000 0.000000 0.000000 0.000000 0.000000 0.000000 0.000000 0.000000 0.000000 0.000000 0.000000 0.000000 0.000000 0.000000 0.000000 0.000000 0.000000 0.000000 0.000000 0.000000 0.000000 0.000000 0.000000 0.000000 0.000000 0.000000 0.000000 0.000000 0.000000 0.000000 0.000000 0.000000 0.000000 0.000000 0.000000 0.000000 0.000000 0.396858 0.422032 0.438121 0.446512 0.452014 0.578992 0.659666 0.670985 0.724490 0.771236 0.799870 0.821007 0.837263 0.839750 0.842455 0.841989 0.913825 0.900702 0.881329 0.857458 0.853385 0.844327 0.739159 0.686211 0.665486 0.621961 0.576749 0.549504 0.522862 0.506776 0.435642 0.505513 0.539356 0.511370 0.576836 0.646569 0.684585 0.562194 0.566634 0.570402 0.576953 0.230870 0.224714 0.208913 0.173210 0.589128 0.609675 0.623181 0.626172 0.618324 0.607063 0.182556 0.130671 0.233731 0.307135 0.366378 0.411694 0.702272 0.721080 0.425824 0.448453 0.492869 0.538007 0.863445 0.838614 0.797206 0.282628 0.123981 0.079231 0.148355 0.259115 0.388305 0.534802 0.626646 0.655143 0.644376 0.643338 0.664422 0.697429 0.695184 0.701514 0.665625 0.416102 0.402194 0.333490 0.329602 0.367024 0.383685 0.386758 0.334580 0.307883 0.320215 0.360543 0.356500 0.411464 0.440142 0.501757 0.599196 0.737465 0.867886 0.916491 0.967974 1.000971 0.992085 0.909468 0.819053 0.741177 0.641863 0.485435 0.404960 0.516472 0.647578 0.725934 0.751539 0.741625 0.624682 0.608397 0.686731 0.729131 0.756011 0.777219 0.778398 0.785712 0.830503 0.850706 0.923956 0.896671 0.782238 0.730788 0.675818 0.547845 0.461094 0.466986 0.534020 0.675694 0.781267 0.810729 0.824548 0.839621 0.847877 0.902000 0.907612 0.835803 0.734312 0.630169 0.585750 0.566883 0.555039 0.556402 0.574781 0.577849 0.556242 0.543164 0.533883 0.557080 0.580654 0.630067 0.706668 0.806074 0.924288 1.003065 1.072448 1.120451 1.110106 1.022258 0.920665 0.823280 0.719616 0.665177 0.655368 0.682305 0.713500 0.756876 0.814058 0.879597 0.890380 0.923872 0.968112 0.981725 0.955383 0.919205 0.875663 0.840205 0.809063 0.778976 0.760819 0.731546 0.700234 0.654473 0.642966 0.643095 0.639786 0.620270 0.597182 0.537346 0.496453 0.468561 0.411553 0.403280 0.426719 0.442383
0.000000 0.000000 0.000000 0.000000 0.000000 0.000000 0.000000 0.000000 0.000000 0.000000 0.000000 0.000000 0.000000 0.000000 0.000000 0.000000 0.000000 0.000000 0.000000 0.000000 0.000000 0.000000 0.000000 0.000000 0.000000 0.000000 0.000000 0.000000 0.000000 0.000000 0.000000 0.000000 0.000000 0.000000 0.000000 0.000000 0.000000 0.000000 0.000000 0.000000 0.000000 0.000000 0.000000 0.000000 0.000000 0.000000 0.000000 0.000000 0.000000 0.000000 0.000000 0.000000 0.000000 0.000000 0.000000 0.000000 0.000000 0.000000 0.000000 0.000000 0.000000 0.000000 0.000000 0.000000 0.000000 0.000000 0.000000 0.000000 0.000000 0.000000 0.000000 0.000000 0.000000 0.000000 0.000000 0.000000 0.424207 0.471501 0.511439 0.545133 0.567998 0.589243 0.608205 0.623849 0.682665 0.685904 0.730200 0.614566 0.639893 0.661401 0.666989 0.673102 0.679810 0.696789 0.711694 0.733930 0.755238 0.770860 0.916382 0.987059 0.951809 0.887291 0.833764 0.798670 0.740149 0.694367 0.670587 0.608565 0.601842 0.575323 0.523301 0.481834 0.518032 0.546240 0.597346 0.646654 0.690890 0.728008 0.744109 0.759941 0.767724 0.770657 0.619445 0.615958 0.614801 0.624111 0.629280 0.628757 0.629196 0.623166 0.610269 0.264366 0.190749 0.226596 0.303802 0.710529 0.751422 0.431740 0.441776 0.479299 0.554062 0.617483 0.678535 1.094767 1.149372 0.841392 0.755004 0.748527 0.763184 0.744992 0.755265 0.756500 0.734626 0.678253 0.639780 0.656342 0.670549 0.635676 0.523423 0.381474 0.210949 0.188131 0.193106 0.285686 0.430262 0.458192 0.422657 0.407678 0.365523 0.333746 0.377221 0.470671 0.480627 0.505129 0.543941 0.482320 0.409276 0.377437 0.414757 0.533654 0.711517 0.898905 0.993362 1.046349 1.065196 1.077963 1.027048 0.825285 0.596739 0.488354 0.498544 0.515475 0.578783 0.663369 0.745823 0.808826 0.853930 0.882124 0.937067 0.949648 0.965886 0.969899 0.955874 0.967951 0.987327 0.989381 0.835084 0.617052 0.499621 0.487033 0.527010 0.625564 0.728636 0.793625 0.799580 0.848481 0.916100 0.960034 0.967498 0.916000 0.874502 0.806671 0.742310 0.592189 0.518248 0.490543 0.480194 0.468900 0.452925 0.430172 0.410338 0.397959 0.425226 0.481524 0.482846 0.537881 0.613521 0.646588 0.658365 0.665024 0.719712 0.820009 0.864902 0.874396 0.881865 0.809018 0.682860 0.568332 0.512912 0.495212 0.513815 0.574888 0.645834 0.723706 0.796728 0.881949 0.962433 1.048900 1.061667 1.026648 1.004458 0.972637 0.936899 0.890553 0.850336 0.806982 0.773335 0.766081 0.775663 0.774101 0.725488 0.649027 0.564337 0.510580 0.464954 0.430723 0.420846 0.445955 0.458398 0.463668
0.000000 0.000000 0.000000 0.000000 0.000000 0.000000 0.000000 0.000000 0.000000 0.000000 0.000000 0.000000 0.000000 0.000000 0.000000 0.000000 0.000000 0.000000 0.000000 0.000000 0.000000 0.000000 0.000000 0.000000 0.000000 0.000000 0.000000 0.000000 0.000000 0.000000 0.000000 0.000000 0.000000 0.000000 0.000000 0.000000 0.000000 0.000000 0.000000 0.000000 0.000000 0.000000 0.000000 0.000000 0.000000 0.000000 0.000000 0.000000 0.000000 0.000000 0.000000 0.000000 0.000000 0.000000 0.000000 0.000000 0.000000 0.000000 0.000000 0.000000 0.000000 0.000000 0.000000 0.000000 0.000000 0.000000 0.000000 0.000000 0.000000 0.000000 0.000000 0.000000 0.004000 0.501588 0.642762 0.609913 0.533529 0.550602 0.552171 0.553554 0.610085 0.656465 0.698995 0.737598 0.769346 0.800324 1.195084 0.634892 0.642314 0.659798 0.675877 0.685564 0.688656 0.687420 0.686665 0.690758 0.697793 0.701523 0.700835 0.715852 0.710568 0.824888 0.782423 0.740078 0.700945 0.687816 0.681836 0.676669 0.681358 0.662963 0.618361 0.571958 0.541506 0.529299 0.556499 0.635737 0.628850 0.679532 0.791164 0.818328 0.837302 0.855786 0.865217 0.861819 0.856109 0.844184 0.772162 0.771204 0.625162 0.617549 0.617290 0.630869 0.668219 0.397472 0.402207 0.437409 0.476816 0.526180 0.578110 0.630941 0.590484 0.561585 0.988505 0.634451 0.667959 0.682884 0.713696 0.742500 0.814617 0.867509 0.828227 0.834128 0.821525 0.746634 0.660127 0.547201 0.461376 0.410868 0.385491 0.309170 0.233207 0.239051 0.358114 0.436594 0.542374 0.683526 0.717771 0.688003 0.643471 0.601549 0.568779 0.475352 0.473981 0.491278 0.494534 0.461173 0.420156 0.391183 0.443182 0.599099 0.644810 0.660113 0.732017 0.829524 0.997609 1.064469 1.093564 1.048015 0.966940 0.795478 0.687348 0.633132 0.648838 0.728515 0.825822 0.936140 1.042054 1.110930 1.133359 1.129409 1.125467 1.097854 1.106001 1.104052 1.095642 1.130526 0.777881 0.613917 0.605660 0.698869 0.803147 0.909015 0.989485 1.097840 1.247556 1.191478 1.165668 1.143824 1.099050 1.010639 0.950139 0.880628 0.803191 0.638187 0.476006 0.397456 0.372295 0.373578 0.357395 0.315522 0.269547 0.257186 0.260522 0.322039 0.460178 0.541987 0.512839 0.556259 0.594524 0.629988 0.662841 0.702120 0.743540 0.797041 0.833271 0.856469 0.747204 0.640576 0.565602 0.539855 0.548625 0.586620 0.635147 0.702757 0.759316 0.813220 0.870312 0.933190 0.994214 1.070179 1.059140 1.014497 0.978523 0.947541 0.897724 0.836687 0.812175 0.807413 0.826051 0.829105 0.758667 0.681752 0.626306 0.573210 0.530193 0.496181 0.491147 0.503606 0.497846 0.506456
0.000000 0.000000 0.000000 0.000000 0.000000 0.000000 0.000000 0.000000 0.000000 0.000000 0.000000 0.000000 0.000000 0.000000 0.000000 0.000000 0.000000 0.000000 0.000000 0.000000 0.000000 0.000000 0.000000 0.000000 0.000000 0.000000 0.000000 0.000000 0.000000 0.000000 0.000000 0.000000 0.000000 0.000000 0.000000 0.000000 0.000000 0.000000 0.000000 0.000000 0.000000 0.000000 0.000000 0.000000 0.000000 0.000000 0.000000 0.000000 0.000000 0.000000 0.000000 0.000000 0.000000 0.000000 0.000000 0.000000 0.000000 0.000000 0.000000 0.000000 0.000000 0.000000 0.000000 0.000000 0.000000 0.000000 0.000000 0.000000 0.000000 0.000000 0.000000 0.000000 0.000000 0.464079 0.555070 0.650589 0.704331 0.731036 0.692357 0.627439 0.640407 0.656803 1.004011 0.716017 0.888940 0.812340 0.857972 0.679315 0.703039 0.707885 0.711615 0.710880 0.703766 0.702109 0.697279 0.689732 0.679051 0.797718 0.816030 0.786973 0.753132 0.793368 0.813321 0.656312 0.531152 0.615008 0.733305 0.620618 0.641181 0.650222 0.648268 0.639806 0.627394 0.619161 0.664246 0.659774 0.604357 0.608399 0.636315 0.664135 0.746913 0.780951 0.729059 0.738617 0.809359 0.806911 0.798184 0.747457 0.776065 0.649942 0.660014 0.672622 0.756480 0.716099 0.376603 0.379575 0.395839 0.398975 0.334507 0.353943 0.424442 0.477202 0.537534 0.650478 0.611558 0.575020 0.577242 0.557457 0.553036 0.535072 0.530525 0.549869 0.521952 0.464614 0.392670 0.310807 0.290675 0.298446 0.327493 0.322223 0.317870 0.366229 0.451797 0.497131 0.541493 0.579031 0.574554 0.552776 0.505061 0.477066 0.484769 0.465110 0.412085 0.401361 0.435960 0.468675 0.490037 0.475208 0.470032 0.422024 0.455440 0.626582 0.859295 1.002340 0.936634 0.964000 1.040043 1.094308 1.015024 0.970212 0.912679 0.852972 0.855687 0.911782 0.956082 0.995291 1.054870 1.105847 1.168185 1.185752 1.263845 1.341451 1.307734 1.281050 1.226789 1.162570 0.937926 0.830106 0.885414 0.964959 0.987862 1.061921 1.136886 1.204775 1.276511 1.330068 1.288935 1.182496 1.146854 1.140567 1.058172 0.927104 0.780624 0.586560 0.432914 0.336390 0.305989 0.341846 0.369700 0.360435 0.341159 0.316927 0.292114 0.282093 0.355078 0.398325 0.389096 0.375784 0.420198 0.511836 0.601219 0.681537 0.701286 0.733089 0.778477 0.812178 0.811904 0.798045 0.720255 0.641606 0.616834 0.645458 0.682501 0.733803 0.785014 0.811456 0.848874 0.884972 0.912222 0.936015 0.969825 1.003844 0.935542 0.897853 0.867609 0.865840 0.863772 0.867411 0.868419 0.864319 0.822467 0.744999 0.684221 0.637491 0.612178 0.578244 0.565310 0.561485 0.579316 1.007613
0.000000 0.000000 0.000000 0.000000 0.000000 0.000000 0.000000 0.000000 0.000000 0.000000 0.000000 0.000000 0.000000 0.000000 0.000000 0.000000 0.000000 0.000000 0.000000 0.000000 0.000000 0.000000 0.000000 0.000000 0.000000 0.000000 0.000000 0.000000 0.000000 0.000000 0.000000 0.000000 0.000000 0.000000 0.000000 0.000000 0.000000 0.000000 0.000000 0.000000 0.000000 0.000000 0.000000 0.000000 0.000000 0.000000 0.000000 0.000000 0.000000 0.000000 0.000000 0.000000 0.000000 0.000000 0.000000 0.000000 0.000000 0.000000 0.000000 0.000000 0.000000 0.000000 0.000000 0.000000 0.000000 0.000000 0.000000 0.000000 0.000000 0.000000 0.000000 0.244457 0.374838 0.125956 0.000000 0.000000 0.540045 0.590325 0.558590 0.604047 0.666036 0.690071 0.718814 0.682807 0.727025 0.743676 0.775825 0.798495 0.816823 0.673317 0.680063 0.686475 0.691846 0.694637 0.695489 0.686150 0.674479 0.771179 0.808206 0.712656 0.712361 0.711916 0.741337 0.888925 0.669831 0.571675 0.465605 0.581606 0.606882 0.633828 0.651458 0.659632 0.665041 0.660821 0.707861 0.699478 0.694623 0.680262 0.653873 0.602044 0.607377 0.630744 0.650702 0.663033 0.666731 0.720585 0.712977 0.648388 0.656965 0.681548 0.712484 0.749295 0.634742 0.318659 0.264321 0.259101 0.308358 0.326900 0.342044 0.352865 0.364585 0.408587 0.445667 0.430044 0.346615 0.342017 0.335316 0.317183 0.302081 0.289708 0.292080 0.296204 0.312490 0.396122 0.455973 0.344984 0.304135 0.303739 0.334711 0.367761 0.427327 0.527612 0.600053 0.612424 0.599864 0.562361 0.502222 0.449212 0.419882 0.390676 0.393604 0.388973 0.367032 0.349402 0.351346 0.389403 0.405523 0.399175 0.358516 0.362545 0.771080 0.320226 0.328226 0.402121 0.520663 0.744169 0.822940 0.912590 1.275799 1.346683 1.035121 1.009593 1.009309 1.053871 1.089359 1.088837 1.095732 1.130775 1.145890 1.185560 1.179407 1.108536 1.034008 0.936730 0.838147 0.756315 0.721551 0.732566 0.799501 0.850233 0.887089 0.860298 0.817975 0.828875 0.899314 0.983829 1.002282 0.939729 0.879766 0.931630 0.742834 0.613129 0.503932 0.460104 0.444880 0.403197 0.354241 0.338806 0.431839 0.462474 0.469549 0.497185 0.587905 0.672845 0.738663 0.731919 0.697234 0.601881 0.480496 0.490177 0.557115 0.634576 0.707774 0.740530 0.772257 0.814815 0.865757 0.914546 0.853571 0.814617 0.765627 0.723492 0.733056 0.775977 0.846835 0.866513 0.876444 0.886731 0.901169 0.926757 0.960357 0.993118 0.992580 0.960835 0.898696 0.865010 0.848824 0.819781 0.795733 0.819267 0.850533 0.792649 0.743559 0.698183 0.675230 0.670279 0.654752 0.623353 0.632417 1.026384
0.000000 0.000000 0.000000 0.000000 0.000000 0.000000 0.000000 0.000000 0.000000 0.000000 0.000000 0.000000 0.000000 0.000000 0.000000 0.000000 0.000000 0.000000 0.000000 0.000000 0.000000 0.000000 0.000000 0.000000 0.000000 0.000000 0.000000 0.000000 0.000000 0.000000 0.000000 0.000000 0.000000 0.000000 0.000000 0.000000 0.000000 0.000000 0.000000 0.000000 0.000000 0.000000 0.000000 0.000000 0.000000 0.000000 0.000000 0.000000 0.000000 0.000000 0.000000 0.000000 0.000000 0.000000 0.000000 0.000000 0.000000 0.000000 0.000000 0.000000 0.000000 0.000000 0.000000 0.000000 0.000000 0.000000 0.000000 0.000000 0.000000 0.000000 0.000000 0.000000 0.000000 0.000000 0.000000 0.000000 0.472459 0.629869 0.688867 0.716594 0.733730 0.766851 0.805525 0.837029 0.840106 0.819565 0.823066 0.831797 0.833956 0.836877 0.774380 0.630472 0.627699 0.624651 0.619142 0.613541 0.605547 0.593115 0.577341 0.747752 0.708724 0.664066 0.638679 0.612825 0.590595 0.611226 0.582602 0.546772 0.557773 0.463197 0.603952 0.624904 0.638228 0.647024 0.700171 0.696759 0.692506 0.683959 0.661911 0.638916 0.630915 0.624136 0.594034 0.605398 0.611028 0.607058 0.478114 0.474644 0.482753 0.524100 0.584930 0.615489 0.631731 0.324383 0.349379 0.397785 0.420513 0.436392 0.461057 0.510338 0.548355 0.502494 0.492027 0.414568 0.343627 0.420519 0.452775 0.450038 0.426829 0.380773 0.322662 0.268975 0.202997 0.269816 0.516905 0.517500 0.537831 0.560752 0.564682 0.496989 0.468521 0.566120 0.640427 0.703123 0.722079 0.672912 0.579013 0.469512 0.395079 0.356589 0.336291 0.359747 0.367941 0.361305 0.360585 0.362156 0.352255 0.359132 0.375618 0.332538 0.305541 0.334179 0.294400 0.292295 0.323153 0.411658 0.542725 0.708517 1.099285 1.181852 1.220032 1.239507 0.933976 0.967353 1.057207 1.158811 1.210834 1.183334 1.039909 0.912573 0.866176 0.869400 0.933114 0.936173 0.871680 0.794543 0.737868 0.732762 0.771285 0.832164 0.746177 0.770953 0.796463 0.908248 0.980067 1.002645 0.956065 0.931304 0.925176 0.954845 0.827485 0.814303 0.790957 0.790306 0.799097 0.766825 0.674222 0.678544 0.720984 0.625260 0.713190 0.820323 0.920134 0.981696 1.010185 0.951217 0.868431 0.797802 1.117044 1.059752 1.063296 1.086566 1.090955 1.133012 1.176698 1.228892 1.274975 1.305736 0.996590 1.011623 0.967318 0.882532 0.813140 0.793140 0.804528 0.845220 0.829568 0.793675 0.778950 0.780666 0.809468 0.839921 0.863090 0.859126 0.821851 0.796023 0.770968 0.745829 0.719965 0.750517 0.798197 0.850341 0.808051 0.764479 0.740321 0.751785 0.739208 0.687265 0.674906 1.036738
0.000000 0.000000 0.000000 0.000000 0.000000 0.000000 0.000000 0.000000 0.000000 0.000000 0.000000 0.000000 0.000000 0.000000 0.000000 0.000000 0.000000 0.000000 0.000000 0.000000 0.000000 0.000000 0.000000 0.000000 0.000000 0.000000 0.000000 0.000000 0.000000 0.000000 0.000000 0.000000 0.000000 0.000000 0.000000 0.000000 0.000000 0.000000 0.000000 0.000000 0.000000 0.000000 0.000000 0.000000 0.000000 0.000000 0.000000 0.000000 0.000000 0.000000 0.000000 0.000000 0.000000 0.000000 0.000000 0.000000 0.000000 0.000000 0.000000 0.000000 0.000000 0.000000 0.000000 0.000000 0.000000 0.000000 0.000000 0.000000 0.000000 0.000000 0.000000 0.000000 0.000000 0.000000 0.000000 0.000000 0.000000 0.000000 0.447183 0.497657 0.539191 0.624025 0.665415 0.696909 0.724072 0.748290 0.762692 0.768619 0.766279 0.765248 0.763256 0.757827 0.748252 0.685193 0.680543 0.536181 0.528011 0.520786 0.508107 0.494234 0.601832 0.575268 0.560445 0.543153 0.531776 0.519855 0.518213 0.451774 0.449491 0.447079 0.516243 0.434039 0.564231 0.615516 0.628009 0.639855 0.644466 0.640212 0.627252 0.617014 0.611932 0.616657 0.614393 0.611322 0.593713 0.489346 0.522452 0.574033 0.305804 0.384121 0.452807 0.491049 0.459007 0.433470 0.441975 0.454122 0.459853 0.454530 0.448785 0.484126 0.542059 0.580481 0.551245 0.484753 0.409952 0.508153 0.603396 0.608614 0.584314 0.522002 0.432961 0.348463 0.268322 0.207754 0.373570 0.583131 0.673440 0.795638 0.855897 0.841942 0.735014 0.680667 0.724474 0.749819 0.755646 0.697047 0.640298 0.585348 0.540362 0.500070 0.461703 0.483161 0.482019 0.444300 0.410837 0.379929 0.302866 0.252288 0.280728 0.381374 0.489789 0.846231 0.868030 0.887387 0.904273 0.916078 1.087849 1.084239 1.093322 1.199684 1.146838 1.023103 1.038437 1.100188 1.174458 1.264548 1.018044 1.033960 0.987003 0.927296 0.836635 0.767689 0.815383 0.912232 1.022264 1.064578 1.095912 1.050777 1.009053 1.056740 1.116619 1.242011 1.310980 1.354222 1.350303 1.286912 1.231006 1.272011 1.388045 1.300914 1.398069 1.320764 1.316889 1.311840 1.256098 1.131926 0.849516 0.842608 0.699099 0.677923 0.785426 0.890825 0.915950 0.935432 0.925864 1.208989 1.140586 1.127346 1.123029 1.140839 1.160719 1.189336 1.205197 1.214327 1.219169 1.226024 1.241810 1.284686 1.321283 1.366162 1.395019 1.084608 0.963656 0.889960 0.815730 0.757384 0.754383 0.756108 0.724350 0.714193 0.714045 0.738886 0.772181 0.758181 0.737289 0.703752 0.673968 0.678726 0.705217 0.761190 0.820393 0.880145 0.929492 0.888373 0.866425 0.854673 0.822738 0.757725 0.728803 1.043390
0.000000 0.000000 0.000000 0.000000 0.000000 0.000000 0.000000 0.000000 0.000000 0.000000 0.000000 0.000000 0.000000 0.000000 0.000000 0.000000 0.000000 0.000000 0.000000 0.000000 0.000000 0.000000 0.000000 0.000000 0.000000 0.000000 0.000000 0.000000 0.000000 0.000000 0.000000 0.000000 0.000000 0.000000 0.000000 0.000000 0.000000 0.000000 0.000000 0.000000 0.000000 0.000000 0.000000 0.000000 0.000000 0.000000 0.000000 0.000000 0.000000 0.000000 0.000000 0.000000 0.000000 0.000000 0.000000 0.000000 0.000000 0.000000 0.000000 0.000000 0.000000 0.000000 0.000000 0.000000 0.000000 0.000000 0.000000 0.000000 0.000000 0.000000 0.000000 0.000000 0.000000 0.000000 0.000000 0.000000 0.000000 0.000000 0.000000 0.000000 0.000000 0.000000 0.450387 0.483119 0.577560 0.617639 0.647341 0.665856 0.677050 0.681405 0.679262 0.672582 0.660568 0.641221 0.622892 0.604754 0.601165 0.595984 0.579315 0.550652 0.473205 0.453648 0.540703 0.426593 0.406452 0.000000 0.000000 0.000000 0.000000 0.000000 0.000000 0.000000 0.416070 0.460711 0.503576 0.536701 0.551155 0.549618 0.528873 0.570286 0.566432 0.609708 1.224959 0.733345 0.267673 0.276481 0.337325 0.424625 0.512597 0.525244 0.506480 0.476299 0.453886 0.417499 0.374895 0.359526 0.357297 0.343142 0.321562 0.300791 0.317235 0.369225 0.445117 0.514726 0.610897 0.658160 0.728946 0.799119 0.826357 0.803668 0.727536 0.632850 0.497646 0.424044 0.275052 0.376019 0.570893 0.784600 0.928968 1.031059 1.051553 1.040282 1.034461 0.984568 0.926431 0.854538 0.772673 0.714952 0.660050 0.618249 0.573392 0.513731 0.515363 0.536546 0.546235 0.455904 0.439089 0.436009 0.442617 0.465042 0.884465 0.917147 0.966301 1.176270 1.189642 1.212578 1.227341 1.209225 1.165426 1.119344 1.053191 0.997389 0.807800 0.852912 0.880092 0.879622 0.936540 1.073510 1.198263 1.196063 1.199723 1.220466 0.947486 1.021980 1.126108 1.188821 1.159979 1.096638 1.094805 1.042676 1.072374 1.089722 1.125404 1.124033 1.122405 1.062836 1.050657 1.004523 0.927354 0.695296 0.750340 0.614654 0.675005 0.738769 0.660136 0.675159 0.537385 0.602162 0.633556 0.645568 0.742714 0.836966 0.873660 0.871544 0.860324 1.159966 1.109561 1.053620 1.023663 1.057765 1.105076 1.152551 1.180785 1.192793 1.204246 1.207534 1.230622 1.259829 1.287384 1.318077 1.365332 1.395013 1.401695 1.406599 1.032454 0.913470 0.814462 0.755205 0.768126 0.820218 0.735238 0.693910 0.695798 0.735869 0.785299 0.801112 0.814635 0.783065 0.737822 0.725145 0.767618 0.843037 0.945175 1.021706 1.040467 0.993590 0.947672 0.860901 1.142953 1.055958
0.000000 0.000000 0.000000 0.000000 0.000000 0.000000 0.000000 0.000000 0.000000 0.000000 0.000000 0.000000 0.000000 0.000000 0.000000 0.000000 0.000000 0.000000 0.000000 0.000000 0.000000 0.000000 0.000000 0.000000 0.000000 0.000000 0.000000 0.000000 0.000000 0.000000 0.000000 0.000000 0.000000 0.000000 0.000000 0.000000 0.000000 0.000000 0.000000 0.000000 0.000000 0.000000 0.000000 0.000000 0.000000 0.000000 0.000000 0.000000 0.000000 0.000000 0.000000 0.000000 0.000000 0.000000 0.000000 0.000000 0.000000 0.000000 0.000000 0.000000 0.000000 0.000000 0.000000 0.000000 0.000000 0.000000 0.000000 0.000000 0.000000 0.000000 0.000000 0.000000 0.000000 0.000000 0.000000 0.000000 0.000000 0.000000 0.000000 0.000000 0.000000 0.000000 0.000000 0.000000 0.000000 0.000000 0.418500 0.440901 0.526620 0.537717 0.544020 0.547218 0.546586 0.538558 0.523417 0.501880 0.517816 0.457275 0.461536 0.462230 0.467627 0.475614 0.474542 0.465248 0.451323 0.422922 0.401006 0.404336 0.411623 0.417298 0.419082 0.420145 0.414937 0.396658 0.000000 0.435348 0.460972 0.467103 0.467840 0.464573 0.552963 0.617398 0.663830 0.737918 0.463197 0.348875 0.384901 0.397985 0.402928 0.390854 0.375557 0.356523 0.335344 0.316250 0.883837 0.309917 0.276664 0.346273 0.356507 0.357898 0.329367 0.290106 0.291027 0.367590 0.615361 0.822343 0.935906 1.284606 1.323965 1.327562 1.312917 1.281947 0.899691 0.852989 0.816787 0.641360 0.556856 0.641230 0.808368 0.938570 1.044620 1.104292 1.128965 1.156273 1.172608 1.125818 1.008296 0.882875 0.779338 0.767508 0.686019 0.600233 0.572101 0.583876 0.615606 0.642043 0.573231 0.667835 0.680005 0.664012 1.005679 1.009014 1.033397 0.747364 0.821281 1.159506 1.166965 0.857180 0.785117 1.010672 0.982376 1.157422 1.143323 0.930322 0.916049 0.909084 0.900506 0.558756 1.008596 1.028747 1.087000 1.117298 1.117507 1.104296 1.144169 0.695164 0.545187 0.458269 0.430415 0.539364 0.460762 0.390386 0.409078 0.456937 0.402952 0.373126 0.468025 0.495368 0.468443 0.620793 0.663737 0.748871 0.756516 0.769439 0.711114 0.660188 0.709654 0.754940 0.707936 0.695260 0.664957 0.721946 0.830178 0.876501 0.917271 0.961093 1.242371 1.171877 1.104210 1.065734 1.043605 1.099008 1.165526 1.196715 1.203684 1.215047 1.224610 1.233315 1.244349 1.254244 1.266767 1.335777 1.363973 1.373973 1.400566 1.397787 1.076120 0.958982 0.890952 0.837931 0.830390 0.690823 0.573959 0.578307 0.681357 0.801940 0.886618 0.891050 0.837756 0.780958 0.785435 0.835958 0.942591 1.031137 1.070497 1.109594 1.428794 1.296731 1.186400 1.091353
0.000000 0.000000 0.000000 0.000000 0.000000 0.000000 0.000000 0.000000 0.000000 0.000000 0.000000 0.000000 0.000000 0.000000 0.000000 0.000000 0.000000 0.000000 0.000000 0.000000 0.000000 0.000000 0.000000 0.000000 0.000000 0.000000 0.000000 0.000000 0.000000 0.000000 0.000000 0.000000 0.000000 0.000000 0.000000 0.000000 0.000000 0.000000 0.000000 0.000000 0.000000 0.000000 0.000000 0.000000 0.000000 0.000000 0.000000 0.000000 0.000000 0.000000 0.000000 0.000000 0.000000 0.000000 0.000000 0.000000 0.000000 0.000000 0.000000 0.000000 0.000000 0.000000 0.000000 0.000000 0.000000 0.000000 0.000000 0.000000 0.000000 0.000000 0.000000 0.000000 0.000000 0.000000 0.000000 0.000000 0.000000 0.000000 0.000000 0.000000 0.000000 0.000000 0.000000 0.000000 0.000000 0.000000 0.000000 0.000000 0.000000 0.000000 0.000000 0.000000 0.000000 0.000000 0.000000 0.000000 0.000000 0.000000 0.000000 0.000000 0.000000 0.424703 0.439002 0.448586 0.452971 0.447596 0.444077 0.446944 0.452438 0.461513 0.468919 0.478970 0.482550 0.472639 0.458689 0.442568 0.588838 0.472368 0.000000 0.447454 0.525095 0.614640 0.689620 0.775473 0.710175 0.776783 0.484755 0.436534 0.387720 0.326146 0.284305 0.258641 0.210003 0.179347 0.170584 0.192261 0.220679 0.244328 0.259954 0.264561 0.279647 0.289519 0.275908 0.253345 0.441181 0.730113 0.913493 0.960365 0.954193 1.281474 1.307974 1.317641 1.304691 1.292106 1.261484 1.222103 0.883809 0.703219 0.726343 0.810805 0.892340 0.979705 1.050801 1.135084 1.147148 1.130731 1.100695 1.011451 0.937571 0.842968 0.772332 0.716334 0.651506 0.629909 0.635401 0.681171 0.667530 0.631819 0.636168 0.633709 0.948738 0.505007 0.423178 0.467730 0.601289 0.743435 0.814489 0.742937 0.705834 0.721459 1.078249 1.121754 1.162491 1.178242 1.351201 1.319059 1.095615 1.043859 1.015596 1.005894 1.036754 1.258697 1.257254 1.051776 1.013669 0.924274 0.539136 0.445129 0.435998 0.481831 0.559007 0.563188 0.559626 0.541350 0.558625 0.520770 0.478822 0.468265 0.450785 0.459703 0.508584 0.559107 0.586167 0.958187 0.938089 0.566218 0.504665 0.856161 0.889324 0.913968 0.933927 1.023089 1.151371 1.247907 1.307180 1.309577 1.270120 1.410180 1.371218 1.329114 1.309144 1.310588 1.330378 1.362325 1.418479 1.473620 1.278288 1.265896 1.250874 1.233362 1.218822 1.226295 1.236066 1.242822 1.257229 1.273443 0.941515 0.884381 0.847424 0.827587 0.830053 0.749455 0.567335 0.405278 0.430625 0.570461 0.734382 0.866578 0.952695 0.966988 0.959438 0.965653 0.939723 0.959630 0.997487 1.053539 1.013405 0.912784 0.807866 1.096580
0.000000 0.000000 0.000000 0.000000 0.000000 0.000000 0.000000 0.000000 0.000000 0.000000 0.000000 0.000000 0.000000 0.000000 0.000000 0.000000 0.000000 0.000000 0.000000 0.000000 0.000000 0.000000 0.000000 0.000000 0.000000 0.000000 0.000000 0.000000 0.000000 0.000000 0.000000 0.000000 0.000000 0.000000 0.000000 0.000000 0.000000 0.000000 0.000000 0.000000 0.000000 0.000000 0.000000 0.000000 0.000000 0.000000 0.000000 0.000000 0.000000 0.000000 0.000000 0.000000 0.000000 0.000000 0.000000 0.000000 0.000000 0.000000 0.000000 0.000000 0.000000 0.000000 0.000000 0.000000 0.000000 0.000000 0.000000 0.000000 0.000000 0.000000 0.000000 0.000000 0.000000 0.000000 0.000000 0.000000 0.000000 0.000000 0.000000 0.000000 0.000000 0.000000 0.000000 0.000000 0.000000 0.000000 0.000000 0.000000 0.000000 0.000000 0.000000 0.000000 0.000000 0.000000 0.000000 0.000000 0.000000 0.000000 0.000000 0.000000 0.000000 0.000000 0.000000 0.000000 0.000000 0.000000 0.000000 0.000000 0.421577 0.438453 0.449340 0.458593 0.464394 0.465287 0.462872 0.457524 0.448122 0.433043 0.416589 0.000000 0.000000 0.586665 0.704566 0.777190 0.901009 1.028094 1.089234 0.950031 0.913812 0.855936 0.858234 0.547469 0.512345 0.485480 0.456466 0.427420 0.394971 0.350888 0.324492 0.312135 0.304185 0.288865 0.278396 0.278191 0.234329 0.451288 0.700277 0.851603 0.936718 1.189581 1.216684 1.250224 1.262687 1.266615 1.236912 1.221612 1.218632 1.209267 1.208119 0.798756 0.718025 0.710980 0.766725 0.863041 0.951629 0.925826 0.874099 0.834793 0.807385 0.800126 0.789002 0.741025 0.691068 0.668719 0.670369 0.688959 0.707288 0.728253 0.978084 0.939565 0.908363 0.559601 0.488556 0.422714 0.362903 0.389556 0.413686 0.457399 0.881591 0.959763 1.049608 1.168802 1.278178 1.523905 1.530893 1.473864 1.422218 1.386927 1.371680 1.364065 1.325993 1.296006 1.292284 1.276265 1.196276 1.132288 1.125902 1.133229 0.881287 0.420145 0.452488 0.539205 0.672836 0.772719 0.812279 0.840166 0.820445 0.804824 0.788114 0.811890 0.835899 0.835189 1.098300 1.042114 1.205658 1.175876 1.126210 1.097263 0.900786 0.921258 0.961168 0.961968 1.015569 1.135326 1.244963 1.267852 1.225149 1.189848 1.391338 1.373689 1.371660 1.358333 1.349483 1.376891 1.405061 1.450745 1.478741 1.510498 1.528989 1.318637 1.320746 1.236575 1.225626 1.220315 0.831818 1.239760 0.755843 0.706537 0.673925 0.669056 0.671147 0.644048 0.624937 0.581236 0.414225 0.353764 0.502120 0.681750 0.822793 0.931392 1.047125 1.026156 1.007753 0.982804 0.927666 0.957236 0.946981 0.895052 0.807794 0.694349
0.000000 0.000000 0.000000 0.000000 0.000000 0.000000 0.000000 0.000000 0.000000 0.000000 0.000000 0.000000 0.000000 0.000000 0.000000 0.000000 0.000000 0.000000 0.000000 0.000000 0.000000 0.000000 0.000000 0.000000 0.000000 0.000000 0.000000 0.000000 0.000000 0.000000 0.000000 0.000000 0.000000 0.000000 0.000000 0.000000 0.000000 0.000000 0.000000 0.000000 0.000000 0.000000 0.000000 0.000000 0.000000 0.000000 0.000000 0.000000 0.000000 0.000000 0.000000 0.000000 0.000000 0.000000 0.000000 0.000000 0.000000 0.000000 0.000000 0.000000 0.000000 0.000000 0.000000 0.000000 0.000000 0.000000 0.000000 0.000000 0.000000 0.000000 0.000000 0.000000 0.000000 0.000000 0.000000 0.000000 0.000000 0.000000 0.000000 0.000000 0.000000 0.000000 0.000000 0.000000 0.000000 0.000000 0.000000 0.000000 0.000000 0.000000 0.000000 0.000000 0.000000 0.000000 0.000000 0.000000 0.000000 0.000000 0.000000 0.000000 0.000000 0.000000 0.000000 0.000000 0.000000 0.000000 0.000000 0.000000 0.000000 0.000000 0.000000 0.000000 0.000000 0.411851 0.420815 0.423460 0.423049 0.420052 0.410836 0.000000 0.000000 0.000000 0.471160 0.562898 0.667966 0.760167 0.841718 0.895337 0.942430 0.984418 0.934773 0.965076 0.976614 0.975505 0.972572 0.802715 0.471086 0.419241 0.375561 0.343640 0.310780 0.274486 0.246860 0.227501 0.227487 0.233903 0.319126 0.617655 1.052719 1.141097 1.161708 1.148873 1.179372 1.202324 1.201768 1.214962 1.221071 1.226089 1.233489 1.235593 1.227732 1.216994 0.814914 0.715606 0.680036 0.685096 0.709022 0.625557 0.614878 0.616142 0.633160 0.649760 0.664195 0.668863 0.686059 0.692702 0.707635 0.720684 0.997835 1.119009 1.080564 0.893628 1.033709 1.000059 0.964436 0.922761 0.869456 0.651879 0.594484 0.625398 0.715213 1.202778 1.449541 1.639559 1.727431 1.727979 1.692738 1.631745 1.574591 1.523121 1.528707 1.446759 1.357168 1.275784 1.196888 1.142943 1.124531 1.092444 1.054678 0.971441 0.828651 0.905207 1.017269 1.146459 1.256883 1.351617 1.211585 1.264391 1.302524 1.312012 1.293005 1.455577 1.546674 1.459433 1.384283 1.306667 1.244167 1.173744 0.936450 1.040792 0.977781 0.985641 0.949701 1.013389 1.143020 1.234735 1.265930 1.258959 1.264425 1.292785 1.305427 1.348976 1.355183 1.268147 1.217206 1.210174 1.221348 1.236268 1.253430 1.271072 1.293617 1.311454 1.300840 0.989585 1.254254 1.250554 0.718791 0.589971 0.532538 0.519563 0.506968 0.534167 0.576714 0.594063 0.547410 0.468853 0.412975 0.507934 0.657579 0.765897 0.891588 0.969752 1.044431 1.070125 0.997633 0.938838 0.884212 0.855939 0.790869 0.367141
0.000000 0.000000 0.000000 0.000000 0.000000 0.000000 0.000000 0.000000 0.000000 0.000000 0.000000 0.000000 0.000000 0.000000 0.000000 0.000000 0.000000 0.000000 0.000000 0.000000 0.000000 0.000000 0.000000 0.000000 0.000000 0.000000 0.000000 0.000000 0.000000 0.000000 0.000000 0.000000 0.000000 0.000000 0.000000 0.000000 0.000000 0.000000 0.000000 0.000000 0.000000 0.000000 0.000000 0.000000 0.000000 0.000000 0.000000 0.000000 0.000000 0.000000 0.000000 0.000000 0.000000 0.000000 0.000000 0.000000 0.000000 0.000000 0.000000 0.000000 0.000000 0.000000 0.000000 0.000000 0.000000 0.000000 0.000000 0.000000 0.000000 0.000000 0.000000 0.000000 0.000000 0.000000 0.000000 0.000000 0.000000 0.000000 0.000000 0.000000 0.000000 0.000000 0.000000 0.000000 0.000000 0.000000 0.000000 0.000000 0.000000 0.000000 0.000000 0.000000 0.000000 0.000000 0.000000 0.000000 0.000000 0.000000 0.000000 0.000000 0.000000 0.000000 0.000000 0.000000 0.000000 0.000000 0.000000 0.000000 0.000000 0.000000 0.000000 0.000000 0.000000 0.000000 0.000000 0.000000 0.000000 0.000000 0.000000 0.000000 0.000000 0.000000 0.000000 0.000000 0.000000 0.000000 0.583289 0.667261 0.731973 0.793193 0.839496 0.882795 0.917012 0.857302 0.872223 0.727188 0.718268 0.699160 0.681059 0.658694 0.639792 0.622127 0.602036 0.574235 0.542176 0.509632 0.479944 0.490615 0.750472 0.942344 1.042605 1.111012 1.287892 1.144262 1.160733 1.180147 1.203662 1.211512 1.214033 1.210573 1.199748 1.186213 1.163190 1.129557 1.103438 0.669885 0.556979 0.514141 0.528319 0.514220 0.535453 0.556454 0.582511 0.606340 0.630749 0.646060 0.668623 0.692168 0.970037 0.952712 1.082681 1.043582 1.006586 0.975932 1.022445 0.989505 0.944203 0.899853 0.847268 0.787066 0.726447 0.715933 0.923856 1.347044 1.645106 1.894384 1.877876 1.838712 1.784477 1.692419 1.637843 1.545032 1.456015 1.345347 1.228659 1.147498 1.019415 0.957587 0.868015 0.861011 0.840255 0.725215 0.832389 0.955632 1.076537 1.198458 1.344702 1.494317 1.754147 1.721811 1.786027 1.851482 1.978600 1.942329 1.869587 1.796595 1.726135 1.664187 1.589517 1.342392 1.208039 1.109740 1.045104 1.009466 1.090802 1.204273 1.278915 1.313513 1.336954 1.341755 1.381294 1.461671 1.538211 1.556770 1.501246 1.358144 1.234137 1.207851 1.228875 1.245744 1.269955 1.304524 1.347085 1.387831 1.332407 1.288427 0.824953 0.630140 0.493153 0.440763 0.411091 0.459058 0.480392 0.401182 0.294955 0.248937 0.224357 0.297785 0.510938 0.633369 0.662592 0.741253 0.850351 0.950991 1.018690 1.061028 0.933331 0.838317 0.759509 0.234051
0.000000 0.000000 0.000000 0.000000 0.000000 0.000000 0.000000 0.000000 0.000000 0.000000 0.000000 0.000000 0.000000 0.000000 0.000000 0.000000 0.000000 0.000000 0.000000 0.000000 0.000000 0.000000 0.000000 0.000000 0.000000 0.000000 0.000000 0.000000 0.000000 0.000000 0.000000 0.000000 0.000000 0.000000 0.000000 0.000000 0.000000 0.000000 0.000000 0.000000 0.000000 0.000000 0.000000 0.000000 0.000000 0.000000 0.000000 0.000000 0.000000 0.000000 0.000000 0.000000 0.000000 0.000000 0.000000 0.000000 0.000000 0.000000 0.000000 0.000000 0.000000 0.000000 0.000000 0.000000 0.000000 0.000000 0.000000 0.000000 0.000000 0.000000 0.000000 0.000000 0.000000 0.000000 0.000000 0.000000 0.000000 0.000000 0.000000 0.000000 0.000000 0.000000 0.000000 0.000000 0.000000 0.000000 0.000000 0.000000 0.000000 0.000000 0.000000 0.000000 0.000000 0.000000 0.000000 0.000000 0.000000 0.000000 0.000000 0.000000 0.000000 0.000000 0.000000 0.000000 0.000000 0.000000 0.000000 0.000000 0.000000 0.000000 0.000000 0.000000 0.000000 0.000000 0.000000 0.000000 0.000000 0.000000 0.000000 0.000000 0.476062 0.000000 0.000000 0.000000 0.000000 0.000000 0.000000 0.000000 0.000000 0.539944 0.578834 0.624140 0.673054 0.726514 0.776789 0.798243 0.797283 0.637307 0.630843 0.618563 0.600744 0.578945 0.550010 0.513847 0.473954 0.438306 0.516788 0.551784 0.612765 0.645674 0.787940 0.893142 0.747074 1.185583 1.221247 1.274794 0.825745 0.767176 0.711011 0.677786 0.656288 0.651595 0.648534 0.643837 0.642812 0.631609 0.587418 0.531594 0.497268 0.494544 0.509526 0.484757 0.474017 0.472919 0.480517 0.499343 0.524724 0.867169 0.871065 0.868599 0.855509 0.837781 0.960511 0.921507 0.880678 0.844040 0.869789 0.832330 0.801164 0.767129 0.731005 0.685482 0.869483 0.976966 1.294540 1.546660 1.695002 1.769497 1.773879 1.727752 1.660894 1.590571 1.500122 1.398113 1.294191 1.219694 1.109250 0.985381 0.847341 0.809788 0.795329 0.786550 0.792200 0.728858 0.820847 0.903719 0.989927 1.163246 1.330886 1.616989 1.767298 1.907319 2.045179 2.107991 2.137134 2.165478 2.167546 2.167583 1.902124 1.651314 1.549475 1.452850 1.334753 1.146692 1.125264 1.134467 1.152543 1.180189 1.212643 1.261836 1.326335 1.416396 1.542620 1.653393 1.722589 1.720457 1.612533 1.403455 1.275247 1.251017 1.281145 1.327240 1.376444 1.096148 1.372655 1.349118 1.325338 0.943433 0.783258 0.664836 0.566974 0.547883 0.479521 0.387649 0.363689 0.310836 0.219725 0.145466 0.199647 0.321467 0.491379 0.629914 0.647500 0.742538 0.845950 0.969128 0.945010 0.815209 0.716775 0.131878
0.000000 0.000000 0.000000 0.000000 0.000000 0.000000 0.000000 0.000000 0.000000 0.000000 0.000000 0.000000 0.000000 0.000000 0.000000 0.000000 0.000000 0.000000 0.000000 0.000000 0.000000 0.000000 0.000000 0.000000 0.000000 0.000000 0.000000 0.000000 0.000000 0.000000 0.000000 0.000000 0.000000 0.000000 0.000000 0.000000 0.000000 0.000000 0.000000 0.000000 0.000000 0.000000 0.000000 0.000000 0.000000 0.000000 0.000000 0.000000 0.000000 0.000000 0.000000 0.000000 0.000000 0.000000 0.000000 0.000000 0.000000 0.000000 0.000000 0.000000 0.000000 0.000000 0.000000 0.000000 0.000000 0.000000 0.000000 0.000000 0.000000 0.000000 0.000000 0.000000 0.000000 0.000000 0.000000 0.000000 0.000000 0.000000 0.000000 0.000000 0.000000 0.000000 0.000000 0.000000 0.000000 0.000000 0.000000 0.000000 0.000000 0.000000 0.000000 0.000000 0.000000 0.000000 0.000000 0.000000 0.000000 0.000000 0.000000 0.000000 0.000000 0.000000 0.000000 0.000000 0.000000 0.000000 0.000000 0.000000 0.000000 0.000000 0.000000 0.000000 0.000000 0.000000 0.000000 0.000000 0.000000 0.000000 0.388225 0.519783 0.450389 0.573669 0.591031 0.576963 0.612459 0.646095 0.671907 0.691821 0.715672 0.743903 0.751201 0.754869 0.765015 0.747717 0.789733 0.667937 0.814817 0.651933 0.638254 0.613868 0.595691 0.559886 0.530409 0.493328 0.452485 0.441451 0.000000 0.000000 0.556355 0.629833 0.528761 0.639806 0.739791 0.821895 0.882663 0.638563 0.602780 0.937874 0.566497 0.531116 0.509249 0.495110 0.509346 0.543339 0.553824 0.529923 0.483802 0.466431 0.459986 0.465892 0.459867 0.449066 0.415619 0.387573 0.364585 0.366921 0.744269 0.752968 0.759330 0.761215 0.758639 0.750042 0.735541 0.859943 0.821104 0.845747 0.737112 0.699662 0.706871 0.651901 0.622383 0.595059 0.562557 0.591255 0.646571 0.884547 1.093273 1.250424 1.370887 1.466761 1.500777 1.496463 1.460504 1.377751 1.296187 1.234141 1.128937 1.024897 0.925485 0.848479 0.802800 0.769040 0.741269 0.746057 0.863685 0.957446 1.027205 0.914782 0.931542 1.097311 1.337978 1.486778 1.610948 1.694075 1.806135 1.772753 1.849889 1.835613 1.708719 1.490886 1.439331 1.463000 1.604870 1.630827 1.449644 1.168213 1.086968 1.033389 1.013078 1.042153 1.098174 1.166196 1.251274 1.356540 1.518503 1.627966 1.644171 1.628563 1.552431 1.453084 1.388335 1.365313 1.381772 1.063161 1.021832 1.348698 1.351553 1.342960 1.322792 1.300467 0.844377 0.743668 0.599941 0.533034 0.558702 0.535680 0.508411 0.432284 0.380789 0.377175 0.434170 0.526590 0.615859 0.753286 0.796870 0.865958 0.899262 0.797923 0.682663 0.193085
0.000000 0.000000 0.000000 0.000000 0.000000 0.000000 0.000000 0.000000 0.000000 0.000000 0.000000 0.000000 0.000000 0.000000 0.000000 0.000000 0.000000 0.000000 0.000000 0.000000 0.000000 0.000000 0.000000 0.000000 0.000000 0.000000 0.000000 0.000000 0.000000 0.000000 0.000000 0.000000 0.000000 0.000000 0.000000 0.000000 0.000000 0.000000 0.000000 0.000000 0.000000 0.000000 0.000000 0.000000 0.000000 0.000000 0.000000 0.000000 0.000000 0.000000 0.000000 0.000000 0.000000 0.000000 0.000000 0.000000 0.000000 0.000000 0.000000 0.000000 0.000000 0.000000 0.000000 0.000000 0.000000 0.000000 0.000000 0.000000 0.000000 0.000000 0.000000 0.000000 0.000000 0.000000 0.000000 0.000000 0.000000 0.000000 0.000000 0.000000 0.000000 0.000000 0.000000 0.000000 0.000000 0.000000 0.000000 0.000000 0.000000 0.000000 0.000000 0.000000 0.000000 0.000000 0.000000 0.000000 0.000000 0.000000 0.000000 0.000000 0.000000 0.000000 0.000000 0.000000 0.000000 0.000000 0.000000 0.000000 0.000000 0.000000 0.000000 0.000000 0.000000 0.000000 0.000000 0.000000 0.000000 0.507075 0.658572 0.813730 0.923608 0.989699 0.985676 0.959493 0.965542 0.980693 0.968408 0.946150 0.931463 0.940717 0.962432 0.994578 0.990075 0.973376 0.966390 0.961653 0.877204 0.711958 0.689928 0.664736 0.632705 0.603744 0.566392 0.525107 0.629448 0.675744 0.667472 0.624115 0.517917 0.568281 0.545424 0.618207 0.697913 0.593335 0.679244 0.748915 0.790251 0.809946 0.350175 0.291599 0.266388 0.278935 0.271581 0.461376 0.525635 0.563460 0.462036 0.445145 0.462121 0.481180 0.489188 0.497653 0.495276 0.468438 0.419170 0.396312 0.376760 0.351029 0.285667 0.283131 0.301925 0.316968 0.324424 0.325519 0.656889 0.630737 0.601970 0.570718 0.534785 0.624723 0.613668 0.536937 0.518007 0.503314 0.480963 0.570451 0.648029 0.729636 0.864420 1.024504 1.173735 1.250897 1.285640 1.272341 1.229805 1.204143 1.123243 1.033766 0.943859 0.856957 0.774799 0.717530 0.653097 0.676638 0.766857 0.855804 1.017504 0.979353 0.997495 1.005448 0.997161 1.056596 0.970778 1.043489 1.142259 1.226398 1.180177 1.179329 1.156322 1.139118 1.182308 1.180469 1.268750 1.330152 1.430618 1.415172 1.289515 1.284839 1.278612 1.048125 1.046033 1.057672 1.073028 1.084175 1.142873 1.281709 1.414503 1.505366 1.546226 1.568372 1.587230 1.565478 1.537845 1.159020 1.032922 0.998629 1.360926 1.381854 1.389914 1.384586 1.357798 1.318203 0.853771 0.835095 0.826188 0.780501 0.735004 0.700077 0.665093 0.599778 0.547922 0.574515 0.692708 0.698609 0.814062 0.981026 0.967054 0.858007 0.714311 0.293115
0.000000 0.000000 0.000000 0.000000 0.000000 0.000000 0.000000 0.000000 0.000000 0.000000 0.000000 0.000000 0.000000 0.000000 0.000000 0.000000 0.000000 0.000000 0.000000 0.000000 0.000000 0.000000 0.000000 0.000000 0.000000 0.000000 0.000000 0.000000 0.000000 0.000000 0.000000 0.000000 0.000000 0.000000 0.000000 0.000000 0.000000 0.000000 0.000000 0.000000 0.000000 0.000000 0.000000 0.000000 0.000000 0.000000 0.000000 0.000000 0.000000 0.000000 0.000000 0.000000 0.000000 0.000000 0.000000 0.000000 0.000000 0.000000 0.000000 0.000000 0.000000 0.000000 0.000000 0.000000 0.000000 0.000000 0.000000 0.000000 0.000000 0.000000 0.000000 0.000000 0.000000 0.000000 0.000000 0.000000 0.000000 0.000000 0.000000 0.000000 0.000000 0.000000 0.000000 0.000000 0.000000 0.000000 0.000000 0.000000 0.000000 0.000000 0.000000 0.000000 0.000000 0.000000 0.000000 0.000000 0.000000 0.000000 0.000000 0.000000 0.000000 0.531781 0.000000 0.000000 0.000000 0.000000 0.000000 0.000000 0.000000 0.685136 0.000000 0.000000 0.458103 0.573828 0.674649 0.753880 0.815869 0.853049 0.901583 0.976666 1.028722 1.042408 1.044167 1.033107 1.057005 1.067024 1.078105 1.084230 1.108294 1.126201 1.118419 1.092700 1.066262 1.044151 1.032790 1.012082 0.979761 0.950728 0.919406 0.679269 0.649393 0.614986 0.765114 0.726500 0.633006 0.488572 0.470501 0.550464 0.501391 0.493419 0.614563 0.691071 0.738813 0.667657 0.334067 0.325279 0.348754 0.427897 0.483446 0.518153 0.510045 0.451405 0.494566 0.509152 0.508012 0.465252 0.711810 0.762675 0.531621 0.487729 0.413527 0.392459 0.425669 0.444470 0.408178 0.415888 0.410524 0.397007 0.386374 0.356730 0.340033 0.327920 0.319429 0.324816 0.675311 0.830267 0.806345 0.776796 0.741301 0.696924 0.653522 0.606245 0.592734 0.555246 0.446742 0.433840 0.000000 0.000000 0.548746 0.686414 0.795372 0.848187 0.946536 1.020371 1.088058 1.100175 1.071698 1.020479 0.948454 0.880113 0.809192 0.768802 0.729013 0.688129 0.651352 0.591235 0.827623 0.893803 0.925204 0.945433 0.946547 0.928235 0.903640 0.893548 0.903663 0.919682 1.002850 0.983695 1.088063 1.061719 0.969796 0.852426 0.875797 0.970249 1.008536 1.214142 1.259154 1.283922 1.202757 1.204726 1.208558 1.207909 0.968199 0.925664 0.899747 0.933078 1.033347 1.160839 1.321198 1.436170 1.516714 1.555125 1.578315 1.593228 1.222535 1.175185 1.129529 1.148600 1.122388 1.460150 1.446710 1.410909 1.026900 0.958942 0.869195 0.850331 0.881537 0.832332 0.828558 0.887175 0.921301 0.862320 0.793709 0.842869 0.793670 0.923120 0.977068 0.901469 0.729340 0.373703
0.000000 0.000000 0.000000 0.000000 0.000000 0.000000 0.000000 0.000000 0.000000 0.000000 0.000000 0.000000 0.000000 0.000000 0.000000 0.000000 0.000000 0.000000 0.000000 0.000000 0.000000 0.000000 0.000000 0.000000 0.000000 0.000000 0.000000 0.000000 0.000000 0.000000 0.000000 0.000000 0.000000 0.000000 0.000000 0.000000 0.000000 0.000000 0.000000 0.000000 0.000000 0.000000 0.000000 0.000000 0.000000 0.000000 0.000000 0.000000 0.000000 0.000000 0.000000 0.000000 0.000000 0.000000 0.000000 0.000000 0.000000 0.000000 0.000000 0.000000 0.000000 0.000000 0.000000 0.000000 0.000000 0.000000 0.000000 0.000000 0.000000 0.000000 0.000000 0.000000 0.000000 0.000000 0.000000 0.000000 0.000000 0.000000 0.000000 0.000000 0.000000 0.000000 0.000000 0.000000 0.000000 0.000000 0.000000 0.000000 0.000000 0.000000 0.000000 0.000000 0.000000 0.000000 0.000000 0.000000 0.000000 0.000000 0.000000 0.000000 0.585175 0.727452 0.000000 0.000000 0.000000 0.000000 0.000000 0.000000 0.000000 0.822673 0.439700 0.457835 0.475844 0.544487 0.604829 0.650632 0.699760 0.764615 0.828083 0.896410 0.902542 1.072041 1.115421 1.096052 1.145941 1.095061 1.090284 1.109670 1.107425 1.131758 1.139565 1.122815 1.100422 1.072854 1.046539 1.024680 1.004850 0.980875 0.947912 0.912832 0.872669 0.825301 0.777862 0.712162 0.728994 0.751086 0.770819 0.762602 0.727211 0.258657 0.285822 0.326874 0.680254 0.688027 0.697731 0.232174 0.197498 0.194362 0.356952 0.342258 0.398061 0.462162 0.523312 0.649416 0.620896 0.597172 0.623058 0.592361 0.491574 0.394803 0.369302 0.384622 0.437909 0.467491 0.492294 0.519005 0.529210 0.524578 0.506897 0.499797 0.489461 0.478931 0.470012 0.465303 0.776535 0.917350 0.874174 0.832824 0.786364 0.742059 0.696331 0.648458 0.601765 0.581478 0.531413 0.000000 0.000000 0.000000 0.380697 0.529786 0.655816 0.746126 0.804199 0.831875 0.836728 0.836390 0.898349 0.914437 0.896407 0.851018 0.808311 0.772765 0.726516 0.669747 0.596690 0.494641 0.711546 0.789349 0.838522 0.866182 0.872682 0.850255 0.838502 0.829717 0.816655 0.869939 0.880579 0.890555 0.893222 0.889630 0.862679 0.802037 0.744777 0.658951 0.596619 0.858553 0.966190 1.018104 1.069433 1.092745 0.999302 1.000116 0.975696 0.969215 0.775205 0.758141 0.803944 0.876908 0.996686 1.118371 1.238138 1.346383 1.449041 1.552799 1.618108 1.304117 1.204437 1.191447 1.184967 1.131892 1.081393 1.053287 1.062111 1.063722 0.971351 0.885777 0.841107 0.848608 1.298096 1.334607 1.397723 1.472131 1.497067 1.461939 1.413484 0.910394 0.860791 0.720589 0.587033 0.333364
0.000000 0.000000 0.000000 0.000000 0.000000 0.000000 0.000000 0.000000 0.000000 0.000000 0.000000 0.000000 0.000000 0.000000 0.000000 0.000000 0.000000 0.000000 0.000000 0.000000 0.000000 0.000000 0.000000 0.000000 0.000000 0.000000 0.000000 0.000000 0.000000 0.000000 0.000000 0.000000 0.000000 0.000000 0.000000 0.000000 0.000000 0.000000 0.000000 0.000000 0.000000 0.000000 0.000000 0.000000 0.000000 0.000000 0.000000 0.000000 0.000000 0.000000 0.000000 0.000000 0.000000 0.000000 0.000000 0.000000 0.000000 0.000000 0.000000 0.000000 0.000000 0.000000 0.000000 0.000000 0.000000 0.000000 0.000000 0.000000 0.000000 0.000000 0.000000 0.000000 0.000000 0.000000 0.000000 0.000000 0.000000 0.000000 0.000000 0.000000 0.000000 0.000000 0.000000 0.000000 0.000000 0.000000 0.000000 0.000000 0.000000 0.000000 0.000000 0.000000 0.000000 0.000000 0.000000 0.000000 0.000000 0.000000 0.000000 0.000000 0.000000 0.000000 0.000000 0.000000 0.000000 0.000000 0.468786 0.505618 0.522279 0.544876 0.565099 0.632826 0.634443 0.624736 0.636249 0.617299 0.616995 0.657618 0.728950 0.871642 0.948459 0.995323 1.010095 1.002537 0.973737 0.950119 0.945538 0.888216 0.864706 0.955761 0.979140 1.000442 1.012342 1.025895 1.027344 1.007658 0.981686 0.977810 0.969786 0.948611 0.918339 0.920821 0.925807 0.905212 0.791564 0.800876 0.699471 0.758025 0.821718 0.567387 0.858337 0.891033 0.913302 0.995085 1.064218 1.077672 1.069018 0.625206 0.556542 0.536469 0.499066 0.512370 0.570709 0.624650 0.642234 0.641307 0.634947 0.652774 0.647041 0.461578 0.386486 0.452597 0.532825 0.606396 0.633271 0.637050 0.641574 0.607970 0.591202 0.563823 0.546691 0.534620 0.534818 0.526222 0.527295 0.809931 0.936939 0.886307 0.831708 0.784640 0.734360 0.685347 0.639629 0.592123 0.522038 0.487198 0.451074 0.000000 0.000000 0.000000 0.000000 0.000000 0.000000 0.624053 0.686676 0.713198 0.754524 0.751735 0.747262 0.741451 0.734177 0.701040 0.661551 0.610589 0.604833 0.567593 0.535677 0.650889 0.739934 0.794031 0.817801 0.832549 0.841261 0.838826 0.821581 0.795087 0.775000 0.766342 0.774776 0.769697 0.747001 0.706684 0.626909 0.559494 0.485537 0.425664 0.494597 0.552450 0.619868 0.674674 0.751492 0.759473 0.712074 0.741866 0.809618 0.860753 0.739606 0.791414 0.872751 0.955865 1.043050 1.129790 1.219218 1.326926 1.458531 1.266234 1.254002 1.263551 1.218429 1.136268 1.096477 1.121215 1.163782 1.149756 1.117453 1.094707 1.003898 0.952497 0.943558 1.341575 1.365040 0.983578 1.473595 1.516810 1.527697 1.523151 0.907553 0.663096 0.498153 0.310655
0.000000 0.000000 0.000000 0.000000 0.000000 0.000000 0.000000 0.000000 0.000000 0.000000 0.000000 0.000000 0.000000 0.000000 0.000000 0.000000 0.000000 0.000000 0.000000 0.000000 0.000000 0.000000 0.000000 0.000000 0.000000 0.000000 0.000000 0.000000 0.000000 0.000000 0.000000 0.000000 0.000000 0.000000 0.000000 0.000000 0.000000 0.000000 0.000000 0.000000 0.000000 0.000000 0.000000 0.000000 0.000000 0.000000 0.000000 0.000000 0.000000 0.000000 0.000000 0.000000 0.000000 0.000000 0.000000 0.000000 0.000000 0.000000 0.000000 0.000000 0.000000 0.000000 0.000000 0.000000 0.000000 0.000000 0.000000 0.000000 0.000000 0.000000 0.000000 0.000000 0.000000 0.000000 0.000000 0.000000 0.000000 0.000000 0.000000 0.000000 0.000000 0.000000 0.000000 0.000000 0.000000 0.000000 0.000000 0.000000 0.000000 0.000000 0.000000 0.000000 0.000000 0.398979 0.418189 0.430886 0.423752 0.405156 0.000000 0.000000 0.000000 0.000000 0.000000 0.000000 0.409124 0.424424 0.430296 0.424737 0.748625 0.593555 0.588629 0.711014 0.803056 0.769911 0.719020 0.670411 0.644449 0.650831 0.689053 0.761869 0.823717 0.869455 0.880001 0.898496 0.911843 0.897597 0.921512 0.836477 0.812359 0.776091 0.781214 0.811001 0.842851 0.872931 0.885525 0.891388 0.884242 0.862582 0.838486 0.869865 0.994977 1.020006 1.048315 1.017274 0.957792 0.858462 0.883966 0.749186 0.748723 0.757936 0.902579 1.039686 1.099901 1.101463 1.117739 1.298938 1.343591 1.118538 1.102745 0.731711 0.680666 0.680525 0.712338 0.744607 0.722934 0.655285 0.721193 0.799298 0.856929 0.831617 0.709416 0.685926 0.670536 0.707188 0.691650 0.679319 0.658128 0.642728 0.622793 0.605428 0.604335 0.599199 0.578429 0.583328 0.568080 0.547370 0.793178 0.752363 0.711757 0.675622 0.640252 0.607137 0.748045 0.707671 0.661383 0.591360 0.551759 0.510559 0.469119 0.428724 0.457187 0.000000 0.420545 0.000000 0.609247 0.672957 0.716069 0.720546 0.747030 0.738898 0.662282 0.706220 0.656207 0.571712 0.544093 0.503760 0.458048 0.000000 0.508701 0.649660 0.712843 0.752701 0.775783 0.779965 0.771664 0.752171 0.732801 0.709398 0.680963 0.661834 0.649681 0.590294 0.556684 0.511624 0.463320 0.000000 0.000000 0.000000 0.000000 0.000000 0.000000 0.430813 0.500927 0.647664 0.704600 0.787841 0.888523 0.956557 0.822421 0.881580 0.953412 0.987914 1.019465 1.115983 0.786463 0.845239 0.921513 0.994902 1.009107 1.005521 1.049271 1.121899 1.202626 1.258653 1.218459 1.191466 1.162532 1.157737 1.112513 1.427286 1.404135 1.398018 1.433904 1.485406 1.544010 1.575982 1.087804 0.771549 0.577607 0.370084
0.000000 0.000000 0.000000 0.000000 0.000000 0.000000 0.000000 0.000000 0.000000 0.000000 0.000000 0.000000 0.000000 0.000000 0.000000 0.000000 0.000000 0.000000 0.000000 0.000000 0.000000 0.000000 0.000000 0.000000 0.000000 0.000000 0.000000 0.000000 0.000000 0.000000 0.000000 0.000000 0.000000 0.000000 0.000000 0.000000 0.000000 0.000000 0.000000 0.000000 0.000000 0.000000 0.000000 0.000000 0.000000 0.000000 0.000000 0.000000 0.000000 0.000000 0.000000 0.000000 0.000000 0.000000 0.000000 0.000000 0.000000 0.000000 0.000000 0.000000 0.000000 0.000000 0.000000 0.000000 0.000000 0.000000 0.000000 0.000000 0.000000 0.000000 0.000000 0.000000 0.000000 0.000000 0.000000 0.000000 0.000000 0.000000 0.000000 0.000000 0.000000 0.000000 0.000000 0.000000 0.000000 0.000000 0.000000 0.000000 0.000000 0.000000 0.000000 0.000000 0.000000 0.000000 0.395782 0.430952 0.542342 0.570291 0.593024 0.613222 0.632368 0.635761 0.618344 0.573974 0.572026 0.572302 0.568320 0.557213 0.549239 0.551608 0.604831 0.865832 0.876997 0.846658 0.767735 0.812664 0.774763 0.769383 0.766614 0.685893 0.701796 0.760054 0.777746 0.840645 0.868207 0.872653 0.875999 0.863862 0.837478 0.803731 0.791782 0.787438 0.793970 0.814984 0.833616 0.844360 0.860000 0.857941 0.845466 0.835254 0.868573 0.927911 0.977408 0.975014 0.939731 0.926029 0.955901 0.966990 0.921758 0.708155 0.717265 1.040258 1.257852 1.101111 1.032422 1.059503 1.097240 1.097573 0.693878 0.562622 0.579131 0.601167 0.613721 0.665956 0.719769 0.725775 0.688094 0.714772 0.797980 1.126429 0.816558 1.087352 1.117676 0.792733 0.770290 0.719098 0.683219 0.663692 0.657569 0.623709 0.584678 0.567538 0.532926 0.514564 0.510331 0.517460 0.496044 0.765476 0.731491 0.697871 0.677891 0.658335 0.641854 0.766662 0.735300 0.760889 0.722251 0.679347 0.612746 0.560444 0.439658 0.000000 0.000000 0.000000 0.000000 0.000000 0.000000 0.509278 0.553499 0.587056 0.599198 0.589649 0.570632 0.543541 0.513337 0.481998 0.444443 0.000000 0.000000 0.000000 0.563843 0.626277 0.665346 0.680147 0.689638 0.687449 0.677933 0.660615 0.631862 0.600622 0.513447 0.482912 0.460319 0.442700 0.000000 0.000000 0.000000 0.000000 0.000000 0.000000 0.000000 0.000000 0.000000 0.490321 0.637378 0.687227 0.807578 0.885910 0.950463 1.019948 0.915115 0.918190 0.899284 0.457698 0.483386 0.613719 0.734932 0.833280 0.900609 0.970975 1.022542 1.078377 1.152941 1.237192 1.302031 1.315580 1.290869 1.276105 1.608165 1.584600 1.531454 1.478621 1.467605 1.476632 1.487758 1.497578 1.395974 0.823232 0.649825 0.451684
0.000000 0.000000 0.000000 0.000000 0.000000 0.000000 0.000000 0.000000 0.000000 0.000000 0.000000 0.000000 0.000000 0.000000 0.000000 0.000000 0.000000 0.000000 0.000000 0.000000 0.000000 0.000000 0.000000 0.000000 0.000000 0.000000 0.000000 0.000000 0.000000 0.000000 0.000000 0.000000 0.000000 0.000000 0.000000 0.000000 0.000000 0.000000 0.000000 0.000000 0.000000 0.000000 0.000000 0.000000 0.000000 0.000000 0.000000 0.000000 0.000000 0.000000 0.000000 0.000000 0.000000 0.000000 0.000000 0.000000 0.000000 0.000000 0.000000 0.000000 0.000000 0.000000 0.000000 0.000000 0.000000 0.004000 0.000000 0.000000 0.000000 0.000000 0.000000 0.000000 0.000000 0.000000 0.000000 0.000000 0.000000 0.000000 0.000000 0.000000 0.000000 0.000000 0.000000 0.000000 0.000000 0.000000 0.000000 0.000000 0.000000 0.000000 0.000000 0.000000 0.369619 0.489850 0.515451 0.511439 0.549702 0.604051 0.629606 0.653862 0.684780 0.694983 0.680503 0.662611 0.634209 0.628630 0.622142 0.615617 0.607850 0.598239 0.594779 0.659996 0.747298 0.840500 0.925050 0.902092 0.858323 0.815194 0.778477 0.712807 0.715371 0.738066 0.733149 0.731721 0.779364 0.824215 0.792988 0.809434 0.804948 0.828506 0.866288 0.877036 0.877189 0.894654 0.909576 0.925748 0.959817 0.968026 0.771933 0.744311 0.886261 0.886914 0.772011 0.811500 0.825456 0.969624 0.932339 0.920845 0.912927 0.897981 0.860526 0.867903 0.957460 0.967102 0.983465 1.159629 1.022706 1.035216 1.019411 0.692637 0.533179 0.393194 0.398926 0.471599 0.578205 0.660615 0.694303 0.675603 0.638580 1.038960 1.026183 1.024796 1.076156 1.132605 0.807315 0.723976 0.625453 0.591120 0.581411 0.552497 0.517383 0.519371 0.515482 0.485387 0.449582 0.442399 0.427334 0.397766 0.724235 0.713773 0.711723 0.715776 0.717065 0.719549 0.859133 0.835381 0.862651 0.790961 0.751079 0.700091 0.647056 0.590260 0.495916 0.451669 0.000000 0.000000 0.000000 0.000000 0.000000 0.000000 0.461310 0.487091 0.496240 0.487641 0.469227 0.447976 0.419272 0.000000 0.000000 0.000000 0.000000 0.000000 0.462256 0.510285 0.540153 0.603236 0.603688 0.592096 0.519249 0.494336 0.461249 0.426892 0.000000 0.000000 0.000000 0.000000 0.000000 0.000000 0.000000 0.000000 0.000000 0.000000 0.000000 0.000000 0.481158 0.596527 0.709168 0.823151 0.922311 0.996622 1.064390 0.927334 0.938298 0.518156 0.436701 0.448769 0.565630 0.616096 0.765258 0.913786 1.043048 1.124284 1.178317 1.224763 1.250888 1.288142 1.346225 1.372938 1.353010 1.329923 1.652372 1.623925 1.587759 1.533358 1.491851 1.477603 1.345714 1.202268 1.111833 0.540912
0.000000 0.000000 0.000000 0.000000 0.000000 0.000000 0.000000 0.000000 0.000000 0.000000 0.000000 0.000000 0.000000 0.000000 0.000000 0.000000 0.000000 0.000000 0.000000 0.000000 0.000000 0.000000 0.000000 0.000000 0.000000 0.000000 0.000000 0.000000 0.000000 0.000000 0.000000 0.000000 0.000000 0.000000 0.000000 0.000000 0.000000 0.000000 0.000000 0.000000 0.000000 0.000000 0.000000 0.000000 0.000000 0.000000 0.000000 0.000000 0.000000 0.000000 0.000000 0.000000 0.000000 0.000000 0.000000 0.000000 0.000000 0.000000 0.000000 0.000000 0.000000 0.000000 0.000000 0.000000 0.000000 0.000000 0.000000 0.000000 0.000000 0.000000 0.000000 0.000000 0.000000 0.000000 0.000000 0.000000 0.000000 0.000000 0.000000 0.000000 0.000000 0.000000 0.000000 0.000000 0.000000 0.000000 0.000000 0.000000 0.000000 0.000000 0.000000 0.000000 0.000000 0.410748 0.437312 0.466997 0.504378 0.543329 0.569957 0.599846 0.624056 0.631329 0.629642 0.631756 0.632471 0.626855 0.621900 0.622564 0.620565 0.604977 0.570391 0.535611 0.496112 0.469646 0.439682 0.573180 0.679266 0.821500 0.806427 0.743696 0.715660 0.690341 0.669068 0.685196 0.698201 0.741773 0.807168 0.837420 0.798944 0.839459 0.892466 0.736776 0.752974 0.778786 0.387182 0.347474 0.339775 0.330395 0.299586 0.274734 0.236831 0.264313 0.384912 0.476217 0.500582 0.814100 0.800134 0.772830 0.740630 0.388854 0.335052 0.307585 0.321880 0.871176 0.938835 0.977529 1.016488 0.894641 0.909836 0.915059 0.926044 0.501420 0.335571 0.347418 0.428884 0.526359 0.629394 0.703424 0.701839 0.706685 1.084964 1.107212 1.141848 1.176006 1.187137 0.840998 0.788905 0.759069 0.713461 0.652458 0.605885 0.536209 0.513870 0.474426 0.419591 0.380177 0.354046 0.347102 0.371349 0.757932 0.772563 0.781044 0.792943 0.801466 0.961291 0.943087 0.918751 0.880270 0.892350 0.836014 0.786343 0.735437 0.675815 0.599293 0.558718 0.516661 0.475904 0.432554 0.000000 0.000000 0.000000 0.000000 0.000000 0.000000 0.000000 0.000000 0.000000 0.000000 0.000000 0.000000 0.000000 0.000000 0.000000 0.000000 0.000000 0.449815 0.462970 0.462360 0.450891 0.428802 0.000000 0.000000 0.000000 0.000000 0.000000 0.000000 0.000000 0.000000 0.000000 0.000000 0.000000 0.000000 0.000000 0.000000 0.000000 0.508631 0.628734 0.775861 0.828960 0.922786 0.978305 1.026115 1.085605 0.958964 0.989304 0.742790 0.674655 0.629703 0.651217 0.698260 0.818386 0.923760 1.006044 1.091359 1.165466 1.220831 1.271183 1.297611 1.287946 1.255496 1.255410 1.266048 1.274384 1.635625 1.580187 1.548191 1.350380 1.178821 1.080434 0.994842
0.000000 0.000000 0.000000 0.000000 0.000000 0.000000 0.000000 0.000000 0.000000 0.000000 0.000000 0.000000 0.000000 0.000000 0.000000 0.000000 0.000000 0.000000 0.000000 0.000000 0.000000 0.000000 0.000000 0.000000 0.000000 0.000000 0.000000 0.000000 0.000000 0.000000 0.000000 0.000000 0.000000 0.000000 0.000000 0.000000 0.000000 0.000000 0.000000 0.000000 0.000000 0.000000 0.000000 0.000000 0.000000 0.000000 0.000000 0.000000 0.000000 0.000000 0.000000 0.000000 0.000000 0.000000 0.000000 0.000000 0.000000 0.000000 0.000000 0.000000 0.000000 0.000000 0.000000 0.000000 0.000000 0.000000 0.000000 0.000000 0.000000 0.000000 0.000000 0.000000 0.000000 0.000000 0.000000 0.000000 0.000000 0.000000 0.000000 0.000000 0.000000 0.000000 0.000000 0.000000 0.000000 0.000000 0.000000 0.000000 0.000000 0.000000 0.000000 0.004000 0.000000 0.000000 0.000000 0.000000 0.000000 0.411218 0.439149 0.472331 0.509305 0.528092 0.544390 0.567463 0.590969 0.602525 0.605169 0.603707 0.602398 0.590667 0.565904 0.534003 0.492295 0.434843 0.000000 0.000000 0.000000 0.430414 0.478973 0.520928 0.608859 0.676046 0.690382 0.809704 0.745368 0.631042 0.964281 0.668339 0.566643 0.601974 0.234124 0.179900 0.179698 0.199436 0.232876 0.277334 0.319805 0.361121 0.388941 0.406765 0.420371 0.417291 0.433297 0.496482 0.525275 0.538875 0.549433 0.480868 0.468538 0.455464 0.424563 0.769495 0.755106 0.735106 0.718450 0.897663 0.889747 0.715439 0.728854 0.259488 0.251866 0.413571 0.531005 0.522599 0.477359 0.476641 0.531601 0.623548 0.690395 0.734344 0.799727 1.216913 1.237418 1.246954 1.248668 1.256582 1.254377 0.895086 0.848744 0.798970 0.750690 0.665249 0.591141 0.525954 0.437165 0.407381 0.435998 0.470282 0.483001 0.515490 0.850505 0.863393 1.055344 1.050940 1.044532 1.036877 1.023205 1.009411 0.982220 0.943186 0.959989 0.889145 0.843124 0.780527 0.703324 0.661187 0.622497 0.588467 0.553805 0.515671 0.476754 0.433618 0.000000 0.000000 0.000000 0.000000 0.000000 0.000000 0.000000 0.000000 0.000000 0.000000 0.000000 0.000000 0.000000 0.000000 0.000000 0.000000 0.000000 0.000000 0.000000 0.000000 0.000000 0.000000 0.000000 0.000000 0.000000 0.000000 0.000000 0.000000 0.000000 0.000000 0.000000 0.000000 0.000000 0.000000 0.460917 0.575668 0.689310 0.796107 0.800567 0.838187 0.898125 0.975486 1.084729 1.171716 1.253812 0.839162 0.886109 0.772087 0.734248 0.739123 0.735328 0.746150 0.835353 0.940467 1.045681 1.119975 1.169277 1.170200 1.193612 1.231831 1.255103 1.259483 1.242433 1.241437 1.370856 1.172063 1.070506 0.976985
0.000000 0.000000 0.000000 0.000000 0.000000 0.000000 0.000000 0.000000 0.000000 0.000000 0.000000 0.000000 0.000000 0.000000 0.000000 0.000000 0.000000 0.000000 0.000000 0.000000 0.000000 0.000000 0.000000 0.000000 0.000000 0.000000 0.000000 0.000000 0.000000 0.000000 0.000000 0.000000 0.000000 0.000000 0.000000 0.000000 0.000000 0.000000 0.000000 0.000000 0.000000 0.000000 0.000000 0.000000 0.000000 0.000000 0.000000 0.000000 0.000000 0.000000 0.000000 0.000000 0.000000 0.000000 0.000000 0.000000 0.000000 0.000000 0.000000 0.000000 0.000000 0.000000 0.000000 0.000000 0.000000 0.000000 0.000000 0.000000 0.000000 0.000000 0.000000 0.000000 0.000000 0.000000 0.000000 0.000000 0.000000 0.000000 0.000000 0.000000 0.000000 0.000000 0.000000 0.000000 0.000000 0.000000 0.000000 0.000000 0.000000 0.000000 0.000000 0.000000 0.000000 0.000000 0.000000 0.000000 0.000000 0.000000 0.000000 0.000000 0.000000 0.394390 0.416494 0.463717 0.515458 0.554841 0.570892 0.576755 0.582412 0.579214 0.564847 0.539711 0.503195 0.458475 0.409034 0.000000 0.000000 0.000000 0.000000 0.000000 0.429058 0.514619 0.659475 1.095602 0.987736 0.842169 0.731081 0.693043 0.563032 0.619105 0.338021 0.654665 0.410750 0.417406 0.439266 0.470840 0.489855 0.509939 0.529712 0.548384 0.566077 0.557470 0.538556 0.537467 0.545638 0.542541 0.843447 0.495964 0.541024 1.070896 1.088272 1.100454 1.114455 0.926533 0.915460 0.930075 1.090118 0.891037 0.856085 0.845484 0.397256 0.362780 0.466286 0.542310 0.599177 0.648684 0.709673 0.761628 0.782400 0.785704 0.797102 0.824073 0.842380 0.847585 0.877164 0.933639 1.290713 1.284669 1.280235 0.943294 0.877348 0.814794 0.734304 0.663711 0.559328 0.501170 0.523670 0.569409 0.925595 1.123058 1.114782 1.117486 0.926463 0.928282 1.119080 1.116865 1.111176 1.106704 1.093847 1.073065 1.036277 0.972485 0.907370 0.853315 0.860319 0.811524 0.760348 0.714941 0.675672 0.631766 0.592312 0.549669 0.503886 0.457339 0.000000 0.000000 0.000000 0.000000 0.000000 0.000000 0.000000 0.000000 0.000000 0.000000 0.000000 0.000000 0.000000 0.000000 0.000000 0.000000 0.000000 0.000000 0.000000 0.000000 0.000000 0.000000 0.000000 0.000000 0.000000 0.000000 0.000000 0.000000 0.000000 0.000000 0.000000 0.000000 0.000000 0.000000 0.000000 0.481590 0.533523 0.606078 0.676859 0.777926 0.908541 1.051033 1.168884 1.304838 1.296064 1.122876 1.072628 1.000012 0.870890 0.760888 0.674535 0.661587 0.705632 0.796043 0.902808 0.990403 1.086873 1.166521 1.228727 1.246719 1.270699 1.250114 1.413611 1.191429 1.069306 0.986181
0.000000 0.000000 0.000000 0.000000 0.000000 0.000000 0.000000 0.000000 0.000000 0.000000 0.000000 0.000000 0.000000 0.000000 0.000000 0.000000 0.000000 0.000000 0.000000 0.000000 0.000000 0.000000 0.000000 0.000000 0.000000 0.000000 0.000000 0.000000 0.000000 0.000000 0.000000 0.000000 0.000000 0.000000 0.000000 0.000000 0.000000 0.000000 0.000000 0.000000 0.000000 0.000000 0.000000 0.000000 0.000000 0.000000 0.000000 0.000000 0.000000 0.000000 0.000000 0.000000 0.000000 0.000000 0.000000 0.000000 0.000000 0.000000 0.000000 0.000000 0.000000 0.000000 0.000000 0.000000 0.000000 0.000000 0.000000 0.000000 0.000000 0.000000 0.000000 0.000000 0.000000 0.000000 0.000000 0.000000 0.000000 0.000000 0.000000 0.000000 0.000000 0.000000 0.000000 0.000000 0.000000 0.000000 0.000000 0.000000 0.000000 0.000000 0.000000 0.000000 0.000000 0.000000 0.000000 0.000000 0.000000 0.000000 0.000000 0.000000 0.000000 0.000000 0.000000 0.000000 0.000000 0.443436 0.484298 0.513378 0.534885 0.545415 0.544397 0.527694 0.506323 0.475342 0.437436 0.000000 0.000000 0.000000 0.000000 0.000000 0.940692 0.633180 0.751885 0.996968 1.120630 1.150626 1.104405 1.032837 0.885351 0.738279 0.801053 0.566808 0.575074 0.581697 0.601963 0.612241 0.604515 0.609262 0.632400 0.624756 0.616558 0.618350 0.605184 0.589250 0.573972 0.574760 0.561196 0.848362 0.823785 0.850841 0.926095 1.176895 1.224055 1.099578 1.110857 1.125432 1.274956 1.262392 1.106318 1.241708 1.279255 1.149632 0.934119 0.869611 0.857519 0.846989 0.858355 0.862913 0.867390 0.875082 0.842537 0.830621 0.807735 0.784704 0.799785 1.208122 1.269159 1.320133 1.294109 1.303640 1.262733 1.234269 1.202628 0.835846 0.760476 0.695692 0.669176 0.686376 0.997817 0.679634 0.981280 0.965459 0.961517 0.959206 0.966987 0.964955 0.968067 0.965409 0.962621 0.955543 0.940644 0.920769 1.024529 0.968877 0.909860 0.858731 0.861562 0.819593 0.768557 0.723529 0.675434 0.625048 0.574057 0.524576 0.475296 0.424449 0.000000 0.000000 0.000000 0.000000 0.000000 0.000000 0.000000 0.000000 0.000000 0.000000 0.000000 0.000000 0.000000 0.000000 0.000000 0.000000 0.000000 0.000000 0.000000 0.000000 0.000000 0.000000 0.000000 0.000000 0.000000 0.000000 0.000000 0.000000 0.000000 0.000000 0.000000 0.000000 0.000000 0.000000 0.000000 0.000000 0.422159 0.635495 0.796235 0.872106 0.999676 1.129659 1.273454 1.441200 1.601008 1.352636 1.250880 1.110216 0.952708 0.782686 0.662784 0.616224 0.666654 0.759536 0.876965 0.996338 1.097980 1.140932 1.180693 1.172770 1.383696 1.200670 1.082506 0.983506
0.000000 0.000000 0.000000 0.000000 0.000000 0.000000 0.000000 0.000000 0.000000 0.000000 0.000000 0.000000 0.000000 0.000000 0.000000 0.000000 0.000000 0.000000 0.000000 0.000000 0.000000 0.000000 0.000000 0.000000 0.000000 0.000000 0.000000 0.000000 0.000000 0.000000 0.000000 0.000000 0.000000 0.000000 0.000000 0.000000 0.000000 0.000000 0.000000 0.000000 0.000000 0.000000 0.000000 0.000000 0.000000 0.000000 0.000000 0.000000 0.000000 0.000000 0.000000 0.000000 0.000000 0.000000 0.000000 0.000000 0.000000 0.000000 0.000000 0.000000 0.000000 0.000000 0.000000 0.000000 0.000000 0.000000 0.000000 0.000000 0.000000 0.000000 0.000000 0.000000 0.000000 0.000000 0.000000 0.000000 0.000000 0.000000 0.000000 0.000000 0.000000 0.000000 0.000000 0.000000 0.000000 0.000000 0.000000 0.000000 0.000000 0.000000 0.000000 0.000000 0.000000 0.000000 0.000000 0.000000 0.000000 0.000000 0.000000 0.000000 0.000000 0.000000 0.000000 0.000000 0.000000 0.000000 0.000000 0.000000 0.432474 0.460222 0.474418 0.477456 0.469931 0.456961 0.428003 0.000000 0.000000 0.000000 0.000000 0.503573 0.663074 0.779667 0.875692 0.943375 1.059460 1.171779 1.218033 1.156163 1.087952 1.033855 1.026512 0.889704 0.597454 0.907208 0.582111 0.936418 0.601537 0.929549 0.906730 0.505766 0.451119 0.421648 0.411774 0.408329 0.411824 0.423018 0.436215 0.450582 0.460179 0.456749 0.495791 0.901924 1.129906 1.014200 1.069943 1.131478 1.297182 1.310366 1.409556 1.407828 1.340841 1.375955 1.413975 1.030157 0.934488 0.834517 0.807163 0.810673 0.806161 0.804192 0.770709 0.735740 0.712466 0.764121 0.744031 0.797746 1.219616 1.241204 1.246612 1.242017 1.194885 1.184689 1.180467 1.200742 1.191175 1.172573 0.753279 0.690661 0.638098 0.627332 0.637955 0.659979 1.020651 1.023487 1.023650 1.017358 1.009093 0.998795 0.982084 0.965493 0.946790 0.929561 0.908126 0.879118 0.830302 0.927391 0.884792 0.844694 0.854850 0.801550 0.745457 0.693245 0.644114 0.594244 0.539499 0.484653 0.430851 0.000000 0.000000 0.000000 0.000000 0.000000 0.000000 0.000000 0.000000 0.000000 0.000000 0.000000 0.000000 0.000000 0.000000 0.000000 0.000000 0.000000 0.000000 0.000000 0.000000 0.000000 0.000000 0.000000 0.000000 0.000000 0.000000 0.000000 0.000000 0.000000 0.000000 0.000000 0.000000 0.000000 0.000000 0.000000 0.000000 0.527537 0.534670 0.708072 0.779219 0.889651 1.111474 1.192582 1.393060 1.414346 1.565845 1.655273 1.309787 1.146132 0.966261 0.789040 0.700377 0.696023 0.751480 0.840370 0.916530 0.985144 1.037257 1.075861 1.365453 1.195395 1.077458 0.985057
0.000000 0.000000 0.000000 0.000000 0.000000 0.000000 0.000000 0.000000 0.000000 0.000000 0.000000 0.000000 0.000000 0.000000 0.000000 0.000000 0.000000 0.000000 0.000000 0.000000 0.000000 0.000000 0.000000 0.000000 0.000000 0.000000 0.000000 0.000000 0.000000 0.000000 0.000000 0.000000 0.000000 0.000000 0.000000 0.000000 0.000000 0.000000 0.000000 0.000000 0.000000 0.000000 0.000000 0.000000 0.000000 0.000000 0.000000 0.000000 0.000000 0.000000 0.000000 0.000000 0.000000 0.000000 0.000000 0.000000 0.000000 0.000000 0.000000 0.000000 0.000000 0.000000 0.000000 0.000000 0.000000 0.000000 0.000000 0.000000 0.000000 0.000000 0.000000 0.000000 0.000000 0.000000 0.000000 0.000000 0.000000 0.000000 0.000000 0.000000 0.000000 0.000000 0.000000 0.000000 0.000000 0.000000 0.000000 0.000000 0.000000 0.000000 0.000000 0.000000 0.000000 0.000000 0.000000 0.000000 0.000000 0.000000 0.000000 0.000000 0.000000 0.000000 0.000000 0.000000 0.000000 0.000000 0.000000 0.000000 0.000000 0.000000 0.000000 0.000000 0.000000 0.000000 0.000000 0.000000 0.000000 0.000000 0.000000 0.000000 0.540281 0.627541 0.736637 0.839523 0.970266 1.139704 1.120309 1.154813 1.162395 1.151327 1.149581 1.057846 1.123135 1.052348 0.926777 0.940820 0.954920 0.961107 0.928935 0.880987 0.469476 0.403938 0.358529 0.322570 0.313873 0.315326 0.323882 0.352511 0.368382 0.375313 0.371275 0.715741 0.809458 1.048160 1.121609 1.184093 1.234564 1.263404 1.344264 1.307999 1.206921 1.250018 1.124115 1.146523 1.144501 1.165849 0.857700 0.841352 0.858896 0.844401 0.732854 0.648406 0.614171 0.614772 0.636815 0.697781 0.773393 0.849635 1.238706 1.215273 1.191024 1.149526 1.136190 1.173282 1.209248 0.788753 0.683181 0.641637 0.679774 0.685564 0.708129 0.737250 0.773825 1.113737 1.102905 1.081293 1.059399 1.037537 1.017817 1.001014 0.978307 0.953358 0.925786 0.892546 0.856531 0.819697 0.780301 0.904437 0.861910 0.822705 0.846399 0.801353 0.754854 0.712851 0.672538 0.632721 0.598133 0.568713 0.540767 0.448495 0.000000 0.000000 0.000000 0.000000 0.000000 0.000000 0.000000 0.000000 0.000000 0.000000 0.000000 0.000000 0.000000 0.000000 0.000000 0.000000 0.000000 0.412849 0.406152 0.397143 0.000000 0.000000 0.000000 0.000000 0.000000 0.000000 0.000000 0.000000 0.000000 0.000000 0.000000 0.000000 0.364791 0.000000 0.000000 0.000000 0.418219 0.609719 0.773360 0.957831 1.162275 1.386956 1.437416 1.654668 1.793954 1.786630 1.346834 1.153228 0.983315 0.803373 0.744172 0.766325 0.833628 0.898388 0.946654 1.002646 1.313733 1.177202 1.067093 0.976303
0.000000 0.000000 0.000000 0.000000 0.000000 0.000000 0.000000 0.000000 0.000000 0.000000 0.000000 0.000000 0.000000 0.000000 0.000000 0.000000 0.000000 0.000000 0.000000 0.000000 0.000000 0.000000 0.000000 0.000000 0.000000 0.000000 0.000000 0.000000 0.000000 0.000000 0.000000 0.000000 0.000000 0.000000 0.000000 0.000000 0.000000 0.000000 0.000000 0.000000 0.000000 0.000000 0.000000 0.000000 0.000000 0.000000 0.000000 0.000000 0.000000 0.000000 0.000000 0.000000 0.000000 0.000000 0.000000 0.000000 0.000000 0.000000 0.000000 0.000000 0.000000 0.000000 0.000000 0.000000 0.000000 0.000000 0.000000 0.000000 0.000000 0.000000 0.000000 0.000000 0.000000 0.000000 0.000000 0.000000 0.000000 0.000000 0.000000 0.000000 0.000000 0.000000 0.000000 0.000000 0.000000 0.000000 0.000000 0.000000 0.000000 0.000000 0.000000 0.000000 0.000000 0.000000 0.000000 0.000000 0.000000 0.000000 0.000000 0.000000 0.000000 0.000000 0.000000 0.000000 0.000000 0.000000 0.000000 0.000000 0.000000 0.000000 0.000000 0.000000 0.000000 0.000000 0.000000 0.000000 0.000000 0.000000 0.000000 0.000000 0.000000 0.470125 0.628569 0.754784 0.851773 0.939155 1.019525 1.085378 1.130005 1.150603 1.179016 1.205909 1.178344 1.177521 1.198011 1.114163 1.123491 0.953203 0.928132 0.880135 0.830696 0.794474 0.746178 0.701615 0.669549 0.636245 0.612707 0.595602 0.593951 0.600333 0.607719 0.669629 0.814408 0.910571 1.130915 1.170558 1.207706 1.224072 1.244971 1.261379 1.301597 1.328217 1.148519 1.154908 1.177265 1.278114 1.062579 1.095957 0.992459 0.931491 0.848108 0.764924 0.686094 0.630254 0.600772 0.594830 0.615643 0.644203 0.689011 0.747916 1.150687 1.121353 1.100646 1.123882 0.768753 0.735170 0.715505 0.721599 0.755034 0.806501 0.814251 0.832738 1.204219 1.207891 1.196992 1.167524 1.131629 1.098524 1.070810 1.057281 1.044860 1.014745 0.975877 0.929417 0.890133 0.848390 0.812955 0.788257 0.922560 0.888135 0.854610 0.827810 0.879399 0.861657 0.853182 0.843061 0.830025 0.807477 0.770680 0.724176 0.667587 0.572718 0.512401 0.450699 0.000000 0.000000 0.000000 0.000000 0.000000 0.000000 0.000000 0.000000 0.000000 0.000000 0.000000 0.000000 0.000000 0.000000 0.000000 0.000000 0.000000 0.000000 0.000000 0.000000 0.000000 0.000000 0.000000 0.000000 0.000000 0.000000 0.000000 0.000000 0.000000 0.000000 0.000000 0.000000 0.000000 0.000000 0.605987 0.818269 1.025703 1.243900 1.512422 1.505347 1.741818 1.883251 1.866060 1.723939 1.292477 1.086315 0.944099 0.885015 0.879102 0.880059 0.870409 0.886375 0.849053 1.137108 1.042976 0.963328
0.000000 0.000000 0.000000 0.000000 0.000000 0.000000 0.000000 0.000000 0.000000 0.000000 0.000000 0.000000 0.000000 0.000000 0.000000 0.000000 0.000000 0.000000 0.000000 0.000000 0.000000 0.000000 0.000000 0.000000 0.000000 0.000000 0.000000 0.000000 0.000000 0.000000 0.000000 0.000000 0.000000 0.000000 0.000000 0.000000 0.000000 0.000000 0.000000 0.000000 0.000000 0.000000 0.000000 0.000000 0.000000 0.000000 0.000000 0.000000 0.000000 0.000000 0.000000 0.000000 0.000000 0.000000 0.000000 0.000000 0.000000 0.000000 0.000000 0.000000 0.000000 0.000000 0.000000 0.000000 0.000000 0.000000 0.000000 0.000000 0.000000 0.000000 0.000000 0.000000 0.000000 0.000000 0.000000 0.000000 0.000000 0.000000 0.000000 0.000000 0.000000 0.000000 0.000000 0.000000 0.000000 0.000000 0.000000 0.000000 0.000000 0.000000 0.000000 0.000000 0.000000 0.000000 0.000000 0.000000 0.000000 0.000000 0.000000 0.000000 0.000000 0.000000 0.000000 0.000000 0.000000 0.000000 0.000000 0.000000 0.000000 0.000000 0.000000 0.000000 0.000000 0.000000 0.000000 0.000000 0.000000 0.000000 0.000000 0.000000 0.000000 0.000000 0.427185 0.531416 0.640400 0.743543 0.826293 0.903088 0.963643 1.000671 1.027423 1.047203 1.046688 1.041165 1.060065 1.063500 0.975461 0.963111 0.948851 0.942356 0.928292 0.725527 0.714441 0.685600 0.658566 0.630414 0.751313 0.717456 0.693158 0.678983 0.685932 0.783250 0.869904 0.944792 1.062720 1.178807 1.265609 1.304351 1.315710 1.380771 1.432513 1.482825 1.521836 1.315366 1.302068 1.360030 1.471542 1.179640 1.099470 0.999465 0.906537 0.816625 0.752210 0.683006 0.637218 0.601612 0.538604 0.486450 0.489276 0.520561 0.572393 0.611545 1.012255 1.005129 0.628277 0.623052 0.664356 0.731404 0.799880 0.871573 0.927980 1.274707 1.275882 1.281919 1.267569 1.234273 1.196532 1.155705 1.130431 1.108369 1.096817 1.077211 1.063738 1.042192 0.999218 0.954038 0.901652 0.869435 0.837462 0.805868 0.791997 0.948344 0.937299 0.938887 0.953828 1.024585 0.993934 0.951632 0.890843 0.828770 0.758312 0.685303 0.576543 0.506316 0.436563 0.000000 0.000000 0.000000 0.000000 0.000000 0.000000 0.000000 0.000000 0.000000 0.000000 0.000000 0.000000 0.000000 0.000000 0.000000 0.000000 0.000000 0.000000 0.000000 0.000000 0.000000 0.000000 0.000000 0.000000 0.000000 0.000000 0.000000 0.000000 0.000000 0.000000 0.000000 0.000000 0.000000 0.000000 0.579184 0.760281 0.977935 1.205903 1.480136 1.763573 2.000038 1.964285 1.902468 1.771484 1.674297 1.169480 1.043331 0.971065 0.896725 0.848074 0.820976 0.764045 0.696789 1.033439 0.960380
0.000000 0.000000 0.000000 0.000000 0.000000 0.000000 0.000000 0.000000 0.000000 0.000000 0.000000 0.000000 0.000000 0.000000 0.000000 0.000000 0.000000 0.000000 0.000000 0.000000 0.000000 0.000000 0.000000 0.000000 0.000000 0.000000 0.000000 0.000000 0.000000 0.000000 0.000000 0.000000 0.000000 0.000000 0.000000 0.000000 0.000000 0.000000 0.000000 0.000000 0.000000 0.000000 0.000000 0.000000 0.000000 0.000000 0.000000 0.000000 0.000000 0.000000 0.000000 0.000000 0.000000 0.000000 0.000000 0.000000 0.000000 0.000000 0.000000 0.000000 0.000000 0.000000 0.000000 0.000000 0.000000 0.000000 0.000000 0.000000 0.000000 0.000000 0.000000 0.000000 0.000000 0.000000 0.000000 0.000000 0.000000 0.000000 0.000000 0.000000 0.000000 0.000000 0.000000 0.000000 0.000000 0.000000 0.000000 0.000000 0.000000 0.000000 0.000000 0.000000 0.000000 0.000000 0.000000 0.000000 0.000000 0.000000 0.000000 0.000000 0.000000 0.000000 0.000000 0.000000 0.000000 0.000000 0.000000 0.000000 0.000000 0.000000 0.000000 0.000000 0.000000 0.000000 0.000000 0.000000 0.000000 0.000000 0.000000 0.000000 0.000000 0.000000 0.000000 0.452852 0.545916 0.626934 0.689043 0.736622 0.775358 0.810560 0.820994 0.821830 0.830181 0.850794 0.872392 0.871907 0.867569 0.870804 0.822360 0.834744 0.840300 0.829334 0.822687 0.813111 0.800800 0.784311 0.761642 0.737092 0.718162 0.700811 0.688435 0.661790 0.674125 0.739440 0.916099 1.091493 1.224918 1.309185 1.363488 1.395080 1.246255 1.297832 1.293162 1.339812 1.354745 1.399700 1.456892 1.522880 1.164750 1.099445 1.013702 0.926125 0.853419 0.766027 0.718078 0.665674 0.605853 0.529107 0.455841 0.440999 0.460506 0.482380 0.495842 0.501274 0.482400 0.501131 0.595071 0.695032 1.130605 1.183692 1.235769 1.264057 1.284959 1.311765 1.333621 1.317974 1.284756 1.258942 1.238368 1.213217 1.200509 1.193074 1.214825 1.227600 1.215142 1.180565 1.151361 1.124610 1.099194 1.074899 1.048035 1.027633 1.001594 0.970894 0.934076 0.899373 0.852602 0.938395 0.863245 0.782406 0.759361 0.653544 0.572741 0.498350 0.000000 0.000000 0.000000 0.000000 0.000000 0.000000 0.000000 0.000000 0.000000 0.000000 0.000000 0.000000 0.000000 0.000000 0.000000 0.000000 0.000000 0.000000 0.000000 0.000000 0.000000 0.000000 0.000000 0.000000 0.000000 0.000000 0.000000 0.000000 0.000000 0.000000 0.000000 0.000000 0.000000 0.000000 0.000000 0.000000 0.000000 0.657077 0.920016 1.171963 1.435093 1.659467 1.809515 1.830045 1.655437 1.564313 1.528330 1.324128 1.310149 1.010427 0.952606 0.907440 0.837843 0.739331 0.690847 0.958270
0.000000 0.000000 0.000000 0.000000 0.000000 0.000000 0.000000 0.000000 0.000000 0.000000 0.000000 0.000000 0.000000 0.000000 0.000000 0.000000 0.000000 0.000000 0.000000 0.000000 0.000000 0.000000 0.000000 0.000000 0.000000 0.000000 0.000000 0.000000 0.000000 0.000000 0.000000 0.000000 0.000000 0.000000 0.000000 0.000000 0.000000 0.000000 0.000000 0.000000 0.000000 0.000000 0.000000 0.000000 0.000000 0.000000 0.000000 0.000000 0.000000 0.000000 0.000000 0.000000 0.000000 0.000000 0.000000 0.000000 0.000000 0.000000 0.000000 0.000000 0.000000 0.000000 0.000000 0.000000 0.000000 0.000000 0.000000 0.000000 0.000000 0.000000 0.000000 0.000000 0.000000 0.000000 0.000000 0.000000 0.000000 0.000000 0.000000 0.000000 0.000000 0.000000 0.000000 0.000000 0.000000 0.000000 0.000000 0.000000 0.000000 0.000000 0.000000 0.000000 0.000000 0.000000 0.000000 0.000000 0.000000 0.000000 0.000000 0.000000 0.000000 0.000000 0.000000 0.000000 0.000000 0.000000 0.000000 0.000000 0.000000 0.000000 0.000000 0.000000 0.000000 0.000000 0.000000 0.000000 0.000000 0.000000 0.000000 0.000000 0.000000 0.000000 0.000000 0.000000 0.458924 0.536518 0.592197 0.635401 0.689948 0.737437 0.753897 0.751728 0.751354 0.763666 0.772846 0.771019 0.766882 0.761881 0.753681 0.748192 0.750857 0.710194 0.702823 0.693819 0.701532 0.714851 0.707341 0.691141 0.668229 0.686144 0.681884 0.675673 0.686154 0.777288 0.823505 0.960089 1.075292 1.164051 1.028813 1.051511 1.077711 1.126761 1.188931 1.258534 1.301214 1.340281 1.369407 1.413283 1.455308 1.463216 1.068892 0.958326 0.854749 0.769529 0.689888 0.643434 0.594425 0.529554 0.493231 0.444670 0.453182 0.444120 0.382370 0.286354 0.274203 0.334967 0.415820 0.507466 0.958718 1.025745 1.106035 1.180984 1.230058 1.278694 1.321908 1.367316 1.392919 1.386357 1.362610 1.335929 1.317552 1.306064 1.316122 1.321166 1.339323 1.339865 1.331826 1.327221 1.305382 1.274212 1.230270 1.174184 1.134129 1.082421 1.029549 0.966405 0.898523 0.823656 0.747882 0.841028 0.765233 0.695024 0.666364 0.599628 0.479328 0.436879 0.000000 0.000000 0.000000 0.000000 0.000000 0.000000 0.000000 0.000000 0.000000 0.000000 0.000000 0.000000 0.000000 0.000000 0.000000 0.000000 0.000000 0.000000 0.000000 0.000000 0.000000 0.000000 0.000000 0.000000 0.000000 0.000000 0.000000 0.000000 0.000000 0.000000 0.000000 0.000000 0.000000 0.000000 0.000000 0.000000 0.610462 0.890386 1.120314 1.342625 1.498740 1.564607 1.575730 1.563707 1.456880 1.476087 1.354718 1.354964 1.346560 1.086240 0.976012 0.845744 1.054883 0.958456
0.000000 0.000000 0.000000 0.000000 0.000000 0.000000 0.000000 0.000000 0.000000 0.000000 0.000000 0.000000 0.000000 0.000000 0.000000 0.000000 0.000000 0.000000 0.000000 0.000000 0.000000 0.000000 0.000000 0.000000 0.000000 0.000000 0.000000 0.000000 0.000000 0.000000 0.000000 0.000000 0.000000 0.000000 0.000000 0.000000 0.000000 0.000000 0.000000 0.000000 0.000000 0.000000 0.000000 0.000000 0.000000 0.000000 0.000000 0.000000 0.000000 0.000000 0.000000 0.000000 0.000000 0.000000 0.000000 0.000000 0.000000 0.000000 0.000000 0.000000 0.000000 0.000000 0.000000 0.000000 0.000000 0.000000 0.000000 0.000000 0.000000 0.000000 0.000000 0.000000 0.000000 0.000000 0.000000 0.000000 0.000000 0.000000 0.000000 0.000000 0.000000 0.000000 0.000000 0.000000 0.000000 0.000000 0.000000 0.000000 0.000000 0.000000 0.000000 0.000000 0.000000 0.000000 0.000000 0.000000 0.000000 0.000000 0.000000 0.000000 0.000000 0.000000 0.000000 0.000000 0.000000 0.000000 0.000000 0.000000 0.000000 0.000000 0.000000 0.000000 0.000000 0.000000 0.000000 0.000000 0.000000 0.000000 0.000000 0.000000 0.000000 0.000000 0.000000 0.000000 0.000000 0.000000 0.465566 0.533722 0.601779 0.656734 0.681063 0.678055 0.666675 0.671512 0.683188 0.682216 0.672726 0.656753 0.636537 0.634266 0.645162 0.640773 0.612367 0.569873 0.623576 0.711608 0.827775 0.915806 0.889609 0.770063 0.758040 0.786638 0.724206 0.732656 0.741248 0.811366 0.928622 1.046666 0.993575 1.045363 1.097740 1.143416 0.760644 0.735844 0.758835 0.782317 0.818463 0.820157 0.847077 0.840276 0.790859 0.740683 0.676098 0.631036 0.599007 0.572231 0.570560 0.531558 0.512003 0.493847 0.445635 0.386554 0.354292 0.327072 0.335571 0.373028 0.413589 0.442195 0.446484 0.337706 0.446071 0.600144 1.072165 1.131305 1.206320 1.277027 1.339875 1.394956 1.426558 1.415144 1.393878 1.372198 1.374043 1.370186 1.381717 1.384585 1.394166 1.393450 1.377731 1.332744 1.290539 1.228354 1.176872 1.126066 1.074557 1.013786 0.953635 0.889574 0.832033 0.777271 0.722917 0.831340 0.765544 0.706399 0.678015 0.627602 0.578700 0.532461 0.485143 0.437111 0.000000 0.000000 0.000000 0.000000 0.000000 0.000000 0.000000 0.000000 0.000000 0.000000 0.000000 0.000000 0.000000 0.000000 0.000000 0.000000 0.000000 0.000000 0.000000 0.000000 0.000000 0.000000 0.000000 0.000000 0.000000 0.000000 0.000000 0.000000 0.000000 0.000000 0.000000 0.000000 0.000000 0.456706 0.762860 1.021096 1.197711 1.263726 1.342314 1.389774 1.430448 1.465175 1.501233 1.460333 1.504824 1.392987 1.318757 1.192523 1.091621 0.961666
0.000000 0.000000 0.000000 0.000000 0.000000 0.000000 0.000000 0.000000 0.000000 0.000000 0.000000 0.000000 0.000000 0.000000 0.000000 0.000000 0.000000 0.000000 0.000000 0.000000 0.000000 0.000000 0.000000 0.000000 0.000000 0.000000 0.000000 0.000000 0.000000 0.000000 0.000000 0.000000 0.000000 0.000000 0.000000 0.000000 0.000000 0.000000 0.000000 0.000000 0.000000 0.000000 0.000000 0.000000 0.000000 0.000000 0.000000 0.000000 0.000000 0.000000 0.000000 0.000000 0.000000 0.000000 0.000000 0.000000 0.000000 0.000000 0.000000 0.000000 0.000000 0.000000 0.000000 0.000000 0.000000 0.000000 0.000000 0.000000 0.000000 0.000000 0.000000 0.000000 0.000000 0.000000 0.000000 0.000000 0.000000 0.000000 0.000000 0.000000 0.000000 0.000000 0.000000 0.000000 0.000000 0.000000 0.000000 0.000000 0.000000 0.000000 0.000000 0.000000 0.000000 0.000000 0.000000 0.000000 0.000000 0.000000 0.000000 0.000000 0.000000 0.000000 0.000000 0.000000 0.000000 0.000000 0.000000 0.000000 0.000000 0.000000 0.000000 0.000000 0.000000 0.000000 0.000000 0.000000 0.000000 0.000000 0.000000 0.000000 0.000000 0.000000 0.000000 0.000000 0.000000 0.000000 0.000000 0.000000 0.425531 0.496919 0.557654 0.582668 0.581580 0.645715 0.594673 0.606574 0.603086 0.582468 0.641757 0.772085 0.759900 0.755251 0.735300 0.735783 0.759780 0.755029 0.786389 0.798839 0.831512 0.833770 0.828602 0.828203 0.834895 0.846421 0.834431 0.658694 0.810518 0.898351 1.011955 0.551124 0.439093 0.392744 0.381911 0.362137 0.380619 0.435783 0.456214 0.458400 0.501584 0.498511 0.537270 0.451372 0.519616 0.596059 0.612644 0.581953 0.549370 0.529471 0.531280 0.548349 0.572029 0.564245 0.517424 0.500617 0.507340 0.471735 0.450608 0.439189 0.422355 0.417994 0.343812 0.293726 0.373814 0.500685 0.984744 1.068553 1.153520 1.240012 1.305532 1.348506 1.396230 1.418845 1.411157 1.401297 1.407967 1.422563 1.435876 1.437938 1.423178 1.383668 1.327461 1.255025 1.186753 1.115613 1.065433 1.013046 0.959881 0.907125 0.854600 0.805134 0.761515 0.711793 0.671869 0.625573 0.765896 0.686833 0.638035 0.595967 0.551693 0.507141 0.463234 0.420304 0.000000 0.000000 0.000000 0.000000 0.000000 0.000000 0.000000 0.000000 0.000000 0.000000 0.000000 0.000000 0.000000 0.000000 0.000000 0.000000 0.000000 0.000000 0.000000 0.000000 0.000000 0.000000 0.000000 0.000000 0.000000 0.000000 0.000000 0.000000 0.000000 0.000000 0.000000 0.000000 0.000000 0.502255 0.748745 0.944313 1.103868 1.239028 1.345636 1.403348 1.458026 1.503737 1.491952 1.549675 1.525556 1.412164 1.216790 0.901181
0.000000 0.000000 0.000000 0.000000 0.000000 0.000000 0.000000 0.000000 0.000000 0.000000 0.000000 0.000000 0.000000 0.000000 0.000000 0.000000 0.000000 0.000000 0.000000 0.000000 0.000000 0.000000 0.000000 0.000000 0.000000 0.000000 0.000000 0.000000 0.000000 0.000000 0.000000 0.000000 0.000000 0.000000 0.000000 0.000000 0.000000 0.000000 0.000000 0.000000 0.000000 0.000000 0.000000 0.000000 0.000000 0.000000 0.000000 0.000000 0.000000 0.000000 0.000000 0.000000 0.000000 0.000000 0.000000 0.000000 0.000000 0.000000 0.000000 0.000000 0.000000 0.000000 0.000000 0.000000 0.000000 0.000000 0.000000 0.000000 0.000000 0.000000 0.000000 0.000000 0.000000 0.000000 0.000000 0.000000 0.000000 0.000000 0.000000 0.000000 0.000000 0.000000 0.000000 0.000000 0.000000 0.000000 0.000000 0.000000 0.000000 0.000000 0.000000 0.000000 0.000000 0.000000 0.000000 0.000000 0.000000 0.000000 0.000000 0.000000 0.000000 0.000000 0.000000 0.000000 0.000000 0.000000 0.000000 0.000000 0.000000 0.000000 0.000000 0.000000 0.213435 0.456664 0.598748 0.652686 0.667952 0.669942 0.614134 0.555547 0.000000 0.000000 0.453352 0.494369 0.523506 0.546697 0.555998 0.555555 0.556300 0.566322 0.574030 0.544650 0.530849 0.522089 0.528305 0.533051 0.516561 0.504592 0.564876 0.686363 0.720505 0.751301 0.770071 0.780052 0.779787 0.768755 0.849915 0.861039 0.868187 0.852234 0.836312 0.824608 0.813126 0.810549 0.798519 0.777609 0.722830 0.850601 0.976456 1.073605 0.953599 0.988888 0.623791 0.578918 0.589908 0.608922 0.590162 0.498855 0.398995 0.287062 0.288655 0.341076 0.393214 0.469924 0.537714 0.566634 0.582415 0.600954 0.622099 0.632706 0.655029 0.633116 0.574728 0.531812 0.499608 0.512628 0.516372 0.517816 0.498673 0.488306 0.473282 0.473700 0.854582 0.380588 0.312798 0.415481 0.926335 1.005270 1.084785 1.176373 1.269216 1.338561 1.381632 1.400362 1.388003 1.391955 1.403563 1.413663 1.420467 1.403691 1.358343 1.300823 1.222214 1.140625 1.058525 0.987310 0.931124 0.879738 0.835599 0.794870 0.754555 0.713869 0.676534 0.634543 0.734131 0.682252 0.634169 0.588500 0.540484 0.492459 0.446240 0.403886 0.000000 0.000000 0.000000 0.000000 0.000000 0.000000 0.000000 0.000000 0.000000 0.000000 0.000000 0.000000 0.000000 0.000000 0.000000 0.000000 0.000000 0.000000 0.000000 0.000000 0.000000 0.000000 0.000000 0.000000 0.000000 0.000000 0.000000 0.000000 0.000000 0.000000 0.000000 0.000000 0.000000 0.000000 0.000000 0.574393 0.767808 0.962653 1.122793 1.229547 1.310818 1.379111 1.420747 1.487815 1.426723 1.337379 1.168617 1.025680
0.000000 0.000000 0.000000 0.000000 0.000000 0.000000 0.000000 0.000000 0.000000 0.000000 0.000000 0.000000 0.000000 0.000000 0.000000 0.000000 0.000000 0.000000 0.000000 0.000000 0.000000 0.000000 0.000000 0.000000 0.000000 0.000000 0.000000 0.000000 0.000000 0.000000 0.000000 0.000000 0.000000 0.000000 0.000000 0.000000 0.000000 0.000000 0.000000 0.000000 0.000000 0.000000 0.000000 0.000000 0.000000 0.000000 0.000000 0.000000 0.000000 0.000000 0.000000 0.000000 0.000000 0.000000 0.000000 0.000000 0.000000 0.000000 0.000000 0.000000 0.000000 0.000000 0.000000 0.000000 0.000000 0.000000 0.000000 0.000000 0.000000 0.000000 0.000000 0.000000 0.000000 0.000000 0.000000 0.000000 0.000000 0.000000 0.000000 0.000000 0.000000 0.000000 0.000000 0.000000 0.000000 0.000000 0.000000 0.000000 0.000000 0.000000 0.000000 0.000000 0.000000 0.000000 0.000000 0.000000 0.000000 0.000000 0.000000 0.000000 0.000000 0.000000 0.000000 0.000000 0.000000 0.000000 0.000000 0.102566 0.423104 0.000000 0.000000 0.000000 0.000000 0.000000 0.461016 0.546299 0.560866 0.555548 0.538960 0.508610 0.544185 0.569737 0.587390 0.616454 0.642809 0.664842 0.670347 0.660419 0.643346 0.639708 0.650866 0.637814 0.738468 0.668914 0.579298 0.758349 0.565203 0.548020 0.523596 0.512012 0.585231 0.657834 0.719218 0.756124 0.772814 0.866329 0.892650 0.879677 0.844305 0.801066 0.773980 0.755070 0.740333 0.729828 0.719886 0.707774 0.683848 0.718054 0.849017 0.967740 1.058157 1.116212 0.966384 0.955781 1.024218 0.679422 0.623594 0.510892 0.420927 0.364787 0.323925 0.314688 0.367830 0.482994 0.547314 0.621935 0.658027 0.679836 0.707173 0.714549 0.726978 0.717169 0.723792 0.731967 0.730827 0.725159 0.679277 0.631851 0.583576 0.554335 0.525644 0.507152 0.865146 0.824250 0.789393 0.775035 0.769214 0.417538 0.504887 0.938697 1.043476 1.112603 1.149161 1.181389 1.206559 1.453637 1.497361 1.317794 1.324668 1.315218 1.288092 1.266214 1.231943 1.158790 1.064772 0.975945 0.904657 0.846125 0.796384 0.754629 0.713716 0.674384 0.637789 0.599852 0.704664 0.659153 0.656379 0.571777 0.538599 0.499242 0.456455 0.412325 0.000000 0.000000 0.000000 0.000000 0.000000 0.000000 0.000000 0.000000 0.000000 0.000000 0.000000 0.000000 0.000000 0.000000 0.000000 0.000000 0.000000 0.000000 0.000000 0.000000 0.000000 0.000000 0.000000 0.000000 0.000000 0.000000 0.000000 0.000000 0.000000 0.000000 0.000000 0.000000 0.000000 0.000000 0.000000 0.484915 0.521462 0.659777 0.846809 1.004122 1.136935 1.252600 1.346332 1.414392 1.362129 1.270147 1.109887 0.973815
0.000000 0.000000 0.000000 0.000000 0.000000 0.000000 0.000000 0.000000 0.000000 0.000000 0.000000 0.000000 0.000000 0.000000 0.000000 0.000000 0.000000 0.000000 0.000000 0.000000 0.000000 0.000000 0.000000 0.000000 0.000000 0.000000 0.000000 0.000000 0.000000 0.000000 0.000000 0.000000 0.000000 0.000000 0.000000 0.000000 0.000000 0.000000 0.000000 0.000000 0.000000 0.000000 0.000000 0.000000 0.000000 0.000000 0.000000 0.000000 0.000000 0.000000 0.000000 0.000000 0.000000 0.000000 0.000000 0.000000 0.000000 0.000000 0.000000 0.000000 0.000000 0.000000 0.000000 0.000000 0.000000 0.000000 0.000000 0.000000 0.000000 0.000000 0.000000 0.000000 0.000000 0.000000 0.000000 0.000000 0.000000 0.000000 0.000000 0.000000 0.000000 0.000000 0.000000 0.000000 0.000000 0.000000 0.000000 0.000000 0.000000 0.000000 0.000000 0.000000 0.000000 0.000000 0.000000 0.000000 0.000000 0.000000 0.000000 0.000000 0.000000 0.000000 0.000000 0.000000 0.000000 0.000000 0.000000 0.000000 0.000000 0.000000 0.491882 0.618986 0.680980 0.678729 0.667592 0.779001 0.828674 0.865956 0.915882 0.942883 0.952684 0.904838 0.779099 0.732100 0.759512 0.794978 0.813810 0.814352 0.809788 0.803068 0.806134 0.803790 0.778557 0.739174 0.674376 0.650827 0.714810 0.509853 0.483279 0.462946 0.444582 0.457415 0.558383 0.628752 0.677793 0.755763 0.761916 0.790975 0.769572 0.735873 0.718394 0.704173 0.686765 0.669261 0.655787 0.641926 0.619346 0.574068 0.646934 0.776224 0.885801 1.058519 1.111402 1.042516 0.882116 0.926119 0.528942 0.446052 0.393315 0.368238 0.333982 0.331690 0.409116 0.510893 0.590469 0.653113 0.692420 0.714065 0.721802 0.716099 0.704741 0.698782 0.709059 0.695765 0.662683 0.633044 0.601001 0.575120 0.555900 0.510349 0.469226 0.434972 0.409511 0.358291 0.320223 0.298802 0.298578 0.343266 0.727168 0.736496 0.798968 1.022292 0.885967 0.911169 0.943777 0.977311 1.198318 1.238771 1.272417 1.312275 1.156012 1.183984 1.188949 1.145671 1.076350 0.995605 0.924343 0.864133 0.812944 0.763125 0.714723 0.667979 0.624927 0.582491 0.677537 0.674705 0.623856 0.516101 0.498494 0.471662 0.522891 0.520359 0.417848 0.371481 0.000000 0.000000 0.000000 0.000000 0.000000 0.000000 0.000000 0.000000 0.000000 0.000000 0.000000 0.000000 0.000000 0.000000 0.000000 0.000000 0.000000 0.000000 0.000000 0.000000 0.000000 0.000000 0.000000 0.000000 0.000000 0.000000 0.000000 0.000000 0.000000 0.000000 0.000000 0.000000 0.000000 0.507518 0.549983 0.555305 0.684321 0.856134 1.025940 1.166651 1.293406 1.412520 1.413086 1.311454 1.166633 1.014237
0.000000 0.000000 0.000000 0.000000 0.000000 0.000000 0.000000 0.000000 0.000000 0.000000 0.000000 0.000000 0.000000 0.000000 0.000000 0.000000 0.000000 0.000000 0.000000 0.000000 0.000000 0.000000 0.000000 0.000000 0.000000 0.000000 0.000000 0.000000 0.000000 0.000000 0.000000 0.000000 0.000000 0.000000 0.000000 0.000000 0.000000 0.000000 0.000000 0.000000 0.000000 0.000000 0.000000 0.000000 0.000000 0.000000 0.000000 0.000000 0.000000 0.000000 0.000000 0.000000 0.000000 0.000000 0.000000 0.000000 0.000000 0.000000 0.000000 0.000000 0.000000 0.000000 0.000000 0.000000 0.000000 0.000000 0.000000 0.000000 0.000000 0.000000 0.000000 0.000000 0.000000 0.000000 0.000000 0.000000 0.000000 0.000000 0.000000 0.000000 0.000000 0.000000 0.000000 0.000000 0.000000 0.000000 0.000000 0.000000 0.000000 0.000000 0.000000 0.000000 0.000000 0.000000 0.398155 0.473030 0.524770 0.536523 0.528987 0.538157 0.563769 0.582736 0.605268 0.640075 0.649652 0.572829 0.565293 0.600488 0.625908 0.696863 0.765133 0.837092 0.868730 0.855152 0.845817 0.828464 0.826137 0.929809 1.004223 1.066120 1.130493 1.140188 1.107199 1.060183 1.032005 1.015408 0.999580 0.982590 0.965222 0.948358 0.974197 1.071960 1.095769 1.067493 0.972586 0.889212 0.813281 0.720052 0.600658 0.510620 0.460353 0.442505 0.429686 0.421419 0.491439 0.547602 0.573939 0.589150 0.592202 0.587151 0.937859 0.577250 0.631699 0.691613 0.663186 0.875605 0.913538 0.597614 0.575786 0.521135 0.706878 0.820976 0.896666 0.946073 0.987366 0.961923 0.836003 0.469648 0.440520 0.431885 0.372679 0.344258 0.388730 0.460847 0.501332 0.567219 0.633055 0.684152 0.703117 0.687074 0.631409 0.589992 0.564039 0.541869 0.506132 0.479307 0.462612 0.477649 0.503856 0.530282 0.539360 0.535243 0.502140 0.448624 0.403386 0.364088 0.333626 0.303980 0.300585 0.664643 0.667078 0.686003 0.728525 0.951053 0.891013 0.908349 1.019561 0.968127 1.011445 1.055982 1.110173 1.175037 1.030120 1.015652 0.978938 0.930784 0.895741 0.861001 0.824630 0.788549 0.746917 0.700012 0.652201 0.799218 0.738990 0.678922 0.619355 0.563237 0.418666 0.406538 0.000000 0.000000 0.000000 0.000000 0.000000 0.000000 0.000000 0.000000 0.000000 0.000000 0.000000 0.000000 0.000000 0.000000 0.000000 0.000000 0.000000 0.000000 0.000000 0.000000 0.000000 0.000000 0.000000 0.000000 0.000000 0.000000 0.000000 0.000000 0.000000 0.000000 0.000000 0.000000 0.000000 0.000000 0.000000 0.000000 0.000000 0.437474 0.503366 0.506619 0.593862 0.754873 0.923620 1.083077 1.233441 1.382711 1.397909 1.302512 1.140895 0.971953
0.000000 0.000000 0.000000 0.000000 0.000000 0.000000 0.000000 0.000000 0.000000 0.000000 0.000000 0.000000 0.000000 0.000000 0.000000 0.000000 0.000000 0.000000 0.000000 0.000000 0.000000 0.000000 0.000000 0.000000 0.000000 0.000000 0.000000 0.000000 0.000000 0.000000 0.000000 0.000000 0.000000 0.000000 0.000000 0.000000 0.000000 0.000000 0.000000 0.000000 0.000000 0.000000 0.000000 0.000000 0.000000 0.000000 0.000000 0.000000 0.000000 0.000000 0.000000 0.000000 0.000000 0.000000 0.000000 0.000000 0.000000 0.000000 0.000000 0.000000 0.000000 0.000000 0.000000 0.000000 0.000000 0.000000 0.000000 0.000000 0.000000 0.000000 0.000000 0.000000 0.000000 0.000000 0.000000 0.000000 0.000000 0.000000 0.000000 0.000000 0.000000 0.000000 0.000000 0.000000 0.000000 0.000000 0.000000 0.000000 0.387176 0.434441 0.479947 0.532357 0.585158 0.634301 0.689708 0.752057 0.797759 0.794799 0.762208 0.753378 0.759135 0.792245 0.807121 0.793719 0.805572 0.822444 0.827676 0.844967 0.868150 0.896681 0.896796 0.873237 0.852157 0.845712 0.848884 0.856809 0.868530 0.856278 0.851096 0.934627 1.023881 1.072738 1.084717 1.073735 1.076513 1.064201 1.049110 1.037995 1.022533 1.000076 0.974803 1.036763 1.074583 1.099092 1.068451 1.016816 0.925558 0.820622 0.712789 0.646108 0.614144 0.612993 0.606338 0.550133 0.557827 0.546858 0.511988 0.473378 0.438847 0.000000 0.000000 0.000000 0.464552 0.523203 0.548716 0.613156 0.552915 0.546842 0.540556 0.534375 0.523895 0.510786 0.554900 0.677880 0.733190 0.805665 0.816740 0.926536 0.874821 0.966195 0.532367 0.462526 0.421217 0.384168 0.403700 0.493266 0.577444 0.677724 0.743168 0.740022 0.676743 0.551071 0.491698 0.482173 0.487143 0.482675 0.479740 0.499715 0.552686 0.594890 0.616766 0.629893 0.644967 0.631486 0.580040 0.528122 0.479704 0.446833 0.410017 0.363943 0.673514 0.651621 0.807185 0.803909 0.866107 0.850974 0.834151 0.826533 0.823246 0.848601 0.818000 0.859790 0.901874 0.932809 0.779627 0.773483 0.764792 0.754879 0.743574 0.730454 0.854619 0.820808 0.850411 0.802577 0.750759 0.649286 0.643296 0.546242 0.491046 0.436473 0.000000 0.000000 0.000000 0.000000 0.000000 0.000000 0.000000 0.000000 0.000000 0.000000 0.000000 0.000000 0.000000 0.000000 0.000000 0.000000 0.000000 0.000000 0.000000 0.000000 0.000000 0.000000 0.000000 0.000000 0.000000 0.000000 0.000000 0.000000 0.000000 0.000000 0.000000 0.000000 0.000000 0.000000 0.000000 0.000000 0.000000 0.000000 0.000000 0.000000 0.473440 0.616170 0.774016 0.941955 1.116286 1.243505 1.281658 1.247531 1.107031 0.940183
0.000000 0.000000 0.000000 0.000000 0.000000 0.000000 0.000000 0.000000 0.000000 0.000000 0.000000 0.000000 0.000000 0.000000 0.000000 0.000000 0.000000 0.000000 0.000000 0.000000 0.000000 0.000000 0.000000 0.000000 0.000000 0.000000 0.000000 0.000000 0.000000 0.000000 0.000000 0.000000 0.000000 0.000000 0.000000 0.000000 0.000000 0.000000 0.000000 0.000000 0.000000 0.000000 0.000000 0.000000 0.000000 0.000000 0.000000 0.000000 0.000000 0.000000 0.000000 0.000000 0.000000 0.000000 0.000000 0.000000 0.000000 0.000000 0.000000 0.000000 0.000000 0.000000 0.000000 0.000000 0.000000 0.000000 0.000000 0.000000 0.000000 0.000000 0.000000 0.000000 0.000000 0.000000 0.000000 0.000000 0.000000 0.000000 0.000000 0.000000 0.000000 0.000000 0.000000 0.000000 0.000000 0.418690 0.504762 0.572436 0.640756 0.697810 0.752757 0.801535 0.843448 0.873302 0.894754 0.909261 0.922118 0.909374 0.862001 0.821712 0.779337 0.763169 0.761435 0.773360 0.757197 0.756172 0.768287 0.788292 0.821594 0.841501 0.851274 0.855246 0.856809 0.854490 0.841382 0.826466 0.817438 0.821250 0.828319 0.839740 0.877095 0.923214 0.943095 0.944126 0.935586 0.946607 0.939886 0.942349 0.941796 0.926834 0.903944 0.873699 0.888297 0.940067 0.961924 0.934610 0.869166 0.796974 0.732145 0.715909 0.715991 0.700477 0.671817 0.668027 0.646372 0.609307 0.563201 0.521200 0.490967 0.458375 0.422156 0.000000 0.000000 0.000000 0.426438 0.593545 0.526309 0.473159 0.468049 0.461549 0.452849 0.441718 0.426752 0.000000 0.000000 0.528012 0.635092 0.686203 0.860776 0.779486 0.912040 1.036721 0.627288 0.503143 0.449894 0.505962 0.597176 0.679824 0.741493 0.791820 0.778136 0.727767 0.608788 0.539775 0.528741 0.531496 0.557127 0.620820 0.668158 0.692242 0.726937 0.731273 0.709672 0.694305 0.661702 0.642844 0.560187 0.473893 0.411197 0.372472 0.338618 0.243166 0.170890 0.147724 0.179082 0.570475 0.558735 0.723040 0.714501 0.705018 0.720010 0.728496 0.729306 0.721467 0.735860 0.750288 0.764271 0.771189 0.769020 0.762170 0.704214 0.696978 0.727567 0.690822 0.663403 0.627008 0.588449 0.547804 0.505175 0.462474 0.420522 0.000000 0.000000 0.000000 0.000000 0.000000 0.000000 0.000000 0.000000 0.000000 0.000000 0.000000 0.000000 0.000000 0.000000 0.000000 0.000000 0.000000 0.000000 0.000000 0.000000 0.000000 0.000000 0.000000 0.000000 0.000000 0.000000 0.000000 0.000000 0.000000 0.000000 0.000000 0.000000 0.000000 0.000000 0.000000 0.000000 0.000000 0.000000 0.000000 0.000000 0.499743 0.650238 0.810631 0.977857 1.161875 1.202465 1.140467 1.029156 0.942871
0.000000 0.000000 0.000000 0.000000 0.000000 0.000000 0.000000 0.000000 0.000000 0.000000 0.000000 0.000000 0.000000 0.000000 0.000000 0.000000 0.000000 0.000000 0.000000 0.000000 0.000000 0.000000 0.000000 0.000000 0.000000 0.000000 0.000000 0.000000 0.000000 0.000000 0.000000 0.000000 0.000000 0.000000 0.000000 0.000000 0.000000 0.000000 0.000000 0.000000 0.000000 0.000000 0.000000 0.000000 0.000000 0.000000 0.000000 0.000000 0.000000 0.000000 0.000000 0.000000 0.000000 0.000000 0.000000 0.000000 0.000000 0.000000 0.000000 0.000000 0.000000 0.000000 0.000000 0.000000 0.000000 0.000000 0.000000 0.000000 0.000000 0.000000 0.000000 0.000000 0.000000 0.000000 0.000000 0.000000 0.000000 0.000000 0.000000 0.000000 0.000000 0.000000 0.000000 0.000000 0.000000 0.000000 0.000000 0.000000 0.437830 0.512792 0.585389 0.660977 0.727739 0.772017 0.813668 0.855560 0.925704 0.958494 0.952717 0.933281 0.918842 0.919136 0.918115 0.857591 0.808136 0.764421 0.741008 0.730198 0.742061 0.761798 0.787009 0.829591 0.866488 0.896768 0.891296 0.862208 0.835769 0.816539 0.833249 0.842079 0.843615 0.839875 0.838740 0.853462 0.856624 0.873429 0.857044 0.819218 0.754262 0.734969 0.757243 0.817287 0.852795 0.862786 0.844376 0.811962 0.769498 0.732909 0.711155 0.722631 0.728603 0.716462 0.696145 0.670073 0.632275 0.601986 0.569385 0.544611 0.517046 0.494207 0.466000 0.443341 0.418828 0.000000 0.000000 0.000000 0.454428 0.471111 0.478800 0.471630 0.529760 0.559309 0.644454 0.638990 0.551654 0.000000 0.467842 0.494654 0.581484 0.543625 0.798967 0.986353 0.906646 0.564311 0.525376 0.485731 0.500810 0.536938 0.607982 0.705929 0.766227 0.783128 0.768002 0.665995 0.614254 0.654621 0.718621 0.812784 0.854437 0.831183 0.801457 0.784521 0.739638 0.686145 0.644845 0.611447 0.603922 0.977528 0.935373 0.891359 0.849120 0.804127 0.756984 0.708418 0.266151 0.187207 0.130931 0.112886 0.507479 0.494739 0.648822 0.630888 0.648356 0.654225 0.653068 0.671771 0.665230 0.640437 0.615563 0.586395 0.558262 0.592076 0.589987 0.581043 0.566500 0.483194 0.467468 0.447221 0.421163 0.000000 0.000000 0.000000 0.000000 0.000000 0.000000 0.000000 0.000000 0.000000 0.000000 0.000000 0.000000 0.000000 0.000000 0.000000 0.000000 0.000000 0.000000 0.000000 0.000000 0.000000 0.000000 0.000000 0.000000 0.000000 0.000000 0.000000 0.000000 0.000000 0.000000 0.000000 0.000000 0.000000 0.000000 0.000000 0.000000 0.000000 0.000000 0.000000 0.000000 0.000000 0.000000 0.498292 0.632699 0.759195 0.886477 1.055728 1.079233 1.027231 0.962529 0.937973
0.000000 0.000000 0.000000 0.000000 0.000000 0.000000 0.000000 0.000000 0.000000 0.000000 0.000000 0.000000 0.000000 0.000000 0.000000 0.000000 0.000000 0.000000 0.000000 0.000000 0.000000 0.000000 0.000000 0.000000 0.000000 0.000000 0.000000 0.000000 0.000000 0.000000 0.000000 0.000000 0.000000 0.000000 0.000000 0.000000 0.000000 0.000000 0.000000 0.000000 0.000000 0.000000 0.000000 0.000000 0.000000 0.000000 0.000000 0.000000 0.000000 0.000000 0.000000 0.000000 0.000000 0.000000 0.000000 0.000000 0.000000 0.000000 0.000000 0.000000 0.000000 0.000000 0.000000 0.000000 0.000000 0.000000 0.000000 0.000000 0.000000 0.000000 0.000000 0.000000 0.000000 0.000000 0.000000 0.000000 0.000000 0.000000 0.000000 0.000000 0.000000 0.000000 0.000000 0.000000 0.000000 0.000000 0.000000 0.000000 0.000000 0.992009 0.832747 0.000000 0.000000 0.000000 0.482000 0.475338 0.701387 0.701552 0.704804 0.698339 0.721366 0.778073 0.814723 0.783716 0.750943 0.736202 0.726460 0.723474 0.731539 0.740756 0.765321 0.823550 0.867616 0.936388 0.946192 0.975235 0.940992 0.897124 0.857009 0.825910 0.789605 0.827068 0.748783 0.798714 0.734603 0.754803 0.783113 0.721015 0.693279 0.628223 0.750941 0.810691 0.784843 0.772252 0.742880 0.703559 0.689511 0.677387 0.676411 0.689527 0.693188 0.673224 0.630344 0.598722 0.632764 0.741796 0.813570 0.855172 0.851270 0.819518 0.774057 0.707589 0.652933 0.637359 0.644823 0.662445 0.670372 0.666595 0.655613 0.598209 0.613423 0.571706 0.636962 0.688244 0.618121 0.543076 0.441490 0.000000 0.441361 0.635922 0.659704 0.753308 0.848218 0.968252 0.548602 0.487497 0.516714 0.545896 0.494825 0.592625 0.715198 0.804601 0.878132 0.851479 0.805413 0.860066 0.957222 0.974154 0.939880 0.889302 0.861355 0.813536 0.746866 0.687400 0.665653 0.651172 0.664421 1.093912 0.645286 0.573802 0.975904 0.927939 0.886047 0.835017 0.786865 0.736272 0.686087 0.638241 0.172452 0.102527 0.073890 0.486819 0.625222 0.579950 0.581520 0.586527 0.596253 0.594441 0.582692 0.565783 0.544455 0.515884 0.488366 0.457661 0.425591 0.000000 0.000000 0.000000 0.000000 0.000000 0.000000 0.000000 0.000000 0.000000 0.000000 0.377967 0.000000 0.000000 0.000000 0.000000 0.000000 0.000000 0.000000 0.000000 0.000000 0.000000 0.000000 0.000000 0.000000 0.000000 0.000000 0.000000 0.000000 0.000000 0.000000 0.000000 0.000000 0.000000 0.000000 0.000000 0.000000 0.000000 0.000000 0.000000 0.000000 0.000000 0.000000 0.000000 0.000000 0.000000 0.000000 0.446136 0.603269 0.736393 0.844556 0.994544 0.995591 0.947831 0.904785 0.922587
0.000000 0.000000 0.000000 0.000000 0.000000 0.000000 0.000000 0.000000 0.000000 0.000000 0.000000 0.000000 0.000000 0.000000 0.000000 0.000000 0.000000 0.000000 0.000000 0.000000 0.000000 0.000000 0.000000 0.000000 0.000000 0.000000 0.000000 0.000000 0.000000 0.000000 0.000000 0.000000 0.000000 0.000000 0.000000 0.000000 0.000000 0.000000 0.000000 0.000000 0.000000 0.000000 0.000000 0.000000 0.000000 0.000000 0.000000 0.000000 0.000000 0.000000 0.000000 0.000000 0.000000 0.000000 0.000000 0.000000 0.000000 0.000000 0.000000 0.000000 0.000000 0.000000 0.000000 0.000000 0.000000 0.000000 0.000000 0.000000 0.000000 0.000000 0.000000 0.000000 0.000000 0.000000 0.000000 0.000000 0.000000 0.000000 0.000000 0.000000 0.000000 0.000000 0.000000 0.000000 0.000000 0.000000 0.000000 0.000000 0.000000 0.000000 0.000000 0.000000 0.000000 0.000000 0.000000 0.000000 0.494318 0.434159 0.000000 0.000000 0.416026 0.443839 0.550479 0.609175 0.618914 0.631387 0.652628 0.670090 0.684528 0.695893 0.706466 0.730754 0.752125 0.773454 0.808447 0.824980 0.839469 0.832991 0.828190 0.800345 0.772614 0.571273 0.715309 0.727674 0.724101 0.747293 0.654501 0.624064 0.600807 0.611044 0.565635 0.550842 0.566100 0.566377 0.548961 0.605489 0.557284 0.566251 0.575025 0.638619 0.656920 0.630737 0.678939 0.798341 0.890504 0.906017 0.900857 0.889428 0.946394 0.921882 0.888721 0.848250 0.812748 0.783907 0.765583 0.755543 0.744090 0.724780 0.696416 0.663181 0.596828 0.562986 0.589347 0.640579 0.537392 0.724827 0.760115 0.775358 0.854540 0.851922 0.772610 0.801615 0.861677 0.940660 1.000013 0.956948 1.052847 0.764462 0.694033 0.673909 0.694923 0.796452 0.932096 1.004702 1.002182 1.030662 1.023707 1.032730 1.027460 0.954875 0.888266 0.817041 0.774866 0.726540 0.681286 0.692122 0.713691 0.741161 0.748959 1.137771 1.097510 1.045159 0.998463 0.941924 0.889660 0.836126 0.782369 0.732455 0.681518 0.631593 0.580963 0.117245 0.067195 0.455257 0.569951 0.501098 0.503017 0.503449 0.502138 0.493447 0.478853 0.459441 0.434794 0.000000 0.000000 0.000000 0.000000 0.000000 0.000000 0.000000 0.000000 0.000000 0.000000 0.000000 0.000000 0.000000 0.000000 0.000000 0.000000 0.000000 0.000000 0.000000 0.000000 0.000000 0.000000 0.000000 0.000000 0.000000 0.000000 0.000000 0.000000 0.000000 0.000000 0.000000 0.000000 0.000000 0.000000 0.000000 0.000000 0.000000 0.000000 0.000000 0.000000 0.000000 0.000000 0.000000 0.000000 0.000000 0.000000 0.000000 0.000000 0.000000 0.453709 0.619747 0.763959 0.893644 0.916808 0.916683 0.896224 0.894197
0.000000 0.000000 0.000000 0.000000 0.000000 0.000000 0.000000 0.000000 0.000000 0.000000 0.000000 0.000000 0.000000 0.000000 0.000000 0.000000 0.000000 0.000000 0.000000 0.000000 0.000000 0.000000 0.000000 0.000000 0.000000 0.000000 0.000000 0.000000 0.000000 0.000000 0.000000 0.000000 0.000000 0.000000 0.000000 0.000000 0.000000 0.000000 0.000000 0.000000 0.000000 0.000000 0.000000 0.000000 0.000000 0.000000 0.000000 0.000000 0.000000 0.000000 0.000000 0.000000 0.000000 0.000000 0.000000 0.000000 0.000000 0.000000 0.000000 0.000000 0.000000 0.000000 0.000000 0.000000 0.000000 0.000000 0.000000 0.000000 0.000000 0.000000 0.000000 0.000000 0.000000 0.000000 0.000000 0.000000 0.000000 0.000000 0.000000 0.000000 0.000000 0.000000 0.000000 0.000000 0.000000 0.000000 0.000000 0.000000 0.000000 0.000000 0.000000 0.000000 0.000000 0.000000 0.000000 0.565390 0.747462 0.000000 0.000000 0.000000 0.000000 0.000000 0.000000 0.000000 0.000000 0.451935 0.515385 0.556353 0.580996 0.597126 0.602737 0.606132 0.606169 0.599527 0.585425 0.593128 0.599061 0.606525 0.632789 0.651101 0.665636 0.687019 0.708356 0.755402 0.666434 0.646213 0.628611 0.681173 0.689412 0.677474 0.649720 0.608047 0.533103 0.503702 0.466218 0.439306 0.433382 0.437062 0.444364 0.563111 0.632726 0.687931 0.817404 0.907180 0.971297 0.977174 0.946389 0.899639 0.860705 0.831414 0.809916 0.796264 0.838212 0.822907 0.798801 0.770867 0.839873 0.891079 0.896320 0.873884 0.862285 0.852306 0.848009 0.846739 0.688016 0.748445 0.902482 0.881964 0.886417 0.952557 0.924896 0.904826 0.830814 0.889083 0.963371 1.041735 1.106358 1.017743 1.099005 0.865747 0.870613 0.850184 0.841143 0.882259 0.946465 0.966300 1.000795 1.020110 0.987286 0.962723 0.923666 0.855102 0.803566 0.735720 0.717763 0.726865 0.740341 0.759630 0.763715 0.755902 0.752195 0.734348 1.083352 1.027995 0.966487 0.909177 0.849618 0.794942 0.740051 0.686807 0.635533 0.585867 0.537554 0.492258 0.562454 0.453678 0.426620 0.437354 0.446502 0.447841 0.438512 0.422506 0.000000 0.000000 0.000000 0.000000 0.000000 0.000000 0.000000 0.000000 0.000000 0.000000 0.000000 0.000000 0.000000 0.000000 0.450663 0.453247 0.433353 0.429260 0.432325 0.435600 0.432422 0.421835 0.000000 0.000000 0.000000 0.000000 0.000000 0.000000 0.000000 0.000000 0.000000 0.000000 0.000000 0.000000 0.000000 0.000000 0.000000 0.000000 0.000000 0.000000 0.000000 0.000000 0.000000 0.000000 0.000000 0.000000 0.000000 0.000000 0.000000 0.000000 0.505392 0.601231 0.784184 0.868199 0.879508 0.878813 0.881984 0.858263
0.000000 0.000000 0.000000 0.000000 0.000000 0.000000 0.000000 0.000000 0.000000 0.000000 0.000000 0.000000 0.000000 0.000000 0.000000 0.000000 0.000000 0.000000 0.000000 0.000000 0.000000 0.000000 0.000000 0.000000 0.000000 0.000000 0.000000 0.000000 0.000000 0.000000 0.000000 0.000000 0.000000 0.000000 0.000000 0.000000 0.000000 0.000000 0.000000 0.000000 0.000000 0.000000 0.000000 0.000000 0.000000 0.000000 0.000000 0.000000 0.000000 0.000000 0.000000 0.000000 0.000000 0.000000 0.000000 0.000000 0.000000 0.000000 0.000000 0.000000 0.000000 0.000000 0.000000 0.000000 0.000000 0.000000 0.000000 0.000000 0.000000 0.000000 0.000000 0.000000 0.000000 0.000000 0.000000 0.000000 0.000000 0.000000 0.000000 0.000000 0.000000 0.000000 0.000000 0.000000 0.000000 0.000000 0.000000 0.000000 0.000000 0.000000 0.000000 0.000000 0.000000 0.000000 0.000000 0.000000 0.000000 0.000000 0.000000 0.000000 0.000000 0.000000 0.000000 0.000000 0.000000 0.000000 0.000000 0.000000 0.451177 0.466108 0.470642 0.477311 0.583846 0.646475 0.676302 0.692998 0.701535 0.708282 0.709103 0.707776 0.715976 0.707639 0.718767 0.845386 0.751198 0.667695 0.647868 0.609112 0.643609 0.630827 0.610300 0.605805 0.600320 0.464300 0.000000 0.696118 0.000000 0.000000 0.526064 0.607984 0.687640 0.695953 0.760104 0.828721 0.882752 0.887323 0.867509 0.837496 0.814103 0.846740 0.871378 0.901631 0.740508 0.750460 0.764858 0.817864 0.856538 0.850836 0.788701 0.863598 0.873241 0.820366 0.790599 0.806857 0.792709 0.921134 0.949426 0.936478 0.915441 0.899611 0.895094 0.892757 0.876329 0.791191 0.841744 0.938610 1.054840 0.959948 0.964475 1.025022 1.108667 0.831297 0.772360 0.778051 0.825813 0.883569 0.899160 0.934273 0.941186 0.960241 0.946451 0.940095 0.871125 0.794978 0.748484 0.776614 0.814126 0.828398 0.811317 0.789259 0.778578 0.755114 0.730300 0.689181 0.653841 0.964467 0.897371 0.842730 0.784963 0.729657 0.679261 0.630274 0.582969 0.541106 0.501442 0.582304 0.555700 0.421519 0.000000 0.000000 0.000000 0.000000 0.000000 0.000000 0.000000 0.000000 0.000000 0.000000 0.473189 0.532953 0.568494 0.596845 0.600251 0.586253 0.565091 0.527544 0.471351 0.485554 0.537928 0.550435 0.547329 0.540637 0.532350 0.520862 0.509204 0.490404 0.461911 0.426233 0.000000 0.000000 0.000000 0.000000 0.000000 0.000000 0.000000 0.000000 0.000000 0.000000 0.000000 0.000000 0.000000 0.000000 0.000000 0.000000 0.000000 0.000000 0.000000 0.000000 0.000000 0.000000 0.464703 0.570955 0.677075 0.756387 0.812750 0.890870 0.879096 0.847785 0.840970 0.838675
0.000000 0.000000 0.000000 0.000000 0.000000 0.000000 0.000000 0.000000 0.000000 0.000000 0.000000 0.000000 0.000000 0.000000 0.000000 0.000000 0.000000 0.000000 0.000000 0.000000 0.000000 0.000000 0.000000 0.000000 0.000000 0.000000 0.000000 0.000000 0.000000 0.000000 0.000000 0.000000 0.000000 0.000000 0.000000 0.000000 0.000000 0.000000 0.000000 0.000000 0.000000 0.000000 0.000000 0.000000 0.000000 0.000000 0.000000 0.000000 0.000000 0.000000 0.000000 0.000000 0.000000 0.000000 0.000000 0.000000 0.000000 0.000000 0.000000 0.000000 0.000000 0.000000 0.000000 0.000000 0.000000 0.000000 0.000000 0.000000 0.000000 0.000000 0.000000 0.000000 0.000000 0.000000 0.000000 0.000000 0.000000 0.000000 0.000000 0.000000 0.000000 0.000000 0.000000 0.000000 0.000000 0.000000 0.000000 0.000000 0.000000 0.413748 0.445421 0.449627 0.405253 0.000000 0.000000 0.000000 0.000000 0.000000 0.000000 0.458832 0.444068 0.439936 0.440549 0.432602 0.420135 0.000000 0.000000 0.000000 0.000000 0.484675 0.000000 0.444711 0.586761 0.682016 0.701545 0.696147 0.810545 0.819047 0.638163 0.625432 0.626964 0.622756 0.684991 0.727461 0.679495 0.702304 0.683852 0.652194 0.602016 0.607774 0.600670 0.600015 0.589702 0.545969 0.444442 0.409731 0.000000 0.509076 0.519069 0.650106 0.711482 0.756750 0.794391 0.834751 0.884563 0.921127 0.931310 0.901123 0.855684 0.667189 0.275879 0.347060 0.367245 0.349583 0.359411 0.387480 0.412796 0.404675 0.708513 0.658255 0.616703 0.575536 0.666493 0.734921 0.762656 0.793814 0.829399 0.799061 0.763916 0.808458 0.882830 0.912966 0.902456 0.886565 0.877984 0.807909 0.847565 0.730577 0.796604 0.870385 0.936729 1.020796 1.073093 0.790884 0.832150 0.900148 0.944517 0.967202 1.002928 1.027787 1.000185 1.019360 0.979039 0.908276 0.833648 0.865757 0.887142 0.832743 0.783066 0.753424 0.718541 0.694869 0.673525 0.643600 0.610634 0.583339 0.551993 0.910527 0.853624 0.801637 0.750119 0.701972 0.660326 0.621735 0.586611 0.556388 0.523729 0.494289 0.579829 0.503677 0.475126 0.447004 0.414469 0.000000 0.000000 0.000000 0.000000 0.421578 0.538807 0.612332 0.658700 0.695454 0.724882 0.741419 0.746457 0.725321 0.677267 0.623487 0.587272 0.570174 0.579833 0.601533 0.608733 0.604564 0.592543 0.665699 0.686656 0.684970 0.663124 0.629895 0.552608 0.529270 0.496572 0.451450 0.000000 0.000000 0.000000 0.000000 0.000000 0.000000 0.000000 0.000000 0.000000 0.000000 0.532976 0.642835 0.625251 0.617757 0.616732 0.639819 0.672940 0.696266 0.904671 0.835276 0.773933 0.792627 0.788545 0.762997 0.776868 0.829080
0.000000 0.000000 0.000000 0.000000 0.000000 0.000000 0.000000 0.000000 0.000000 0.000000 0.000000 0.000000 0.000000 0.000000 0.000000 0.000000 0.000000 0.000000 0.000000 0.000000 0.000000 0.000000 0.000000 0.000000 0.000000 0.000000 0.000000 0.000000 0.000000 0.000000 0.000000 0.000000 0.000000 0.000000 0.000000 0.000000 0.000000 0.000000 0.000000 0.000000 0.000000 0.000000 0.000000 0.000000 0.000000 0.000000 0.000000 0.000000 0.000000 0.000000 0.000000 0.000000 0.000000 0.000000 0.000000 0.000000 0.000000 0.000000 0.000000 0.000000 0.000000 0.000000 0.000000 0.000000 0.000000 0.000000 0.000000 0.000000 0.000000 0.000000 0.000000 0.000000 0.000000 0.000000 0.000000 0.000000 0.000000 0.000000 0.000000 0.000000 0.000000 0.000000 0.000000 0.000000 0.414812 0.534418 0.632630 0.686526 0.680142 0.655193 0.997695 0.614454 0.587232 0.557054 0.506849 0.581488 0.584679 0.597036 0.608479 0.631101 0.602481 0.573992 0.615737 0.588562 0.499513 0.451348 0.000000 0.417261 0.433945 0.448440 0.443387 0.453647 0.465306 0.502713 0.530646 0.511157 0.490870 0.475015 0.468419 0.490044 0.523747 0.570532 0.666728 0.733588 0.769493 0.767129 0.918788 0.909900 0.680862 0.677855 0.629547 0.671367 0.641993 0.610243 0.556295 0.446117 0.523500 0.572806 0.604212 0.614599 0.665077 0.677253 0.734347 0.806924 0.867671 0.899955 0.436544 0.456341 0.461822 0.500428 0.873037 0.860421 0.490251 0.457112 0.434444 0.428648 0.416844 0.406660 0.739484 0.702454 0.662215 0.772390 0.719413 0.709797 0.707984 0.691079 0.725898 0.676111 0.652937 0.713723 0.854379 0.929569 0.975595 1.042552 1.042807 0.992140 0.946822 0.903172 0.678777 0.710672 0.767749 1.014203 1.062855 0.948595 1.073559 0.899485 0.955112 0.994563 1.026975 1.062713 1.067824 1.109531 1.122331 1.086203 1.037020 1.044455 0.968344 0.849279 0.755889 0.720400 0.706997 0.691675 0.667086 0.653002 0.620714 0.599668 0.564206 0.537910 0.932352 0.882716 0.837017 0.797783 0.760329 0.724710 0.693959 0.664042 0.637806 0.612200 0.581966 0.686386 0.693432 0.653774 0.568290 0.527374 0.484651 0.438159 0.000000 0.000000 0.500106 0.572781 0.624378 0.675731 0.729630 0.773162 0.808333 0.812332 0.800264 0.770974 0.737035 0.698975 0.672353 0.638408 0.618502 0.617905 0.674079 0.720165 0.749425 0.760582 0.751224 0.726797 0.695171 0.664698 0.641718 0.624432 0.608524 0.541400 0.522083 0.504573 0.487002 0.468181 0.452313 0.433881 0.000000 0.423749 0.551900 0.652748 0.726232 0.790350 0.842973 0.865120 0.873511 0.943298 0.843664 0.803306 0.764642 0.727706 0.685796 0.703385 0.717261 0.813492
0.000000 0.000000 0.000000 0.000000 0.000000 0.000000 0.000000 0.000000 0.000000 0.000000 0.000000 0.000000 0.000000 0.000000 0.000000 0.000000 0.000000 0.000000 0.000000 0.000000 0.000000 0.000000 0.000000 0.000000 0.000000 0.000000 0.000000 0.000000 0.000000 0.000000 0.000000 0.000000 0.000000 0.000000 0.000000 0.000000 0.000000 0.000000 0.000000 0.000000 0.000000 0.000000 0.000000 0.000000 0.000000 0.000000 0.000000 0.000000 0.000000 0.000000 0.000000 0.000000 0.000000 0.000000 0.000000 0.000000 0.000000 0.000000 0.000000 0.000000 0.000000 0.000000 0.000000 0.000000 0.000000 0.000000 0.000000 0.000000 0.000000 0.000000 0.000000 0.000000 0.000000 0.000000 0.000000 0.000000 0.000000 0.000000 0.000000 0.000000 0.000000 0.004000 0.506747 0.572786 0.710109 0.691715 0.772493 0.824741 0.828616 0.801302 0.768630 0.748949 0.730709 0.701254 0.675131 0.660750 0.655766 0.628592 0.614603 0.621832 0.646113 0.643238 0.621753 0.598147 0.576111 0.561984 0.566297 0.554088 0.541369 0.516118 0.473423 0.421794 0.408950 0.468842 0.485742 0.507752 0.518128 0.487074 0.461262 0.573599 0.714557 0.776714 0.782983 0.836948 0.788234 0.848500 0.851880 0.789651 0.817848 0.807550 0.766962 0.754479 0.569132 0.572739 0.579986 0.723378 0.796462 0.791754 0.787011 0.767012 0.762849 0.760728 0.821711 0.244618 0.292409 0.428225 0.496808 0.519852 0.524607 0.560232 0.589505 0.947134 0.925809 0.892642 0.864951 0.856218 0.844520 0.835831 0.970451 0.934235 0.934101 0.909640 0.836459 0.774850 0.725139 0.673034 0.623229 0.599327 0.524004 0.610816 0.735401 0.815322 0.867768 0.925075 0.934381 0.912357 0.891930 0.871262 0.851715 0.787069 0.864711 0.825657 0.889414 0.953177 1.004763 0.964132 1.120517 0.883719 0.980773 1.037268 1.063112 1.079220 1.112097 1.132735 1.144780 1.142653 1.043656 0.859531 0.750634 0.709479 0.710310 0.707230 0.697901 0.680408 0.643383 0.603855 0.567490 0.530091 0.514659 0.480052 0.436364 0.408994 0.390108 0.380581 0.766572 0.732307 0.703458 0.675491 0.644440 0.620476 0.733542 0.699526 0.659013 0.623025 0.641249 0.636689 0.629357 0.613251 0.549585 0.539004 0.518451 0.570507 0.645753 0.738515 0.809990 0.848257 0.868003 0.880605 0.881530 0.880122 0.868221 0.836969 0.772706 0.716293 0.682679 0.673359 0.721662 0.738427 0.740902 0.739242 0.738797 0.741798 0.740497 0.729679 0.716653 0.707938 0.696063 0.679653 0.656472 0.628557 0.597488 0.522881 0.500506 0.559367 0.552409 0.609915 0.654702 0.746035 0.825793 0.871682 0.912158 0.934520 0.944699 0.937581 0.919453 0.891996 0.792408 0.747278 0.719887 0.791813
0.000000 0.000000 0.000000 0.000000 0.000000 0.000000 0.000000 0.000000 0.000000 0.000000 0.000000 0.000000 0.000000 0.000000 0.000000 0.000000 0.000000 0.000000 0.000000 0.000000 0.000000 0.000000 0.000000 0.000000 0.000000 0.000000 0.000000 0.000000 0.000000 0.000000 0.000000 0.000000 0.000000 0.000000 0.000000 0.000000 0.000000 0.000000 0.000000 0.000000 0.000000 0.000000 0.000000 0.000000 0.000000 0.000000 0.000000 0.000000 0.000000 0.000000 0.000000 0.000000 0.000000 0.000000 0.000000 0.000000 0.000000 0.000000 0.000000 0.000000 0.000000 0.000000 0.000000 0.000000 0.000000 0.000000 0.000000 0.000000 0.000000 0.000000 0.000000 0.000000 0.000000 0.000000 0.000000 0.000000 0.000000 0.000000 0.000000 0.000000 0.630754 0.559982 0.649715 0.823202 0.781823 0.823332 0.856878 0.865917 0.868049 0.886390 0.876506 0.853963 0.856887 0.859046 0.852903 0.823645 0.790677 0.745263 0.731960 0.722719 0.710580 0.700600 0.676408 0.666512 0.674320 0.661289 0.632090 0.626289 0.571215 0.514439 0.450717 0.000000 0.000000 0.000000 0.000000 0.000000 0.000000 0.000000 0.465611 0.463483 0.616943 0.737232 0.810048 0.869062 0.917417 0.871531 0.716874 0.735424 0.896380 0.933661 0.943820 0.928513 0.931656 0.962041 0.984270 0.854011 0.909899 0.928850 0.884328 0.836113 0.797954 0.814687 0.481426 0.368608 0.321565 0.332593 0.361987 0.397760 0.456986 0.519233 0.582435 0.980572 0.988762 0.969771 0.944662 0.924379 0.924840 0.920282 1.063496 1.123829 1.083965 1.042645 0.972741 0.913017 0.847307 0.785896 0.725926 0.642964 0.558538 0.557431 0.535264 0.610184 0.656156 0.692974 0.716931 0.735511 0.758405 0.764660 0.850423 0.849901 0.823722 0.819392 0.851062 0.912355 0.890576 0.921923 0.980170 0.997939 1.180213 1.007365 1.045863 1.023920 1.000227 1.044780 1.076011 1.051439 0.962331 0.830140 0.732057 0.689686 0.690474 0.707456 0.723692 0.728735 0.712809 0.671111 0.626981 0.570125 0.499068 0.443286 0.390296 0.345892 0.306040 0.271209 0.241710 0.212166 0.199689 0.194772 0.189138 0.199322 0.213071 0.620308 0.613763 0.609778 0.617364 0.739536 0.734565 0.765472 0.738195 0.708550 0.674371 0.605835 0.567591 0.667300 0.804662 0.872335 0.912598 0.932677 0.958435 0.990547 1.003263 0.984239 0.939779 0.885510 0.818482 0.761973 0.715352 0.696582 0.690482 0.703879 0.715575 0.731219 0.747127 0.760113 0.768925 0.776339 0.766186 0.746108 0.719240 0.695061 0.668132 0.637826 0.563129 0.534432 0.578733 0.568551 0.554899 0.614469 0.660388 0.732139 0.793769 0.856451 0.901281 0.916306 0.915194 0.903958 0.813677 0.700021 0.682602 0.704189
0.000000 0.000000 0.000000 0.000000 0.000000 0.000000 0.000000 0.000000 0.000000 0.000000 0.000000 0.000000 0.000000 0.000000 0.000000 0.000000 0.000000 0.000000 0.000000 0.000000 0.000000 0.000000 0.000000 0.000000 0.000000 0.000000 0.000000 0.000000 0.000000 0.000000 0.000000 0.000000 0.000000 0.000000 0.000000 0.000000 0.000000 0.000000 0.000000 0.000000 0.000000 0.000000 0.000000 0.000000 0.000000 0.000000 0.000000 0.000000 0.000000 0.000000 0.000000 0.000000 0.000000 0.000000 0.000000 0.000000 0.000000 0.000000 0.000000 0.000000 0.000000 0.000000 0.000000 0.000000 0.000000 0.000000 0.000000 0.000000 0.000000 0.000000 0.000000 0.000000 0.000000 0.000000 0.000000 0.000000 0.000000 0.000000 0.000000 0.361581 0.432939 0.570710 0.648978 0.838002 0.768701 0.797122 0.799449 0.777113 0.740422 0.738427 0.781098 0.800062 0.800289 0.836011 0.860901 0.865904 0.851503 0.829809 0.821112 0.806612 0.780080 0.741151 0.717506 0.727783 0.725184 0.707043 0.665396 0.604916 0.511039 0.505980 0.472723 0.421351 0.000000 0.000000 0.000000 0.000000 0.000000 0.000000 0.000000 0.454113 0.603570 0.745102 0.841680 0.910495 0.899194 0.960339 1.023677 1.086046 1.001635 0.687950 0.954729 1.118842 1.111694 1.097902 0.922212 0.932943 0.619773 0.626746 0.538767 0.468708 0.448031 0.418123 0.404025 0.377419 0.366494 0.355421 0.346291 0.319309 0.285100 0.358857 0.491237 0.898632 0.958472 0.995707 1.031337 1.065146 1.083706 1.092650 1.226503 1.293552 1.250898 1.211561 1.152840 1.102810 1.028741 0.980322 0.924934 0.871424 0.815156 0.750794 0.665262 0.573307 0.478541 0.422772 0.488953 0.549314 0.602584 0.646947 0.762012 0.772530 0.763227 0.770820 0.802048 0.851777 0.902928 0.974760 1.004646 0.977790 1.149498 1.187412 1.354587 1.446807 1.418675 1.347615 0.928733 0.827503 0.748463 0.701220 0.682322 0.717622 0.732723 0.746248 0.771936 0.796070 0.810122 0.774571 0.733157 0.678092 0.613381 0.565195 0.506683 0.445733 0.374770 0.296142 0.227438 0.175902 0.127161 0.104076 0.110866 0.144460 0.204329 0.276193 0.341242 0.724327 0.718594 0.715577 0.691589 0.673415 0.658575 0.847546 0.818363 0.786304 0.758222 0.737058 0.825519 0.855980 0.883921 0.907664 0.962530 1.014169 1.034404 1.034654 1.017975 0.999237 0.937229 0.867361 0.819077 0.771478 0.738000 0.692237 0.686128 0.677149 0.712897 0.730337 0.750731 0.773903 0.789970 0.800318 0.804388 0.785277 0.753751 0.724773 0.699064 0.652077 0.625852 0.594618 0.559690 0.521171 0.489437 0.595578 0.644974 0.679382 0.739695 0.783387 0.826836 0.853177 0.802161 0.693880 0.638142 0.638409
0.000000 0.000000 0.000000 0.000000 0.000000 0.000000 0.000000 0.000000 0.000000 0.000000 0.000000 0.000000 0.000000 0.000000 0.000000 0.000000 0.000000 0.000000 0.000000 0.000000 0.000000 0.000000 0.000000 0.000000 0.000000 0.000000 0.000000 0.000000 0.000000 0.000000 0.000000 0.000000 0.000000 0.000000 0.000000 0.000000 0.000000 0.000000 0.000000 0.000000 0.000000 0.000000 0.000000 0.000000 0.000000 0.000000 0.000000 0.000000 0.000000 0.000000 0.000000 0.000000 0.000000 0.000000 0.000000 0.000000 0.000000 0.000000 0.000000 0.000000 0.000000 0.000000 0.000000 0.000000 0.000000 0.000000 0.000000 0.000000 0.000000 0.000000 0.000000 0.000000 0.000000 0.365860 0.388360 0.405841 0.411641 0.404269 0.384008 0.369067 0.383398 0.449585 0.523630 0.602340 0.644630 0.657683 0.674551 0.702013 0.706538 0.704119 0.688785 0.667251 0.666406 0.703713 0.754413 0.796586 0.816264 0.818723 0.821638 0.823000 0.814544 0.785501 0.743631 0.709584 0.703209 0.678509 0.665547 0.623338 0.543484 0.514417 0.489771 0.451277 0.393935 0.000000 0.000000 0.533214 0.661554 0.761359 0.821674 0.807735 0.802758 0.826333 0.845997 0.810547 0.875172 0.937214 0.819192 0.849111 0.889026 0.555502 0.584427 0.598986 0.668082 0.983327 0.662589 0.682848 0.720822 0.621523 0.445139 0.391457 0.395632 0.393448 0.388310 0.370432 0.362597 0.342425 0.319742 0.281167 0.277040 0.290531 0.684914 0.764001 0.848217 0.911392 0.988482 1.066365 1.128549 1.330217 1.353837 1.365624 1.446079 1.421411 1.384643 1.343150 1.319164 1.252082 1.180096 1.108663 1.037448 0.982133 0.922248 0.851738 0.770888 0.681384 0.584454 0.478422 0.000000 0.484198 0.565521 0.602684 0.624519 0.683118 0.727603 0.769617 0.828021 0.934542 0.953588 0.968335 0.992280 1.233721 1.367713 1.380906 1.495341 1.563185 1.588073 1.293825 1.182088 1.016240 0.844175 0.733633 0.761627 0.826153 0.863050 0.895492 0.921391 0.901441 0.885416 0.886617 0.822784 0.743982 0.632723 0.422584 0.398446 0.350843 0.291167 0.242554 0.209808 0.187835 0.175538 0.183153 0.200830 0.237526 0.283408 0.339241 0.402638 0.783283 0.774295 0.760575 0.749968 0.743976 0.946755 1.073034 1.053023 0.980654 0.883736 0.855340 0.851766 0.860165 0.898621 0.942049 0.974703 0.997047 1.005366 0.998253 0.977443 0.950154 0.905183 0.832792 0.797589 0.768732 0.742762 0.713162 0.704001 0.709056 0.715074 0.721677 0.736538 0.753699 0.777527 0.801286 0.820324 0.826566 0.820767 0.818835 0.814612 0.805742 0.789462 0.764593 0.731226 0.686792 0.684289 0.691524 0.732121 0.753872 0.771235 0.817633 0.783435 0.699295 0.556983 0.501514
0.000000 0.000000 0.000000 0.000000 0.000000 0.000000 0.000000 0.000000 0.000000 0.000000 0.000000 0.000000 0.000000 0.000000 0.000000 0.000000 0.000000 0.000000 0.000000 0.000000 0.000000 0.000000 0.000000 0.000000 0.000000 0.000000 0.000000 0.000000 0.000000 0.000000 0.000000 0.000000 0.000000 0.000000 0.000000 0.000000 0.000000 0.000000 0.000000 0.000000 0.000000 0.000000 0.000000 0.000000 0.000000 0.000000 0.000000 0.000000 0.000000 0.000000 0.000000 0.000000 0.000000 0.000000 0.000000 0.000000 0.000000 0.000000 0.000000 0.000000 0.000000 0.000000 0.000000 0.000000 0.000000 0.000000 0.361673 0.377959 0.379553 0.370280 0.353126 0.000000 0.397578 0.438777 0.468543 0.492350 0.498293 0.488983 0.469714 0.452512 0.424967 0.404413 0.450386 0.534494 0.579419 0.606870 0.620249 0.626102 0.629354 0.634356 0.639939 0.639351 0.635325 0.646834 0.646495 0.626020 0.647467 0.667662 0.689004 0.703125 0.713487 0.710451 0.695521 0.668922 0.645610 0.674760 0.640809 0.610861 0.572187 0.567685 0.556939 0.586131 0.584404 0.527790 0.596235 0.733594 0.880687 0.965732 1.021831 1.010445 0.980614 0.955969 0.948374 0.904749 0.978660 0.846773 0.868351 0.878993 0.913041 0.592974 0.578229 0.569733 0.578657 0.599656 0.672029 0.714178 0.699682 0.649445 0.515624 0.406922 0.354714 0.333093 0.321844 0.306806 0.289919 0.273750 0.262825 0.258911 0.673119 0.693319 0.706353 0.743716 0.785009 1.022415 1.105322 1.171653 1.232500 1.294792 1.340208 1.396723 1.430793 1.544045 1.539548 1.511894 1.479884 1.484901 1.370064 1.352757 1.286243 1.230402 1.148650 1.071319 0.998483 0.917179 0.829306 0.764255 0.693443 0.605744 0.422458 0.000000 0.461628 0.526924 0.570723 0.629186 0.715585 0.814333 0.837628 0.845654 0.836348 0.926809 1.135994 1.341461 1.548402 1.684981 1.766144 1.842751 1.488290 1.425905 1.377634 1.282218 1.127419 0.976552 0.923733 0.964288 1.349064 1.359171 1.329721 1.301601 1.273866 1.234521 0.778690 0.684043 0.620652 0.566594 0.500081 0.442370 0.384467 0.332138 0.298798 0.290194 0.297755 0.314950 0.339159 0.366975 0.403314 0.452827 0.504009 0.869305 0.867052 0.861419 0.897025 0.952507 1.258147 1.257477 1.224299 1.151278 1.066824 0.991682 0.935526 0.891314 0.852062 0.868903 0.897344 0.908432 0.926334 0.930727 0.943009 0.924311 0.875132 0.829773 0.782638 0.748603 0.716834 0.697594 0.680898 0.658121 0.680779 0.692868 0.712867 0.739409 0.767266 0.777516 0.771074 0.767500 0.787942 0.818398 0.844213 0.862155 0.872991 0.865754 0.847246 0.819804 0.814031 0.832747 0.837047 0.851938 0.792544 0.688791 0.586011 0.429308
0.000000 0.000000 0.000000 0.000000 0.000000 0.000000 0.000000 0.000000 0.000000 0.000000 0.000000 0.000000 0.000000 0.000000 0.000000 0.000000 0.000000 0.000000 0.000000 0.000000 0.000000 0.000000 0.000000 0.000000 0.000000 0.000000 0.000000 0.000000 0.000000 0.000000 0.000000 0.000000 0.000000 0.000000 0.000000 0.000000 0.000000 0.000000 0.000000 0.000000 0.000000 0.000000 0.000000 0.000000 0.000000 0.000000 0.000000 0.000000 0.000000 0.000000 0.416373 0.459669 0.473704 0.463058 0.440164 0.417743 0.407321 0.408144 0.412002 0.414635 0.422312 0.429195 0.423615 0.414777 0.408240 0.408604 0.409415 0.418220 0.420153 0.416239 0.407196 0.399171 0.398937 0.390792 0.401313 0.423948 0.447764 0.461537 0.468932 0.471471 0.465924 0.454299 0.435332 0.420212 0.525109 0.567489 0.582086 0.586451 0.564926 0.574387 0.613426 0.596423 0.615216 0.639975 0.657153 0.659428 0.655063 0.655018 0.652918 0.657326 0.678611 0.694197 0.559348 0.554385 0.543925 0.527109 0.514639 0.526534 0.679131 0.697112 0.706551 0.700579 0.684945 0.661816 0.690315 0.773892 0.925962 1.032035 1.125817 1.172880 1.195572 1.195930 1.075279 1.079296 1.122495 1.037850 0.975508 1.015229 1.019930 1.016712 1.019708 0.690094 0.638848 0.610089 0.618878 0.945130 0.949210 0.576249 0.541512 0.492161 0.467880 0.410538 0.353684 0.311843 0.279667 0.260003 0.248220 0.235056 0.581959 0.600024 0.776844 0.689069 0.881977 1.019778 1.008026 1.173636 1.178312 1.260250 1.325399 1.368616 1.517268 1.551082 1.569983 1.589476 1.592415 1.575790 1.532597 1.491953 1.500455 1.435812 1.366136 1.277245 1.184395 1.085945 0.976981 0.915278 0.853604 0.783665 0.720352 0.648222 0.524630 0.504585 0.485195 0.468452 0.505841 0.524451 0.617840 0.652813 0.669456 0.777079 0.943510 1.141774 1.288877 1.536747 1.652228 1.617562 1.696781 1.579013 1.625968 1.697386 1.738246 1.747311 1.639929 1.501421 1.405443 1.385532 1.374716 1.331820 1.302400 1.262225 1.223902 1.182226 0.687988 0.573147 0.610580 0.500672 0.418805 0.384676 0.371119 0.372662 0.397256 0.423201 0.438983 0.461093 0.489196 0.525082 0.563248 0.601342 0.642416 0.677957 0.943294 0.958478 0.997086 1.178810 1.282554 1.269953 1.231809 1.187526 1.116167 1.039030 0.961834 0.880306 0.804464 0.818742 0.855188 0.866372 0.900196 0.938393 0.949115 0.930569 0.883418 0.825441 0.770087 0.730412 0.694472 0.673393 0.651242 0.627498 0.662213 0.675722 0.693510 0.700567 0.693420 0.691232 0.697395 0.711967 0.727337 0.766434 0.806460 0.834337 0.849433 0.856019 0.854389 0.845698 0.860417 0.868364 0.780300 0.665133 0.555099 0.247126
0.000000 0.000000 0.000000 0.000000 0.000000 0.000000 0.000000 0.000000 0.000000 0.000000 0.000000 0.000000 0.000000 0.000000 0.000000 0.000000 0.000000 0.000000 0.000000 0.000000 0.000000 0.000000 0.000000 0.000000 0.000000 0.000000 0.000000 0.000000 0.000000 0.000000 0.000000 0.000000 0.000000 0.000000 0.000000 0.000000 0.000000 0.000000 0.000000 0.000000 0.000000 0.000000 0.000000 0.000000 0.000000 0.000000 0.000000 0.000000 0.000000 0.446280 0.513228 0.554043 0.561146 0.544993 0.517995 0.504632 0.497588 0.498168 0.502263 0.504760 0.511107 0.514987 0.512890 0.509277 0.509443 0.513670 0.587281 0.624776 0.659038 0.691781 0.713875 0.723251 0.728507 0.706178 0.653894 0.608416 0.564039 0.536856 0.538032 0.547903 0.559729 0.571388 0.584317 0.596397 0.613588 0.620480 0.704788 0.586361 0.568517 0.558592 0.562425 0.602271 0.637435 0.618964 0.651361 0.670922 0.684669 0.696133 0.557447 0.553747 0.546271 0.540032 0.540373 0.553085 0.559371 0.571463 0.580733 0.586833 0.599760 0.618763 0.633372 0.637637 0.625514 0.610699 0.582661 0.571113 0.767897 0.827349 0.929543 1.014527 0.860895 0.848850 0.831248 0.818481 0.881631 0.952105 1.003254 1.069549 1.025496 0.993688 0.986059 0.691018 0.985781 0.968031 0.942466 0.909614 0.888905 0.911589 0.935380 0.906546 0.887419 0.853547 0.495913 0.445005 0.415373 0.394237 0.342445 0.608099 0.556520 0.651627 0.614822 0.683680 0.770816 0.849613 0.949197 1.066523 1.171904 1.225382 1.318895 1.401980 1.482017 1.550572 1.574738 1.595917 1.613059 1.616600 1.626930 1.626472 1.608060 1.562665 1.508595 1.450176 1.398059 1.291876 1.164921 1.046944 0.943808 0.872708 0.800872 0.720721 0.636964 0.557920 0.436177 0.000000 0.000000 0.000000 0.000000 0.426423 0.434390 0.430910 0.578227 0.805992 1.025976 1.182322 1.307451 1.302594 1.411831 1.528076 1.423891 1.496200 1.560907 1.625282 1.671709 1.687964 1.641175 1.561166 1.484795 1.446273 1.394576 1.354145 1.305902 1.249381 1.199360 0.693117 1.129437 0.595019 0.554299 0.532793 0.516989 0.500279 0.493203 0.483770 0.481624 0.500270 0.534106 0.570784 0.597918 0.626830 0.648761 0.666864 0.675664 0.683079 0.925641 0.921043 1.084145 1.187955 1.175701 1.154819 1.118715 1.067331 1.024074 0.963997 0.908333 0.858931 0.816023 0.785933 0.792319 0.839561 0.911366 0.961254 0.983513 0.960084 0.921410 0.856359 0.802132 0.752573 0.714193 0.690277 0.678512 0.672874 0.665689 0.658557 0.645854 0.671429 0.671754 0.670673 0.669180 0.673642 0.687821 0.701366 0.717933 0.728967 0.747323 0.741548 0.732731 0.716472 0.667995 0.582060 0.000000 0.000000
0.000000 0.000000 0.000000 0.000000 0.000000 0.000000 0.000000 0.000000 0.000000 0.000000 0.000000 0.000000 0.000000 0.000000 0.000000 0.000000 0.000000 0.000000 0.000000 0.000000 0.000000 0.000000 0.000000 0.000000 0.000000 0.000000 0.000000 0.000000 0.000000 0.000000 0.000000 0.000000 0.000000 0.000000 0.000000 0.000000 0.000000 0.000000 0.000000 0.000000 0.000000 0.000000 0.000000 0.000000 0.000000 0.000000 0.000000 0.000000 0.000000 0.000000 0.454682 0.506230 0.535314 0.553686 0.564778 0.570650 0.575848 0.583051 0.592968 0.601923 0.600754 0.638984 0.656837 0.682255 0.710529 0.740815 0.783312 0.821176 0.846379 0.877326 0.889170 0.880312 0.861081 0.811997 0.754541 0.719723 0.697680 0.692575 0.662055 0.682313 0.692649 0.682402 0.658939 0.638797 0.624420 0.617685 0.647315 0.628200 0.620798 0.590523 0.555921 0.539626 0.693184 0.569658 0.578463 0.631925 0.672111 0.206748 0.569706 0.257100 0.226255 0.192560 0.168657 0.160154 0.159338 0.161895 0.161925 0.162342 0.174301 0.214303 0.284397 0.635899 0.643034 0.645404 0.644276 0.638081 0.791534 0.809256 0.831289 0.698553 0.741413 0.790030 0.844162 0.884716 0.941435 0.978345 0.993988 0.977327 0.971295 0.951436 0.930150 0.914753 0.920111 0.929579 0.598576 0.892871 0.881803 0.936642 0.986636 0.999247 0.988263 0.972748 0.925057 0.906755 0.890180 0.798061 0.670933 0.715159 0.662161 0.628306 0.610468 0.603492 0.610311 0.624910 0.626354 0.769096 0.910292 1.022715 1.135091 1.239026 1.320063 1.344048 1.384019 1.418543 1.449180 1.479472 1.523685 1.553446 1.581137 1.578208 1.555149 1.527151 1.469909 1.359779 1.222874 1.137232 1.042533 0.957499 0.867464 0.771670 0.674396 0.571333 0.469340 0.000000 0.000000 0.000000 0.000000 0.000000 0.000000 0.000000 0.000000 0.000000 0.591539 0.750715 0.898206 1.013986 1.073977 1.208948 1.324289 1.191616 1.253657 1.336859 1.438789 1.540560 1.617803 1.640461 1.612720 1.599257 1.545479 1.491720 1.427107 1.349241 1.272773 1.211632 1.174419 0.643342 1.140147 1.131602 0.718993 0.676549 0.632711 0.588925 0.554686 0.547260 0.562916 0.591841 0.617381 0.626316 0.634751 0.631249 0.623880 0.595547 0.585243 0.565881 0.820461 0.774674 0.759324 0.906612 0.993326 0.979287 0.957850 0.927225 0.893959 0.856525 0.807524 0.755031 0.692835 0.691781 0.767714 0.861711 0.934685 0.972889 0.975914 0.946360 0.917920 0.877139 0.841334 0.814756 0.794031 0.781067 0.771522 0.765534 0.757534 0.747258 0.733601 0.709169 0.686170 0.651028 0.614723 0.579979 0.610681 0.610830 0.606260 0.598596 0.554933 0.570214 0.517794 0.449309 0.000000 0.000000
0.000000 0.000000 0.000000 0.000000 0.000000 0.000000 0.000000 0.000000 0.000000 0.000000 0.000000 0.000000 0.000000 0.000000 0.000000 0.000000 0.000000 0.000000 0.000000 0.000000 0.000000 0.000000 0.000000 0.000000 0.000000 0.000000 0.000000 0.000000 0.000000 0.000000 0.000000 0.000000 0.000000 0.000000 0.000000 0.000000 0.000000 0.000000 0.000000 0.000000 0.000000 0.000000 0.000000 0.000000 0.000000 0.000000 0.755782 0.000000 0.000000 0.000000 0.000000 0.410526 0.454346 0.488032 0.513775 0.532361 0.544758 0.552430 0.555901 0.623406 0.669341 0.705537 0.727345 0.734960 0.759843 0.783462 0.816689 0.836413 0.866423 0.889466 0.902504 0.889190 0.856368 0.802665 0.761190 0.748022 0.755731 0.724348 0.758816 0.780774 0.789825 0.776293 0.739660 0.702659 0.668665 0.643746 0.632312 0.619703 0.606493 0.626168 0.602145 0.554940 0.535099 0.512639 0.489769 0.563832 0.569845 0.620928 0.208683 0.188454 0.173884 0.160599 0.151092 0.160774 0.183409 0.202427 0.418432 0.257720 0.601773 0.583398 0.575843 0.588081 0.598346 0.603996 0.624433 0.642661 0.652099 0.642288 0.627991 0.648576 0.683275 0.751742 0.837263 0.896357 0.918795 0.919516 0.905883 0.874216 0.850760 0.850246 0.839891 0.815252 0.813669 0.837333 0.856032 0.860838 0.903292 0.968454 1.016073 1.041747 1.049046 1.049355 1.047537 1.065940 0.977348 0.826255 0.690258 0.605726 0.735467 0.698824 0.643314 0.652992 0.703816 0.752191 0.760407 0.749149 0.728323 0.695277 0.654539 0.796540 0.920657 1.015106 1.067105 1.080523 1.047249 1.084148 1.150972 1.236095 1.305700 1.345474 1.351197 1.323754 1.273680 1.218320 1.143541 1.069893 1.002130 0.961017 0.897630 0.823149 0.739382 0.647306 0.553164 0.457299 0.000000 0.000000 0.000000 0.000000 0.000000 0.000000 0.000000 0.000000 0.000000 0.000000 0.439074 0.535733 0.749088 0.935687 0.973337 0.884804 0.973914 0.970511 1.086419 1.226734 1.399610 1.525108 1.577328 1.598836 1.607133 1.595828 1.551875 1.497167 1.412905 1.333696 1.263002 1.214748 1.187260 1.170067 1.164792 1.170641 0.759190 0.685983 0.621997 0.586037 0.581642 0.590289 0.596624 0.621370 0.563707 0.526524 0.503696 0.444983 0.412780 0.382011 0.361189 0.353322 0.344261 0.664376 0.630296 0.600628 0.609257 0.814018 0.801468 0.802487 0.795451 0.783618 0.764584 0.732186 0.676331 0.689501 0.783238 0.855691 0.906452 0.925343 0.926176 0.915358 0.898963 0.880132 0.861549 0.849779 0.838618 0.825422 0.807008 0.783782 0.763150 0.738557 0.714407 0.685216 0.645048 0.604002 0.567435 0.532224 0.491677 0.451578 0.000000 0.000000 0.000000 0.000000 0.000000 0.000000
0.000000 0.000000 0.000000 0.000000 0.000000 0.000000 0.000000 0.000000 0.000000 0.000000 0.000000 0.000000 0.000000 0.000000 0.000000 0.000000 0.000000 0.000000 0.000000 0.000000 0.000000 0.000000 0.000000 0.000000 0.000000 0.000000 0.000000 0.000000 0.000000 0.000000 0.000000 0.000000 0.000000 0.000000 0.000000 0.000000 0.000000 0.000000 0.000000 0.000000 0.000000 0.000000 0.000000 0.000000 0.000000 0.000000 0.000000 0.000000 0.000000 0.000000 0.000000 0.000000 0.000000 0.000000 0.418685 0.455419 0.476875 0.590946 0.646371 0.693605 0.734247 0.758004 0.774531 0.769886 0.749997 0.734243 0.725754 0.735752 0.754372 0.778971 0.764181 0.737846 0.736216 0.732496 0.728248 0.726761 0.737279 0.757397 0.772648 0.768928 0.755329 0.893718 0.681654 0.680009 0.675820 0.664628 0.701178 0.682729 0.672118 0.659500 0.635532 0.608912 0.559820 0.544931 0.516174 0.492737 0.543297 0.565283 0.589378 0.474533 0.500269 0.452730 0.153850 0.162326 0.146621 0.136681 0.148191 0.168248 0.196122 0.227589 0.258132 0.609812 0.609827 0.610410 0.620373 0.627926 0.621581 0.602700 0.578816 0.572294 0.588464 0.651267 0.711745 0.737324 0.745904 0.745581 0.737861 0.743101 0.757702 0.760425 0.747435 0.735215 0.731908 0.762437 0.822206 0.851496 0.878367 0.910513 0.946211 0.971139 1.004269 1.011704 1.015482 1.047914 0.926660 0.790160 0.879977 0.800350 0.737652 0.761130 0.743753 0.765382 0.802479 0.828230 0.834884 0.829806 0.814738 0.784308 0.748917 0.697979 0.645528 0.592403 0.537685 0.544535 0.621120 0.680990 0.724940 0.754408 0.821476 0.872664 0.908244 0.911752 0.926184 0.927023 0.908018 0.880100 0.851073 0.820703 0.795345 0.760103 0.711181 0.652010 0.583084 0.506992 0.421711 0.000000 0.000000 0.000000 0.000000 0.000000 0.000000 0.000000 0.000000 0.000000 0.000000 0.654159 0.817457 0.898544 1.023475 1.169308 1.278577 1.266763 1.079814 1.063051 1.044108 1.314336 1.444287 1.499776 1.528756 1.540651 1.551048 1.530669 1.479544 1.427353 1.353150 1.300690 1.260012 1.220771 1.204918 1.203607 1.204685 0.796662 0.699422 0.638327 0.621494 0.612325 0.591384 0.600063 0.530738 0.375027 0.332168 0.327945 0.277433 0.238020 0.216207 0.207792 0.213829 0.238925 0.282831 0.342320 0.712705 0.733334 0.742355 0.947634 0.926221 0.889768 0.857453 0.811997 0.769754 0.748788 0.732909 0.707995 0.750963 0.792668 0.827724 0.842929 0.847351 0.845568 0.840074 0.831521 0.819030 0.799410 0.771158 0.746833 0.714166 0.680766 0.656519 0.630832 0.599062 0.567086 0.542170 0.532682 0.502629 0.458658 0.419459 0.000000 0.000000 0.000000 0.000000 0.000000
0.000000 0.000000 0.000000 0.000000 0.000000 0.000000 0.000000 0.000000 0.000000 0.000000 0.000000 0.000000 0.000000 0.000000 0.000000 0.000000 0.000000 0.000000 0.000000 0.000000 0.000000 0.000000 0.000000 0.000000 0.000000 0.000000 0.000000 0.000000 0.000000 0.000000 0.000000 0.000000 0.000000 0.000000 0.000000 0.000000 0.000000 0.000000 0.000000 0.000000 0.000000 0.000000 0.000000 0.000000 0.000000 0.000000 0.000000 0.000000 0.000000 0.000000 0.000000 0.000000 0.000000 0.000000 0.000000 0.416693 0.498002 0.564566 0.620851 0.690676 0.721806 0.755718 0.769464 0.766809 0.750461 0.729666 0.718274 0.714981 0.714043 0.710745 0.704407 0.696604 0.685669 0.671282 0.660415 0.647470 0.614433 0.636080 0.638769 0.660183 0.683990 0.695921 0.701859 0.695529 0.681656 0.651298 0.633719 0.660928 0.657848 0.647617 0.624354 0.601829 0.535708 0.553929 0.540753 0.523783 0.522920 0.520185 0.506811 0.516376 0.513335 0.554077 0.474077 0.152467 0.143600 0.129108 0.116005 0.678286 0.612469 0.155022 0.359621 0.216623 0.249988 0.605814 0.604023 0.591622 0.575805 0.560020 0.539080 0.513582 0.504240 0.517433 0.539971 0.554285 0.565093 0.570900 0.595352 0.635603 0.667067 0.689383 0.717790 0.773550 0.820050 0.870041 0.902773 0.903935 0.905759 1.082645 1.077414 1.079641 1.103387 1.109299 1.116166 1.111905 1.014918 0.939880 0.902188 0.841010 0.792955 0.838688 0.832027 0.850265 0.871820 0.886792 0.883017 0.871059 0.851828 0.826979 0.790149 0.746096 0.690140 0.637388 0.585581 0.526065 0.464473 0.000000 0.000000 0.000000 0.000000 0.446799 0.494465 0.518767 0.526572 0.577997 0.596861 0.597492 0.591562 0.540783 0.565426 0.573400 0.561489 0.534902 0.503047 0.463515 0.414485 0.354638 0.000000 0.000000 0.000000 0.000000 0.000000 0.000000 0.000000 0.000000 0.000000 0.575735 0.756832 0.891890 1.029283 1.124543 1.200373 1.203033 1.149737 1.076087 1.095740 1.225476 1.242713 1.320246 1.366062 1.401800 1.459403 1.507392 1.563555 1.555122 1.525849 1.466263 1.428151 1.330068 1.272696 1.259082 1.266258 1.272590 0.829756 0.708202 0.629739 0.578130 0.546417 0.528885 0.496930 0.322475 0.200378 0.172327 0.167471 0.141655 0.162353 0.229870 0.300170 0.358308 0.405413 0.448625 0.492474 0.535798 0.828067 0.956430 0.995161 0.955094 0.899997 0.875716 0.885142 0.896926 0.895658 0.880006 0.853983 0.823181 0.778730 0.728752 0.704029 0.718843 0.722474 0.717958 0.708943 0.694344 0.670629 0.633063 0.599850 0.560842 0.527137 0.523545 0.489924 0.000000 0.000000 0.431871 0.498088 0.603478 0.614952 0.618202 0.605334 0.577056 0.534062 0.519401
0.000000 0.000000 0.000000 0.000000 0.000000 0.000000 0.000000 0.000000 0.000000 0.000000 0.000000 0.000000 0.000000 0.000000 0.000000 0.000000 0.000000 0.000000 0.000000 0.000000 0.000000 0.000000 0.000000 0.000000 0.000000 0.000000 0.000000 0.000000 0.000000 0.000000 0.000000 0.000000 0.000000 0.000000 0.000000 0.000000 0.000000 0.000000 0.000000 0.000000 0.000000 0.000000 0.000000 0.000000 0.000000 0.000000 0.000000 0.000000 0.000000 0.000000 0.000000 0.000000 0.000000 0.000000 0.000000 0.000000 0.467865 0.528770 0.575408 0.627848 0.681812 0.700235 0.691599 0.676853 0.675748 0.682046 0.688621 0.694944 0.700084 0.707020 0.711143 0.706728 0.696335 0.684350 0.669515 0.651452 0.630271 0.615747 0.622450 0.632782 0.637076 0.630326 0.629391 0.633787 0.633574 0.625266 0.587865 0.576955 0.567702 0.553748 0.578778 0.501205 0.470001 0.497984 0.491441 0.493137 0.495618 0.433424 0.444650 0.444630 0.433485 0.500788 0.515623 0.525576 0.433607 0.460391 0.520218 0.110299 0.201890 0.127681 0.152827 0.185098 0.210864 0.809844 0.560516 0.554059 0.536867 0.520808 0.498356 0.089169 0.445661 0.457482 0.484058 0.634444 0.640876 0.637968 0.645066 0.672923 0.571658 0.609196 0.672893 0.736929 0.793593 0.845564 0.869343 0.886595 0.912116 0.952885 0.992334 1.007838 0.978284 0.903096 0.809423 0.750178 0.747612 0.755979 0.745384 0.895683 0.854211 0.811204 0.810447 0.909708 0.927110 0.941610 0.937358 0.899099 0.870007 0.844559 0.805321 0.751212 0.703470 0.662020 0.610108 0.552352 0.493514 0.434906 0.000000 0.000000 0.000000 0.000000 0.000000 0.000000 0.000000 0.000000 0.000000 0.000000 0.000000 0.000000 0.000000 0.000000 0.355534 0.365683 0.000000 0.000000 0.000000 0.000000 0.000000 0.000000 0.000000 0.000000 0.000000 0.000000 0.000000 0.000000 0.000000 0.424396 0.623899 0.791678 0.942446 1.048806 1.113034 1.128682 1.088285 1.019621 0.979273 0.979139 1.164682 1.373544 1.223176 1.279000 1.340430 1.390304 1.471206 1.532878 1.573311 1.581630 1.575775 1.446393 1.361111 1.325447 1.314890 1.302900 1.278089 0.823139 0.668930 0.547460 0.473312 0.400676 0.391848 0.305745 0.171264 0.232942 0.299903 0.347944 0.391775 0.415616 0.442226 0.480923 0.530481 0.570334 0.603637 0.630362 0.620139 0.590983 0.974002 0.917256 0.898134 0.941463 0.930494 0.988891 0.968693 0.950667 0.929138 0.900773 0.865858 0.839359 0.801661 0.754367 0.698085 0.638046 0.574131 0.522647 0.501212 0.552428 0.538156 0.475378 0.609735 0.791413 0.921047 0.989222 0.959134 0.820749 0.648231 0.669016 0.779916 0.845600 0.803943 0.715803 0.630098 0.619958
0.000000 0.000000 0.000000 0.000000 0.000000 0.000000 0.000000 0.000000 0.000000 0.000000 0.000000 0.000000 0.000000 0.000000 0.000000 0.000000 0.000000 0.000000 0.000000 0.000000 0.000000 0.000000 0.000000 0.000000 0.000000 0.000000 0.000000 0.000000 0.000000 0.000000 0.000000 0.000000 0.000000 0.000000 0.000000 0.000000 0.000000 0.000000 0.000000 0.000000 0.000000 0.000000 0.000000 0.000000 0.000000 0.000000 0.000000 0.000000 0.000000 0.427505 0.000000 0.594509 0.000000 0.000000 0.000000 0.000000 0.000000 0.000000 0.000000 0.432362 0.474720 0.521304 0.568176 0.604879 0.625526 0.641372 0.663372 0.683987 0.700601 0.720372 0.732838 0.738524 0.737972 0.733327 0.725271 0.711397 0.695521 0.679631 0.658536 0.633113 0.613006 0.583031 0.554722 0.520318 0.508979 0.516603 0.518841 0.514940 0.500596 0.470058 0.444331 0.419690 0.400182 0.380448 0.000000 0.000000 0.359936 0.383840 0.399529 0.403300 0.402220 0.394555 0.380013 0.362212 0.000000 0.403565 1.061239 0.664696 0.421107 0.552544 0.545045 0.547547 0.566437 0.557752 0.576328 0.578775 0.454771 0.563142 0.448230 0.471183 0.437469 0.416776 0.437534 0.451674 0.556016 0.570912 0.578395 0.591373 0.635080 0.649170 0.570322 0.618274 0.661773 0.693495 0.704083 0.726625 0.773112 0.834410 0.902269 0.928922 0.946036 0.959254 0.943970 0.883987 0.793426 0.711481 0.296629 0.294859 0.321510 0.867949 0.860576 0.863524 0.868220 0.873792 0.934375 0.900496 0.878227 0.858259 0.829112 0.793472 0.742058 0.693884 0.613531 0.562427 0.509148 0.457571 0.000000 0.000000 0.000000 0.000000 0.000000 0.000000 0.000000 0.000000 0.000000 0.000000 0.000000 0.000000 0.000000 0.000000 0.000000 0.000000 0.000000 0.000000 0.000000 0.000000 0.000000 0.000000 0.000000 0.480437 0.520159 0.523460 0.496978 0.438990 0.000000 0.447078 0.428837 0.618753 0.770970 0.882697 0.947557 1.003142 1.021858 1.018410 0.985687 0.936338 0.911322 1.076518 1.171007 1.298159 1.191394 1.234643 1.316583 1.415844 1.492613 1.516937 1.513492 1.487590 1.409007 1.363338 1.333719 1.314560 1.276299 1.244353 1.201608 0.683688 0.521021 0.373427 0.297175 0.306466 0.197070 0.274726 0.399929 0.497789 0.548535 0.580710 0.613151 0.636843 0.657901 0.649440 0.642929 0.642324 0.642625 0.912920 0.870104 1.001984 0.963084 1.014295 0.989829 0.949550 0.919089 0.893479 0.942492 0.902663 0.861360 0.814962 0.773468 0.723186 0.657480 0.602596 0.542999 0.483515 0.423984 0.449955 0.477489 0.635266 0.770189 0.900448 1.017820 1.136696 1.190964 1.166782 1.105874 1.090114 1.051411 0.999276 0.889647 0.766622 0.680084 0.660274
0.000000 0.000000 0.000000 0.000000 0.000000 0.000000 0.000000 0.000000 0.000000 0.000000 0.000000 0.000000 0.000000 0.000000 0.000000 0.000000 0.000000 0.000000 0.000000 0.000000 0.000000 0.000000 0.000000 0.000000 0.000000 0.000000 0.000000 0.000000 0.000000 0.000000 0.000000 0.000000 0.000000 0.000000 0.000000 0.000000 0.000000 0.000000 0.000000 0.000000 0.000000 0.000000 0.000000 0.000000 0.000000 0.000000 0.000000 0.000000 0.000000 0.000000 0.000000 0.000000 0.000000 0.000000 0.000000 0.000000 0.000000 0.000000 0.000000 0.000000 0.449653 0.492528 0.522216 0.552678 0.576352 0.606678 0.631003 0.662010 0.686242 0.700475 0.712281 0.719683 0.727182 0.733234 0.735547 0.731865 0.725897 0.714957 0.698560 0.683269 0.662196 0.633729 0.611352 0.580390 0.555125 0.527266 0.507414 0.470675 0.424870 0.380325 0.379635 0.378938 0.376932 0.376351 0.371023 0.000000 0.000000 0.000000 0.000000 0.000000 0.000000 0.000000 0.000000 0.000000 0.000000 0.000000 0.000000 0.000000 0.000000 0.000000 0.000000 0.000000 0.000000 0.396557 0.514102 0.536074 0.530916 0.517478 0.439573 0.432748 0.414100 0.000000 0.000000 0.000000 0.000000 0.000000 0.425522 0.459209 0.498790 0.538326 0.637631 0.678950 0.691262 0.648403 0.696695 0.601460 0.656385 0.718967 0.805829 0.890487 0.945385 0.990986 1.025839 1.088337 0.872830 0.848750 0.768898 0.626552 0.521938 0.443336 0.949986 0.974711 0.975387 0.933579 0.853504 0.822048 0.804312 0.787890 0.762790 0.724429 0.724557 0.673352 0.595850 0.551278 0.505211 0.459769 0.557446 0.542985 0.000000 0.435984 0.000000 0.000000 0.000000 0.000000 0.000000 0.000000 0.000000 0.000000 0.000000 0.000000 0.000000 0.000000 0.000000 0.000000 0.000000 0.000000 0.455968 0.585375 0.701239 0.801938 0.858534 0.867192 0.794488 0.671183 0.587917 0.535911 0.482881 0.432547 0.499891 0.633429 0.742405 0.823940 0.879014 0.923525 0.938923 0.937207 0.927539 0.925637 0.987493 1.055008 1.159512 1.248393 1.135286 1.253824 1.370027 1.434936 1.454810 1.461617 1.431957 1.395284 1.350228 1.313392 1.283149 1.264421 1.227076 1.156306 1.097233 1.041267 0.576258 0.422666 0.367479 0.330674 0.401257 0.532078 0.627454 0.677700 0.703095 0.713608 0.722111 0.713350 0.711226 0.708782 0.678597 0.658433 0.631753 0.879076 0.827208 0.804941 0.787146 0.760426 0.743822 0.729400 0.711372 0.691348 0.808019 0.839317 0.794880 0.750609 0.699814 0.624748 0.575509 0.544914 0.503964 0.458137 0.624874 0.717939 0.812021 0.911583 1.005143 1.092171 1.167112 1.237623 1.270178 1.267838 1.181050 1.068525 0.923716 0.795629 0.716988 0.686581
0.000000 0.000000 0.000000 0.000000 0.000000 0.000000 0.000000 0.000000 0.000000 0.000000 0.000000 0.000000 0.000000 0.000000 0.000000 0.000000 0.000000 0.000000 0.000000 0.000000 0.000000 0.000000 0.000000 0.000000 0.000000 0.000000 0.000000 0.000000 0.000000 0.000000 0.000000 0.000000 0.000000 0.000000 0.000000 0.000000 0.000000 0.000000 0.000000 0.000000 0.000000 0.000000 0.000000 0.000000 0.000000 0.000000 0.000000 0.000000 0.000000 0.000000 0.000000 0.000000 0.000000 0.000000 0.000000 0.000000 0.000000 0.000000 0.000000 0.000000 0.000000 0.000000 0.410746 0.453451 0.486906 0.511229 0.531353 0.549617 0.562979 0.568935 0.570644 0.571318 0.571286 0.576208 0.588433 0.601738 0.614763 0.626079 0.632350 0.633795 0.634079 0.632961 0.626876 0.615666 0.598204 0.570750 0.523059 0.466720 0.421535 0.000000 0.367047 0.380531 0.394312 0.404340 0.405538 0.400628 0.405250 0.414072 0.409985 0.397047 0.385073 0.378193 0.000000 0.000000 0.000000 0.000000 0.000000 0.000000 0.000000 0.000000 0.000000 0.000000 0.000000 0.000000 0.000000 0.399679 0.395175 0.000000 0.395887 0.398867 0.000000 0.000000 0.000000 0.000000 0.000000 0.000000 0.000000 0.000000 0.000000 0.000000 0.448254 0.481158 0.570061 0.575254 0.639866 0.561514 0.608561 0.666339 0.732499 0.802130 1.033287 1.096303 1.171829 1.227433 1.268546 1.137391 1.174147 1.342665 1.352018 1.154727 1.058306 1.100706 0.978658 0.965952 0.981529 0.940324 0.881200 0.835069 0.797077 0.747208 0.766259 0.663812 0.660713 0.595223 0.480266 0.542336 0.465887 0.441235 0.396330 0.385733 0.000000 0.000000 0.425843 0.478465 0.497065 0.457779 0.000000 0.000000 0.000000 0.000000 0.000000 0.000000 0.000000 0.411887 0.457473 0.452811 0.427961 0.481612 0.598003 0.685878 0.753733 0.787752 0.782484 0.732915 0.673106 0.610140 0.544805 0.475077 0.000000 0.000000 0.468106 0.594782 0.681897 0.754577 0.813917 0.846175 0.861326 0.865809 0.883131 0.920559 1.026290 1.032365 1.110334 1.020473 1.156833 1.279214 1.357914 1.415519 1.427198 1.427519 1.376069 1.333190 1.277099 1.246098 1.238985 1.214760 1.159380 1.096219 1.055065 1.013689 0.990711 0.544574 0.519413 0.618929 0.732100 0.773491 0.783636 0.773694 0.792842 0.820906 0.820279 0.805565 0.761733 0.712150 0.669306 0.930343 0.856583 0.817405 0.778747 0.753302 0.721558 0.688654 0.672643 0.666868 0.807363 0.786503 0.754300 0.775463 0.727866 0.670356 0.627581 0.585186 0.534661 0.476319 0.504014 0.668703 0.761944 0.857377 0.940003 1.005512 1.062479 1.130991 1.199259 1.224012 1.182890 1.100860 0.946307 0.825185 0.748816 0.707545
0.000000 0.000000 0.000000 0.000000 0.000000 0.000000 0.000000 0.000000 0.000000 0.000000 0.000000 0.000000 0.000000 0.000000 0.000000 0.000000 0.000000 0.000000 0.000000 0.000000 0.000000 0.000000 0.000000 0.000000 0.000000 0.000000 0.000000 0.000000 0.000000 0.000000 0.000000 0.000000 0.000000 0.000000 0.000000 0.000000 0.000000 0.000000 0.000000 0.000000 0.000000 0.000000 0.000000 0.000000 0.000000 0.000000 0.000000 0.000000 0.000000 0.000000 0.000000 0.000000 0.000000 0.000000 0.000000 0.000000 0.000000 0.000000 0.000000 0.000000 0.000000 0.000000 0.000000 0.000000 0.000000 0.000000 0.000000 0.000000 0.000000 0.419142 0.424273 0.430586 0.435998 0.436494 0.436620 0.439202 0.444791 0.453220 0.462560 0.469514 0.477581 0.492842 0.508225 0.516185 0.519977 0.518556 0.496600 0.463725 0.445989 0.431045 0.000000 0.372686 0.389572 0.400084 0.419082 0.447290 0.478945 0.494250 0.489435 0.487750 0.491566 0.485371 0.463484 0.433574 0.401654 0.000000 0.000000 0.000000 0.000000 0.000000 0.000000 0.000000 0.000000 0.000000 0.000000 0.000000 0.000000 0.000000 0.000000 0.000000 0.000000 0.000000 0.000000 0.000000 0.000000 0.000000 0.000000 0.000000 0.000000 0.460927 0.514408 0.555195 0.594162 0.652050 0.766252 0.825471 0.851221 0.794837 0.800134 0.650249 0.678783 0.742387 0.850898 0.856452 0.904531 0.965974 1.047836 1.308072 1.391559 1.421273 1.412235 1.407727 1.364527 1.228086 1.052070 0.990832 0.831444 0.988162 0.983234 0.968900 0.974830 0.979384 0.989299 0.993281 1.004702 1.072916 1.086625 1.080336 1.072782 1.045100 0.939555 0.911268 0.913918 0.904214 0.870163 0.787324 0.706792 0.621544 0.564365 0.568187 0.589060 0.539946 0.487767 0.454941 0.436339 0.410497 0.000000 0.000000 0.447947 0.548939 0.631056 0.690103 0.711764 0.697707 0.664941 0.609679 0.545708 0.477876 0.000000 0.000000 0.000000 0.000000 0.000000 0.490874 0.609573 0.684793 0.730447 0.758559 0.770357 0.807955 0.846447 0.896733 0.899069 0.969441 0.900337 1.030591 1.156563 1.259186 1.334110 1.381692 1.390118 1.371421 1.346983 1.290724 1.238007 1.244632 1.223847 1.168673 1.123912 1.072471 1.027352 0.989520 0.986306 0.574129 0.533333 0.573775 0.618622 0.660902 0.716125 0.760132 0.791964 0.794953 0.773259 0.736669 0.698116 0.648074 0.584175 0.860253 0.825514 0.798132 0.768886 0.732885 0.861751 0.817500 0.775645 0.736208 0.715357 0.686108 0.701086 0.638566 0.603400 0.559160 0.508566 0.453369 0.456113 0.477631 0.554953 0.713378 0.808810 0.873103 0.927532 0.982765 1.031821 1.080275 1.082610 1.046199 0.930645 0.828465 0.767251 0.726794
0.000000 0.000000 0.000000 0.000000 0.000000 0.000000 0.000000 0.000000 0.000000 0.000000 0.000000 0.000000 0.000000 0.000000 0.000000 0.000000 0.000000 0.000000 0.000000 0.000000 0.000000 0.000000 0.000000 0.000000 0.000000 0.000000 0.000000 0.000000 0.000000 0.000000 0.000000 0.000000 0.000000 0.000000 0.000000 0.000000 0.000000 0.000000 0.000000 0.000000 0.000000 0.000000 0.000000 0.000000 0.000000 0.000000 0.000000 0.000000 0.000000 0.000000 0.000000 0.000000 0.000000 0.000000 0.000000 0.000000 0.000000 0.000000 0.000000 0.000000 0.000000 0.000000 0.000000 0.000000 0.000000 0.000000 0.000000 0.000000 0.000000 0.000000 0.000000 0.000000 0.000000 0.000000 0.000000 0.000000 0.000000 0.000000 0.000000 0.000000 0.000000 0.000000 0.000000 0.000000 0.000000 0.000000 0.000000 0.000000 0.423647 0.429569 0.424461 0.000000 0.000000 0.000000 0.758355 0.450067 0.878450 0.544625 0.598206 0.622656 0.620781 0.594290 0.556330 0.510839 0.463414 0.417018 0.000000 0.000000 0.000000 0.000000 0.000000 0.353429 0.000000 0.000000 0.000000 0.000000 0.000000 0.000000 0.000000 0.000000 0.000000 0.000000 0.000000 0.000000 0.000000 0.000000 0.000000 0.000000 0.504419 0.598342 0.654979 0.693053 0.703461 0.739941 0.805916 0.783935 0.717832 0.662473 0.662355 0.678658 0.700857 0.730586 0.628836 0.625206 0.659058 0.719045 0.814083 0.943356 1.079653 1.186062 1.262755 1.346687 1.378509 1.360610 1.274979 1.229478 1.380984 1.267221 1.510007 1.531580 1.535263 1.552386 1.520695 1.473674 1.450499 1.536425 1.516450 1.490861 1.493724 1.420246 1.323626 1.239950 1.184071 1.124518 1.069263 0.975068 0.869455 0.767563 0.677603 0.628778 0.621723 0.600513 0.564073 0.509794 0.447891 0.000000 0.000000 0.000000 0.000000 0.000000 0.453894 0.516848 0.553972 0.560274 0.543284 0.514281 0.485402 0.451565 0.000000 0.000000 0.000000 0.000000 0.000000 0.000000 0.000000 0.440736 0.540388 0.599461 0.632295 0.661528 0.679181 0.744971 0.778155 0.831212 0.819503 0.757207 0.873673 1.005080 1.121723 1.238135 1.305795 1.339538 1.336181 1.330999 1.326661 1.295960 1.290556 1.270183 1.203976 1.130442 1.070989 1.017943 0.961733 0.932561 0.496744 0.446259 0.397928 0.406117 0.480339 0.525786 0.599622 0.675398 0.686691 0.687971 0.665398 0.632888 0.600604 0.570077 0.551690 0.526113 0.499509 0.472053 0.885329 0.835272 0.789483 0.746616 0.707417 0.719592 0.666494 0.630916 0.595399 0.556429 0.513237 0.464070 0.486794 0.517117 0.568145 0.602660 0.600761 0.697345 0.746933 0.787098 0.836642 0.902100 0.940431 0.937023 0.874807 0.830453 0.797571 0.764896
0.000000 0.000000 0.000000 0.000000 0.000000 0.000000 0.000000 0.000000 0.000000 0.000000 0.000000 0.000000 0.000000 0.000000 0.000000 0.000000 0.000000 0.000000 0.000000 0.000000 0.000000 0.000000 0.000000 0.000000 0.000000 0.000000 0.000000 0.000000 0.000000 0.000000 0.000000 0.000000 0.000000 0.000000 0.000000 0.000000 0.000000 0.000000 0.000000 0.000000 0.000000 0.000000 0.000000 0.000000 0.000000 0.000000 0.000000 0.000000 0.000000 0.000000 0.000000 0.000000 0.000000 0.000000 0.000000 0.000000 0.000000 0.000000 0.000000 0.000000 0.000000 0.000000 0.000000 0.000000 0.000000 0.000000 0.000000 0.000000 0.000000 0.000000 0.000000 0.000000 0.000000 0.000000 0.000000 0.000000 0.000000 0.000000 0.000000 0.000000 0.000000 0.000000 0.000000 0.000000 0.000000 0.000000 0.000000 0.000000 0.000000 0.000000 0.000000 0.000000 0.000000 0.000000 0.000000 0.000000 0.000000 0.446850 0.529267 0.587955 0.613060 0.613329 0.590388 0.551570 0.502613 0.458236 0.480381 0.568483 0.649907 0.697318 0.688894 0.602873 0.445990 0.000000 0.000000 0.000000 0.000000 0.000000 0.000000 0.000000 0.000000 0.000000 0.000000 0.000000 0.000000 0.000000 0.000000 0.000000 0.000000 0.461112 0.511980 0.535744 0.535737 0.546107 0.600083 0.565796 0.523431 0.578691 0.670681 0.758528 0.712583 0.784195 0.821786 0.877277 0.667405 0.666816 0.662798 0.698047 0.826051 0.971643 1.111594 1.223988 1.084313 1.085421 1.189310 1.489762 1.496687 1.498189 1.661019 1.692054 1.689490 1.729488 1.608912 1.598323 1.455810 1.365288 1.337507 1.319140 1.290106 1.278471 1.221350 1.144705 1.091889 1.023715 0.968275 0.926083 0.861947 0.782090 0.702462 0.642585 0.604165 0.568945 0.534735 0.493500 0.445915 0.000000 0.000000 0.000000 0.000000 0.000000 0.000000 0.000000 0.000000 0.000000 0.000000 0.000000 0.000000 0.000000 0.000000 0.000000 0.000000 0.000000 0.000000 0.000000 0.000000 0.000000 0.000000 0.000000 0.455770 0.505351 0.536505 0.560529 0.627223 0.645956 0.718090 0.759432 0.767003 0.736918 0.864501 1.028403 1.149517 1.231398 1.269268 1.293979 1.336895 1.365374 1.385030 1.408974 1.350481 1.239057 1.193987 1.151432 1.117660 1.064981 1.034139 0.964757 0.476154 0.370330 0.270794 0.221376 0.314444 0.440392 0.486387 0.504870 0.494561 0.496485 0.495233 0.500600 0.508027 0.521003 0.538776 0.536678 0.509776 0.756170 0.711903 0.670399 0.766270 0.776099 0.739570 0.722498 0.701850 0.670642 0.631802 0.588957 0.569162 0.590115 0.667010 0.710347 0.658953 0.601543 0.555549 0.522841 0.563224 0.627164 0.712462 0.745083 0.798741 0.818675 0.814801 0.778141
0.000000 0.000000 0.000000 0.000000 0.000000 0.000000 0.000000 0.000000 0.000000 0.000000 0.000000 0.000000 0.000000 0.000000 0.000000 0.000000 0.000000 0.000000 0.000000 0.000000 0.000000 0.000000 0.000000 0.000000 0.000000 0.000000 0.000000 0.000000 0.000000 0.000000 0.000000 0.000000 0.000000 0.000000 0.000000 0.000000 0.000000 0.000000 0.000000 0.000000 0.000000 0.000000 0.000000 0.000000 0.000000 0.000000 0.000000 0.000000 0.000000 0.000000 0.000000 0.000000 0.000000 0.000000 0.000000 0.000000 0.000000 0.000000 0.000000 0.000000 0.000000 0.000000 0.000000 0.000000 0.000000 0.000000 0.000000 0.000000 0.000000 0.000000 0.000000 0.000000 0.000000 0.000000 0.000000 0.000000 0.000000 0.000000 0.000000 0.000000 0.000000 0.000000 0.000000 0.000000 0.000000 0.000000 0.000000 0.000000 0.000000 0.000000 0.000000 0.000000 0.000000 0.000000 0.000000 0.000000 0.000000 0.000000 0.000000 0.423071 0.484976 0.526719 0.555003 0.559139 0.543027 0.512585 0.478287 0.462233 0.553875 0.635827 0.698217 0.718769 0.687921 0.640358 0.601417 0.552023 0.493411 0.431916 0.000000 0.000000 0.000000 0.000000 0.000000 0.000000 0.000000 0.000000 0.000000 0.000000 0.000000 0.000000 0.000000 0.000000 0.000000 0.000000 0.000000 0.000000 0.000000 0.432357 0.495045 0.616180 0.660123 0.664156 0.750255 0.702090 0.732704 0.771549 0.780926 0.880845 0.694147 0.773883 0.524308 0.681560 0.858368 1.290761 1.355669 1.380828 1.367848 1.284055 1.200533 1.218856 1.291650 1.264459 1.409297 1.360740 1.295367 1.207090 1.137639 1.083324 1.052220 1.021087 1.051512 1.027478 0.985610 0.934723 0.887296 0.835571 0.778819 0.730766 0.687703 0.650360 0.608265 0.561725 0.518457 0.481595 0.443046 0.000000 0.000000 0.000000 0.000000 0.000000 0.000000 0.000000 0.000000 0.000000 0.000000 0.000000 0.000000 0.000000 0.000000 0.000000 0.000000 0.000000 0.422523 0.000000 0.000000 0.000000 0.000000 0.000000 0.000000 0.000000 0.000000 0.000000 0.000000 0.442367 0.575593 0.591803 0.624654 0.692619 0.836168 1.013046 0.984101 1.109358 1.185366 1.252397 1.307103 1.376331 1.430659 1.510276 1.540640 1.472638 1.332599 1.229596 1.200088 1.176652 1.149494 1.121372 1.286332 0.988093 0.921651 0.458311 0.351487 0.297931 0.275863 0.265562 0.264614 0.277813 0.307012 0.340353 0.378175 0.433605 0.498417 0.522926 0.514594 0.792442 0.750087 0.717215 0.826450 0.808079 0.792563 0.844821 0.835071 0.809403 0.775179 0.727852 0.714409 0.675800 0.669315 0.706070 0.685658 0.638132 0.611534 0.606800 0.557613 0.000000 0.000000 0.506437 0.726449 0.827035 0.827533 0.784815
0.000000 0.000000 0.000000 0.000000 0.000000 0.000000 0.000000 0.000000 0.000000 0.000000 0.000000 0.000000 0.000000 0.000000 0.000000 0.000000 0.000000 0.000000 0.000000 0.000000 0.000000 0.000000 0.000000 0.000000 0.000000 0.000000 0.000000 0.000000 0.000000 0.000000 0.000000 0.000000 0.000000 0.000000 0.000000 0.000000 0.000000 0.000000 0.000000 0.000000 0.000000 0.000000 0.000000 0.000000 0.000000 0.000000 0.000000 0.000000 0.000000 0.000000 0.000000 0.000000 0.000000 0.000000 0.000000 0.000000 0.000000 0.000000 0.000000 0.000000 0.000000 0.000000 0.000000 0.000000 0.000000 0.000000 0.000000 0.000000 0.000000 0.000000 0.000000 0.000000 0.000000 0.000000 0.000000 0.000000 0.000000 0.000000 0.000000 0.000000 0.000000 0.000000 0.000000 0.000000 0.000000 0.000000 0.000000 0.000000 0.000000 0.000000 0.000000 0.000000 0.000000 0.426055 0.502819 0.562283 0.611638 0.655936 0.697633 0.736826 0.751426 0.749650 0.733013 0.717234 0.698771 0.662523 0.613447 0.563677 0.457883 0.468413 0.567525 0.647021 0.671823 0.664566 0.655980 0.642032 0.629673 0.623365 0.610961 0.572936 0.520191 0.000000 0.000000 0.000000 0.000000 0.000000 0.000000 0.000000 0.000000 0.000000 0.000000 0.000000 0.000000 0.000000 0.000000 0.000000 0.000000 0.000000 0.000000 0.000000 0.455072 0.420484 0.709448 0.478247 0.624120 0.711252 0.785128 0.851210 0.863859 1.030617 0.981315 1.056618 1.109875 1.101497 1.095534 1.141253 1.191544 1.183878 1.109394 1.028248 1.003428 0.978236 0.978062 0.987496 0.981055 0.952619 0.907485 0.863480 0.998777 0.957451 0.925773 0.897402 0.867742 0.833781 0.851243 0.806805 0.763085 0.723159 0.685824 0.648428 0.608988 0.565071 0.524242 0.486439 0.447257 0.000000 0.000000 0.000000 0.000000 0.000000 0.000000 0.000000 0.000000 0.000000 0.000000 0.000000 0.000000 0.000000 0.000000 0.000000 0.000000 0.000000 0.000000 0.000000 0.000000 0.000000 0.000000 0.000000 0.000000 0.000000 0.000000 0.000000 0.000000 0.000000 0.000000 0.000000 0.473111 0.648248 0.789571 0.818651 0.980263 1.142743 1.286658 1.192916 1.263723 1.331895 1.411391 1.490829 1.544286 1.549189 1.516778 1.412457 1.335156 1.309220 1.277698 1.242316 1.393170 1.333232 1.069550 0.994584 0.949567 0.909618 0.893693 0.446230 0.365660 0.275120 0.211674 0.186811 0.205877 0.264285 0.339029 0.384621 0.407718 0.716139 0.692452 0.684118 0.840884 0.859366 0.907867 0.939649 1.037256 1.023111 0.975363 0.912001 0.878180 0.842532 0.810091 0.835631 0.832937 0.871721 0.928190 0.987530 1.006577 1.024260 1.049941 1.073877 0.992391 0.900612 0.843293 0.776899
0.000000 0.000000 0.000000 0.000000 0.000000 0.000000 0.000000 0.000000 0.000000 0.000000 0.000000 0.000000 0.000000 0.000000 0.000000 0.000000 0.000000 0.000000 0.000000 0.000000 0.000000 0.000000 0.000000 0.000000 0.000000 0.000000 0.000000 0.000000 0.000000 0.000000 0.000000 0.000000 0.000000 0.000000 0.000000 0.000000 0.000000 0.000000 0.000000 0.000000 0.000000 0.000000 0.000000 0.000000 0.000000 0.000000 0.000000 0.000000 0.000000 0.000000 0.000000 0.000000 0.000000 0.000000 0.000000 0.000000 0.000000 0.000000 0.000000 0.000000 0.000000 0.000000 0.000000 0.000000 0.000000 0.000000 0.000000 0.000000 0.000000 0.000000 0.000000 0.000000 0.000000 0.000000 0.000000 0.000000 0.000000 0.000000 0.000000 0.000000 0.000000 0.000000 0.000000 0.000000 0.000000 0.000000 0.000000 0.000000 0.000000 0.000000 0.000000 0.000000 0.460926 0.562719 0.650422 0.739658 0.798564 0.855452 0.903698 0.934655 0.946148 0.946427 0.934913 0.907675 0.864192 0.825102 0.767536 0.702895 0.650271 0.614017 0.583147 0.541699 0.576799 0.563932 0.502396 0.486267 0.480194 0.709820 0.545394 0.568974 0.567967 0.561744 0.530709 0.000000 0.000000 0.000000 0.000000 0.000000 0.000000 0.000000 0.000000 0.000000 0.000000 0.000000 0.000000 0.000000 0.000000 0.000000 0.000000 0.000000 0.000000 0.000000 0.000000 0.460787 0.647780 0.772056 1.038612 0.922346 1.067328 1.182142 1.217024 0.740735 0.944010 0.892028 0.870825 0.908493 0.974253 1.039555 1.055174 1.022393 0.977541 0.925181 0.898532 0.887461 0.885256 0.877262 0.856146 0.821398 0.787597 0.753769 0.724272 0.701528 0.681419 0.808822 0.771942 0.737990 0.752866 0.725704 0.690118 0.654827 0.616082 0.575366 0.539592 0.590991 0.600494 0.547925 0.555768 0.549955 0.535910 0.516415 0.497271 0.475980 0.456023 0.431727 0.000000 0.000000 0.000000 0.000000 0.000000 0.000000 0.000000 0.000000 0.000000 0.000000 0.000000 0.000000 0.000000 0.000000 0.000000 0.000000 0.000000 0.000000 0.000000 0.000000 0.000000 0.000000 0.000000 0.000000 0.649009 0.714631 0.761354 0.917414 1.089665 1.234069 1.337734 1.423275 1.496488 1.579718 1.498444 1.571814 1.591874 1.566958 1.500509 1.633170 1.556827 1.512535 1.486729 1.453798 1.418274 1.377409 1.120000 1.078050 1.014860 0.948269 0.914068 0.886560 0.851188 0.403861 0.322690 0.278562 0.278362 0.648732 0.622549 0.224502 0.616424 0.674463 0.740756 0.809602 0.854193 1.035676 1.046523 1.029966 0.999620 0.953697 0.988730 0.926330 0.883713 0.905124 0.936801 0.975764 1.026421 1.066170 1.003678 1.098218 1.137579 1.181103 1.079321 0.948265 0.847318 0.762310
0.000000 0.000000 0.000000 0.000000 0.000000 0.000000 0.000000 0.000000 0.000000 0.000000 0.000000 0.000000 0.000000 0.000000 0.000000 0.000000 0.000000 0.000000 0.000000 0.000000 0.000000 0.000000 0.000000 0.000000 0.000000 0.000000 0.000000 0.000000 0.000000 0.000000 0.000000 0.000000 0.000000 0.000000 0.000000 0.000000 0.000000 0.000000 0.000000 0.000000 0.000000 0.000000 0.000000 0.000000 0.000000 0.000000 0.000000 0.000000 0.000000 0.000000 0.000000 0.000000 0.000000 0.000000 0.000000 0.000000 0.000000 0.000000 0.000000 0.000000 0.000000 0.000000 0.000000 0.000000 0.000000 0.000000 0.000000 0.000000 0.000000 0.000000 0.000000 0.000000 0.000000 0.000000 0.000000 0.000000 0.000000 0.000000 0.000000 0.000000 0.000000 0.000000 0.000000 0.000000 0.000000 0.000000 0.000000 0.000000 0.000000 0.000000 0.000000 0.000000 0.004000 0.045844 0.623919 0.729957 0.793276 0.864072 0.932241 0.984076 1.010424 1.034896 1.035933 1.020706 0.996927 0.968614 0.935485 0.878190 0.825364 0.775161 0.742286 0.693321 0.633290 0.568149 0.508077 0.458183 0.415569 0.000000 0.421944 0.450964 0.476933 0.486583 0.467198 0.446069 0.437456 0.439338 0.428443 0.421794 0.000000 0.000000 0.000000 0.000000 0.000000 0.000000 0.000000 0.000000 0.000000 0.454712 0.515156 0.555360 0.578716 0.606972 0.643824 0.701144 0.810344 0.925204 1.038283 1.156443 1.254544 1.294225 1.180945 1.190639 1.202732 1.214807 1.032510 0.986745 0.967957 0.979530 1.008348 1.035090 1.025413 0.984476 0.931572 0.905957 0.888050 0.522668 0.863982 0.840263 0.811845 0.783746 0.749482 0.708814 0.669751 0.631647 0.745837 0.571425 0.685353 0.661571 0.676149 0.633988 0.611273 0.660666 0.679232 0.699411 0.709147 0.688564 0.625812 0.588068 0.549181 0.514460 0.485422 0.457637 0.428890 0.000000 0.000000 0.000000 0.000000 0.000000 0.000000 0.000000 0.000000 0.000000 0.000000 0.000000 0.000000 0.000000 0.000000 0.000000 0.000000 0.000000 0.000000 0.000000 0.000000 0.000000 0.000000 0.000000 0.000000 0.000000 0.000000 0.456294 0.619069 0.682441 0.835513 0.997735 1.128976 1.238194 1.323187 1.395319 1.484677 1.599330 1.817907 1.727895 1.706475 1.689532 1.635582 1.566070 1.470430 1.519688 1.510235 1.508570 1.549727 1.582242 1.543507 1.225228 1.095035 0.991397 0.913457 0.842298 0.955231 0.886853 0.677917 0.688617 0.353867 0.334328 0.693157 0.719071 0.762971 0.809536 0.842744 1.027779 1.032370 1.015390 0.987859 0.957570 0.914050 0.874673 0.836497 0.895363 0.905258 0.942175 0.979822 1.011646 1.018030 1.033627 1.087034 1.140019 1.071856 0.952508 0.775397 0.692706
0.000000 0.000000 0.000000 0.000000 0.000000 0.000000 0.000000 0.000000 0.000000 0.000000 0.000000 0.000000 0.000000 0.000000 0.000000 0.000000 0.000000 0.000000 0.000000 0.000000 0.000000 0.000000 0.000000 0.000000 0.000000 0.000000 0.000000 0.000000 0.000000 0.000000 0.000000 0.000000 0.000000 0.000000 0.000000 0.000000 0.000000 0.000000 0.000000 0.000000 0.000000 0.000000 0.000000 0.000000 0.000000 0.000000 0.000000 0.000000 0.000000 0.000000 0.000000 0.000000 0.000000 0.000000 0.000000 0.000000 0.000000 0.000000 0.000000 0.000000 0.000000 0.000000 0.000000 0.000000 0.000000 0.000000 0.000000 0.000000 0.000000 0.000000 0.000000 0.000000 0.000000 0.000000 0.000000 0.000000 0.000000 0.000000 0.000000 0.000000 0.000000 0.000000 0.000000 0.000000 0.000000 0.000000 0.000000 0.000000 0.000000 0.406937 0.000000 0.000000 0.000000 0.000000 0.000000 0.537303 0.625072 0.704591 0.764494 0.820884 0.862344 0.904431 0.931254 0.956162 0.965231 0.964716 0.956111 0.929911 0.890188 0.854091 0.821636 0.782715 0.724251 0.648560 0.590889 0.545664 0.506956 0.466943 0.422990 0.000000 0.000000 0.000000 0.428408 0.446396 0.449031 0.465041 0.509879 0.558211 0.569458 0.511918 0.503385 0.509104 0.516343 0.507893 0.570545 0.613624 0.660519 0.746844 0.789356 0.793617 0.794786 0.790439 0.790825 0.785826 0.807617 0.874234 0.982809 1.092899 1.159551 1.193338 1.226537 1.265613 1.306474 1.250564 1.288871 1.311442 1.206740 1.239295 1.217011 1.176573 1.138058 1.122511 1.102829 1.088538 1.075498 1.061154 1.056001 1.030833 0.994476 0.953338 0.909466 0.851469 0.798480 0.749489 0.700590 0.649490 0.606997 0.567203 0.674559 0.510471 0.635819 0.653462 0.716785 0.725100 0.705293 0.652961 0.539381 0.476547 0.431914 0.000000 0.000000 0.000000 0.000000 0.000000 0.000000 0.000000 0.000000 0.000000 0.000000 0.000000 0.000000 0.000000 0.000000 0.000000 0.000000 0.000000 0.000000 0.000000 0.000000 0.000000 0.000000 0.000000 0.000000 0.000000 0.000000 0.000000 0.000000 0.000000 0.000000 0.000000 0.000000 0.471729 0.643959 0.722319 0.860563 0.980477 1.079578 1.166436 1.245846 1.318541 1.420076 1.634289 1.565753 1.577566 1.569421 1.547107 1.487818 1.452254 1.478345 1.518977 1.550921 1.645234 1.740901 1.701960 1.578421 1.218138 1.055417 0.955475 0.876841 0.832852 0.802068 0.805361 0.828952 0.901681 0.935825 0.933746 0.509190 0.482094 0.507993 0.847247 1.008445 0.983565 0.958571 0.932402 0.909595 0.885720 0.853086 0.886894 0.839866 0.831339 0.849700 0.864301 0.880183 0.909776 0.932670 0.965112 0.929442 0.858736 0.769596 0.642170
0.000000 0.000000 0.000000 0.000000 0.000000 0.000000 0.000000 0.000000 0.000000 0.000000 0.000000 0.000000 0.000000 0.000000 0.000000 0.000000 0.000000 0.000000 0.000000 0.000000 0.000000 0.000000 0.000000 0.000000 0.000000 0.000000 0.000000 0.000000 0.000000 0.000000 0.000000 0.000000 0.000000 0.000000 0.000000 0.000000 0.000000 0.000000 0.000000 0.000000 0.000000 0.000000 0.000000 0.000000 0.000000 0.000000 0.000000 0.000000 0.000000 0.000000 0.000000 0.000000 0.000000 0.000000 0.000000 0.000000 0.000000 0.000000 0.000000 0.000000 0.000000 0.000000 0.000000 0.000000 0.000000 0.000000 0.000000 0.000000 0.000000 0.000000 0.000000 0.000000 0.000000 0.000000 0.000000 0.000000 0.000000 0.000000 0.000000 0.000000 0.000000 0.000000 0.000000 0.000000 0.000000 0.000000 0.000000 0.000000 0.000000 0.000000 0.000000 0.000000 0.000000 0.000000 0.000000 0.000000 0.465212 0.506568 0.626009 0.679877 0.726308 0.762773 0.790322 0.822575 0.839361 0.855952 0.879835 0.881880 0.857799 0.828611 0.811295 0.790747 0.748520 0.701388 0.627526 0.594427 0.558145 0.516848 0.475691 0.431563 0.000000 0.000000 0.000000 0.000000 0.000000 0.000000 0.439145 0.533319 0.598330 0.596744 0.608622 0.624423 0.641966 0.677900 0.723964 0.734345 0.774460 0.822190 0.846043 0.838684 0.804088 0.774325 0.732491 0.643068 0.676727 0.755468 0.832547 0.893572 0.928641 0.983832 1.047536 1.097256 1.154286 1.231954 1.298487 1.259501 1.298425 1.354538 1.195259 1.394268 1.222450 1.248400 0.933314 0.919780 0.895266 0.880080 1.202535 1.192963 1.191160 1.166957 1.116545 1.065015 1.005180 0.933568 0.871211 0.802812 0.755087 0.704885 0.869081 0.798445 0.558417 0.537852 0.647145 0.596635 0.457320 0.000000 0.000000 0.000000 0.000000 0.000000 0.000000 0.000000 0.000000 0.000000 0.000000 0.000000 0.000000 0.000000 0.000000 0.000000 0.000000 0.000000 0.000000 0.000000 0.000000 0.000000 0.000000 0.000000 0.000000 0.000000 0.000000 0.000000 0.000000 0.000000 0.000000 0.000000 0.000000 0.000000 0.000000 0.000000 0.000000 0.000000 0.000000 0.493455 0.631251 0.707699 0.818425 0.917109 1.009606 1.090401 1.149766 1.248788 1.356137 1.431463 1.450782 1.461409 1.446201 1.392401 1.365750 1.380006 1.429608 1.515748 1.619334 1.699722 1.466551 1.357416 1.239849 1.143961 1.070150 1.023083 0.976150 0.956616 0.962944 0.990862 1.021435 1.236606 0.999554 0.980854 0.929134 0.532027 0.438403 0.418033 0.883078 0.862675 0.837677 0.810759 0.857738 0.884635 0.860703 0.763159 0.703677 0.667876 0.665778 0.656851 0.688140 0.710597 0.719280 0.705973 0.629392 0.582803
0.000000 0.000000 0.000000 0.000000 0.000000 0.000000 0.000000 0.000000 0.000000 0.000000 0.000000 0.000000 0.000000 0.000000 0.000000 0.000000 0.000000 0.000000 0.000000 0.000000 0.000000 0.000000 0.000000 0.000000 0.000000 0.000000 0.000000 0.000000 0.000000 0.000000 0.000000 0.000000 0.000000 0.000000 0.000000 0.000000 0.000000 0.000000 0.000000 0.000000 0.000000 0.000000 0.000000 0.000000 0.000000 0.000000 0.000000 0.000000 0.000000 0.000000 0.000000 0.000000 0.000000 0.000000 0.000000 0.000000 0.000000 0.000000 0.000000 0.000000 0.000000 0.000000 0.000000 0.000000 0.000000 0.000000 0.000000 0.000000 0.000000 0.000000 0.000000 0.000000 0.000000 0.000000 0.000000 0.000000 0.000000 0.000000 0.000000 0.000000 0.000000 0.000000 0.000000 0.000000 0.000000 0.000000 0.000000 0.000000 0.000000 0.000000 0.000000 0.000000 0.000000 0.000000 0.000000 0.000000 0.000000 0.429698 0.467045 0.496853 0.595679 0.642785 0.670681 0.690384 0.706837 0.734537 0.761176 0.764086 0.750397 0.735245 0.728642 0.717379 0.694034 0.665917 0.648050 0.598568 0.570767 0.544716 0.509925 0.470631 0.434295 0.394525 0.000000 0.000000 0.000000 0.000000 0.000000 0.000000 0.449858 0.522207 0.523909 0.568207 0.647285 0.953665 0.688246 0.672902 0.700362 0.720423 0.739003 0.754818 0.731162 0.723043 0.691041 0.674337 0.660678 0.656305 0.628662 0.603499 0.619563 0.694485 0.773036 0.850219 0.926515 1.011892 1.016476 0.901672 0.927464 0.965563 1.018512 0.774876 0.810783 1.153331 1.179435 1.213217 1.232219 1.250453 1.254475 1.248794 1.256768 1.270054 1.463506 1.442492 1.371292 1.289266 1.233811 1.163568 1.088204 1.019347 1.047828 0.978846 0.905876 0.827801 0.757170 0.683757 0.609235 0.495060 0.442403 0.000000 0.000000 0.000000 0.000000 0.000000 0.000000 0.000000 0.000000 0.000000 0.000000 0.000000 0.000000 0.000000 0.000000 0.000000 0.000000 0.000000 0.000000 0.000000 0.000000 0.000000 0.000000 0.000000 0.000000 0.000000 0.000000 0.000000 0.000000 0.000000 0.000000 0.000000 0.000000 0.000000 0.000000 0.000000 0.000000 0.000000 0.000000 0.464532 0.634715 0.744545 0.785552 0.884368 0.965314 1.045244 1.130992 1.338973 1.425204 1.477277 1.381961 1.347112 1.323247 1.312948 1.341568 1.386795 1.419401 1.491826 1.586503 1.371022 1.281950 1.208210 1.139485 1.079680 1.029142 0.990003 0.990240 1.000356 1.019006 1.053782 1.050037 1.019444 0.984764 0.929947 0.842834 0.766045 0.374782 0.633203 0.610311 0.617455 0.818948 0.784979 0.745733 0.713839 0.675004 0.626426 0.570923 0.426103 0.000000 0.408725 0.503356 0.526729 0.532943 0.510028
0.000000 0.000000 0.000000 0.000000 0.000000 0.000000 0.000000 0.000000 0.000000 0.000000 0.000000 0.000000 0.000000 0.000000 0.000000 0.000000 0.000000 0.000000 0.000000 0.000000 0.000000 0.000000 0.000000 0.000000 0.000000 0.000000 0.000000 0.000000 0.000000 0.000000 0.000000 0.000000 0.000000 0.000000 0.000000 0.000000 0.000000 0.000000 0.000000 0.000000 0.000000 0.000000 0.000000 0.000000 0.000000 0.000000 0.000000 0.000000 0.000000 0.000000 0.000000 0.000000 0.000000 0.000000 0.000000 0.000000 0.000000 0.000000 0.000000 0.000000 0.000000 0.000000 0.000000 0.000000 0.000000 0.000000 0.000000 0.000000 0.000000 0.000000 0.000000 0.000000 0.000000 0.000000 0.000000 0.000000 0.000000 0.000000 0.000000 0.000000 0.000000 0.000000 0.000000 0.000000 0.000000 0.000000 0.000000 0.000000 0.000000 0.000000 0.000000 0.000000 0.000000 0.000000 0.000000 0.000000 0.000000 0.000000 0.000000 0.000000 0.441078 0.467417 0.481075 0.484867 0.558109 0.580367 0.597661 0.598078 0.593937 0.603224 0.613083 0.610326 0.558855 0.551985 0.548044 0.538986 0.522604 0.508104 0.489081 0.464402 0.442633 0.417630 0.000000 0.000000 0.000000 0.000000 0.000000 0.000000 0.000000 0.000000 0.000000 0.000000 0.676119 0.564502 0.623745 0.649358 0.658698 0.684291 0.705017 0.729408 0.754319 0.749986 0.759103 0.789441 0.817600 0.819633 0.819164 0.827582 0.834943 0.838913 0.842505 0.843993 0.775751 0.767904 0.670847 0.681679 0.260857 0.257628 0.345048 0.476319 0.607258 0.711173 1.077429 1.110342 1.128885 1.155401 1.202224 1.236816 1.235879 1.240485 1.269309 1.317870 1.321146 1.469990 1.425627 1.360109 1.274680 1.218290 1.131385 1.151395 1.079266 1.012502 0.928240 0.844826 0.765704 0.684641 0.608073 0.451050 0.000000 0.000000 0.355167 0.000000 0.000000 0.000000 0.000000 0.000000 0.000000 0.000000 0.000000 0.000000 0.000000 0.000000 0.000000 0.000000 0.000000 0.000000 0.000000 0.000000 0.000000 0.000000 0.000000 0.000000 0.000000 0.000000 0.000000 0.000000 0.000000 0.000000 0.000000 0.000000 0.000000 0.000000 0.000000 0.000000 0.000000 0.000000 0.000000 0.495776 0.654577 0.749313 0.845044 0.939038 1.031582 1.121802 1.223718 1.306084 1.355996 1.379074 1.240352 1.222205 1.245084 1.281089 1.313771 1.329489 1.368093 1.423623 1.460332 1.236795 1.153463 1.081227 1.048732 1.016107 1.008154 0.995059 0.971518 0.961382 0.971573 0.985479 0.975433 0.930858 0.838885 0.762693 0.687241 0.639085 0.742458 0.694483 0.661327 0.675774 0.651780 0.631926 0.605145 0.576367 0.540390 0.437692 0.000000 0.415311 0.000000 0.000000 0.415339 0.422683
0.000000 0.000000 0.000000 0.000000 0.000000 0.000000 0.000000 0.000000 0.000000 0.000000 0.000000 0.000000 0.000000 0.000000 0.000000 0.000000 0.000000 0.000000 0.000000 0.000000 0.000000 0.000000 0.000000 0.000000 0.000000 0.000000 0.000000 0.000000 0.000000 0.000000 0.000000 0.000000 0.000000 0.000000 0.000000 0.000000 0.000000 0.000000 0.000000 0.000000 0.000000 0.000000 0.000000 0.000000 0.000000 0.000000 0.000000 0.000000 0.000000 0.000000 0.000000 0.000000 0.000000 0.000000 0.000000 0.000000 0.000000 0.000000 0.000000 0.000000 0.000000 0.000000 0.000000 0.000000 0.000000 0.000000 0.000000 0.000000 0.000000 0.000000 0.000000 0.000000 0.000000 0.000000 0.000000 0.000000 0.000000 0.000000 0.000000 0.000000 0.000000 0.000000 0.000000 0.000000 0.000000 0.000000 0.000000 0.000000 0.000000 0.000000 0.000000 0.000000 0.000000 0.000000 0.000000 0.000000 0.000000 0.000000 0.000000 0.000000 0.000000 0.000000 0.000000 0.000000 0.411349 0.406067 0.000000 0.000000 0.000000 0.414379 0.450825 0.457406 0.450875 0.448536 0.453818 0.453721 0.443847 0.430715 0.421909 0.413358 0.404717 0.000000 0.000000 0.000000 0.000000 0.000000 0.000000 0.000000 0.000000 0.000000 0.000000 0.000000 0.000000 0.665674 0.473774 0.672627 0.784295 0.681081 0.624684 0.668761 0.685132 0.687102 0.673094 0.664464 0.703085 0.732668 0.758761 0.791245 0.820894 0.851979 0.867135 0.889729 0.895150 0.912186 0.730006 0.769638 0.796565 0.781751 0.788675 0.784775 0.814541 0.873331 0.958961 1.015319 1.048913 1.051483 1.095503 1.139862 1.182412 1.212312 1.250303 1.296520 1.338318 1.378706 1.571083 1.535516 1.483643 1.428549 1.357492 1.292133 1.302758 1.206787 1.116738 1.035170 0.949619 0.866214 0.785524 0.696632 0.610675 0.444562 0.000000 0.000000 0.000000 0.000000 0.000000 0.000000 0.000000 0.000000 0.000000 0.000000 0.000000 0.000000 0.000000 0.000000 0.000000 0.000000 0.000000 0.000000 0.000000 0.000000 0.000000 0.000000 0.000000 0.000000 0.000000 0.000000 0.000000 0.000000 0.000000 0.000000 0.000000 0.000000 0.000000 0.000000 0.000000 0.000000 0.000000 0.000000 0.432663 0.539402 0.639694 0.742178 0.841075 0.927999 1.015954 1.107398 1.174083 1.222627 1.135712 1.121119 1.119343 1.142858 1.168603 0.979227 0.997214 1.027200 1.095152 1.131867 1.151753 1.347420 1.332375 1.082185 1.023338 0.970931 0.930212 0.907029 0.888518 1.068610 1.074820 0.879673 0.801530 0.720106 0.644553 0.617364 0.762405 0.572138 0.502215 0.577260 0.567186 0.552507 0.541880 0.466107 0.591297 0.630295 0.574109 0.489996 0.000000 0.000000 0.000000 0.000000
0.000000 0.000000 0.000000 0.000000 0.000000 0.000000 0.000000 0.000000 0.000000 0.000000 0.000000 0.000000 0.000000 0.000000 0.000000 0.000000 0.000000 0.000000 0.000000 0.000000 0.000000 0.000000 0.000000 0.000000 0.000000 0.000000 0.000000 0.000000 0.000000 0.000000 0.000000 0.000000 0.000000 0.000000 0.000000 0.000000 0.000000 0.000000 0.000000 0.000000 0.000000 0.000000 0.000000 0.000000 0.000000 0.000000 0.000000 0.000000 0.000000 0.000000 0.000000 0.000000 0.000000 0.000000 0.000000 0.000000 0.000000 0.000000 0.000000 0.000000 0.000000 0.000000 0.000000 0.000000 0.000000 0.000000 0.000000 0.000000 0.000000 0.000000 0.000000 0.000000 0.000000 0.000000 0.000000 0.000000 0.000000 0.000000 0.000000 0.000000 0.000000 0.000000 0.000000 0.000000 0.000000 0.000000 0.000000 0.000000 0.000000 0.000000 0.000000 0.000000 0.000000 0.000000 0.000000 0.000000 0.000000 0.000000 0.000000 0.000000 0.000000 0.000000 0.000000 0.000000 0.000000 0.000000 0.000000 0.000000 0.000000 0.000000 0.000000 0.000000 0.000000 0.000000 0.000000 0.000000 0.000000 0.000000 0.000000 0.000000 0.000000 0.000000 0.000000 0.000000 0.000000 0.000000 0.000000 0.000000 0.000000 0.000000 0.000000 0.000000 0.000000 0.000000 0.000000 0.000000 0.462492 0.490906 0.462699 0.482194 0.494141 0.494265 0.569099 0.575402 0.581319 0.603020 0.622370 0.640950 0.680093 0.721010 0.710445 0.792737 0.793344 0.839167 0.811431 0.932249 0.922006 0.945357 0.821545 0.829731 0.816868 0.831717 1.051530 1.068988 1.125338 1.160388 1.205116 1.274907 1.133299 1.165585 1.198327 1.229620 1.290228 1.355440 1.413491 1.434806 1.433989 1.424030 1.415235 1.376922 1.296503 1.373406 1.258968 1.161957 1.163993 1.075874 0.989358 0.900857 0.813890 0.731190 0.643648 0.489214 0.000000 0.000000 0.000000 0.000000 0.000000 0.000000 0.000000 0.000000 0.000000 0.000000 0.000000 0.000000 0.000000 0.000000 0.000000 0.000000 0.000000 0.000000 0.000000 0.000000 0.000000 0.000000 0.000000 0.000000 0.000000 0.000000 0.000000 0.000000 0.000000 0.000000 0.000000 0.000000 0.000000 0.000000 0.000000 0.000000 0.000000 0.000000 0.449179 0.555821 0.655205 0.743989 0.822432 0.910283 0.986476 1.045065 1.081480 0.997470 0.987093 0.983254 1.004101 1.019899 0.843038 0.846834 0.923866 1.000446 1.038475 1.063810 1.086345 1.289650 1.263118 1.223617 0.961646 0.901472 0.855418 0.818660 0.791963 0.751233 0.711737 0.655837 0.581439 0.562845 0.533804 0.595836 0.589505 0.546983 0.558290 0.555641 0.550787 0.540829 0.567635 0.666974 0.749939 0.768653 0.647717 0.498010 0.420232 0.000000
0.000000 0.000000 0.000000 0.000000 0.000000 0.000000 0.000000 0.000000 0.000000 0.000000 0.000000 0.000000 0.000000 0.000000 0.000000 0.000000 0.000000 0.000000 0.000000 0.000000 0.000000 0.000000 0.000000 0.000000 0.000000 0.000000 0.000000 0.000000 0.000000 0.000000 0.000000 0.000000 0.000000 0.000000 0.000000 0.000000 0.000000 0.000000 0.000000 0.000000 0.000000 0.000000 0.000000 0.000000 0.000000 0.000000 0.000000 0.000000 0.000000 0.000000 0.000000 0.000000 0.000000 0.000000 0.000000 0.000000 0.000000 0.000000 0.000000 0.000000 0.000000 0.000000 0.000000 0.000000 0.000000 0.000000 0.000000 0.000000 0.000000 0.000000 0.000000 0.000000 0.000000 0.000000 0.000000 0.000000 0.000000 0.000000 0.000000 0.000000 0.000000 0.000000 0.000000 0.000000 0.000000 0.000000 0.000000 0.000000 0.000000 0.000000 0.000000 0.000000 0.000000 0.000000 0.000000 0.000000 0.000000 0.000000 0.000000 0.000000 0.000000 0.000000 0.000000 0.000000 0.000000 0.000000 0.000000 0.000000 0.000000 0.000000 0.000000 0.000000 0.000000 0.000000 0.000000 0.000000 0.000000 0.000000 0.000000 0.000000 0.000000 0.000000 0.000000 0.000000 0.000000 0.000000 0.000000 0.000000 0.000000 0.000000 0.000000 0.000000 0.000000 0.000000 0.000000 0.000000 0.000000 0.000000 0.399102 0.457554 0.503196 0.530700 0.537169 0.619335 0.621392 0.520949 0.522384 0.560511 0.613339 0.656532 0.679189 0.685901 0.724967 0.734075 0.742162 0.711472 0.833205 0.889126 0.956500 1.006406 1.041543 1.010751 1.086969 1.122821 1.126716 1.103686 1.125875 1.188684 1.257967 1.322349 1.370522 1.201684 1.237469 1.263802 1.333645 1.410490 1.461318 1.503236 1.531233 1.530470 1.512946 1.618435 1.537037 1.444771 1.343228 1.240135 1.131402 1.031591 0.946386 0.863518 0.778097 0.746662 0.652891 0.505334 0.000000 0.000000 0.000000 0.000000 0.000000 0.000000 0.000000 0.000000 0.000000 0.000000 0.000000 0.000000 0.000000 0.000000 0.000000 0.000000 0.000000 0.000000 0.000000 0.000000 0.000000 0.000000 0.000000 0.000000 0.000000 0.000000 0.000000 0.000000 0.000000 0.000000 0.000000 0.000000 0.000000 0.000000 0.000000 0.000000 0.000000 0.000000 0.454891 0.555429 0.642899 0.724079 0.799325 0.867407 0.912274 0.939073 0.942033 0.846863 0.822838 0.828366 0.833392 0.837608 0.903613 1.019839 1.101677 1.146529 0.975110 0.989123 0.980610 0.964339 0.952765 1.115201 1.080691 0.867865 0.837709 0.825136 0.987011 0.772687 0.696218 0.645246 0.597565 0.709181 0.722487 0.696092 0.664987 0.624807 0.583452 0.560423 0.534249 0.585055 0.746182 0.859705 0.805628 0.677824 0.541616 0.000000
0.000000 0.000000 0.000000 0.000000 0.000000 0.000000 0.000000 0.000000 0.000000 0.000000 0.000000 0.000000 0.000000 0.000000 0.000000 0.000000 0.000000 0.000000 0.000000 0.000000 0.000000 0.000000 0.000000 0.000000 0.000000 0.000000 0.000000 0.000000 0.000000 0.000000 0.000000 0.000000 0.000000 0.000000 0.000000 0.000000 0.000000 0.000000 0.000000 0.000000 0.000000 0.000000 0.000000 0.000000 0.000000 0.000000 0.000000 0.000000 0.000000 0.000000 0.000000 0.000000 0.000000 0.000000 0.000000 0.000000 0.000000 0.000000 0.000000 0.000000 0.000000 0.000000 0.000000 0.000000 0.000000 0.000000 0.000000 0.000000 0.000000 0.000000 0.000000 0.000000 0.000000 0.000000 0.000000 0.000000 0.000000 0.000000 0.000000 0.000000 0.000000 0.000000 0.000000 0.000000 0.000000 0.000000 0.000000 0.000000 0.000000 0.000000 0.000000 0.000000 0.000000 0.000000 0.000000 0.000000 0.000000 0.000000 0.000000 0.000000 0.000000 0.000000 0.000000 0.000000 0.377005 0.404480 0.420905 0.424110 0.409696 0.372000 0.000000 0.000000 0.000000 0.000000 0.000000 0.000000 0.000000 0.000000 0.000000 0.000000 0.000000 0.000000 0.000000 0.000000 0.000000 0.000000 0.000000 0.000000 0.000000 0.000000 0.000000 0.000000 0.000000 0.449894 0.442058 0.000000 0.386278 0.446464 0.503449 0.652165 0.587012 0.619700 0.725377 0.754218 0.656151 0.606742 0.617782 0.621663 0.635707 0.632875 0.594410 0.633034 0.653718 0.664964 0.674134 0.676636 0.668977 0.681148 0.739718 0.811038 0.892226 0.985050 1.033650 1.156104 1.233806 1.272312 1.261631 1.245000 1.225061 1.384407 1.461472 1.373472 1.383186 1.405509 1.431362 1.499824 1.369696 1.452074 1.508963 1.545279 1.761579 1.764542 1.751703 1.711900 1.643554 1.554895 1.449340 1.332913 1.202370 1.082976 0.989223 0.903760 0.811717 0.717586 0.666162 0.485034 0.000000 0.000000 0.000000 0.000000 0.000000 0.000000 0.000000 0.000000 0.000000 0.000000 0.000000 0.000000 0.000000 0.000000 0.000000 0.000000 0.000000 0.000000 0.000000 0.000000 0.000000 0.000000 0.000000 0.000000 0.000000 0.000000 0.000000 0.000000 0.000000 0.000000 0.000000 0.000000 0.000000 0.000000 0.000000 0.000000 0.000000 0.000000 0.435721 0.530704 0.615669 0.684896 0.756402 0.792768 0.806907 0.807189 0.787763 0.740446 0.668769 0.681563 0.713504 0.789103 0.915736 0.989237 1.027616 1.046673 1.051040 0.859911 0.844508 0.824726 0.804371 0.947535 0.918959 0.970988 0.927495 0.685000 0.697569 0.681347 0.641885 0.738127 0.686884 0.686081 0.645376 0.569525 0.544714 0.516979 0.493924 0.464716 0.647229 0.822313 0.827906 0.746463 0.604549 0.000000
0.000000 0.000000 0.000000 0.000000 0.000000 0.000000 0.000000 0.000000 0.000000 0.000000 0.000000 0.000000 0.000000 0.000000 0.000000 0.000000 0.000000 0.000000 0.000000 0.000000 0.000000 0.000000 0.000000 0.000000 0.000000 0.000000 0.000000 0.000000 0.000000 0.000000 0.000000 0.000000 0.000000 0.000000 0.000000 0.000000 0.000000 0.000000 0.000000 0.000000 0.000000 0.000000 0.000000 0.000000 0.000000 0.000000 0.000000 0.000000 0.000000 0.000000 0.000000 0.000000 0.000000 0.000000 0.000000 0.000000 0.000000 0.000000 0.000000 0.000000 0.000000 0.000000 0.000000 0.000000 0.000000 0.000000 0.000000 0.000000 0.000000 0.000000 0.000000 0.000000 0.000000 0.000000 0.000000 0.000000 0.000000 0.000000 0.000000 0.000000 0.000000 0.000000 0.000000 0.000000 0.000000 0.000000 0.000000 0.000000 0.000000 0.000000 0.000000 0.000000 0.000000 0.000000 0.000000 0.000000 0.000000 0.000000 0.000000 0.385604 0.451974 0.505672 0.542857 0.568131 0.610875 0.646632 0.663268 0.647297 0.623603 0.597053 0.564639 0.530478 0.482497 0.414884 0.000000 0.000000 0.000000 0.000000 0.000000 0.000000 0.000000 0.000000 0.000000 0.000000 0.000000 0.000000 0.000000 0.000000 0.000000 0.000000 0.000000 0.482951 0.532811 0.499731 0.000000 0.004000 0.418930 0.470254 0.517137 0.555504 0.591975 0.632898 0.674087 0.691741 0.659030 0.557751 0.510852 0.509074 0.511019 0.502958 0.483319 0.548882 0.548202 0.494114 0.513612 0.526579 0.529932 0.528633 0.528882 0.528530 0.648090 0.758724 0.852580 1.020396 1.167412 1.269370 1.353218 1.519940 1.545027 1.554488 1.592373 1.607286 1.620669 1.500902 1.442029 1.392729 1.406044 1.471414 1.549333 1.613365 1.665143 1.705268 1.745581 1.751326 1.738239 1.705669 1.652759 1.578880 1.468430 1.374902 1.257800 1.108474 0.978344 0.887569 0.799852 0.775165 0.670566 0.505043 0.000000 0.000000 0.000000 0.000000 0.000000 0.000000 0.000000 0.000000 0.000000 0.000000 0.000000 0.000000 0.000000 0.000000 0.000000 0.000000 0.000000 0.000000 0.000000 0.000000 0.000000 0.000000 0.000000 0.000000 0.000000 0.000000 0.000000 0.000000 0.000000 0.000000 0.000000 0.000000 0.000000 0.000000 0.000000 0.000000 0.000000 0.000000 0.000000 0.503619 0.572204 0.661435 0.691963 0.706256 0.711544 0.680993 0.654487 0.600523 0.602173 0.654005 0.699367 0.802228 0.860728 0.895019 0.913411 0.907087 0.880323 0.861435 0.842276 0.816534 0.790072 0.828000 0.783488 0.752377 0.745642 0.734782 0.722320 0.701494 0.633832 0.611024 0.582142 0.558665 0.534836 0.511677 0.491970 0.469737 0.452455 0.717910 0.761715 0.708977 0.582390 0.000000
0.000000 0.000000 0.000000 0.000000 0.000000 0.000000 0.000000 0.000000 0.000000 0.000000 0.000000 0.000000 0.000000 0.000000 0.000000 0.000000 0.000000 0.000000 0.000000 0.000000 0.000000 0.000000 0.000000 0.000000 0.000000 0.000000 0.000000 0.000000 0.000000 0.000000 0.000000 0.000000 0.000000 0.000000 0.000000 0.000000 0.000000 0.000000 0.000000 0.000000 0.000000 0.000000 0.000000 0.000000 0.000000 0.000000 0.000000 0.000000 0.000000 0.000000 0.000000 0.000000 0.000000 0.000000 0.000000 0.000000 0.000000 0.000000 0.000000 0.000000 0.000000 0.000000 0.000000 0.000000 0.000000 0.000000 0.000000 0.000000 0.000000 0.000000 0.000000 0.000000 0.000000 0.000000 0.000000 0.000000 0.000000 0.000000 0.000000 0.000000 0.000000 0.000000 0.000000 0.000000 0.000000 0.000000 0.000000 0.000000 0.000000 0.000000 0.000000 0.000000 0.000000 0.000000 0.000000 0.000000 0.441167 0.526380 0.588753 0.637280 0.694443 0.747036 0.771430 0.790469 0.812548 0.835338 0.835156 0.801923 0.762348 0.738129 0.704883 0.678349 0.634683 0.589916 0.532589 0.479294 0.440712 0.422896 0.445382 0.474616 0.507840 0.546076 0.578000 0.560684 0.464384 0.000000 0.000000 0.000000 0.000000 0.000000 0.501201 0.615867 0.597710 0.484993 0.000000 0.000000 0.000000 0.383680 0.409092 0.447346 0.623229 0.582857 0.651500 0.698119 0.682525 0.624939 0.608652 0.605373 0.597623 0.567560 0.539012 0.508364 0.481345 0.458027 0.434170 0.000000 0.000000 0.000000 0.000000 0.777584 0.000000 0.514369 0.600333 0.829186 1.040678 1.204832 1.353701 1.476354 1.564396 1.623401 1.662638 1.701602 1.725913 1.767235 1.784304 1.757136 1.600314 1.541689 1.533654 1.509952 1.512438 1.546152 1.596619 1.628625 1.638360 1.657589 1.659557 1.630666 1.574760 1.505272 1.411160 1.268353 1.135275 1.026703 0.941280 0.857779 0.845012 0.747443 0.646565 0.528626 0.459187 0.000000 0.000000 0.000000 0.000000 0.000000 0.000000 0.000000 0.000000 0.000000 0.000000 0.000000 0.000000 0.000000 0.000000 0.000000 0.000000 0.000000 0.000000 0.000000 0.000000 0.000000 0.000000 0.000000 0.000000 0.000000 0.000000 0.000000 0.000000 0.000000 0.000000 0.000000 0.000000 0.000000 0.000000 0.000000 0.000000 0.000000 0.000000 0.465258 0.512745 0.538285 0.614576 0.605339 0.590938 0.572913 0.551333 0.563633 0.615772 0.712311 0.766127 0.843666 0.880914 0.888974 0.886747 0.862366 0.839846 0.818763 0.789913 0.756505 0.714114 0.668968 0.620285 0.610188 0.588321 0.539438 0.546151 0.540277 0.522216 0.504759 0.482190 0.459047 0.437597 0.419290 0.406202 0.607680 0.670757 0.662731 0.603346 0.572924
0.000000 0.000000 0.000000 0.000000 0.000000 0.000000 0.000000 0.000000 0.000000 0.000000 0.000000 0.000000 0.000000 0.000000 0.000000 0.000000 0.000000 0.000000 0.000000 0.000000 0.000000 0.000000 0.000000 0.000000 0.000000 0.000000 0.000000 0.000000 0.000000 0.000000 0.000000 0.000000 0.000000 0.000000 0.000000 0.000000 0.000000 0.000000 0.000000 0.000000 0.000000 0.000000 0.000000 0.000000 0.000000 0.000000 0.000000 0.000000 0.000000 0.000000 0.000000 0.000000 0.000000 0.000000 0.000000 0.000000 0.000000 0.000000 0.000000 0.000000 0.000000 0.000000 0.000000 0.000000 0.000000 0.000000 0.000000 0.000000 0.000000 0.000000 0.000000 0.000000 0.000000 0.000000 0.000000 0.000000 0.000000 0.000000 0.000000 0.000000 0.000000 0.000000 0.000000 0.000000 0.000000 0.000000 0.000000 0.000000 0.000000 0.000000 0.000000 0.000000 0.000000 0.000000 0.410820 0.527874 0.627272 0.701760 1.283144 0.799485 0.841939 0.880540 0.908062 0.922359 0.932455 0.940234 0.933520 0.889879 0.838069 0.811601 0.783053 0.759814 0.730497 0.691496 0.657508 0.630645 0.624247 0.626578 0.632753 0.641875 0.657758 0.676445 0.692023 0.650632 0.550572 0.448179 0.404594 0.446951 0.488643 0.521231 0.560081 0.632958 0.571025 0.429819 0.000000 0.427101 0.439952 0.454166 0.484859 0.518266 0.557345 0.556760 0.571277 0.627806 0.675229 0.678686 0.669198 0.658682 0.635952 0.612055 0.678495 0.551216 0.518221 0.494868 0.467175 0.529879 0.000000 0.000000 0.000000 0.000000 0.000000 0.437613 0.501466 0.556633 0.691936 0.896303 1.088633 1.246232 1.400798 1.512851 1.610894 1.686114 1.747271 1.797244 1.841206 1.864990 1.888723 1.879003 1.883280 1.864876 1.793904 1.561267 1.483666 1.460142 1.469503 1.479755 1.472333 1.463990 1.436265 1.396989 1.332709 1.241217 1.146071 1.060668 0.988342 0.920290 0.851102 0.850433 0.766390 0.680129 0.571978 0.518472 0.462733 0.000000 0.000000 0.000000 0.000000 0.000000 0.000000 0.000000 0.000000 0.000000 0.000000 0.000000 0.000000 0.000000 0.000000 0.000000 0.000000 0.000000 0.000000 0.000000 0.000000 0.000000 0.000000 0.000000 0.000000 0.000000 0.000000 0.000000 0.000000 0.000000 0.000000 0.000000 0.000000 0.000000 0.000000 0.000000 0.000000 0.000000 0.000000 0.416766 0.445517 0.440411 0.418851 0.000000 0.000000 0.000000 0.446204 0.636913 0.748274 0.801132 0.878806 0.929046 0.944650 0.925530 0.887142 0.854459 0.827453 0.794372 0.755394 0.708821 0.654796 0.595996 0.557248 0.447752 0.443865 0.438985 0.425045 0.507540 0.561906 0.629358 0.655306 0.702189 0.761100 0.842848 0.748139 0.702003 0.686586 0.599632
0.000000 0.000000 0.000000 0.000000 0.000000 0.000000 0.000000 0.000000 0.000000 0.000000 0.000000 0.000000 0.000000 0.000000 0.000000 0.000000 0.000000 0.000000 0.000000 0.000000 0.000000 0.000000 0.000000 0.000000 0.000000 0.000000 0.000000 0.000000 0.000000 0.000000 0.000000 0.000000 0.000000 0.000000 0.000000 0.000000 0.000000 0.000000 0.000000 0.000000 0.000000 0.000000 0.000000 0.000000 0.000000 0.000000 0.000000 0.000000 0.000000 0.000000 0.000000 0.000000 0.000000 0.000000 0.000000 0.000000 0.000000 0.000000 0.000000 0.000000 0.000000 0.000000 0.000000 0.000000 0.000000 0.000000 0.000000 0.000000 0.000000 0.000000 0.000000 0.000000 0.000000 0.000000 0.000000 0.000000 0.000000 0.000000 0.000000 0.000000 0.000000 0.000000 0.000000 0.000000 0.000000 0.000000 0.000000 0.000000 0.000000 0.000000 0.377140 0.419415 0.464032 0.513377 0.787790 0.637097 0.718828 1.214322 1.486600 0.861268 0.882184 0.897531 0.907179 0.912578 0.911648 0.921454 0.925405 0.894819 0.847775 0.819345 0.789120 0.767381 0.754118 0.738011 0.725835 0.723166 0.723969 0.720487 0.709842 0.696099 0.689764 0.690850 0.688895 0.658935 0.628909 0.629868 0.626806 0.609455 0.593677 0.572689 0.564655 0.565025 0.550934 0.501829 0.483795 0.510037 0.494556 0.480553 0.472752 0.456260 0.431135 0.415447 0.485505 0.544311 0.592551 0.617346 0.606957 0.607313 0.712355 0.773695 0.805115 0.813090 0.800109 0.772335 0.733161 0.688838 0.601622 0.547322 0.501781 0.461140 0.000000 0.000000 0.000000 0.000000 0.000000 0.427781 0.681218 0.867629 1.075870 1.244709 1.391793 1.524731 1.629567 1.726277 1.817580 1.882706 1.933235 1.957367 1.964768 1.967631 1.914495 1.843381 1.765017 1.707697 1.638751 1.435854 1.353172 1.289414 1.244758 1.204507 1.162830 1.111321 1.052214 0.998182 0.938422 0.891767 0.837805 0.785596 0.795984 0.732578 0.668138 0.571133 0.532700 0.489152 0.441162 0.000000 0.000000 0.000000 0.000000 0.000000 0.000000 0.000000 0.000000 0.000000 0.000000 0.000000 0.000000 0.000000 0.000000 0.000000 0.000000 0.000000 0.000000 0.000000 0.000000 0.000000 0.000000 0.000000 0.000000 0.000000 0.000000 0.000000 0.000000 0.000000 0.000000 0.000000 0.000000 0.000000 0.000000 0.000000 0.000000 0.000000 0.000000 0.000000 0.000000 0.000000 0.000000 0.000000 0.000000 0.491363 0.679604 0.751887 0.858883 0.935542 0.975543 0.969695 0.926202 0.879838 0.850572 0.823272 0.796455 0.757533 0.715795 0.671926 0.629532 0.585681 0.519847 0.488123 0.474902 0.555890 0.637805 0.737081 0.897418 0.990154 1.062760 1.092772 1.052183 0.902916 0.765138 0.611486
0.000000 0.000000 0.000000 0.000000 0.000000 0.000000 0.000000 0.000000 0.000000 0.000000 0.000000 0.000000 0.000000 0.000000 0.000000 0.000000 0.000000 0.000000 0.000000 0.000000 0.000000 0.000000 0.000000 0.000000 0.000000 0.000000 0.000000 0.000000 0.000000 0.000000 0.000000 0.000000 0.000000 0.000000 0.000000 0.000000 0.000000 0.000000 0.000000 0.000000 0.000000 0.000000 0.000000 0.000000 0.000000 0.000000 0.000000 0.000000 0.000000 0.000000 0.000000 0.000000 0.000000 0.000000 0.000000 0.000000 0.000000 0.000000 0.000000 0.000000 0.000000 0.000000 0.000000 0.000000 0.000000 0.000000 0.000000 0.000000 0.000000 0.000000 0.000000 0.362627 0.406433 0.446232 0.479948 0.510403 0.526637 0.539453 0.547624 0.547635 0.533873 0.505330 0.465207 0.429459 0.411220 0.408203 0.417304 0.440012 0.466875 0.501780 0.534750 0.564197 0.594435 0.775790 0.669167 0.691903 0.712572 0.766411 0.806081 0.794337 0.753091 0.699244 0.658633 0.613665 0.570265 0.555024 0.515153 0.555557 0.629126 0.659041 0.656828 0.667608 0.683521 0.719034 0.732568 0.758626 0.756075 0.740516 0.712379 0.698390 0.684437 0.652459 0.617484 0.629867 0.711621 0.760125 0.715324 0.640726 0.596076 0.561581 0.537262 0.530329 0.524371 0.542437 0.600690 0.579192 0.519269 0.464133 0.000000 0.000000 0.000000 0.000000 0.000000 0.417136 0.469395 0.513339 0.517699 0.521781 0.663201 0.715208 0.741874 0.747444 0.737076 0.716557 0.692375 0.632102 0.607054 0.572449 0.549688 0.523877 0.494951 0.458530 0.000000 0.000000 0.000000 0.000000 0.000000 0.000000 0.646408 0.864085 1.031855 1.203199 1.351279 1.494733 1.636912 1.709492 1.750529 1.783047 1.810299 1.835862 1.842303 1.829792 1.819657 1.791704 1.722275 1.657891 1.579854 1.491922 1.392815 1.308090 1.138653 1.074835 1.008927 0.948756 0.891133 0.838870 0.790237 0.750720 0.703376 0.704481 0.657139 0.607741 0.530992 0.498796 0.463441 0.423264 0.000000 0.000000 0.000000 0.000000 0.000000 0.000000 0.000000 0.000000 0.000000 0.000000 0.000000 0.000000 0.000000 0.000000 0.000000 0.000000 0.000000 0.000000 0.000000 0.000000 0.000000 0.000000 0.000000 0.000000 0.000000 0.000000 0.000000 0.000000 0.000000 0.000000 0.000000 0.000000 0.000000 0.000000 0.000000 0.000000 0.000000 0.000000 0.000000 0.000000 0.000000 0.000000 0.000000 0.000000 0.541192 0.673236 0.771886 0.883888 0.959636 0.982728 0.944535 0.882678 0.842540 0.825420 0.808229 0.785252 0.754602 0.720406 0.687323 0.662207 0.662515 0.647305 0.665693 0.710639 0.844795 0.737957 0.732921 0.972308 1.017501 1.034285 1.017027 0.883268 0.758550 0.608657
0.000000 0.000000 0.000000 0.000000 0.000000 0.000000 0.000000 0.000000 0.000000 0.000000 0.000000 0.000000 0.000000 0.000000 0.000000 0.000000 0.000000 0.000000 0.000000 0.000000 0.000000 0.000000 0.000000 0.000000 0.000000 0.000000 0.000000 0.000000 0.000000 0.000000 0.000000 0.000000 0.000000 0.000000 0.000000 0.000000 0.000000 0.000000 0.000000 0.000000 0.000000 0.000000 0.000000 0.000000 0.000000 0.000000 0.000000 0.000000 0.000000 0.000000 0.000000 0.000000 0.000000 0.000000 0.000000 0.000000 0.000000 0.000000 0.000000 0.000000 0.000000 0.000000 0.000000 0.000000 0.000000 0.000000 0.000000 0.386063 0.432264 0.487352 0.536644 0.573459 0.616409 0.648571 0.674971 0.683643 0.682115 0.678577 0.674967 0.669783 0.655926 0.626240 0.589630 0.556861 0.537464 0.532225 0.540667 0.559650 0.584844 0.615280 0.635720 0.654797 0.659182 0.670934 0.685714 0.684345 0.661275 0.626267 0.598762 0.567834 0.599052 0.661597 0.690239 0.693808 0.700876 0.724539 0.719661 0.682997 0.626734 0.574708 0.528886 0.469253 0.407582 0.513756 0.617069 0.654558 0.665713 0.674964 0.693676 0.680290 0.682400 0.671820 0.652791 0.628548 0.599838 0.560687 0.522112 0.521837 0.525970 0.519679 0.510677 0.504937 0.497757 0.481427 0.459051 0.440073 0.000000 0.000000 0.000000 0.000000 0.000000 0.000000 0.000000 0.000000 0.000000 0.000000 0.431474 0.429648 0.443354 0.545589 0.567037 0.580042 0.579217 0.568197 0.497981 0.496146 0.491872 0.483862 0.478426 0.469134 0.453870 0.428170 0.000000 0.000000 0.000000 0.000000 0.000000 0.000000 0.000000 0.467875 0.632933 0.834370 0.990733 1.132601 1.327930 1.347704 1.371547 1.421851 1.502071 1.573302 1.622743 1.668402 1.726941 1.755854 1.752366 1.718850 1.678770 1.616426 1.549196 1.472837 1.383801 1.302101 1.207605 1.127030 1.036174 0.962780 0.884700 0.814446 0.751270 0.695811 0.639187 0.614608 0.609593 0.608746 0.593461 0.499831 0.436950 0.000000 0.000000 0.000000 0.000000 0.000000 0.000000 0.000000 0.000000 0.000000 0.000000 0.000000 0.000000 0.000000 0.000000 0.000000 0.000000 0.000000 0.000000 0.000000 0.000000 0.000000 0.000000 0.000000 0.000000 0.000000 0.000000 0.000000 0.000000 0.000000 0.000000 0.000000 0.000000 0.000000 0.000000 0.000000 0.000000 0.000000 0.000000 0.000000 0.000000 0.000000 0.000000 0.000000 0.000000 0.534306 0.677029 0.821182 0.943779 0.956811 0.958621 0.917442 0.851142 0.817640 0.815233 0.811317 0.802655 0.853748 0.835845 0.806398 0.765975 0.749533 0.773167 0.818570 0.948388 1.003914 0.739741 0.680632 0.893154 0.897759 0.662872 0.733322 0.665914 0.589996
0.000000 0.000000 0.000000 0.000000 0.000000 0.000000 0.000000 0.000000 0.000000 0.000000 0.000000 0.000000 0.000000 0.000000 0.000000 0.000000 0.000000 0.000000 0.000000 0.000000 0.000000 0.000000 0.000000 0.000000 0.000000 0.000000 0.000000 0.000000 0.000000 0.000000 0.000000 0.000000 0.000000 0.000000 0.000000 0.000000 0.000000 0.000000 0.000000 0.000000 0.000000 0.000000 0.000000 0.000000 0.000000 0.000000 0.000000 0.000000 0.000000 0.000000 0.000000 0.000000 0.000000 0.000000 0.000000 0.000000 0.000000 0.000000 0.000000 0.000000 0.000000 0.000000 0.000000 0.000000 0.000000 0.391958 0.459756 0.502876 0.535562 0.584619 0.630632 0.672801 0.700547 0.737218 0.756517 0.758755 0.751542 0.742675 0.735404 0.728987 0.717898 0.696341 0.673778 0.668529 0.663870 0.667281 0.672134 0.680910 0.692572 0.707421 0.713167 0.707192 0.691074 0.661131 0.648580 0.634108 0.624921 0.614428 0.602001 0.588762 0.572780 0.953648 0.544389 0.558685 0.567660 0.561799 0.555891 0.564184 0.579011 0.596254 0.613078 0.615058 0.597262 0.569548 0.548489 0.525479 0.528986 0.568932 0.613967 0.640482 0.663618 0.673756 0.669140 0.655754 0.634439 0.612013 0.571165 0.528632 0.482542 0.464987 0.462030 0.457150 0.447343 0.429478 0.000000 0.000000 0.000000 0.000000 0.000000 0.000000 0.000000 0.000000 0.000000 0.000000 0.000000 0.000000 0.000000 0.000000 0.000000 0.000000 0.000000 0.000000 0.000000 0.000000 0.000000 0.000000 0.000000 0.000000 0.000000 0.000000 0.000000 0.000000 0.000000 0.000000 0.000000 0.000000 0.000000 0.000000 0.000000 0.000000 0.000000 0.510291 0.670523 0.796998 1.000302 0.953485 0.967625 1.036270 1.126195 1.225371 1.325837 1.428150 1.537288 1.626363 1.696980 1.714748 1.713383 1.688425 1.658089 1.617956 1.551033 1.466426 1.374295 1.275389 1.178676 1.097954 1.004752 0.926881 0.857053 0.779173 0.710550 0.633700 0.626053 0.634857 0.612636 0.639353 0.643034 0.628093 0.597139 0.547397 0.476744 0.000000 0.000000 0.000000 0.000000 0.000000 0.000000 0.000000 0.000000 0.000000 0.000000 0.000000 0.000000 0.000000 0.000000 0.000000 0.000000 0.000000 0.000000 0.000000 0.000000 0.000000 0.000000 0.000000 0.000000 0.000000 0.000000 0.000000 0.000000 0.000000 0.000000 0.000000 0.000000 0.000000 0.000000 0.000000 0.000000 0.000000 0.000000 0.000000 0.000000 0.000000 0.477048 0.651984 0.833794 0.981018 1.064972 1.089910 1.030423 0.953634 0.890033 0.875193 0.878720 0.881532 0.872155 0.855351 0.846255 0.831126 0.825435 0.890322 0.918536 0.997560 1.021200 0.990946 0.931991 0.697126 0.600461 0.545500 0.632666 0.577540
0.000000 0.000000 0.000000 0.000000 0.000000 0.000000 0.000000 0.000000 0.000000 0.000000 0.000000 0.000000 0.000000 0.000000 0.000000 0.000000 0.000000 0.000000 0.000000 0.000000 0.000000 0.000000 0.000000 0.000000 0.000000 0.000000 0.000000 0.000000 0.000000 0.000000 0.000000 0.000000 0.000000 0.000000 0.000000 0.000000 0.000000 0.000000 0.000000 0.000000 0.000000 0.000000 0.000000 0.000000 0.000000 0.000000 0.000000 0.000000 0.000000 0.000000 0.000000 0.000000 0.000000 0.000000 0.000000 0.000000 0.000000 0.000000 0.000000 0.000000 0.000000 0.000000 0.000000 0.000000 0.371151 0.439655 0.500800 0.539691 0.562372 0.600165 0.634393 0.676283 0.701211 0.738385 0.758982 1.237774 0.753749 0.744417 0.736370 0.737853 0.753150 0.770218 0.809503 0.798940 0.805533 0.806922 0.806409 0.802574 0.794829 0.785512 0.772947 0.764201 0.746064 0.720638 0.690212 0.666048 0.648180 0.635141 0.624374 0.607351 0.581052 0.558828 0.530077 0.501422 0.500206 0.526889 0.555047 0.570211 0.566288 0.551924 0.538552 0.524196 0.511227 0.498937 0.486598 0.473093 0.461350 0.449805 0.465477 0.519175 0.566145 0.612525 0.643558 0.657688 0.650703 0.627889 0.597596 0.556876 0.510651 0.463733 0.418437 0.000000 0.000000 0.000000 0.000000 0.000000 0.000000 0.000000 0.000000 0.000000 0.000000 0.000000 0.000000 0.000000 0.000000 0.000000 0.000000 0.000000 0.000000 0.000000 0.000000 0.000000 0.000000 0.000000 0.000000 0.000000 0.000000 0.000000 0.000000 0.000000 0.000000 0.000000 0.000000 0.000000 0.000000 0.000000 0.000000 0.000000 0.000000 0.000000 0.000000 0.000000 0.000000 0.479589 0.683277 0.631064 0.644890 0.712973 0.809524 0.914210 1.031828 1.159350 1.290472 1.413046 1.537842 1.620020 1.669544 1.679714 1.666352 1.640615 1.613271 1.581276 1.519229 1.441059 1.368470 1.275684 1.195543 1.118741 1.051235 0.969455 0.890206 0.802796 0.707697 0.672718 0.657927 0.658733 0.642280 0.668363 0.677975 0.670392 0.632947 0.583479 0.517117 0.450508 0.000000 0.000000 0.000000 0.000000 0.000000 0.000000 0.000000 0.000000 0.000000 0.000000 0.000000 0.000000 0.000000 0.000000 0.000000 0.000000 0.000000 0.000000 0.000000 0.000000 0.000000 0.000000 0.000000 0.000000 0.000000 0.000000 0.000000 0.000000 0.000000 0.000000 0.000000 0.000000 0.000000 0.000000 0.000000 0.000000 0.000000 0.000000 0.000000 0.000000 0.588606 0.786041 0.944680 1.067367 1.122340 1.129357 1.082788 1.004550 0.934113 0.877980 0.851315 0.845208 0.837731 0.829293 0.818582 0.809324 0.887102 0.975704 0.932087 0.941341 0.929776 0.898912 0.783851 0.691192 0.658994 0.508069
0.000000 0.000000 0.000000 0.000000 0.000000 0.000000 0.000000 0.000000 0.000000 0.000000 0.000000 0.000000 0.000000 0.000000 0.000000 0.000000 0.000000 0.000000 0.000000 0.000000 0.000000 0.000000 0.000000 0.000000 0.000000 0.000000 0.000000 0.000000 0.000000 0.000000 0.000000 0.000000 0.000000 0.000000 0.000000 0.000000 0.000000 0.000000 0.000000 0.000000 0.000000 0.000000 0.000000 0.000000 0.000000 0.000000 0.000000 0.000000 0.000000 0.000000 0.000000 0.000000 0.000000 0.000000 0.000000 0.000000 0.000000 0.000000 0.000000 0.000000 0.000000 0.000000 0.000000 0.000000 0.000000 0.407369 0.459026 0.509629 0.545303 0.559056 0.563937 0.570557 0.573678 0.572323 0.585084 0.613757 0.637312 0.995067 0.698004 0.733638 0.767495 0.796074 0.820403 0.838145 0.851854 0.867556 0.878168 0.877445 0.869691 0.860014 0.846970 0.832663 0.809790 0.775010 0.743967 0.720605 0.707208 0.698885 0.683734 0.656382 0.625281 0.599564 0.567073 0.533550 0.466264 0.432226 0.422756 0.413498 0.442054 0.473296 0.499778 0.517866 0.535623 0.541150 0.539096 0.532082 0.517989 0.500721 0.473849 0.448359 0.460553 0.518529 0.575294 0.614660 0.626553 0.623952 0.609166 0.578421 0.544567 0.501700 0.456395 0.410140 0.000000 0.000000 0.000000 0.000000 0.000000 0.000000 0.000000 0.000000 0.000000 0.000000 0.000000 0.000000 0.000000 0.506036 0.000000 0.509605 0.408737 0.000000 0.000000 0.000000 0.000000 0.000000 0.000000 0.000000 0.000000 0.000000 0.000000 0.000000 0.000000 0.000000 0.000000 0.000000 0.000000 0.000000 0.000000 0.000000 0.000000 0.000000 0.000000 0.000000 0.000000 0.000000 0.000000 0.000000 0.000000 0.422820 0.541856 0.673352 0.801559 0.922624 1.040999 1.174631 1.313295 1.440522 1.533572 1.580794 1.611446 1.600936 1.596419 1.595499 1.583686 1.549152 1.491371 1.420627 1.360423 1.299548 1.240073 1.181145 1.101780 1.016381 0.933152 0.845135 0.757133 0.723608 0.695822 0.671719 0.658251 0.634371 0.651101 0.644064 0.613623 0.567854 0.514376 0.453921 0.000000 0.000000 0.000000 0.000000 0.000000 0.000000 0.000000 0.000000 0.000000 0.000000 0.000000 0.000000 0.000000 0.000000 0.000000 0.000000 0.000000 0.000000 0.000000 0.000000 0.000000 0.000000 0.000000 0.000000 0.000000 0.000000 0.000000 0.000000 0.000000 0.000000 0.000000 0.000000 0.000000 0.000000 0.000000 0.000000 0.000000 0.000000 0.000000 0.463278 0.694650 0.897999 1.027842 1.114995 1.151019 1.150016 1.131067 1.095133 1.035712 0.974804 0.914648 0.863835 0.827408 0.786578 0.771136 0.779181 0.760464 0.790266 0.876886 0.889459 0.750205 0.668768 0.631486 0.519902
0.000000 0.000000 0.000000 0.000000 0.000000 0.000000 0.000000 0.000000 0.000000 0.000000 0.000000 0.000000 0.000000 0.000000 0.000000 0.000000 0.000000 0.000000 0.000000 0.000000 0.000000 0.000000 0.000000 0.000000 0.000000 0.000000 0.000000 0.000000 0.000000 0.000000 0.000000 0.000000 0.000000 0.000000 0.000000 0.000000 0.000000 0.000000 0.000000 0.000000 0.000000 0.000000 0.000000 0.000000 0.000000 0.000000 0.000000 0.000000 0.000000 0.000000 0.000000 0.000000 0.000000 0.000000 0.000000 0.000000 0.000000 0.000000 0.000000 0.000000 0.000000 0.000000 0.000000 0.000000 0.000000 0.000000 0.000000 0.000000 0.000000 0.000000 0.000000 0.421391 0.506354 0.503413 0.537407 0.565661 0.590246 0.609554 0.650072 0.678655 0.716487 0.749926 0.772216 0.793035 0.808705 1.109189 1.302993 0.933758 0.818342 0.809097 0.802065 0.791668 0.773895 0.759775 0.751484 0.740857 0.733630 0.728461 0.713296 0.690645 0.662012 0.637903 0.606174 0.577185 0.537166 0.493866 0.382292 0.000000 0.000000 0.000000 0.000000 0.000000 0.000000 0.411763 0.429407 0.454399 0.467960 0.467706 0.458297 0.441657 0.415932 0.000000 0.439448 0.508013 0.549043 0.566709 0.571512 0.565167 0.546706 0.514551 0.477813 0.436932 0.393134 0.000000 0.000000 0.000000 0.000000 0.000000 0.000000 0.000000 0.000000 0.000000 0.000000 0.000000 0.000000 0.000000 0.419396 0.415716 0.000000 0.000000 0.000000 0.000000 0.000000 0.000000 0.478386 0.000000 0.000000 0.000000 0.000000 0.000000 0.000000 0.000000 0.000000 0.000000 0.000000 0.000000 0.000000 0.000000 0.000000 0.000000 0.000000 0.000000 0.000000 0.000000 0.000000 0.000000 0.000000 0.000000 0.000000 0.451081 0.593013 0.720814 0.839173 0.941620 1.073403 1.208869 1.327100 1.420542 1.479899 1.505960 1.501500 1.508906 1.515051 1.525904 1.502231 1.463063 1.416574 1.368894 1.326927 1.270861 1.208743 1.158293 1.118795 1.080569 1.031748 1.010989 0.947194 0.856883 0.763959 0.725573 0.692922 0.656443 0.597424 0.591362 0.564963 0.517525 0.463818 0.000000 0.000000 0.000000 0.000000 0.000000 0.000000 0.000000 0.000000 0.000000 0.000000 0.000000 0.000000 0.000000 0.000000 0.000000 0.000000 0.000000 0.000000 0.000000 0.000000 0.000000 0.000000 0.000000 0.000000 0.000000 0.000000 0.000000 0.000000 0.000000 0.000000 0.000000 0.000000 0.000000 0.000000 0.000000 0.000000 0.000000 0.000000 0.000000 0.000000 0.528043 0.751614 0.914785 1.030256 1.103320 1.130370 1.140182 1.132082 1.108326 1.063156 1.015374 0.951253 0.891711 0.825872 0.770248 0.754081 0.681980 0.685518 0.679645 0.711361 0.664679 0.570256 0.519874
0.000000 0.000000 0.000000 0.000000 0.000000 0.000000 0.000000 0.000000 0.000000 0.000000 0.000000 0.000000 0.000000 0.000000 0.000000 0.000000 0.000000 0.000000 0.000000 0.000000 0.000000 0.000000 0.000000 0.000000 0.000000 0.000000 0.000000 0.000000 0.000000 0.000000 0.000000 0.000000 0.000000 0.000000 0.000000 0.000000 0.000000 0.000000 0.000000 0.000000 0.000000 0.000000 0.000000 0.000000 0.000000 0.000000 0.000000 0.000000 0.000000 0.000000 0.000000 0.000000 0.000000 0.000000 0.000000 0.000000 0.000000 0.000000 0.000000 0.000000 0.000000 0.000000 0.000000 0.000000 0.000000 0.000000 0.000000 0.000000 0.000000 0.000000 0.000000 0.000000 0.461701 0.514486 0.550549 0.591603 0.599855 0.605494 0.615029 0.626537 0.641082 0.653574 0.641302 0.673514 0.674506 0.633974 0.645918 0.654825 0.663053 0.670231 0.671421 0.730858 0.728767 0.726551 0.719487 0.710761 0.707220 0.705015 0.697472 0.684773 0.669406 0.649351 0.625492 0.596941 0.563096 0.529165 0.490735 0.389316 0.000000 0.000000 0.000000 0.000000 0.000000 0.000000 0.000000 0.000000 0.000000 0.000000 0.000000 0.000000 0.000000 0.000000 0.000000 0.000000 0.418104 0.462597 0.493863 0.507029 0.507639 0.496858 0.471270 0.443997 0.411250 0.000000 0.000000 0.000000 0.000000 0.000000 0.000000 0.000000 0.000000 0.000000 0.000000 0.000000 0.000000 0.000000 0.000000 0.413669 0.000000 0.000000 0.000000 0.000000 0.419578 0.423722 0.421702 0.414620 0.000000 0.000000 0.000000 0.418377 0.000000 0.000000 0.000000 0.000000 0.000000 0.000000 0.000000 0.000000 0.000000 0.000000 0.000000 0.000000 0.000000 0.000000 0.000000 0.000000 0.000000 0.000000 0.000000 0.000000 0.443084 0.577247 0.700056 0.814521 0.911990 1.020568 1.111639 1.212463 1.277993 1.334422 1.369263 1.379307 1.379002 1.390409 1.387556 1.379999 1.358617 1.315521 1.278416 1.230547 1.186458 1.156472 1.137919 1.124934 1.110508 1.094200 1.099591 1.047236 0.986745 0.902976 0.803502 0.707627 0.683151 0.661860 0.632848 0.580608 0.482869 0.441393 0.000000 0.000000 0.000000 0.000000 0.000000 0.000000 0.000000 0.000000 0.000000 0.000000 0.000000 0.000000 0.000000 0.000000 0.000000 0.000000 0.000000 0.000000 0.000000 0.000000 0.000000 0.000000 0.000000 0.000000 0.000000 0.000000 0.000000 0.000000 0.000000 0.000000 0.000000 0.000000 0.000000 0.000000 0.000000 0.000000 0.000000 0.000000 0.000000 0.000000 0.000000 0.497910 0.694718 0.847095 0.941672 1.010457 1.039440 1.045510 1.040490 1.026300 0.996658 0.944308 0.885766 0.819306 0.765758 0.746443 0.709700 0.654306 0.618581 0.620494 0.559362 0.519840
0.000000 0.000000 0.000000 0.000000 0.000000 0.000000 0.000000 0.000000 0.000000 0.000000 0.000000 0.000000 0.000000 0.000000 0.000000 0.000000 0.000000 0.000000 0.000000 0.000000 0.000000 0.000000 0.000000 0.000000 0.000000 0.000000 0.000000 0.000000 0.000000 0.000000 0.000000 0.000000 0.000000 0.000000 0.000000 0.000000 0.000000 0.000000 0.000000 0.000000 0.000000 0.000000 0.000000 0.000000 0.000000 0.000000 0.000000 0.000000 0.000000 0.000000 0.000000 0.000000 0.000000 0.000000 0.000000 0.000000 0.000000 0.000000 0.000000 0.000000 0.000000 0.000000 0.000000 0.393497 0.421069 0.432992 0.439147 0.444697 0.452854 0.473987 0.523956 0.597682 0.643908 0.673367 0.731088 0.686046 0.674233 0.675795 0.670058 0.662344 0.653404 0.649017 0.650954 0.656570 0.657419 0.654832 0.647667 0.636588 0.620959 0.578263 0.581400 0.581832 0.585114 0.586471 0.635653 0.637594 0.644554 0.648608 0.645212 0.638702 0.627258 0.610313 0.586436 0.557567 0.534323 0.509522 0.416652 0.396280 0.000000 0.000000 0.000000 0.000000 0.000000 0.000000 0.000000 0.000000 0.000000 0.000000 0.000000 0.000000 0.000000 0.000000 0.000000 0.000000 0.000000 0.000000 0.000000 0.000000 0.434980 0.442433 0.436084 0.419793 0.000000 0.000000 0.000000 0.000000 0.000000 0.000000 0.000000 0.000000 0.000000 0.000000 0.000000 0.000000 0.000000 0.000000 0.000000 0.000000 0.000000 0.000000 0.000000 0.000000 0.000000 0.000000 0.421352 0.445080 0.455530 0.446355 0.425035 0.000000 0.000000 0.000000 0.000000 0.000000 0.000000 0.000000 0.000000 0.000000 0.000000 0.000000 0.000000 0.000000 0.000000 0.000000 0.000000 0.000000 0.000000 0.000000 0.000000 0.000000 0.000000 0.516254 0.651822 0.763408 0.854125 0.932700 1.010047 1.087423 1.147556 1.221161 1.237116 1.275227 1.275846 1.262692 1.247047 1.247008 1.248757 1.233118 1.206137 1.161176 1.115813 1.082623 1.057812 1.048087 1.042495 1.040111 1.040113 1.051705 1.040807 1.022801 1.003478 0.963190 0.885009 0.775170 0.689356 0.619640 0.610022 0.499728 0.447606 0.000000 0.000000 0.000000 0.000000 0.000000 0.000000 0.000000 0.000000 0.000000 0.000000 0.000000 0.000000 0.000000 0.000000 0.000000 0.000000 0.000000 0.000000 0.000000 0.000000 0.000000 0.000000 0.414609 0.449266 0.469134 0.472447 0.463281 0.447901 0.422289 0.000000 0.000000 0.000000 0.000000 0.000000 0.000000 0.000000 0.000000 0.000000 0.000000 0.000000 0.000000 0.000000 0.000000 0.556654 0.688453 0.779609 0.844978 0.889657 0.915134 0.919289 0.899893 0.855170 0.807905 0.758215 0.713664 0.672991 0.618958 0.594330 0.546665 0.551695 0.518888
0.000000 0.000000 0.000000 0.000000 0.000000 0.000000 0.000000 0.000000 0.000000 0.000000 0.000000 0.000000 0.000000 0.000000 0.000000 0.000000 0.000000 0.000000 0.000000 0.000000 0.000000 0.000000 0.000000 0.000000 0.000000 0.000000 0.000000 0.000000 0.000000 0.000000 0.000000 0.000000 0.000000 0.000000 0.000000 0.000000 0.000000 0.000000 0.000000 0.000000 0.000000 0.000000 0.000000 0.000000 0.000000 0.000000 0.000000 0.000000 0.000000 0.000000 0.000000 0.000000 0.000000 0.000000 0.000000 0.000000 0.000000 0.000000 0.000000 0.000000 0.000000 0.384440 0.447301 0.496214 0.532053 0.556466 0.567115 0.573722 0.581265 0.586609 0.607470 0.639718 0.660512 0.656762 0.635914 0.616793 0.597007 0.586093 0.580731 0.573419 0.567075 0.597661 0.603539 0.610203 0.612694 0.609998 0.608171 0.601562 0.593373 0.583179 0.570184 0.556968 0.543985 0.518498 0.513271 0.541319 0.552730 0.560395 0.564033 0.564059 0.557491 0.539186 0.509426 0.397304 0.000000 0.000000 0.000000 0.000000 0.000000 0.000000 0.000000 0.000000 0.000000 0.000000 0.000000 0.000000 0.000000 0.000000 0.000000 0.000000 0.000000 0.000000 0.000000 0.000000 0.000000 0.000000 0.000000 0.000000 0.000000 0.000000 0.000000 0.000000 0.000000 0.000000 0.000000 0.000000 0.000000 0.000000 0.000000 0.000000 0.000000 0.000000 0.000000 0.000000 0.000000 0.000000 0.000000 0.000000 0.000000 0.000000 0.000000 0.000000 0.000000 0.000000 0.000000 0.000000 0.000000 0.435465 0.461218 0.516215 0.546124 0.539842 0.509317 0.442626 0.000000 0.000000 0.000000 0.000000 0.000000 0.000000 0.000000 0.000000 0.000000 0.000000 0.000000 0.000000 0.000000 0.000000 0.000000 0.000000 0.000000 0.448195 0.575191 0.731985 0.838025 0.912419 0.977613 1.015824 1.047971 1.125754 1.212345 1.278094 1.308948 1.281537 1.255959 1.174114 1.163689 1.166902 1.162566 1.139165 1.100776 1.063241 1.020690 0.983856 0.956479 0.944991 0.949704 0.944440 0.942916 0.984750 1.022574 1.039435 1.038435 1.015557 0.940181 0.823533 0.700678 0.617859 0.559569 0.513093 0.471845 0.435901 0.000000 0.000000 0.000000 0.000000 0.000000 0.000000 0.000000 0.000000 0.000000 0.000000 0.000000 0.000000 0.000000 0.000000 0.000000 0.000000 0.000000 0.000000 0.000000 0.448656 0.532024 0.570639 0.580684 0.579034 0.578417 0.571464 0.556156 0.526808 0.494602 0.455180 0.516911 0.450709 0.459635 0.467363 0.479776 0.500089 0.510459 0.508976 0.498076 0.480105 0.454353 0.416682 0.000000 0.483181 0.682893 0.670451 0.723082 0.747455 0.743847 0.714512 0.677779 0.637263 0.607147 0.561924 0.584819 0.570828 0.571476 0.537388
0.000000 0.000000 0.000000 0.000000 0.000000 0.000000 0.000000 0.000000 0.000000 0.000000 0.000000 0.000000 0.000000 0.000000 0.000000 0.000000 0.000000 0.000000 0.000000 0.000000 0.000000 0.000000 0.000000 0.000000 0.000000 0.000000 0.000000 0.000000 0.000000 0.000000 0.000000 0.000000 0.000000 0.000000 0.000000 0.000000 0.000000 0.000000 0.000000 0.000000 0.000000 0.000000 0.000000 0.000000 0.000000 0.000000 0.000000 0.000000 0.000000 0.000000 0.000000 0.000000 0.000000 0.000000 0.000000 0.000000 0.000000 0.000000 0.000000 0.000000 0.000000 0.402049 0.452015 0.492243 0.532950 0.569143 0.593544 0.608721 0.615026 0.611244 0.601678 0.629780 0.644707 0.657041 0.663249 0.657559 0.643653 0.626086 0.613155 0.598656 0.581182 0.529585 0.516375 0.510003 0.504538 0.497210 0.548508 0.548670 0.547319 0.543612 0.536029 0.524144 0.449702 0.430641 0.409753 0.381660 0.000000 0.497833 0.508668 0.510349 0.507017 0.410929 0.393231 0.000000 0.000000 0.000000 0.000000 0.000000 0.000000 0.000000 0.000000 0.000000 0.000000 0.000000 0.000000 0.000000 0.000000 0.000000 0.000000 0.000000 0.000000 0.000000 0.000000 0.000000 0.000000 0.000000 0.000000 0.000000 0.000000 0.000000 0.000000 0.000000 0.000000 0.000000 0.000000 0.000000 0.000000 0.000000 0.000000 0.000000 0.000000 0.000000 0.000000 0.000000 0.000000 0.000000 0.000000 0.000000 0.000000 0.000000 0.000000 0.000000 0.000000 0.000000 0.000000 0.000000 0.000000 0.000000 0.419520 0.516707 0.571884 0.610635 0.638383 0.641188 0.627795 0.599899 0.556861 0.470907 0.000000 0.000000 0.000000 0.000000 0.000000 0.000000 0.000000 0.000000 0.000000 0.000000 0.000000 0.000000 0.000000 0.000000 0.464059 0.628280 0.747082 0.856680 0.943883 0.993456 1.031968 1.056160 1.113443 1.211090 1.290580 1.325693 1.340061 1.286077 1.235578 1.210490 1.215270 1.210673 1.184414 1.137953 1.062652 1.005117 0.957441 0.913996 0.884428 0.868669 0.870440 0.895605 0.960949 1.026173 1.091315 1.136784 1.146063 1.109927 1.013971 0.872383 0.750250 0.661913 0.600400 0.556907 0.525517 0.495399 0.459386 0.000000 0.000000 0.000000 0.000000 0.000000 0.000000 0.000000 0.000000 0.000000 0.000000 0.000000 0.000000 0.000000 0.000000 0.000000 0.000000 0.000000 0.464367 0.544637 0.573342 0.594404 0.624581 0.642209 0.638090 0.617376 0.587528 0.561800 0.530181 0.578648 0.575182 0.499420 0.498537 0.471674 0.506834 0.554757 0.596549 0.610426 0.622178 0.617252 0.604324 0.570026 0.531142 0.499769 0.478934 0.578247 0.584465 0.536367 0.518888 0.618939 0.656720 0.665881 0.646505 0.638162 0.602810 0.549221
0.000000 0.000000 0.000000 0.000000 0.000000 0.000000 0.000000 0.000000 0.000000 0.000000 0.000000 0.000000 0.000000 0.000000 0.000000 0.000000 0.000000 0.000000 0.000000 0.000000 0.000000 0.000000 0.000000 0.000000 0.000000 0.000000 0.000000 0.000000 0.000000 0.000000 0.000000 0.000000 0.000000 0.000000 0.000000 0.000000 0.000000 0.000000 0.000000 0.000000 0.000000 0.000000 0.000000 0.000000 0.000000 0.000000 0.000000 0.000000 0.000000 0.000000 0.000000 0.000000 0.000000 0.000000 0.000000 0.000000 0.000000 0.000000 0.000000 0.000000 0.000000 0.000000 0.000000 0.000000 0.000000 0.000000 0.413280 0.528294 0.572519 0.606790 0.642913 0.673383 0.690690 0.695309 0.694446 0.691122 0.682055 0.668979 0.657826 0.641406 0.618184 0.588476 0.556691 0.521377 0.427694 0.403663 0.000000 0.000000 0.395898 0.405157 0.412027 0.414222 0.413613 0.405073 0.000000 0.000000 0.000000 0.000000 0.000000 0.000000 0.000000 0.000000 0.000000 0.000000 0.000000 0.000000 0.000000 0.000000 0.000000 0.000000 0.000000 0.000000 0.000000 0.000000 0.000000 0.000000 0.000000 0.000000 0.000000 0.000000 0.000000 0.000000 0.000000 0.000000 0.000000 0.000000 0.000000 0.000000 0.000000 0.000000 0.000000 0.000000 0.000000 0.000000 0.000000 0.000000 0.000000 0.000000 0.000000 0.000000 0.000000 0.000000 0.000000 0.000000 0.000000 0.000000 0.000000 0.000000 0.000000 0.000000 0.000000 0.000000 0.000000 0.000000 0.000000 0.000000 0.000000 0.000000 0.000000 0.000000 0.474555 0.547471 0.615641 0.648285 0.659642 0.674288 0.689985 0.688773 0.670564 0.628901 0.582256 0.504229 0.434574 0.000000 0.000000 0.000000 0.000000 0.000000 0.000000 0.000000 0.000000 0.000000 0.000000 0.464653 0.592317 0.744651 0.841743 0.933790 1.015120 1.042083 1.095705 1.138391 1.210977 1.277873 1.358145 1.379965 1.354692 1.277248 1.239945 1.235948 1.237684 1.237233 1.203529 1.133757 1.046290 0.958731 0.892741 0.851486 0.818975 0.813090 0.835365 0.885113 0.976806 1.054104 1.125626 1.161726 1.176987 1.156783 1.117548 1.038733 0.881347 0.696887 0.604049 0.556353 0.516385 0.482670 0.448535 0.000000 0.000000 0.000000 0.000000 0.000000 0.000000 0.000000 0.000000 0.000000 0.000000 0.000000 0.000000 0.000000 0.000000 0.000000 0.000000 0.439063 0.520819 0.577502 0.623441 0.653300 0.667217 0.652488 0.627872 0.612864 0.587445 0.553459 0.572396 0.601228 0.656343 0.693715 0.700873 0.690783 0.729163 0.778547 0.826841 0.823069 0.728503 0.744142 0.759309 0.754991 0.753409 0.779785 0.811698 0.834566 0.856090 0.893267 0.928316 0.979851 0.714100 0.635480 0.579567 0.559327
0.000000 0.000000 0.000000 0.000000 0.000000 0.000000 0.000000 0.000000 0.000000 0.000000 0.000000 0.000000 0.000000 0.000000 0.000000 0.000000 0.000000 0.000000 0.000000 0.000000 0.000000 0.000000 0.000000 0.000000 0.000000 0.000000 0.000000 0.000000 0.000000 0.000000 0.000000 0.000000 0.000000 0.000000 0.000000 0.000000 0.000000 0.000000 0.000000 0.000000 0.000000 0.000000 0.000000 0.000000 0.000000 0.000000 0.000000 0.000000 0.000000 0.000000 0.000000 0.000000 0.000000 0.000000 0.000000 0.000000 0.000000 0.000000 0.000000 0.000000 0.000000 0.000000 0.000000 0.000000 0.390569 0.434222 0.470655 0.503982 0.519928 0.535088 0.588790 0.615054 0.637244 0.651887 0.664372 0.679929 0.685771 0.684942 0.679611 0.669192 0.651988 0.629909 0.608391 0.580338 0.551220 0.524315 0.497769 0.409672 0.388697 0.000000 0.000000 0.000000 0.000000 0.000000 0.000000 0.000000 0.000000 0.000000 0.000000 0.000000 0.000000 0.000000 0.000000 0.000000 0.000000 0.000000 0.000000 0.000000 0.000000 0.000000 0.000000 0.000000 0.000000 0.000000 0.000000 0.000000 0.000000 0.000000 0.000000 0.000000 0.000000 0.000000 0.000000 0.000000 0.000000 0.000000 0.000000 0.000000 0.000000 0.000000 0.000000 0.000000 0.000000 0.000000 0.000000 0.000000 0.000000 0.000000 0.000000 0.000000 0.000000 0.000000 0.000000 0.000000 0.000000 0.000000 0.000000 0.000000 0.000000 0.000000 0.000000 0.000000 0.000000 0.000000 0.000000 0.000000 0.000000 0.000000 0.000000 0.000000 0.000000 0.000000 0.464084 0.525806 0.560301 0.612425 0.670358 0.704875 0.731156 0.741983 0.743072 0.731235 0.706715 0.674859 0.622968 0.564088 0.500432 0.431971 0.000000 0.000000 0.000000 0.000000 0.000000 0.000000 0.000000 0.551050 0.670793 0.806757 0.908052 0.992738 1.083910 1.133322 1.186797 1.231437 1.300789 1.379155 1.418489 1.390855 1.328768 1.275702 1.259526 1.279330 1.265634 1.227353 1.137723 1.051758 0.987462 0.931679 0.868252 0.808428 0.776621 0.776931 0.818020 0.879151 0.944260 1.008361 1.084867 1.122778 1.132497 1.110047 1.017319 0.914357 0.856022 0.831247 0.800607 0.743605 0.677419 0.597874 0.518784 0.464238 0.424436 0.000000 0.000000 0.000000 0.000000 0.000000 0.000000 0.000000 0.000000 0.000000 0.000000 0.000000 0.000000 0.000000 0.000000 0.472877 0.548881 0.602194 0.636121 0.660635 0.667942 0.663297 0.645929 0.622447 0.591749 0.611228 0.666467 0.742162 0.792744 0.899190 0.973359 1.046175 1.065482 1.029248 0.953091 0.892731 0.917272 0.944294 0.963785 0.984830 1.004910 1.115119 1.114109 1.119758 1.075379 1.139233 0.785361 0.715931 0.665971 0.650960
0.000000 0.000000 0.000000 0.000000 0.000000 0.000000 0.000000 0.000000 0.000000 0.000000 0.000000 0.000000 0.000000 0.000000 0.000000 0.000000 0.000000 0.000000 0.000000 0.000000 0.000000 0.000000 0.000000 0.000000 0.000000 0.000000 0.000000 0.000000 0.000000 0.000000 0.000000 0.000000 0.000000 0.000000 0.000000 0.000000 0.000000 0.000000 0.000000 0.000000 0.000000 0.000000 0.000000 0.000000 0.000000 0.000000 0.000000 0.000000 0.000000 0.000000 0.000000 0.000000 0.000000 0.000000 0.000000 0.000000 0.000000 0.000000 0.000000 0.000000 0.000000 0.000000 0.000000 0.000000 0.000000 0.000000 0.000000 0.000000 0.000000 0.384773 0.405278 0.425131 0.446605 0.533403 0.559744 0.588310 0.608962 0.619333 0.624848 0.624705 0.619138 0.609700 0.593963 0.571245 0.545257 0.518820 0.493845 0.404395 0.391952 0.410757 0.426358 0.447570 0.458212 0.459112 0.455525 0.453779 0.454892 0.454322 0.449078 0.439115 0.427760 0.418517 0.403653 0.381999 0.000000 0.000000 0.000000 0.000000 0.000000 0.000000 0.000000 0.000000 0.000000 0.000000 0.000000 0.000000 0.000000 0.000000 0.000000 0.000000 0.000000 0.000000 0.000000 0.000000 0.000000 0.000000 0.000000 0.000000 0.000000 0.000000 0.000000 0.000000 0.000000 0.000000 0.000000 0.000000 0.000000 0.000000 0.000000 0.000000 0.000000 0.000000 0.000000 0.000000 0.000000 0.000000 0.000000 0.000000 0.000000 0.000000 0.000000 0.000000 0.000000 0.000000 0.000000 0.000000 0.000000 0.000000 0.000000 0.000000 0.000000 0.000000 0.000000 0.000000 0.000000 0.440829 0.534322 0.604125 0.655218 0.692758 0.725116 0.746622 0.758460 0.761687 0.753351 0.733937 0.702399 0.670533 0.624668 0.568978 0.502949 0.429804 0.000000 0.000000 0.000000 0.000000 0.423238 0.598784 0.724459 0.849821 0.969867 1.093156 1.184489 1.228706 1.299121 1.363501 1.413801 1.458858 1.432777 1.389096 1.350238 1.311960 1.271481 1.248982 1.176072 1.126708 1.085054 1.038795 0.992091 0.933901 0.880496 0.828413 0.773510 0.754722 0.771335 0.811068 0.868522 0.922473 0.955988 0.960757 0.941370 0.916893 0.912698 0.905805 0.899912 0.892739 0.894575 0.880789 0.850843 0.797089 0.697887 0.578536 0.494714 0.458340 0.431595 0.000000 0.000000 0.000000 0.000000 0.000000 0.000000 0.000000 0.000000 0.000000 0.000000 0.000000 0.000000 0.488061 0.546983 0.587784 0.617298 0.632665 0.641988 0.640001 0.629621 0.612982 0.634056 0.694242 0.777341 0.879948 0.925330 1.124378 1.156752 1.248443 1.268719 1.029841 0.953466 0.920123 1.109844 1.113338 0.924133 0.905680 0.972076 0.891125 1.058502 0.861651 0.807636 0.785069 0.768307 0.756585
0.000000 0.000000 0.000000 0.000000 0.000000 0.000000 0.000000 0.000000 0.000000 0.000000 0.000000 0.000000 0.000000 0.000000 0.000000 0.000000 0.000000 0.000000 0.000000 0.000000 0.000000 0.000000 0.000000 0.000000 0.000000 0.000000 0.000000 0.000000 0.000000 0.000000 0.000000 0.000000 0.000000 0.000000 0.000000 0.000000 0.000000 0.000000 0.000000 0.415538 0.436330 0.444071 0.438730 0.422774 0.404321 0.000000 0.000000 0.000000 0.000000 0.000000 0.000000 0.000000 0.000000 0.000000 0.000000 0.000000 0.000000 0.000000 0.000000 0.000000 0.000000 0.000000 0.000000 0.000000 0.000000 0.000000 0.000000 0.000000 0.000000 0.000000 0.000000 0.000000 0.000000 0.000000 0.000000 0.000000 0.000000 0.475798 0.495087 0.503932 0.502400 0.502346 0.498563 0.484609 0.389488 0.400107 0.428479 0.456257 0.475051 0.496069 0.510519 0.518456 0.521515 0.519516 0.519122 0.521462 0.524677 0.523277 0.516631 0.507525 0.495659 0.479705 0.458513 0.427230 0.397380 0.000000 0.000000 0.000000 0.000000 0.000000 0.000000 0.000000 0.000000 0.000000 0.000000 0.000000 0.000000 0.000000 0.000000 0.000000 0.000000 0.000000 0.000000 0.000000 0.000000 0.000000 0.000000 0.000000 0.000000 0.000000 0.000000 0.000000 0.000000 0.000000 0.000000 0.000000 0.000000 0.000000 0.000000 0.000000 0.000000 0.000000 0.000000 0.000000 0.000000 0.000000 0.000000 0.000000 0.000000 0.000000 0.000000 0.000000 0.000000 0.000000 0.000000 0.000000 0.000000 0.000000 0.000000 0.000000 0.000000 0.000000 0.000000 0.000000 0.000000 0.000000 0.000000 0.000000 0.453796 0.528773 0.587713 0.630925 0.665403 0.687141 0.699458 0.706390 0.706756 0.699736 0.688684 0.669092 0.635508 0.599818 0.554838 0.503274 0.444315 0.000000 0.000000 0.000000 0.452931 0.619767 0.770656 0.940471 1.070237 1.187085 1.294378 1.369527 1.445267 1.504719 1.533884 1.522367 1.481164 1.395837 1.295803 1.236605 1.181724 1.155191 1.138727 1.106336 1.054086 1.010132 0.961235 0.923471 0.883493 0.844933 0.807101 0.768011 0.734699 0.700257 0.702244 0.760939 0.803659 0.829166 0.840884 0.837026 0.828401 0.901874 0.921255 0.921502 0.921401 0.935427 0.957098 0.941239 0.855507 0.723751 0.590010 0.520172 0.485717 0.445190 0.000000 0.000000 0.000000 0.000000 0.000000 0.510560 0.492172 0.000000 0.000000 0.000000 0.000000 0.462414 0.510171 0.547003 0.569248 0.585085 0.591430 0.586792 0.571421 0.550857 0.658796 0.762063 0.873423 1.009220 1.094944 1.241117 1.342481 1.392932 1.175969 1.141510 1.102944 1.073463 1.055640 1.039634 1.013846 0.518164 0.518085 0.369195 0.404960 0.832513 0.809937 0.787620
0.000000 0.000000 0.000000 0.000000 0.000000 0.000000 0.000000 0.000000 0.000000 0.000000 0.000000 0.000000 0.000000 0.000000 0.000000 0.000000 0.000000 0.000000 0.000000 0.000000 0.000000 0.000000 0.000000 0.000000 0.000000 0.000000 0.000000 0.000000 0.000000 0.000000 0.000000 0.000000 0.000000 0.000000 0.000000 0.000000 0.419355 0.465062 0.498156 0.510998 0.511469 0.502855 0.483772 0.458558 0.427617 0.399170 0.000000 0.000000 0.000000 0.000000 0.000000 0.000000 0.000000 0.000000 0.000000 0.000000 0.000000 0.000000 0.000000 0.000000 0.000000 0.000000 0.000000 0.000000 0.000000 0.000000 0.000000 0.000000 0.000000 0.000000 0.000000 0.000000 0.000000 0.000000 0.000000 0.000000 0.000000 0.000000 0.000000 0.000000 0.000000 0.000000 0.000000 0.395195 0.428889 0.451875 0.465258 0.481499 0.500304 0.514655 0.525324 0.530061 0.527581 0.524958 0.524956 0.523088 0.518785 0.514402 0.507187 0.495425 0.478372 0.461453 0.440365 0.414842 0.392635 0.000000 0.000000 0.000000 0.000000 0.000000 0.000000 0.000000 0.000000 0.000000 0.000000 0.000000 0.000000 0.000000 0.000000 0.000000 0.000000 0.000000 0.000000 0.000000 0.000000 0.000000 0.000000 0.000000 0.000000 0.000000 0.000000 0.000000 0.000000 0.000000 0.000000 0.000000 0.000000 0.000000 0.000000 0.000000 0.000000 0.000000 0.000000 0.000000 0.000000 0.000000 0.000000 0.000000 0.000000 0.000000 0.000000 0.000000 0.000000 0.000000 0.000000 0.000000 0.000000 0.000000 0.000000 0.000000 0.000000 0.000000 0.000000 0.000000 0.000000 0.000000 0.000000 0.000000 0.000000 0.000000 0.000000 0.000000 0.453943 0.498410 0.534028 0.561061 0.579925 0.594983 0.602992 0.603453 0.594090 0.573268 0.548505 0.512877 0.471629 0.000000 0.000000 0.000000 0.000000 0.000000 0.471978 0.684618 0.851381 1.029109 1.159227 1.290152 1.414716 1.513301 1.629176 1.688679 1.656364 1.543251 1.401292 1.264430 1.178320 1.143871 1.132618 1.118432 1.089695 1.042933 1.009365 0.975720 0.942172 0.921552 0.897142 0.862074 0.841411 0.907988 0.959664 0.988140 1.001674 0.992010 0.972163 0.849838 0.812423 0.796179 0.798558 0.800690 0.876825 0.909110 0.945250 0.991007 0.996960 0.995771 0.934792 0.838049 0.725194 0.626236 0.563068 0.514000 0.463663 0.000000 0.000000 0.000000 0.000000 0.000000 0.464789 0.000000 0.000000 0.000000 0.000000 0.411849 0.454451 0.485766 0.507081 0.516626 0.517962 0.511275 0.493808 0.581783 0.670553 0.832614 0.921830 1.068691 1.187944 1.288646 1.406405 1.235774 1.222915 1.219071 1.244802 1.252567 0.817883 0.720855 0.629157 0.554531 0.516999 0.514100 0.843059 0.802483
0.000000 0.000000 0.000000 0.000000 0.000000 0.000000 0.000000 0.000000 0.000000 0.000000 0.000000 0.000000 0.000000 0.000000 0.000000 0.000000 0.000000 0.000000 0.000000 0.000000 0.000000 0.000000 0.000000 0.000000 0.000000 0.000000 0.000000 0.000000 0.000000 0.000000 0.000000 0.000000 0.000000 0.000000 0.000000 0.445890 0.504437 0.546976 0.561849 0.560762 0.552056 0.535909 0.513867 0.491289 0.463924 0.440656 0.416855 0.392324 0.000000 0.000000 0.000000 0.000000 0.000000 0.000000 0.000000 0.000000 0.000000 0.000000 0.000000 0.000000 0.000000 0.000000 0.000000 0.000000 0.000000 0.000000 0.000000 0.000000 0.000000 0.000000 0.000000 0.000000 0.000000 0.000000 0.000000 0.000000 0.000000 0.000000 0.000000 0.000000 0.000000 0.000000 0.000000 0.426672 0.455913 0.473532 0.491077 0.504397 0.517614 0.535168 0.541550 0.536893 0.528081 0.520506 0.516388 0.510176 0.500143 0.485373 0.466207 0.448704 0.427763 0.415002 0.405954 0.399768 0.394522 0.385236 0.000000 0.000000 0.000000 0.000000 0.000000 0.000000 0.000000 0.000000 0.000000 0.000000 0.000000 0.000000 0.000000 0.000000 0.000000 0.000000 0.000000 0.000000 0.000000 0.000000 0.000000 0.000000 0.000000 0.000000 0.000000 0.000000 0.000000 0.000000 0.000000 0.000000 0.000000 0.000000 0.000000 0.000000 0.000000 0.000000 0.000000 0.000000 0.000000 0.000000 0.000000 0.000000 0.000000 0.000000 0.000000 0.000000 0.000000 0.000000 0.000000 0.000000 0.000000 0.000000 0.000000 0.000000 0.000000 0.000000 0.000000 0.000000 0.000000 0.000000 0.000000 0.000000 0.000000 0.000000 0.000000 0.000000 0.000000 0.000000 0.000000 0.000000 0.000000 0.000000 0.000000 0.426733 0.439261 0.442940 0.437859 0.000000 0.000000 0.000000 0.000000 0.000000 0.000000 0.000000 0.000000 0.000000 0.505784 0.737431 0.911546 1.093121 1.243365 1.399728 1.572243 1.708558 1.829262 1.764677 1.610295 1.406494 1.244539 1.145306 1.113321 1.093779 1.077546 1.053959 1.036458 1.017470 1.000199 0.982552 0.959061 0.934569 0.908087 0.911330 0.946344 0.972751 0.993052 0.989416 0.975683 0.949291 0.912008 0.868465 0.814286 0.708860 0.703245 0.720136 0.814422 0.854467 0.922143 0.974021 0.978609 0.946831 0.908068 0.847814 0.819426 0.711771 0.655555 0.599067 0.540704 0.477696 0.000000 0.000000 0.000000 0.000000 0.000000 0.000000 0.000000 0.000000 0.000000 0.000000 0.000000 0.424276 0.444005 0.451098 0.447083 0.429814 0.508006 0.640356 0.786821 0.839931 0.963280 1.091228 1.209335 1.295990 1.352579 1.375551 1.434688 1.482731 0.933412 0.858539 0.787562 0.747851 0.658308 0.594925 0.863577 0.805387
0.000000 0.000000 0.000000 0.000000 0.000000 0.000000 0.000000 0.000000 0.000000 0.000000 0.000000 0.000000 0.000000 0.000000 0.000000 0.000000 0.000000 0.000000 0.000000 0.000000 0.000000 0.000000 0.000000 0.000000 0.000000 0.000000 0.000000 0.000000 0.000000 0.000000 0.000000 0.000000 0.000000 0.000000 0.000000 0.000000 0.477504 0.529834 0.549170 0.555374 0.558139 0.554863 0.546038 0.532206 0.515738 0.502313 0.486074 0.466262 0.446147 0.419221 0.394765 0.000000 0.000000 0.000000 0.000000 0.000000 0.000000 0.000000 0.000000 0.000000 0.000000 0.000000 0.000000 0.000000 0.000000 0.000000 0.000000 0.000000 0.000000 0.000000 0.000000 0.000000 0.000000 0.000000 0.000000 0.000000 0.000000 0.000000 0.000000 0.000000 0.000000 0.000000 0.000000 0.000000 0.000000 0.423761 0.455702 0.481618 0.506391 0.519515 0.520688 0.512558 0.504304 0.496840 0.487238 0.469894 0.451946 0.422305 0.392379 0.000000 0.000000 0.000000 0.000000 0.000000 0.000000 0.000000 0.000000 0.000000 0.000000 0.000000 0.000000 0.000000 0.000000 0.000000 0.000000 0.000000 0.000000 0.000000 0.000000 0.000000 0.000000 0.000000 0.000000 0.000000 0.000000 0.000000 0.000000 0.000000 0.000000 0.000000 0.000000 0.000000 0.000000 0.000000 0.000000 0.000000 0.000000 0.000000 0.000000 0.000000 0.000000 0.000000 0.000000 0.000000 0.000000 0.000000 0.000000 0.000000 0.000000 0.000000 0.000000 0.000000 0.000000 0.000000 0.000000 0.000000 0.000000 0.000000 0.000000 0.000000 0.000000 0.000000 0.000000 0.000000 0.000000 0.000000 0.000000 0.000000 0.000000 0.000000 0.000000 0.000000 0.000000 0.000000 0.000000 0.000000 0.000000 0.000000 0.000000 0.000000 0.000000 0.000000 0.000000 0.000000 0.000000 0.000000 0.000000 0.000000 0.000000 0.000000 0.000000 0.000000 0.000000 0.000000 0.500740 0.731124 0.927966 1.135913 1.372505 1.522603 1.709818 1.746405 1.810199 1.732398 1.548610 1.318831 1.151080 1.083893 1.053903 1.042288 1.043589 1.045758 1.037926 1.025928 1.004562 0.979725 0.951436 0.927038 0.896999 0.898949 0.920490 0.933388 0.928936 0.913660 0.892115 0.864174 0.830089 0.790033 0.740202 0.687404 0.628958 0.598198 0.699346 0.764185 0.822693 0.850443 0.868287 0.877126 0.869321 0.845101 0.809674 0.764645 0.715732 0.666842 0.587606 0.505206 0.000000 0.000000 0.000000 0.000000 0.000000 0.000000 0.000000 0.000000 0.000000 0.000000 0.000000 0.000000 0.000000 0.000000 0.000000 0.469906 0.684125 0.820133 0.873081 0.985774 1.086041 1.168955 1.229649 1.267731 1.299289 1.357303 1.412484 1.220269 1.229131 1.207835 1.108341 0.986206 0.877704 0.799513
0.000000 0.000000 0.000000 0.000000 0.000000 0.000000 0.000000 0.000000 0.000000 0.000000 0.000000 0.000000 0.000000 0.000000 0.000000 0.000000 0.000000 0.000000 0.000000 0.000000 0.000000 0.000000 0.000000 0.000000 0.000000 0.000000 0.000000 0.000000 0.000000 0.000000 0.000000 0.000000 0.000000 0.000000 0.000000 0.000000 0.000000 0.000000 0.000000 0.000000 0.438899 0.477983 0.505444 0.520985 0.532456 0.535459 0.531271 0.519227 0.507203 0.488322 0.464320 0.445888 0.428225 0.414556 0.397661 0.000000 0.000000 0.000000 0.000000 0.000000 0.000000 0.000000 0.000000 0.000000 0.000000 0.000000 0.000000 0.000000 0.000000 0.000000 0.000000 0.000000 0.000000 0.000000 0.000000 0.000000 0.000000 0.000000 0.000000 0.000000 0.000000 0.000000 0.000000 0.000000 0.000000 0.000000 0.000000 0.000000 0.000000 0.000000 0.423907 0.451795 0.473890 0.489888 0.490157 0.475805 0.455040 0.423768 0.394310 0.000000 0.000000 0.000000 0.406565 0.448472 0.469583 0.475195 0.474943 0.481654 0.481179 0.459549 0.416185 0.412600 0.421054 0.421381 0.414009 0.395600 0.367507 0.342595 0.347481 0.459693 0.511433 0.547368 0.566407 0.572631 0.568019 0.559184 0.546169 0.519516 0.492677 0.609695 0.443811 0.394264 0.409121 0.416507 0.412478 0.388653 0.353989 0.000000 0.000000 0.000000 0.000000 0.000000 0.000000 0.000000 0.000000 0.000000 0.000000 0.000000 0.000000 0.000000 0.000000 0.000000 0.000000 0.000000 0.000000 0.000000 0.000000 0.000000 0.000000 0.000000 0.000000 0.000000 0.000000 0.000000 0.000000 0.000000 0.000000 0.000000 0.000000 0.000000 0.000000 0.000000 0.000000 0.000000 0.000000 0.000000 0.000000 0.000000 0.000000 0.000000 0.000000 0.000000 0.000000 0.000000 0.000000 0.422256 0.424625 0.000000 0.000000 0.000000 0.000000 0.000000 0.000000 0.000000 0.000000 0.000000 0.458768 0.681617 0.993521 1.147485 1.421728 1.544726 1.706253 1.722457 1.724607 1.682691 1.514727 1.288655 1.126290 1.053451 1.045083 1.053418 1.053872 1.044441 1.026239 1.004364 0.981934 0.952679 0.930122 0.910824 0.894088 0.872479 0.877977 0.881952 0.869769 0.845896 0.823530 0.792799 0.753093 0.712525 0.664140 0.577578 0.534215 0.486822 0.554762 0.589236 0.673708 0.730839 0.768690 0.794530 0.807282 0.795521 0.755181 0.713921 0.684958 0.657073 0.601620 0.522564 0.000000 0.000000 0.000000 0.000000 0.000000 0.000000 0.000000 0.000000 0.000000 0.000000 0.000000 0.000000 0.000000 0.409460 0.517511 0.675952 0.784659 0.781671 0.883510 1.000232 1.078936 1.139201 1.202489 1.297201 1.384223 1.436264 1.476541 1.476179 1.357217 1.210297 1.089897 0.789033
0.000000 0.000000 0.000000 0.000000 0.000000 0.000000 0.000000 0.000000 0.000000 0.000000 0.000000 0.000000 0.000000 0.000000 0.000000 0.000000 0.000000 0.000000 0.000000 0.000000 0.000000 0.000000 0.000000 0.000000 0.000000 0.000000 0.000000 0.000000 0.000000 0.000000 0.000000 0.000000 0.000000 0.000000 0.000000 0.000000 0.000000 0.000000 0.000000 0.000000 0.000000 0.000000 0.000000 0.000000 0.000000 0.423056 0.448618 0.463755 0.471042 0.470335 0.463521 0.453249 0.442149 0.430175 0.418074 0.400644 0.000000 0.000000 0.000000 0.000000 0.000000 0.000000 0.000000 0.000000 0.000000 0.000000 0.000000 0.000000 0.000000 0.000000 0.000000 0.000000 0.000000 0.000000 0.000000 0.000000 0.000000 0.000000 0.000000 0.000000 0.000000 0.000000 0.000000 0.000000 0.000000 0.000000 0.000000 0.000000 0.000000 0.000000 0.000000 0.000000 0.429297 0.462646 0.484823 0.499998 0.509835 0.515305 0.527120 0.607585 0.670813 0.710382 0.744581 0.767285 0.768341 0.758434 0.746242 0.729482 0.697517 0.654210 0.588816 0.549637 0.543605 0.529391 0.510908 0.488473 0.457496 0.497039 0.541188 0.598155 0.646099 0.679900 0.700574 0.703891 0.695216 0.673611 0.650802 0.626569 0.609220 0.588932 0.569478 0.952018 0.731564 0.554059 0.545450 0.531039 0.509743 0.437960 0.432855 0.434683 0.429880 0.416728 0.397248 0.376244 0.355749 0.000000 0.000000 0.000000 0.000000 0.000000 0.000000 0.000000 0.000000 0.000000 0.000000 0.000000 0.000000 0.000000 0.000000 0.000000 0.000000 0.000000 0.000000 0.000000 0.000000 0.000000 0.000000 0.000000 0.000000 0.000000 0.000000 0.000000 0.000000 0.000000 0.000000 0.000000 0.000000 0.000000 0.000000 0.000000 0.000000 0.000000 0.000000 0.000000 0.000000 0.000000 0.000000 0.420964 0.437180 0.445924 0.446262 0.426609 0.000000 0.000000 0.000000 0.000000 0.000000 0.000000 0.000000 0.604005 0.973414 1.144732 1.385455 1.508268 1.607710 1.654544 1.620248 1.518072 1.445299 1.307502 1.231282 1.174735 1.128944 1.121440 1.126026 1.103327 1.060725 1.013353 0.988633 0.964715 0.945072 0.933912 0.922168 0.904441 0.892370 0.864413 0.843756 0.764313 0.769931 0.738025 0.694712 0.652793 0.607994 0.559965 0.511236 0.576821 0.603728 0.622800 0.735032 0.789291 0.813598 0.791802 0.738706 0.694912 0.669411 0.615041 0.599663 0.566933 0.525521 0.466269 0.000000 0.000000 0.000000 0.000000 0.000000 0.000000 0.000000 0.000000 0.000000 0.000000 0.000000 0.000000 0.417210 0.531799 0.630683 0.756526 0.804754 0.899942 0.963525 1.029280 1.121643 1.255059 1.386176 1.453527 1.473541 1.454591 1.319971 1.177824 1.074694 0.785440
0.000000 0.000000 0.000000 0.000000 0.000000 0.000000 0.000000 0.000000 0.000000 0.000000 0.000000 0.000000 0.000000 0.000000 0.000000 0.000000 0.000000 0.000000 0.000000 0.000000 0.000000 0.000000 0.000000 0.000000 0.000000 0.000000 0.000000 0.000000 0.000000 0.000000 0.000000 0.000000 0.000000 0.000000 0.000000 0.000000 0.000000 0.000000 0.000000 0.000000 0.000000 0.000000 0.000000 0.000000 0.000000 0.000000 0.000000 0.000000 0.000000 0.000000 0.000000 0.000000 0.000000 0.000000 0.000000 0.000000 0.000000 0.000000 0.000000 0.000000 0.000000 0.000000 0.000000 0.000000 0.000000 0.000000 0.000000 0.000000 0.000000 0.000000 0.000000 0.000000 0.000000 0.000000 0.000000 0.000000 0.000000 0.000000 0.000000 0.000000 0.000000 0.000000 0.000000 0.000000 0.000000 0.000000 0.000000 0.000000 0.000000 0.000000 0.000000 0.000000 0.000000 0.443346 0.497672 0.648534 0.665618 0.751771 0.764580 0.812014 0.855777 0.873696 0.878305 0.948825 0.935676 0.917403 0.896447 0.857580 0.821899 0.772740 0.723876 0.690518 0.667179 0.643303 0.596486 0.604206 0.606985 0.609976 0.637402 0.675448 0.715086 0.746572 0.764344 0.767637 0.756899 0.729605 0.706660 0.692796 0.672280 0.648550 0.627248 0.604961 0.589461 0.560994 0.556844 0.556234 0.575434 0.547596 0.541115 0.536066 0.528345 0.514883 0.503209 0.489516 0.472989 0.461322 0.451704 0.450596 0.456431 0.465772 0.475783 0.485592 0.494724 0.505360 0.508640 0.497531 0.471635 0.445302 0.000000 0.000000 0.000000 0.000000 0.000000 0.000000 0.000000 0.000000 0.000000 0.000000 0.000000 0.000000 0.000000 0.000000 0.000000 0.000000 0.000000 0.000000 0.000000 0.000000 0.000000 0.000000 0.000000 0.000000 0.000000 0.000000 0.000000 0.000000 0.000000 0.000000 0.000000 0.000000 0.438494 0.444795 0.445161 0.450846 0.443423 0.420529 0.000000 0.478990 0.511326 0.528996 0.526592 0.627749 0.854059 1.084583 1.264287 1.396729 1.471193 1.522141 1.543987 1.507745 1.468356 1.453505 1.409332 1.386081 1.347140 1.331767 1.349131 1.361543 1.343102 1.319967 1.299720 1.254939 1.191651 1.127945 1.074571 1.032653 0.990269 0.943873 0.899754 0.868205 0.836604 0.815673 0.794048 0.778949 0.783201 0.808066 0.845879 0.887847 0.936934 0.950821 0.927512 0.859205 0.789765 0.730076 0.715807 0.688618 0.672306 0.661957 0.644686 0.623634 0.679440 0.614625 0.448409 0.000000 0.000000 0.000000 0.000000 0.000000 0.000000 0.000000 0.000000 0.000000 0.000000 0.412981 0.518923 0.632766 0.749964 0.845775 0.855319 0.925021 1.091053 1.144897 1.250218 1.342381 1.385229 1.379969 1.276716 1.153525 1.062918 0.774340
0.000000 0.000000 0.000000 0.000000 0.000000 0.000000 0.000000 0.000000 0.000000 0.000000 0.000000 0.000000 0.000000 0.000000 0.000000 0.000000 0.000000 0.000000 0.000000 0.000000 0.000000 0.000000 0.000000 0.000000 0.000000 0.000000 0.000000 0.000000 0.000000 0.000000 0.000000 0.000000 0.000000 0.000000 0.000000 0.000000 0.000000 0.000000 0.000000 0.000000 0.000000 0.000000 0.000000 0.000000 0.000000 0.000000 0.000000 0.000000 0.000000 0.000000 0.000000 0.000000 0.000000 0.000000 0.000000 0.000000 0.000000 0.000000 0.000000 0.000000 0.000000 0.000000 0.000000 0.000000 0.000000 0.000000 0.000000 0.000000 0.000000 0.000000 0.000000 0.000000 0.000000 0.000000 0.000000 0.000000 0.000000 0.000000 0.000000 0.000000 0.000000 0.000000 0.000000 0.000000 0.000000 0.000000 0.000000 0.000000 0.000000 0.004000 0.000000 0.447397 0.606062 0.723499 0.836156 0.852875 0.781296 0.991909 1.034597 1.059371 1.061527 1.056116 1.045067 1.030097 1.005099 0.982689 0.947261 0.912620 0.871680 0.851754 0.838527 0.827176 0.806264 0.781222 0.744888 0.720150 0.715535 0.714785 0.701311 0.687900 0.687979 0.697662 0.703203 0.761075 0.754274 0.741067 0.739414 0.694413 0.658289 0.687063 0.662359 0.631250 0.672583 0.660348 0.624199 0.623412 0.619629 0.601532 0.591270 0.585878 0.583576 0.576629 0.569147 0.560051 0.550074 0.539761 0.532573 0.534485 0.541711 0.550925 0.561478 0.570461 0.591196 0.621594 0.641164 0.638821 0.626750 0.596732 0.549954 0.515160 0.506100 0.506193 0.502872 0.483582 0.446419 0.000000 0.000000 0.000000 0.000000 0.000000 0.388101 0.404063 0.420342 0.484545 0.582740 0.661481 0.733096 0.774999 0.765845 0.693518 0.560221 0.448428 0.426744 0.403539 0.000000 0.000000 0.000000 0.000000 0.000000 0.000000 0.000000 0.000000 0.427008 0.459412 0.463481 0.552835 0.694191 0.778034 0.831986 0.854419 0.835796 0.766000 0.685274 0.728779 0.926870 1.124700 1.272613 1.368490 1.481194 1.466060 1.484573 1.525030 1.562176 1.592891 1.584457 1.537931 1.515350 1.517281 1.543881 1.562891 1.558425 1.468491 1.373554 1.280458 1.209506 1.158219 1.109114 1.071706 1.033946 0.998527 0.971624 0.946213 0.931342 0.926927 0.932963 0.959722 0.995363 1.026018 1.076017 1.078381 1.035338 0.963668 0.897030 0.840150 0.791813 0.745003 0.694633 0.709320 0.759359 0.806514 0.897422 0.891062 0.830057 0.761950 0.475477 0.440304 0.000000 0.722475 0.662440 0.577469 0.530068 0.699324 0.417536 0.000000 0.000000 0.498739 0.672020 0.913552 0.986711 0.953922 1.007542 1.045862 1.072513 0.974646 1.277204 1.353909 1.080713 0.962203 0.857207 0.760611
0.000000 0.000000 0.000000 0.000000 0.000000 0.000000 0.000000 0.000000 0.000000 0.000000 0.000000 0.000000 0.000000 0.000000 0.000000 0.000000 0.000000 0.000000 0.000000 0.000000 0.000000 0.000000 0.000000 0.000000 0.000000 0.000000 0.000000 0.000000 0.000000 0.000000 0.000000 0.000000 0.000000 0.000000 0.000000 0.000000 0.000000 0.000000 0.000000 0.000000 0.000000 0.000000 0.000000 0.000000 0.000000 0.000000 0.000000 0.000000 0.000000 0.000000 0.000000 0.000000 0.000000 0.000000 0.000000 0.000000 0.000000 0.000000 0.000000 0.000000 0.000000 0.000000 0.000000 0.000000 0.000000 0.000000 0.000000 0.000000 0.000000 0.000000 0.000000 0.000000 0.000000 0.000000 0.000000 0.000000 0.000000 0.000000 0.000000 0.000000 0.000000 0.000000 0.000000 0.000000 0.000000 0.406884 0.457292 0.507373 0.563860 0.657627 0.736737 0.765013 0.849913 0.935201 0.871481 0.938433 0.988566 1.140437 1.060601 1.045845 1.014863 1.000543 0.947734 0.923771 0.893923 0.851429 0.816857 0.922482 0.905767 0.895490 0.885062 0.868618 0.841956 0.799811 0.768206 0.733632 0.707577 0.689355 0.669894 0.655674 0.638864 0.630928 0.623463 0.622177 0.620973 0.631979 0.651397 0.876393 0.634988 0.664457 0.649109 0.619105 0.616047 0.616403 0.617287 0.619775 0.620363 0.615670 0.602068 0.585211 0.591172 0.600533 0.598421 0.588024 0.579819 0.577728 0.584006 0.597460 0.607678 0.614241 0.620266 0.624338 0.635628 0.673446 0.693143 0.697969 0.689901 0.633484 0.581164 0.554638 0.547923 0.558772 0.584385 0.615622 0.630651 0.633077 0.633759 0.641015 0.651621 0.659581 0.662906 0.661071 0.653722 0.639288 1.046658 0.934008 1.035830 1.116651 1.142957 1.121045 1.041515 0.926990 0.767836 0.638846 0.565754 0.446645 0.000000 0.000000 0.000000 0.000000 0.000000 0.000000 0.000000 0.000000 0.437936 0.633852 0.785954 0.894538 0.970656 1.011911 0.962864 0.856361 0.752270 0.672825 0.643537 0.712947 0.915365 0.991300 1.219692 1.189514 1.247182 1.307661 1.381931 1.453653 1.484913 1.384467 1.503484 1.443528 1.408340 1.428643 1.463133 1.413887 1.246155 1.188986 1.252307 1.212893 1.177531 1.140595 1.102898 1.070677 1.038787 1.022230 1.013918 1.018830 1.035257 1.054093 1.070289 1.077415 1.057980 1.039579 0.979766 0.900901 0.835120 0.820419 0.793831 0.763589 0.748316 0.787137 0.834305 0.872878 0.886074 0.870418 0.820069 0.740573 0.627618 0.539482 0.463282 0.591260 0.629837 0.708016 0.804337 0.765396 0.745462 0.745860 0.695402 0.609495 0.596556 0.719851 0.929850 1.042755 1.038357 1.116151 1.178700 1.245910 1.295730 1.371547 1.102134 0.999963 0.881747 0.738085
0.000000 0.000000 0.000000 0.000000 0.000000 0.000000 0.000000 0.000000 0.000000 0.000000 0.000000 0.000000 0.000000 0.000000 0.000000 0.000000 0.000000 0.000000 0.000000 0.000000 0.000000 0.000000 0.000000 0.000000 0.000000 0.000000 0.000000 0.000000 0.000000 0.000000 0.000000 0.000000 0.000000 0.000000 0.000000 0.000000 0.000000 0.000000 0.000000 0.000000 0.000000 0.000000 0.000000 0.000000 0.000000 0.000000 0.000000 0.000000 0.000000 0.000000 0.000000 0.000000 0.000000 0.000000 0.000000 0.000000 0.000000 0.000000 0.000000 0.000000 0.000000 0.000000 0.000000 0.000000 0.000000 0.000000 0.000000 0.000000 0.000000 0.000000 0.000000 0.000000 0.000000 0.000000 0.000000 0.000000 0.000000 0.000000 0.000000 0.000000 0.342110 0.353134 0.482054 0.539998 0.578498 0.634752 0.690233 0.751310 0.816728 0.880969 0.938214 0.999538 0.895652 1.124144 1.212528 1.283907 1.135931 1.143228 1.136696 1.100167 1.039524 0.999250 0.970560 0.948005 0.919370 0.892557 0.847417 0.825335 0.811460 0.796264 0.780128 0.758075 0.738163 0.707834 0.805354 0.782310 0.816017 0.782979 0.745081 0.708935 0.630739 0.614884 0.595483 0.583266 0.573845 0.592327 0.651878 0.661675 0.661056 0.654220 0.638039 0.604375 0.593883 0.590329 0.592134 0.597453 0.607645 0.615281 0.615891 0.606057 0.585116 0.565080 0.549953 0.544376 0.554633 0.575690 0.615431 0.635050 0.649470 0.653550 0.650252 0.646157 0.652237 0.673161 0.685792 0.707447 0.674629 0.608830 0.562330 0.536361 0.518749 0.509121 0.554431 0.613884 0.664478 0.688836 0.694626 0.689956 0.682488 0.675960 0.670341 0.663834 0.654214 0.642751 0.670512 0.855937 1.015773 1.148718 1.273134 1.374815 1.416373 1.417376 1.381754 1.290261 1.167878 1.010154 0.829104 0.644504 0.468261 0.000000 0.446786 0.521764 0.562360 0.570822 0.572836 0.571617 0.546358 0.499530 0.463271 0.509714 0.543964 0.570963 0.566928 0.551696 0.542124 0.551741 0.562053 0.664019 0.853608 0.808084 0.929806 0.913851 1.031684 1.118595 1.204620 1.245948 1.297344 1.323643 1.306326 1.237064 1.197894 1.191944 1.168042 1.115930 1.093992 1.076516 1.074052 1.071265 1.041388 1.002779 0.960340 0.932467 0.915730 0.917367 0.910254 0.901316 0.895226 0.958996 0.924632 0.867388 0.793481 0.720174 0.727479 0.743058 0.748501 0.755560 0.722553 0.772523 0.827738 0.878015 0.906276 0.910129 0.875537 0.826229 0.753330 0.677576 0.595073 0.599517 0.660263 0.753874 0.845663 0.920235 0.965142 0.986874 0.957882 0.968935 0.955843 0.987550 0.961642 1.021554 1.076114 0.954710 0.997800 1.043764 1.099332 1.156192 1.119763 1.014545 0.891254 0.712539
0.000000 0.000000 0.000000 0.000000 0.000000 0.000000 0.000000 0.000000 0.000000 0.000000 0.000000 0.000000 0.000000 0.000000 0.000000 0.000000 0.000000 0.000000 0.000000 0.000000 0.000000 0.000000 0.000000 0.000000 0.000000 0.000000 0.000000 0.000000 0.000000 0.000000 0.000000 0.000000 0.000000 0.000000 0.000000 0.000000 0.000000 0.000000 0.000000 0.000000 0.000000 0.000000 0.000000 0.000000 0.000000 0.000000 0.000000 0.000000 0.000000 0.000000 0.000000 0.000000 0.000000 0.000000 0.000000 0.000000 0.000000 0.000000 0.000000 0.000000 0.000000 0.000000 0.000000 0.000000 0.000000 0.000000 0.000000 0.000000 0.000000 0.000000 0.000000 0.000000 0.000000 0.000000 0.460907 0.427328 0.416833 0.461762 0.501774 0.518878 0.586528 0.630575 0.656438 0.718947 0.771823 0.822319 0.878868 0.933592 0.986997 0.873224 0.890284 0.901300 0.942460 0.983227 1.048120 1.084881 1.249210 1.117828 1.123922 1.107347 1.097240 1.072119 1.039888 1.010922 0.992165 0.971227 0.941085 0.904982 0.874319 0.839536 0.817913 0.802126 0.784916 0.886288 0.859407 0.887138 0.854546 0.831958 0.792151 0.759794 0.720606 0.649535 0.631705 0.654660 0.645822 0.633382 0.624749 0.615204 0.607113 0.567377 0.571815 0.569124 0.560887 0.552310 0.545688 0.542890 0.548659 0.560797 0.571002 0.578305 0.580253 0.570696 0.552796 0.523003 0.531279 0.576810 0.624286 0.641869 0.654511 0.659924 0.653315 0.636420 0.623025 0.612799 0.616817 0.627907 0.616511 0.571337 0.515366 0.490749 0.478372 0.472059 0.468389 0.504562 0.542526 0.575473 0.601383 0.612176 0.610922 0.601097 0.587012 0.603143 0.588251 0.533112 0.492491 0.590785 0.807667 1.009941 1.163184 1.270979 1.344910 1.385574 1.388371 1.366331 1.310977 1.224689 1.088085 0.920025 0.767161 0.732683 0.773482 0.825184 0.852813 0.860496 0.846081 0.810559 0.752870 0.680845 0.602754 0.522908 0.451047 0.000000 0.000000 0.000000 0.000000 0.000000 0.000000 0.000000 0.507617 0.618340 0.754876 0.824623 0.953395 1.051177 1.195868 1.233242 1.314339 1.421491 1.397930 1.431932 1.395370 1.299516 1.194965 1.136988 1.116430 1.102265 1.096374 1.083797 1.056545 1.019854 0.973689 0.935221 0.893143 0.848362 0.807848 0.768385 0.735124 0.766888 0.731790 0.705030 0.683674 0.669293 0.682271 0.707116 0.722858 0.720986 0.705693 0.680683 0.723133 0.765614 0.799488 0.813246 0.814953 0.794923 0.765338 0.719292 0.657828 0.587216 0.627710 0.715105 0.792410 0.895561 1.015300 1.120213 1.175855 1.219522 1.184178 1.188593 1.230527 1.283039 1.217308 1.249972 1.284358 1.125800 1.157386 1.201216 1.126776 1.000653 0.880410 0.701274
0.000000 0.000000 0.000000 0.000000 0.000000 0.000000 0.000000 0.000000 0.000000 0.000000 0.000000 0.000000 0.000000 0.000000 0.000000 0.000000 0.000000 0.000000 0.000000 0.000000 0.000000 0.000000 0.000000 0.000000 0.000000 0.000000 0.000000 0.000000 0.000000 0.000000 0.000000 0.000000 0.000000 0.000000 0.000000 0.000000 0.000000 0.000000 0.000000 0.000000 0.000000 0.000000 0.000000 0.000000 0.000000 0.000000 0.000000 0.000000 0.000000 0.000000 0.000000 0.000000 0.000000 0.000000 0.000000 0.000000 0.000000 0.000000 0.000000 0.000000 0.000000 0.000000 0.000000 0.000000 0.000000 0.000000 0.000000 0.000000 0.000000 0.000000 0.000000 0.437738 0.490430 0.570029 0.624527 0.586017 0.575650 0.608046 0.633788 0.697526 0.674335 0.730902 0.794380 0.846889 0.889483 0.935011 0.991304 1.043211 1.084328 1.101363 0.933068 0.907446 0.933288 0.956446 0.967365 0.957693 0.941001 1.089126 1.112203 0.976899 0.944714 0.897349 0.855666 0.848759 0.856420 0.860519 0.862214 0.861764 0.854662 0.842904 0.827654 0.813522 0.790658 0.876658 0.909950 0.880997 0.866815 0.843381 0.817477 0.778528 0.748547 0.708936 0.675746 0.632055 0.593165 0.595838 0.582804 0.569195 0.561470 0.512421 0.533858 0.545529 0.543633 0.531640 0.515437 0.501779 0.490526 0.492590 0.505082 0.519064 0.541131 0.550463 0.549019 0.536473 0.517052 0.513080 0.531370 0.559493 0.584844 0.606707 0.611876 0.603765 0.582973 0.563611 0.552374 0.541786 0.528802 0.511059 0.491333 0.469240 0.460761 0.461220 0.466150 0.471097 0.474291 0.470372 0.465486 0.456076 0.462410 0.600545 0.837638 1.017888 1.126076 1.150198 1.127440 1.066163 1.018162 0.964209 0.883947 1.012637 1.115106 1.189976 1.234282 1.241878 1.229411 1.182825 1.095366 0.933494 0.930808 1.003558 1.055861 1.105029 1.124109 1.115582 1.078141 1.017711 0.932198 0.837059 0.736358 0.628647 0.525576 0.437789 0.000000 0.000000 0.000000 0.000000 0.000000 0.000000 0.000000 0.416143 0.600899 0.695409 0.762117 0.811278 0.942169 0.955665 1.034737 1.173331 1.311324 1.406539 1.478981 1.492124 1.414564 1.212862 1.178098 1.184396 1.187914 1.168015 1.122537 1.076626 1.021974 0.963728 0.929312 0.891743 0.856110 0.814139 0.848460 0.813661 0.785853 0.751223 0.721409 0.693078 0.671198 0.656676 0.654726 0.651809 0.629871 0.632359 0.616956 0.640367 0.674079 0.699153 0.718286 0.716394 0.721780 0.701060 0.671625 0.623671 0.570795 0.611827 0.671524 0.779509 0.923862 1.044175 1.113691 1.155304 1.213978 1.256469 1.276814 1.348659 1.400812 1.441157 1.355720 1.367221 1.204846 1.226337 1.111510 0.979184 0.863187 0.694758
0.000000 0.000000 0.000000 0.000000 0.000000 0.000000 0.000000 0.000000 0.000000 0.000000 0.000000 0.000000 0.000000 0.000000 0.000000 0.000000 0.000000 0.000000 0.000000 0.000000 0.000000 0.000000 0.000000 0.000000 0.000000 0.000000 0.000000 0.000000 0.000000 0.000000 0.000000 0.000000 0.000000 0.000000 0.000000 0.000000 0.000000 0.000000 0.000000 0.000000 0.000000 0.000000 0.000000 0.000000 0.000000 0.000000 0.000000 0.000000 0.000000 0.000000 0.000000 0.000000 0.000000 0.000000 0.000000 0.000000 0.000000 0.000000 0.000000 0.000000 0.000000 0.000000 0.000000 0.000000 0.000000 0.000000 0.408551 0.447485 0.481219 0.507641 0.548347 0.609368 0.638592 0.663249 0.690620 0.700457 0.708501 0.723835 0.757632 0.731099 0.761258 0.799618 0.837111 0.870193 0.907195 0.950466 0.993713 1.022232 1.037107 1.037096 1.027027 1.002678 0.970512 0.937288 0.911647 0.906785 0.891863 0.944963 0.905169 0.885709 0.874701 0.889523 0.919857 0.859201 0.876267 0.884028 0.887950 0.889004 0.883824 0.876158 0.864548 0.847701 0.829909 0.805695 0.842516 0.826756 0.823860 0.809196 0.791832 0.770943 0.752652 0.729367 0.697945 0.668078 0.625656 0.580498 0.535811 0.550201 0.535085 0.459960 0.483686 0.500211 0.503430 0.497336 0.482425 0.464608 0.448708 0.430224 0.423219 0.438838 0.459644 0.480401 0.500789 0.511269 0.512959 0.510093 0.506282 0.505280 0.512147 0.529987 0.547690 0.554138 0.549601 0.533000 0.515376 0.506329 0.487779 0.464054 0.453602 0.447079 0.441614 0.441482 0.448086 0.455644 0.463406 0.468080 0.468546 0.460300 0.446244 0.453770 0.494749 0.807266 1.108491 1.271229 1.372222 1.406260 1.401433 1.355004 1.262022 1.144376 1.008491 0.909391 0.980976 1.014293 1.034189 1.056302 1.023326 1.005809 1.098159 1.191571 1.261329 1.310738 1.329423 1.300408 1.247941 1.156710 1.060524 0.951567 0.840618 0.716107 0.590752 0.485888 0.000000 0.000000 0.000000 0.000000 0.000000 0.000000 0.000000 0.000000 0.000000 0.450192 0.527560 0.524624 0.634928 0.635140 0.692237 0.848275 1.006766 1.159307 1.299812 1.415643 1.496999 1.558076 1.581526 1.451078 1.398926 1.315323 1.246917 1.203962 1.132112 1.059815 0.994883 0.938118 0.906321 0.866087 0.827038 0.855336 0.823305 0.793204 0.762924 0.726564 0.689677 0.647044 0.603442 0.569581 0.512712 0.533047 0.543131 0.538216 0.514255 0.571207 0.603765 0.596446 0.629318 0.643996 0.638198 0.621214 0.591003 0.552130 0.609779 0.673536 0.741050 0.847873 0.928125 1.020507 1.093728 1.145504 1.197001 1.213638 1.264374 1.314978 1.359612 1.392044 1.302456 1.342360 1.093446 0.987433 0.880374 0.851822
0.000000 0.000000 0.000000 0.000000 0.000000 0.000000 0.000000 0.000000 0.000000 0.000000 0.000000 0.000000 0.000000 0.000000 0.000000 0.000000 0.000000 0.000000 0.000000 0.000000 0.000000 0.000000 0.000000 0.000000 0.000000 0.000000 0.000000 0.000000 0.000000 0.000000 0.000000 0.000000 0.000000 0.000000 0.000000 0.000000 0.000000 0.000000 0.000000 0.000000 0.000000 0.000000 0.000000 0.000000 0.000000 0.000000 0.000000 0.000000 0.000000 0.000000 0.000000 0.000000 0.000000 0.000000 0.000000 0.000000 0.000000 0.000000 0.000000 0.000000 0.000000 0.000000 0.000000 0.423888 0.474798 0.548668 0.579193 0.646481 0.691147 0.675839 0.660125 0.678694 0.707919 0.747372 0.773564 0.799533 0.811556 0.831036 0.826837 0.785429 0.906953 0.808012 0.808720 0.815323 0.834946 0.868641 0.881284 0.851281 0.803773 0.795385 0.807603 0.822403 0.837577 0.842474 0.836429 0.828875 0.902564 0.897815 0.888619 0.881081 0.868322 0.843959 0.814116 0.794679 0.791351 0.809072 0.762404 0.773027 0.783911 0.790737 0.785917 0.777854 0.762865 0.739925 0.719829 0.757678 0.742963 0.727599 0.717393 0.705332 0.698862 0.692374 0.679509 0.656773 0.626346 0.593363 0.553201 0.506493 0.455157 0.501620 0.446507 0.460398 0.462238 0.456872 0.447358 0.435275 0.420380 0.404695 0.384681 0.000000 0.000000 0.000000 0.419675 0.450917 0.470981 0.486764 0.487670 0.477228 0.466182 0.464289 0.473364 0.490086 0.498898 0.498784 0.494712 0.486675 0.465744 0.438795 0.411703 0.398398 0.397849 0.403988 0.413870 0.422838 0.434059 0.441648 0.445612 0.444084 0.433115 0.417127 0.430374 0.543694 0.752741 0.960275 1.129497 1.241753 1.278472 1.274701 1.239025 1.156325 1.053125 0.931610 0.804000 0.743749 0.798418 0.849501 0.884817 0.871066 0.937201 1.055030 1.160520 1.238483 1.249202 1.217954 1.169875 1.130475 1.070637 0.997004 0.900549 0.787012 0.673770 0.562852 0.467905 0.000000 0.000000 0.000000 0.000000 0.000000 0.000000 0.000000 0.000000 0.000000 0.000000 0.439499 0.451588 0.454537 0.000000 0.491928 0.602426 0.798575 0.991426 1.174855 1.329677 1.451312 1.558420 1.670314 1.721852 1.707003 1.525381 1.428930 1.333409 1.236820 1.146835 1.049526 0.961991 0.919892 0.969906 0.943886 0.924508 0.893762 0.850887 0.797525 0.735105 0.672786 0.618076 0.562787 0.427351 0.429464 0.439996 0.449004 0.447931 0.433837 0.000000 0.426677 0.498568 0.540233 0.560890 0.563891 0.553539 0.529154 0.498600 0.586076 0.653501 0.734944 0.839397 0.919587 0.987330 1.034260 1.065833 1.090145 1.093370 1.153265 1.200939 1.230941 1.271710 1.352423 1.320210 1.245527 1.028238 0.826803
0.000000 0.000000 0.000000 0.000000 0.000000 0.000000 0.000000 0.000000 0.000000 0.000000 0.000000 0.000000 0.000000 0.000000 0.000000 0.000000 0.000000 0.000000 0.000000 0.000000 0.000000 0.000000 0.000000 0.000000 0.000000 0.000000 0.000000 0.000000 0.000000 0.000000 0.000000 0.000000 0.000000 0.000000 0.000000 0.000000 0.000000 0.000000 0.000000 0.000000 0.000000 0.000000 0.000000 0.000000 0.000000 0.000000 0.000000 0.000000 0.000000 0.000000 0.000000 0.000000 0.000000 0.000000 0.000000 0.330835 0.000000 0.000000 0.420901 0.469219 0.498893 0.582696 0.619984 0.651005 0.698222 0.739740 0.736767 0.755687 0.772420 0.759345 0.760718 0.786915 0.815401 0.831032 0.843250 0.844282 0.849690 0.847243 0.790313 0.790402 0.790040 0.780710 0.762272 0.741085 0.730839 0.727841 0.728541 0.722381 0.719642 0.733532 0.751130 0.759222 0.760569 0.754596 0.746481 0.746360 0.820945 0.816652 0.808458 0.798338 0.785051 0.765087 0.745275 0.724694 0.708401 0.700726 0.713018 0.716207 0.716922 0.719697 0.720578 0.666566 0.670269 0.668400 0.661842 0.700216 0.685539 0.673105 0.664089 0.656933 0.652728 0.647753 0.622684 0.612759 0.594655 0.568699 0.539110 0.500729 0.456136 0.406370 0.000000 0.390604 0.399817 0.401908 0.400497 0.396426 0.388713 0.000000 0.000000 0.000000 0.000000 0.000000 0.000000 0.000000 0.388621 0.413548 0.424720 0.426403 0.421899 0.416362 0.414064 0.418494 0.427668 0.439370 0.446167 0.448511 0.443301 0.423082 0.394804 0.000000 0.000000 0.000000 0.000000 0.000000 0.000000 0.000000 0.000000 0.403448 0.405876 0.000000 0.000000 0.000000 0.473018 0.652626 0.831498 0.969464 1.072417 1.130000 1.140947 1.121347 1.066495 0.991350 0.897630 0.794616 0.687511 0.581515 0.641682 0.728355 0.762668 0.849802 0.978591 1.038672 1.040767 1.008083 1.032811 1.054923 1.050771 1.023164 0.959932 0.888707 0.806014 0.708109 0.605023 0.497503 0.000000 0.000000 0.000000 0.000000 0.000000 0.000000 0.000000 0.000000 0.000000 0.000000 0.000000 0.000000 0.000000 0.000000 0.000000 0.000000 0.000000 0.760749 0.996412 1.170079 1.312221 1.449518 1.581821 1.689655 1.774127 1.784632 1.588977 1.480581 1.351050 1.235785 1.143564 1.162754 1.130743 1.098265 1.092684 1.061526 1.008284 0.922892 0.826493 0.742900 0.631371 0.545399 0.463365 0.000000 0.000000 0.000000 0.000000 0.000000 0.000000 0.000000 0.000000 0.000000 0.429362 0.458028 0.467705 0.463810 0.447209 0.000000 0.515854 0.639864 0.745504 0.830016 0.905450 0.955819 0.998364 1.022450 1.028584 1.025805 1.071129 1.138262 1.199255 1.269870 1.244726 1.147905 1.027337 0.824826
0.000000 0.000000 0.000000 0.000000 0.000000 0.000000 0.000000 0.000000 0.000000 0.000000 0.000000 0.000000 0.000000 0.000000 0.000000 0.000000 0.000000 0.000000 0.000000 0.000000 0.000000 0.000000 0.000000 0.000000 0.000000 0.000000 0.000000 0.000000 0.000000 0.000000 0.000000 0.000000 0.000000 0.000000 0.000000 0.000000 0.000000 0.000000 0.000000 0.000000 0.000000 0.000000 0.000000 0.000000 0.000000 0.000000 0.000000 0.000000 0.000000 0.000000 0.000000 0.000000 0.000000 0.000000 0.000000 0.417459 0.820677 0.618936 0.648647 0.665578 0.694694 0.707128 0.719712 0.723150 0.775664 0.815371 0.822500 0.825305 0.836599 0.860635 0.884456 0.912741 0.920624 0.909223 0.888499 0.885552 0.875721 0.862661 0.860936 0.858156 0.849153 0.764058 0.742151 0.716766 0.693967 0.695596 0.703845 0.692801 0.669591 0.647159 0.641268 0.648066 0.658884 0.661055 0.658796 0.664712 0.734500 0.734205 0.729200 0.772364 0.707214 0.694435 0.677441 0.655173 0.639840 0.592232 0.595114 0.584070 0.569088 0.558602 0.557899 0.588183 0.594224 0.596605 0.597515 0.559690 0.554566 0.547197 0.538568 0.531521 0.533357 0.540797 0.545335 0.544131 0.536866 0.521202 0.503564 0.477985 0.452587 0.420656 0.000000 0.000000 0.000000 0.000000 0.000000 0.000000 0.000000 0.000000 0.000000 0.000000 0.000000 0.000000 0.000000 0.000000 0.000000 0.000000 0.000000 0.000000 0.000000 0.000000 0.000000 0.000000 0.000000 0.000000 0.000000 0.000000 0.000000 0.000000 0.000000 0.000000 0.000000 0.000000 0.000000 0.000000 0.000000 0.000000 0.000000 0.000000 0.000000 0.000000 0.000000 0.000000 0.000000 0.000000 0.450135 0.605821 0.764559 0.876006 0.940671 0.972094 0.973327 0.945230 0.899077 0.824197 0.738472 0.643040 0.537985 0.449425 0.545596 0.593537 0.709547 0.743323 0.691186 0.769143 0.866943 0.932981 0.968383 0.975394 0.960482 0.928904 0.878147 0.812314 0.725372 0.624545 0.521363 0.425523 0.000000 0.000000 0.000000 0.000000 0.000000 0.000000 0.000000 0.000000 0.000000 0.000000 0.000000 0.000000 0.000000 0.000000 0.000000 0.000000 0.000000 0.686914 0.903605 1.079388 1.242341 1.386467 1.533623 1.674130 1.770565 1.764645 1.581701 1.473176 1.472195 1.406540 1.390328 1.379017 1.375975 1.325270 1.228203 1.101688 0.974338 0.851922 0.748369 0.638976 0.541979 0.455578 0.000000 0.000000 0.000000 0.000000 0.000000 0.000000 0.000000 0.000000 0.000000 0.000000 0.000000 0.000000 0.000000 0.000000 0.000000 0.492378 0.609942 0.711519 0.796560 0.853908 0.902118 0.929614 0.940798 0.947574 0.952131 1.003853 1.061211 1.141099 1.080480 0.984206 0.897256 0.769934
0.000000 0.000000 0.000000 0.000000 0.000000 0.000000 0.000000 0.000000 0.000000 0.000000 0.000000 0.000000 0.000000 0.000000 0.000000 0.000000 0.000000 0.000000 0.000000 0.000000 0.000000 0.000000 0.000000 0.000000 0.000000 0.000000 0.000000 0.000000 0.000000 0.000000 0.000000 0.000000 0.000000 0.000000 0.000000 0.000000 0.000000 0.000000 0.000000 0.000000 0.000000 0.000000 0.000000 0.000000 0.000000 0.000000 0.000000 0.000000 0.000000 0.000000 0.000000 0.000000 0.447718 0.494625 0.522832 0.725305 0.713867 0.767920 0.777905 0.772706 0.768183 0.763540 0.755690 0.746669 0.788735 0.837173 0.875908 0.923981 0.964789 0.987894 0.905278 0.883017 0.835340 0.770649 0.715459 0.705194 0.724991 0.812086 0.822214 0.818977 0.810842 0.794250 0.770557 0.745403 0.716855 0.685875 0.660215 0.625018 0.603409 0.574968 0.584541 0.595699 0.600083 0.599617 0.597963 0.605845 0.657099 0.653569 0.645801 0.636376 0.624947 0.614046 0.606309 0.550227 0.567113 0.549647 0.556302 0.589858 0.581314 0.560194 0.533525 0.501387 0.389989 0.000000 0.000000 0.419088 0.435752 0.447926 0.448719 0.443736 0.436821 0.434231 0.441681 0.452049 0.459197 0.461093 0.457954 0.450917 0.439149 0.421535 0.000000 0.000000 0.000000 0.000000 0.000000 0.000000 0.000000 0.000000 0.000000 0.000000 0.000000 0.000000 0.000000 0.000000 0.000000 0.000000 0.000000 0.000000 0.000000 0.000000 0.000000 0.000000 0.000000 0.000000 0.000000 0.000000 0.000000 0.000000 0.000000 0.000000 0.000000 0.000000 0.000000 0.000000 0.000000 0.000000 0.000000 0.000000 0.000000 0.000000 0.000000 0.000000 0.000000 0.000000 0.000000 0.000000 0.000000 0.489127 0.646147 0.745338 0.806254 0.836763 0.830742 0.794458 0.737990 0.663302 0.578428 0.491691 0.000000 0.000000 0.000000 0.000000 0.477976 0.593680 0.694483 0.776246 0.833916 0.853841 0.865176 0.866240 0.845794 0.805458 0.743465 0.664061 0.575929 0.495563 0.000000 0.000000 0.000000 0.000000 0.000000 0.000000 0.000000 0.000000 0.000000 0.000000 0.000000 0.000000 0.000000 0.000000 0.000000 0.000000 0.000000 0.000000 0.000000 0.541501 0.755658 0.942058 1.154894 1.389331 1.574390 1.717812 1.780397 1.752500 1.654017 1.641708 1.641576 1.640973 1.632279 1.559725 1.462310 1.336157 1.214573 1.042849 0.896723 0.759197 0.634532 0.527165 0.436951 0.000000 0.000000 0.000000 0.000000 0.000000 0.000000 0.000000 0.000000 0.000000 0.000000 0.000000 0.000000 0.000000 0.000000 0.000000 0.000000 0.547563 0.644747 0.722372 0.774966 0.817923 0.838014 0.850271 0.857216 0.856145 0.871022 0.947141 0.876565 0.809925 0.771531 0.702307
0.000000 0.000000 0.000000 0.000000 0.000000 0.000000 0.000000 0.000000 0.000000 0.000000 0.000000 0.000000 0.000000 0.000000 0.000000 0.000000 0.000000 0.000000 0.000000 0.000000 0.000000 0.000000 0.000000 0.000000 0.000000 0.000000 0.000000 0.000000 0.000000 0.000000 0.000000 0.000000 0.000000 0.000000 0.000000 0.000000 0.000000 0.000000 0.000000 0.000000 0.000000 0.000000 0.000000 0.000000 0.000000 0.000000 0.000000 0.405704 0.443276 0.498934 0.570908 0.644822 0.694734 0.748800 0.745992 0.758301 0.778419 0.774593 0.790051 0.786682 0.774134 0.761458 0.748026 0.735308 0.722571 0.712339 0.710784 0.682830 0.759954 0.764308 0.747995 0.734229 0.723434 0.711450 0.666861 0.677203 0.673841 0.662632 0.655871 0.648075 0.642585 0.634998 0.675247 0.664753 0.650679 0.632578 0.612847 0.587445 0.564549 0.542881 0.530436 0.531210 0.532814 0.534074 0.475403 0.547949 0.555165 0.511525 0.513636 0.517885 0.521187 0.518264 0.511310 0.495985 0.468975 0.432058 0.420057 0.397119 0.000000 0.000000 0.000000 0.000000 0.000000 0.000000 0.000000 0.000000 0.000000 0.000000 0.000000 0.000000 0.000000 0.000000 0.000000 0.000000 0.000000 0.000000 0.000000 0.000000 0.000000 0.000000 0.000000 0.000000 0.000000 0.000000 0.000000 0.000000 0.000000 0.000000 0.000000 0.000000 0.000000 0.000000 0.000000 0.000000 0.000000 0.000000 0.000000 0.000000 0.000000 0.000000 0.000000 0.000000 0.000000 0.000000 0.000000 0.000000 0.000000 0.000000 0.000000 0.000000 0.000000 0.000000 0.000000 0.000000 0.000000 0.000000 0.000000 0.000000 0.000000 0.000000 0.000000 0.000000 0.000000 0.000000 0.000000 0.000000 0.000000 0.000000 0.000000 0.435061 0.564737 0.651975 0.697454 0.713215 0.694894 0.649012 0.586147 0.514726 0.441669 0.000000 0.000000 0.000000 0.000000 0.000000 0.494554 0.578354 0.677182 0.702443 0.723306 0.751880 0.755692 0.740978 0.698616 0.642343 0.579028 0.518245 0.461040 0.000000 0.000000 0.000000 0.000000 0.000000 0.000000 0.000000 0.000000 0.000000 0.000000 0.000000 0.000000 0.000000 0.000000 0.000000 0.000000 0.000000 0.000000 0.000000 0.000000 0.000000 0.600782 0.853658 1.122637 1.385573 1.546771 1.637972 1.690105 1.714487 1.685380 1.700287 1.692818 1.659637 1.603965 1.542204 1.407304 1.247158 1.069093 0.896879 0.755590 0.619278 0.507347 0.000000 0.000000 0.000000 0.000000 0.000000 0.000000 0.000000 0.000000 0.000000 0.000000 0.000000 0.000000 0.000000 0.000000 0.000000 0.000000 0.000000 0.450168 0.551714 0.628958 0.685150 0.719221 0.742381 0.756506 0.760403 0.751738 0.737694 0.663567 0.675885 0.664801 0.626313
0.000000 0.000000 0.000000 0.000000 0.000000 0.000000 0.000000 0.000000 0.000000 0.000000 0.000000 0.000000 0.000000 0.000000 0.000000 0.000000 0.000000 0.000000 0.000000 0.000000 0.000000 0.000000 0.000000 0.000000 0.000000 0.000000 0.000000 0.000000 0.000000 0.000000 0.000000 0.000000 0.000000 0.000000 0.000000 0.000000 0.000000 0.000000 0.393679 0.458378 0.518595 0.572299 0.597191 0.596572 0.589728 0.596465 0.618465 0.651850 0.683074 0.720020 0.772260 0.795676 0.790188 0.806610 0.810562 0.810588 0.801532 0.790918 0.778633 0.756830 0.735559 0.720527 0.713618 0.718133 0.728068 0.694304 0.702797 0.696148 0.738324 0.727271 0.672248 0.671395 0.672931 0.677359 0.674270 0.662056 0.644634 0.635701 0.627658 0.620264 0.613446 0.607283 0.636614 0.617996 0.594381 0.567589 0.543615 0.917900 0.499805 0.560365 0.345545 0.343724 0.339834 0.388297 0.407531 0.421165 0.431634 0.439433 0.447373 0.453783 0.459184 0.458864 0.452861 0.437006 0.414195 0.387731 0.000000 0.000000 0.000000 0.000000 0.000000 0.000000 0.000000 0.000000 0.000000 0.000000 0.000000 0.000000 0.000000 0.000000 0.000000 0.000000 0.000000 0.000000 0.000000 0.000000 0.000000 0.000000 0.000000 0.000000 0.000000 0.000000 0.000000 0.000000 0.000000 0.000000 0.000000 0.000000 0.000000 0.000000 0.000000 0.000000 0.000000 0.000000 0.000000 0.000000 0.000000 0.000000 0.000000 0.000000 0.000000 0.000000 0.000000 0.000000 0.000000 0.000000 0.000000 0.000000 0.000000 0.000000 0.000000 0.000000 0.000000 0.000000 0.000000 0.000000 0.000000 0.000000 0.000000 0.000000 0.000000 0.000000 0.000000 0.000000 0.000000 0.000000 0.000000 0.000000 0.000000 0.000000 0.000000 0.000000 0.493299 0.564135 0.597934 0.593524 0.560725 0.513063 0.467258 0.439380 0.000000 0.000000 0.000000 0.000000 0.000000 0.000000 0.442645 0.502243 0.566497 0.613461 0.636940 0.643469 0.625865 0.592787 0.554181 0.515851 0.477793 0.430337 0.000000 0.000000 0.000000 0.000000 0.000000 0.000000 0.000000 0.000000 0.000000 0.000000 0.000000 0.000000 0.000000 0.000000 0.000000 0.000000 0.000000 0.000000 0.000000 0.000000 0.000000 0.440870 0.570570 0.835994 1.088516 1.285379 1.423256 1.512299 1.550714 1.581757 1.599657 1.593277 1.561315 1.524696 1.456608 1.357606 1.216740 1.035455 0.890703 0.737007 0.596003 0.476327 0.000000 0.000000 0.000000 0.000000 0.000000 0.000000 0.000000 0.000000 0.000000 0.000000 0.000000 0.000000 0.000000 0.000000 0.000000 0.000000 0.000000 0.000000 0.452414 0.531237 0.588610 0.625403 0.652382 0.667722 0.666911 0.633342 0.583148 0.564410 0.551670 0.524112
0.000000 0.000000 0.000000 0.000000 0.000000 0.000000 0.000000 0.000000 0.000000 0.000000 0.000000 0.000000 0.000000 0.000000 0.000000 0.000000 0.000000 0.000000 0.000000 0.000000 0.000000 0.000000 0.000000 0.000000 0.000000 0.000000 0.000000 0.000000 0.000000 0.000000 0.000000 0.000000 0.000000 0.000000 0.000000 0.000000 0.000000 0.447957 0.518173 0.562985 0.581147 0.596532 0.614661 0.629131 0.659195 0.698727 0.752340 0.795382 0.830593 0.850271 0.857307 0.861708 0.867290 0.869963 0.869230 0.861119 0.844507 0.820288 0.789693 0.765737 0.737015 0.719949 0.712752 0.677639 0.685888 0.686924 0.731898 0.718559 0.699779 0.673894 0.649058 0.620310 0.600774 0.578494 0.538451 0.555731 0.612800 0.621937 0.621071 0.612545 0.597348 0.581186 0.533707 0.531749 0.544582 0.552497 0.560914 0.615219 0.629447 0.628320 0.615598 0.598969 0.579549 0.531146 0.512973 0.492003 0.465968 0.444926 0.419783 0.399491 0.380292 0.365201 0.000000 0.000000 0.000000 0.000000 0.000000 0.000000 0.000000 0.000000 0.000000 0.000000 0.000000 0.000000 0.000000 0.000000 0.000000 0.000000 0.000000 0.000000 0.000000 0.000000 0.000000 0.000000 0.000000 0.000000 0.000000 0.408790 0.431027 0.432495 0.420102 0.396854 0.000000 0.000000 0.000000 0.000000 0.000000 0.000000 0.000000 0.000000 0.000000 0.000000 0.000000 0.000000 0.000000 0.000000 0.000000 0.000000 0.000000 0.000000 0.000000 0.000000 0.000000 0.000000 0.000000 0.000000 0.000000 0.000000 0.000000 0.000000 0.000000 0.000000 0.000000 0.000000 0.000000 0.000000 0.000000 0.000000 0.000000 0.000000 0.000000 0.000000 0.000000 0.000000 0.000000 0.000000 0.000000 0.000000 0.000000 0.000000 0.000000 0.000000 0.000000 0.000000 0.000000 0.471306 0.482731 0.474387 0.476212 0.467352 0.441250 0.000000 0.000000 0.000000 0.000000 0.000000 0.000000 0.000000 0.000000 0.457539 0.499306 0.518080 0.521837 0.513324 0.496188 0.473132 0.449511 0.000000 0.000000 0.000000 0.000000 0.000000 0.000000 0.000000 0.000000 0.000000 0.000000 0.000000 0.000000 0.000000 0.000000 0.000000 0.000000 0.000000 0.000000 0.000000 0.000000 0.000000 0.000000 0.000000 0.000000 0.428518 0.493316 0.709520 0.916504 1.050429 1.146388 1.226245 1.271996 1.299140 1.315072 1.329737 1.334897 1.314017 1.256670 1.149203 1.023438 0.869567 0.732717 0.586980 0.456669 0.000000 0.000000 0.000000 0.000000 0.000000 0.000000 0.000000 0.000000 0.000000 0.000000 0.000000 0.000000 0.000000 0.000000 0.000000 0.000000 0.000000 0.000000 0.000000 0.435284 0.499201 0.544038 0.570114 0.582046 0.562956 0.518202 0.511998 0.503878 0.481757
0.000000 0.000000 0.000000 0.000000 0.000000 0.000000 0.000000 0.000000 0.000000 0.000000 0.000000 0.000000 0.000000 0.000000 0.000000 0.000000 0.000000 0.000000 0.000000 0.000000 0.000000 0.000000 0.000000 0.000000 0.000000 0.000000 0.000000 0.000000 0.000000 0.000000 0.000000 0.000000 0.000000 0.000000 0.000000 0.000000 0.000000 0.424755 0.480484 0.513299 0.552089 0.581654 0.612098 0.632349 0.656456 0.687976 0.764361 0.812802 0.857110 0.877775 0.820162 0.829921 0.837318 0.841567 0.840044 0.835327 0.826914 0.812737 0.794260 0.802180 0.790386 0.761948 0.742870 0.731378 0.722098 0.707751 0.685686 0.662422 0.633272 0.645127 0.613386 0.582237 0.556332 0.478059 0.536215 0.581165 0.611500 0.707607 0.656671 0.682081 0.690867 0.702751 0.710031 0.711930 0.713296 0.724196 0.745543 0.765615 0.773147 0.769822 0.759435 0.765755 0.728652 0.708910 0.676605 0.643789 0.615200 0.584920 0.560957 0.537887 0.513964 0.493196 0.464670 0.433137 0.398821 0.365014 0.000000 0.000000 0.000000 0.000000 0.000000 0.000000 0.000000 0.000000 0.000000 0.000000 0.000000 0.000000 0.000000 0.000000 0.000000 0.000000 0.000000 0.000000 0.000000 0.000000 0.464751 0.516747 0.540801 0.540272 0.521348 0.494118 0.447006 0.381723 0.000000 0.000000 0.000000 0.000000 0.000000 0.000000 0.000000 0.000000 0.000000 0.000000 0.000000 0.000000 0.000000 0.000000 0.000000 0.000000 0.000000 0.000000 0.000000 0.000000 0.000000 0.000000 0.000000 0.000000 0.000000 0.000000 0.000000 0.000000 0.000000 0.000000 0.000000 0.000000 0.000000 0.000000 0.000000 0.000000 0.000000 0.000000 0.000000 0.000000 0.000000 0.000000 0.000000 0.000000 0.000000 0.000000 0.000000 0.000000 0.000000 0.000000 0.000000 0.000000 0.000000 0.000000 0.000000 0.000000 0.000000 0.000000 0.000000 0.000000 0.000000 0.000000 0.430704 0.442826 0.440129 0.423549 0.000000 0.000000 0.000000 0.000000 0.000000 0.000000 0.000000 0.000000 0.000000 0.000000 0.000000 0.000000 0.000000 0.000000 0.000000 0.000000 0.000000 0.000000 0.000000 0.000000 0.000000 0.000000 0.000000 0.000000 0.000000 0.000000 0.000000 0.000000 0.000000 0.000000 0.000000 0.000000 0.000000 0.000000 0.000000 0.443848 0.557811 0.659148 0.735877 0.826905 0.930617 1.021262 1.101839 1.148374 1.163613 1.144823 1.085606 0.976296 0.871155 0.746753 0.617280 0.493483 0.000000 0.000000 0.000000 0.000000 0.000000 0.000000 0.000000 0.000000 0.000000 0.000000 0.000000 0.000000 0.000000 0.000000 0.000000 0.000000 0.000000 0.000000 0.000000 0.000000 0.000000 0.460612 0.493534 0.495651 0.461544 0.461077 0.452246 0.000000
0.000000 0.000000 0.000000 0.000000 0.000000 0.000000 0.000000 0.000000 0.000000 0.000000 0.000000 0.000000 0.000000 0.000000 0.000000 0.000000 0.000000 0.000000 0.000000 0.000000 0.000000 0.000000 0.000000 0.000000 0.000000 0.000000 0.000000 0.000000 0.000000 0.000000 0.000000 0.000000 0.000000 0.000000 0.000000 0.000000 0.000000 0.000000 0.000000 0.402603 0.460729 0.497002 0.530050 0.567539 0.605571 0.628964 0.697897 0.740983 0.789975 0.825843 0.850125 0.811091 0.842985 0.864641 0.873571 0.875490 0.873017 0.867107 0.856955 0.842846 0.823844 0.803824 0.783940 0.758715 0.734101 0.705883 0.680384 0.652421 0.624396 0.597735 0.570701 0.527263 0.555621 0.537298 0.520209 0.503869 0.563829 0.636202 0.700151 0.782686 0.797977 0.807327 0.823457 0.827356 0.822395 0.816992 0.833631 0.848558 0.851166 0.864337 0.875164 0.882991 0.869865 0.833777 0.801539 0.758291 0.720096 0.689304 0.663132 0.629934 0.601900 0.566334 0.530422 0.491111 0.447867 0.406778 0.368396 0.000000 0.000000 0.000000 0.000000 0.000000 0.000000 0.000000 0.000000 0.000000 0.000000 0.000000 0.000000 0.000000 0.000000 0.000000 0.000000 0.000000 0.000000 0.000000 0.000000 0.430089 0.475676 0.497855 0.498076 0.484595 0.459777 0.419462 0.367919 0.000000 0.000000 0.000000 0.000000 0.000000 0.000000 0.000000 0.000000 0.000000 0.000000 0.000000 0.000000 0.000000 0.000000 0.000000 0.000000 0.000000 0.000000 0.000000 0.000000 0.000000 0.000000 0.000000 0.000000 0.000000 0.000000 0.000000 0.000000 0.000000 0.000000 0.000000 0.000000 0.000000 0.000000 0.000000 0.000000 0.000000 0.000000 0.000000 0.000000 0.000000 0.000000 0.000000 0.000000 0.000000 0.000000 0.000000 0.000000 0.000000 0.000000 0.000000 0.000000 0.000000 0.000000 0.000000 0.000000 0.000000 0.000000 0.000000 0.000000 0.000000 0.422796 0.000000 0.000000 0.000000 0.000000 0.000000 0.000000 0.000000 0.000000 0.000000 0.000000 0.000000 0.000000 0.000000 0.000000 0.000000 0.000000 0.000000 0.000000 0.000000 0.000000 0.000000 0.000000 0.000000 0.000000 0.000000 0.000000 0.000000 0.000000 0.000000 0.000000 0.000000 0.000000 0.000000 0.000000 0.000000 0.000000 0.000000 0.000000 0.000000 0.429767 0.494783 0.535813 0.551991 0.546665 0.651315 0.789338 0.899149 0.974860 1.017950 1.021066 0.990603 0.924937 0.837928 0.735544 0.626189 0.518718 0.000000 0.000000 0.000000 0.000000 0.000000 0.000000 0.000000 0.000000 0.000000 0.000000 0.000000 0.000000 0.000000 0.000000 0.000000 0.000000 0.000000 0.000000 0.000000 0.000000 0.000000 0.000000 0.416660 0.000000 0.000000 0.000000 0.000000
0.000000 0.000000 0.000000 0.000000 0.000000 0.000000 0.000000 0.000000 0.000000 0.000000 0.000000 0.000000 0.000000 0.000000 0.000000 0.000000 0.000000 0.000000 0.000000 0.000000 0.000000 0.000000 0.000000 0.000000 0.000000 0.000000 0.000000 0.000000 0.000000 0.000000 0.000000 0.000000 0.000000 0.000000 0.000000 0.000000 0.000000 0.000000 0.000000 0.000000 0.000000 0.000000 0.000000 0.000000 0.000000 0.000000 0.000000 0.470979 0.637770 0.679027 0.711316 0.702088 0.747439 0.782744 0.808730 0.832017 0.843369 0.841715 0.833264 0.814575 0.791549 0.764137 0.587741 0.567090 0.550734 0.533644 0.652243 0.629493 0.607022 0.583918 0.561308 0.542754 0.542931 0.526351 0.509146 0.503504 0.505615 0.497252 0.478395 0.494569 0.444671 0.529893 0.549558 0.529949 0.545150 0.550418 0.540074 0.594732 0.641831 0.680304 0.716810 0.758270 0.775313 0.780763 0.774461 0.764135 0.746111 0.718093 0.688019 0.653386 0.616059 0.573278 0.537236 0.496144 0.453737 0.414044 0.378180 0.000000 0.000000 0.000000 0.000000 0.000000 0.000000 0.000000 0.000000 0.000000 0.000000 0.000000 0.000000 0.000000 0.000000 0.000000 0.000000 0.000000 0.000000 0.000000 0.000000 0.000000 0.000000 0.397558 0.417832 0.422524 0.417852 0.400682 0.000000 0.000000 0.000000 0.000000 0.000000 0.000000 0.000000 0.000000 0.000000 0.000000 0.000000 0.000000 0.000000 0.000000 0.000000 0.000000 0.000000 0.000000 0.000000 0.000000 0.000000 0.000000 0.000000 0.000000 0.000000 0.000000 0.000000 0.000000 0.000000 0.000000 0.000000 0.000000 0.000000 0.000000 0.000000 0.000000 0.000000 0.000000 0.000000 0.000000 0.000000 0.000000 0.000000 0.000000 0.000000 0.000000 0.000000 0.000000 0.000000 0.000000 0.000000 0.000000 0.000000 0.000000 0.000000 0.000000 0.000000 0.000000 0.000000 0.000000 0.000000 0.000000 0.000000 0.000000 0.000000 0.000000 0.000000 0.000000 0.000000 0.000000 0.000000 0.000000 0.000000 0.000000 0.000000 0.000000 0.000000 0.000000 0.000000 0.000000 0.000000 0.000000 0.000000 0.000000 0.000000 0.000000 0.000000 0.000000 0.000000 0.000000 0.000000 0.000000 0.000000 0.000000 0.000000 0.000000 0.000000 0.421086 0.000000 0.467955 0.562004 0.640732 0.709014 0.759520 0.783716 0.795436 0.796128 0.791860 0.784337 0.775504 0.761633 0.802602 0.856069 0.881060 0.870606 0.834918 0.769720 0.693905 0.606789 0.514104 0.000000 0.000000 0.000000 0.000000 0.000000 0.000000 0.000000 0.000000 0.000000 0.000000 0.000000 0.000000 0.000000 0.000000 0.000000 0.000000 0.000000 0.000000 0.000000 0.000000 0.000000 0.000000 0.000000 0.000000 0.000000 0.000000
0.000000 0.000000 0.000000 0.000000 0.000000 0.000000 0.000000 0.000000 0.000000 0.000000 0.000000 0.000000 0.000000 0.000000 0.000000 0.000000 0.000000 0.000000 0.000000 0.000000 0.000000 0.000000 0.000000 0.000000 0.000000 0.000000 0.000000 0.000000 0.000000 0.000000 0.000000 0.000000 0.000000 0.000000 0.000000 0.000000 0.000000 0.000000 0.423228 0.000000 0.000000 0.000000 0.000000 0.000000 0.000000 0.000000 0.000000 0.000000 0.000000 0.000000 0.434907 0.500267 0.589689 0.652247 0.704714 0.748949 0.770490 0.776743 0.615067 0.605124 0.595517 0.588529 0.582851 0.574849 0.562673 0.542488 0.522729 0.499936 0.594881 0.607793 0.579888 0.506104 0.486690 0.465752 0.450932 0.440921 0.431631 0.414670 0.386567 0.444414 0.445870 0.485528 0.505153 0.515424 0.565084 0.606357 0.618095 0.619738 0.626525 0.649182 0.682801 0.708661 0.731600 0.740410 0.735681 0.719462 0.696616 0.675414 0.643249 0.615178 0.583110 0.557212 0.527402 0.499586 0.466204 0.436751 0.407962 0.378996 0.000000 0.000000 0.000000 0.000000 0.000000 0.000000 0.000000 0.000000 0.000000 0.000000 0.000000 0.000000 0.000000 0.000000 0.000000 0.000000 0.000000 0.000000 0.000000 0.000000 0.000000 0.000000 0.000000 0.000000 0.000000 0.000000 0.000000 0.000000 0.000000 0.000000 0.000000 0.000000 0.000000 0.000000 0.000000 0.000000 0.000000 0.000000 0.000000 0.000000 0.000000 0.000000 0.000000 0.000000 0.000000 0.000000 0.000000 0.000000 0.000000 0.000000 0.000000 0.000000 0.000000 0.000000 0.000000 0.000000 0.000000 0.000000 0.000000 0.000000 0.000000 0.000000 0.000000 0.000000 0.000000 0.000000 0.000000 0.000000 0.000000 0.000000 0.000000 0.000000 0.000000 0.000000 0.000000 0.000000 0.000000 0.000000 0.000000 0.000000 0.000000 0.000000 0.000000 0.000000 0.000000 0.000000 0.000000 0.000000 0.000000 0.000000 0.000000 0.000000 0.000000 0.000000 0.000000 0.000000 0.000000 0.000000 0.000000 0.000000 0.000000 0.000000 0.000000 0.000000 0.000000 0.000000 0.000000 0.000000 0.000000 0.000000 0.000000 0.000000 0.000000 0.000000 0.000000 0.000000 0.000000 0.000000 0.000000 0.000000 0.000000 0.000000 0.000000 0.000000 0.520036 0.631809 0.720464 0.792766 0.846919 0.876841 0.880400 0.874938 0.874357 0.878362 0.882185 0.885039 0.873218 0.843089 0.783400 0.711470 0.735827 0.741841 0.721529 0.680972 0.622130 0.553496 0.473892 0.000000 0.000000 0.000000 0.000000 0.000000 0.000000 0.000000 0.000000 0.000000 0.000000 0.000000 0.000000 0.000000 0.000000 0.000000 0.000000 0.000000 0.000000 0.000000 0.000000 0.000000 0.000000 0.000000 0.000000 0.000000
0.000000 0.000000 0.000000 0.000000 0.000000 0.000000 0.000000 0.000000 0.000000 0.000000 0.000000 0.000000 0.000000 0.000000 0.000000 0.000000 0.000000 0.000000 0.000000 0.000000 0.000000 0.000000 0.000000 0.000000 0.000000 0.000000 0.000000 0.000000 0.000000 0.000000 0.000000 0.000000 0.000000 0.000000 0.000000 0.000000 0.000000 0.000000 0.000000 0.000000 0.000000 0.000000 0.000000 0.000000 0.000000 0.000000 0.000000 0.000000 0.000000 0.000000 0.000000 0.000000 0.450325 0.508706 0.600205 0.524284 0.558691 0.576810 0.587074 0.591704 0.594593 0.597595 0.601078 0.602460 0.594867 0.577519 0.706123 0.678312 0.649178 0.619183 0.587277 0.590602 0.518980 0.504226 0.486936 0.469153 0.455844 0.499839 0.481635 0.369380 0.000000 0.000000 0.379395 0.391831 0.403678 0.409315 0.501248 0.514398 0.540624 0.565224 0.587741 0.611356 0.626513 0.638220 0.642803 0.696996 0.693082 0.674027 0.647795 0.613880 0.555241 0.536814 0.515274 0.493960 0.466376 0.444152 0.419740 0.397590 0.000000 0.000000 0.000000 0.000000 0.000000 0.000000 0.000000 0.000000 0.000000 0.000000 0.000000 0.000000 0.000000 0.000000 0.000000 0.000000 0.000000 0.000000 0.000000 0.000000 0.000000 0.000000 0.000000 0.000000 0.000000 0.000000 0.000000 0.000000 0.000000 0.000000 0.000000 0.000000 0.000000 0.000000 0.000000 0.000000 0.000000 0.000000 0.000000 0.000000 0.000000 0.000000 0.000000 0.000000 0.000000 0.000000 0.000000 0.000000 0.000000 0.000000 0.000000 0.000000 0.000000 0.000000 0.000000 0.000000 0.000000 0.000000 0.000000 0.000000 0.000000 0.000000 0.000000 0.000000 0.000000 0.000000 0.000000 0.000000 0.000000 0.000000 0.000000 0.000000 0.000000 0.000000 0.000000 0.000000 0.000000 0.000000 0.000000 0.000000 0.000000 0.000000 0.000000 0.000000 0.000000 0.000000 0.000000 0.000000 0.000000 0.000000 0.000000 0.000000 0.000000 0.000000 0.000000 0.000000 0.000000 0.460308 0.517439 0.554083 0.584023 0.634692 0.650525 0.614026 0.545851 0.486924 0.462080 0.460931 0.464889 0.467147 0.476696 0.465532 0.443915 0.000000 0.000000 0.000000 0.000000 0.000000 0.000000 0.000000 0.000000 0.000000 0.000000 0.471326 0.607795 0.700924 0.772318 0.831365 0.852377 0.838384 0.786299 0.745583 0.742298 0.763841 0.787313 0.806145 0.804497 0.791607 0.768832 0.738755 0.697999 0.659362 0.611859 0.597741 0.571318 0.531460 0.476891 0.000000 0.000000 0.000000 0.000000 0.000000 0.000000 0.000000 0.000000 0.000000 0.000000 0.000000 0.000000 0.000000 0.000000 0.000000 0.000000 0.000000 0.000000 0.000000 0.000000 0.000000 0.000000 0.000000 0.000000 0.000000
0.000000 0.000000 0.000000 0.000000 0.000000 0.000000 0.000000 0.000000 0.000000 0.000000 0.000000 0.000000 0.000000 0.000000 0.000000 0.000000 0.000000 0.000000 0.000000 0.000000 0.000000 0.000000 0.000000 0.000000 0.000000 0.000000 0.000000 0.000000 0.000000 0.000000 0.000000 0.000000 0.000000 0.000000 0.000000 0.000000 0.000000 0.000000 0.000000 0.000000 0.000000 0.000000 0.474578 0.000000 0.000000 0.000000 0.000000 0.000000 0.000000 0.004000 0.004000 0.635258 0.724066 0.659191 0.481933 0.498212 0.557225 0.559157 0.578488 0.594918 0.607319 0.615464 0.616335 0.615009 0.611124 0.616117 0.617242 0.756250 0.736926 0.709921 0.685158 0.710955 0.684723 0.655531 0.598939 0.567249 0.576481 0.550196 0.525066 0.556600 0.597037 0.636837 0.620416 0.681402 0.698884 0.663873 0.679430 0.699635 0.712353 0.718563 0.722844 0.723109 0.718806 0.711194 0.698183 0.687989 0.727376 0.705845 0.678268 0.650659 0.621136 0.594657 0.568709 0.543208 0.456225 0.436098 0.417870 0.400730 0.381325 0.000000 0.000000 0.000000 0.000000 0.000000 0.000000 0.000000 0.000000 0.000000 0.000000 0.000000 0.000000 0.000000 0.000000 0.000000 0.000000 0.000000 0.000000 0.000000 0.000000 0.000000 0.000000 0.000000 0.000000 0.000000 0.000000 0.000000 0.000000 0.000000 0.000000 0.000000 0.000000 0.000000 0.000000 0.000000 0.000000 0.000000 0.000000 0.000000 0.000000 0.000000 0.000000 0.000000 0.000000 0.000000 0.000000 0.000000 0.000000 0.000000 0.000000 0.000000 0.000000 0.000000 0.000000 0.000000 0.000000 0.000000 0.000000 0.000000 0.000000 0.000000 0.000000 0.000000 0.000000 0.000000 0.000000 0.000000 0.000000 0.000000 0.000000 0.000000 0.000000 0.000000 0.000000 0.000000 0.000000 0.000000 0.000000 0.000000 0.000000 0.000000 0.000000 0.000000 0.000000 0.000000 0.000000 0.454951 0.549530 0.615628 0.642560 0.636369 0.617727 0.597849 0.591244 0.606543 0.637918 0.685438 0.746071 0.810183 0.849513 0.889413 0.914392 0.865071 0.761644 0.659251 0.599509 0.572468 0.585343 0.612885 0.616379 0.598401 0.572986 0.543148 0.490138 0.445191 0.000000 0.000000 0.000000 0.000000 0.000000 0.000000 0.000000 0.000000 0.455027 0.519543 0.559863 0.575936 0.559562 0.543958 0.569268 0.588723 0.615450 0.676825 0.721350 0.753812 0.762322 0.757880 0.741485 0.714610 0.687159 0.655906 0.618526 0.577189 0.537344 0.492137 0.443666 0.000000 0.000000 0.000000 0.000000 0.000000 0.000000 0.000000 0.000000 0.000000 0.000000 0.000000 0.000000 0.000000 0.000000 0.000000 0.000000 0.000000 0.000000 0.000000 0.000000 0.000000 0.000000 0.000000 0.000000 0.000000
0.000000 0.000000 0.000000 0.000000 0.000000 0.000000 0.000000 0.000000 0.000000 0.000000 0.000000 0.000000 0.000000 0.000000 0.000000 0.000000 0.000000 0.000000 0.000000 0.000000 0.000000 0.000000 0.000000 0.000000 0.000000 0.000000 0.000000 0.000000 0.000000 0.000000 0.000000 0.000000 0.000000 0.000000 0.000000 0.000000 0.000000 0.000000 0.000000 0.000000 0.000000 0.000000 0.000000 0.000000 0.000000 0.000000 0.000000 0.000000 0.429183 0.000000 0.000000 0.000000 0.548979 0.738957 0.726540 0.696686 0.635503 0.656214 0.653571 0.702894 0.753669 0.789550 0.806051 0.816138 0.817839 0.825126 0.829774 0.833145 0.698052 0.690465 0.675991 0.786447 0.764961 0.742189 0.784723 0.769489 0.762265 0.717565 0.757154 0.787042 0.813684 0.846132 0.993356 0.869503 0.878495 0.884127 0.886511 0.887322 0.889045 0.884151 0.874614 0.863821 0.850977 0.835900 0.820636 0.799179 0.768541 0.733615 0.695959 0.662177 0.674316 0.646851 0.623704 0.600450 0.572019 0.540527 0.508655 0.393863 0.381779 0.000000 0.000000 0.000000 0.000000 0.000000 0.000000 0.000000 0.000000 0.000000 0.000000 0.000000 0.000000 0.000000 0.000000 0.000000 0.000000 0.000000 0.000000 0.000000 0.000000 0.000000 0.000000 0.000000 0.000000 0.000000 0.000000 0.000000 0.000000 0.000000 0.000000 0.000000 0.000000 0.000000 0.000000 0.000000 0.000000 0.000000 0.000000 0.000000 0.000000 0.000000 0.000000 0.000000 0.000000 0.000000 0.000000 0.000000 0.000000 0.000000 0.000000 0.000000 0.000000 0.000000 0.000000 0.000000 0.000000 0.000000 0.000000 0.000000 0.000000 0.000000 0.000000 0.000000 0.000000 0.000000 0.000000 0.000000 0.000000 0.000000 0.000000 0.000000 0.000000 0.000000 0.000000 0.000000 0.000000 0.000000 0.000000 0.000000 0.000000 0.000000 0.000000 0.000000 0.000000 0.447702 0.581163 0.703484 0.800736 0.853758 0.857148 0.825350 0.766943 0.715062 0.679566 0.669084 0.682394 0.716558 0.780580 0.864645 0.934344 1.000160 1.037750 1.000603 0.904746 0.799545 0.717964 0.664766 0.651565 0.667408 0.664660 0.648707 0.628804 0.612500 0.591960 0.562988 0.535948 0.508403 0.469813 0.000000 0.000000 0.000000 0.000000 0.000000 0.000000 0.000000 0.000000 0.419506 0.461834 0.498344 0.522946 0.535271 0.535347 0.526675 0.551841 0.597897 0.677257 0.709920 0.715630 0.696604 0.655231 0.580870 0.549674 0.514638 0.481969 0.447251 0.000000 0.000000 0.000000 0.000000 0.000000 0.000000 0.000000 0.000000 0.000000 0.000000 0.000000 0.000000 0.000000 0.000000 0.000000 0.000000 0.000000 0.000000 0.000000 0.000000 0.000000 0.000000 0.000000 0.000000 0.000000 0.000000
0.000000 0.000000 0.000000 0.000000 0.000000 0.000000 0.000000 0.000000 0.000000 0.000000 0.000000 0.000000 0.000000 0.000000 0.000000 0.000000 0.000000 0.000000 0.000000 0.000000 0.000000 0.000000 0.000000 0.000000 0.000000 0.000000 0.000000 0.000000 0.000000 0.000000 0.000000 0.000000 0.000000 0.000000 0.000000 0.000000 0.000000 0.344806 0.357468 0.363475 0.363950 0.356884 0.343665 0.000000 0.000000 0.000000 0.000000 0.344830 0.000000 0.000000 0.000000 0.000000 0.000000 0.522234 0.634510 0.690422 0.714023 0.719417 0.698782 0.636757 0.640198 0.679093 0.725183 0.759028 0.776155 0.844420 0.798133 0.828143 0.860231 0.884979 0.890208 0.998236 0.890921 0.986438 1.573050 1.179810 1.361948 1.113667 1.036875 1.052966 1.062133 1.074228 1.086349 1.158864 1.091984 1.092822 1.085819 1.070613 1.060636 1.052394 1.044682 1.033704 1.022359 1.009275 0.988731 0.964166 0.937856 0.896508 0.852594 0.809354 0.764802 0.728204 0.743619 0.705004 0.658568 0.613707 0.542997 0.504441 0.467018 0.442323 0.421965 0.402739 0.000000 0.000000 0.000000 0.000000 0.000000 0.000000 0.000000 0.000000 0.000000 0.000000 0.000000 0.000000 0.000000 0.000000 0.000000 0.000000 0.000000 0.000000 0.000000 0.000000 0.000000 0.000000 0.000000 0.000000 0.000000 0.000000 0.000000 0.000000 0.000000 0.000000 0.000000 0.000000 0.000000 0.000000 0.000000 0.000000 0.000000 0.000000 0.000000 0.000000 0.000000 0.000000 0.000000 0.000000 0.000000 0.000000 0.000000 0.000000 0.000000 0.000000 0.000000 0.000000 0.000000 0.000000 0.000000 0.000000 0.000000 0.000000 0.000000 0.000000 0.000000 0.000000 0.000000 0.000000 0.000000 0.000000 0.000000 0.000000 0.000000 0.000000 0.000000 0.000000 0.000000 0.000000 0.000000 0.000000 0.000000 0.000000 0.000000 0.000000 0.000000 0.498486 0.616824 0.737627 0.832442 0.889485 0.892921 0.853669 0.806401 0.746771 0.688456 0.637200 0.598083 0.556849 0.512228 0.523877 0.572766 0.684552 0.794740 0.862728 0.888518 0.850960 0.801570 0.742877 0.686627 0.642230 0.627919 0.625427 0.612679 0.588129 0.559658 0.535446 0.513762 0.501669 0.495563 0.482906 0.454008 0.000000 0.417894 0.000000 0.000000 0.424506 0.000000 0.000000 0.000000 0.000000 0.612422 0.437018 0.441840 0.438622 0.631326 0.691306 0.754015 0.788913 0.789904 0.758012 0.699642 0.637347 0.587391 0.472685 0.444078 0.000000 0.000000 0.000000 0.000000 0.000000 0.000000 0.000000 0.000000 0.000000 0.000000 0.000000 0.000000 0.000000 0.000000 0.000000 0.000000 0.000000 0.000000 0.000000 0.000000 0.000000 0.000000 0.000000 0.000000 0.000000 0.000000 0.000000
0.000000 0.000000 0.000000 0.000000 0.000000 0.000000 0.000000 0.000000 0.000000 0.000000 0.000000 0.000000 0.000000 0.000000 0.000000 0.000000 0.000000 0.000000 0.000000 0.000000 0.000000 0.000000 0.000000 0.000000 0.000000 0.000000 0.000000 0.000000 0.000000 0.000000 0.000000 0.444965 0.467144 0.462847 0.447096 0.432084 0.433528 0.445383 0.455021 0.460878 0.462909 0.458213 0.446065 0.429760 0.414833 0.391739 0.367124 0.000000 0.000000 0.000000 0.000000 0.000000 0.000000 0.000000 0.000000 0.390769 0.528889 0.628514 0.625680 0.636766 0.633278 0.650972 0.633711 0.656279 0.682969 0.703611 0.715454 0.723250 0.782278 0.842600 0.901742 0.925989 1.036980 1.065560 1.307385 1.100929 1.227841 1.247707 1.146428 1.789556 1.874616 1.860475 1.920028 1.414504 1.213819 1.227804 1.242996 1.266220 1.280662 1.290092 1.275088 1.243479 1.205340 1.176171 1.159965 1.136132 1.104405 1.076202 1.057110 1.025236 0.989363 0.958966 0.924907 0.889233 0.846088 0.799404 0.817877 0.767184 0.724851 0.684192 0.640862 0.598895 0.556098 0.516344 0.403937 0.000000 0.000000 0.000000 0.000000 0.000000 0.000000 0.000000 0.000000 0.000000 0.000000 0.000000 0.000000 0.000000 0.000000 0.000000 0.000000 0.000000 0.000000 0.000000 0.000000 0.000000 0.000000 0.000000 0.000000 0.000000 0.000000 0.000000 0.000000 0.000000 0.000000 0.000000 0.000000 0.000000 0.000000 0.000000 0.000000 0.000000 0.000000 0.000000 0.000000 0.000000 0.000000 0.000000 0.000000 0.000000 0.000000 0.000000 0.000000 0.000000 0.000000 0.000000 0.000000 0.000000 0.000000 0.000000 0.000000 0.000000 0.000000 0.000000 0.000000 0.000000 0.000000 0.000000 0.000000 0.000000 0.000000 0.000000 0.000000 0.000000 0.000000 0.000000 0.000000 0.000000 0.000000 0.000000 0.000000 0.000000 0.004000 0.478196 0.540480 0.617364 0.669937 0.703749 0.738640 0.860656 0.755757 0.734314 0.693974 0.652017 0.617429 0.585889 0.555671 0.526837 0.500934 0.472153 0.503939 0.678086 0.759462 0.778881 0.767520 0.740716 0.701373 0.668783 0.628978 0.601322 0.571485 0.545179 0.513685 0.484092 0.456175 0.442253 0.443722 0.446199 0.439485 0.000000 0.000000 0.502173 0.521810 0.529368 0.799267 0.464530 0.000000 0.000000 0.000000 0.000000 0.000000 0.573815 0.732443 0.824949 0.870792 0.879472 0.855919 0.812396 0.741817 0.675861 0.629268 0.604381 0.579115 0.549644 0.504532 0.452527 0.000000 0.000000 0.000000 0.000000 0.000000 0.000000 0.000000 0.000000 0.000000 0.000000 0.000000 0.000000 0.000000 0.000000 0.000000 0.000000 0.000000 0.000000 0.000000 0.000000 0.000000 0.000000 0.000000 0.000000
0.000000 0.000000 0.000000 0.000000 0.000000 0.000000 0.000000 0.000000 0.000000 0.000000 0.000000 0.000000 0.000000 0.000000 0.000000 0.000000 0.000000 0.000000 0.000000 0.000000 0.000000 0.000000 0.000000 0.000000 0.388015 0.420172 0.443349 0.457145 0.463188 0.553673 0.586410 0.595081 0.587193 0.576042 0.566204 0.557615 0.530950 0.549952 0.559833 0.564973 0.566097 0.560633 0.547761 0.529928 0.511810 0.491639 0.466092 0.446778 0.423889 0.407067 0.382217 0.000000 0.000000 0.000000 0.000000 0.000000 0.411931 0.442799 0.458820 0.574833 0.659876 0.677462 0.692267 0.690072 0.676247 0.664131 0.536323 0.572751 0.606824 0.628381 0.645944 0.638458 0.815583 0.881576 0.997726 1.018879 1.059588 1.163970 1.078558 1.103583 1.322520 1.108650 1.141567 1.175562 1.205771 1.237925 1.279798 1.325878 1.368226 1.421643 1.439257 1.436504 1.418716 1.387951 1.355980 1.350868 1.342024 1.319633 1.289969 1.245336 1.199063 1.144213 1.095457 1.048702 0.982808 0.928405 0.868859 0.818393 0.774681 0.799067 0.759279 0.713349 0.667221 0.623260 0.577643 0.474592 0.437063 0.000000 0.000000 0.000000 0.000000 0.000000 0.000000 0.000000 0.000000 0.000000 0.000000 0.000000 0.000000 0.000000 0.000000 0.000000 0.000000 0.000000 0.000000 0.000000 0.000000 0.000000 0.000000 0.000000 0.000000 0.000000 0.000000 0.000000 0.000000 0.000000 0.000000 0.000000 0.000000 0.000000 0.000000 0.000000 0.000000 0.000000 0.000000 0.000000 0.000000 0.000000 0.000000 0.000000 0.000000 0.000000 0.000000 0.000000 0.000000 0.000000 0.000000 0.000000 0.000000 0.000000 0.000000 0.000000 0.000000 0.000000 0.000000 0.000000 0.000000 0.000000 0.000000 0.000000 0.000000 0.000000 0.000000 0.000000 0.000000 0.000000 0.000000 0.000000 0.000000 0.000000 0.000000 0.000000 0.000000 0.000000 0.000000 0.458865 0.511733 0.561505 0.605184 0.642820 0.679147 0.687492 0.692008 0.636925 0.613101 0.695851 0.543257 0.508275 0.474765 0.447469 0.430294 0.000000 0.507506 0.621189 0.672583 0.685092 0.678521 0.657028 0.622583 0.590610 0.560886 0.531011 0.501148 0.467352 0.437290 0.000000 0.000000 0.000000 0.000000 0.000000 0.000000 0.000000 0.488478 0.539095 0.552176 0.536810 0.506335 0.469817 0.435476 0.000000 0.000000 0.546810 0.680958 0.763204 0.802294 0.796262 0.764221 0.725841 0.685001 0.647985 0.618987 0.595833 0.570061 0.536603 0.491761 0.450334 0.000000 0.000000 0.000000 0.000000 0.000000 0.000000 0.000000 0.000000 0.000000 0.000000 0.000000 0.000000 0.000000 0.000000 0.000000 0.000000 0.000000 0.000000 0.000000 0.000000 0.000000 0.000000 0.000000 0.000000
0.000000 0.000000 0.000000 0.000000 0.000000 0.000000 0.000000 0.000000 0.000000 0.000000 0.000000 0.000000 0.000000 0.000000 0.000000 0.000000 0.000000 0.000000 0.509837 0.000000 0.413556 0.467428 0.506999 0.535829 0.567183 0.607247 0.637710 0.664741 0.708381 0.726220 0.737961 0.744175 0.753123 0.760789 0.766075 0.765157 0.759761 0.752465 0.733879 0.710015 0.685525 0.657819 0.636954 0.623345 0.607613 0.585994 0.565919 0.546737 0.521771 0.502433 0.471755 0.440769 0.404900 0.368072 0.000000 0.000000 0.000000 0.000000 0.434591 0.511423 0.566185 0.658710 0.606469 0.665029 0.696279 0.717883 0.732926 0.689505 0.692862 0.691339 0.687108 0.691299 0.565106 0.617430 0.690759 0.757952 0.808088 0.996531 1.017710 1.041672 0.901152 0.902365 0.912084 0.919351 0.939820 0.959913 0.988418 1.229520 1.296851 1.361521 1.405549 1.447962 1.467969 1.479900 1.481095 1.472841 1.452262 1.420692 1.387996 1.330033 1.270384 1.208443 1.139696 1.081346 1.010113 0.942829 0.883143 0.833203 0.790540 0.748823 0.716135 0.674040 0.688929 0.643530 0.605647 0.516166 0.482257 0.446839 0.412602 0.000000 0.000000 0.000000 0.000000 0.000000 0.000000 0.000000 0.000000 0.000000 0.000000 0.000000 0.000000 0.000000 0.000000 0.000000 0.000000 0.000000 0.000000 0.000000 0.000000 0.000000 0.000000 0.000000 0.000000 0.000000 0.000000 0.000000 0.000000 0.000000 0.000000 0.000000 0.000000 0.000000 0.000000 0.000000 0.000000 0.000000 0.000000 0.000000 0.000000 0.000000 0.000000 0.000000 0.000000 0.000000 0.000000 0.000000 0.000000 0.000000 0.000000 0.000000 0.000000 0.000000 0.000000 0.000000 0.000000 0.000000 0.000000 0.000000 0.000000 0.000000 0.000000 0.000000 0.000000 0.000000 0.000000 0.000000 0.000000 0.000000 0.000000 0.000000 0.000000 0.000000 0.000000 0.000000 0.000000 0.000000 0.000000 0.452580 0.498578 0.544739 0.584649 0.605064 0.885719 0.593739 0.585925 0.789797 0.541115 0.514881 0.488991 0.462882 0.445968 0.422271 0.000000 0.000000 0.000000 0.504276 0.566306 0.596689 0.590445 0.569090 0.546550 0.517003 0.487657 0.454338 0.421918 0.000000 0.000000 0.000000 0.000000 0.000000 0.000000 0.000000 0.000000 0.000000 0.000000 0.000000 0.000000 0.000000 0.000000 0.000000 0.000000 0.000000 0.498574 0.565688 0.597370 0.591279 0.597610 0.590923 0.570836 0.547285 0.514968 0.484715 0.460133 0.451555 0.457436 0.466275 0.464392 0.446535 0.000000 0.000000 0.000000 0.000000 0.000000 0.000000 0.000000 0.000000 0.000000 0.000000 0.000000 0.000000 0.000000 0.000000 0.000000 0.000000 0.000000 0.000000 0.000000 0.000000 0.000000 0.000000
0.000000 0.000000 0.000000 0.000000 0.000000 0.000000 0.000000 0.000000 0.000000 0.000000 0.000000 0.000000 0.000000 0.000000 0.059704 0.000000 0.000000 0.495326 0.726691 0.597094 0.661266 0.698374 0.728059 0.751438 0.778818 0.817364 0.775419 0.789719 0.794760 0.797955 0.801544 0.807181 0.817433 0.914586 1.260104 0.934488 0.929651 0.912539 0.809495 0.778284 0.744688 0.712186 0.740002 0.721704 0.706912 0.690249 0.658719 0.633263 0.613277 0.580816 0.549031 0.506695 0.461540 0.417648 0.353135 0.501643 0.593525 0.728633 0.602694 0.548410 0.513002 0.512003 0.579093 0.593227 0.660362 0.732912 0.776498 0.824192 0.947306 0.952569 0.867200 0.862502 0.877213 0.880220 0.880982 0.896109 0.942330 0.986492 1.017140 1.049540 0.892168 0.902798 0.909049 0.651078 0.899296 0.892086 0.893375 0.902780 0.921290 0.954768 1.007301 1.063974 1.096406 1.120290 1.136057 1.140199 1.141748 1.135957 1.117374 1.084067 1.233875 1.185097 1.133322 1.083733 1.027850 0.971069 0.911054 0.854033 0.807604 0.760390 0.720329 0.678993 0.641006 0.604106 0.572301 0.540526 0.506468 0.494733 0.000000 0.000000 0.000000 0.000000 0.000000 0.404162 0.433304 0.461245 0.475526 0.466515 0.443185 0.411668 0.000000 0.000000 0.000000 0.000000 0.000000 0.000000 0.000000 0.000000 0.000000 0.000000 0.000000 0.000000 0.000000 0.000000 0.000000 0.000000 0.000000 0.000000 0.000000 0.000000 0.000000 0.000000 0.000000 0.000000 0.000000 0.000000 0.000000 0.000000 0.000000 0.000000 0.000000 0.000000 0.000000 0.000000 0.000000 0.000000 0.000000 0.000000 0.000000 0.000000 0.000000 0.000000 0.000000 0.000000 0.000000 0.000000 0.000000 0.000000 0.000000 0.000000 0.000000 0.000000 0.000000 0.000000 0.000000 0.000000 0.000000 0.000000 0.000000 0.000000 0.000000 0.000000 0.000000 0.000000 0.000000 0.000000 0.000000 0.000000 0.000000 0.000000 0.000000 0.447720 0.467845 0.485634 0.502097 0.499413 0.491807 0.475022 0.454148 0.431258 0.000000 0.000000 0.000000 0.000000 0.000000 0.000000 0.000000 0.000000 0.492186 0.518388 0.520816 0.506368 0.476620 0.443609 0.000000 0.000000 0.000000 0.000000 0.000000 0.000000 0.000000 0.000000 0.000000 0.000000 0.000000 0.000000 0.000000 0.000000 0.000000 0.000000 0.000000 0.000000 0.000000 0.000000 0.000000 0.460028 0.488746 0.496064 0.483853 0.462932 0.429964 0.000000 0.000000 0.491723 0.580511 0.633049 0.641174 0.612646 0.568165 0.521730 0.467530 0.000000 0.000000 0.000000 0.000000 0.000000 0.000000 0.000000 0.000000 0.000000 0.000000 0.000000 0.000000 0.000000 0.000000 0.000000 0.000000 0.000000 0.000000 0.000000
0.000000 0.000000 0.000000 0.000000 0.000000 0.000000 0.000000 0.000000 0.000000 0.000000 0.000000 0.000000 0.000000 0.000000 0.000000 0.000000 0.448736 0.539966 0.621175 0.694580 0.758560 0.804134 0.842393 0.879719 0.907813 0.936682 0.944597 0.932517 0.912971 0.839178 0.850543 0.865872 0.884742 0.905266 0.924695 1.258565 1.013184 0.903072 0.971565 0.850850 0.819552 0.862946 0.839531 0.822318 0.807861 0.789472 0.764517 0.732334 0.685580 0.650287 0.615871 0.571837 0.524943 0.474249 0.423820 0.587370 0.000000 0.490425 0.493755 0.651040 0.679075 0.585975 1.298775 0.722761 0.700820 0.678723 0.710419 0.677853 0.712206 0.837906 0.915867 0.985383 1.246572 1.246954 1.148953 1.110824 1.136559 1.125191 1.100776 0.896011 0.879395 0.883320 0.885167 0.892809 0.908522 0.925003 0.590616 0.534105 0.471457 0.423708 0.381424 0.380377 0.403001 0.440251 0.475530 0.515653 0.550679 0.949174 0.950564 0.943633 0.931503 0.918231 0.903013 0.882178 0.846004 0.811027 0.768981 0.724424 0.681683 0.644467 0.602961 0.710887 0.668872 0.632176 0.601255 0.597331 0.560245 0.524451 0.440525 0.407077 0.000000 0.474219 0.551581 0.608755 0.643161 0.671516 0.670689 0.640205 0.610974 0.581878 0.560047 0.538359 0.515527 0.496809 0.471413 0.450194 0.423618 0.000000 0.000000 0.000000 0.000000 0.000000 0.000000 0.000000 0.000000 0.000000 0.000000 0.000000 0.000000 0.000000 0.000000 0.000000 0.000000 0.000000 0.000000 0.000000 0.000000 0.000000 0.000000 0.000000 0.000000 0.000000 0.000000 0.000000 0.000000 0.000000 0.000000 0.000000 0.000000 0.000000 0.000000 0.000000 0.000000 0.000000 0.000000 0.000000 0.000000 0.000000 0.000000 0.000000 0.000000 0.000000 0.000000 0.000000 0.000000 0.000000 0.000000 0.000000 0.000000 0.000000 0.000000 0.000000 0.000000 0.000000 0.000000 0.000000 0.000000 0.000000 0.000000 0.000000 0.000000 0.000000 0.000000 0.000000 0.000000 0.000000 0.000000 0.000000 0.000000 0.000000 0.000000 0.000000 0.000000 0.000000 0.000000 0.000000 0.000000 0.000000 0.000000 0.000000 0.447320 0.457207 0.446655 0.422648 0.000000 0.000000 0.000000 0.000000 0.000000 0.000000 0.000000 0.000000 0.000000 0.000000 0.000000 0.000000 0.000000 0.000000 0.000000 0.000000 0.000000 0.000000 0.000000 0.000000 0.000000 0.000000 0.000000 0.000000 0.000000 0.000000 0.000000 0.000000 0.000000 0.000000 0.449963 0.499763 0.504752 0.477777 0.482072 0.487424 0.467345 0.435899 0.000000 0.000000 0.000000 0.000000 0.000000 0.000000 0.000000 0.000000 0.000000 0.000000 0.000000 0.000000 0.460110 0.507890 0.498572 0.000000 0.000000 0.000000
0.000000 0.000000 0.000000 0.000000 0.000000 0.000000 0.000000 0.000000 0.000000 0.000000 0.000000 0.000000 0.000000 0.000000 0.000000 0.000000 0.000000 0.000000 0.000000 0.000000 0.588186 0.617895 0.711458 0.753195 0.787384 0.817426 0.825282 0.823602 0.825372 0.842363 0.884436 0.923790 0.949220 1.167295 0.940654 0.950682 0.939793 0.916532 0.979183 0.971040 0.954658 0.943350 0.930731 0.920948 0.907338 0.886258 0.865063 0.834908 0.803692 0.788373 0.764515 0.732277 0.676718 0.607669 0.500054 0.464975 0.483347 0.484057 0.467934 0.551236 0.597579 0.539066 0.687163 0.854801 0.824977 0.767995 1.006912 0.925466 0.837457 0.882792 1.850243 0.982288 1.664134 1.029582 1.573023 1.088002 1.273462 1.327446 1.369633 1.393783 1.418042 1.324573 1.322849 1.312317 1.117143 1.079462 1.038861 1.011519 0.566113 0.488708 0.470695 0.472704 0.430236 0.382135 0.338785 0.319632 0.321662 0.340035 0.365200 0.397953 0.426572 0.839220 0.830600 0.822479 0.807591 0.788231 0.764839 0.735527 0.705810 0.673340 0.644577 0.608205 0.712463 0.670956 0.633090 0.637806 0.589352 0.542092 0.507306 0.424947 0.501888 0.584570 0.655385 0.698943 0.709907 0.687985 0.628983 0.566418 0.518273 0.492094 0.475232 0.469246 0.465826 0.460795 0.453293 0.440797 0.422491 0.000000 0.000000 0.000000 0.000000 0.000000 0.000000 0.000000 0.000000 0.000000 0.000000 0.000000 0.000000 0.000000 0.000000 0.000000 0.000000 0.000000 0.000000 0.000000 0.000000 0.000000 0.000000 0.000000 0.000000 0.000000 0.000000 0.000000 0.000000 0.000000 0.000000 0.000000 0.000000 0.000000 0.000000 0.000000 0.000000 0.000000 0.000000 0.000000 0.000000 0.000000 0.000000 0.000000 0.000000 0.000000 0.000000 0.000000 0.000000 0.000000 0.000000 0.000000 0.000000 0.000000 0.000000 0.000000 0.000000 0.000000 0.000000 0.000000 0.000000 0.000000 0.000000 0.000000 0.000000 0.000000 0.000000 0.000000 0.000000 0.000000 0.000000 0.000000 0.000000 0.000000 0.000000 0.000000 0.000000 0.000000 0.000000 0.000000 0.000000 0.000000 0.000000 0.000000 0.000000 0.000000 0.000000 0.000000 0.000000 0.000000 0.000000 0.000000 0.000000 0.000000 0.000000 0.000000 0.000000 0.000000 0.000000 0.000000 0.000000 0.000000 0.000000 0.000000 0.000000 0.000000 0.000000 0.000000 0.000000 0.000000 0.000000 0.000000 0.000000 0.000000 0.000000 0.000000 0.000000 0.000000 0.000000 0.000000 0.000000 0.000000 0.000000 0.000000 0.000000 0.000000 0.000000 0.000000 0.000000 0.000000 0.000000 0.000000 0.000000 0.458109 0.522077 0.562099 0.594290 0.634651 0.687010 0.730733 0.694354 0.595452 0.452673 0.000000
0.000000 0.000000 0.000000 0.000000 0.000000 0.000000 0.000000 0.000000 0.000000 0.000000 0.000000 0.000000 0.000000 0.000000 0.000000 0.000000 0.000000 0.000000 0.000000 0.000000 0.585373 0.677874 0.659289 0.625499 0.638452 0.636962 0.631123 0.675970 0.697735 0.744435 0.798729 0.856687 1.283293 0.958392 1.001753 1.023874 1.026730 1.015074 0.928804 0.913895 0.897444 0.966447 0.955677 0.961598 0.958498 0.964585 0.960040 1.001565 0.947629 0.956447 0.943212 0.906394 0.849439 0.787146 0.714720 0.650090 0.614217 0.564069 0.556906 0.541911 0.517010 0.492869 0.463279 0.437071 0.410857 0.481746 0.617431 0.709695 0.751227 0.945754 0.912796 0.866636 0.886169 0.985727 1.075991 1.092797 1.182482 1.264720 1.313112 1.335617 1.239695 1.270245 1.306070 1.349697 1.381447 1.381526 1.353510 1.309428 1.251513 1.208590 1.178861 0.630554 0.505817 0.445333 0.428170 0.428221 0.433771 0.442085 0.442566 0.446635 0.451655 0.816829 0.803355 0.790313 0.772575 0.763970 0.764763 0.754337 0.738472 0.723453 0.705395 0.677494 0.647447 0.621191 0.723360 0.742331 0.689255 0.633347 0.583097 0.535956 0.449300 0.472515 0.466201 0.424253 0.000000 0.000000 0.000000 0.000000 0.000000 0.000000 0.000000 0.000000 0.000000 0.000000 0.000000 0.000000 0.000000 0.000000 0.000000 0.000000 0.000000 0.000000 0.000000 0.000000 0.000000 0.000000 0.000000 0.000000 0.000000 0.000000 0.000000 0.000000 0.000000 0.000000 0.000000 0.000000 0.000000 0.000000 0.000000 0.000000 0.000000 0.000000 0.000000 0.000000 0.000000 0.000000 0.000000 0.000000 0.000000 0.000000 0.000000 0.000000 0.000000 0.000000 0.000000 0.000000 0.000000 0.000000 0.000000 0.000000 0.000000 0.000000 0.000000 0.000000 0.000000 0.000000 0.000000 0.000000 0.000000 0.000000 0.000000 0.000000 0.000000 0.000000 0.000000 0.000000 0.000000 0.000000 0.000000 0.000000 0.000000 0.000000 0.000000 0.000000 0.000000 0.000000 0.000000 0.000000 0.000000 0.000000 0.000000 0.000000 0.000000 0.000000 0.000000 0.000000 0.000000 0.000000 0.000000 0.000000 0.000000 0.000000 0.000000 0.000000 0.000000 0.000000 0.000000 0.000000 0.000000 0.000000 0.000000 0.000000 0.000000 0.000000 0.000000 0.000000 0.000000 0.000000 0.000000 0.000000 0.000000 0.000000 0.000000 0.000000 0.000000 0.000000 0.000000 0.000000 0.000000 0.000000 0.000000 0.000000 0.000000 0.000000 0.000000 0.000000 0.000000 0.000000 0.000000 0.000000 0.000000 0.000000 0.000000 0.000000 0.000000 0.000000 0.000000 0.000000 0.454767 0.576540 0.648400 0.677432 0.691984 0.719489 0.759442 0.800352 0.759275 0.648338 0.501776 0.000000
0.000000 0.000000 0.000000 0.000000 0.000000 0.000000 0.000000 0.000000 0.000000 0.000000 0.000000 0.000000 0.000000 0.000000 0.000000 0.000000 0.000000 0.000000 0.000000 0.491089 0.572015 1.276547 0.732673 0.748412 0.699905 0.697482 0.716943 0.723539 0.740507 0.765510 0.804175 0.846759 0.881413 1.075592 0.966401 0.926747 0.948533 0.966067 0.966936 0.955070 0.931940 0.897792 0.989129 0.869766 1.105164 1.085877 1.126204 1.105087 1.020623 1.027621 1.021466 1.003913 0.963532 0.925427 0.870283 0.810532 0.753040 0.709384 0.667894 0.648528 0.639007 0.627428 0.611941 0.817122 0.546590 0.548445 0.545798 0.603371 0.633080 0.875196 1.035871 1.112742 1.408702 1.185098 1.263210 1.347787 1.356660 1.274437 1.195517 1.182967 1.103672 1.132605 1.153864 1.197362 1.233830 1.253847 1.250426 1.236600 1.228004 1.218190 1.206473 1.192661 1.177469 1.162295 0.943563 0.920849 0.574714 0.527559 0.498392 0.482296 0.475340 0.489483 0.813879 0.811473 0.803890 0.785964 0.761189 0.742408 0.723353 0.728651 0.732525 0.728379 0.716991 0.701313 0.816013 0.841041 0.792212 0.741187 0.704568 0.695728 0.638697 0.531270 0.467927 0.419667 0.396988 0.000000 0.000000 0.000000 0.000000 0.000000 0.000000 0.000000 0.000000 0.000000 0.000000 0.000000 0.000000 0.000000 0.000000 0.000000 0.000000 0.000000 0.000000 0.000000 0.000000 0.000000 0.000000 0.000000 0.000000 0.000000 0.000000 0.000000 0.000000 0.000000 0.000000 0.000000 0.000000 0.000000 0.000000 0.000000 0.000000 0.000000 0.000000 0.000000 0.000000 0.000000 0.000000 0.000000 0.000000 0.000000 0.000000 0.000000 0.000000 0.000000 0.000000 0.000000 0.000000 0.000000 0.000000 0.000000 0.000000 0.000000 0.000000 0.000000 0.000000 0.000000 0.000000 0.000000 0.000000 0.000000 0.000000 0.000000 0.000000 0.000000 0.000000 0.000000 0.000000 0.000000 0.000000 0.000000 0.000000 0.000000 0.000000 0.000000 0.000000 0.000000 0.000000 0.000000 0.000000 0.000000 0.437600 0.450302 0.456077 0.451722 0.438648 0.000000 0.000000 0.428561 0.455863 0.467896 0.468153 0.461696 0.451931 0.437417 0.420604 0.000000 0.000000 0.000000 0.000000 0.000000 0.000000 0.000000 0.000000 0.000000 0.000000 0.000000 0.000000 0.000000 0.000000 0.000000 0.000000 0.000000 0.000000 0.000000 0.000000 0.000000 0.000000 0.000000 0.000000 0.000000 0.000000 0.000000 0.000000 0.000000 0.000000 0.000000 0.000000 0.000000 0.000000 0.000000 0.000000 0.000000 0.000000 0.000000 0.000000 0.000000 0.000000 0.000000 0.000000 0.460870 0.508544 0.530185 0.538489 0.537517 0.551517 0.582026 0.581080 0.527616 0.433375 0.000000
0.000000 0.000000 0.000000 0.000000 0.000000 0.000000 0.000000 0.000000 0.000000 0.000000 0.000000 0.000000 0.000000 0.004000 0.000000 0.000000 0.000000 0.419169 0.522132 0.612709 0.680630 0.731266 0.845343 0.783433 0.838924 0.858117 0.886714 0.892168 0.879593 0.881792 0.883679 0.892091 1.287424 0.903073 0.914275 0.923717 1.115206 0.952893 0.969188 0.986998 0.996405 0.999997 0.993265 0.977097 0.876234 0.856520 0.841367 0.949945 0.837491 0.845139 0.939672 0.961672 0.960007 0.936889 0.913898 0.895266 0.866926 0.836987 0.814904 0.787735 0.764731 0.753362 0.748720 0.740594 0.718895 0.692535 0.664495 0.671216 0.798423 0.663709 0.663669 0.716011 1.014114 0.829680 0.789916 0.812345 0.853108 0.958818 1.303858 1.340523 1.251751 1.114781 1.196437 1.081699 1.077222 1.103298 1.162877 1.121325 1.097466 1.123725 1.151070 1.163987 1.144034 1.112543 1.089380 1.068782 1.050511 1.040879 1.024896 1.015656 0.546429 0.545157 0.562916 0.983968 0.983551 0.976561 0.818473 0.774715 0.737158 0.731863 0.739475 0.747160 0.750164 0.760562 0.991374 0.987804 0.974171 0.958154 0.908047 0.921359 0.881733 0.810091 0.717372 0.611914 0.457621 0.397781 0.400051 0.397510 0.388449 0.000000 0.000000 0.000000 0.000000 0.000000 0.000000 0.000000 0.000000 0.000000 0.000000 0.000000 0.000000 0.000000 0.000000 0.000000 0.000000 0.000000 0.000000 0.000000 0.000000 0.000000 0.000000 0.000000 0.000000 0.000000 0.000000 0.000000 0.000000 0.000000 0.000000 0.000000 0.000000 0.000000 0.000000 0.000000 0.000000 0.000000 0.000000 0.000000 0.000000 0.000000 0.000000 0.000000 0.000000 0.000000 0.000000 0.000000 0.000000 0.000000 0.000000 0.000000 0.000000 0.000000 0.000000 0.000000 0.000000 0.000000 0.000000 0.000000 0.000000 0.000000 0.000000 0.000000 0.000000 0.000000 0.000000 0.000000 0.000000 0.000000 0.000000 0.000000 0.000000 0.000000 0.000000 0.000000 0.000000 0.000000 0.000000 0.000000 0.000000 0.000000 0.000000 0.446121 0.466146 0.486626 0.501667 0.512908 0.519159 0.533395 0.554012 0.564629 0.623758 0.625544 0.564732 0.556966 0.540908 0.518986 0.503337 0.484027 0.465560 0.460316 0.453007 0.437728 0.000000 0.000000 0.000000 0.000000 0.000000 0.000000 0.000000 0.000000 0.000000 0.000000 0.000000 0.000000 0.000000 0.000000 0.000000 0.000000 0.000000 0.000000 0.000000 0.000000 0.000000 0.000000 0.000000 0.000000 0.000000 0.000000 0.000000 0.000000 0.000000 0.000000 0.000000 0.000000 0.000000 0.000000 0.000000 0.000000 0.000000 0.000000 0.000000 0.000000 0.000000 0.000000 0.000000 0.000000 0.000000 0.000000 0.000000 0.000000
0.000000 0.000000 0.000000 0.000000 0.000000 0.000000 0.000000 0.000000 0.000000 0.000000 0.000000 0.000000 0.000000 0.000000 0.000000 0.000000 0.446546 0.532634 0.616718 0.691173 0.758564 0.818389 0.855620 0.904221 0.936276 0.962826 0.995973 1.017730 1.032336 1.039904 1.034694 1.015809 1.001810 0.988178 0.964842 0.954801 0.945529 0.936886 0.927238 0.919523 0.933916 0.949491 0.959953 0.968441 0.952978 0.931895 0.906601 0.880677 0.855912 0.777947 0.773400 0.770864 0.767642 0.832821 0.835589 0.850544 0.851256 0.842067 0.813388 0.783720 0.765009 0.766461 0.763443 0.755692 0.736943 0.708618 0.674400 0.608705 0.601373 0.601318 0.609223 0.629635 0.971390 1.027701 0.773169 0.863480 1.115791 0.843011 0.849733 0.846114 0.982062 0.963822 0.990596 0.980373 0.988646 1.018650 1.039854 1.028561 0.947238 0.986094 1.014985 1.022725 1.012533 1.003504 1.004514 1.007386 1.004338 0.982530 0.958188 0.939723 0.916185 0.894850 0.901151 1.033587 0.985442 1.000801 0.840129 0.809221 0.906180 0.764019 0.756012 0.759469 0.993906 1.009676 1.014770 1.011738 0.999917 0.995913 0.993267 0.998698 0.971222 0.917728 0.858600 0.800817 0.739456 0.683963 0.641746 0.566583 0.526445 0.487410 0.447683 0.411011 0.000000 0.000000 0.000000 0.000000 0.000000 0.000000 0.000000 0.000000 0.000000 0.000000 0.000000 0.000000 0.000000 0.000000 0.000000 0.000000 0.000000 0.000000 0.000000 0.000000 0.000000 0.000000 0.000000 0.000000 0.000000 0.000000 0.000000 0.000000 0.000000 0.000000 0.000000 0.000000 0.000000 0.000000 0.000000 0.000000 0.000000 0.000000 0.000000 0.000000 0.000000 0.000000 0.000000 0.000000 0.000000 0.000000 0.000000 0.000000 0.000000 0.000000 0.000000 0.000000 0.000000 0.000000 0.000000 0.000000 0.000000 0.000000 0.000000 0.000000 0.000000 0.000000 0.000000 0.000000 0.000000 0.000000 0.000000 0.000000 0.000000 0.000000 0.000000 0.000000 0.000000 0.000000 0.000000 0.000000 0.000000 0.000000 0.000000 0.000000 0.000000 0.000000 0.439156 0.466344 0.487158 0.501249 0.513362 0.520253 0.588118 0.616416 0.629140 0.632279 0.628990 0.618162 0.603558 0.586642 0.558269 0.437972 0.000000 0.000000 0.000000 0.000000 0.000000 0.000000 0.000000 0.000000 0.000000 0.000000 0.000000 0.000000 0.000000 0.000000 0.000000 0.000000 0.000000 0.000000 0.000000 0.000000 0.000000 0.000000 0.000000 0.000000 0.000000 0.000000 0.000000 0.000000 0.000000 0.000000 0.000000 0.000000 0.000000 0.000000 0.000000 0.000000 0.000000 0.000000 0.000000 0.000000 0.000000 0.000000 0.000000 0.000000 0.000000 0.000000 0.000000 0.000000 0.000000 0.000000
0.000000 0.000000 0.000000 0.000000 0.000000 0.000000 0.000000 0.000000 0.000000 0.000000 0.000000 0.000000 0.000000 0.000000 0.000000 0.000000 0.408800 0.490166 0.569334 0.657157 0.738311 0.811843 0.876976 0.940795 1.018057 1.087582 1.128677 1.137849 1.119832 1.074149 1.026615 0.997748 0.987899 0.994103 1.003153 1.005306 1.001565 0.989222 0.965639 0.929643 0.924876 0.924216 0.924599 0.930655 0.923583 0.916527 0.916779 0.899649 0.867119 0.832102 0.800703 0.769992 0.741120 0.673169 0.661563 0.692501 0.677280 0.662004 0.646710 0.635581 0.630280 0.625018 0.633903 0.635302 0.634891 0.630208 0.619138 0.569098 0.573586 0.585792 0.596549 0.613199 0.668929 0.703462 0.727011 0.796317 0.862788 0.902186 0.920114 0.849329 0.838921 0.963802 0.802973 0.771869 0.801167 0.784346 0.793391 0.815841 0.893563 0.914642 0.948423 0.921353 1.005941 0.982081 1.131615 1.576019 1.097908 1.102871 1.201118 1.020104 0.930045 0.857667 0.827590 0.774263 0.955035 0.970736 0.966327 0.955428 0.957067 0.965911 0.963587 0.930708 0.848383 0.842200 0.916666 0.916775 0.915398 0.921058 0.923824 0.911077 0.884069 0.846710 0.806836 0.767260 0.720350 0.676360 0.632087 0.596096 0.523233 0.496917 0.463457 0.428832 0.395269 0.000000 0.000000 0.000000 0.000000 0.000000 0.000000 0.000000 0.000000 0.000000 0.000000 0.000000 0.000000 0.000000 0.000000 0.000000 0.000000 0.000000 0.000000 0.000000 0.000000 0.000000 0.000000 0.000000 0.000000 0.000000 0.000000 0.000000 0.000000 0.000000 0.000000 0.000000 0.000000 0.000000 0.000000 0.000000 0.000000 0.000000 0.000000 0.000000 0.000000 0.000000 0.000000 0.000000 0.000000 0.000000 0.000000 0.000000 0.000000 0.000000 0.000000 0.000000 0.000000 0.000000 0.000000 0.000000 0.000000 0.000000 0.000000 0.000000 0.000000 0.000000 0.000000 0.000000 0.000000 0.000000 0.000000 0.000000 0.000000 0.000000 0.000000 0.000000 0.000000 0.000000 0.000000 0.000000 0.000000 0.000000 0.000000 0.000000 0.000000 0.000000 0.000000 0.000000 0.000000 0.000000 0.000000 0.000000 0.000000 0.000000 0.464938 0.508866 0.534399 0.544239 0.540095 0.525953 0.506762 0.475820 0.439797 0.000000 0.000000 0.000000 0.000000 0.000000 0.000000 0.000000 0.000000 0.000000 0.000000 0.000000 0.000000 0.000000 0.000000 0.000000 0.000000 0.000000 0.000000 0.000000 0.000000 0.000000 0.000000 0.000000 0.000000 0.000000 0.000000 0.000000 0.000000 0.000000 0.000000 0.000000 0.000000 0.000000 0.000000 0.000000 0.000000 0.000000 0.000000 0.000000 0.000000 0.000000 0.000000 0.000000 0.000000 0.609758 0.627128 0.582604 0.506181 0.000000
0.000000 0.000000 0.000000 0.000000 0.000000 0.000000 0.000000 0.000000 0.000000 0.000000 0.000000 0.000000 0.000000 0.000000 0.000000 0.000000 0.000000 0.000000 0.000000 0.510513 0.634318 0.750685 0.785007 0.769263 0.767146 0.783293 0.814004 0.826501 0.825810 0.817915 0.808354 0.817874 0.837064 0.866196 0.900391 0.923400 0.949058 0.964466 0.965496 0.985252 0.972058 0.942891 0.915664 0.890212 0.892855 0.912775 0.928449 0.920410 0.879266 0.835521 0.806751 0.784520 0.753367 0.730530 0.706774 0.679779 0.642680 0.603684 0.573815 0.477180 0.463330 0.452746 0.440538 0.000000 0.000000 0.453924 0.561505 0.676957 0.708434 0.730010 0.680477 0.626976 0.607200 0.662311 0.699286 0.745784 0.801050 0.835838 0.854267 0.861783 0.864430 0.853942 0.763454 0.745975 0.791318 0.725226 0.640865 0.655008 0.694237 0.784154 0.779488 0.818695 0.856394 1.167384 0.923662 0.952087 0.983107 1.007495 1.018992 1.003740 0.894747 0.865470 0.828436 0.809200 0.788113 0.788768 0.788526 0.791386 0.871092 0.888726 0.886835 0.868074 0.832564 0.806872 0.778249 0.745129 0.690785 0.695341 0.689309 0.732514 0.705974 0.680837 0.653832 0.624226 0.590358 0.556097 0.477291 0.467750 0.459205 0.444608 0.422744 0.400496 0.000000 0.000000 0.000000 0.000000 0.000000 0.000000 0.000000 0.000000 0.000000 0.000000 0.000000 0.000000 0.000000 0.000000 0.000000 0.000000 0.000000 0.000000 0.000000 0.000000 0.000000 0.000000 0.000000 0.000000 0.000000 0.000000 0.000000 0.000000 0.000000 0.000000 0.000000 0.000000 0.000000 0.000000 0.000000 0.000000 0.000000 0.000000 0.000000 0.000000 0.000000 0.000000 0.000000 0.000000 0.000000 0.000000 0.000000 0.000000 0.000000 0.000000 0.000000 0.000000 0.000000 0.000000 0.000000 0.000000 0.000000 0.000000 0.000000 0.000000 0.000000 0.000000 0.000000 0.000000 0.000000 0.000000 0.000000 0.000000 0.000000 0.000000 0.000000 0.000000 0.000000 0.000000 0.000000 0.000000 0.000000 0.000000 0.000000 0.000000 0.000000 0.000000 0.000000 0.000000 0.000000 0.000000 0.000000 0.000000 0.000000 0.000000 0.000000 0.430842 0.477073 0.502408 0.509454 0.507117 0.495993 0.471743 0.438795 0.000000 0.000000 0.000000 0.484585 0.555943 0.583673 0.578803 0.545832 0.473910 0.000000 0.000000 0.000000 0.000000 0.000000 0.000000 0.000000 0.000000 0.000000 0.000000 0.000000 0.000000 0.000000 0.000000 0.534279 0.000000 0.000000 0.000000 0.000000 0.000000 0.000000 0.000000 0.000000 0.000000 0.000000 0.000000 0.000000 0.000000 0.000000 0.000000 0.000000 0.000000 0.000000 0.562660 0.748697 0.847989 0.820814 0.734126 0.620229 0.447383
0.000000 0.000000 0.000000 0.000000 0.000000 0.000000 0.000000 0.000000 0.000000 0.000000 0.000000 0.000000 0.000000 0.000000 0.000000 0.000000 0.000000 0.000000 0.000000 0.000000 0.000000 0.000000 0.000000 0.000000 0.436484 0.509428 0.633276 0.673816 0.692759 0.703364 0.718133 0.740188 0.766438 0.787829 0.993762 0.846688 0.870619 0.900062 0.918750 0.930048 0.931274 0.919869 0.904143 0.885645 0.862000 0.800112 0.803015 0.866388 0.842192 0.828901 0.821159 0.813643 0.803402 0.787714 0.764060 0.727904 0.665663 0.629466 0.603124 0.573123 0.551629 0.521518 0.498740 0.473665 0.460734 0.453691 0.449572 0.532956 0.538006 0.527748 0.514902 0.443120 0.446716 0.454911 0.538639 0.578551 0.608996 0.634200 0.658393 0.689484 0.723888 0.743124 0.742724 0.728763 0.701143 0.667878 0.767414 0.572661 0.543803 0.602785 0.644934 0.666418 0.711770 0.738111 0.758994 0.779683 0.812371 0.874846 0.942289 0.992712 1.014371 1.006104 0.986829 0.971407 0.885345 0.869449 0.848159 0.807228 0.776674 0.747247 0.793492 0.765353 0.737116 0.702462 0.669628 0.640259 0.610462 0.582426 0.555963 0.531819 0.428340 0.405750 0.352796 0.000000 0.000000 0.000000 0.000000 0.000000 0.000000 0.000000 0.000000 0.000000 0.000000 0.000000 0.000000 0.000000 0.000000 0.000000 0.000000 0.000000 0.000000 0.000000 0.000000 0.000000 0.000000 0.000000 0.000000 0.000000 0.000000 0.000000 0.000000 0.000000 0.000000 0.000000 0.000000 0.000000 0.000000 0.000000 0.000000 0.000000 0.000000 0.000000 0.000000 0.000000 0.000000 0.000000 0.000000 0.000000 0.000000 0.000000 0.000000 0.000000 0.000000 0.000000 0.000000 0.000000 0.000000 0.000000 0.000000 0.000000 0.000000 0.000000 0.000000 0.000000 0.000000 0.000000 0.440378 0.438183 0.426393 0.000000 0.000000 0.000000 0.000000 0.000000 0.000000 0.000000 0.000000 0.000000 0.000000 0.000000 0.000000 0.000000 0.000000 0.000000 0.000000 0.000000 0.000000 0.000000 0.000000 0.000000 0.000000 0.000000 0.000000 0.000000 0.000000 0.000000 0.000000 0.000000 0.000000 0.000000 0.000000 0.000000 0.000000 0.000000 0.000000 0.000000 0.441200 0.458050 0.464493 0.461397 0.445334 0.000000 0.000000 0.000000 0.504858 0.574363 0.608979 0.605833 0.572247 0.516589 0.447152 0.000000 0.000000 0.000000 0.000000 0.000000 0.000000 0.000000 0.000000 0.000000 0.000000 0.000000 0.000000 0.000000 0.000000 0.000000 0.000000 0.000000 0.000000 0.000000 0.000000 0.000000 0.000000 0.000000 0.000000 0.000000 0.000000 0.000000 0.000000 0.000000 0.000000 0.405384 0.769175 0.840408 0.938341 1.016906 0.938248 0.820693 0.685415 0.483122
0.000000 0.000000 0.000000 0.000000 0.000000 0.000000 0.000000 0.000000 0.000000 0.000000 0.000000 0.000000 0.000000 0.000000 0.000000 0.000000 0.000000 0.000000 0.000000 0.000000 0.000000 0.141606 0.004899 0.505079 0.817862 0.721284 0.791803 0.783371 0.755681 0.737159 0.718897 0.707000 0.703985 0.703685 0.711906 0.722912 0.734725 0.747522 0.770408 0.794732 0.812172 0.830492 0.847955 0.842447 0.822332 0.795481 0.771791 0.744963 0.721205 0.701657 0.720144 0.747841 0.760342 0.756424 0.739925 0.726962 0.710522 0.690783 0.667716 0.644532 0.630794 0.619507 0.606382 0.585938 0.592086 0.601050 0.607122 0.607403 0.597841 0.571072 0.542966 0.511685 0.484074 0.456954 0.430190 0.508516 0.513942 0.472693 0.504994 0.533866 0.560493 0.578452 0.584897 0.578559 0.567138 0.549518 0.518504 0.483898 0.439459 0.000000 0.461491 0.547401 0.601504 0.660655 0.710341 0.752954 0.780990 0.831240 0.862923 0.881654 0.902210 0.940198 0.962256 0.965303 0.938932 0.932153 0.920540 0.887871 0.845737 0.807868 0.742358 0.691840 0.667902 0.641700 0.601667 0.545229 0.500171 0.478688 0.458349 0.533180 0.547450 0.550661 0.545012 0.539378 0.541747 0.535124 0.510627 0.504917 0.525357 0.514052 0.492192 0.390235 0.380630 0.371420 0.000000 0.000000 0.000000 0.000000 0.000000 0.000000 0.000000 0.000000 0.000000 0.000000 0.000000 0.000000 0.000000 0.000000 0.000000 0.000000 0.000000 0.000000 0.000000 0.000000 0.000000 0.000000 0.000000 0.000000 0.000000 0.000000 0.000000 0.000000 0.000000 0.000000 0.000000 0.000000 0.000000 0.000000 0.000000 0.000000 0.000000 0.000000 0.000000 0.000000 0.000000 0.000000 0.000000 0.000000 0.000000 0.000000 0.000000 0.000000 0.000000 0.000000 0.000000 0.000000 0.000000 0.000000 0.000000 0.000000 0.000000 0.000000 0.000000 0.000000 0.000000 0.000000 0.000000 0.000000 0.000000 0.000000 0.000000 0.000000 0.000000 0.000000 0.000000 0.000000 0.000000 0.000000 0.000000 0.000000 0.000000 0.000000 0.000000 0.000000 0.000000 0.000000 0.000000 0.000000 0.000000 0.000000 0.000000 0.000000 0.000000 0.000000 0.000000 0.000000 0.000000 0.000000 0.000000 0.000000 0.000000 0.000000 0.000000 0.000000 0.447409 0.493748 0.518285 0.519951 0.505109 0.468554 0.419457 0.000000 0.000000 0.000000 0.000000 0.000000 0.000000 0.000000 0.000000 0.000000 0.000000 0.000000 0.000000 0.542885 0.544988 0.000000 0.000000 0.000000 0.000000 0.000000 0.000000 0.000000 0.000000 0.000000 0.000000 0.000000 0.000000 0.000000 0.000000 0.000000 0.000000 0.701886 0.935427 0.991786 1.031420 1.047242 0.933526 0.820713 0.699788 0.513883
0.000000 0.000000 0.000000 0.000000 0.000000 0.000000 0.000000 0.000000 0.000000 0.000000 0.000000 0.000000 0.000000 0.000000 0.000000 0.000000 0.000000 0.000000 0.000000 0.000000 0.420911 0.514994 0.629728 0.737745 0.829040 0.856410 0.839339 0.859382 0.861434 0.815771 0.700001 0.629252 0.600507 0.588170 0.589821 0.595655 0.605157 0.617424 0.628285 0.639605 0.656720 0.686233 0.714300 0.739155 0.747942 0.748672 0.737388 0.716567 0.696827 0.677472 0.641141 0.646202 0.626098 0.608218 0.594835 0.595488 0.591137 0.577330 0.584724 0.604087 0.623510 0.644814 0.656143 0.644882 0.674463 0.691822 0.696661 0.690285 0.672469 0.643453 0.616394 0.583420 0.556181 0.533856 0.514134 0.502122 0.488645 0.466826 0.497522 0.477063 0.381763 0.503461 0.528982 0.539563 0.541663 0.541451 0.538989 0.550590 0.523145 0.535000 0.522899 0.507491 0.506297 0.557486 0.587478 0.624507 1.179862 0.734126 0.742790 0.744359 0.755275 0.734628 0.758532 0.789828 0.800809 0.806742 0.803896 0.784966 0.769287 0.743819 0.689775 0.649817 0.659316 0.660367 0.624035 0.562313 0.516630 0.507774 0.502231 0.569792 0.585444 0.601465 0.598365 0.636004 0.649516 0.645932 0.639551 0.622251 0.600273 0.570667 0.558530 0.524660 0.451394 0.449919 0.445106 0.442686 0.438036 0.434638 0.433952 0.423299 0.402861 0.372165 0.000000 0.000000 0.000000 0.000000 0.000000 0.000000 0.000000 0.000000 0.000000 0.000000 0.000000 0.000000 0.000000 0.000000 0.000000 0.000000 0.000000 0.000000 0.000000 0.000000 0.000000 0.000000 0.000000 0.000000 0.000000 0.000000 0.000000 0.000000 0.000000 0.000000 0.000000 0.000000 0.000000 0.000000 0.000000 0.000000 0.000000 0.000000 0.000000 0.000000 0.000000 0.000000 0.000000 0.000000 0.000000 0.000000 0.000000 0.000000 0.000000 0.000000 0.000000 0.000000 0.000000 0.000000 0.000000 0.000000 0.000000 0.000000 0.000000 0.000000 0.000000 0.000000 0.000000 0.000000 0.000000 0.000000 0.000000 0.000000 0.000000 0.000000 0.000000 0.000000 0.000000 0.000000 0.000000 0.000000 0.000000 0.000000 0.000000 0.000000 0.000000 0.000000 0.000000 0.000000 0.000000 0.000000 0.000000 0.000000 0.000000 0.000000 0.000000 0.000000 0.000000 0.000000 0.000000 0.000000 0.000000 0.000000 0.000000 0.000000 0.000000 0.000000 0.000000 0.000000 0.000000 0.000000 0.000000 0.000000 0.000000 0.000000 0.000000 0.000000 0.000000 0.000000 0.000000 0.000000 0.000000 0.000000 0.000000 0.000000 0.000000 0.000000 0.000000 0.000000 0.000000 0.000000 0.000000 0.000000 0.000000 0.569378 0.785559 0.857132 0.867484 0.833525 0.854907 0.850734 0.783356 0.545672
0.000000 0.000000 0.000000 0.000000 0.000000 0.000000 0.000000 0.000000 0.000000 0.000000 0.000000 0.000000 0.000000 0.000000 0.000000 0.000000 0.000000 0.000000 0.000000 0.430486 0.516812 0.583853 0.648399 0.745206 0.826430 0.771768 0.681563 0.602678 0.537259 0.469369 0.416614 0.380350 0.000000 0.000000 0.000000 0.000000 0.429925 0.538382 0.554856 0.567452 0.579323 0.592229 0.608424 0.628096 0.653386 0.682177 0.719904 0.729689 0.750764 0.767284 0.766154 0.712361 0.649300 0.623733 0.615896 0.616301 0.617125 0.621017 0.628167 0.636270 0.652671 0.667893 0.670907 0.664829 0.668291 0.674445 0.675799 0.670492 0.660533 0.645456 0.627236 0.600885 0.564251 0.529237 0.508284 0.506652 0.550881 0.543871 0.554996 0.556281 0.547734 0.542254 0.553228 0.681467 0.548433 0.555104 0.580471 0.608926 0.623061 0.619446 0.652667 0.621854 0.581373 0.548934 0.575380 0.655813 0.681405 0.692288 0.624841 0.572638 0.529605 0.574284 0.572559 0.565870 0.568425 0.592194 0.606882 0.634292 0.641430 0.641915 0.637931 0.631007 0.598034 0.571865 0.545572 0.508423 0.472315 0.451968 0.494870 0.493699 0.515216 0.620029 0.681117 0.710926 0.668814 0.668269 0.653609 0.679966 0.649721 0.631149 0.610062 0.585694 0.547200 0.554048 0.542870 0.529358 0.532543 0.548943 0.558654 0.546390 0.510883 0.471384 0.431373 0.387895 0.000000 0.000000 0.000000 0.000000 0.000000 0.000000 0.000000 0.000000 0.000000 0.000000 0.000000 0.000000 0.000000 0.000000 0.000000 0.000000 0.000000 0.000000 0.000000 0.000000 0.000000 0.000000 0.000000 0.000000 0.000000 0.000000 0.000000 0.000000 0.000000 0.000000 0.000000 0.000000 0.000000 0.000000 0.000000 0.000000 0.000000 0.000000 0.000000 0.000000 0.000000 0.000000 0.000000 0.000000 0.000000 0.000000 0.000000 0.000000 0.000000 0.000000 0.000000 0.000000 0.000000 0.000000 0.000000 0.000000 0.000000 0.000000 0.000000 0.000000 0.000000 0.000000 0.000000 0.000000 0.000000 0.000000 0.000000 0.000000 0.000000 0.000000 0.000000 0.000000 0.000000 0.000000 0.000000 0.000000 0.000000 0.000000 0.000000 0.000000 0.000000 0.000000 0.000000 0.000000 0.000000 0.000000 0.000000 0.000000 0.000000 0.000000 0.000000 0.000000 0.000000 0.000000 0.000000 0.000000 0.000000 0.000000 0.000000 0.000000 0.000000 0.000000 0.000000 0.000000 0.000000 0.000000 0.000000 0.000000 0.000000 0.000000 0.000000 0.000000 0.000000 0.000000 0.000000 0.000000 0.000000 0.000000 0.000000 0.000000 0.000000 0.000000 0.000000 0.000000 0.000000 0.000000 0.000000 0.000000 0.463531 0.713163 0.910039 1.101511 1.164898 1.107046 0.977471 0.638786
0.000000 0.000000 0.000000 0.000000 0.000000 0.000000 0.000000 0.000000 0.000000 0.000000 0.000000 0.000000 0.000000 0.000000 0.000000 0.000000 0.000000 0.000000 0.000000 0.000000 0.000000 0.000000 0.000000 0.000000 0.000000 0.000000 0.000000 0.000000 0.000000 0.000000 0.000000 0.000000 0.000000 0.000000 0.000000 0.000000 0.440975 0.469620 0.492417 0.504124 0.507772 0.504585 0.496901 0.487747 0.551679 0.567553 0.580101 0.584193 0.554161 0.568311 0.570967 0.577021 0.600826 0.686524 0.775710 0.821575 0.848646 0.863768 0.874092 0.881913 0.849621 0.771468 0.695787 0.654202 0.629799 0.685461 0.611539 0.608815 0.607669 0.605283 0.619258 0.572776 0.547847 0.514449 0.488693 0.465033 0.522744 0.540171 0.561476 0.566739 0.554626 0.528401 0.541216 0.565884 0.583073 0.620514 0.652278 0.665934 0.667605 0.651822 0.631444 0.611610 0.588204 0.564872 0.560912 0.553062 0.528492 0.468745 0.497064 0.508282 0.501431 0.469519 0.431479 0.400943 0.000000 0.000000 0.000000 0.410072 0.453611 0.471168 0.557700 0.566720 0.568095 0.556021 0.533993 0.509340 0.502734 0.415740 0.407045 0.405005 0.626660 0.395271 0.506778 0.537764 0.568118 0.632645 0.651157 0.666237 0.679648 0.685778 0.900966 0.665578 0.660733 0.658738 0.641080 0.583638 0.614909 0.673522 0.691957 0.673240 0.628934 0.588273 0.540012 0.484494 0.430752 0.382147 0.000000 0.000000 0.000000 0.000000 0.000000 0.000000 0.000000 0.000000 0.000000 0.000000 0.000000 0.000000 0.000000 0.000000 0.000000 0.000000 0.000000 0.000000 0.000000 0.000000 0.000000 0.000000 0.000000 0.000000 0.000000 0.000000 0.000000 0.000000 0.000000 0.000000 0.000000 0.000000 0.000000 0.000000 0.000000 0.000000 0.000000 0.000000 0.000000 0.000000 0.000000 0.000000 0.000000 0.000000 0.000000 0.000000 0.000000 0.000000 0.000000 0.000000 0.000000 0.000000 0.000000 0.000000 0.000000 0.000000 0.000000 0.000000 0.000000 0.000000 0.000000 0.000000 0.000000 0.000000 0.000000 0.000000 0.000000 0.000000 0.000000 0.000000 0.000000 0.000000 0.000000 0.000000 0.000000 0.000000 0.000000 0.000000 0.000000 0.000000 0.000000 0.000000 0.000000 0.000000 0.000000 0.000000 0.000000 0.000000 0.000000 0.000000 0.000000 0.000000 0.000000 0.000000 0.000000 0.000000 0.000000 0.000000 0.000000 0.000000 0.000000 0.000000 0.000000 0.000000 0.000000 0.000000 0.000000 0.000000 0.000000 0.000000 0.000000 0.000000 0.000000 0.000000 0.000000 0.000000 0.523512 0.647930 0.683318 0.684685 0.620949 0.551056 0.536246 0.525545 0.537082 0.685603 0.749102 0.965978 1.187433 1.339090 1.320182 1.206518 1.121541 0.709797
0.000000 0.000000 0.000000 0.000000 0.000000 0.000000 0.000000 0.000000 0.000000 0.000000 0.000000 0.000000 0.000000 0.000000 0.000000 0.000000 0.000000 0.000000 0.000000 0.000000 0.000000 0.000000 0.000000 0.000000 0.000000 0.000000 0.000000 0.000000 0.000000 0.000000 0.000000 0.501213 0.670285 0.645336 0.624426 0.616101 0.619246 0.571446 0.484055 0.449973 0.449154 0.452525 0.450540 0.444258 0.434773 0.421064 0.000000 0.000000 0.000000 0.441460 0.456252 0.467149 0.486639 0.491038 0.475725 0.450681 0.426929 0.000000 0.000000 0.424673 0.437617 0.458288 0.483540 0.514950 0.546455 0.560074 0.813651 0.567271 0.759902 0.568675 0.561760 0.616509 0.632014 0.647138 0.652462 0.654458 0.651319 0.692882 0.641024 0.623738 0.566552 0.549256 0.594851 0.599565 0.595133 0.585862 0.589402 0.601047 0.608111 0.617729 0.626322 0.629121 0.622742 0.609237 0.572328 0.571486 0.568692 0.562660 0.558543 0.588099 0.560522 0.559424 0.555334 0.552489 0.545285 0.524580 0.489886 0.524253 0.537625 0.565937 0.555009 0.539702 0.563560 0.592203 0.584622 0.570399 0.552755 0.526792 0.398839 0.384810 0.382084 0.369627 0.372765 0.492272 0.494284 0.594333 0.635263 0.670826 0.693569 0.711818 0.716486 0.708443 0.704342 0.709427 0.696136 0.685304 0.707155 0.732517 0.756145 0.775180 0.785712 0.761543 0.702105 0.634237 0.564436 0.493328 0.422669 0.000000 0.000000 0.000000 0.000000 0.000000 0.000000 0.000000 0.000000 0.000000 0.000000 0.000000 0.000000 0.000000 0.000000 0.000000 0.000000 0.000000 0.000000 0.000000 0.000000 0.000000 0.000000 0.000000 0.000000 0.000000 0.000000 0.000000 0.000000 0.000000 0.000000 0.000000 0.000000 0.000000 0.000000 0.000000 0.000000 0.000000 0.000000 0.000000 0.000000 0.000000 0.000000 0.000000 0.000000 0.000000 0.000000 0.000000 0.000000 0.000000 0.000000 0.000000 0.000000 0.000000 0.000000 0.000000 0.000000 0.000000 0.000000 0.000000 0.000000 0.000000 0.000000 0.000000 0.000000 0.000000 0.000000 0.000000 0.000000 0.000000 0.000000 0.000000 0.000000 0.000000 0.000000 0.000000 0.000000 0.000000 0.000000 0.000000 0.000000 0.000000 0.000000 0.000000 0.000000 0.000000 0.000000 0.000000 0.000000 0.000000 0.000000 0.000000 0.000000 0.000000 0.000000 0.000000 0.000000 0.000000 0.000000 0.000000 0.000000 0.000000 0.000000 0.000000 0.478047 0.498049 0.472379 0.000000 0.000000 0.000000 0.000000 0.000000 0.000000 0.000000 0.000000 0.000000 0.479161 0.582743 0.665649 0.725895 0.791864 0.837714 0.844125 0.836660 0.897666 0.944630 0.889754 0.993586 1.165073 1.293674 1.274704 1.155643 0.991023 0.720831
0.000000 0.000000 0.000000 0.000000 0.000000 0.000000 0.000000 0.000000 0.000000 0.000000 0.000000 0.000000 0.000000 0.000000 0.000000 0.000000 0.000000 0.000000 0.000000 0.000000 0.000000 0.000000 0.000000 0.000000 0.000000 0.000000 0.000000 0.000000 0.000000 0.000000 0.000000 0.000000 0.000000 0.000000 0.000000 0.000000 0.000000 0.000000 0.000000 0.000000 0.000000 0.000000 0.000000 0.000000 0.000000 0.000000 0.000000 0.000000 0.000000 0.000000 0.000000 0.000000 0.000000 0.000000 0.000000 0.000000 0.000000 0.424013 0.439636 0.453396 0.468369 0.488267 0.497657 0.497417 0.493441 0.490552 0.492003 0.497326 0.505913 0.514129 0.578029 0.688772 0.709316 0.720340 0.724051 0.719959 0.713502 0.718951 0.716041 0.703456 0.693732 0.683083 0.669483 0.651919 0.632529 0.649141 0.648607 0.646340 0.604476 0.622233 0.646384 0.671002 0.693657 0.706386 0.712091 0.715597 0.711378 0.705009 0.693207 0.682224 0.722573 0.699532 0.665344 0.655127 0.639556 0.623425 0.604474 0.581226 0.566296 0.569777 0.585444 0.572085 0.608022 0.689475 0.665611 0.562858 0.371051 0.000000 0.000000 0.000000 0.000000 0.000000 0.000000 0.466696 0.560771 0.620197 0.653195 0.671556 0.668671 0.679240 0.665834 0.648603 0.647569 0.636867 0.645342 0.708905 0.763338 0.790561 0.791911 0.785784 0.778140 0.761870 0.717973 0.662894 0.602434 0.539697 0.479661 0.424833 0.000000 0.000000 0.000000 0.000000 0.000000 0.000000 0.000000 0.000000 0.000000 0.000000 0.000000 0.000000 0.000000 0.000000 0.000000 0.000000 0.000000 0.000000 0.000000 0.000000 0.000000 0.000000 0.000000 0.000000 0.000000 0.000000 0.000000 0.000000 0.000000 0.000000 0.000000 0.000000 0.000000 0.000000 0.000000 0.000000 0.000000 0.000000 0.000000 0.000000 0.000000 0.000000 0.000000 0.000000 0.000000 0.000000 0.000000 0.000000 0.000000 0.000000 0.000000 0.000000 0.000000 0.000000 0.000000 0.000000 0.000000 0.000000 0.000000 0.000000 0.000000 0.000000 0.000000 0.000000 0.000000 0.000000 0.000000 0.000000 0.000000 0.000000 0.000000 0.000000 0.000000 0.000000 0.000000 0.000000 0.000000 0.000000 0.000000 0.000000 0.000000 0.000000 0.000000 0.000000 0.000000 0.000000 0.000000 0.000000 0.000000 0.000000 0.000000 0.000000 0.000000 0.000000 0.000000 0.000000 0.000000 0.000000 0.000000 0.000000 0.000000 0.473944 0.551232 0.577736 0.571420 0.547136 0.510239 0.467701 0.000000 0.000000 0.000000 0.000000 0.000000 0.000000 0.000000 0.000000 0.496494 0.575386 0.673721 0.745901 0.787201 0.853382 0.935754 0.995393 1.035978 0.964696 1.026502 1.095685 1.072601 0.979521 0.862374 0.726742
0.000000 0.000000 0.000000 0.000000 0.000000 0.000000 0.000000 0.000000 0.000000 0.000000 0.000000 0.000000 0.000000 0.000000 0.000000 0.000000 0.000000 0.000000 0.000000 0.000000 0.000000 0.000000 0.000000 0.000000 0.000000 0.000000 0.000000 0.000000 0.000000 0.000000 0.000000 0.000000 0.000000 0.000000 0.000000 0.000000 0.000000 0.000000 0.000000 0.000000 0.000000 0.000000 0.000000 0.000000 0.000000 0.000000 0.000000 0.000000 0.000000 0.000000 0.000000 0.000000 0.000000 0.000000 0.000000 0.000000 0.000000 0.000000 0.000000 0.000000 0.000000 0.000000 0.000000 0.000000 0.000000 0.000000 0.000000 0.000000 0.569057 0.438377 0.608086 0.692092 0.733444 0.761762 0.773278 0.768833 0.770531 0.778773 0.790152 0.793871 0.795035 0.792028 0.774610 0.758595 0.736335 0.730057 0.739536 0.691357 0.697118 0.706432 0.713242 0.718956 0.728976 0.741541 0.753303 0.761380 0.762627 0.754724 0.806635 0.783496 0.761163 0.727038 0.688137 0.656645 0.625352 0.569327 0.548106 0.517532 0.496329 0.475727 0.469519 0.492068 0.484087 0.425777 0.000000 0.000000 0.000000 0.000000 0.000000 0.000000 0.000000 0.000000 0.000000 0.457153 0.543837 0.588749 0.595673 0.579834 0.554916 0.513212 0.463510 0.421335 0.498304 0.417654 0.000000 0.416131 0.485858 0.517786 0.522948 0.579503 0.597036 0.605039 0.598870 0.588222 0.519361 0.493827 0.461621 0.430000 0.392329 0.000000 0.000000 0.000000 0.000000 0.000000 0.000000 0.000000 0.000000 0.000000 0.000000 0.000000 0.000000 0.000000 0.000000 0.000000 0.000000 0.000000 0.000000 0.000000 0.000000 0.000000 0.000000 0.000000 0.000000 0.000000 0.000000 0.000000 0.000000 0.000000 0.000000 0.000000 0.000000 0.000000 0.000000 0.000000 0.000000 0.000000 0.000000 0.000000 0.000000 0.000000 0.000000 0.000000 0.000000 0.000000 0.000000 0.000000 0.000000 0.000000 0.000000 0.000000 0.000000 0.000000 0.000000 0.000000 0.000000 0.000000 0.000000 0.000000 0.000000 0.000000 0.000000 0.000000 0.000000 0.000000 0.000000 0.000000 0.000000 0.000000 0.000000 0.000000 0.000000 0.000000 0.000000 0.000000 0.000000 0.438308 0.453843 0.458324 0.450230 0.428852 0.000000 0.000000 0.000000 0.000000 0.000000 0.000000 0.000000 0.000000 0.000000 0.000000 0.000000 0.000000 0.000000 0.000000 0.000000 0.000000 0.000000 0.000000 0.000000 0.000000 0.495847 0.533607 0.540367 0.531102 0.514706 0.493257 0.458435 0.000000 0.000000 0.000000 0.000000 0.000000 0.000000 0.000000 0.000000 0.000000 0.000000 0.524761 0.598646 0.711732 0.816911 0.902902 0.961968 0.991752 1.009325 1.025125 0.890710 0.830251 0.765450 0.708416
0.000000 0.000000 0.000000 0.000000 0.000000 0.000000 0.000000 0.000000 0.000000 0.000000 0.000000 0.000000 0.000000 0.000000 0.000000 0.000000 0.000000 0.000000 0.000000 0.000000 0.000000 0.000000 0.000000 0.000000 0.000000 0.000000 0.000000 0.000000 0.000000 0.000000 0.000000 0.000000 0.000000 0.000000 0.000000 0.000000 0.000000 0.000000 0.000000 0.000000 0.000000 0.000000 0.000000 0.000000 0.000000 0.000000 0.000000 0.000000 0.000000 0.000000 0.000000 0.000000 0.000000 0.000000 0.000000 0.000000 0.000000 0.000000 0.000000 0.000000 0.000000 0.000000 0.000000 0.000000 0.000000 0.000000 0.000000 0.000000 0.415697 0.000000 0.466508 0.510248 0.550735 0.598211 0.642732 0.686369 0.727958 0.749099 0.764438 0.778692 0.806860 0.830342 0.841122 0.835942 0.835082 0.831013 0.966233 0.853601 0.856001 0.846004 0.830782 0.802969 0.709645 0.682067 0.658517 0.640910 0.619563 0.639598 0.617035 0.642426 0.661164 0.664015 0.650431 0.626180 0.605181 0.615915 0.582904 0.490835 0.461774 0.434677 0.407353 0.000000 0.000000 0.000000 0.000000 0.000000 0.000000 0.000000 0.000000 0.000000 0.380944 0.391264 0.413270 0.421243 0.504534 0.498199 0.401243 0.000000 0.000000 0.000000 0.000000 0.000000 0.000000 0.000000 0.000000 0.000000 0.000000 0.000000 0.000000 0.000000 0.000000 0.000000 0.402456 0.424243 0.534180 0.524802 0.401479 0.000000 0.000000 0.000000 0.000000 0.000000 0.000000 0.000000 0.000000 0.000000 0.000000 0.000000 0.000000 0.000000 0.000000 0.000000 0.000000 0.000000 0.000000 0.000000 0.000000 0.000000 0.000000 0.000000 0.000000 0.000000 0.000000 0.000000 0.000000 0.000000 0.000000 0.000000 0.000000 0.000000 0.000000 0.000000 0.000000 0.000000 0.000000 0.000000 0.000000 0.000000 0.000000 0.000000 0.000000 0.000000 0.000000 0.000000 0.000000 0.000000 0.000000 0.000000 0.000000 0.451714 0.500821 0.518086 0.517454 0.506362 0.489160 0.466334 0.436531 0.000000 0.000000 0.000000 0.000000 0.000000 0.000000 0.000000 0.000000 0.000000 0.000000 0.000000 0.000000 0.417189 0.455035 0.497674 0.538426 0.562350 0.583161 0.613242 0.634184 0.646616 0.640817 0.626442 0.607335 0.576457 0.544424 0.506671 0.575074 0.454076 0.447283 0.450662 0.454887 0.455035 0.447831 0.431071 0.000000 0.000000 0.000000 0.000000 0.000000 0.000000 0.000000 0.000000 0.000000 0.416023 0.445398 0.460795 0.469414 0.469882 0.457605 0.425755 0.000000 0.000000 0.000000 0.000000 0.000000 0.000000 0.000000 0.000000 0.000000 0.000000 0.000000 0.461898 0.616264 0.704363 0.775595 0.809668 0.833665 0.850967 0.806409 0.709309 0.679036 0.674830
0.000000 0.000000 0.000000 0.000000 0.000000 0.000000 0.000000 0.000000 0.000000 0.000000 0.000000 0.000000 0.000000 0.000000 0.000000 0.000000 0.000000 0.000000 0.000000 0.000000 0.000000 0.000000 0.000000 0.000000 0.000000 0.000000 0.000000 0.000000 0.000000 0.000000 0.000000 0.000000 0.000000 0.000000 0.000000 0.000000 0.000000 0.000000 0.000000 0.000000 0.000000 0.000000 0.000000 0.000000 0.000000 0.000000 0.000000 0.000000 0.000000 0.000000 0.000000 0.000000 0.000000 0.000000 0.000000 0.000000 0.000000 0.000000 0.000000 0.000000 0.000000 0.000000 0.000000 0.000000 0.000000 0.000000 0.000000 0.000000 0.000000 0.000000 0.000000 0.000000 0.000000 0.000000 0.521842 0.557986 0.499387 0.477091 0.507213 0.567848 0.673778 0.786408 0.848823 0.869507 0.922102 0.867937 0.883757 0.880961 0.858256 0.888347 0.797217 0.759715 0.723873 0.681670 0.643327 0.642094 0.697903 0.742797 0.778858 0.813265 0.821143 0.803764 0.777818 0.762496 0.745499 0.731133 0.710459 0.676826 0.638831 0.555800 0.516559 0.481691 0.444443 0.407366 0.000000 0.000000 0.000000 0.000000 0.000000 0.402074 0.405826 0.422730 0.454430 0.469245 0.467142 0.448512 0.422030 0.414846 0.421663 0.425896 0.426514 0.420144 0.402125 0.000000 0.000000 0.000000 0.000000 0.000000 0.000000 0.000000 0.000000 0.000000 0.514975 0.649677 0.681904 0.668530 0.625935 0.565614 0.419577 0.000000 0.000000 0.390844 0.403285 0.406669 0.403228 0.393763 0.000000 0.000000 0.000000 0.000000 0.000000 0.000000 0.000000 0.000000 0.000000 0.000000 0.000000 0.000000 0.000000 0.000000 0.000000 0.000000 0.000000 0.000000 0.000000 0.000000 0.000000 0.000000 0.000000 0.000000 0.000000 0.000000 0.000000 0.000000 0.000000 0.000000 0.000000 0.000000 0.000000 0.000000 0.000000 0.000000 0.000000 0.000000 0.000000 0.000000 0.000000 0.000000 0.525702 0.613345 0.661747 0.675333 0.666232 0.644875 0.621367 0.585491 0.533451 0.478315 0.424153 0.000000 0.000000 0.435089 0.494003 0.510297 0.497769 0.466599 0.440699 0.431221 0.447526 0.483740 0.528354 0.573177 0.610334 0.624438 0.653213 0.693061 0.728963 0.742505 0.738837 0.726482 0.707331 0.683853 0.649474 0.615362 0.585460 0.570638 0.570272 0.578376 0.589914 0.596408 0.595265 0.586721 0.571767 0.554765 0.531425 0.505365 0.475443 0.443607 0.000000 0.000000 0.000000 0.000000 0.000000 0.000000 0.000000 0.000000 0.423404 0.418694 0.000000 0.000000 0.000000 0.000000 0.000000 0.000000 0.000000 0.000000 0.000000 0.000000 0.000000 0.000000 0.000000 0.000000 0.428369 0.469775 0.556872 0.580663 0.586383 0.594386 0.511392 0.465400
0.000000 0.000000 0.000000 0.000000 0.000000 0.000000 0.000000 0.000000 0.000000 0.000000 0.000000 0.000000 0.000000 0.000000 0.000000 0.000000 0.000000 0.000000 0.000000 0.000000 0.000000 0.000000 0.000000 0.000000 0.000000 0.000000 0.000000 0.000000 0.000000 0.000000 0.000000 0.000000 0.000000 0.000000 0.000000 0.000000 0.000000 0.000000 0.000000 0.000000 0.000000 0.000000 0.000000 0.000000 0.000000 0.000000 0.000000 0.000000 0.000000 0.000000 0.000000 0.000000 0.000000 0.000000 0.000000 0.000000 0.000000 0.000000 0.000000 0.000000 0.000000 0.000000 0.000000 0.000000 0.000000 0.000000 0.000000 0.000000 0.000000 0.004000 0.000000 0.000000 0.000000 0.000000 0.445666 0.474609 0.450716 0.438834 0.463671 0.552599 0.679370 0.689917 0.720963 0.737106 0.765029 0.774600 0.783203 0.782821 0.777258 0.772229 0.764082 0.745461 0.704862 0.744824 0.800537 0.853088 0.908447 0.936866 0.946233 0.941641 0.912617 0.854605 0.806366 0.755843 0.710021 0.674565 0.633298 0.598307 0.558053 0.516405 0.482005 0.451458 0.422711 0.406065 0.412230 0.432494 0.444089 0.448200 0.537457 0.545458 0.532547 0.516403 0.442924 0.448592 0.458415 0.470449 0.493502 0.517680 0.540807 0.548833 0.544074 0.527013 0.501594 0.462479 0.485772 0.376275 0.000000 0.000000 0.000000 0.000000 0.000000 0.476217 0.620961 0.691541 0.689436 0.642552 0.700268 0.595129 0.578657 0.570676 0.564789 0.555939 0.566765 0.500214 0.490685 0.474954 0.458864 0.438114 0.413727 0.000000 0.000000 0.000000 0.000000 0.000000 0.000000 0.000000 0.000000 0.000000 0.000000 0.000000 0.000000 0.000000 0.000000 0.000000 0.000000 0.000000 0.000000 0.000000 0.000000 0.000000 0.000000 0.000000 0.000000 0.000000 0.000000 0.000000 0.000000 0.000000 0.000000 0.000000 0.000000 0.000000 0.000000 0.000000 0.000000 0.000000 0.000000 0.541833 0.660455 0.739552 0.768558 0.762537 0.736082 0.696974 0.666125 0.613084 0.536259 0.473325 0.000000 0.000000 0.432999 0.524904 0.572747 0.571352 0.539263 0.490435 0.453151 0.438683 0.442890 0.470967 0.509760 0.535402 0.547382 0.561236 0.605109 0.662425 0.705634 0.727312 0.727827 0.722763 0.713235 0.694581 0.677229 0.657577 0.634968 0.625271 0.621255 0.621086 0.620863 0.619981 0.619283 0.616909 0.611584 0.602736 0.588699 0.570549 0.552711 0.528288 0.501264 0.469206 0.439847 0.000000 0.000000 0.000000 0.000000 0.000000 0.000000 0.000000 0.000000 0.000000 0.000000 0.000000 0.000000 0.000000 0.000000 0.000000 0.423738 0.415792 0.000000 0.000000 0.000000 0.476904 0.570271 0.644045 0.683577 0.685046 0.611073 0.517959 0.000000 0.000000
0.000000 0.000000 0.000000 0.000000 0.000000 0.000000 0.000000 0.000000 0.000000 0.000000 0.000000 0.000000 0.000000 0.000000 0.000000 0.000000 0.000000 0.000000 0.000000 0.000000 0.000000 0.000000 0.000000 0.000000 0.000000 0.000000 0.000000 0.000000 0.000000 0.000000 0.000000 0.000000 0.000000 0.000000 0.000000 0.000000 0.000000 0.000000 0.000000 0.000000 0.384092 0.370707 0.000000 0.000000 0.000000 0.000000 0.000000 0.000000 0.000000 0.000000 0.000000 0.000000 0.000000 0.000000 0.000000 0.000000 0.000000 0.000000 0.000000 0.000000 0.000000 0.000000 0.000000 0.000000 0.000000 0.000000 0.000000 0.000000 0.000000 0.000000 0.000000 0.000000 0.000000 0.000000 0.000000 0.000000 0.000000 0.412420 0.445500 0.457399 0.449588 0.489780 0.528545 0.556524 0.590904 0.627844 0.665929 0.685602 0.696111 0.708295 0.798112 0.864645 0.920926 0.955006 0.997461 1.029860 1.045944 1.039722 1.007617 0.941279 0.871028 0.796608 0.721583 0.651235 0.589943 0.534727 0.479187 0.423242 0.000000 0.000000 0.000000 0.000000 0.000000 0.000000 0.418873 0.463690 0.489709 0.500357 0.501380 0.495365 0.473411 0.550237 0.559753 0.570545 0.556591 0.586740 0.605003 0.611781 0.610652 0.602212 0.586940 0.568143 0.543539 0.506567 0.466222 0.422825 0.000000 0.000000 0.000000 0.000000 0.000000 0.438603 0.619620 0.705592 0.768966 0.809052 0.809639 0.777737 0.677092 0.644255 0.624442 0.604473 0.615403 0.598307 0.523793 0.504676 0.480884 0.454770 0.422516 0.000000 0.000000 0.000000 0.000000 0.000000 0.000000 0.000000 0.000000 0.000000 0.000000 0.000000 0.000000 0.000000 0.000000 0.000000 0.000000 0.000000 0.000000 0.000000 0.000000 0.000000 0.000000 0.000000 0.000000 0.000000 0.000000 0.000000 0.000000 0.000000 0.000000 0.000000 0.000000 0.000000 0.000000 0.000000 0.000000 0.000000 0.000000 0.484900 0.613211 0.693042 0.709902 0.680979 0.630874 0.599909 0.597068 0.554107 0.486337 0.000000 0.000000 0.000000 0.000000 0.523544 0.552245 0.520162 0.457566 0.000000 0.000000 0.000000 0.000000 0.000000 0.000000 0.000000 0.000000 0.000000 0.000000 0.000000 0.000000 0.000000 0.000000 0.000000 0.000000 0.455906 0.521413 0.562647 0.570153 0.565493 0.555220 0.543027 0.526293 0.511867 0.501341 0.492842 0.489280 0.491291 0.492834 0.490162 0.483682 0.473062 0.460836 0.445990 0.428488 0.000000 0.000000 0.000000 0.000000 0.000000 0.000000 0.000000 0.000000 0.000000 0.000000 0.000000 0.000000 0.000000 0.000000 0.000000 0.000000 0.000000 0.000000 0.432145 0.549650 0.666038 0.750184 0.794151 0.808779 0.790420 0.691772 0.574024 0.459647 0.000000
0.000000 0.000000 0.000000 0.000000 0.000000 0.000000 0.000000 0.000000 0.000000 0.000000 0.000000 0.000000 0.000000 0.000000 0.000000 0.000000 0.000000 0.000000 0.000000 0.000000 0.000000 0.000000 0.000000 0.000000 0.000000 0.000000 0.000000 0.000000 0.000000 0.000000 0.000000 0.000000 0.000000 0.000000 0.000000 0.000000 0.000000 0.000000 0.000000 0.000000 0.000000 0.000000 0.000000 0.000000 0.000000 0.000000 0.000000 0.000000 0.000000 0.000000 0.000000 0.000000 0.000000 0.000000 0.000000 0.000000 0.000000 0.000000 0.000000 0.000000 0.000000 0.000000 0.000000 0.000000 0.000000 0.000000 0.000000 0.000000 0.000000 0.000000 0.000000 0.000000 0.000000 0.000000 0.004000 0.000000 0.000000 0.000000 0.000000 0.000000 0.000000 0.452749 0.463742 0.471989 0.508355 0.585326 0.665551 0.738537 0.804405 0.878223 0.953135 1.018619 1.045940 1.072992 1.091204 1.098787 1.082143 1.030114 0.959687 0.883480 0.788518 0.689329 0.592566 0.504649 0.422707 0.000000 0.000000 0.000000 0.000000 0.000000 0.000000 0.000000 0.000000 0.000000 0.431586 0.462809 0.483069 0.491741 0.498182 0.499412 0.516591 0.588117 0.587361 0.601397 0.623861 0.651262 0.639859 0.638819 0.625432 0.609124 0.589239 0.567248 0.546070 0.515737 0.482314 0.447290 0.416379 0.391487 0.000000 0.000000 0.000000 0.463864 0.630954 0.791421 0.901079 0.951717 0.961472 0.944641 0.908312 0.845595 0.776149 0.707545 0.631501 0.595200 0.560704 0.529176 0.497583 0.460802 0.422876 0.000000 0.000000 0.000000 0.000000 0.000000 0.000000 0.000000 0.000000 0.000000 0.000000 0.000000 0.000000 0.000000 0.000000 0.000000 0.000000 0.000000 0.000000 0.000000 0.000000 0.000000 0.000000 0.000000 0.000000 0.000000 0.000000 0.000000 0.000000 0.000000 0.000000 0.000000 0.000000 0.000000 0.000000 0.000000 0.000000 0.000000 0.000000 0.000000 0.000000 0.000000 0.000000 0.000000 0.000000 0.000000 0.000000 0.000000 0.000000 0.000000 0.000000 0.000000 0.000000 0.000000 0.000000 0.000000 0.000000 0.000000 0.000000 0.000000 0.000000 0.000000 0.000000 0.000000 0.000000 0.000000 0.430176 0.000000 0.000000 0.000000 0.000000 0.000000 0.000000 0.000000 0.000000 0.423797 0.460972 0.484180 0.495536 0.493939 0.480914 0.462385 0.442621 0.000000 0.000000 0.000000 0.000000 0.000000 0.000000 0.000000 0.000000 0.000000 0.000000 0.000000 0.000000 0.000000 0.000000 0.000000 0.000000 0.000000 0.000000 0.000000 0.000000 0.000000 0.000000 0.000000 0.000000 0.000000 0.000000 0.000000 0.000000 0.000000 0.511174 0.621698 0.686858 0.701456 0.692444 0.667531 0.586524 0.497981 0.000000 0.000000
0.000000 0.000000 0.000000 0.000000 0.000000 0.000000 0.000000 0.000000 0.000000 0.000000 0.000000 0.000000 0.000000 0.000000 0.000000 0.000000 0.000000 0.000000 0.000000 0.000000 0.000000 0.000000 0.000000 0.000000 0.000000 0.000000 0.000000 0.000000 0.000000 0.000000 0.000000 0.000000 0.000000 0.000000 0.000000 0.000000 0.000000 0.000000 0.380630 0.000000 0.000000 0.000000 0.000000 0.000000 0.000000 0.000000 0.000000 0.000000 0.000000 0.000000 0.000000 0.000000 0.000000 0.000000 0.000000 0.000000 0.000000 0.004000 0.000000 0.000000 0.000000 0.000000 0.000000 0.380091 0.398367 0.414415 0.435177 0.458949 0.475609 0.490053 0.500378 0.503129 0.495186 0.475558 0.455119 0.427419 0.399984 0.000000 0.000000 0.132115 0.000000 0.404912 0.509378 0.610363 0.686422 0.746639 0.799418 0.845894 0.891254 0.938128 1.007171 1.044349 1.036421 1.029774 1.013942 0.969486 0.905193 0.845981 0.809954 0.757954 0.679736 0.587814 0.429884 0.000000 0.000000 0.000000 0.000000 0.000000 0.000000 0.000000 0.000000 0.000000 0.000000 0.000000 0.000000 0.000000 0.417342 0.424878 0.437638 0.444176 0.441291 0.447251 0.435222 0.544045 0.589252 0.625458 0.642316 0.612142 0.605432 0.601863 0.590177 0.565461 0.533162 0.494392 0.451190 0.412131 0.394402 0.389235 0.389846 0.449153 0.494225 0.540993 0.640932 0.763159 0.879120 0.974456 1.038373 1.064650 1.040869 0.993059 0.921567 0.846258 0.780889 0.727802 0.675313 0.625552 0.576466 0.531487 0.488706 0.449381 0.412461 0.000000 0.000000 0.000000 0.000000 0.000000 0.000000 0.000000 0.000000 0.000000 0.000000 0.000000 0.000000 0.000000 0.000000 0.000000 0.000000 0.000000 0.000000 0.000000 0.000000 0.000000 0.000000 0.000000 0.000000 0.000000 0.000000 0.000000 0.000000 0.000000 0.000000 0.000000 0.000000 0.000000 0.000000 0.000000 0.000000 0.000000 0.000000 0.000000 0.000000 0.000000 0.000000 0.000000 0.000000 0.000000 0.000000 0.000000 0.000000 0.000000 0.000000 0.000000 0.000000 0.000000 0.000000 0.000000 0.000000 0.428892 0.000000 0.000000 0.000000 0.000000 0.000000 0.000000 0.000000 0.000000 0.000000 0.000000 0.000000 0.000000 0.000000 0.000000 0.000000 0.000000 0.000000 0.000000 0.000000 0.000000 0.000000 0.000000 0.000000 0.000000 0.000000 0.000000 0.000000 0.000000 0.000000 0.000000 0.000000 0.000000 0.000000 0.000000 0.000000 0.000000 0.000000 0.000000 0.000000 0.000000 0.000000 0.000000 0.000000 0.000000 0.000000 0.000000 0.000000 0.000000 0.000000 0.000000 0.000000 0.000000 0.000000 0.431494 0.486923 0.495550 0.471538 0.438566 0.421554 0.000000 0.000000 0.000000
0.000000 0.000000 0.000000 0.000000 0.000000 0.000000 0.000000 0.000000 0.000000 0.000000 0.000000 0.000000 0.000000 0.000000 0.000000 0.000000 0.000000 0.000000 0.000000 0.000000 0.000000 0.000000 0.000000 0.000000 0.000000 0.000000 0.000000 0.000000 0.000000 0.000000 0.000000 0.000000 0.000000 0.232396 0.000000 0.000000 0.000000 0.397954 0.000000 0.000000 0.000000 0.000000 0.000000 0.000000 0.000000 0.000000 0.000000 0.000000 0.000000 0.000000 0.000000 0.000000 0.000000 0.000000 0.000000 0.000000 0.004000 0.000000 0.000000 0.004000 0.411562 1.040409 0.527874 0.578633 0.615268 0.630433 0.638083 0.638518 0.637359 0.637940 0.636658 0.630871 0.618418 0.592030 0.558146 0.517765 0.480930 0.442858 1.004418 0.488904 0.488438 0.548027 0.627581 0.709405 0.771794 0.816819 0.844015 0.866326 0.876698 0.930809 0.902951 0.905613 0.890841 0.856440 0.801060 0.741410 0.689788 0.663881 0.646954 0.618427 0.592092 0.543733 0.521440 0.500273 0.468639 0.443993 0.414398 0.000000 0.000000 0.000000 0.000000 0.000000 0.000000 0.000000 0.000000 0.000000 0.000000 0.000000 0.000000 0.000000 0.000000 0.000000 0.000000 0.000000 0.000000 0.442783 0.484383 0.530114 0.561091 0.569798 0.567503 0.553066 0.519942 0.486905 0.511965 0.498761 0.432425 0.466243 0.511862 0.554836 0.567784 0.589130 0.617661 0.650153 0.694631 0.767508 0.839003 0.891439 0.931659 0.935216 0.892461 0.852424 0.818563 0.781659 0.749251 0.716054 0.674581 0.635636 0.549950 0.512312 0.484487 0.455813 0.422058 0.000000 0.000000 0.000000 0.000000 0.000000 0.000000 0.000000 0.000000 0.000000 0.000000 0.000000 0.000000 0.000000 0.000000 0.000000 0.000000 0.000000 0.000000 0.000000 0.000000 0.000000 0.000000 0.000000 0.000000 0.000000 0.000000 0.000000 0.000000 0.000000 0.000000 0.000000 0.000000 0.000000 0.000000 0.000000 0.000000 0.000000 0.000000 0.000000 0.000000 0.000000 0.000000 0.000000 0.000000 0.000000 0.000000 0.000000 0.000000 0.000000 0.000000 0.000000 0.000000 0.000000 0.000000 0.000000 0.000000 0.000000 0.000000 0.000000 0.000000 0.000000 0.000000 0.000000 0.000000 0.000000 0.000000 0.000000 0.000000 0.000000 0.000000 0.000000 0.000000 0.000000 0.466634 0.460076 0.000000 0.000000 0.000000 0.000000 0.000000 0.000000 0.000000 0.000000 0.000000 0.000000 0.000000 0.000000 0.000000 0.000000 0.000000 0.000000 0.000000 0.000000 0.000000 0.000000 0.000000 0.000000 0.000000 0.000000 0.000000 0.000000 0.457673 0.521110 0.543662 0.542765 0.529574 0.511822 0.488381 0.456472 0.000000 0.000000 0.000000 0.000000 0.000000 0.000000 0.000000 0.000000
0.000000 0.000000 0.000000 0.000000 0.000000 0.000000 0.000000 0.000000 0.000000 0.000000 0.000000 0.000000 0.000000 0.000000 0.000000 0.000000 0.000000 0.000000 0.000000 0.000000 0.000000 0.000000 0.000000 0.000000 0.000000 0.000000 0.000000 0.000000 0.000000 0.000000 0.000000 0.000000 0.000000 0.000000 0.000000 0.000000 0.000000 0.000000 0.000000 0.000000 0.000000 0.000000 0.000000 0.000000 0.000000 0.415411 0.442123 0.451953 0.454455 0.456740 0.462218 0.465334 0.462203 0.459535 0.457426 0.453398 0.452317 0.454442 0.453004 0.447560 0.441642 0.430176 0.501695 0.535926 0.534833 0.580005 0.789840 0.826373 0.690950 0.701850 0.700040 0.691872 0.675331 0.640525 0.637085 0.620196 0.606134 0.597759 0.596587 0.576145 0.595427 0.619158 0.658712 0.710537 0.755432 0.768460 0.768368 0.764347 0.748550 0.715021 0.673595 0.608468 0.616983 0.629271 0.655107 0.673350 0.681159 0.675331 0.654698 0.618934 0.607650 0.603877 0.595278 0.571034 0.546633 0.518151 0.497800 0.483891 0.490425 0.495278 0.488873 0.471809 0.454420 0.431387 0.409768 0.000000 0.000000 0.000000 0.000000 0.000000 0.000000 0.000000 0.000000 0.000000 0.000000 0.000000 0.000000 0.000000 0.446799 0.490555 0.515586 0.523275 0.580698 0.595493 0.592012 0.575387 0.524190 0.539711 0.563182 0.587055 0.600989 0.604698 0.597648 0.603325 0.655037 0.647803 0.677422 0.694420 0.697284 0.747393 0.737135 0.723752 0.706477 0.689148 0.673987 0.653526 0.630476 0.606174 0.585108 0.510215 0.499024 0.480785 0.458234 0.427709 0.000000 0.000000 0.000000 0.000000 0.000000 0.000000 0.000000 0.000000 0.000000 0.000000 0.000000 0.000000 0.000000 0.000000 0.000000 0.000000 0.000000 0.000000 0.000000 0.000000 0.000000 0.000000 0.000000 0.000000 0.000000 0.000000 0.000000 0.000000 0.000000 0.000000 0.000000 0.000000 0.000000 0.000000 0.000000 0.000000 0.000000 0.000000 0.000000 0.000000 0.000000 0.000000 0.000000 0.000000 0.000000 0.000000 0.000000 0.000000 0.000000 0.000000 0.000000 0.000000 0.000000 0.000000 0.000000 0.000000 0.000000 0.000000 0.000000 0.000000 0.000000 0.000000 0.000000 0.000000 0.000000 0.000000 0.000000 0.000000 0.000000 0.000000 0.508517 0.630086 0.691683 0.653405 0.571635 0.491865 0.450291 0.418090 0.000000 0.000000 0.000000 0.000000 0.000000 0.000000 0.000000 0.000000 0.000000 0.000000 0.000000 0.000000 0.000000 0.000000 0.000000 0.000000 0.000000 0.000000 0.000000 0.000000 0.000000 0.000000 0.521125 0.592221 0.617374 0.619773 0.614518 0.605154 0.591517 0.571683 0.551030 0.517198 0.473961 0.000000 0.000000 0.000000 0.000000 0.000000
0.000000 0.000000 0.000000 0.000000 0.000000 0.000000 0.000000 0.000000 0.000000 0.000000 0.000000 0.000000 0.000000 0.000000 0.000000 0.000000 0.000000 0.000000 0.000000 0.000000 0.000000 0.000000 0.000000 0.000000 0.000000 0.000000 0.000000 0.000000 0.000000 0.000000 0.000000 0.000000 0.000000 0.000000 0.000000 0.000000 0.000000 0.000000 0.000000 0.000000 0.000000 0.000000 0.453545 0.513444 0.563981 0.584399 0.579825 0.568235 0.560740 0.554249 0.550704 0.548115 0.541080 0.531109 0.523213 0.517603 0.516016 0.519252 0.520468 0.516071 0.512515 0.506660 0.494914 0.482064 0.469671 0.460071 0.451977 0.451331 0.558103 0.586740 0.604968 0.585941 0.605844 0.623524 0.630809 0.673712 0.672690 0.659074 0.621115 0.629303 0.628538 0.619443 0.626064 0.614394 0.619812 0.610533 0.583618 0.554578 0.524169 0.503784 0.487686 0.476355 0.464139 0.446068 0.419182 0.393391 0.000000 0.000000 0.000000 0.401011 0.455507 0.482289 0.487487 0.477713 0.471743 0.487461 0.515748 0.548605 0.565847 0.569853 0.564658 0.551255 0.528949 0.506961 0.482298 0.455607 0.426694 0.405845 0.000000 0.000000 0.000000 0.000000 0.000000 0.000000 0.000000 0.000000 0.000000 0.000000 0.000000 0.000000 0.000000 0.466955 0.590128 0.617824 0.583343 0.572868 0.565198 0.597869 0.589604 0.611045 0.626603 0.639820 0.652806 0.659769 0.660777 0.677804 0.714721 0.728742 0.721736 0.703862 0.682106 0.660250 0.639023 0.664509 0.644566 0.627197 0.603048 0.578165 0.472009 0.461903 0.455487 0.448532 0.439013 0.422264 0.403958 0.000000 0.000000 0.000000 0.000000 0.000000 0.000000 0.000000 0.000000 0.000000 0.000000 0.000000 0.000000 0.000000 0.000000 0.000000 0.000000 0.000000 0.000000 0.000000 0.000000 0.000000 0.000000 0.000000 0.000000 0.000000 0.000000 0.000000 0.000000 0.000000 0.000000 0.000000 0.000000 0.000000 0.000000 0.000000 0.000000 0.000000 0.000000 0.000000 0.000000 0.000000 0.000000 0.000000 0.000000 0.000000 0.000000 0.000000 0.000000 0.000000 0.000000 0.000000 0.000000 0.000000 0.000000 0.000000 0.000000 0.000000 0.000000 0.000000 0.000000 0.000000 0.000000 0.000000 0.000000 0.000000 0.000000 0.000000 0.000000 0.446578 0.582824 0.781371 0.842788 0.774837 0.700703 0.662187 0.655706 0.632046 0.592929 0.535312 0.468387 0.000000 0.000000 0.000000 0.000000 0.000000 0.000000 0.000000 0.000000 0.000000 0.000000 0.000000 0.000000 0.000000 0.000000 0.000000 0.000000 0.000000 0.000000 0.000000 0.000000 0.427174 0.460900 0.572506 0.586996 0.592080 0.584323 0.512762 0.510980 0.502727 0.487355 0.460884 0.000000 0.000000 0.000000 0.000000
0.000000 0.000000 0.000000 0.000000 0.000000 0.000000 0.000000 0.000000 0.000000 0.000000 0.000000 0.000000 0.000000 0.000000 0.000000 0.000000 0.000000 0.000000 0.000000 0.000000 0.000000 0.000000 0.000000 0.000000 0.000000 0.000000 0.000000 0.000000 0.000000 0.000000 0.000000 0.000000 0.000000 0.000000 0.000000 0.000000 0.000000 0.000000 0.000000 0.423263 0.466580 0.517723 0.587465 0.672840 0.699476 0.687677 0.663054 0.643033 0.623969 0.604859 0.583488 0.566401 0.551797 0.536028 0.535461 0.537384 0.540743 0.550802 0.556679 0.557660 0.559162 0.561018 0.559283 0.558422 0.561202 0.564266 0.567934 0.572628 0.618499 0.652460 0.669812 0.636125 0.655934 0.674047 0.671260 0.672335 0.662801 0.639757 0.633780 0.624023 0.593340 0.557788 0.541574 0.513665 0.483231 0.489547 0.482014 0.474931 0.470957 0.463650 0.451214 0.432466 0.408274 0.000000 0.000000 0.000000 0.000000 0.000000 0.425046 0.431513 0.000000 0.440079 0.619992 0.616746 0.646697 0.642555 0.671585 0.662878 0.657446 0.656323 0.650795 0.635711 0.612381 0.580029 0.506723 0.473864 0.443069 0.412030 0.000000 0.000000 0.000000 0.000000 0.000000 0.000000 0.000000 0.000000 0.000000 0.000000 0.000000 0.000000 0.459066 0.538501 0.575468 0.651459 0.623667 0.639174 0.658074 0.675101 0.687868 0.696800 0.698930 0.700794 0.702055 0.557909 0.554464 0.564349 0.576733 0.580627 0.579651 0.569550 0.695050 0.668667 0.636466 0.592828 0.589742 0.534195 0.513559 0.486214 0.459034 0.442560 0.431031 0.423532 0.418877 0.412433 0.404091 0.000000 0.000000 0.000000 0.000000 0.000000 0.000000 0.000000 0.000000 0.000000 0.000000 0.000000 0.000000 0.000000 0.430037 0.434931 0.432528 0.427516 0.000000 0.000000 0.000000 0.000000 0.000000 0.000000 0.000000 0.000000 0.000000 0.000000 0.000000 0.000000 0.000000 0.000000 0.000000 0.000000 0.000000 0.000000 0.000000 0.000000 0.000000 0.000000 0.000000 0.000000 0.000000 0.000000 0.000000 0.000000 0.000000 0.000000 0.000000 0.000000 0.000000 0.000000 0.000000 0.000000 0.000000 0.000000 0.000000 0.000000 0.000000 0.000000 0.000000 0.000000 0.000000 0.000000 0.000000 0.000000 0.000000 0.000000 0.000000 0.000000 0.595063 0.836306 0.853768 0.773855 0.764925 0.818000 0.840709 0.824667 0.771617 0.708698 0.646269 0.588699 0.530826 0.474233 0.000000 0.000000 0.000000 0.000000 0.000000 0.000000 0.000000 0.000000 0.000000 0.000000 0.000000 0.000000 0.000000 0.000000 0.000000 0.000000 0.000000 0.452411 0.532929 0.572212 0.584914 0.571007 0.542074 0.498115 0.443064 0.000000 0.000000 0.000000 0.000000 0.000000 0.000000 0.000000
0.000000 0.000000 0.000000 0.000000 0.000000 0.000000 0.000000 0.000000 0.000000 0.000000 0.000000 0.000000 0.000000 0.000000 0.000000 0.000000 0.000000 0.000000 0.000000 0.000000 0.000000 0.000000 0.000000 0.000000 0.000000 0.000000 0.000000 0.000000 0.000000 0.000000 0.000000 0.000000 0.000000 0.000000 0.000000 0.000000 0.000000 0.000000 0.470379 0.520310 0.562252 0.608789 0.703086 0.754730 0.741886 0.699216 0.684759 0.659041 0.621473 0.580782 0.549724 0.522878 0.508632 0.496954 0.493317 0.511868 0.540735 0.553407 0.534077 0.539059 0.556163 0.573868 0.595625 0.613233 0.651778 0.677989 0.705121 0.932935 0.755636 0.769914 0.764741 0.757374 0.762244 0.763420 0.745291 0.674547 0.651746 0.672298 0.645108 0.582128 0.565152 0.557688 0.546343 0.520760 0.491056 0.483396 0.466248 0.449486 0.427354 0.404845 0.000000 0.000000 0.000000 0.000000 0.000000 0.000000 0.000000 0.000000 0.417676 0.494402 0.583149 0.680623 0.736954 0.780098 0.773180 0.764231 0.726497 0.682583 0.648921 0.654442 0.659681 0.654565 0.632386 0.602626 0.563531 0.522523 0.416640 0.000000 0.000000 0.000000 0.000000 0.416045 0.417948 0.000000 0.000000 0.000000 0.000000 0.000000 0.381940 0.430383 0.587471 0.674696 0.655096 0.675371 0.697114 0.719089 0.733481 0.737624 0.738475 0.595153 0.596280 0.598282 0.596053 0.586307 0.576728 0.571669 0.562414 0.552817 0.544588 0.542676 0.549227 0.733595 0.701787 0.648907 0.607962 0.572900 0.500432 0.479539 0.459839 0.440564 0.420657 0.406916 0.000000 0.000000 0.000000 0.000000 0.000000 0.000000 0.000000 0.000000 0.000000 0.000000 0.000000 0.000000 0.000000 0.000000 0.000000 0.000000 0.000000 0.000000 0.000000 0.000000 0.000000 0.000000 0.000000 0.000000 0.000000 0.000000 0.000000 0.000000 0.000000 0.000000 0.000000 0.000000 0.000000 0.000000 0.000000 0.000000 0.000000 0.000000 0.000000 0.000000 0.000000 0.000000 0.000000 0.000000 0.000000 0.000000 0.000000 0.000000 0.000000 0.000000 0.481363 0.536779 0.535200 0.494645 0.432764 0.000000 0.000000 0.000000 0.000000 0.000000 0.000000 0.000000 0.000000 0.000000 0.000000 0.000000 0.000000 0.000000 0.000000 0.000000 0.000000 0.000000 0.494385 0.742938 0.759379 0.692484 0.762140 0.847481 0.884510 0.858530 0.806913 0.734994 0.682972 0.660644 0.629326 0.594076 0.554023 0.512026 0.467470 0.000000 0.000000 0.000000 0.000000 0.000000 0.000000 0.000000 0.000000 0.000000 0.000000 0.000000 0.000000 0.000000 0.000000 0.000000 0.000000 0.000000 0.459544 0.485778 0.490516 0.477236 0.453203 0.000000 0.000000 0.000000 0.000000 0.464827 0.492328 0.473493
0.000000 0.000000 0.000000 0.000000 0.000000 0.000000 0.000000 0.000000 0.000000 0.000000 0.000000 0.000000 0.000000 0.000000 0.000000 0.000000 0.000000 0.000000 0.000000 0.000000 0.000000 0.000000 0.000000 0.000000 0.000000 0.378251 0.392995 0.000000 0.000000 0.000000 0.000000 0.000000 0.000000 0.000000 0.000000 0.000000 0.000000 0.000000 0.466050 0.554217 0.582144 0.550657 0.506768 0.538879 0.541122 0.531578 0.523891 0.499148 0.460553 0.420777 0.385215 0.000000 0.420206 0.422978 0.422218 0.425808 0.430129 0.432702 0.429012 0.000000 0.502715 0.534719 0.574847 0.610885 0.654387 0.690955 1.017358 0.724888 0.743496 0.726356 0.707175 0.693120 0.685168 0.682912 0.671690 0.654117 0.640608 0.596362 0.573901 0.564679 0.570247 0.549570 0.516748 0.491977 0.464110 0.447295 0.413228 0.000000 0.000000 0.000000 0.000000 0.000000 0.000000 0.375036 0.433383 0.468377 0.487344 0.501593 0.531334 0.586331 0.672791 0.760522 0.804729 0.799510 0.773876 0.756653 0.721894 0.685435 0.655350 0.625622 0.596898 0.618962 0.600848 0.574560 0.534073 0.531269 0.515214 0.552887 0.573623 0.593935 0.590617 0.578391 0.564509 0.523801 0.470864 0.435476 0.427380 0.518730 0.558594 0.642810 0.713060 0.697530 0.713308 0.718707 0.737115 0.758318 0.772039 0.765553 0.619597 0.616920 0.612776 0.602120 0.586518 0.567241 0.552553 0.536766 0.514194 0.502260 0.491314 0.623751 0.646276 0.646787 0.666206 0.633810 0.596722 0.543416 0.524254 0.508814 0.519755 0.415157 0.000000 0.000000 0.000000 0.000000 0.000000 0.000000 0.000000 0.000000 0.000000 0.000000 0.000000 0.000000 0.000000 0.000000 0.000000 0.000000 0.000000 0.000000 0.000000 0.000000 0.000000 0.000000 0.000000 0.000000 0.000000 0.000000 0.000000 0.000000 0.000000 0.000000 0.000000 0.000000 0.000000 0.000000 0.000000 0.000000 0.000000 0.000000 0.000000 0.000000 0.000000 0.000000 0.000000 0.000000 0.000000 0.000000 0.000000 0.000000 0.000000 0.000000 0.467471 0.597210 0.681049 0.709051 0.690973 0.637978 0.572360 0.505308 0.438115 0.000000 0.000000 0.000000 0.000000 0.000000 0.000000 0.000000 0.000000 0.000000 0.000000 0.000000 0.000000 0.000000 0.467666 0.468682 0.439330 0.474252 0.515963 0.551312 0.687716 0.784201 0.823816 0.795644 0.728212 0.744242 0.746180 0.726901 0.697376 0.675212 0.651667 0.624397 0.593575 0.560190 0.527490 0.494861 0.460523 0.428003 0.000000 0.000000 0.000000 0.000000 0.000000 0.000000 0.000000 0.000000 0.000000 0.424148 0.459656 0.479744 0.487945 0.485640 0.474043 0.462345 0.446732 0.425709 0.000000 0.000000 0.428283 0.527018 0.551446 0.545580
0.000000 0.000000 0.000000 0.000000 0.000000 0.000000 0.000000 0.000000 0.000000 0.000000 0.000000 0.000000 0.000000 0.000000 0.000000 0.000000 0.000000 0.000000 0.000000 0.000000 0.000000 0.000000 0.000000 0.000000 0.000000 0.000000 0.000000 0.000000 0.000000 0.000000 0.000000 0.000000 0.000000 0.000000 0.000000 0.000000 0.481321 0.520433 0.445041 0.000000 0.000000 0.000000 0.000000 0.000000 0.000000 0.436430 0.488456 0.437011 0.000000 0.000000 0.000000 0.000000 0.000000 0.000000 0.000000 0.000000 0.000000 0.000000 0.000000 0.000000 0.436398 0.488695 0.528645 0.560704 0.591244 0.614975 0.623232 0.608730 0.615326 0.586890 0.590908 0.590142 0.543587 0.524861 0.549334 0.568464 0.564394 0.544501 0.522919 0.507398 0.495839 0.488104 0.473329 0.459329 0.436375 0.407343 0.000000 0.000000 0.000000 0.000000 0.000000 0.381590 0.440662 0.493735 0.536596 0.561722 0.567522 0.569955 0.586523 0.619503 0.665859 0.694813 0.702367 0.694327 0.677650 0.651077 0.624793 0.600056 0.566243 0.590863 0.602651 0.615250 0.604547 0.671286 0.696030 0.715011 0.720210 0.699318 0.708327 0.708291 0.683959 0.671958 0.646784 0.677718 0.665392 0.646988 0.631130 0.634256 0.668317 0.730049 0.714386 0.731920 0.736565 0.795059 0.806244 0.820412 0.758885 0.738640 0.766382 0.737410 0.717251 0.694612 0.669696 0.650339 0.621456 0.593255 0.580877 0.514442 0.564163 0.579316 0.576467 0.575297 0.567815 0.559071 0.546012 0.529980 0.507082 0.487345 0.000000 0.000000 0.000000 0.500075 0.552177 0.540544 0.458411 0.000000 0.000000 0.000000 0.000000 0.000000 0.000000 0.000000 0.000000 0.000000 0.000000 0.000000 0.000000 0.000000 0.000000 0.000000 0.000000 0.000000 0.000000 0.000000 0.000000 0.000000 0.000000 0.000000 0.000000 0.000000 0.000000 0.000000 0.000000 0.000000 0.000000 0.000000 0.000000 0.000000 0.000000 0.000000 0.000000 0.000000 0.000000 0.000000 0.000000 0.000000 0.000000 0.000000 0.000000 0.000000 0.551627 0.664141 0.732059 0.748251 0.728428 0.691233 0.639583 0.584726 0.527155 0.470096 0.000000 0.000000 0.000000 0.000000 0.000000 0.000000 0.000000 0.000000 0.000000 0.000000 0.446064 0.543539 0.578831 0.570530 0.538559 0.496875 0.450903 0.469761 0.552513 0.613703 0.633643 0.665236 0.724270 0.765149 0.774273 0.764297 0.760300 0.769616 0.785599 0.797924 0.793543 0.769988 0.746874 0.722827 0.699035 0.682666 0.661511 0.630536 0.594423 0.545308 0.483636 0.000000 0.000000 0.522757 0.600945 0.655814 0.692643 0.715659 0.725643 0.723715 0.713742 0.699595 0.685046 0.663750 0.634790 0.606956 0.583067 0.564469 0.563940 0.567096
0.000000 0.000000 0.000000 0.000000 0.000000 0.000000 0.000000 0.000000 0.000000 0.000000 0.000000 0.000000 0.000000 0.000000 0.000000 0.000000 0.000000 0.000000 0.000000 0.000000 0.000000 0.000000 0.000000 0.000000 0.000000 0.000000 0.000000 0.000000 0.000000 0.000000 0.000000 0.000000 0.000000 0.000000 0.000000 0.000000 0.000000 0.000000 0.000000 0.000000 0.000000 0.000000 0.000000 0.000000 0.000000 0.000000 0.000000 0.000000 0.000000 0.000000 0.000000 0.000000 0.000000 0.000000 0.000000 0.000000 0.000000 0.000000 0.000000 0.459880 0.510653 0.541834 0.552283 0.545590 0.526714 0.507309 0.489600 0.501992 0.486511 0.498274 0.479677 0.440695 0.459822 0.481292 0.474104 0.444270 0.414667 0.422091 0.432175 0.437977 0.449061 0.435014 0.418219 0.401777 0.000000 0.000000 0.000000 0.000000 0.000000 0.000000 0.000000 0.424225 0.479600 0.519779 0.553973 0.568680 0.580826 0.595420 0.608875 0.625615 0.647782 0.660820 0.663305 0.661245 0.653814 0.608243 0.628352 0.647027 0.666139 0.676521 0.683821 0.694960 0.711245 0.602741 0.742256 0.752505 0.746566 0.735081 0.735090 0.735596 0.719187 0.751794 0.757827 0.762884 0.752295 0.774838 0.723384 0.705571 0.725204 0.764857 0.775457 0.777140 0.780915 0.772932 0.762712 0.750520 0.728249 0.690707 0.650037 0.639348 0.630967 0.624954 0.612343 0.595743 0.576609 0.519374 0.503364 0.481504 0.461532 0.444708 0.432843 0.417899 0.495922 0.489993 0.488259 0.406690 0.000000 0.000000 0.000000 0.000000 0.000000 0.000000 0.000000 0.000000 0.000000 0.000000 0.000000 0.000000 0.000000 0.000000 0.000000 0.000000 0.000000 0.000000 0.000000 0.000000 0.000000 0.000000 0.000000 0.000000 0.000000 0.000000 0.000000 0.000000 0.000000 0.000000 0.000000 0.000000 0.000000 0.000000 0.000000 0.000000 0.000000 0.000000 0.000000 0.000000 0.000000 0.000000 0.000000 0.000000 0.000000 0.000000 0.000000 0.000000 0.000000 0.000000 0.000000 0.000000 0.000000 0.000000 0.000000 0.000000 0.000000 0.532478 0.608321 0.631494 0.627570 0.606635 0.568631 0.523921 0.478420 0.434718 0.000000 0.000000 0.000000 0.000000 0.000000 0.000000 0.000000 0.000000 0.462259 0.545223 0.571566 0.568248 0.553827 0.528889 0.502241 0.471222 0.440101 0.445976 0.509078 0.574107 0.640991 0.688188 0.708259 0.739768 0.801951 0.879727 0.950451 1.008735 1.016156 1.011487 1.001132 1.018301 0.999247 0.992517 0.965711 0.938243 0.927954 0.916449 0.890000 0.851416 0.772011 0.779795 0.796511 0.804609 0.878869 0.868759 0.882042 0.885229 0.877709 0.859353 0.841632 0.817245 0.787246 0.761667 0.727203 0.676012 0.614282 0.578658
0.000000 0.000000 0.000000 0.000000 0.000000 0.000000 0.000000 0.000000 0.000000 0.000000 0.000000 0.000000 0.000000 0.000000 0.000000 0.000000 0.000000 0.000000 0.000000 0.000000 0.000000 0.000000 0.000000 0.000000 0.000000 0.000000 0.000000 0.000000 0.000000 0.000000 0.000000 0.000000 0.000000 0.000000 0.000000 0.000000 0.000000 0.000000 0.000000 0.000000 0.000000 0.000000 0.000000 0.000000 0.000000 0.000000 0.000000 0.000000 0.000000 0.000000 0.000000 0.000000 0.000000 0.000000 0.000000 0.000000 0.000000 0.000000 0.452406 0.506702 0.539431 0.545138 0.525289 0.496954 0.465354 0.444202 0.616574 0.396028 0.000000 0.000000 0.000000 0.000000 0.000000 0.000000 0.000000 0.000000 0.000000 0.000000 0.000000 0.000000 0.000000 0.000000 0.000000 0.000000 0.000000 0.000000 0.000000 0.000000 0.000000 0.000000 0.000000 0.000000 0.411134 0.451417 0.478152 0.506967 0.540452 0.573670 0.600007 0.609340 0.615244 0.659151 0.682443 0.663520 0.693911 0.718040 0.734406 0.751013 0.756854 0.765786 0.776694 0.786890 0.790505 0.853228 0.852348 0.788740 0.778744 0.774569 0.787240 0.799204 0.827038 0.849152 0.861291 0.861424 0.831346 0.768948 0.818410 0.758754 0.755716 0.765905 0.763280 0.749610 0.735337 0.727373 0.714977 0.692257 0.679606 0.648689 0.574798 0.585475 0.588129 0.618659 0.600926 0.578649 0.509130 0.487422 0.461465 0.440887 0.423200 0.410036 0.395465 0.000000 0.000000 0.000000 0.000000 0.000000 0.000000 0.000000 0.000000 0.000000 0.000000 0.000000 0.000000 0.000000 0.000000 0.000000 0.000000 0.000000 0.000000 0.000000 0.000000 0.000000 0.000000 0.000000 0.000000 0.000000 0.000000 0.000000 0.000000 0.000000 0.000000 0.000000 0.000000 0.000000 0.000000 0.000000 0.000000 0.000000 0.000000 0.000000 0.000000 0.000000 0.000000 0.000000 0.000000 0.000000 0.000000 0.000000 0.000000 0.000000 0.000000 0.000000 0.000000 0.000000 0.000000 0.000000 0.000000 0.000000 0.000000 0.000000 0.000000 0.000000 0.000000 0.000000 0.457707 0.512032 0.539919 0.549205 0.543017 0.519131 0.490498 0.453452 0.000000 0.000000 0.000000 0.000000 0.000000 0.000000 0.000000 0.000000 0.000000 0.000000 0.000000 0.000000 0.436192 0.462314 0.468931 0.466843 0.458431 0.442300 0.000000 0.000000 0.468686 0.504567 0.564616 0.700525 0.847685 0.952987 1.047887 1.126859 1.162077 1.206277 1.235048 1.283638 1.296159 1.270473 1.237057 1.204525 1.193212 1.187876 1.165625 1.141206 1.026699 1.020424 1.009817 0.992126 0.971317 0.951559 1.015131 0.991720 0.961285 0.929375 0.920823 0.896193 0.858020 0.854500 0.806289 0.737412 0.691628 0.578727
0.000000 0.000000 0.000000 0.000000 0.000000 0.000000 0.000000 0.000000 0.000000 0.000000 0.000000 0.000000 0.000000 0.000000 0.000000 0.000000 0.000000 0.000000 0.000000 0.000000 0.000000 0.000000 0.000000 0.000000 0.000000 0.000000 0.000000 0.000000 0.000000 0.000000 0.000000 0.000000 0.000000 0.000000 0.000000 0.000000 0.000000 0.000000 0.000000 0.000000 0.000000 0.000000 0.000000 0.000000 0.000000 0.000000 0.000000 0.000000 0.000000 0.000000 0.000000 0.000000 0.000000 0.000000 0.000000 0.000000 0.000000 0.414128 0.445097 0.454812 0.445623 0.419454 0.385088 0.000000 0.000000 0.000000 0.000000 0.000000 0.000000 0.000000 0.000000 0.000000 0.000000 0.000000 0.000000 0.000000 0.000000 0.000000 0.000000 0.000000 0.000000 0.000000 0.000000 0.417962 0.458591 0.479617 0.488047 0.484330 0.468687 0.447759 0.415685 0.000000 0.000000 0.449255 0.505446 0.550525 0.577293 0.652618 0.681845 0.707486 0.733477 0.760384 0.786045 0.808088 0.813152 0.796577 0.848008 0.857379 0.807122 0.875983 0.880339 0.882669 0.879229 0.811976 0.818128 0.825597 0.828892 0.835611 0.831808 0.818955 0.706801 0.711558 0.715367 0.789454 0.943444 0.923707 0.819750 0.774494 0.761365 0.755425 0.716934 0.689749 0.677593 0.653674 0.622282 0.592482 0.607239 0.619920 0.620566 0.640039 0.650461 0.647197 0.628884 0.598539 0.559644 0.520161 0.428043 0.412736 0.000000 0.000000 0.000000 0.000000 0.000000 0.000000 0.000000 0.000000 0.000000 0.000000 0.000000 0.000000 0.000000 0.000000 0.000000 0.000000 0.000000 0.000000 0.000000 0.000000 0.000000 0.000000 0.000000 0.000000 0.000000 0.000000 0.000000 0.000000 0.000000 0.000000 0.000000 0.000000 0.000000 0.000000 0.000000 0.000000 0.000000 0.000000 0.000000 0.000000 0.000000 0.000000 0.000000 0.000000 0.000000 0.000000 0.000000 0.000000 0.000000 0.000000 0.000000 0.000000 0.000000 0.000000 0.000000 0.000000 0.000000 0.000000 0.000000 0.000000 0.000000 0.000000 0.000000 0.000000 0.000000 0.000000 0.000000 0.000000 0.000000 0.000000 0.000000 0.436069 0.438746 0.427586 0.000000 0.000000 0.000000 0.000000 0.000000 0.000000 0.000000 0.000000 0.000000 0.000000 0.000000 0.000000 0.000000 0.000000 0.000000 0.000000 0.000000 0.000000 0.000000 0.000000 0.000000 0.000000 0.440343 0.634779 0.794663 0.890547 0.979297 1.019602 1.139261 1.188622 1.261822 1.302859 1.301147 1.270591 1.255514 1.271542 1.294822 1.300818 1.290616 1.290643 1.177656 1.156467 1.123324 1.086335 1.051553 1.012834 0.977413 0.940870 0.905290 0.950552 0.911805 0.871127 0.849907 0.838789 0.792327 0.728818 0.748809 0.575803
0.000000 0.000000 0.000000 0.000000 0.000000 0.000000 0.000000 0.000000 0.000000 0.000000 0.000000 0.000000 0.000000 0.000000 0.000000 0.000000 0.000000 0.000000 0.000000 0.000000 0.000000 0.000000 0.000000 0.000000 0.000000 0.000000 0.000000 0.000000 0.000000 0.000000 0.000000 0.000000 0.000000 0.000000 0.000000 0.000000 0.000000 0.000000 0.004000 0.000000 0.000000 0.000000 0.000000 0.000000 0.391476 0.392323 0.380933 0.000000 0.000000 0.000000 0.000000 0.000000 0.000000 0.000000 0.000000 0.000000 0.391777 0.414548 0.414219 0.393733 0.000000 0.000000 0.000000 0.000000 0.000000 0.000000 0.000000 0.000000 0.000000 0.000000 0.000000 0.000000 0.000000 0.000000 0.409734 0.452098 0.477547 0.511361 0.558198 0.597646 0.613725 0.609233 0.609675 0.624731 0.633860 0.629056 0.610573 0.576418 0.544867 0.505482 0.463013 0.415737 0.418503 0.564303 0.661877 0.723107 0.761632 0.785088 0.802180 0.816195 0.836711 0.850798 0.862458 0.872702 0.878833 0.882562 0.884304 0.880275 0.869163 0.854391 0.783372 0.785431 0.799335 0.814287 0.826220 0.836873 0.692515 0.680821 0.663162 0.642028 0.887264 0.632343 0.776816 0.807191 0.927917 0.834106 0.746917 0.709342 0.726471 0.698553 0.664354 0.620027 0.591568 0.550815 0.523654 0.495559 0.555502 0.568632 0.585744 0.566723 0.577221 0.559250 0.515978 0.471447 0.426430 0.388477 0.000000 0.000000 0.000000 0.000000 0.000000 0.000000 0.000000 0.000000 0.000000 0.000000 0.000000 0.000000 0.000000 0.000000 0.000000 0.000000 0.000000 0.000000 0.000000 0.000000 0.000000 0.000000 0.000000 0.000000 0.000000 0.000000 0.000000 0.000000 0.000000 0.000000 0.000000 0.000000 0.000000 0.000000 0.000000 0.000000 0.000000 0.000000 0.000000 0.000000 0.000000 0.000000 0.000000 0.000000 0.000000 0.000000 0.000000 0.000000 0.000000 0.000000 0.000000 0.000000 0.000000 0.000000 0.000000 0.000000 0.000000 0.000000 0.000000 0.000000 0.000000 0.000000 0.000000 0.000000 0.000000 0.000000 0.000000 0.000000 0.000000 0.000000 0.000000 0.000000 0.000000 0.000000 0.000000 0.000000 0.000000 0.000000 0.000000 0.000000 0.000000 0.000000 0.000000 0.000000 0.000000 0.000000 0.000000 0.000000 0.000000 0.000000 0.000000 0.000000 0.000000 0.000000 0.000000 0.000000 0.000000 0.000000 0.000000 0.452396 0.573657 0.651147 0.728220 0.810393 0.900096 0.994453 1.085971 1.120848 1.115108 1.102396 1.120525 1.147609 1.182733 1.246209 1.288965 1.299482 1.294848 1.299042 1.258353 1.108164 1.059486 0.995185 0.928133 0.868071 0.821965 0.792044 0.839062 0.819346 0.798904 0.775902 0.716042 0.674445 0.631046 0.555998
0.000000 0.000000 0.000000 0.000000 0.000000 0.000000 0.000000 0.000000 0.000000 0.000000 0.000000 0.000000 0.000000 0.000000 0.000000 0.000000 0.000000 0.000000 0.000000 0.000000 0.000000 0.000000 0.000000 0.000000 0.000000 0.000000 0.000000 0.000000 0.000000 0.000000 0.000000 0.000000 0.000000 0.000000 0.000000 0.000000 0.000000 0.000000 0.000000 0.000000 0.000000 0.000000 0.000000 0.000000 0.000000 0.000000 0.000000 0.000000 0.000000 0.000000 0.000000 0.000000 0.000000 0.000000 0.000000 0.379431 0.379796 0.372000 0.000000 0.000000 0.000000 0.000000 0.000000 0.000000 0.000000 0.000000 0.000000 0.000000 0.000000 0.004000 0.000000 0.490833 0.531430 0.581700 0.625147 0.656974 0.680750 0.713780 0.755500 0.780811 0.788448 0.772654 0.745487 0.709813 0.678111 0.634361 0.596539 0.553682 0.512698 0.542732 0.530884 0.533185 0.627975 0.753832 0.826524 0.851048 0.858321 0.858015 0.854645 0.850005 0.848379 0.851042 0.854959 0.861337 0.860284 0.853449 0.840896 0.754745 0.751718 0.775641 0.791346 0.792844 0.795744 0.797227 0.810244 0.818753 0.659506 0.657361 0.647249 0.627610 0.612612 0.731424 0.765261 0.738955 0.743648 0.719771 0.704749 0.698708 0.684279 0.674534 0.632177 0.606946 0.582861 0.562590 0.512887 0.497665 0.469579 0.474123 0.402205 0.000000 0.000000 0.000000 0.000000 0.000000 0.000000 0.000000 0.000000 0.000000 0.000000 0.000000 0.000000 0.000000 0.000000 0.000000 0.000000 0.000000 0.000000 0.000000 0.000000 0.000000 0.000000 0.000000 0.000000 0.000000 0.000000 0.000000 0.000000 0.000000 0.000000 0.000000 0.000000 0.000000 0.000000 0.000000 0.000000 0.000000 0.000000 0.000000 0.000000 0.000000 0.000000 0.000000 0.000000 0.000000 0.000000 0.000000 0.000000 0.000000 0.000000 0.000000 0.000000 0.000000 0.000000 0.000000 0.000000 0.000000 0.000000 0.000000 0.000000 0.000000 0.000000 0.000000 0.000000 0.000000 0.000000 0.000000 0.000000 0.000000 0.000000 0.000000 0.000000 0.000000 0.000000 0.000000 0.000000 0.000000 0.000000 0.000000 0.000000 0.000000 0.000000 0.000000 0.000000 0.000000 0.000000 0.000000 0.000000 0.000000 0.000000 0.000000 0.000000 0.000000 0.000000 0.000000 0.000000 0.000000 0.000000 0.000000 0.000000 0.000000 0.000000 0.000000 0.000000 0.000000 0.000000 0.000000 0.000000 0.000000 0.000000 0.000000 0.568653 0.725281 0.821814 0.852168 0.856349 0.885148 0.928945 0.990214 1.055457 1.135322 1.164117 1.128219 1.069471 1.051068 1.071964 1.076150 1.058432 1.015727 0.962039 0.902553 0.776475 0.741980 0.704189 0.716578 0.697959 0.671324 0.632261 0.604809 0.563632 0.540658
0.000000 0.000000 0.000000 0.000000 0.000000 0.000000 0.000000 0.000000 0.000000 0.000000 0.000000 0.000000 0.000000 0.000000 0.000000 0.000000 0.000000 0.000000 0.000000 0.000000 0.000000 0.000000 0.000000 0.000000 0.000000 0.000000 0.000000 0.000000 0.000000 0.000000 0.000000 0.000000 0.000000 0.000000 0.000000 0.000000 0.000000 0.000000 0.000000 0.000000 0.000000 0.000000 0.000000 0.000000 0.000000 0.000000 0.000000 0.000000 0.000000 0.000000 0.000000 0.000000 0.000000 0.000000 0.000000 0.000000 0.000000 0.000000 0.000000 0.000000 0.000000 0.000000 0.000000 0.000000 0.000000 0.000000 0.000000 0.000000 0.521117 0.651152 0.707621 1.306794 0.710318 0.725805 0.750017 0.774490 0.803549 0.831774 0.874875 0.893289 0.889237 0.861427 0.805391 0.748490 0.701516 0.667038 0.637830 0.611893 0.590840 0.572364 0.609644 0.656797 0.770994 0.856744 0.892970 0.872692 0.830552 0.798065 0.759192 0.724588 0.719182 0.749787 0.777325 0.790952 0.796396 0.737553 0.740445 0.738188 0.743813 0.759250 0.774157 0.772702 0.772420 0.770552 0.772036 0.764401 0.613000 0.622892 0.623284 0.607643 0.581603 0.723814 0.701511 0.676322 0.673847 0.670152 0.669118 0.658933 0.644649 0.618835 0.593445 0.582004 0.571380 0.548726 0.466862 0.426004 0.000000 0.000000 0.000000 0.000000 0.000000 0.000000 0.000000 0.000000 0.000000 0.000000 0.000000 0.000000 0.000000 0.000000 0.000000 0.000000 0.000000 0.000000 0.000000 0.000000 0.000000 0.000000 0.000000 0.000000 0.000000 0.000000 0.000000 0.000000 0.000000 0.000000 0.000000 0.000000 0.000000 0.000000 0.000000 0.000000 0.000000 0.000000 0.000000 0.000000 0.000000 0.000000 0.000000 0.000000 0.000000 0.000000 0.000000 0.000000 0.000000 0.000000 0.000000 0.000000 0.000000 0.000000 0.000000 0.000000 0.000000 0.000000 0.000000 0.000000 0.000000 0.000000 0.000000 0.000000 0.000000 0.000000 0.000000 0.000000 0.000000 0.000000 0.000000 0.000000 0.000000 0.000000 0.000000 0.000000 0.000000 0.000000 0.000000 0.000000 0.000000 0.000000 0.000000 0.000000 0.000000 0.000000 0.000000 0.000000 0.000000 0.000000 0.000000 0.000000 0.000000 0.000000 0.000000 0.000000 0.000000 0.000000 0.000000 0.000000 0.000000 0.000000 0.000000 0.000000 0.000000 0.000000 0.000000 0.000000 0.000000 0.000000 0.000000 0.000000 0.000000 0.000000 0.000000 0.489851 0.587920 0.654587 0.698782 0.741453 0.772149 0.802212 0.829075 0.874253 0.895046 0.899038 0.934937 0.954359 0.954969 0.939941 0.927425 0.904591 0.873686 0.839078 0.800932 0.756885 0.707766 0.663039 0.571190 0.553947 0.512676 0.565366 0.505916 0.516913
0.000000 0.000000 0.000000 0.000000 0.000000 0.000000 0.000000 0.000000 0.000000 0.000000 0.000000 0.000000 0.000000 0.000000 0.000000 0.000000 0.000000 0.000000 0.000000 0.000000 0.000000 0.000000 0.000000 0.000000 0.000000 0.000000 0.000000 0.000000 0.000000 0.000000 0.000000 0.000000 0.000000 0.000000 0.000000 0.000000 0.000000 0.000000 0.000000 0.000000 0.000000 0.000000 0.000000 0.000000 0.000000 0.000000 0.000000 0.000000 0.000000 0.000000 0.000000 0.000000 0.000000 0.000000 0.000000 0.000000 0.000000 0.000000 0.000000 0.000000 0.000000 0.000000 0.000000 0.000000 0.000000 0.414089 0.457124 0.626369 0.754449 0.812489 0.832102 0.810409 0.778925 0.769272 0.779929 0.789562 0.810662 0.840339 0.876475 0.897638 0.904124 0.892119 0.871409 0.847706 0.828280 0.800271 0.765877 0.677117 0.676844 0.687290 0.706944 0.809393 0.834121 0.831216 0.789062 0.707239 0.622919 0.654752 0.658728 0.643812 0.632002 0.637113 0.616718 0.645375 0.669565 0.691460 0.711610 0.725361 0.736958 0.737415 0.725210 0.712408 0.702148 0.756330 0.748073 0.743413 0.687793 0.685871 0.671816 0.631489 0.569012 0.538878 0.531188 0.548373 0.641513 0.652794 0.635263 0.618959 0.604335 0.582816 0.563244 0.536392 0.444363 0.000000 0.000000 0.000000 0.000000 0.000000 0.000000 0.000000 0.000000 0.000000 0.000000 0.000000 0.000000 0.000000 0.000000 0.000000 0.000000 0.000000 0.000000 0.000000 0.000000 0.000000 0.000000 0.000000 0.000000 0.000000 0.000000 0.000000 0.000000 0.000000 0.000000 0.000000 0.000000 0.000000 0.000000 0.000000 0.000000 0.000000 0.000000 0.000000 0.000000 0.000000 0.000000 0.000000 0.000000 0.000000 0.000000 0.000000 0.000000 0.000000 0.000000 0.000000 0.000000 0.000000 0.000000 0.000000 0.000000 0.000000 0.000000 0.000000 0.000000 0.000000 0.000000 0.000000 0.000000 0.000000 0.000000 0.000000 0.000000 0.000000 0.000000 0.000000 0.000000 0.000000 0.000000 0.000000 0.000000 0.000000 0.000000 0.000000 0.000000 0.000000 0.000000 0.000000 0.000000 0.000000 0.000000 0.000000 0.000000 0.000000 0.000000 0.000000 0.000000 0.000000 0.000000 0.000000 0.000000 0.000000 0.000000 0.000000 0.000000 0.000000 0.000000 0.000000 0.000000 0.000000 0.000000 0.000000 0.000000 0.000000 0.000000 0.000000 0.000000 0.000000 0.000000 0.000000 0.000000 0.000000 0.000000 0.000000 0.000000 0.480347 0.562759 0.626076 0.679262 0.720721 0.752485 0.772411 0.792031 0.802851 0.816067 0.817421 0.818536 0.821866 0.821284 0.813028 0.797251 0.777478 0.753952 0.716010 0.675169 0.625977 0.512183 0.474229 0.432259 0.000000 0.464333 0.490117
0.000000 0.000000 0.000000 0.000000 0.000000 0.000000 0.000000 0.000000 0.000000 0.000000 0.000000 0.000000 0.000000 0.000000 0.000000 0.000000 0.000000 0.000000 0.000000 0.000000 0.000000 0.000000 0.000000 0.000000 0.000000 0.000000 0.000000 0.000000 0.000000 0.000000 0.000000 0.000000 0.000000 0.000000 0.000000 0.000000 0.000000 0.000000 0.000000 0.000000 0.000000 0.000000 0.000000 0.000000 0.000000 0.000000 0.000000 0.000000 0.000000 0.000000 0.000000 0.000000 0.000000 0.000000 0.000000 0.000000 0.000000 0.000000 0.000000 0.000000 0.000000 0.350124 0.379336 0.540121 0.602200 0.631043 0.673292 0.860443 0.924637 0.987287 0.783019 0.749975 0.778439 0.744814 0.723578 0.723431 0.729778 0.758530 0.784780 0.823537 0.877275 0.944117 0.992830 1.002661 0.992417 0.964575 0.924234 0.830724 0.816626 0.648454 0.340137 0.295286 0.275345 0.540674 0.510483 0.614880 0.602103 0.585927 0.567032 0.436253 0.531706 0.556441 0.583488 0.619807 0.652736 0.680224 0.703608 0.719000 0.724285 0.722543 0.713010 0.698039 0.687377 0.689981 0.682318 0.676035 0.644231 0.611536 0.591905 0.507482 0.429600 0.430227 0.433194 0.435614 0.458012 0.467064 0.457865 0.440554 0.425008 0.412097 0.000000 0.000000 0.000000 0.000000 0.000000 0.000000 0.000000 0.000000 0.000000 0.000000 0.000000 0.000000 0.000000 0.000000 0.000000 0.000000 0.000000 0.000000 0.000000 0.000000 0.000000 0.000000 0.000000 0.000000 0.000000 0.000000 0.000000 0.000000 0.000000 0.000000 0.000000 0.000000 0.000000 0.000000 0.000000 0.000000 0.000000 0.000000 0.000000 0.000000 0.000000 0.000000 0.000000 0.000000 0.000000 0.000000 0.000000 0.000000 0.000000 0.000000 0.000000 0.000000 0.000000 0.000000 0.000000 0.000000 0.000000 0.000000 0.000000 0.000000 0.000000 0.000000 0.000000 0.000000 0.000000 0.000000 0.000000 0.000000 0.000000 0.000000 0.000000 0.000000 0.000000 0.000000 0.000000 0.000000 0.000000 0.000000 0.000000 0.000000 0.000000 0.000000 0.000000 0.000000 0.000000 0.000000 0.000000 0.000000 0.000000 0.000000 0.000000 0.000000 0.000000 0.000000 0.000000 0.000000 0.000000 0.000000 0.000000 0.000000 0.000000 0.000000 0.000000 0.000000 0.000000 0.000000 0.000000 0.000000 0.000000 0.000000 0.000000 0.000000 0.000000 0.000000 0.000000 0.000000 0.000000 0.000000 0.000000 0.000000 0.000000 0.000000 0.000000 0.000000 0.000000 0.446360 0.529807 0.591525 0.632042 0.669315 0.693861 0.713960 0.725389 0.724645 0.712894 0.695691 0.704448 0.694277 0.680217 0.666059 0.647773 0.627598 0.602278 0.513592 0.482667 0.446544 0.000000 0.000000 0.000000 0.449970
0.000000 0.000000 0.000000 0.000000 0.000000 0.000000 0.000000 0.000000 0.000000 0.000000 0.000000 0.000000 0.000000 0.000000 0.000000 0.000000 0.000000 0.000000 0.000000 0.000000 0.000000 0.000000 0.000000 0.000000 0.000000 0.000000 0.000000 0.000000 0.000000 0.000000 0.000000 0.000000 0.000000 0.000000 0.000000 0.000000 0.000000 0.000000 0.000000 0.000000 0.000000 0.000000 0.000000 0.000000 0.000000 0.000000 0.000000 0.000000 0.000000 0.000000 0.000000 0.000000 0.000000 0.000000 0.000000 0.000000 0.000000 0.000000 0.373090 0.420199 0.458562 0.483787 0.626965 0.653915 0.699665 0.722561 0.748935 0.778841 0.811155 0.792639 0.753336 0.709220 0.683333 0.677192 0.680481 0.688771 0.701817 0.732910 0.859689 0.928956 0.976379 1.001107 1.026572 1.066510 0.935936 0.796832 0.770638 0.757833 0.737647 0.714695 0.701405 0.686518 0.670995 0.635548 0.291240 0.693923 0.654440 0.510214 0.514189 0.640169 0.621003 0.603251 0.627517 0.591669 0.591738 0.588104 0.581042 0.572244 0.609796 0.604462 0.595267 0.583746 0.582066 0.592503 0.588737 0.558774 0.491789 0.426880 0.453433 0.445394 0.412028 0.000000 0.000000 0.000000 0.000000 0.000000 0.000000 0.000000 0.000000 0.000000 0.000000 0.000000 0.000000 0.000000 0.000000 0.000000 0.000000 0.000000 0.000000 0.000000 0.000000 0.000000 0.000000 0.000000 0.000000 0.000000 0.000000 0.000000 0.000000 0.000000 0.000000 0.000000 0.000000 0.000000 0.000000 0.000000 0.428237 0.468073 0.502095 0.528203 0.545452 0.546222 0.533551 0.511884 0.483502 0.448935 0.000000 0.000000 0.000000 0.000000 0.000000 0.000000 0.000000 0.000000 0.000000 0.000000 0.000000 0.000000 0.000000 0.000000 0.000000 0.000000 0.000000 0.000000 0.000000 0.000000 0.000000 0.000000 0.000000 0.000000 0.000000 0.000000 0.000000 0.000000 0.000000 0.000000 0.000000 0.000000 0.000000 0.000000 0.000000 0.000000 0.000000 0.000000 0.000000 0.000000 0.000000 0.000000 0.000000 0.000000 0.000000 0.000000 0.000000 0.000000 0.000000 0.000000 0.000000 0.000000 0.000000 0.000000 0.000000 0.000000 0.000000 0.000000 0.000000 0.000000 0.000000 0.000000 0.000000 0.000000 0.000000 0.000000 0.000000 0.000000 0.000000 0.000000 0.000000 0.000000 0.000000 0.000000 0.000000 0.000000 0.000000 0.000000 0.000000 0.000000 0.000000 0.000000 0.000000 0.000000 0.000000 0.000000 0.000000 0.000000 0.000000 0.000000 0.000000 0.441580 0.511854 0.568883 0.614191 0.638837 0.654566 0.658333 0.652721 0.638573 0.622216 0.599108 0.567779 0.537466 0.506699 0.479760 0.458590 0.440278 0.419996 0.000000 0.000000 0.478488 0.508062 0.515218
0.000000 0.000000 0.000000 0.000000 0.000000 0.000000 0.000000 0.000000 0.000000 0.000000 0.000000 0.000000 0.000000 0.000000 0.000000 0.000000 0.000000 0.000000 0.000000 0.000000 0.000000 0.000000 0.000000 0.000000 0.000000 0.000000 0.000000 0.000000 0.000000 0.000000 0.000000 0.000000 0.000000 0.000000 0.000000 0.000000 0.000000 0.000000 0.000000 0.000000 0.000000 0.000000 0.000000 0.385684 0.377344 0.000000 0.000000 0.000000 0.000000 0.000000 0.000000 0.000000 0.000000 0.000000 0.000000 0.354715 0.406272 0.443757 0.471861 0.507903 0.591779 0.665773 0.725296 0.767776 0.795799 0.807987 0.806809 0.818628 0.803992 0.782274 0.760013 0.736733 0.581520 0.605519 0.599889 0.627072 0.665016 0.713416 0.749400 0.767811 0.780607 0.788908 0.810516 0.956560 0.830218 0.812880 0.779814 0.769842 0.766423 0.764996 0.768695 0.761703 0.742858 0.701928 0.663266 0.778228 0.591716 0.584196 0.586730 0.573859 0.551970 0.528464 0.673985 0.645932 0.617258 0.566831 0.549461 0.529987 0.512837 0.499100 0.483267 0.467548 0.462062 0.453269 0.433789 0.415597 0.434308 0.442386 0.428625 0.000000 0.000000 0.000000 0.000000 0.000000 0.000000 0.000000 0.000000 0.000000 0.000000 0.000000 0.000000 0.000000 0.000000 0.000000 0.000000 0.000000 0.000000 0.000000 0.000000 0.000000 0.000000 0.000000 0.000000 0.000000 0.000000 0.000000 0.000000 0.000000 0.000000 0.000000 0.000000 0.000000 0.442125 0.501146 0.554187 0.593826 0.620868 0.633418 0.637768 0.633528 0.623919 0.605658 0.575358 0.545510 0.509274 0.473646 0.443350 0.000000 0.000000 0.000000 0.000000 0.000000 0.000000 0.000000 0.000000 0.000000 0.000000 0.000000 0.000000 0.000000 0.000000 0.000000 0.000000 0.000000 0.000000 0.000000 0.000000 0.000000 0.000000 0.000000 0.000000 0.000000 0.000000 0.000000 0.000000 0.000000 0.000000 0.000000 0.000000 0.000000 0.000000 0.000000 0.000000 0.000000 0.000000 0.000000 0.000000 0.000000 0.000000 0.000000 0.000000 0.000000 0.000000 0.000000 0.000000 0.000000 0.000000 0.000000 0.000000 0.000000 0.000000 0.000000 0.000000 0.000000 0.000000 0.000000 0.000000 0.000000 0.000000 0.000000 0.000000 0.000000 0.000000 0.000000 0.000000 0.000000 0.000000 0.000000 0.000000 0.000000 0.000000 0.000000 0.000000 0.000000 0.000000 0.000000 0.000000 0.000000 0.000000 0.000000 0.000000 0.000000 0.000000 0.000000 0.000000 0.000000 0.508262 0.606917 0.662809 0.715276 0.738955 0.757622 0.770038 0.775511 0.771903 0.757245 0.731265 0.691862 0.634244 0.569634 0.456228 0.420267 0.000000 0.000000 0.000000 0.000000 0.000000 0.594012 0.634634 0.606557
0.000000 0.000000 0.000000 0.000000 0.000000 0.000000 0.000000 0.000000 0.000000 0.000000 0.000000 0.000000 0.000000 0.000000 0.000000 0.000000 0.000000 0.000000 0.000000 0.000000 0.000000 0.000000 0.000000 0.000000 0.000000 0.000000 0.000000 0.000000 0.000000 0.000000 0.000000 0.000000 0.000000 0.000000 0.000000 0.000000 0.000000 0.000000 0.000000 0.000000 0.000000 0.000000 0.000000 0.384072 0.000000 0.000000 0.000000 0.000000 0.000000 0.000000 0.000000 0.000000 0.000000 0.374075 0.427038 0.462145 0.555838 0.560003 0.600925 0.661892 0.721696 0.767362 0.791386 0.799543 0.792771 0.813205 0.651850 0.647742 0.657558 0.653405 0.642806 0.627578 0.620359 0.622870 0.635409 0.673268 0.721292 0.764332 0.779492 0.770345 0.903550 0.894908 0.767697 0.824959 0.848818 0.847103 0.814893 0.786501 0.784851 0.788389 0.780012 0.765044 0.745367 0.717646 0.683908 0.647820 0.616443 0.604074 0.589677 0.561255 0.535274 0.635340 0.599761 0.612674 0.587057 0.516047 0.498634 0.478159 0.459062 0.439550 0.421560 0.412008 0.411356 0.406064 0.000000 0.000000 0.000000 0.000000 0.000000 0.000000 0.000000 0.000000 0.000000 0.000000 0.000000 0.000000 0.000000 0.000000 0.000000 0.000000 0.000000 0.000000 0.000000 0.000000 0.000000 0.000000 0.000000 0.000000 0.423143 0.476652 0.510182 0.528349 0.533698 0.527616 0.516421 0.501950 0.479208 0.536552 0.561074 0.549501 0.583721 0.615627 0.647088 0.678114 0.694426 0.696207 0.686667 0.667905 0.639142 0.613562 0.584296 0.556848 0.525957 0.497592 0.467825 0.444066 0.000000 0.000000 0.000000 0.000000 0.000000 0.000000 0.000000 0.000000 0.000000 0.000000 0.000000 0.000000 0.000000 0.000000 0.000000 0.000000 0.000000 0.000000 0.000000 0.000000 0.000000 0.000000 0.000000 0.000000 0.000000 0.000000 0.000000 0.000000 0.000000 0.000000 0.000000 0.000000 0.000000 0.000000 0.000000 0.000000 0.000000 0.000000 0.000000 0.000000 0.000000 0.000000 0.000000 0.000000 0.000000 0.000000 0.000000 0.000000 0.000000 0.000000 0.000000 0.000000 0.000000 0.000000 0.000000 0.000000 0.000000 0.000000 0.000000 0.000000 0.000000 0.000000 0.000000 0.000000 0.000000 0.000000 0.000000 0.000000 0.000000 0.000000 0.000000 0.000000 0.000000 0.000000 0.000000 0.000000 0.000000 0.000000 0.000000 0.000000 0.000000 0.000000 0.000000 0.000000 0.000000 0.000000 0.000000 0.000000 0.000000 0.000000 0.593723 0.723043 0.811973 0.868228 0.906767 0.936715 0.963304 0.972418 0.963977 0.940149 0.900272 0.847984 0.777920 0.678949 0.642222 0.658705 0.650622 0.706116 0.749417 0.785728 0.837644 0.834482 0.782257 0.678046
0.000000 0.000000 0.000000 0.000000 0.000000 0.000000 0.000000 0.000000 0.000000 0.000000 0.000000 0.000000 0.000000 0.000000 0.000000 0.000000 0.000000 0.000000 0.000000 0.000000 0.000000 0.000000 0.000000 0.000000 0.000000 0.000000 0.000000 0.000000 0.000000 0.000000 0.000000 0.000000 0.000000 0.000000 0.000000 0.000000 0.000000 0.000000 0.000000 0.000000 0.000000 0.000000 0.000000 0.000000 0.000000 0.000000 0.000000 0.000000 0.000000 0.000000 0.000000 0.000000 0.383039 0.533282 0.599227 0.591102 0.632654 0.675608 0.716905 0.753821 0.781151 0.778411 0.758230 0.582388 0.585210 0.746592 0.767730 0.770342 0.614340 0.602982 0.597508 0.596882 0.603761 0.638155 0.636408 0.686855 0.738037 0.461522 0.466991 0.761151 0.433718 0.442253 0.494604 0.834968 0.826097 0.785871 0.745951 0.727697 0.708498 0.685445 0.812426 0.789460 0.656801 0.662608 0.616637 0.569467 0.653408 0.617953 0.463123 0.439803 0.527135 0.532973 0.473426 0.458076 0.440947 0.424253 0.413405 0.000000 0.000000 0.000000 0.000000 0.000000 0.000000 0.000000 0.000000 0.000000 0.000000 0.000000 0.000000 0.000000 0.394018 0.421276 0.446853 0.458284 0.464250 0.471306 0.477595 0.475517 0.467452 0.455435 0.437697 0.419205 0.398711 0.000000 0.000000 0.000000 0.466577 0.535335 0.581181 0.614758 0.627003 0.627472 0.616782 0.631894 0.648264 0.669713 0.694507 0.720319 0.737182 0.747244 0.754920 0.754159 0.746790 0.729649 0.700270 0.673013 0.635750 0.604669 0.566849 0.531498 0.498281 0.463570 0.427207 0.000000 0.000000 0.000000 0.000000 0.000000 0.000000 0.000000 0.000000 0.000000 0.000000 0.000000 0.000000 0.000000 0.000000 0.000000 0.412056 0.000000 0.000000 0.000000 0.000000 0.437659 0.463707 0.491885 0.515363 0.536282 0.546078 0.553088 0.554445 0.547145 0.529873 0.508103 0.484955 0.459831 0.430461 0.000000 0.000000 0.000000 0.000000 0.000000 0.000000 0.000000 0.000000 0.000000 0.000000 0.000000 0.000000 0.000000 0.000000 0.000000 0.000000 0.000000 0.000000 0.000000 0.000000 0.000000 0.000000 0.000000 0.000000 0.470195 0.514780 0.540505 0.536986 0.512997 0.490325 0.480875 0.481441 0.492191 0.521511 0.556423 0.573477 0.586815 0.593232 0.589468 0.565993 0.538011 0.512384 0.501913 0.515554 0.539056 0.550369 0.550472 0.529129 0.488548 0.431139 0.000000 0.000000 0.000000 0.000000 0.461020 0.499898 0.522394 0.534182 0.540298 0.633104 0.744214 0.850631 0.948019 1.021081 1.057267 1.068538 1.061961 1.036857 1.013915 0.976674 0.945713 0.848730 0.856810 0.879502 0.904858 0.946804 1.095901 1.159630 1.207454 1.189498 1.098693 0.975940 0.731646
0.000000 0.000000 0.000000 0.000000 0.000000 0.000000 0.000000 0.000000 0.000000 0.000000 0.000000 0.000000 0.000000 0.000000 0.000000 0.000000 0.000000 0.000000 0.000000 0.000000 0.000000 0.000000 0.000000 0.000000 0.000000 0.000000 0.000000 0.000000 0.000000 0.000000 0.000000 0.000000 0.000000 0.000000 0.000000 0.000000 0.000000 0.000000 0.000000 0.000000 0.000000 0.000000 0.000000 0.000000 0.000000 0.000000 0.000000 0.000000 0.000000 0.000000 0.000000 0.000000 0.525409 0.617450 0.513466 0.553133 0.288316 0.318311 0.353658 0.355423 0.646729 0.801183 0.698573 0.541068 0.550447 0.553078 0.548628 0.537068 0.518539 0.622115 0.641280 0.624770 0.614069 0.617248 0.541120 0.617842 0.661407 0.672924 0.691035 0.726905 0.769862 0.448938 0.446245 0.409739 0.701790 0.823084 0.887948 0.812925 0.792062 0.756844 0.723109 0.692034 0.662230 0.634004 0.606586 0.586127 0.563122 0.541993 0.530645 0.449915 0.420171 0.394692 0.000000 0.000000 0.000000 0.000000 0.000000 0.000000 0.000000 0.000000 0.000000 0.000000 0.000000 0.000000 0.000000 0.000000 0.410100 0.460404 0.492246 0.504130 0.510936 0.527709 0.548514 0.558987 0.565410 0.571667 0.576644 0.573718 0.565188 0.549592 0.528885 0.510400 0.489994 0.464798 0.554165 0.589194 0.628842 0.629690 0.650868 0.657347 0.693708 0.706376 0.726648 0.746829 0.764418 0.793142 0.822257 0.833771 0.826660 0.792862 0.755574 0.720385 0.690419 0.665329 0.632606 0.602827 0.564928 0.525098 0.484639 0.443506 0.000000 0.000000 0.000000 0.000000 0.000000 0.000000 0.000000 0.000000 0.000000 0.000000 0.000000 0.000000 0.000000 0.000000 0.000000 0.000000 0.000000 0.000000 0.000000 0.508478 0.563289 0.594851 0.638317 0.693409 0.741659 0.765399 0.772217 0.771265 0.764076 0.749189 0.724394 0.692343 0.658719 0.621953 0.588024 0.556665 0.525596 0.493981 0.456576 0.417126 0.000000 0.000000 0.000000 0.000000 0.000000 0.000000 0.000000 0.000000 0.000000 0.000000 0.000000 0.000000 0.000000 0.000000 0.457165 0.536011 0.605076 0.660437 0.700638 0.743880 0.784533 0.834057 0.867141 0.886941 0.887475 0.875511 0.858992 0.856672 0.868409 0.893063 0.922394 0.944402 0.972597 1.000609 1.015876 1.015613 0.999531 0.973593 0.945713 0.927057 0.907448 0.885585 0.862664 0.842959 0.830557 0.807226 0.786421 0.781718 0.795605 0.819568 0.847142 0.885572 0.906964 0.913872 0.905376 0.896349 0.899451 0.929644 0.998684 1.091208 1.178128 1.225956 1.239256 1.209513 1.149592 1.090486 1.061481 1.067955 1.079433 1.098807 1.023047 1.067153 1.108552 1.151080 1.309327 1.346207 1.312339 1.203635 1.061508 0.770272
0.000000 0.000000 0.000000 0.000000 0.000000 0.000000 0.000000 0.000000 0.000000 0.000000 0.000000 0.000000 0.000000 0.000000 0.000000 0.000000 0.000000 0.000000 0.000000 0.000000 0.000000 0.000000 0.000000 0.000000 0.000000 0.000000 0.000000 0.000000 0.000000 0.000000 0.000000 0.000000 0.000000 0.000000 0.000000 0.000000 0.000000 0.000000 0.000000 0.000000 0.000000 0.000000 0.000000 0.000000 0.000000 0.000000 0.000000 0.000000 0.000000 0.000000 0.000000 0.371718 0.514196 0.493158 0.551268 0.758111 0.835502 0.857680 0.682446 0.593856 0.507760 0.467193 0.576805 0.576629 0.563870 0.535897 0.520419 0.490051 0.494269 0.515611 0.537783 0.550441 0.551849 0.549734 0.541980 0.487472 0.725502 0.721114 0.741277 0.772020 0.843444 0.762407 0.654177 0.674653 0.726871 0.708641 0.824329 0.830402 0.811168 0.781012 0.752643 0.714831 0.685898 0.654644 0.628248 0.605198 0.576870 0.541748 0.453887 0.420568 0.398752 0.000000 0.000000 0.000000 0.000000 0.000000 0.000000 0.000000 0.000000 0.000000 0.000000 0.000000 0.000000 0.000000 0.000000 0.428325 0.491181 0.541475 0.562858 0.560917 0.554358 0.556405 0.566553 0.582665 0.599489 0.611754 0.617526 0.615621 0.606886 0.594138 0.580588 0.567734 0.604789 0.631449 0.654369 0.675794 0.646585 0.655231 0.664286 0.675684 0.553028 0.571345 0.729472 0.807771 0.812056 0.799045 0.776713 0.755898 0.714700 0.676268 0.647960 0.628169 0.609496 0.581477 0.551882 0.513855 0.473452 0.430734 0.000000 0.000000 0.000000 0.000000 0.000000 0.000000 0.000000 0.000000 0.000000 0.000000 0.000000 0.000000 0.000000 0.000000 0.000000 0.000000 0.000000 0.000000 0.000000 0.452045 0.601493 0.740381 0.850063 0.921140 0.949502 0.960482 0.960063 0.950649 0.939704 0.920610 0.885841 0.842004 0.797550 0.754094 0.707855 0.666308 0.620944 0.576940 0.541940 0.505562 0.468852 0.437735 0.000000 0.000000 0.000000 0.000000 0.000000 0.000000 0.000000 0.000000 0.000000 0.000000 0.000000 0.000000 0.436892 0.521919 0.606441 0.689342 0.768127 0.835622 0.885022 0.927155 0.974820 1.024366 1.058629 1.086002 1.098508 1.101917 1.103395 1.109621 1.122814 1.139952 1.157779 1.191999 1.225221 1.246946 1.257026 1.257955 1.251918 1.240823 1.224915 1.195986 1.136997 1.126721 1.121154 1.119344 1.120063 1.106161 1.098612 1.103269 1.110448 1.121801 1.131750 1.133360 1.131562 1.126531 1.154949 1.155802 1.168653 1.197730 1.205112 1.269597 1.338937 1.351921 1.342475 1.297897 1.229026 1.178650 1.164153 1.185788 1.221154 1.253123 1.277616 1.300195 1.318387 1.232147 1.233000 1.231462 1.265963 1.148220 1.024621 0.817959
0.000000 0.000000 0.000000 0.000000 0.000000 0.000000 0.000000 0.000000 0.000000 0.000000 0.000000 0.000000 0.000000 0.000000 0.000000 0.000000 0.000000 0.000000 0.000000 0.000000 0.000000 0.000000 0.000000 0.000000 0.000000 0.000000 0.000000 0.000000 0.000000 0.000000 0.000000 0.000000 0.000000 0.000000 0.000000 0.000000 0.000000 0.000000 0.000000 0.414885 0.427423 0.407471 0.392505 0.378913 0.000000 0.000000 0.000000 0.000000 0.000000 0.610844 0.000000 0.000000 0.415267 0.594387 0.709140 0.783066 0.829856 0.812193 0.720630 0.632713 0.594188 0.553796 0.510230 0.484254 0.477824 0.485132 0.433174 0.527176 0.435708 0.504486 0.503308 0.496089 0.414343 0.413338 0.405273 0.515032 0.004000 0.392694 0.402163 0.407397 0.409168 0.407800 0.000000 0.482360 0.517626 0.580770 0.639518 0.673916 0.689122 0.696356 0.694481 0.682327 0.661984 0.637690 0.616074 0.592229 0.567993 0.478938 0.447537 0.418976 0.399054 0.000000 0.000000 0.000000 0.000000 0.000000 0.000000 0.000000 0.000000 0.000000 0.000000 0.000000 0.000000 0.000000 0.000000 0.412270 0.482033 0.530957 0.548710 0.537505 0.514928 0.503370 0.532794 0.530884 0.558321 0.615242 0.635868 0.665792 0.685498 0.697009 0.705615 0.669890 0.686818 0.698319 0.552932 0.554464 0.554064 0.557427 0.573909 0.596669 0.613625 0.617184 0.612989 0.730650 0.690887 0.643527 0.603997 0.614710 0.599958 0.585505 0.546262 0.530807 0.506365 0.473711 0.440845 0.000000 0.000000 0.000000 0.000000 0.000000 0.000000 0.000000 0.000000 0.000000 0.000000 0.000000 0.000000 0.000000 0.000000 0.000000 0.000000 0.000000 0.000000 0.000000 0.000000 0.000000 0.575761 0.720617 0.835945 0.923145 0.988023 1.036382 1.065738 1.060613 1.037641 1.012882 0.982908 0.950037 0.928696 0.900043 0.852983 0.806644 0.746593 0.680523 0.614986 0.556494 0.509133 0.469076 0.435488 0.000000 0.000000 0.000000 0.000000 0.000000 0.000000 0.000000 0.000000 0.000000 0.000000 0.000000 0.508704 0.598417 0.647088 0.662304 0.656621 0.656053 0.690929 0.760499 0.844205 0.938337 1.027484 1.097542 1.140954 1.171282 1.194519 1.203016 1.206841 1.213117 1.225231 1.241604 1.260457 1.280347 1.321462 1.346797 1.359800 1.366879 1.372109 1.373702 1.328303 1.316594 1.286617 1.280580 1.279246 1.281765 1.287342 1.278691 1.287881 1.284251 1.285876 1.283755 1.276025 1.270801 1.266644 1.261231 1.256080 1.265663 1.324512 1.358038 1.398267 1.411996 1.443738 1.439687 1.435609 1.428215 1.403796 1.380134 1.368132 1.371633 1.376292 1.375944 1.356487 1.314033 1.269529 1.223861 1.146600 0.997319 1.023176 0.975370 0.920725 0.824917
0.000000 0.000000 0.000000 0.000000 0.000000 0.000000 0.000000 0.000000 0.000000 0.000000 0.000000 0.000000 0.000000 0.000000 0.000000 0.000000 0.000000 0.000000 0.000000 0.000000 0.000000 0.000000 0.000000 0.000000 0.000000 0.000000 0.000000 0.000000 0.000000 0.000000 0.000000 0.000000 0.000000 0.000000 0.000000 0.000000 0.000000 0.436791 0.451706 0.461572 0.447944 0.401923 0.000000 0.000000 0.000000 0.000000 0.000000 0.000000 0.000000 0.000000 0.000000 0.000000 0.534071 0.639588 0.707294 0.710299 0.573882 0.591265 0.608219 0.578513 0.571417 0.522979 0.476334 0.388116 0.000000 0.000000 0.000000 0.000000 0.000000 0.000000 0.000000 0.000000 0.000000 0.000000 0.000000 0.000000 0.000000 0.000000 0.000000 0.000000 0.000000 0.000000 0.000000 0.000000 0.000000 0.000000 0.000000 0.000000 0.408624 0.533347 0.579794 0.596149 0.599186 0.594351 0.583889 0.571899 0.551385 0.455598 0.423268 0.398580 0.000000 0.000000 0.000000 0.000000 0.000000 0.000000 0.000000 0.000000 0.000000 0.000000 0.000000 0.000000 0.000000 0.000000 0.000000 0.000000 0.000000 0.411892 0.418342 0.415779 0.407610 0.395789 0.736407 0.580284 0.676171 0.751669 0.803926 0.836955 0.856427 0.799798 0.677394 0.819971 0.822991 0.822353 0.664122 0.662497 0.812024 0.811171 0.813048 0.812330 0.639052 0.625306 0.601595 0.572335 0.542824 0.518771 0.500362 0.480068 0.455775 0.540596 0.521425 0.552164 0.509402 0.498279 0.465862 0.429052 0.000000 0.000000 0.000000 0.000000 0.000000 0.000000 0.000000 0.000000 0.000000 0.000000 0.000000 0.000000 0.000000 0.000000 0.000000 0.000000 0.000000 0.000000 0.000000 0.000000 0.536909 0.710600 0.841374 0.929654 0.983516 1.009101 1.021681 1.037938 1.057279 1.053643 1.029790 0.978629 0.948956 0.923973 0.882331 0.827264 0.766629 0.697978 0.631664 0.526810 0.476657 0.438886 0.455821 0.509130 0.523801 0.512992 0.480332 0.431791 0.000000 0.000000 0.000000 0.000000 0.000000 0.544998 0.677918 0.764413 0.817287 0.830056 0.816488 0.784070 0.744689 0.699709 0.754301 0.864747 0.991487 1.062650 1.111444 1.138954 1.153707 1.156851 1.153009 1.148226 1.148110 1.155939 1.181208 1.212039 1.239659 1.258907 1.273914 1.298043 1.328848 1.348074 1.311789 1.303834 1.284216 1.282235 1.285232 1.298628 1.307903 1.320765 1.329065 1.322942 1.315536 1.303240 1.285061 1.268076 1.257750 1.261606 1.263631 1.269466 1.288081 1.314269 1.388107 1.410628 1.399248 1.379958 1.385552 1.398177 1.362253 1.367176 1.380289 1.403689 1.380580 1.332996 1.242967 1.144265 1.057901 1.029311 1.011015 0.977805 0.932159 0.892836 0.850272 0.829379
0.000000 0.000000 0.000000 0.000000 0.000000 0.000000 0.000000 0.000000 0.000000 0.000000 0.000000 0.000000 0.000000 0.000000 0.000000 0.000000 0.000000 0.000000 0.000000 0.000000 0.000000 0.000000 0.000000 0.000000 0.000000 0.000000 0.000000 0.000000 0.000000 0.000000 0.000000 0.000000 0.000000 0.000000 0.000000 0.000000 0.444537 0.466385 0.449751 0.000000 0.400459 0.508736 0.518916 0.510660 0.507430 0.501839 0.391227 0.000000 0.000000 0.000000 0.000000 0.000000 0.460719 0.668464 0.508167 0.494876 0.425602 0.000000 0.414419 0.414456 0.000000 0.387415 0.000000 0.000000 0.000000 0.000000 0.000000 0.000000 0.000000 0.000000 0.000000 0.000000 0.000000 0.000000 0.000000 0.000000 0.000000 0.000000 0.000000 0.000000 0.000000 0.000000 0.000000 0.000000 0.000000 0.000000 0.000000 0.000000 0.000000 0.000000 0.000000 0.000000 0.000000 0.000000 0.000000 0.401156 0.000000 0.000000 0.000000 0.000000 0.000000 0.000000 0.000000 0.000000 0.000000 0.000000 0.000000 0.000000 0.000000 0.000000 0.000000 0.000000 0.000000 0.000000 0.000000 0.000000 0.000000 0.000000 0.000000 0.000000 0.500856 0.621004 0.723119 0.801669 0.856623 0.827664 0.850861 0.866815 0.887367 0.761291 0.765879 0.786825 0.762788 0.762114 0.754752 0.736545 0.709385 0.693535 0.678276 0.693020 0.639752 0.630843 0.618617 0.601689 0.589229 0.576200 0.553006 0.521333 0.490087 0.468917 0.454575 0.579623 0.514067 0.479729 0.442035 0.000000 0.000000 0.000000 0.000000 0.000000 0.000000 0.000000 0.000000 0.000000 0.000000 0.000000 0.000000 0.000000 0.000000 0.000000 0.000000 0.000000 0.000000 0.000000 0.434271 0.501051 0.546280 0.568860 0.718823 0.784336 0.803079 0.814248 0.839690 0.879479 0.906687 0.920147 0.909908 0.893129 0.865719 0.776451 0.754687 0.724508 0.747196 0.706807 0.664019 0.616277 0.648153 0.762080 0.820804 0.819408 0.785450 0.738372 0.687908 0.628480 0.567431 0.508768 0.454088 0.000000 0.462198 0.615581 0.740822 0.834292 0.890228 0.896867 0.867284 0.837952 0.807899 0.772441 0.746186 0.745728 0.794813 0.851595 0.902134 0.934243 0.950417 0.950904 0.952346 0.944347 0.939475 0.941889 0.946865 0.946308 0.929615 0.881564 0.817252 0.828317 0.878987 0.925836 0.938102 0.932314 0.854631 0.870238 0.885580 0.903773 0.944020 1.002966 1.044554 1.068335 1.081606 1.083125 1.076019 1.060579 1.045022 1.031781 1.023998 1.017586 1.021772 1.035046 1.115660 1.089460 1.108234 1.135904 1.173002 1.217632 1.243322 1.262931 1.233288 1.206609 1.099012 1.023798 0.986483 0.966295 0.960349 0.946268 0.924332 0.818451 0.794534 0.839097 0.831723 0.820597
0.000000 0.000000 0.000000 0.000000 0.000000 0.000000 0.000000 0.000000 0.000000 0.000000 0.000000 0.000000 0.000000 0.000000 0.000000 0.000000 0.000000 0.000000 0.000000 0.000000 0.000000 0.000000 0.000000 0.000000 0.000000 0.000000 0.000000 0.000000 0.000000 0.000000 0.000000 0.000000 0.584112 0.000000 0.000000 0.000000 0.000000 0.000000 0.000000 0.000000 0.551781 0.595289 0.618225 0.605338 0.519782 0.449458 0.000000 0.000000 0.000000 0.000000 0.000000 0.000000 0.000000 0.000000 0.000000 0.000000 0.000000 0.000000 0.000000 0.000000 0.000000 0.000000 0.000000 0.000000 0.000000 0.000000 0.000000 0.000000 0.000000 0.000000 0.000000 0.000000 0.000000 0.000000 0.000000 0.000000 0.000000 0.000000 0.000000 0.000000 0.000000 0.000000 0.000000 0.000000 0.000000 0.000000 0.000000 0.000000 0.000000 0.000000 0.000000 0.000000 0.000000 0.000000 0.000000 0.000000 0.000000 0.000000 0.000000 0.000000 0.000000 0.000000 0.000000 0.415306 0.434199 0.432230 0.410444 0.000000 0.000000 0.000000 0.000000 0.000000 0.000000 0.000000 0.000000 0.000000 0.000000 0.408805 0.439823 0.570200 0.701444 0.819453 0.887393 0.936906 0.887213 0.883042 0.873980 0.884858 0.921944 0.955322 0.821266 0.815118 0.927256 0.822779 0.778850 0.759003 0.887234 0.861932 0.828725 1.015287 0.627568 0.626081 0.623286 0.622432 0.619990 0.614420 0.585954 0.550446 0.515430 0.488275 0.464900 0.432388 0.514818 0.000000 0.000000 0.000000 0.000000 0.000000 0.000000 0.000000 0.000000 0.000000 0.000000 0.000000 0.000000 0.000000 0.000000 0.000000 0.000000 0.000000 0.000000 0.000000 0.000000 0.000000 0.507079 0.571296 0.621876 0.655746 0.674574 0.684112 0.759405 0.786541 0.797194 0.801846 0.804775 0.803819 0.801992 0.799905 0.791577 0.775388 0.700082 0.688738 0.677845 0.667937 0.668174 0.666050 0.776205 0.888295 0.932879 1.001043 0.957234 0.904228 0.850930 0.796311 0.749152 0.693168 0.631051 0.573720 0.577420 0.589286 0.620667 0.724994 0.777448 0.773710 0.755094 0.745519 0.743852 0.735549 0.732040 0.686910 0.708222 0.742657 0.767229 0.783508 0.783800 0.773074 0.828909 0.814070 0.799577 0.796152 0.807827 0.804140 0.785014 0.770202 0.765722 0.769641 0.792132 0.818806 0.844163 0.861278 0.868502 0.871147 0.873434 0.812173 0.819887 0.838375 0.857889 0.890832 0.934338 0.960556 0.979595 0.987761 0.989897 0.986697 0.976071 0.964428 0.951107 0.939401 0.920312 0.893292 0.865935 0.841253 0.893723 0.893079 0.900312 0.921192 0.957420 0.985275 0.980663 0.965577 0.939767 0.911683 0.817756 0.679185 0.787130 0.766139 0.831930 0.839755 0.833301 0.792407
0.000000 0.000000 0.000000 0.000000 0.000000 0.000000 0.000000 0.000000 0.000000 0.000000 0.000000 0.000000 0.000000 0.000000 0.000000 0.000000 0.000000 0.000000 0.000000 0.000000 0.000000 0.000000 0.000000 0.000000 0.000000 0.000000 0.000000 0.000000 0.000000 0.000000 0.000000 0.000000 0.000000 0.000000 0.000000 0.000000 0.000000 0.000000 0.000000 0.469135 0.523736 0.559910 0.797934 0.723547 0.496353 0.421484 0.375592 0.000000 0.000000 0.000000 0.000000 0.000000 0.000000 0.000000 0.000000 0.000000 0.000000 0.000000 0.000000 0.000000 0.000000 0.000000 0.000000 0.000000 0.000000 0.000000 0.000000 0.000000 0.000000 0.000000 0.000000 0.000000 0.000000 0.000000 0.000000 0.000000 0.000000 0.000000 0.000000 0.000000 0.000000 0.000000 0.000000 0.000000 0.000000 0.000000 0.000000 0.000000 0.000000 0.000000 0.000000 0.000000 0.000000 0.000000 0.000000 0.000000 0.000000 0.000000 0.000000 0.000000 0.000000 0.415532 0.437359 0.437786 0.414233 0.000000 0.000000 0.000000 0.000000 0.000000 0.000000 0.000000 0.000000 0.000000 0.000000 0.000000 0.000000 0.787109 0.975659 0.652634 0.749481 0.831652 0.884070 0.907353 0.890953 0.869103 0.799414 0.839310 0.897780 0.944636 0.811071 0.803255 0.780843 0.920724 0.898312 0.869357 0.836067 0.811393 0.780855 0.594509 0.581627 0.593242 0.605009 0.612112 0.610231 0.597632 0.565310 0.526633 0.615973 0.584059 0.584525 0.506219 0.468051 0.426603 0.000000 0.000000 0.000000 0.000000 0.000000 0.000000 0.000000 0.000000 0.000000 0.000000 0.000000 0.000000 0.000000 0.000000 0.000000 0.000000 0.000000 0.000000 0.000000 0.000000 0.000000 0.000000 0.445220 0.539303 0.593573 0.630150 0.660230 0.676705 0.679749 0.701270 0.702011 0.695274 0.685444 0.678399 0.670665 0.658322 0.643425 0.624517 0.592932 0.603726 0.618903 0.647385 0.665784 0.661429 0.639852 0.692903 0.760746 0.800499 0.820359 0.820326 0.802823 0.778176 0.747410 0.694658 0.664318 0.616598 0.571013 0.524973 0.426606 0.000000 0.403648 0.566441 0.659313 0.729166 0.721315 0.765817 0.798934 0.809259 0.804782 0.797799 0.781097 0.770577 0.757828 0.741841 0.724959 0.726618 0.741910 0.734976 0.753376 0.716723 0.681092 0.707022 0.747747 0.786751 0.814119 0.837189 0.861692 0.873504 0.877871 0.884869 0.892184 0.903221 0.839948 0.846111 0.856727 0.873880 0.895618 0.907228 0.914893 0.919244 0.917966 0.909982 0.896425 0.884768 0.877233 0.859214 0.832880 0.813947 0.806709 0.808407 0.891178 0.902705 0.917219 0.844132 0.845241 0.841943 0.834772 0.874240 0.811683 0.805077 0.796742 0.779874 0.828064 0.803721 0.784409 0.710123
0.000000 0.000000 0.000000 0.000000 0.000000 0.000000 0.000000 0.000000 0.000000 0.000000 0.000000 0.000000 0.000000 0.000000 0.000000 0.000000 0.000000 0.000000 0.000000 0.000000 0.000000 0.000000 0.000000 0.000000 0.000000 0.000000 0.000000 0.000000 0.000000 0.000000 0.000000 0.000000 0.000000 0.000000 0.000000 0.396323 0.412742 0.410711 0.534410 0.503585 0.419234 0.417542 0.415097 0.419381 0.477387 0.487483 0.481768 0.473131 0.407886 0.406506 0.412199 0.418610 0.451250 0.483557 0.512878 0.542679 0.562616 0.572270 0.619603 0.629490 0.636337 0.640940 0.642484 0.639735 0.632207 0.621098 0.608201 0.592547 0.537952 0.526654 0.520600 0.517190 0.513620 0.508000 0.498651 0.485312 0.467725 0.449378 0.420771 0.392138 0.000000 0.000000 0.000000 0.000000 0.000000 0.000000 0.000000 0.000000 0.000000 0.000000 0.000000 0.000000 0.000000 0.000000 0.000000 0.000000 0.000000 0.000000 0.000000 0.000000 0.404221 0.414944 0.404264 0.000000 0.000000 0.000000 0.000000 0.000000 0.000000 0.000000 0.000000 0.000000 0.000000 0.000000 0.000000 0.000000 0.000000 0.416597 0.612587 0.534766 0.606881 0.644008 0.664641 0.690832 0.717993 0.738819 0.760350 0.756560 0.793790 0.803358 0.820045 0.824620 0.875539 0.867240 0.776506 0.735270 0.693385 0.672546 0.652343 0.646251 0.660095 0.736714 0.763398 0.766464 0.749183 0.723874 0.693081 0.662268 0.624422 0.586163 0.547919 0.506325 0.462351 0.415074 0.000000 0.000000 0.000000 0.000000 0.000000 0.000000 0.000000 0.000000 0.000000 0.000000 0.000000 0.000000 0.000000 0.000000 0.000000 0.000000 0.000000 0.000000 0.000000 0.000000 0.000000 0.000000 0.000000 0.000000 0.000000 0.426084 0.485891 0.530871 0.561122 0.575545 0.583835 0.587584 0.591324 0.591766 0.583185 0.567170 0.546110 0.516635 0.487584 0.530435 0.417861 0.526627 0.549466 0.579533 0.601545 0.602904 0.565647 0.605103 0.630679 0.657518 0.653479 0.716835 0.741831 0.749011 0.740097 0.722939 0.698792 0.657024 0.601057 0.503393 0.588744 0.646851 0.712838 0.769021 0.803057 0.826488 0.769480 0.771273 0.751252 0.716004 0.765357 0.759157 0.748464 0.728072 0.663725 0.670452 0.679891 0.681701 0.669038 0.701306 0.685621 0.716226 0.748161 0.774620 0.791026 0.814073 0.836987 0.849944 0.859950 0.868108 0.888435 0.904548 0.909115 0.901495 0.886383 0.813949 0.813926 0.821002 0.835098 0.842613 0.844062 0.841146 0.837286 0.831999 0.824394 0.815533 0.803615 0.790052 0.814262 0.812192 0.858645 0.780912 0.800141 0.822839 0.841559 0.855357 0.867011 1.065326 1.147801 1.078955 0.845084 0.841993 0.815478 0.759139 0.701248 0.678775
0.000000 0.000000 0.000000 0.000000 0.000000 0.000000 0.000000 0.000000 0.000000 0.000000 0.000000 0.000000 0.000000 0.000000 0.000000 0.000000 0.000000 0.000000 0.000000 0.000000 0.000000 0.000000 0.000000 0.000000 0.000000 0.000000 0.000000 0.000000 0.000000 0.000000 0.000000 0.000000 0.000000 0.465698 0.531503 0.566772 0.615160 0.602399 0.617711 0.628905 0.627707 0.622387 0.615518 0.653403 0.656581 0.660673 0.626995 0.633438 0.639824 0.649290 0.663000 0.676085 0.688425 0.701489 0.719815 0.746439 0.958881 0.845003 0.849534 0.850677 0.849364 0.845275 0.837942 0.828550 0.818441 0.803030 0.788760 0.771826 0.755063 0.735301 0.718555 0.698554 0.689908 0.677970 0.660109 0.634134 0.615740 0.587915 0.557232 0.519717 0.488009 0.451019 0.411611 0.000000 0.000000 0.000000 0.000000 0.000000 0.000000 0.000000 0.000000 0.000000 0.000000 0.000000 0.000000 0.000000 0.000000 0.000000 0.000000 0.000000 0.000000 0.000000 0.000000 0.000000 0.000000 0.000000 0.000000 0.000000 0.000000 0.000000 0.000000 0.000000 0.000000 0.000000 0.000000 0.000000 0.000000 0.000000 0.000000 0.000000 0.000000 0.382453 0.527843 0.574629 0.615904 0.640940 0.651129 0.642061 0.612568 0.569798 0.536138 0.552612 0.706597 0.748651 0.733060 0.654223 0.570665 0.552923 0.532201 0.501916 0.544457 0.596310 0.653283 0.693491 0.707198 0.697748 0.675404 0.633288 0.590737 0.543665 0.497555 0.454055 0.000000 0.000000 0.000000 0.000000 0.000000 0.000000 0.000000 0.000000 0.000000 0.000000 0.000000 0.000000 0.000000 0.000000 0.000000 0.000000 0.000000 0.000000 0.000000 0.000000 0.000000 0.000000 0.000000 0.000000 0.000000 0.000000 0.000000 0.000000 0.000000 0.000000 0.000000 0.000000 0.436880 0.465794 0.491855 0.509560 0.516598 0.515146 0.507538 0.493442 0.471851 0.451532 0.429239 0.000000 0.000000 0.000000 0.428010 0.533738 0.545090 0.542840 0.522035 0.000000 0.552056 0.624709 0.682582 0.722086 0.738538 0.753562 0.752457 0.719191 0.666619 0.609459 0.554282 0.606935 0.676811 0.732402 0.787802 0.824289 0.845732 0.841621 0.815283 0.784323 0.759712 0.743285 0.729383 0.714198 0.696609 0.685946 0.679736 0.670563 0.658918 0.648687 0.666074 0.699053 0.729726 0.749148 0.764744 0.775881 0.786531 0.791725 0.788205 0.779816 0.779321 0.793881 0.813002 0.817058 0.818482 0.800888 0.780768 0.775821 0.790784 0.808879 0.757835 0.762072 0.763195 0.805824 0.889961 0.978889 1.047862 1.084281 1.099510 1.088578 1.151088 1.016472 0.981459 0.956694 0.939487 0.926814 0.736701 0.728657 0.732393 0.737420 0.901829 0.890731 0.850091 0.781708 0.711322 0.688281
0.000000 0.000000 0.000000 0.000000 0.000000 0.000000 0.000000 0.000000 0.000000 0.000000 0.000000 0.000000 0.000000 0.000000 0.000000 0.000000 0.000000 0.000000 0.000000 0.000000 0.000000 0.000000 0.000000 0.000000 0.000000 0.000000 0.000000 0.000000 0.000000 0.000000 0.413033 0.800996 0.659005 0.678613 0.737613 0.722572 0.616441 0.633784 0.639759 0.637584 0.638457 0.331019 0.340124 0.346515 0.359672 0.381425 0.397022 0.695688 0.702136 0.709738 0.715971 0.721449 0.729119 0.743662 0.759708 1.128209 1.551016 0.919391 0.916484 1.318311 0.988732 0.983231 0.975865 0.968685 0.963289 0.952906 0.940380 0.924587 0.903419 0.877046 0.857052 0.837034 0.811958 0.781476 0.759267 0.732519 0.699293 0.674960 0.638323 0.608961 0.571743 0.540830 0.505533 0.466816 0.426316 0.383529 0.000000 0.000000 0.000000 0.000000 0.000000 0.000000 0.000000 0.000000 0.000000 0.000000 0.000000 0.000000 0.000000 0.000000 0.000000 0.000000 0.000000 0.000000 0.000000 0.000000 0.000000 0.000000 0.000000 0.000000 0.000000 0.000000 0.000000 0.000000 0.000000 0.000000 0.000000 0.000000 0.000000 0.000000 0.000000 0.000000 0.000000 0.389884 0.511451 0.528513 0.529558 0.445148 0.426621 0.413349 0.403862 0.521305 0.542155 0.508593 0.507726 0.485109 0.596168 0.608397 0.563986 0.503602 0.462636 0.495259 0.571756 0.634139 0.671245 0.677320 0.662925 0.629329 0.594683 0.558043 0.521415 0.490342 0.455037 0.418027 0.000000 0.000000 0.000000 0.000000 0.000000 0.000000 0.000000 0.000000 0.000000 0.000000 0.000000 0.000000 0.000000 0.000000 0.000000 0.000000 0.000000 0.000000 0.000000 0.000000 0.000000 0.000000 0.000000 0.000000 0.000000 0.000000 0.000000 0.000000 0.000000 0.000000 0.000000 0.000000 0.000000 0.000000 0.000000 0.000000 0.428412 0.430869 0.424170 0.000000 0.000000 0.000000 0.000000 0.000000 0.000000 0.000000 0.000000 0.000000 0.000000 0.000000 0.000000 0.482231 0.610527 0.653504 0.677838 0.705165 0.715841 0.697813 0.659972 0.572866 0.555133 0.569679 0.611543 0.653552 0.683353 0.717644 0.747752 0.756634 0.755273 0.742082 0.714555 0.688385 0.700972 0.687063 0.674708 0.659059 0.644065 0.635515 0.623228 0.611977 0.606764 0.618513 0.644609 0.666505 0.679740 0.686228 0.677923 0.654064 0.626052 0.609632 0.627554 0.659976 0.696889 0.715147 0.722724 0.704646 0.713872 0.710189 0.706818 0.700948 0.742394 0.861983 0.980581 1.077209 1.164592 1.249604 1.297075 1.334667 1.342587 1.341605 1.325633 1.295936 1.270048 0.962726 0.911108 0.849421 0.831138 0.777853 0.745842 0.719181 0.698514 0.692377 0.829865 0.771398 0.698585 0.684809
0.000000 0.000000 0.000000 0.000000 0.000000 0.000000 0.000000 0.000000 0.000000 0.000000 0.000000 0.000000 0.000000 0.000000 0.000000 0.000000 0.000000 0.000000 0.000000 0.000000 0.000000 0.000000 0.000000 0.000000 0.000000 0.000000 0.000000 0.000000 0.000000 0.004000 1.026075 1.347392 1.007748 0.864232 0.752989 0.649544 0.689988 0.352340 0.321432 0.300213 0.285378 0.287467 0.286076 0.303192 0.325191 0.337722 0.345668 0.359026 0.369771 0.380244 0.389076 0.401368 0.415639 0.434754 0.457112 0.476547 0.506243 0.536397 0.836719 0.843781 0.848952 0.849908 0.849522 0.849849 0.846511 0.841492 0.835647 0.829192 0.822028 0.810693 0.932404 0.768844 0.742013 0.841549 0.800858 0.828382 0.785088 0.759166 0.722080 0.692933 0.656361 0.628402 0.567069 0.528544 0.486412 0.439319 0.390410 0.000000 0.000000 0.000000 0.000000 0.000000 0.000000 0.000000 0.000000 0.000000 0.000000 0.000000 0.000000 0.000000 0.000000 0.000000 0.000000 0.000000 0.000000 0.000000 0.000000 0.000000 0.000000 0.000000 0.000000 0.000000 0.000000 0.000000 0.000000 0.000000 0.000000 0.000000 0.000000 0.000000 0.000000 0.367510 0.000000 0.000000 0.000000 0.000000 0.000000 0.000000 0.000000 0.000000 0.000000 0.000000 0.000000 0.000000 0.000000 0.000000 0.000000 0.000000 0.000000 0.000000 0.000000 0.416726 0.468489 0.523758 0.568899 0.598189 0.604640 0.622626 0.579172 0.565316 0.547834 0.519416 0.490834 0.455870 0.421280 0.000000 0.000000 0.000000 0.000000 0.000000 0.000000 0.000000 0.000000 0.000000 0.000000 0.000000 0.000000 0.000000 0.000000 0.000000 0.000000 0.000000 0.000000 0.000000 0.000000 0.000000 0.000000 0.000000 0.000000 0.000000 0.000000 0.000000 0.000000 0.000000 0.000000 0.000000 0.000000 0.000000 0.000000 0.000000 0.000000 0.000000 0.000000 0.000000 0.000000 0.000000 0.000000 0.000000 0.000000 0.000000 0.000000 0.000000 0.000000 0.000000 0.000000 0.000000 0.000000 0.000000 0.459582 0.589265 0.602868 0.599486 0.588230 0.562798 0.524553 0.476962 0.424496 0.000000 0.000000 0.436942 0.478979 0.492969 0.543264 0.570452 0.586862 0.601185 0.595152 0.571834 0.605000 0.591339 0.578320 0.564860 0.554464 0.476119 0.476524 0.475650 0.470602 0.463719 0.453995 0.441031 0.424600 0.000000 0.422981 0.446233 0.458505 0.461772 0.468835 0.501861 0.539581 0.574146 0.608233 0.628212 0.644422 0.656234 0.750273 0.840498 0.924507 0.992797 1.052724 1.093116 1.126216 1.138678 1.136745 1.135742 1.133349 1.147122 0.914438 0.923691 0.923814 0.915964 0.891299 0.850661 0.800112 0.757107 0.719174 0.306056 0.645862 0.740637 0.679290 0.671509
0.000000 0.000000 0.000000 0.000000 0.000000 0.000000 0.000000 0.000000 0.000000 0.000000 0.000000 0.000000 0.000000 0.000000 0.000000 0.000000 0.000000 0.000000 0.000000 0.000000 0.000000 0.000000 0.000000 0.000000 0.000000 0.000000 0.000000 0.000000 0.000000 0.000000 0.004000 0.770855 1.036799 0.809819 0.592313 0.467204 0.177395 0.241897 0.185592 0.184524 0.187501 0.207594 0.217168 0.639886 0.222118 0.243899 0.239362 0.237453 0.239520 0.237329 0.231033 0.231066 0.238835 0.253923 0.280663 0.316278 0.348355 0.400495 0.441248 0.460524 0.489235 0.508544 0.525005 0.534811 0.542573 0.545712 0.550937 0.541979 0.525791 0.513400 0.473917 0.444596 0.479898 1.060955 0.376772 0.643583 0.635538 0.622760 0.609866 0.714806 0.683075 0.703807 0.665909 0.621946 0.576624 0.528344 0.421723 0.000000 0.000000 0.000000 0.000000 0.000000 0.000000 0.000000 0.000000 0.000000 0.000000 0.000000 0.000000 0.000000 0.000000 0.000000 0.000000 0.000000 0.000000 0.000000 0.000000 0.000000 0.000000 0.000000 0.000000 0.000000 0.000000 0.000000 0.000000 0.000000 0.000000 0.000000 0.000000 0.000000 0.000000 0.000000 0.000000 0.000000 0.000000 0.000000 0.000000 0.000000 0.000000 0.000000 0.000000 0.000000 0.000000 0.000000 0.000000 0.000000 0.000000 0.000000 0.000000 0.000000 0.000000 0.000000 0.000000 0.000000 0.000000 0.422197 0.461589 0.488126 0.506451 0.515132 0.514683 0.505738 0.489943 0.469386 0.453423 0.430651 0.000000 0.000000 0.000000 0.000000 0.000000 0.000000 0.000000 0.000000 0.000000 0.000000 0.000000 0.000000 0.000000 0.000000 0.000000 0.000000 0.000000 0.000000 0.000000 0.000000 0.000000 0.000000 0.000000 0.000000 0.000000 0.000000 0.000000 0.000000 0.000000 0.000000 0.390179 0.427688 0.425996 0.402874 0.000000 0.000000 0.000000 0.000000 0.000000 0.000000 0.000000 0.000000 0.000000 0.000000 0.000000 0.000000 0.000000 0.000000 0.000000 0.000000 0.000000 0.000000 0.000000 0.310571 0.497703 0.517891 0.539973 0.544515 0.541297 0.534894 0.514470 0.490651 0.464062 0.458495 0.451755 0.436115 0.415511 0.419566 0.440967 0.483476 0.513468 0.506057 0.488467 0.462838 0.436188 0.000000 0.000000 0.000000 0.000000 0.000000 0.000000 0.000000 0.000000 0.000000 0.000000 0.000000 0.000000 0.000000 0.000000 0.000000 0.000000 0.000000 0.000000 0.423372 0.455170 0.492310 0.525131 0.565383 0.643467 0.716746 0.830723 0.914434 0.977566 1.019836 0.954833 1.031060 1.020892 1.006786 0.993335 0.904233 0.955809 0.829346 0.855339 0.868901 0.862264 0.837449 0.803193 0.759246 0.719972 0.686607 0.651207 0.607535 0.707614 0.597879
0.000000 0.000000 0.000000 0.000000 0.000000 0.000000 0.000000 0.000000 0.000000 0.000000 0.000000 0.000000 0.000000 0.000000 0.000000 0.000000 0.000000 0.000000 0.000000 0.000000 0.000000 0.000000 0.000000 0.000000 0.000000 0.000000 0.000000 0.000000 0.000000 0.000000 0.000000 0.516606 0.710970 0.740273 0.686124 0.559575 0.600367 0.571294 0.658170 0.714186 0.381137 0.380404 0.373956 0.348849 0.333055 0.326007 0.313071 0.292905 0.287792 0.296050 0.308595 0.315434 0.327098 0.325973 0.320401 0.308665 0.309019 0.324882 0.357101 0.368206 0.375227 0.369447 0.379406 0.387079 0.396465 0.396338 0.396358 0.391044 0.374028 0.344160 0.309487 0.275751 0.250474 0.263449 0.626758 0.635537 0.636515 0.631579 0.621723 0.601275 0.578673 0.558431 0.534150 0.630669 0.636730 0.591976 0.544814 0.496603 0.000000 0.000000 0.000000 0.000000 0.000000 0.000000 0.000000 0.000000 0.000000 0.000000 0.000000 0.000000 0.000000 0.000000 0.000000 0.000000 0.000000 0.000000 0.000000 0.000000 0.000000 0.000000 0.000000 0.000000 0.000000 0.000000 0.000000 0.000000 0.000000 0.000000 0.000000 0.000000 0.000000 0.000000 0.000000 0.000000 0.000000 0.000000 0.000000 0.000000 0.000000 0.000000 0.000000 0.000000 0.000000 0.000000 0.000000 0.000000 0.000000 0.000000 0.000000 0.000000 0.000000 0.000000 0.000000 0.000000 0.000000 0.000000 0.000000 0.000000 0.000000 0.000000 0.419079 0.439229 0.444566 0.440498 0.433431 0.425648 0.420769 0.414439 0.000000 0.000000 0.000000 0.000000 0.000000 0.000000 0.000000 0.000000 0.000000 0.000000 0.000000 0.000000 0.000000 0.000000 0.000000 0.000000 0.000000 0.000000 0.000000 0.000000 0.000000 0.000000 0.000000 0.000000 0.000000 0.000000 0.000000 0.000000 0.468167 0.502510 0.493697 0.456745 0.408236 0.000000 0.000000 0.000000 0.000000 0.000000 0.000000 0.000000 0.000000 0.000000 0.000000 0.000000 0.000000 0.000000 0.000000 0.000000 0.000000 0.000000 0.000000 0.000000 0.000000 0.000000 0.425159 0.425120 0.432428 0.440935 0.435563 0.426177 0.420075 0.415343 0.408619 0.000000 0.000000 0.000000 0.000000 0.000000 0.000000 0.000000 0.000000 0.000000 0.000000 0.000000 0.000000 0.000000 0.000000 0.000000 0.000000 0.000000 0.000000 0.000000 0.000000 0.000000 0.000000 0.000000 0.000000 0.000000 0.000000 0.000000 0.000000 0.000000 0.000000 0.000000 0.000000 0.000000 0.465110 0.643829 0.767233 0.862284 0.911454 0.932743 0.931873 0.926506 0.920172 0.913850 0.906873 0.836433 0.862545 0.922060 0.792828 0.823429 0.837280 0.823890 0.793344 0.762251 0.735205 0.729408 0.706998 0.662497 0.746541 0.588567
0.000000 0.000000 0.000000 0.000000 0.000000 0.000000 0.000000 0.000000 0.000000 0.000000 0.000000 0.000000 0.000000 0.000000 0.000000 0.000000 0.000000 0.000000 0.000000 0.000000 0.000000 0.000000 0.000000 0.000000 0.000000 0.000000 0.000000 0.000000 0.000000 0.004000 0.691808 0.666077 0.836200 0.900478 0.863625 0.761883 0.621945 0.618172 0.713593 0.671432 0.744448 0.805254 0.841816 0.862235 0.879000 0.890472 0.898012 0.904630 0.913820 0.927026 0.933345 0.937835 0.937875 0.939686 0.530901 0.444776 0.419775 0.430920 0.428206 0.391703 0.342364 0.309525 0.310253 0.303580 0.303801 0.296211 0.282328 0.410828 0.267536 0.273660 0.619517 0.614693 0.608397 0.601167 0.592797 0.584215 0.572451 0.558819 0.542210 0.529625 0.522156 0.512226 0.501707 0.611135 0.585055 0.594575 0.557065 0.517080 0.391634 0.000000 0.000000 0.000000 0.000000 0.000000 0.000000 0.000000 0.000000 0.000000 0.000000 0.000000 0.000000 0.000000 0.000000 0.000000 0.000000 0.000000 0.000000 0.000000 0.000000 0.000000 0.000000 0.000000 0.000000 0.000000 0.000000 0.000000 0.000000 0.000000 0.000000 0.000000 0.000000 0.000000 0.000000 0.000000 0.000000 0.000000 0.000000 0.000000 0.000000 0.000000 0.000000 0.000000 0.000000 0.000000 0.000000 0.000000 0.000000 0.000000 0.000000 0.000000 0.000000 0.000000 0.000000 0.000000 0.000000 0.000000 0.000000 0.000000 0.000000 0.000000 0.000000 0.554512 0.000000 0.000000 0.000000 0.000000 0.000000 0.000000 0.000000 0.000000 0.000000 0.000000 0.000000 0.000000 0.000000 0.000000 0.000000 0.000000 0.000000 0.000000 0.000000 0.000000 0.000000 0.000000 0.000000 0.000000 0.000000 0.000000 0.000000 0.000000 0.000000 0.000000 0.000000 0.000000 0.000000 0.417336 0.475856 0.496062 0.470936 0.421798 0.000000 0.000000 0.000000 0.000000 0.000000 0.000000 0.000000 0.000000 0.000000 0.000000 0.000000 0.000000 0.000000 0.000000 0.000000 0.000000 0.000000 0.000000 0.000000 0.000000 0.000000 0.000000 0.000000 0.000000 0.000000 0.000000 0.000000 0.000000 0.000000 0.000000 0.000000 0.000000 0.000000 0.000000 0.000000 0.000000 0.000000 0.000000 0.000000 0.000000 0.000000 0.000000 0.000000 0.000000 0.000000 0.000000 0.000000 0.000000 0.000000 0.000000 0.000000 0.000000 0.000000 0.000000 0.000000 0.000000 0.000000 0.000000 0.000000 0.000000 0.000000 0.000000 0.000000 0.000000 0.000000 0.474165 0.609639 0.729772 0.788699 0.802136 0.802864 0.810703 0.820966 0.824688 0.819499 0.765533 0.787508 0.813018 0.698128 0.727810 0.752537 0.768056 0.774452 0.770500 0.774652 0.774239 0.742728 0.675502 0.746556 0.581625
0.000000 0.000000 0.000000 0.000000 0.000000 0.000000 0.000000 0.000000 0.000000 0.000000 0.000000 0.000000 0.000000 0.000000 0.000000 0.000000 0.000000 0.000000 0.000000 0.000000 0.000000 0.000000 0.000000 0.000000 0.000000 0.000000 0.000000 0.000000 0.000000 0.000000 0.000000 0.000000 0.000000 0.000000 0.000000 0.000000 0.000000 0.444304 0.643899 0.758382 0.849628 0.841162 0.899014 0.932178 0.950452 0.792611 0.808750 0.822525 0.854337 0.850434 0.837712 0.833929 0.847522 0.865188 0.878124 0.875978 0.866718 0.857421 0.823422 0.776812 0.399835 0.391380 0.401272 0.878860 0.862914 0.680109 0.667413 0.661006 0.669249 0.679441 0.846874 0.841138 0.825786 0.801146 0.763439 0.726541 0.683550 0.640858 0.604623 0.578384 0.569930 0.557165 0.543604 0.526150 0.533476 0.514562 0.494418 0.395435 0.381231 0.000000 0.000000 0.000000 0.000000 0.000000 0.000000 0.000000 0.000000 0.000000 0.000000 0.000000 0.000000 0.000000 0.000000 0.000000 0.000000 0.000000 0.000000 0.000000 0.000000 0.000000 0.000000 0.000000 0.000000 0.000000 0.000000 0.000000 0.000000 0.000000 0.000000 0.000000 0.000000 0.000000 0.000000 0.000000 0.000000 0.000000 0.000000 0.000000 0.000000 0.000000 0.000000 0.000000 0.000000 0.000000 0.000000 0.000000 0.000000 0.000000 0.000000 0.000000 0.000000 0.000000 0.000000 0.000000 0.000000 0.000000 0.000000 0.000000 0.000000 0.000000 0.000000 0.000000 0.000000 0.000000 0.000000 0.000000 0.000000 0.000000 0.000000 0.000000 0.000000 0.000000 0.000000 0.000000 0.000000 0.000000 0.000000 0.000000 0.000000 0.000000 0.000000 0.000000 0.000000 0.000000 0.000000 0.000000 0.000000 0.000000 0.000000 0.000000 0.000000 0.000000 0.000000 0.000000 0.000000 0.000000 0.000000 0.000000 0.000000 0.000000 0.000000 0.000000 0.000000 0.000000 0.000000 0.000000 0.000000 0.000000 0.000000 0.000000 0.000000 0.000000 0.000000 0.000000 0.000000 0.000000 0.000000 0.000000 0.000000 0.000000 0.000000 0.000000 0.000000 0.000000 0.000000 0.000000 0.000000 0.000000 0.000000 0.000000 0.000000 0.000000 0.000000 0.000000 0.000000 0.000000 0.000000 0.000000 0.000000 0.000000 0.000000 0.000000 0.000000 0.000000 0.000000 0.000000 0.000000 0.000000 0.000000 0.000000 0.000000 0.000000 0.000000 0.000000 0.000000 0.000000 0.000000 0.000000 0.000000 0.000000 0.000000 0.000000 0.000000 0.000000 0.000000 0.000000 0.465732 0.562740 0.618338 0.633735 0.652793 0.703658 0.719712 0.727223 0.683729 0.691888 0.697744 0.705495 0.723880 0.607431 0.636870 0.660241 0.677510 0.693100 0.707815 0.721408 0.697603 0.635093 0.698189 0.513712
0.000000 0.000000 0.000000 0.000000 0.000000 0.000000 0.000000 0.000000 0.000000 0.000000 0.000000 0.000000 0.000000 0.000000 0.000000 0.000000 0.000000 0.000000 0.000000 0.000000 0.000000 0.000000 0.000000 0.000000 0.000000 0.000000 0.000000 0.000000 0.000000 0.000000 0.000000 0.000000 0.000000 0.000000 0.000000 0.000000 0.000000 0.575383 0.648233 0.929285 0.916079 0.807893 0.855082 0.911704 0.951674 0.983605 1.060706 1.130673 0.908899 0.649459 0.664842 0.892879 1.092327 1.096282 0.948417 0.716534 0.671273 0.649426 0.643577 0.355948 0.334629 0.347023 0.682956 0.690111 0.681803 0.838946 0.846334 0.874784 0.895670 0.902204 0.897171 0.876712 0.846866 0.800613 0.744287 0.684608 0.624403 0.611224 0.571947 0.539644 0.510495 0.483563 0.395936 0.000000 0.000000 0.000000 0.000000 0.000000 0.000000 0.000000 0.000000 0.000000 0.000000 0.000000 0.000000 0.000000 0.000000 0.000000 0.000000 0.000000 0.000000 0.000000 0.000000 0.000000 0.000000 0.000000 0.000000 0.000000 0.000000 0.000000 0.000000 0.000000 0.000000 0.000000 0.000000 0.000000 0.000000 0.000000 0.000000 0.000000 0.000000 0.000000 0.000000 0.000000 0.000000 0.000000 0.000000 0.000000 0.000000 0.000000 0.000000 0.000000 0.000000 0.000000 0.000000 0.000000 0.000000 0.000000 0.000000 0.000000 0.000000 0.000000 0.000000 0.000000 0.000000 0.000000 0.000000 0.000000 0.000000 0.000000 0.000000 0.000000 0.000000 0.004000 0.000000 0.000000 0.000000 0.000000 0.000000 0.000000 0.000000 0.000000 0.000000 0.000000 0.000000 0.000000 0.000000 0.000000 0.000000 0.000000 0.000000 0.000000 0.000000 0.000000 0.000000 0.000000 0.000000 0.000000 0.000000 0.000000 0.000000 0.000000 0.000000 0.000000 0.000000 0.000000 0.000000 0.004000 0.000000 0.000000 0.000000 0.000000 0.000000 0.000000 0.000000 0.000000 0.000000 0.000000 0.000000 0.000000 0.000000 0.000000 0.000000 0.000000 0.000000 0.000000 0.000000 0.000000 0.000000 0.000000 0.000000 0.000000 0.000000 0.000000 0.000000 0.000000 0.000000 0.000000 0.000000 0.000000 0.000000 0.000000 0.000000 0.000000 0.000000 0.000000 0.000000 0.000000 0.000000 0.000000 0.000000 0.000000 0.000000 0.000000 0.000000 0.000000 0.000000 0.000000 0.000000 0.000000 0.000000 0.000000 0.000000 0.000000 0.000000 0.000000 0.000000 0.000000 0.000000 0.000000 0.000000 0.000000 0.000000 0.000000 0.000000 0.000000 0.000000 0.000000 0.000000 0.459188 0.494112 0.534123 0.570365 0.597030 0.647263 0.666202 0.672964 0.673571 0.669211 0.631215 0.648388 0.673163 0.558399 0.580697 0.600993 0.614915 0.593257 0.543750 0.653881 0.497943
0.000000 0.000000 0.000000 0.000000 0.000000 0.000000 0.000000 0.000000 0.000000 0.000000 0.000000 0.000000 0.000000 0.000000 0.000000 0.000000 0.000000 0.000000 0.000000 0.000000 0.000000 0.000000 0.000000 0.000000 0.000000 0.000000 0.000000 0.000000 0.000000 0.000000 0.000000 0.000000 0.000000 0.000000 0.000000 0.000000 0.000000 0.000000 0.000000 0.429117 0.493181 0.601775 0.682956 0.744512 0.797330 0.868034 0.779757 0.814945 0.604471 0.538220 0.514990 0.526084 0.777765 0.729837 0.604654 0.497954 0.447524 0.554600 0.580159 0.649850 0.648749 0.689747 0.725813 0.615937 0.627475 0.640707 0.662293 0.697176 0.716880 0.724853 0.722527 0.863266 0.824397 0.770887 0.704738 0.631717 0.606313 0.546696 0.501107 0.402783 0.000000 0.000000 0.000000 0.000000 0.000000 0.000000 0.000000 0.000000 0.000000 0.000000 0.000000 0.000000 0.000000 0.000000 0.000000 0.000000 0.000000 0.000000 0.000000 0.000000 0.000000 0.000000 0.000000 0.000000 0.000000 0.000000 0.000000 0.000000 0.000000 0.000000 0.000000 0.000000 0.000000 0.000000 0.000000 0.000000 0.000000 0.000000 0.000000 0.000000 0.000000 0.000000 0.000000 0.000000 0.000000 0.000000 0.000000 0.000000 0.000000 0.000000 0.000000 0.000000 0.000000 0.000000 0.000000 0.000000 0.000000 0.000000 0.000000 0.000000 0.000000 0.000000 0.000000 0.000000 0.000000 0.000000 0.000000 0.000000 0.000000 0.000000 0.000000 0.000000 0.000000 0.000000 0.000000 0.000000 0.000000 0.000000 0.000000 0.000000 0.000000 0.000000 0.000000 0.000000 0.000000 0.000000 0.000000 0.000000 0.000000 0.000000 0.000000 0.000000 0.000000 0.000000 0.000000 0.000000 0.000000 0.000000 0.000000 0.000000 0.000000 0.000000 0.000000 0.000000 0.000000 0.000000 0.000000 0.000000 0.000000 0.000000 0.000000 0.000000 0.000000 0.000000 0.000000 0.000000 0.000000 0.000000 0.000000 0.000000 0.000000 0.000000 0.000000 0.000000 0.000000 0.000000 0.000000 0.000000 0.000000 0.000000 0.000000 0.000000 0.000000 0.000000 0.000000 0.000000 0.000000 0.000000 0.000000 0.000000 0.000000 0.000000 0.000000 0.000000 0.000000 0.000000 0.000000 0.000000 0.000000 0.000000 0.000000 0.000000 0.000000 0.000000 0.000000 0.000000 0.000000 0.000000 0.000000 0.000000 0.000000 0.000000 0.000000 0.000000 0.000000 0.000000 0.000000 0.000000 0.000000 0.000000 0.000000 0.000000 0.439273 0.527975 0.433750 0.000000 0.000000 0.000000 0.000000 0.000000 0.000000 0.000000 0.449098 0.486280 0.510299 0.584493 0.596570 0.598610 0.596864 0.591668 0.581111 0.601383 0.619481 0.629147 0.603076 0.616130 0.599009 0.560700 0.553988 0.000000
0.000000 0.000000 0.000000 0.000000 0.000000 0.000000 0.000000 0.000000 0.000000 0.000000 0.000000 0.000000 0.000000 0.000000 0.000000 0.000000 0.000000 0.000000 0.000000 0.000000 0.000000 0.000000 0.000000 0.000000 0.000000 0.000000 0.000000 0.000000 0.000000 0.000000 0.000000 0.000000 0.000000 0.000000 0.000000 0.000000 0.000000 0.000000 0.000000 0.000000 0.000000 0.000000 0.426756 0.435569 0.542686 0.578713 0.606524 0.579114 0.585280 0.562315 0.562704 0.584083 0.568091 0.434735 0.427389 0.415025 0.517760 0.520535 0.520445 0.523307 0.540542 0.563681 0.576216 0.613282 0.517155 0.540561 0.574362 0.603418 0.617998 0.623106 0.766751 0.744481 0.707970 0.657711 0.635537 0.566580 0.504336 0.000000 0.407290 0.000000 0.000000 0.000000 0.000000 0.000000 0.000000 0.000000 0.000000 0.000000 0.000000 0.000000 0.000000 0.000000 0.000000 0.000000 0.000000 0.000000 0.000000 0.000000 0.000000 0.000000 0.000000 0.000000 0.000000 0.000000 0.000000 0.000000 0.000000 0.000000 0.000000 0.000000 0.000000 0.000000 0.000000 0.000000 0.000000 0.000000 0.000000 0.000000 0.000000 0.000000 0.000000 0.000000 0.000000 0.000000 0.000000 0.000000 0.000000 0.000000 0.000000 0.000000 0.000000 0.000000 0.000000 0.000000 0.000000 0.000000 0.000000 0.000000 0.000000 0.000000 0.000000 0.000000 0.000000 0.000000 0.000000 0.000000 0.000000 0.000000 0.000000 0.000000 0.000000 0.000000 0.000000 0.000000 0.000000 0.000000 0.000000 0.000000 0.000000 0.000000 0.000000 0.000000 0.000000 0.000000 0.000000 0.000000 0.000000 0.000000 0.000000 0.000000 0.000000 0.000000 0.000000 0.000000 0.000000 0.000000 0.000000 0.000000 0.000000 0.000000 0.000000 0.000000 0.000000 0.000000 0.000000 0.000000 0.000000 0.000000 0.000000 0.000000 0.000000 0.000000 0.000000 0.000000 0.000000 0.000000 0.000000 0.000000 0.000000 0.000000 0.000000 0.000000 0.000000 0.000000 0.000000 0.000000 0.000000 0.000000 0.000000 0.000000 0.000000 0.000000 0.000000 0.000000 0.000000 0.000000 0.000000 0.000000 0.000000 0.000000 0.000000 0.000000 0.000000 0.000000 0.000000 0.000000 0.000000 0.000000 0.000000 0.000000 0.000000 0.000000 0.000000 0.000000 0.000000 0.000000 0.000000 0.000000 0.000000 0.000000 0.000000 0.000000 0.000000 0.000000 0.000000 0.000000 0.000000 0.000000 0.000000 0.000000 0.000000 0.000000 0.000000 0.000000 0.000000 0.000000 0.000000 0.000000 0.000000 0.000000 0.000000 0.424634 0.447985 0.462026 0.469289 0.474120 0.469960 0.460023 0.440864 0.533273 0.465821 0.469350 0.465107 0.529904 0.523264 0.509331 0.413868 0.000000 0.000000 0.000000
0.000000 0.000000 0.000000 0.000000 0.000000 0.000000 0.000000 0.000000 0.000000 0.000000 0.000000 0.000000 0.000000 0.000000 0.000000 0.000000 0.000000 0.000000 0.000000 0.000000 0.000000 0.000000 0.000000 0.000000 0.000000 0.000000 0.000000 0.000000 0.000000 0.000000 0.000000 0.000000 0.000000 0.000000 0.000000 0.000000 0.000000 0.000000 0.000000 0.000000 0.000000 0.000000 0.000000 0.000000 0.000000 0.000000 0.000000 0.000000 0.000000 0.000000 0.000000 0.000000 0.633185 0.000000 0.000000 0.000000 0.000000 0.000000 0.000000 0.000000 0.000000 0.427850 0.465183 0.498062 0.519941 0.605677 0.645348 0.677421 0.639211 0.639100 0.613670 0.615009 0.648386 0.610359 0.559757 0.398892 0.000000 0.000000 0.000000 0.000000 0.000000 0.000000 0.000000 0.000000 0.000000 0.000000 0.000000 0.000000 0.407549 0.416894 0.416793 0.410155 0.401857 0.398944 0.000000 0.000000 0.000000 0.000000 0.000000 0.000000 0.000000 0.000000 0.000000 0.000000 0.000000 0.000000 0.000000 0.000000 0.000000 0.000000 0.000000 0.000000 0.000000 0.000000 0.000000 0.000000 0.000000 0.000000 0.000000 0.000000 0.000000 0.000000 0.000000 0.000000 0.000000 0.000000 0.000000 0.000000 0.000000 0.000000 0.000000 0.000000 0.000000 0.000000 0.000000 0.000000 0.000000 0.000000 0.000000 0.000000 0.000000 0.000000 0.000000 0.000000 0.000000 0.000000 0.000000 0.000000 0.000000 0.000000 0.000000 0.000000 0.000000 0.000000 0.000000 0.000000 0.000000 0.000000 0.000000 0.000000 0.000000 0.000000 0.000000 0.000000 0.000000 0.000000 0.000000 0.000000 0.000000 0.000000 0.000000 0.000000 0.000000 0.000000 0.000000 0.000000 0.000000 0.000000 0.000000 0.000000 0.000000 0.000000 0.000000 0.000000 0.000000 0.000000 0.000000 0.000000 0.000000 0.000000 0.000000 0.000000 0.000000 0.000000 0.000000 0.000000 0.000000 0.000000 0.000000 0.000000 0.000000 0.000000 0.000000 0.000000 0.000000 0.000000 0.000000 0.000000 0.000000 0.000000 0.000000 0.000000 0.000000 0.000000 0.000000 0.000000 0.000000 0.000000 0.000000 0.000000 0.000000 0.000000 0.000000 0.000000 0.000000 0.000000 0.000000 0.000000 0.000000 0.000000 0.000000 0.000000 0.000000 0.000000 0.000000 0.000000 0.000000 0.000000 0.000000 0.000000 0.000000 0.000000 0.000000 0.000000 0.000000 0.000000 0.000000 0.000000 0.000000 0.000000 0.000000 0.000000 0.000000 0.000000 0.000000 0.000000 0.000000 0.000000 0.000000 0.000000 0.000000 0.000000 0.000000 0.000000 0.000000 0.000000 0.000000 0.000000 0.000000 0.000000 0.000000 0.000000 0.000000 0.000000 0.000000 0.000000 0.000000 0.000000 0.000000 0.000000
0.000000 0.000000 0.000000 0.000000 0.000000 0.000000 0.000000 0.000000 0.000000 0.000000 0.000000 0.000000 0.000000 0.000000 0.000000 0.000000 0.000000 0.000000 0.000000 0.000000 0.000000 0.000000 0.000000 0.000000 0.000000 0.000000 0.000000 0.000000 0.000000 0.000000 0.000000 0.000000 0.000000 0.000000 0.000000 0.000000 0.000000 0.000000 0.000000 0.000000 0.000000 0.000000 0.000000 0.000000 0.000000 0.000000 0.000000 0.000000 0.000000 0.000000 0.000000 0.000000 0.000000 0.000000 0.000000 0.000000 0.000000 0.000000 0.000000 0.000000 0.000000 0.425596 0.454078 0.462225 0.467194 0.568613 0.598529 0.633209 0.615409 0.594525 0.538669 0.567936 0.539909 0.524080 0.486993 0.000000 0.000000 0.000000 0.000000 0.000000 0.000000 0.000000 0.000000 0.000000 0.406145 0.403230 0.510041 0.540480 0.552071 0.557594 0.553794 0.553734 0.553690 0.552951 0.552023 0.535817 0.441506 0.417744 0.000000 0.000000 0.000000 0.000000 0.000000 0.000000 0.000000 0.000000 0.000000 0.000000 0.000000 0.000000 0.000000 0.000000 0.000000 0.000000 0.000000 0.000000 0.000000 0.000000 0.000000 0.000000 0.000000 0.000000 0.000000 0.000000 0.000000 0.000000 0.000000 0.000000 0.000000 0.000000 0.000000 0.000000 0.000000 0.000000 0.000000 0.000000 0.000000 0.000000 0.000000 0.000000 0.000000 0.000000 0.000000 0.000000 0.000000 0.000000 0.000000 0.000000 0.000000 0.000000 0.000000 0.000000 0.000000 0.000000 0.000000 0.000000 0.000000 0.000000 0.000000 0.000000 0.000000 0.000000 0.000000 0.000000 0.000000 0.000000 0.000000 0.000000 0.000000 0.000000 0.000000 0.000000 0.000000 0.000000 0.000000 0.000000 0.000000 0.000000 0.000000 0.000000 0.000000 0.000000 0.000000 0.000000 0.000000 0.000000 0.000000 0.000000 0.000000 0.000000 0.000000 0.000000 0.000000 0.000000 0.000000 0.000000 0.000000 0.000000 0.000000 0.000000 0.000000 0.000000 0.000000 0.000000 0.000000 0.000000 0.000000 0.000000 0.000000 0.000000 0.000000 0.000000 0.000000 0.000000 0.000000 0.000000 0.000000 0.000000 0.000000 0.000000 0.000000 0.000000 0.000000 0.000000 0.000000 0.000000 0.000000 0.000000 0.000000 0.000000 0.000000 0.000000 0.000000 0.000000 0.000000 0.000000 0.000000 0.000000 0.000000 0.000000 0.000000 0.000000 0.000000 0.000000 0.000000 0.000000 0.000000 0.000000 0.000000 0.000000 0.000000 0.000000 0.000000 0.000000 0.000000 0.000000 0.000000 0.000000 0.000000 0.000000 0.000000 0.000000 0.000000 0.000000 0.000000 0.000000 0.000000 0.000000 0.000000 0.000000 0.000000 0.000000 0.000000 0.000000 0.000000 0.000000 0.000000 0.000000 0.000000 0.000000
0.000000 0.000000 0.000000 0.000000 0.000000 0.000000 0.000000 0.000000 0.000000 0.000000 0.000000 0.000000 0.000000 0.000000 0.000000 0.000000 0.000000 0.000000 0.000000 0.000000 0.000000 0.000000 0.000000 0.000000 0.000000 0.000000 0.000000 0.000000 0.000000 0.437871 0.569019 0.596794 0.605296 0.597369 0.569919 0.435781 0.000000 0.000000 0.000000 0.000000 0.000000 0.000000 0.000000 0.000000 0.000000 0.000000 0.000000 0.000000 0.000000 0.000000 0.000000 0.000000 0.000000 0.000000 0.000000 0.000000 0.004000 0.004000 0.004000 0.000000 0.000000 0.000000 0.000000 0.461001 0.783721 1.083342 1.141272 1.156229 1.141397 1.048783 0.799825 0.576446 0.586483 0.564508 0.494024 0.000000 0.000000 0.000000 0.000000 0.000000 0.000000 0.000000 0.000000 0.000000 0.000000 0.426608 0.542822 0.561199 0.561960 0.563990 0.567515 0.575696 0.577406 0.515949 0.515326 0.497052 0.482972 0.464421 0.444053 0.417190 0.000000 0.000000 0.000000 0.000000 0.000000 0.000000 0.000000 0.000000 0.000000 0.000000 0.501619 0.533140 0.543185 0.532772 0.500918 0.000000 0.000000 0.000000 0.000000 0.000000 0.000000 0.000000 0.000000 0.000000 0.000000 0.000000 0.000000 0.000000 0.000000 0.000000 0.000000 0.000000 0.000000 0.000000 0.000000 0.000000 0.000000 0.000000 0.000000 0.000000 0.000000 0.000000 0.000000 0.000000 0.000000 0.000000 0.000000 0.000000 0.000000 0.000000 0.000000 0.000000 0.000000 0.000000 0.000000 0.000000 0.000000 0.000000 0.000000 0.000000 0.000000 0.000000 0.000000 0.000000 0.000000 0.000000 0.000000 0.000000 0.000000 0.000000 0.000000 0.000000 0.000000 0.000000 0.000000 0.000000 0.000000 0.000000 0.000000 0.000000 0.000000 0.000000 0.000000 0.000000 0.000000 0.000000 0.000000 0.000000 0.000000 0.000000 0.000000 0.000000 0.000000 0.000000 0.000000 0.000000 0.000000 0.000000 0.000000 0.000000 0.000000 0.000000 0.000000 0.000000 0.000000 0.000000 0.000000 0.000000 0.000000 0.000000 0.000000 0.000000 0.000000 0.000000 0.000000 0.000000 0.000000 0.000000 0.000000 0.000000 0.000000 0.000000 0.000000 0.000000 0.000000 0.000000 0.000000 0.000000 0.000000 0.000000 0.000000 0.000000 0.000000 0.000000 0.000000 0.000000 0.000000 0.000000 0.000000 0.000000 0.000000 0.000000 0.000000 0.000000 0.000000 0.000000 0.000000 0.000000 0.000000 0.000000 0.000000 0.000000 0.000000 0.000000 0.000000 0.000000 0.000000 0.000000 0.000000 0.000000 0.000000 0.000000 0.000000 0.000000 0.000000 0.000000 0.000000 0.000000 0.000000 0.000000 0.000000 0.000000 0.000000 0.000000 0.000000 0.000000 0.000000 0.000000 0.000000 0.000000
