0.000000 0.000000 0.000000 0.000000 0.000000 0.000000 0.000000 0.000000 0.000000 0.000000 0.000000 0.000000 0.000000 0.000000 0.000000 0.000000 0.000000 0.000000 0.000000 0.000000 0.000000 0.000000 0.000000 0.000000 0.000000 0.000000 0.000000 0.000000 0.000000 0.000000 0.000000 0.000000 0.000000 0.000000 0.000000 0.000000 0.000000 0.000000 0.000000 0.000000 0.000000 0.000000 0.000000 0.000000 0.000000 0.000000 0.000000 0.000000 0.000000 0.000000 0.000000 0.000000 0.000000 0.000000 0.000000 0.000000 0.000000 0.000000 0.000000 0.000000 0.000000 0.000000 0.000000 0.000000 0.000000 0.000000 0.000000 0.000000 0.000000 0.000000 0.000000 0.000000 0.000000 0.000000 0.000000 0.000000 0.000000 0.000000 0.000000 0.000000 0.000000 0.000000 0.000000 0.000000 0.000000 0.000000 0.000000 0.000000 0.000000 0.000000 0.000000 0.000000 0.000000 0.000000 0.000000 0.000000 0.000000 0.000000 0.000000 0.000000 0.000000 0.000000 0.000000 0.000000 0.000000 0.000000 0.000000 0.000000 0.000000 0.000000 0.000000 0.000000 0.000000 0.000000 0.000000 0.000000 0.000000 0.000000 0.000000 0.000000 0.000000 0.000000 0.000000 0.000000 0.000000 0.000000 0.000000 0.000000 0.000000 0.000000 0.000000 0.000000 0.000000 0.000000 0.000000 0.000000 0.000000 0.000000 0.000000 0.000000 0.000000 0.000000 0.000000 0.000000 0.000000 0.000000 0.000000 0.000000 0.000000 0.000000 0.000000 0.000000 0.000000 0.000000 0.000000 0.000000 0.000000 0.000000 0.000000 0.000000 0.000000 0.000000 0.000000 0.000000 0.000000 0.000000 0.000000 0.000000 0.000000 0.000000 0.000000 0.000000 0.000000 0.000000 0.000000 0.000000 0.000000 0.000000 0.000000 0.000000 0.000000 0.000000 0.000000 0.000000 0.000000 0.000000 0.000000 0.000000 0.000000 0.000000 0.000000 0.000000 0.000000 0.000000 0.000000 0.000000 0.000000 0.000000 0.000000 0.000000 0.000000 0.000000 0.000000 0.000000 0.000000 0.000000 0.000000 0.000000 0.000000 0.000000 0.000000 0.000000 0.000000 0.000000 0.000000 0.000000 0.000000 0.000000 0.000000 0.000000 0.000000 0.000000 0.000000 0.000000 0.000000 0.000000 0.000000 0.000000 0.000000 0.000000 0.000000 0.000000 0.000000 0.000000 0.000000 0.000000 0.000000 0.000000 0.000000 0.000000 0.000000 0.000000 0.000000 0.000000 0.000000 0.000000 0.000000 0.000000 0.000000 0.000000 0.000000 0.000000 0.000000 0.000000 0.000000 0.000000 0.000000 0.000000 0.000000 0.000000 0.000000 0.000000 0.000000 0.000000 0.000000 0.000000 0.000000 0.000000 0.000000 0.000000 0.000000 0.000000 0.000000 0.000000 0.000000 0.000000 0.000000 0.000000 0.000000 0.000000
0.000000 0.000000 0.000000 0.000000 0.000000 0.000000 0.000000 0.000000 0.000000 0.000000 0.000000 0.000000 0.000000 0.000000 0.000000 0.000000 0.000000 0.000000 0.000000 0.000000 0.000000 0.000000 0.000000 0.000000 0.000000 0.000000 0.000000 0.000000 0.000000 0.000000 0.000000 0.000000 0.000000 0.000000 0.000000 0.000000 0.000000 0.000000 0.000000 0.000000 0.000000 0.000000 0.000000 0.000000 0.000000 0.000000 0.000000 0.000000 0.000000 0.000000 0.000000 0.000000 0.000000 0.000000 0.000000 0.000000 0.000000 0.000000 0.000000 0.000000 0.000000 0.000000 0.000000 0.000000 0.000000 0.000000 0.000000 0.000000 0.000000 0.000000 0.000000 0.000000 0.000000 0.000000 0.000000 0.000000 0.000000 0.000000 0.000000 0.000000 0.000000 0.000000 0.000000 0.000000 0.000000 0.000000 0.000000 0.000000 0.000000 0.000000 0.000000 0.000000 0.000000 0.000000 0.000000 0.000000 0.000000 0.000000 0.000000 0.000000 0.000000 0.000000 0.000000 0.000000 0.000000 0.000000 0.000000 0.000000 0.000000 0.000000 0.000000 0.000000 0.000000 0.000000 0.000000 0.000000 0.000000 0.000000 0.000000 0.000000 0.000000 0.000000 0.000000 0.000000 0.000000 0.000000 0.000000 0.000000 0.000000 0.000000 0.000000 0.000000 0.000000 0.000000 0.000000 0.000000 0.000000 0.000000 0.000000 0.000000 0.000000 0.000000 0.000000 0.000000 0.000000 0.000000 0.000000 0.000000 0.000000 0.000000 0.000000 0.000000 0.000000 0.000000 0.000000 0.000000 0.000000 0.000000 0.000000 0.000000 0.000000 0.000000 0.000000 0.000000 0.000000 0.000000 0.000000 0.000000 0.000000 0.000000 0.000000 0.000000 0.000000 0.000000 0.000000 0.000000 0.000000 0.000000 0.000000 0.000000 0.000000 0.000000 0.000000 0.000000 0.000000 0.000000 0.000000 0.000000 0.000000 0.000000 0.000000 0.000000 0.000000 0.000000 0.000000 0.000000 0.000000 0.000000 0.000000 0.000000 0.000000 0.000000 0.000000 0.000000 0.000000 0.000000 0.000000 0.000000 0.000000 0.000000 0.000000 0.000000 0.000000 0.000000 0.000000 0.000000 0.000000 0.000000 0.000000 0.000000 0.000000 0.000000 0.000000 0.000000 0.000000 0.000000 0.000000 0.000000 0.000000 0.000000 0.000000 0.000000 0.000000 0.000000 0.000000 0.000000 0.000000 0.000000 0.000000 0.000000 0.000000 0.000000 0.000000 0.000000 0.000000 0.000000 0.000000 0.000000 0.000000 0.000000 0.000000 0.000000 0.000000 0.000000 0.000000 0.000000 0.000000 0.000000 0.000000 0.000000 0.000000 0.000000 0.000000 0.000000 0.000000 0.000000 0.000000 0.000000 0.000000 0.000000 0.000000 0.000000 0.000000 0.000000 0.000000 0.000000 0.000000 0.000000 0.000000 0.000000
0.000000 0.000000 0.000000 0.000000 0.000000 0.000000 0.000000 0.000000 0.000000 0.000000 0.000000 0.000000 0.000000 0.000000 0.000000 0.000000 0.000000 0.000000 0.000000 0.000000 0.000000 0.441142 0.618382 0.656152 0.587823 0.443958 0.000000 0.000000 0.000000 0.000000 0.000000 0.000000 0.000000 0.000000 0.000000 0.000000 0.000000 0.000000 0.000000 0.000000 0.000000 0.000000 0.423082 0.435572 0.425180 0.410140 0.388212 0.000000 0.000000 0.000000 0.399607 0.391324 0.000000 0.000000 0.000000 0.000000 0.000000 0.000000 0.000000 0.000000 0.000000 0.000000 0.000000 0.000000 0.000000 0.000000 0.000000 0.000000 0.000000 0.000000 0.000000 0.000000 0.000000 0.000000 0.000000 0.000000 0.000000 0.000000 0.000000 0.000000 0.000000 0.000000 0.000000 0.000000 0.000000 0.000000 0.000000 0.000000 0.000000 0.000000 0.000000 0.000000 0.000000 0.000000 0.000000 0.000000 0.000000 0.000000 0.000000 0.000000 0.000000 0.000000 0.000000 0.000000 0.000000 0.000000 0.000000 0.000000 0.000000 0.000000 0.000000 0.000000 0.000000 0.000000 0.000000 0.000000 0.000000 0.000000 0.000000 0.000000 0.000000 0.000000 0.000000 0.000000 0.000000 0.000000 0.000000 0.000000 0.000000 0.000000 0.000000 0.000000 0.000000 0.000000 0.000000 0.000000 0.000000 0.000000 0.000000 0.000000 0.000000 0.000000 0.000000 0.000000 0.000000 0.000000 0.000000 0.000000 0.000000 0.000000 0.000000 0.000000 0.000000 0.000000 0.000000 0.000000 0.000000 0.000000 0.000000 0.000000 0.000000 0.000000 0.000000 0.000000 0.000000 0.000000 0.000000 0.000000 0.000000 0.000000 0.000000 0.000000 0.000000 0.000000 0.000000 0.000000 0.000000 0.000000 0.000000 0.000000 0.000000 0.000000 0.000000 0.000000 0.000000 0.000000 0.000000 0.000000 0.000000 0.000000 0.000000 0.000000 0.000000 0.000000 0.000000 0.000000 0.000000 0.000000 0.000000 0.000000 0.000000 0.000000 0.000000 0.000000 0.000000 0.000000 0.000000 0.000000 0.000000 0.000000 0.000000 0.000000 0.000000 0.000000 0.000000 0.000000 0.000000 0.000000 0.000000 0.000000 0.000000 0.000000 0.000000 0.000000 0.000000 0.000000 0.000000 0.000000 0.000000 0.000000 0.000000 0.000000 0.000000 0.000000 0.000000 0.000000 0.000000 0.000000 0.000000 0.000000 0.000000 0.000000 0.000000 0.000000 0.000000 0.000000 0.000000 0.000000 0.000000 0.000000 0.000000 0.000000 0.000000 0.000000 0.000000 0.000000 0.000000 0.000000 0.000000 0.000000 0.000000 0.000000 0.000000 0.000000 0.000000 0.000000 0.000000 0.000000 0.000000 0.000000 0.000000 0.000000 0.000000 0.000000 0.000000 0.000000 0.000000 0.000000 0.000000 0.000000
0.000000 0.000000 0.000000 0.000000 0.000000 0.000000 0.000000 0.000000 0.000000 0.000000 0.000000 0.000000 0.000000 0.000000 0.000000 0.000000 0.000000 0.000000 0.000000 0.000000 0.458806 0.735527 0.923467 0.937365 0.837858 0.646899 0.448942 0.000000 0.000000 0.000000 0.000000 0.000000 0.000000 0.000000 0.000000 0.000000 0.000000 0.000000 0.000000 0.451293 0.537056 0.580986 0.612722 0.612290 0.587323 0.554890 0.515832 0.494077 0.494076 0.516008 0.538754 0.526987 0.486866 0.418518 0.000000 0.000000 0.000000 0.000000 0.000000 0.000000 0.000000 0.000000 0.000000 0.476220 0.516278 0.000000 0.000000 0.000000 0.000000 0.000000 0.000000 0.000000 0.000000 0.000000 0.000000 0.000000 0.000000 0.000000 0.000000 0.000000 0.000000 0.000000 0.000000 0.000000 0.000000 0.000000 0.000000 0.000000 0.000000 0.000000 0.000000 0.000000 0.000000 0.000000 0.000000 0.000000 0.000000 0.000000 0.000000 0.000000 0.000000 0.000000 0.000000 0.000000 0.000000 0.000000 0.000000 0.000000 0.000000 0.000000 0.000000 0.000000 0.000000 0.000000 0.000000 0.000000 0.000000 0.000000 0.000000 0.000000 0.000000 0.000000 0.000000 0.000000 0.000000 0.000000 0.000000 0.000000 0.000000 0.000000 0.000000 0.000000 0.000000 0.000000 0.000000 0.000000 0.000000 0.000000 0.000000 0.000000 0.000000 0.000000 0.470930 0.488733 0.457643 0.485723 0.504283 0.492320 0.448694 0.000000 0.000000 0.000000 0.000000 0.000000 0.000000 0.000000 0.000000 0.000000 0.000000 0.000000 0.000000 0.000000 0.000000 0.000000 0.000000 0.000000 0.000000 0.000000 0.000000 0.000000 0.000000 0.000000 0.000000 0.000000 0.000000 0.000000 0.000000 0.000000 0.000000 0.000000 0.000000 0.000000 0.000000 0.000000 0.000000 0.000000 0.000000 0.000000 0.000000 0.000000 0.000000 0.000000 0.000000 0.000000 0.000000 0.000000 0.000000 0.000000 0.000000 0.000000 0.000000 0.000000 0.000000 0.000000 0.000000 0.000000 0.000000 0.000000 0.000000 0.000000 0.000000 0.000000 0.000000 0.000000 0.000000 0.000000 0.000000 0.000000 0.000000 0.000000 0.000000 0.000000 0.000000 0.000000 0.000000 0.000000 0.000000 0.000000 0.000000 0.000000 0.000000 0.000000 0.000000 0.000000 0.000000 0.000000 0.000000 0.000000 0.000000 0.000000 0.000000 0.000000 0.000000 0.000000 0.000000 0.000000 0.000000 0.000000 0.000000 0.000000 0.000000 0.000000 0.000000 0.000000 0.000000 0.000000 0.000000 0.000000 0.000000 0.000000 0.000000 0.000000 0.000000 0.000000 0.000000 0.000000 0.000000 0.000000 0.000000 0.000000 0.000000 0.000000 0.000000 0.000000 0.000000 0.000000 0.000000 0.000000 0.000000 0.000000
0.000000 0.000000 0.000000 0.000000 0.000000 0.000000 0.000000 0.000000 0.000000 0.000000 0.000000 0.000000 0.000000 0.000000 0.000000 0.000000 0.000000 0.000000 0.000000 0.000000 0.751253 0.975062 1.113427 1.109687 0.971460 0.729741 0.533456 0.586355 0.627877 0.611926 0.556204 0.499590 0.435880 0.000000 0.000000 0.000000 0.000000 0.000000 0.550916 0.658827 0.722300 0.749420 0.746454 0.722986 0.682687 0.660030 0.618222 0.591031 0.588959 0.607385 0.615071 0.574394 0.532781 0.457698 0.000000 0.000000 0.000000 0.000000 0.000000 0.000000 0.000000 0.000000 0.000000 0.631604 0.000000 0.441693 0.000000 0.000000 0.000000 0.000000 0.000000 0.000000 0.000000 0.000000 0.000000 0.000000 0.000000 0.000000 0.000000 0.000000 0.000000 0.000000 0.000000 0.000000 0.000000 0.000000 0.000000 0.000000 0.000000 0.000000 0.000000 0.000000 0.000000 0.000000 0.000000 0.000000 0.000000 0.000000 0.000000 0.000000 0.000000 0.000000 0.000000 0.000000 0.000000 0.000000 0.000000 0.000000 0.000000 0.000000 0.000000 0.000000 0.000000 0.000000 0.000000 0.000000 0.000000 0.000000 0.000000 0.000000 0.000000 0.469401 0.499398 0.475193 0.404281 0.000000 0.000000 0.000000 0.396185 0.403137 0.000000 0.000000 0.000000 0.000000 0.000000 0.000000 0.000000 0.000000 0.000000 0.000000 0.474647 0.565987 0.604089 0.589605 0.659378 0.692026 0.680596 0.617010 0.557715 0.473324 0.000000 0.000000 0.000000 0.000000 0.000000 0.000000 0.000000 0.000000 0.000000 0.000000 0.000000 0.000000 0.000000 0.000000 0.000000 0.000000 0.000000 0.000000 0.000000 0.000000 0.000000 0.000000 0.000000 0.000000 0.000000 0.000000 0.000000 0.000000 0.000000 0.000000 0.000000 0.000000 0.000000 0.000000 0.000000 0.000000 0.000000 0.000000 0.000000 0.000000 0.000000 0.000000 0.000000 0.000000 0.000000 0.000000 0.000000 0.000000 0.000000 0.000000 0.000000 0.000000 0.000000 0.000000 0.000000 0.000000 0.000000 0.000000 0.000000 0.000000 0.000000 0.000000 0.000000 0.000000 0.000000 0.000000 0.000000 0.000000 0.000000 0.000000 0.000000 0.000000 0.000000 0.000000 0.000000 0.000000 0.000000 0.000000 0.000000 0.000000 0.000000 0.000000 0.000000 0.000000 0.000000 0.000000 0.000000 0.000000 0.000000 0.000000 0.000000 0.000000 0.000000 0.000000 0.000000 0.000000 0.000000 0.000000 0.000000 0.000000 0.000000 0.000000 0.000000 0.000000 0.000000 0.000000 0.000000 0.000000 0.000000 0.000000 0.000000 0.000000 0.000000 0.000000 0.000000 0.000000 0.000000 0.000000 0.000000 0.000000 0.000000 0.000000 0.000000 0.000000 0.000000 0.000000 0.000000 0.000000 0.000000 0.000000
0.000000 0.000000 0.000000 0.000000 0.000000 0.000000 0.000000 0.000000 0.000000 0.000000 0.000000 0.000000 0.000000 0.000000 0.000000 0.000000 0.000000 0.000000 0.511751 0.885131 0.974749 1.147641 1.188060 1.101175 0.886427 0.551461 0.876842 0.977343 0.928944 0.833812 0.701275 0.585595 0.475671 0.000000 0.000000 0.000000 0.446607 0.612280 0.727185 0.767564 0.803024 0.801148 0.771464 0.758068 0.757326 0.691843 0.590009 0.461172 0.000000 0.000000 0.000000 0.000000 0.000000 0.000000 0.388534 0.383086 0.000000 0.000000 0.000000 0.000000 0.000000 0.000000 0.000000 0.000000 0.000000 0.540611 0.000000 0.000000 0.000000 0.000000 0.000000 0.000000 0.000000 0.000000 0.000000 0.000000 0.000000 0.000000 0.000000 0.000000 0.000000 0.548782 0.606157 0.478003 0.270562 0.000000 0.000000 0.000000 0.000000 0.000000 0.000000 0.000000 0.000000 0.000000 0.000000 0.000000 0.000000 0.000000 0.000000 0.000000 0.000000 0.000000 0.000000 0.000000 0.000000 0.000000 0.000000 0.000000 0.000000 0.000000 0.000000 0.000000 0.000000 0.000000 0.459697 0.000000 0.582476 0.619287 0.570178 0.632267 0.684825 0.674029 0.624044 0.541897 0.410895 0.410732 0.590334 0.578811 0.567218 0.555464 0.508676 0.000000 0.000000 0.000000 0.000000 0.480053 0.442059 0.000000 0.000000 0.461635 0.596520 0.618815 0.718796 0.794425 0.824710 0.803206 0.742415 0.573312 0.473044 0.000000 0.000000 0.000000 0.000000 0.000000 0.000000 0.000000 0.000000 0.000000 0.000000 0.000000 0.000000 0.000000 0.000000 0.000000 0.000000 0.000000 0.000000 0.000000 0.000000 0.000000 0.000000 0.000000 0.000000 0.000000 0.000000 0.000000 0.000000 0.000000 0.000000 0.000000 0.000000 0.000000 0.000000 0.000000 0.000000 0.000000 0.000000 0.000000 0.000000 0.000000 0.000000 0.000000 0.000000 0.000000 0.000000 0.000000 0.000000 0.000000 0.000000 0.000000 0.000000 0.000000 0.000000 0.000000 0.000000 0.000000 0.000000 0.000000 0.000000 0.000000 0.000000 0.000000 0.000000 0.000000 0.000000 0.000000 0.000000 0.000000 0.000000 0.000000 0.000000 0.000000 0.000000 0.000000 0.000000 0.000000 0.000000 0.000000 0.000000 0.000000 0.000000 0.000000 0.000000 0.000000 0.000000 0.000000 0.000000 0.000000 0.000000 0.000000 0.000000 0.000000 0.000000 0.000000 0.000000 0.000000 0.000000 0.000000 0.000000 0.000000 0.000000 0.000000 0.000000 0.000000 0.000000 0.000000 0.000000 0.000000 0.000000 0.000000 0.000000 0.000000 0.000000 0.000000 0.000000 0.000000 0.000000 0.000000 0.000000 0.000000 0.000000 0.000000 0.000000 0.000000 0.000000 0.000000 0.000000 0.000000 0.000000 0.000000
0.000000 0.000000 0.000000 0.000000 0.000000 0.000000 0.000000 0.000000 0.000000 0.000000 0.000000 0.000000 0.000000 0.000000 0.000000 0.000000 0.000000 0.000000 0.573448 1.096027 1.039935 1.105916 0.958954 0.595478 0.000000 0.706513 0.975656 1.060543 1.003931 0.836031 0.645619 0.491070 0.336929 0.000000 0.000000 0.404601 0.581485 0.698009 0.764382 1.018834 0.860865 0.780052 0.681034 0.794295 0.927649 0.886931 0.762450 0.580108 0.000000 0.000000 0.000000 0.000000 0.418291 0.450696 0.455474 0.442684 0.416795 0.380706 0.000000 0.000000 0.000000 0.000000 0.665061 0.000000 0.000000 0.000000 0.000000 0.000000 0.000000 0.000000 0.000000 0.000000 0.000000 0.000000 0.000000 0.000000 0.000000 0.000000 0.000000 0.000000 0.000000 0.000000 0.000000 0.000000 0.000000 0.000000 0.000000 0.000000 0.000000 0.000000 0.000000 0.000000 0.000000 0.000000 0.000000 0.000000 0.000000 0.000000 0.000000 0.000000 0.000000 0.000000 0.000000 0.000000 0.000000 0.000000 0.000000 0.000000 0.000000 0.000000 0.000000 0.000000 0.000000 0.000000 0.000000 0.362672 0.515353 0.626659 0.685420 0.788913 0.787498 0.726875 0.638313 0.917649 0.670411 0.699311 0.637434 0.634097 0.613914 0.566237 0.438226 0.421144 0.398656 0.000000 0.000000 0.000000 0.000000 0.000000 0.433209 0.505281 0.562169 0.746982 0.891835 0.946018 0.905696 0.820738 0.698185 0.440970 0.000000 0.715266 0.525475 0.474905 0.000000 0.413978 0.000000 0.000000 0.000000 0.000000 0.000000 0.000000 0.000000 0.000000 0.000000 0.000000 0.000000 0.000000 0.000000 0.000000 0.000000 0.000000 0.000000 0.000000 0.000000 0.000000 0.000000 0.000000 0.000000 0.000000 0.000000 0.000000 0.000000 0.000000 0.000000 0.000000 0.000000 0.000000 0.000000 0.000000 0.000000 0.000000 0.000000 0.000000 0.000000 0.000000 0.000000 0.000000 0.000000 0.000000 0.000000 0.000000 0.000000 0.000000 0.000000 0.000000 0.000000 0.000000 0.000000 0.000000 0.000000 0.000000 0.000000 0.000000 0.000000 0.000000 0.000000 0.000000 0.000000 0.000000 0.000000 0.000000 0.000000 0.000000 0.000000 0.000000 0.000000 0.000000 0.000000 0.000000 0.000000 0.000000 0.000000 0.000000 0.000000 0.000000 0.000000 0.000000 0.000000 0.000000 0.000000 0.000000 0.000000 0.000000 0.000000 0.000000 0.000000 0.000000 0.000000 0.000000 0.000000 0.000000 0.000000 0.000000 0.000000 0.000000 0.000000 0.000000 0.000000 0.000000 0.000000 0.000000 0.000000 0.000000 0.000000 0.000000 0.000000 0.000000 0.000000 0.000000 0.000000 0.000000 0.000000 0.000000 0.000000 0.000000 0.000000 0.000000 0.000000 0.000000 0.000000 0.000000
0.000000 0.000000 0.000000 0.000000 0.000000 0.000000 0.000000 0.000000 0.000000 0.000000 0.000000 0.000000 0.000000 0.000000 0.000000 0.000000 0.000000 0.393055 0.000000 1.393199 0.004000 0.226383 0.390474 0.000000 0.000000 0.000000 0.456894 0.563730 0.535490 0.000000 0.000000 0.000000 0.879977 0.000000 0.000000 0.464424 0.571873 0.635546 0.718780 0.750932 0.747893 0.823120 0.787411 0.999281 1.067517 0.998537 0.804399 0.526127 0.000000 0.000000 0.403475 0.450817 0.480778 0.493629 0.484744 0.460566 0.423029 0.289656 0.000000 0.000000 0.000000 0.647251 0.621932 0.400818 0.000000 0.000000 0.000000 0.000000 0.000000 0.000000 0.000000 0.000000 0.000000 0.000000 0.000000 0.000000 0.000000 0.000000 0.000000 0.000000 0.000000 0.000000 0.000000 0.000000 0.000000 0.000000 0.000000 0.000000 0.000000 0.000000 0.000000 0.000000 0.000000 0.000000 0.000000 0.000000 0.000000 0.000000 0.000000 0.000000 0.000000 0.000000 0.000000 0.000000 0.000000 0.000000 0.000000 0.000000 0.000000 0.000000 0.000000 0.000000 0.000000 0.000000 0.000000 0.000000 0.000000 0.000000 0.513610 0.631929 0.675111 0.652091 0.793306 1.360881 0.864753 0.645069 0.572562 0.610571 0.567160 0.571279 0.548493 0.509628 0.464005 0.000000 0.000000 0.000000 0.000000 0.479177 0.592493 0.679977 0.783414 0.833435 0.942697 0.948043 0.863005 0.696190 0.453386 0.000000 0.000000 0.701337 0.491680 0.430374 0.000000 0.000000 0.409826 0.000000 0.000000 0.000000 0.000000 0.000000 0.000000 0.000000 0.425219 0.431396 0.407080 0.000000 0.000000 0.000000 0.000000 0.000000 0.000000 0.000000 0.000000 0.000000 0.000000 0.000000 0.000000 0.000000 0.000000 0.000000 0.000000 0.000000 0.000000 0.000000 0.000000 0.000000 0.000000 0.000000 0.000000 0.000000 0.000000 0.000000 0.000000 0.000000 0.000000 0.000000 0.000000 0.000000 0.000000 0.000000 0.000000 0.000000 0.000000 0.000000 0.000000 0.000000 0.000000 0.000000 0.000000 0.000000 0.000000 0.000000 0.000000 0.000000 0.000000 0.000000 0.000000 0.000000 0.000000 0.000000 0.000000 0.000000 0.000000 0.000000 0.000000 0.000000 0.000000 0.000000 0.000000 0.000000 0.000000 0.000000 0.000000 0.000000 0.000000 0.000000 0.000000 0.000000 0.000000 0.000000 0.000000 0.000000 0.000000 0.000000 0.000000 0.000000 0.000000 0.000000 0.000000 0.000000 0.000000 0.000000 0.000000 0.000000 0.000000 0.000000 0.000000 0.000000 0.000000 0.000000 0.000000 0.000000 0.000000 0.000000 0.000000 0.000000 0.000000 0.000000 0.000000 0.000000 0.000000 0.000000 0.000000 0.000000 0.000000 0.000000 0.000000 0.000000 0.000000 0.000000
0.000000 0.000000 0.000000 0.000000 0.000000 0.000000 0.000000 0.000000 0.000000 0.000000 0.000000 0.000000 0.000000 0.000000 0.000000 0.000000 0.000000 0.000000 0.000000 0.000000 0.000000 0.000000 0.000000 0.000000 0.000000 0.000000 0.000000 0.000000 0.000000 0.000000 0.000000 0.000000 0.000000 0.000000 0.503367 0.582932 0.588990 0.557826 0.667776 0.743636 0.846150 0.643835 0.429076 0.000000 0.378745 0.000000 0.000000 0.000000 0.410254 0.455770 0.494594 0.518889 0.532158 0.517498 0.487101 0.434992 0.000000 0.004000 0.000000 0.000000 0.000000 0.000000 0.389536 0.382416 0.427671 0.000000 0.000000 0.000000 0.000000 0.000000 0.000000 0.000000 0.000000 0.000000 0.000000 0.000000 0.000000 0.000000 0.000000 0.000000 0.000000 0.000000 0.000000 0.000000 0.000000 0.000000 0.000000 0.000000 0.000000 0.000000 0.000000 0.000000 0.000000 0.000000 0.000000 0.000000 0.000000 0.000000 0.000000 0.000000 0.000000 0.000000 0.000000 0.000000 0.000000 0.000000 0.000000 0.000000 0.000000 0.000000 0.000000 0.000000 0.000000 0.000000 0.000000 0.000000 0.000000 0.000000 0.000000 0.438267 0.421341 1.036229 0.997479 0.874742 0.738608 0.643265 0.619558 0.590478 0.608320 0.620039 0.608448 0.564593 0.504635 0.403726 0.390383 0.477227 0.494829 0.570160 0.685246 0.802265 0.883913 0.737783 0.718655 0.661196 0.589810 0.000000 0.000000 0.000000 0.428436 0.449233 0.465633 0.478808 0.480273 0.463501 0.425105 0.000000 0.000000 0.000000 0.000000 0.449705 0.514996 0.521460 0.512195 0.476793 0.413685 0.000000 0.437865 0.412119 0.000000 0.000000 0.000000 0.000000 0.000000 0.000000 0.000000 0.000000 0.000000 0.000000 0.000000 0.000000 0.000000 0.000000 0.000000 0.000000 0.000000 0.000000 0.000000 0.000000 0.000000 0.000000 0.000000 0.000000 0.000000 0.000000 0.000000 0.000000 0.000000 0.000000 0.000000 0.000000 0.000000 0.000000 0.000000 0.000000 0.000000 0.000000 0.000000 0.000000 0.000000 0.000000 0.000000 0.000000 0.000000 0.000000 0.000000 0.000000 0.000000 0.000000 0.000000 0.000000 0.000000 0.000000 0.000000 0.000000 0.000000 0.000000 0.000000 0.000000 0.000000 0.000000 0.000000 0.000000 0.000000 0.000000 0.000000 0.000000 0.000000 0.000000 0.000000 0.000000 0.000000 0.000000 0.000000 0.000000 0.000000 0.000000 0.000000 0.000000 0.000000 0.000000 0.000000 0.000000 0.000000 0.000000 0.000000 0.000000 0.000000 0.000000 0.000000 0.000000 0.000000 0.000000 0.000000 0.000000 0.000000 0.000000 0.000000 0.000000 0.000000 0.000000 0.000000 0.000000 0.000000 0.000000 0.000000 0.000000 0.000000 0.000000 0.000000 0.000000
0.000000 0.000000 0.000000 0.000000 0.000000 0.000000 0.000000 0.000000 0.000000 0.000000 0.000000 0.000000 0.000000 0.000000 0.000000 0.000000 0.000000 0.000000 0.000000 0.000000 0.000000 0.000000 0.000000 0.000000 0.000000 0.000000 0.000000 0.000000 0.000000 0.000000 0.000000 0.000000 0.000000 0.805349 0.669459 0.663812 0.629220 0.604487 0.668980 0.636964 0.498293 0.452792 0.000000 0.000000 0.000000 0.407118 0.413909 0.412905 0.439628 0.449216 0.454040 0.459268 0.451080 0.412408 0.000000 0.000000 0.000000 0.000000 0.000000 0.000000 0.000000 0.000000 0.000000 0.000000 0.000000 0.000000 0.000000 0.000000 0.000000 0.000000 0.000000 0.000000 0.000000 0.000000 0.000000 0.000000 0.000000 0.000000 0.000000 0.000000 0.000000 0.000000 0.000000 0.000000 0.000000 0.000000 0.000000 0.000000 0.000000 0.000000 0.000000 0.000000 0.000000 0.000000 0.000000 0.000000 0.000000 0.000000 0.000000 0.000000 0.000000 0.000000 0.000000 0.000000 0.000000 0.000000 0.000000 0.000000 0.000000 0.000000 0.000000 0.000000 0.000000 0.000000 0.000000 0.000000 0.605704 0.000000 0.000000 0.000000 0.000000 0.876903 0.829734 0.798700 0.746639 0.682196 0.561671 0.411188 0.000000 0.502879 0.524859 0.526077 0.446502 0.431255 0.436008 0.687317 0.745165 0.726851 0.716574 0.753677 0.773881 0.539328 0.000000 0.000000 0.000000 0.466731 0.555801 0.602427 0.621968 0.633016 0.647412 0.644549 0.621018 0.652642 0.631304 0.575296 0.437906 0.551755 0.470772 0.603410 0.621869 0.594639 0.535882 0.432090 0.527993 0.004000 0.000000 0.000000 0.000000 0.000000 0.000000 0.000000 0.000000 0.000000 0.000000 0.000000 0.000000 0.000000 0.000000 0.000000 0.000000 0.000000 0.000000 0.000000 0.000000 0.000000 0.000000 0.000000 0.000000 0.000000 0.000000 0.000000 0.000000 0.000000 0.000000 0.000000 0.000000 0.000000 0.000000 0.000000 0.000000 0.000000 0.000000 0.000000 0.000000 0.000000 0.000000 0.000000 0.000000 0.000000 0.000000 0.000000 0.000000 0.000000 0.000000 0.000000 0.000000 0.000000 0.000000 0.000000 0.000000 0.000000 0.000000 0.000000 0.000000 0.000000 0.000000 0.000000 0.000000 0.000000 0.000000 0.000000 0.000000 0.000000 0.000000 0.000000 0.000000 0.000000 0.000000 0.000000 0.000000 0.000000 0.000000 0.000000 0.000000 0.000000 0.000000 0.000000 0.000000 0.000000 0.000000 0.000000 0.000000 0.000000 0.000000 0.000000 0.000000 0.000000 0.000000 0.000000 0.000000 0.000000 0.000000 0.000000 0.000000 0.000000 0.000000 0.000000 0.000000 0.000000 0.000000 0.000000 0.000000 0.000000 0.000000 0.000000 0.000000 0.000000 0.000000 0.000000
0.000000 0.000000 0.000000 0.000000 0.000000 0.000000 0.000000 0.000000 0.000000 0.000000 0.000000 0.000000 0.000000 0.000000 0.000000 0.000000 0.000000 0.000000 0.000000 0.000000 0.000000 0.000000 0.000000 0.000000 0.000000 0.000000 0.000000 0.000000 0.840656 0.597086 0.554548 0.613886 1.113291 0.745154 0.806468 0.783056 0.755415 0.758973 0.792793 0.635218 0.527425 0.467186 0.476302 0.483741 0.503422 0.589880 0.000000 0.000000 0.000000 0.000000 0.000000 0.000000 0.000000 0.000000 0.000000 0.000000 0.000000 0.000000 0.000000 0.000000 0.000000 0.000000 0.000000 0.000000 0.000000 0.000000 0.000000 0.000000 0.000000 0.000000 0.000000 0.000000 0.000000 0.000000 0.000000 0.000000 0.000000 0.000000 0.000000 0.000000 0.000000 0.000000 0.000000 0.000000 0.000000 0.000000 0.000000 0.000000 0.000000 0.000000 0.000000 0.000000 0.000000 0.000000 0.000000 0.000000 0.456431 0.000000 0.000000 0.000000 0.000000 0.000000 0.000000 0.000000 0.000000 0.000000 0.000000 0.000000 0.000000 0.000000 0.000000 0.000000 0.000000 0.000000 0.000000 0.000000 0.004000 0.000000 0.000000 0.000000 0.449518 0.000000 0.463107 0.431304 0.417385 0.000000 0.446544 0.000000 0.512283 0.546968 0.517100 0.445209 0.000000 0.000000 0.427539 0.000000 0.612008 0.000000 0.000000 0.436185 0.541936 0.433236 0.000000 0.000000 0.607855 0.706629 0.757917 0.795267 0.811777 0.813701 0.794536 0.762740 0.786140 0.765185 0.708738 0.605747 0.437204 0.000000 0.554855 0.572361 0.549927 0.548732 0.000000 0.000000 0.000000 0.000000 0.000000 0.000000 0.000000 0.000000 0.000000 0.000000 0.000000 0.000000 0.000000 0.000000 0.000000 0.000000 0.000000 0.000000 0.000000 0.000000 0.000000 0.000000 0.000000 0.000000 0.000000 0.000000 0.000000 0.000000 0.000000 0.000000 0.000000 0.000000 0.000000 0.000000 0.000000 0.000000 0.000000 0.000000 0.000000 0.000000 0.000000 0.000000 0.000000 0.000000 0.000000 0.000000 0.000000 0.000000 0.000000 0.000000 0.000000 0.000000 0.000000 0.000000 0.000000 0.000000 0.000000 0.000000 0.000000 0.000000 0.000000 0.000000 0.000000 0.000000 0.000000 0.000000 0.000000 0.000000 0.000000 0.000000 0.000000 0.000000 0.000000 0.000000 0.000000 0.000000 0.000000 0.000000 0.000000 0.000000 0.000000 0.000000 0.000000 0.000000 0.000000 0.000000 0.000000 0.000000 0.000000 0.000000 0.000000 0.000000 0.000000 0.000000 0.000000 0.000000 0.000000 0.000000 0.000000 0.000000 0.000000 0.000000 0.000000 0.000000 0.000000 0.000000 0.000000 0.000000 0.000000 0.000000 0.000000 0.000000 0.000000 0.000000 0.000000 0.000000 0.000000 0.000000
0.000000 0.000000 0.000000 0.000000 0.000000 0.000000 0.000000 0.000000 0.000000 0.000000 0.000000 0.000000 0.000000 0.000000 0.000000 0.000000 0.000000 0.000000 0.000000 0.000000 0.000000 0.000000 0.000000 0.000000 0.000000 0.456453 1.111156 0.943594 1.263615 0.979291 1.100342 0.899766 0.940444 0.981017 0.983160 0.962466 0.924662 0.761487 0.700965 0.626459 0.576273 0.598283 0.536951 0.564625 0.491501 0.450801 0.000000 0.000000 0.000000 0.000000 0.000000 0.000000 0.000000 0.000000 0.000000 0.000000 0.000000 0.000000 0.000000 0.000000 0.000000 0.000000 0.000000 0.000000 0.000000 0.000000 0.000000 0.000000 0.000000 0.000000 0.000000 0.000000 0.000000 0.000000 0.000000 0.000000 0.000000 0.000000 0.000000 0.000000 0.000000 0.000000 0.000000 0.000000 0.000000 0.000000 0.000000 0.000000 0.000000 0.000000 0.000000 0.000000 0.000000 0.477269 0.539524 0.554443 0.540064 0.465467 0.000000 0.000000 0.000000 0.000000 0.000000 0.000000 0.000000 0.000000 0.000000 0.000000 0.000000 0.000000 0.000000 0.000000 0.000000 0.000000 0.000000 0.000000 0.000000 0.000000 0.000000 0.000000 0.000000 0.000000 0.000000 0.004000 0.586937 0.000000 0.000000 0.449504 0.547987 0.555644 0.496977 0.000000 0.000000 0.000000 0.000000 0.000000 0.000000 0.000000 0.000000 0.504331 0.578015 0.521913 0.501343 0.736784 0.837140 0.892799 0.944821 0.941118 0.958937 0.858729 0.861209 0.903011 0.853025 0.779708 0.693397 0.614769 0.545534 0.461494 0.405145 0.402024 0.000000 0.000000 0.000000 0.000000 0.000000 0.000000 0.000000 0.000000 0.000000 0.000000 0.000000 0.000000 0.000000 0.000000 0.000000 0.000000 0.000000 0.000000 0.000000 0.000000 0.000000 0.000000 0.000000 0.000000 0.000000 0.000000 0.000000 0.000000 0.000000 0.000000 0.000000 0.000000 0.000000 0.000000 0.000000 0.000000 0.000000 0.000000 0.000000 0.000000 0.000000 0.000000 0.000000 0.000000 0.000000 0.000000 0.000000 0.000000 0.000000 0.000000 0.000000 0.000000 0.000000 0.000000 0.000000 0.000000 0.000000 0.000000 0.000000 0.000000 0.000000 0.000000 0.000000 0.000000 0.000000 0.000000 0.000000 0.000000 0.000000 0.000000 0.000000 0.000000 0.000000 0.000000 0.000000 0.000000 0.000000 0.000000 0.000000 0.000000 0.000000 0.000000 0.000000 0.000000 0.000000 0.000000 0.000000 0.000000 0.000000 0.000000 0.000000 0.000000 0.000000 0.000000 0.000000 0.000000 0.000000 0.000000 0.000000 0.000000 0.000000 0.000000 0.000000 0.000000 0.000000 0.000000 0.000000 0.000000 0.000000 0.000000 0.000000 0.000000 0.000000 0.000000 0.000000 0.000000 0.000000 0.000000 0.000000 0.000000
0.000000 0.000000 0.000000 0.000000 0.000000 0.000000 0.000000 0.000000 0.000000 0.000000 0.000000 0.000000 0.000000 0.000000 0.000000 0.000000 0.000000 0.000000 0.000000 0.000000 0.000000 0.000000 0.000000 0.000000 0.856412 0.826873 1.311874 1.350872 1.248473 0.951835 0.967472 1.022319 1.047103 1.060588 1.025481 0.967032 0.857668 0.731681 0.745439 0.729649 0.688352 0.656812 0.595140 0.536837 0.394288 0.000000 0.000000 0.000000 0.000000 0.000000 0.000000 0.000000 0.000000 0.000000 0.000000 0.000000 0.000000 0.000000 0.000000 0.000000 0.000000 0.000000 0.000000 0.000000 0.000000 0.000000 0.000000 0.000000 0.000000 0.000000 0.000000 0.000000 0.000000 0.000000 0.000000 0.000000 0.000000 0.000000 0.000000 0.000000 0.000000 0.000000 0.000000 0.000000 0.000000 0.000000 0.000000 0.000000 0.000000 0.000000 0.000000 0.000000 0.527134 0.670989 0.654431 0.613006 0.554994 0.442350 0.000000 0.000000 0.000000 0.000000 0.000000 0.000000 0.000000 0.000000 0.000000 0.000000 0.000000 0.000000 0.000000 0.000000 0.000000 0.000000 0.000000 0.651172 0.000000 0.000000 0.000000 0.000000 0.000000 0.000000 0.000000 0.000000 0.000000 0.000000 0.000000 0.000000 0.462957 0.000000 0.000000 0.000000 0.412137 0.000000 0.000000 0.000000 0.000000 0.000000 0.000000 0.000000 0.000000 0.673171 0.787922 0.915550 0.981782 1.026901 1.028095 1.023519 0.959164 0.959627 0.920257 0.834017 0.734525 0.770464 0.783766 0.704215 0.703062 0.622782 0.551177 0.595385 0.448278 0.000000 0.000000 0.447468 0.457550 0.000000 0.000000 0.000000 0.000000 0.000000 0.000000 0.000000 0.000000 0.000000 0.000000 0.000000 0.000000 0.000000 0.000000 0.000000 0.000000 0.000000 0.000000 0.000000 0.000000 0.000000 0.000000 0.000000 0.000000 0.000000 0.000000 0.000000 0.000000 0.000000 0.000000 0.000000 0.000000 0.000000 0.000000 0.000000 0.000000 0.000000 0.000000 0.000000 0.000000 0.000000 0.000000 0.000000 0.000000 0.000000 0.000000 0.000000 0.000000 0.000000 0.000000 0.000000 0.000000 0.000000 0.000000 0.000000 0.000000 0.000000 0.000000 0.000000 0.000000 0.000000 0.000000 0.000000 0.000000 0.000000 0.000000 0.000000 0.000000 0.000000 0.000000 0.000000 0.000000 0.000000 0.000000 0.000000 0.000000 0.000000 0.000000 0.000000 0.000000 0.000000 0.000000 0.000000 0.000000 0.000000 0.000000 0.000000 0.000000 0.000000 0.000000 0.000000 0.000000 0.000000 0.000000 0.000000 0.000000 0.000000 0.000000 0.000000 0.000000 0.000000 0.000000 0.000000 0.000000 0.000000 0.000000 0.000000 0.000000 0.000000 0.000000 0.000000 0.000000 0.000000 0.000000 0.000000
0.000000 0.000000 0.000000 0.000000 0.000000 0.000000 0.000000 0.000000 0.000000 0.000000 0.000000 0.000000 0.000000 0.000000 0.000000 0.000000 0.000000 0.000000 0.000000 0.000000 0.000000 0.000000 0.000000 0.000000 1.261683 1.036943 1.047137 1.327813 1.481673 1.170040 0.939466 0.885407 0.870510 0.787705 0.750416 0.788302 0.751496 0.776387 0.803394 0.786715 0.722405 0.665736 0.623079 0.566658 0.491003 0.000000 0.000000 0.000000 0.000000 0.390013 0.385865 0.000000 0.000000 0.000000 0.000000 0.000000 0.000000 0.000000 0.000000 0.000000 0.000000 0.000000 0.000000 0.000000 0.000000 0.000000 0.000000 0.000000 0.000000 0.000000 0.000000 0.000000 0.000000 0.000000 0.000000 0.000000 0.000000 0.000000 0.000000 0.000000 0.000000 0.000000 0.000000 0.000000 0.000000 0.000000 0.000000 0.000000 0.000000 0.521600 0.666990 0.638383 0.610948 0.713545 0.671493 0.605467 0.509003 0.000000 0.000000 0.000000 0.000000 0.000000 0.000000 0.000000 0.000000 0.000000 0.000000 0.000000 0.000000 0.000000 0.000000 0.000000 0.000000 0.000000 0.000000 0.000000 0.000000 0.000000 0.000000 0.000000 0.000000 0.000000 0.000000 0.000000 0.000000 0.000000 0.000000 0.000000 0.000000 0.000000 0.000000 0.428378 0.410363 0.000000 0.004000 0.000000 0.000000 0.000000 0.000000 0.000000 0.000000 0.780353 0.915005 1.027279 1.065599 1.046980 0.961260 0.729235 0.792075 0.982726 0.899886 0.761294 0.660574 0.691143 0.751986 0.824535 0.716893 0.725755 0.702917 0.686179 0.707134 0.557970 0.000000 0.460903 0.444029 0.000000 0.000000 0.000000 0.000000 0.000000 0.000000 0.000000 0.000000 0.000000 0.000000 0.000000 0.000000 0.000000 0.000000 0.000000 0.000000 0.000000 0.000000 0.000000 0.000000 0.000000 0.000000 0.000000 0.000000 0.000000 0.000000 0.000000 0.000000 0.000000 0.000000 0.000000 0.000000 0.000000 0.000000 0.000000 0.000000 0.000000 0.000000 0.000000 0.000000 0.000000 0.000000 0.000000 0.000000 0.000000 0.000000 0.000000 0.000000 0.000000 0.000000 0.000000 0.000000 0.000000 0.000000 0.000000 0.000000 0.000000 0.000000 0.000000 0.000000 0.000000 0.000000 0.000000 0.000000 0.000000 0.000000 0.000000 0.000000 0.000000 0.000000 0.000000 0.000000 0.000000 0.000000 0.000000 0.000000 0.000000 0.000000 0.000000 0.000000 0.000000 0.000000 0.000000 0.000000 0.000000 0.000000 0.000000 0.000000 0.000000 0.000000 0.000000 0.000000 0.000000 0.000000 0.000000 0.000000 0.000000 0.000000 0.000000 0.000000 0.000000 0.000000 0.000000 0.000000 0.000000 0.000000 0.000000 0.000000 0.000000 0.000000 0.000000 0.000000 0.000000 0.000000 0.000000
0.000000 0.000000 0.000000 0.000000 0.000000 0.000000 0.000000 0.000000 0.000000 0.000000 0.000000 0.000000 0.000000 0.000000 0.000000 0.000000 0.000000 0.000000 0.000000 0.000000 0.000000 0.000000 0.000000 0.811103 0.385956 0.857558 1.241579 1.201680 1.022929 0.887640 0.922032 0.973209 0.996712 0.943199 0.994864 1.000600 0.920890 0.846608 0.891859 0.868381 0.830617 0.769835 0.703679 0.626069 0.519015 0.000000 0.000000 0.000000 0.469103 0.464470 0.434936 0.390889 0.000000 0.000000 0.000000 0.000000 0.000000 0.000000 0.000000 0.000000 0.000000 0.393292 0.000000 0.000000 0.000000 0.000000 0.000000 0.000000 0.000000 0.000000 0.000000 0.000000 0.425994 0.000000 0.000000 0.000000 0.000000 0.000000 0.000000 0.000000 0.000000 0.000000 0.000000 0.000000 0.000000 0.000000 0.000000 0.000000 0.575667 0.825400 0.913938 0.838709 0.627959 0.637333 0.587651 0.498292 0.000000 0.000000 0.000000 0.000000 0.000000 0.000000 0.000000 0.000000 0.676698 0.543575 0.860031 0.611847 0.512644 0.482684 0.455803 0.424777 0.391845 0.000000 0.000000 0.000000 0.000000 0.000000 0.000000 0.000000 0.000000 0.000000 0.000000 0.000000 0.000000 0.000000 0.994339 0.411890 0.436251 0.420173 0.000000 0.000000 0.000000 0.000000 0.000000 0.000000 0.000000 0.000000 0.000000 0.000000 0.481925 0.712946 0.839425 0.903694 0.906445 0.902104 0.934518 0.911143 0.844667 0.680627 0.892038 0.795459 0.942603 0.795677 0.772241 0.773803 0.841937 0.814127 0.829606 0.834525 0.781360 0.546812 0.470633 0.000000 0.000000 0.000000 0.000000 0.000000 0.000000 0.000000 0.000000 0.000000 0.000000 0.000000 0.000000 0.000000 0.000000 0.000000 0.000000 0.000000 0.000000 0.000000 0.000000 0.000000 0.000000 0.000000 0.000000 0.000000 0.000000 0.000000 0.000000 0.000000 0.000000 0.000000 0.000000 0.000000 0.000000 0.000000 0.000000 0.000000 0.000000 0.000000 0.000000 0.000000 0.000000 0.000000 0.000000 0.000000 0.000000 0.000000 0.000000 0.000000 0.000000 0.000000 0.000000 0.000000 0.000000 0.000000 0.000000 0.000000 0.000000 0.000000 0.000000 0.000000 0.000000 0.000000 0.000000 0.000000 0.000000 0.000000 0.000000 0.000000 0.000000 0.000000 0.000000 0.000000 0.000000 0.000000 0.000000 0.000000 0.000000 0.000000 0.000000 0.000000 0.000000 0.000000 0.000000 0.000000 0.000000 0.000000 0.000000 0.000000 0.000000 0.000000 0.000000 0.000000 0.000000 0.000000 0.000000 0.000000 0.000000 0.000000 0.000000 0.000000 0.000000 0.000000 0.000000 0.000000 0.000000 0.000000 0.000000 0.000000 0.000000 0.000000 0.000000 0.000000 0.000000 0.000000 0.000000 0.000000
0.000000 0.000000 0.000000 0.000000 0.000000 0.000000 0.000000 0.000000 0.000000 0.000000 0.000000 0.000000 0.000000 0.000000 0.491201 0.896583 0.966928 0.866099 0.748132 0.793849 0.738340 0.626009 0.449350 0.692194 0.500581 0.459781 0.685396 0.845656 0.995592 1.009942 1.078938 1.139592 1.182905 1.090432 1.087017 1.045923 0.981294 0.913374 0.933630 0.888578 0.845491 0.763052 0.678043 0.621907 0.570198 0.506402 0.409585 0.000000 0.461774 0.465116 0.550147 0.453503 0.487722 0.473941 0.419614 0.000000 0.000000 0.000000 0.565905 0.000000 0.000000 0.000000 0.000000 0.000000 0.000000 0.000000 0.000000 0.000000 0.000000 0.000000 0.000000 0.000000 0.000000 0.000000 0.000000 0.000000 0.000000 0.000000 0.000000 0.000000 0.000000 0.000000 0.000000 0.000000 0.000000 0.000000 0.602343 0.509946 0.804323 0.947311 0.985063 0.888385 0.642900 0.000000 0.000000 0.000000 0.000000 0.000000 0.000000 0.000000 0.000000 0.000000 0.000000 0.475213 1.240758 0.659617 1.101881 0.700167 0.619064 0.555326 0.490761 0.423466 0.000000 0.000000 0.000000 0.000000 0.000000 0.000000 0.000000 0.000000 0.000000 0.000000 0.000000 0.000000 0.000000 0.494620 0.540977 0.553241 0.530590 0.477906 0.396517 0.000000 0.000000 0.000000 0.000000 0.000000 0.000000 0.000000 0.000000 0.000000 0.000000 0.480443 0.507067 0.843307 1.066003 1.105358 1.031167 0.816417 0.723628 0.537613 0.810404 0.884409 0.857348 0.767314 0.930495 0.892075 0.825885 0.779680 0.727288 0.667553 0.598996 0.515576 0.426015 0.000000 0.000000 0.000000 0.000000 0.000000 0.000000 0.000000 0.000000 0.000000 0.000000 0.000000 0.000000 0.000000 0.000000 0.000000 0.000000 0.000000 0.000000 0.000000 0.000000 0.000000 0.000000 0.000000 0.000000 0.000000 0.000000 0.000000 0.000000 0.000000 0.000000 0.000000 0.000000 0.000000 0.000000 0.000000 0.000000 0.000000 0.000000 0.000000 0.000000 0.000000 0.000000 0.000000 0.000000 0.000000 0.000000 0.000000 0.000000 0.000000 0.000000 0.000000 0.000000 0.000000 0.000000 0.000000 0.000000 0.000000 0.000000 0.000000 0.000000 0.000000 0.000000 0.000000 0.000000 0.000000 0.000000 0.000000 0.000000 0.000000 0.000000 0.000000 0.000000 0.000000 0.000000 0.000000 0.000000 0.000000 0.000000 0.000000 0.000000 0.000000 0.000000 0.000000 0.000000 0.000000 0.000000 0.000000 0.000000 0.000000 0.000000 0.000000 0.000000 0.000000 0.000000 0.000000 0.000000 0.000000 0.000000 0.000000 0.000000 0.000000 0.000000 0.000000 0.000000 0.000000 0.000000 0.000000 0.000000 0.000000 0.000000 0.000000 0.000000 0.000000 0.000000 0.000000 0.000000 0.000000
0.000000 0.000000 0.000000 0.000000 0.000000 0.000000 0.000000 0.000000 0.000000 0.000000 0.000000 0.000000 0.000000 0.000000 0.838893 1.200617 1.172604 1.067333 1.094206 1.119940 1.052559 0.877181 0.765786 0.717487 0.695422 0.637442 0.804951 0.785699 0.831611 1.001053 1.085531 1.152144 1.134039 1.111790 1.048814 0.955087 0.850988 0.776364 0.700365 0.623974 0.547198 0.564859 0.555597 0.604937 0.621234 0.608502 0.523210 0.512159 0.412763 0.565413 0.610200 0.605579 0.690168 0.686217 0.568384 0.000000 0.000000 0.000000 0.000000 0.000000 0.000000 0.000000 0.000000 0.000000 0.000000 0.000000 0.000000 0.000000 0.000000 0.000000 0.000000 0.000000 0.000000 0.000000 0.000000 0.000000 0.000000 0.000000 0.000000 0.000000 0.000000 0.000000 0.000000 0.000000 0.000000 0.494508 0.555456 0.600437 0.919743 0.983928 0.893637 0.726833 0.451591 0.000000 0.000000 0.000000 0.000000 0.000000 0.000000 0.000000 0.487272 0.608410 0.629466 0.656579 0.722579 0.749232 0.742045 0.696455 0.655162 0.636453 0.638374 0.463082 0.000000 0.000000 0.000000 0.000000 0.000000 0.000000 0.004000 0.004000 0.000000 0.000000 0.458508 0.535109 0.607159 0.632248 0.618514 0.580038 0.517023 0.423502 0.000000 0.000000 0.427722 0.497456 0.498366 0.453767 0.000000 0.000000 0.000000 0.000000 0.000000 0.000000 0.000000 0.835536 1.057240 1.047111 0.935728 1.285297 0.659995 0.565866 0.578966 0.556471 0.665497 0.740974 0.774279 0.795716 0.781526 0.731487 0.640301 0.533826 0.415406 0.000000 0.000000 0.000000 0.000000 0.000000 0.000000 0.000000 0.000000 0.000000 0.000000 0.000000 0.000000 0.000000 0.000000 0.000000 0.000000 0.000000 0.000000 0.000000 0.000000 0.000000 0.000000 0.000000 0.000000 0.000000 0.000000 0.000000 0.000000 0.000000 0.000000 0.000000 0.000000 0.000000 0.000000 0.000000 0.000000 0.000000 0.000000 0.000000 0.000000 0.000000 0.000000 0.000000 0.000000 0.000000 0.000000 0.000000 0.000000 0.000000 0.000000 0.000000 0.000000 0.000000 0.000000 0.000000 0.000000 0.000000 0.000000 0.000000 0.000000 0.000000 0.000000 0.000000 0.000000 0.000000 0.000000 0.000000 0.000000 0.000000 0.000000 0.000000 0.000000 0.000000 0.000000 0.000000 0.000000 0.000000 0.000000 0.000000 0.000000 0.000000 0.000000 0.000000 0.000000 0.000000 0.000000 0.000000 0.000000 0.000000 0.000000 0.000000 0.000000 0.000000 0.000000 0.000000 0.000000 0.000000 0.000000 0.000000 0.000000 0.000000 0.000000 0.000000 0.000000 0.000000 0.000000 0.000000 0.000000 0.000000 0.000000 0.000000 0.000000 0.000000 0.000000 0.000000 0.000000 0.000000 0.000000 0.000000
0.000000 0.000000 0.000000 0.000000 0.000000 0.000000 0.000000 0.000000 0.000000 0.000000 0.000000 0.000000 0.000000 0.565928 1.036827 1.024271 1.036446 1.073639 1.218073 1.329692 1.205876 1.263169 1.117764 1.009891 0.875110 0.701599 0.507704 0.594994 0.837221 1.001520 1.039530 0.996544 0.921256 0.766001 0.617849 0.570698 0.581769 0.633700 0.642434 0.567351 0.000000 0.539175 0.630947 0.653454 0.627985 0.635209 0.475961 0.566641 0.630167 0.625238 0.650453 0.650794 0.605279 0.467734 0.397416 0.000000 0.000000 0.000000 0.000000 0.000000 0.000000 0.000000 0.000000 0.000000 0.000000 0.000000 0.000000 0.000000 0.000000 0.000000 0.000000 0.000000 0.000000 0.000000 0.000000 0.000000 0.000000 0.000000 0.000000 0.000000 0.000000 0.000000 0.000000 0.000000 0.442105 0.558694 0.556254 0.567040 0.821136 0.938445 0.758910 0.000000 0.000000 0.000000 0.000000 0.413058 0.485705 0.505715 0.480278 0.505715 0.655426 0.744976 0.776394 0.771925 0.729219 0.650945 0.563987 0.462004 0.000000 0.395843 0.000000 0.405578 0.398356 0.000000 0.000000 0.000000 0.429927 0.457537 0.773781 0.582261 0.480394 0.574011 0.648192 0.669861 0.681190 0.659429 0.580820 0.479404 0.000000 0.000000 0.000000 0.507594 0.609957 0.631697 0.605669 0.545216 0.473017 0.486967 0.475221 0.454939 0.421297 0.435349 0.556813 0.865689 1.088177 0.983545 0.880955 0.739177 0.566065 0.555108 0.673466 0.702609 0.779999 0.802935 0.787310 0.758527 0.687755 0.609429 0.440338 0.000000 0.000000 0.000000 0.000000 0.000000 0.000000 0.000000 0.000000 0.000000 0.000000 0.000000 0.000000 0.000000 0.000000 0.000000 0.000000 0.000000 0.000000 0.000000 0.000000 0.000000 0.000000 0.000000 0.000000 0.000000 0.000000 0.000000 0.000000 0.000000 0.000000 0.000000 0.000000 0.000000 0.000000 0.000000 0.000000 0.000000 0.000000 0.000000 0.000000 0.000000 0.000000 0.000000 0.000000 0.000000 0.000000 0.000000 0.000000 0.000000 0.000000 0.000000 0.000000 0.000000 0.000000 0.000000 0.000000 0.000000 0.000000 0.000000 0.000000 0.000000 0.000000 0.000000 0.000000 0.000000 0.000000 0.000000 0.000000 0.000000 0.000000 0.000000 0.000000 0.000000 0.000000 0.000000 0.000000 0.000000 0.000000 0.000000 0.000000 0.000000 0.000000 0.000000 0.000000 0.000000 0.000000 0.000000 0.000000 0.000000 0.000000 0.000000 0.000000 0.000000 0.000000 0.000000 0.000000 0.000000 0.000000 0.000000 0.000000 0.000000 0.000000 0.000000 0.000000 0.000000 0.000000 0.000000 0.000000 0.000000 0.000000 0.000000 0.000000 0.000000 0.000000 0.000000 0.000000 0.000000 0.000000 0.000000 0.000000 0.000000
0.000000 0.000000 0.000000 0.000000 0.000000 0.000000 0.000000 0.000000 0.000000 0.000000 0.000000 0.000000 0.000000 0.000000 0.651705 0.689890 1.039612 1.067142 1.390138 1.514895 1.315237 1.383764 1.410829 1.098145 1.107628 0.916474 0.674593 0.696430 0.868218 0.988081 1.030365 0.973296 0.873011 0.772085 0.682194 0.691896 0.717884 0.714937 0.769283 0.656725 0.513692 0.729151 0.644428 0.679464 0.687411 0.706105 0.665092 0.655059 0.672588 0.663248 0.547882 0.467511 0.388745 0.000000 0.000000 0.000000 0.000000 0.000000 0.000000 0.000000 0.000000 0.000000 0.000000 0.000000 0.000000 0.000000 0.000000 0.000000 0.000000 0.000000 0.000000 0.000000 0.000000 0.000000 0.000000 0.000000 0.000000 0.000000 0.000000 0.000000 0.000000 0.000000 0.462184 0.000000 0.000000 0.473524 0.506010 0.567419 0.394608 0.000000 0.000000 0.000000 0.451277 0.533941 0.627281 0.702495 0.701266 0.656371 0.566829 0.541913 0.536291 0.505891 0.000000 0.000000 0.000000 0.000000 0.000000 0.000000 0.000000 0.000000 0.456297 0.461810 0.427199 0.000000 0.000000 0.000000 0.471473 0.876081 1.006851 0.780836 0.705379 0.730234 0.730813 0.679421 0.597489 0.486909 0.000000 0.000000 0.000000 0.000000 0.649691 0.775996 0.763483 0.745558 0.638929 0.582486 0.571065 0.562637 0.535763 0.586682 0.611729 0.586069 0.673050 0.694472 0.847849 0.771194 0.831371 0.723831 0.687805 0.691822 0.714065 0.735148 0.715829 0.715723 0.612581 0.515704 0.429136 0.000000 0.000000 0.000000 0.000000 0.000000 0.000000 0.000000 0.000000 0.000000 0.000000 0.000000 0.000000 0.000000 0.000000 0.000000 0.000000 0.000000 0.000000 0.000000 0.000000 0.000000 0.000000 0.000000 0.000000 0.000000 0.000000 0.000000 0.000000 0.000000 0.000000 0.000000 0.000000 0.000000 0.000000 0.000000 0.000000 0.000000 0.000000 0.000000 0.000000 0.000000 0.000000 0.000000 0.000000 0.000000 0.000000 0.000000 0.000000 0.000000 0.000000 0.000000 0.000000 0.000000 0.000000 0.000000 0.000000 0.000000 0.000000 0.000000 0.000000 0.000000 0.000000 0.000000 0.000000 0.000000 0.000000 0.000000 0.000000 0.000000 0.000000 0.000000 0.000000 0.000000 0.000000 0.000000 0.000000 0.000000 0.000000 0.000000 0.000000 0.000000 0.000000 0.000000 0.000000 0.000000 0.000000 0.000000 0.000000 0.000000 0.000000 0.000000 0.000000 0.000000 0.000000 0.000000 0.000000 0.000000 0.000000 0.000000 0.000000 0.000000 0.000000 0.000000 0.000000 0.000000 0.000000 0.000000 0.000000 0.000000 0.000000 0.000000 0.000000 0.000000 0.000000 0.000000 0.000000 0.000000 0.000000 0.000000 0.000000 0.000000 0.000000 0.000000
0.000000 0.000000 0.000000 0.000000 0.000000 0.000000 0.000000 0.000000 0.000000 0.000000 0.000000 0.000000 0.000000 0.000000 0.000000 0.000000 0.575937 0.491668 0.569534 0.785306 1.067192 1.023461 1.058750 0.982829 0.819985 0.609153 0.671168 0.777206 1.034467 1.139019 1.106612 1.047331 0.978057 0.998589 1.065712 0.877332 0.844026 0.814444 0.771855 0.715559 0.627933 0.679796 0.799191 0.834504 0.897990 0.924469 0.871194 0.770159 0.761858 0.705842 0.647198 0.574699 0.503274 0.389196 0.000000 0.000000 0.000000 0.000000 0.000000 0.000000 0.000000 0.000000 0.000000 0.000000 0.000000 0.000000 0.000000 0.000000 0.000000 0.000000 0.000000 0.000000 0.000000 0.000000 0.000000 0.000000 0.000000 0.000000 0.000000 0.000000 0.000000 0.428529 0.526192 0.477071 0.000000 0.000000 0.000000 0.000000 0.000000 0.000000 0.000000 0.534006 0.648125 0.706595 0.797835 0.852673 0.815876 0.723249 0.607741 0.505189 0.417762 0.000000 0.000000 0.000000 0.000000 0.000000 0.000000 0.419274 0.522637 0.556268 0.553471 0.527019 0.479665 0.415317 0.000000 0.602274 0.791306 0.983578 0.907614 0.877388 0.844649 0.773909 0.690587 0.603884 0.492195 0.414153 0.512962 0.643150 0.782156 0.786319 0.880302 0.936225 0.861571 0.694103 0.620535 0.617167 0.611046 0.578930 0.538319 0.644474 0.674779 0.638355 0.727212 0.755064 0.845635 0.791616 0.779173 0.806787 0.734964 0.718758 0.716236 0.657060 0.595421 0.501058 0.000000 0.000000 0.000000 0.000000 0.000000 0.000000 0.000000 0.000000 0.000000 0.000000 0.000000 0.000000 0.000000 0.409844 0.000000 0.000000 0.000000 0.000000 0.000000 0.000000 0.000000 0.000000 0.000000 0.000000 0.000000 0.000000 0.000000 0.000000 0.000000 0.000000 0.000000 0.000000 0.000000 0.000000 0.000000 0.000000 0.000000 0.000000 0.000000 0.000000 0.000000 0.000000 0.000000 0.000000 0.000000 0.000000 0.000000 0.000000 0.000000 0.000000 0.000000 0.000000 0.000000 0.000000 0.000000 0.000000 0.000000 0.000000 0.000000 0.000000 0.000000 0.000000 0.000000 0.000000 0.000000 0.000000 0.000000 0.000000 0.000000 0.000000 0.000000 0.000000 0.000000 0.000000 0.000000 0.000000 0.000000 0.000000 0.000000 0.000000 0.000000 0.000000 0.000000 0.000000 0.000000 0.000000 0.000000 0.000000 0.000000 0.000000 0.000000 0.000000 0.000000 0.000000 0.000000 0.000000 0.000000 0.000000 0.000000 0.000000 0.000000 0.000000 0.000000 0.000000 0.000000 0.000000 0.000000 0.000000 0.000000 0.000000 0.000000 0.000000 0.000000 0.000000 0.000000 0.000000 0.000000 0.000000 0.000000 0.000000 0.000000 0.000000 0.000000 0.000000 0.000000 0.000000
0.000000 0.000000 0.000000 0.000000 0.000000 0.000000 0.000000 0.000000 0.000000 0.000000 0.000000 0.000000 0.000000 0.000000 0.000000 0.000000 0.000000 0.440111 0.655863 0.974625 1.028628 1.031641 0.862132 0.821342 0.708563 0.783985 0.995794 1.095606 1.179383 1.179573 1.126145 1.101874 1.270963 1.247019 1.195614 0.886732 0.911470 0.779199 0.697040 0.717948 0.674665 0.723659 0.829234 0.928398 0.980434 0.989458 0.921867 0.740776 0.746945 0.740417 0.685028 0.610205 0.485462 0.418371 0.387690 0.000000 0.000000 0.000000 0.000000 0.000000 0.000000 0.000000 0.000000 0.000000 0.000000 0.000000 0.000000 0.000000 0.000000 0.000000 0.000000 0.000000 0.000000 0.000000 0.000000 0.000000 0.000000 0.000000 0.000000 0.000000 0.000000 0.208355 0.417229 0.208947 0.000000 0.000000 0.000000 0.000000 0.000000 0.000000 0.451928 0.631588 0.721650 0.741465 0.748637 0.708581 0.628286 0.511227 0.404569 0.000000 0.000000 0.000000 0.000000 0.000000 0.000000 0.000000 0.441206 0.640823 0.719994 0.710766 0.656096 0.570107 0.903606 0.794768 0.704302 0.892827 1.010531 1.032336 0.997760 0.939369 0.859098 0.787896 0.764076 0.694551 0.548598 0.640545 0.758112 0.946439 1.035713 0.984199 0.934721 0.931910 0.783023 0.621410 0.581025 0.615397 0.684345 0.552687 0.487685 0.428248 0.469108 0.599622 0.683041 0.805018 0.934273 0.805132 0.982143 0.970704 0.814623 0.712568 0.627466 0.611939 0.556833 0.472430 0.435161 0.438095 0.000000 0.448671 0.527048 0.547546 0.531046 0.505354 0.469242 0.000000 0.000000 0.000000 0.000000 0.000000 0.000000 0.000000 0.000000 0.000000 0.000000 0.000000 0.000000 0.000000 0.000000 0.000000 0.000000 0.000000 0.000000 0.000000 0.000000 0.000000 0.000000 0.000000 0.000000 0.000000 0.000000 0.000000 0.000000 0.000000 0.000000 0.000000 0.000000 0.000000 0.000000 0.000000 0.000000 0.000000 0.000000 0.000000 0.000000 0.000000 0.000000 0.000000 0.000000 0.000000 0.000000 0.000000 0.000000 0.000000 0.000000 0.000000 0.000000 0.000000 0.000000 0.000000 0.000000 0.000000 0.000000 0.000000 0.000000 0.000000 0.000000 0.000000 0.000000 0.000000 0.000000 0.000000 0.000000 0.000000 0.000000 0.000000 0.000000 0.000000 0.000000 0.000000 0.000000 0.000000 0.000000 0.000000 0.000000 0.000000 0.000000 0.000000 0.000000 0.000000 0.000000 0.000000 0.000000 0.000000 0.000000 0.000000 0.000000 0.000000 0.000000 0.000000 0.000000 0.000000 0.000000 0.000000 0.000000 0.000000 0.000000 0.000000 0.000000 0.000000 0.000000 0.000000 0.000000 0.000000 0.000000 0.000000 0.000000 0.000000 0.000000 0.000000 0.000000 0.000000
0.000000 0.000000 0.000000 0.000000 0.000000 0.000000 0.000000 0.000000 0.000000 0.000000 0.000000 0.000000 0.000000 0.000000 0.000000 0.000000 0.580540 0.720993 1.131422 1.376564 1.132585 1.035002 0.894966 0.791688 0.797898 1.054139 1.179952 1.222360 1.153610 1.123984 1.055225 1.236426 1.344620 1.312667 1.193854 1.052189 0.907643 0.870662 0.818918 1.043658 0.721632 0.899604 0.788182 0.655368 0.800663 0.651376 0.655633 0.732581 0.707593 0.668999 0.639575 0.550992 0.542261 0.508581 0.459527 0.402645 0.000000 0.000000 0.000000 0.000000 0.000000 0.000000 0.000000 0.000000 0.000000 0.000000 0.000000 0.000000 0.000000 0.000000 0.000000 0.000000 0.000000 0.000000 0.000000 0.000000 0.000000 0.000000 0.000000 0.000000 0.000000 0.000000 0.000000 0.000000 0.000000 0.000000 0.000000 0.000000 0.000000 0.000000 0.000000 0.000000 0.000000 0.000000 0.000000 0.000000 0.000000 0.000000 0.000000 0.000000 0.000000 0.000000 0.000000 0.747754 0.000000 0.000000 0.510743 0.653665 0.713978 0.699260 0.628742 0.511858 1.135440 1.032613 0.885366 1.028172 1.022849 0.955004 0.888297 0.812401 0.751461 0.716678 0.771527 0.846167 0.774644 0.773867 0.961231 1.156144 1.133074 0.971958 0.788554 0.634743 0.567930 0.443399 0.000000 0.518130 0.720863 0.505303 0.000000 0.000000 0.000000 0.000000 0.437062 0.598092 0.634429 0.788500 0.833195 0.801509 0.722557 0.649791 0.596762 0.555523 0.536253 0.000000 0.610848 0.529831 0.725160 0.887475 0.844969 0.716216 0.646761 0.584917 0.513141 0.428879 0.000000 0.000000 0.000000 0.000000 0.000000 0.000000 0.000000 0.000000 0.000000 0.000000 0.000000 0.000000 0.000000 0.000000 0.000000 0.000000 0.000000 0.000000 0.000000 0.000000 0.000000 0.000000 0.000000 0.000000 0.000000 0.000000 0.000000 0.000000 0.000000 0.000000 0.000000 0.000000 0.000000 0.000000 0.000000 0.000000 0.000000 0.000000 0.000000 0.000000 0.000000 0.000000 0.000000 0.000000 0.000000 0.000000 0.000000 0.000000 0.000000 0.000000 0.000000 0.000000 0.000000 0.000000 0.000000 0.000000 0.000000 0.000000 0.000000 0.000000 0.000000 0.000000 0.000000 0.000000 0.000000 0.000000 0.000000 0.000000 0.000000 0.000000 0.000000 0.000000 0.000000 0.000000 0.000000 0.000000 0.000000 0.000000 0.000000 0.000000 0.000000 0.000000 0.000000 0.000000 0.000000 0.000000 0.000000 0.000000 0.000000 0.000000 0.000000 0.000000 0.000000 0.000000 0.000000 0.000000 0.000000 0.000000 0.000000 0.000000 0.000000 0.000000 0.000000 0.000000 0.000000 0.000000 0.000000 0.000000 0.000000 0.000000 0.000000 0.000000 0.000000 0.000000 0.000000 0.000000
0.000000 0.000000 0.000000 0.000000 0.000000 0.000000 0.000000 0.000000 0.000000 0.000000 0.000000 0.000000 0.000000 0.000000 0.000000 0.580033 0.696284 0.967950 1.273978 1.590449 1.530678 1.378789 1.115544 0.993098 1.029758 1.267244 1.348236 1.378706 1.280809 1.193214 0.996768 1.075836 1.125601 1.080480 0.986554 0.887340 0.905107 0.940778 0.888211 0.790480 0.906406 0.921341 0.913717 0.871662 0.861497 0.843615 0.795740 0.776289 0.689463 0.673987 0.655035 0.629135 0.594612 0.545408 0.485084 0.419118 0.000000 0.000000 0.000000 0.000000 0.000000 0.000000 0.000000 0.000000 0.000000 0.000000 0.000000 0.000000 0.000000 0.000000 0.000000 0.000000 0.000000 0.000000 0.000000 0.000000 0.000000 0.419339 0.416210 0.437845 0.436859 0.420192 0.000000 0.000000 0.000000 0.000000 0.000000 0.000000 0.000000 0.000000 0.000000 0.000000 0.000000 0.000000 0.000000 0.000000 0.000000 0.000000 0.000000 0.000000 0.000000 0.004000 0.000000 0.000000 0.000000 0.000000 0.000000 0.000000 0.000000 0.000000 0.393500 0.000000 0.000000 0.000000 1.019695 0.735180 0.556546 0.565783 0.592112 0.735332 0.830513 0.853520 0.884822 0.931015 0.866471 0.767401 0.745053 0.709139 0.658557 0.536989 0.000000 0.000000 0.000000 0.000000 0.000000 0.000000 0.000000 0.000000 0.000000 0.000000 0.000000 0.000000 0.000000 0.000000 0.000000 0.000000 0.459138 0.575915 0.632840 0.713126 0.723392 0.675451 0.661352 0.577637 0.534196 0.559391 0.754714 0.880415 0.851230 0.673600 0.564818 0.491801 0.000000 0.000000 0.000000 0.000000 0.000000 0.000000 0.000000 0.000000 0.000000 0.000000 0.000000 0.000000 0.000000 0.000000 0.000000 0.000000 0.000000 0.000000 0.000000 0.000000 0.000000 0.000000 0.000000 0.000000 0.000000 0.000000 0.000000 0.000000 0.000000 0.000000 0.000000 0.000000 0.000000 0.000000 0.000000 0.000000 0.000000 0.000000 0.000000 0.000000 0.000000 0.000000 0.000000 0.000000 0.000000 0.000000 0.000000 0.000000 0.000000 0.000000 0.000000 0.000000 0.000000 0.000000 0.000000 0.000000 0.000000 0.000000 0.000000 0.000000 0.000000 0.000000 0.000000 0.000000 0.000000 0.000000 0.000000 0.000000 0.000000 0.000000 0.000000 0.000000 0.000000 0.000000 0.000000 0.000000 0.000000 0.000000 0.000000 0.000000 0.000000 0.000000 0.000000 0.000000 0.000000 0.000000 0.000000 0.000000 0.000000 0.000000 0.000000 0.000000 0.000000 0.000000 0.000000 0.000000 0.000000 0.000000 0.000000 0.000000 0.000000 0.000000 0.000000 0.000000 0.000000 0.000000 0.000000 0.000000 0.000000 0.000000 0.000000 0.000000 0.000000 0.000000 0.000000 0.000000 0.000000 0.000000
0.000000 0.000000 0.000000 0.000000 0.000000 0.000000 0.000000 0.000000 0.000000 0.000000 0.000000 0.000000 0.000000 0.000000 0.177642 0.801321 0.701792 0.670914 1.057765 1.144750 1.149195 1.173392 1.094327 1.121376 1.101985 1.220799 1.234251 1.272849 1.175452 1.022401 0.927270 0.929536 0.937536 0.918314 1.401913 0.855094 0.891012 0.843884 0.788609 0.839432 0.819973 1.055693 0.902360 0.992774 0.957822 0.897651 0.810561 0.778303 0.765942 0.730373 0.661252 0.580884 0.511561 0.450205 0.387046 0.000000 0.000000 0.000000 0.000000 0.000000 0.000000 0.000000 0.000000 0.000000 0.000000 0.000000 0.000000 0.000000 0.000000 0.000000 0.000000 0.000000 0.000000 0.420105 0.503830 0.544640 0.542931 0.513999 0.467612 0.461791 0.427436 0.000000 0.000000 0.000000 0.000000 0.000000 0.000000 0.000000 0.000000 0.000000 0.000000 0.000000 0.000000 0.004000 0.000000 0.000000 0.000000 0.000000 0.000000 0.413051 0.423053 0.425949 0.417983 0.000000 0.000000 0.000000 0.004000 0.000000 0.443654 0.541278 0.557192 0.526505 0.701369 0.611705 0.661653 0.752583 0.788137 0.762034 0.716890 0.803733 0.852779 0.818144 0.781759 0.750459 0.837228 0.607783 0.591313 0.536710 0.390199 0.000000 0.000000 0.000000 0.000000 0.000000 0.000000 0.000000 0.000000 0.000000 0.000000 0.433411 0.452976 0.445524 0.418981 0.000000 0.000000 0.000000 0.530749 0.759907 0.831369 0.773048 0.743003 0.794008 0.786867 0.721336 0.492309 0.657497 0.472033 0.000000 0.000000 0.000000 0.000000 0.000000 0.000000 0.000000 0.000000 0.000000 0.000000 0.000000 0.000000 0.000000 0.000000 0.000000 0.000000 0.000000 0.000000 0.000000 0.000000 0.000000 0.000000 0.000000 0.000000 0.000000 0.000000 0.000000 0.000000 0.000000 0.000000 0.000000 0.000000 0.000000 0.000000 0.000000 0.000000 0.000000 0.000000 0.000000 0.000000 0.000000 0.000000 0.000000 0.000000 0.000000 0.000000 0.000000 0.000000 0.000000 0.000000 0.000000 0.000000 0.000000 0.000000 0.000000 0.000000 0.000000 0.000000 0.000000 0.000000 0.000000 0.000000 0.000000 0.000000 0.000000 0.000000 0.000000 0.000000 0.000000 0.000000 0.000000 0.000000 0.000000 0.000000 0.000000 0.000000 0.000000 0.000000 0.000000 0.000000 0.000000 0.000000 0.000000 0.000000 0.000000 0.000000 0.000000 0.000000 0.000000 0.000000 0.000000 0.000000 0.000000 0.000000 0.000000 0.000000 0.000000 0.000000 0.000000 0.000000 0.000000 0.000000 0.000000 0.000000 0.000000 0.000000 0.000000 0.000000 0.000000 0.000000 0.000000 0.000000 0.000000 0.000000 0.000000 0.000000 0.000000 0.000000 0.000000 0.000000 0.000000 0.000000 0.000000
0.000000 0.000000 0.000000 0.000000 0.000000 0.000000 0.000000 0.000000 0.000000 0.000000 0.000000 0.000000 0.000000 0.000000 0.000000 1.093526 0.969324 1.403438 1.285014 0.783127 0.675840 0.765210 0.949437 0.840131 0.861118 0.809972 0.790931 0.877199 0.844664 0.770201 0.649231 0.690207 0.716173 0.709591 0.617932 0.736071 0.914071 0.956053 0.913634 0.928359 1.032677 1.090128 1.065189 1.102218 1.029761 0.927351 0.852036 0.775128 0.692112 0.601043 0.506725 0.416450 0.000000 0.000000 0.000000 0.000000 0.000000 0.000000 0.000000 0.000000 0.000000 0.000000 0.000000 0.000000 0.000000 0.000000 0.000000 0.000000 0.000000 0.000000 0.458735 0.459208 0.535705 0.615750 0.642308 0.634974 0.594450 0.522556 0.447210 0.000000 0.000000 0.000000 0.000000 0.000000 0.000000 0.000000 0.000000 0.000000 0.000000 0.000000 0.000000 0.000000 0.000000 0.000000 0.000000 0.000000 0.451185 0.513136 0.534413 0.519377 0.501383 0.478219 0.448533 0.403031 0.000000 0.000000 0.000000 0.459061 0.572722 0.517501 0.529454 0.510874 0.567438 0.731192 0.836918 0.880595 0.910866 0.824730 0.759593 0.743477 0.640192 0.848319 0.856418 0.632789 0.000000 0.410861 0.442144 0.422678 0.369847 0.000000 0.000000 0.000000 0.000000 0.000000 0.000000 0.000000 0.000000 0.452758 0.502782 0.520372 0.503948 0.464794 0.415632 0.000000 0.000000 0.628769 0.747948 0.787710 0.813901 0.817176 0.762803 0.842775 0.874732 0.718707 0.474520 0.000000 0.000000 0.000000 0.000000 0.000000 0.000000 0.000000 0.000000 0.000000 0.000000 0.000000 0.000000 0.000000 0.000000 0.000000 0.000000 0.000000 0.000000 0.000000 0.000000 0.000000 0.000000 0.000000 0.000000 0.000000 0.000000 0.000000 0.000000 0.000000 0.000000 0.000000 0.000000 0.000000 0.000000 0.000000 0.000000 0.000000 0.000000 0.000000 0.000000 0.000000 0.000000 0.000000 0.000000 0.000000 0.000000 0.000000 0.000000 0.000000 0.000000 0.000000 0.000000 0.000000 0.000000 0.000000 0.000000 0.000000 0.000000 0.000000 0.000000 0.000000 0.000000 0.000000 0.000000 0.000000 0.000000 0.000000 0.000000 0.000000 0.000000 0.000000 0.000000 0.000000 0.000000 0.000000 0.000000 0.000000 0.000000 0.000000 0.000000 0.000000 0.000000 0.000000 0.000000 0.000000 0.000000 0.000000 0.000000 0.000000 0.000000 0.000000 0.000000 0.000000 0.000000 0.000000 0.000000 0.000000 0.000000 0.000000 0.000000 0.000000 0.000000 0.000000 0.000000 0.000000 0.000000 0.000000 0.000000 0.000000 0.000000 0.000000 0.000000 0.000000 0.000000 0.000000 0.000000 0.000000 0.000000 0.000000 0.000000 0.000000 0.000000 0.000000 0.000000 0.000000
0.503501 0.000000 0.000000 0.000000 0.000000 0.000000 0.000000 0.000000 0.000000 0.000000 0.000000 0.000000 0.000000 0.000000 0.528728 0.549692 1.157624 1.864712 1.299084 1.132385 1.040773 0.964675 0.840180 0.631296 0.633184 0.590810 0.441965 0.457429 0.453188 0.000000 0.474336 0.000000 0.000000 0.004000 0.573493 0.725992 0.835259 0.915230 0.947916 0.952381 1.044925 1.092300 1.088109 1.040333 0.999846 0.893860 0.796485 0.739074 0.660387 0.559715 0.458109 0.000000 0.000000 0.000000 0.000000 0.000000 0.000000 0.000000 0.000000 0.000000 0.000000 0.000000 0.000000 0.000000 0.000000 0.000000 0.000000 0.000000 0.000000 0.000000 0.726064 0.655736 0.704745 0.727908 0.702234 0.609805 0.522931 0.423955 0.497179 0.487954 0.449740 0.397472 0.000000 0.000000 0.000000 0.000000 0.000000 0.000000 0.000000 0.000000 0.000000 0.000000 0.000000 0.000000 0.466664 0.561664 0.610204 0.609907 0.577297 0.533603 0.495797 0.452244 0.522599 0.593196 0.604678 0.565383 0.500178 0.518800 0.508802 0.498994 0.542988 0.528546 0.455499 0.708415 0.825381 0.920370 0.899561 0.760414 0.686907 0.620898 0.521295 0.663454 0.000000 0.000000 0.000000 0.374373 0.000000 0.000000 0.000000 0.000000 0.000000 0.000000 0.000000 0.000000 0.418387 0.566306 0.618764 0.620812 0.555697 0.531293 0.478566 0.512152 0.421805 0.000000 0.691637 0.853077 0.859217 0.852191 0.877030 0.788449 0.665820 0.454578 0.464618 0.582904 0.490714 0.455537 0.482369 0.465152 0.533598 0.445030 0.000000 0.000000 0.000000 0.000000 0.000000 0.000000 0.000000 0.000000 0.000000 0.000000 0.000000 0.000000 0.000000 0.000000 0.000000 0.000000 0.000000 0.000000 0.000000 0.000000 0.000000 0.000000 0.000000 0.000000 0.000000 0.000000 0.000000 0.000000 0.000000 0.000000 0.000000 0.000000 0.000000 0.000000 0.000000 0.000000 0.000000 0.000000 0.000000 0.000000 0.000000 0.000000 0.000000 0.000000 0.000000 0.000000 0.000000 0.000000 0.000000 0.000000 0.000000 0.000000 0.000000 0.000000 0.000000 0.000000 0.000000 0.000000 0.000000 0.000000 0.000000 0.000000 0.000000 0.000000 0.000000 0.000000 0.000000 0.000000 0.000000 0.000000 0.000000 0.000000 0.000000 0.000000 0.000000 0.000000 0.000000 0.000000 0.000000 0.000000 0.000000 0.000000 0.000000 0.000000 0.000000 0.000000 0.000000 0.000000 0.000000 0.000000 0.000000 0.000000 0.000000 0.000000 0.000000 0.000000 0.000000 0.000000 0.000000 0.000000 0.000000 0.000000 0.000000 0.000000 0.000000 0.000000 0.000000 0.000000 0.000000 0.000000 0.000000 0.000000 0.000000 0.000000 0.000000 0.000000 0.000000 0.000000 0.000000 0.000000
0.521693 0.000000 0.000000 0.000000 0.000000 0.000000 0.000000 0.000000 0.000000 0.000000 0.000000 0.000000 0.000000 0.586768 0.796034 0.880775 1.735839 1.528066 1.407751 1.326781 1.188204 1.071512 0.884089 0.643807 0.582515 0.505873 0.419113 0.000000 0.000000 0.000000 0.471005 0.490369 0.484232 0.458336 0.435802 0.569819 0.652317 0.683491 0.729647 0.708380 0.669705 0.763214 0.832562 0.816079 0.730296 0.591105 0.466270 0.412346 0.000000 0.000000 0.408046 0.413376 0.388199 0.000000 0.000000 0.000000 0.000000 0.000000 0.000000 0.000000 0.553330 0.575199 0.518741 0.000000 0.000000 0.000000 0.000000 0.000000 0.100737 0.000000 0.700889 0.812051 0.855360 0.906195 1.004166 0.593532 0.000000 0.580873 0.627667 0.588801 0.525142 0.453727 0.000000 0.000000 0.000000 0.000000 0.417357 0.452720 0.465129 0.443686 0.400779 0.000000 0.000000 0.517002 0.621205 0.708305 0.686380 0.587413 0.500933 0.461664 0.511789 0.738343 0.848809 0.882715 0.837203 0.773123 0.640546 0.531089 0.420160 0.404139 0.472762 0.469932 0.485570 0.600044 0.752888 0.722450 0.639573 0.444995 0.000000 0.000000 0.714126 0.000000 0.000000 0.000000 0.000000 0.000000 0.000000 0.000000 0.000000 0.000000 0.000000 0.415831 0.467009 0.592289 0.608300 0.670051 0.684749 0.637804 0.510496 0.577991 0.520230 0.509331 0.467364 0.000000 0.740335 0.878052 0.916761 0.817151 0.823573 0.707061 0.540598 0.000000 0.000000 0.471186 0.627366 0.732331 0.746347 0.728687 0.682762 0.586466 0.518687 0.386685 0.000000 0.000000 0.383244 0.000000 0.000000 0.000000 0.000000 0.000000 0.000000 0.000000 0.000000 0.000000 0.000000 0.000000 0.000000 0.000000 0.000000 0.000000 0.000000 0.000000 0.000000 0.000000 0.000000 0.000000 0.000000 0.000000 0.000000 0.000000 0.000000 0.000000 0.000000 0.000000 0.000000 0.000000 0.000000 0.000000 0.000000 0.000000 0.000000 0.000000 0.000000 0.000000 0.000000 0.000000 0.000000 0.000000 0.000000 0.000000 0.000000 0.000000 0.000000 0.000000 0.000000 0.000000 0.000000 0.000000 0.000000 0.000000 0.000000 0.000000 0.000000 0.000000 0.000000 0.000000 0.000000 0.000000 0.000000 0.000000 0.000000 0.000000 0.000000 0.000000 0.000000 0.000000 0.000000 0.000000 0.000000 0.000000 0.000000 0.000000 0.000000 0.000000 0.000000 0.000000 0.000000 0.000000 0.000000 0.000000 0.000000 0.000000 0.000000 0.000000 0.000000 0.000000 0.000000 0.000000 0.000000 0.000000 0.000000 0.000000 0.000000 0.000000 0.000000 0.000000 0.000000 0.000000 0.000000 0.000000 0.000000 0.000000 0.000000 0.000000 0.000000 0.000000 0.000000 0.000000 0.000000 0.000000
0.528994 0.000000 0.000000 0.000000 0.000000 0.000000 0.000000 0.000000 0.000000 0.000000 0.000000 0.354357 0.613993 0.768553 1.094019 1.203881 1.340708 1.276201 1.168614 1.104581 0.929996 0.863430 0.754547 0.525535 0.415377 0.000000 0.000000 0.000000 0.422575 0.627572 0.706159 0.709326 0.649514 0.599312 0.586886 0.568529 0.561797 0.555067 0.583153 0.668614 0.719359 0.717036 0.678968 0.633910 0.509170 0.452651 0.000000 0.403117 0.440538 0.465105 0.469430 0.452443 0.409276 0.000000 0.000000 0.000000 0.000000 0.416630 0.532149 0.664603 0.728429 0.694679 0.584437 0.000000 0.000000 0.000000 0.000000 0.000000 0.775469 0.000000 0.598964 0.670156 0.611041 0.525039 0.660928 0.675594 0.573557 0.670501 0.698852 0.639775 0.556728 0.461287 0.458432 0.572545 0.596096 0.577766 0.539498 0.529369 0.550790 0.523397 0.497375 0.430095 0.609032 0.740514 0.777123 0.758271 0.667341 0.490439 0.512670 0.571867 0.729155 0.876891 0.948119 0.987707 0.933474 0.827665 0.653180 0.512548 0.000000 0.000000 0.532630 0.563321 0.653734 0.752019 0.770039 0.733163 0.607978 0.488743 0.000000 0.000000 0.000000 0.000000 0.000000 0.000000 0.000000 1.202187 0.382906 0.391604 0.409056 0.458783 0.606921 0.567503 0.595552 0.599143 0.642424 0.629471 0.513702 0.463721 0.424978 0.524506 0.528829 0.480057 0.000000 0.000000 0.000000 0.000000 0.000000 0.000000 0.000000 0.000000 0.000000 0.000000 0.000000 0.657440 0.890637 0.934080 0.891202 0.817152 0.716798 0.644772 0.543350 0.000000 0.000000 0.000000 0.000000 0.000000 0.000000 0.000000 0.000000 0.000000 0.000000 0.000000 0.000000 0.000000 0.000000 0.000000 0.000000 0.000000 0.000000 0.000000 0.000000 0.000000 0.000000 0.000000 0.000000 0.000000 0.000000 0.000000 0.000000 0.000000 0.000000 0.000000 0.000000 0.000000 0.000000 0.000000 0.000000 0.000000 0.000000 0.000000 0.000000 0.000000 0.000000 0.000000 0.000000 0.000000 0.000000 0.000000 0.000000 0.000000 0.000000 0.000000 0.000000 0.000000 0.000000 0.000000 0.000000 0.000000 0.000000 0.000000 0.000000 0.000000 0.000000 0.000000 0.000000 0.000000 0.000000 0.000000 0.000000 0.000000 0.000000 0.000000 0.000000 0.000000 0.000000 0.000000 0.000000 0.000000 0.000000 0.000000 0.000000 0.000000 0.000000 0.000000 0.000000 0.000000 0.000000 0.000000 0.000000 0.000000 0.000000 0.000000 0.000000 0.000000 0.000000 0.000000 0.000000 0.000000 0.000000 0.000000 0.000000 0.000000 0.000000 0.000000 0.000000 0.000000 0.000000 0.000000 0.000000 0.000000 0.000000 0.000000 0.000000 0.000000 0.000000 0.000000 0.000000 0.000000 0.000000 0.000000
0.521694 0.000000 0.000000 0.000000 0.000000 0.000000 0.000000 0.000000 0.000000 0.000000 0.000000 0.485085 0.614856 0.736732 1.208988 1.377537 1.428627 1.247268 0.994853 0.860438 0.877945 0.796247 0.675168 0.592026 0.591028 0.587047 0.475054 0.000000 0.673505 0.850474 1.318345 1.591660 1.050537 1.141517 0.800220 0.538571 0.658687 0.839493 0.789052 0.822319 0.823149 0.793711 0.774633 0.708255 0.615259 0.549318 0.549863 0.520206 0.518315 0.502382 0.469732 0.423123 0.000000 0.000000 0.000000 0.000000 0.000000 0.004000 0.709679 0.915456 0.873650 0.723287 0.000000 0.000000 0.000000 0.000000 0.452766 0.533731 0.535127 0.478232 0.446279 0.498312 0.686599 0.773264 0.811778 0.808681 0.702643 0.658387 0.743529 0.789921 0.795825 0.731747 0.755234 0.794998 0.743042 0.678089 0.565657 0.508132 0.600008 0.699105 0.747122 0.660843 0.741889 0.784938 0.738156 0.769205 0.581864 0.532453 0.686042 0.804033 0.848825 0.835247 0.779170 0.687531 0.531850 0.000000 0.000000 0.000000 0.425668 0.537032 0.742692 0.944336 1.029058 1.000685 0.869565 0.689932 0.492220 0.000000 0.000000 0.000000 0.000000 0.000000 0.000000 0.000000 0.000000 0.433684 0.479776 0.574433 0.649455 0.781106 0.807482 0.736599 0.694458 0.664592 0.572552 0.608874 0.430521 0.000000 0.000000 0.000000 0.000000 0.000000 0.000000 0.000000 0.000000 0.000000 0.000000 0.000000 0.000000 0.000000 0.000000 0.000000 0.453233 0.785647 0.931275 0.934495 0.858966 0.775445 0.688546 0.565690 0.428637 0.601122 0.000000 0.000000 0.000000 0.000000 0.000000 0.000000 0.000000 0.000000 0.000000 0.000000 0.000000 0.000000 0.000000 0.000000 0.000000 0.000000 0.000000 0.000000 0.000000 0.000000 0.000000 0.000000 0.000000 0.000000 0.000000 0.000000 0.000000 0.000000 0.000000 0.000000 0.000000 0.000000 0.000000 0.000000 0.000000 0.000000 0.000000 0.000000 0.000000 0.000000 0.000000 0.000000 0.000000 0.000000 0.000000 0.000000 0.000000 0.000000 0.000000 0.000000 0.000000 0.000000 0.000000 0.000000 0.000000 0.000000 0.000000 0.000000 0.000000 0.000000 0.000000 0.000000 0.000000 0.000000 0.000000 0.000000 0.000000 0.000000 0.000000 0.000000 0.000000 0.000000 0.000000 0.000000 0.000000 0.000000 0.000000 0.000000 0.000000 0.000000 0.000000 0.000000 0.000000 0.000000 0.000000 0.000000 0.000000 0.000000 0.000000 0.000000 0.000000 0.000000 0.000000 0.000000 0.000000 0.000000 0.000000 0.000000 0.000000 0.000000 0.000000 0.000000 0.000000 0.000000 0.000000 0.000000 0.000000 0.000000 0.000000 0.000000 0.000000 0.000000 0.000000 0.000000 0.000000 0.000000 0.000000 0.000000
0.503493 0.000000 0.000000 0.000000 0.000000 0.000000 0.000000 0.000000 0.000000 0.000000 0.000000 0.000000 0.000000 0.717231 0.772195 0.995238 1.037471 0.996728 0.989603 1.112721 1.092181 0.982916 0.932517 1.006003 1.003904 0.946235 0.837565 0.801957 0.979822 1.032118 1.256606 0.934734 0.775086 0.634128 0.634154 0.752119 0.852135 0.888644 0.918388 0.930054 0.956100 0.961735 0.895384 0.785513 0.653062 0.573420 0.522031 0.531421 0.496185 0.424412 0.000000 0.000000 0.000000 0.000000 0.000000 0.000000 0.000000 0.000000 0.531372 0.570997 0.439049 0.000000 0.000000 0.000000 0.000000 0.458940 0.582755 0.597775 0.569098 0.561651 0.594740 0.739497 0.841665 0.880461 0.858305 0.808066 0.718666 0.854278 0.935818 0.987264 0.977879 0.881813 0.858660 0.860437 0.739715 0.631449 0.462621 0.540048 0.756957 0.874736 0.894158 0.758482 0.747659 0.761753 0.672917 0.683147 0.719999 0.791585 0.780791 1.005457 0.752823 0.744997 0.658491 0.515053 0.000000 0.651825 0.611578 0.558564 0.520019 0.542368 0.597579 0.626151 0.567404 0.452733 0.000000 0.000000 0.000000 0.000000 0.000000 0.000000 0.000000 0.000000 0.000000 0.000000 0.000000 0.451178 0.662751 0.712263 0.709377 0.722722 0.709494 0.669077 0.679862 0.654339 0.606119 0.728779 0.427580 0.000000 0.000000 0.000000 0.000000 0.000000 0.000000 0.000000 0.000000 0.000000 0.437596 0.478875 0.480825 0.577088 0.000000 0.429295 0.621991 0.889223 1.005946 0.960374 0.823398 0.633962 0.425152 0.000000 0.402651 0.000000 0.000000 0.000000 0.000000 0.000000 0.000000 0.000000 0.000000 0.000000 0.000000 0.000000 0.000000 0.000000 0.000000 0.000000 0.000000 0.000000 0.000000 0.000000 0.000000 0.000000 0.000000 0.000000 0.000000 0.000000 0.000000 0.000000 0.000000 0.000000 0.000000 0.000000 0.000000 0.000000 0.000000 0.000000 0.000000 0.000000 0.000000 0.000000 0.000000 0.000000 0.000000 0.000000 0.000000 0.000000 0.000000 0.000000 0.000000 0.000000 0.000000 0.000000 0.000000 0.000000 0.000000 0.000000 0.000000 0.000000 0.000000 0.000000 0.000000 0.000000 0.000000 0.000000 0.000000 0.000000 0.000000 0.000000 0.000000 0.000000 0.000000 0.000000 0.000000 0.000000 0.000000 0.000000 0.000000 0.000000 0.000000 0.000000 0.000000 0.000000 0.000000 0.000000 0.000000 0.000000 0.000000 0.000000 0.000000 0.000000 0.000000 0.000000 0.000000 0.000000 0.000000 0.000000 0.000000 0.000000 0.000000 0.000000 0.000000 0.000000 0.000000 0.000000 0.000000 0.000000 0.000000 0.000000 0.000000 0.000000 0.000000 0.000000 0.000000 0.000000 0.000000 0.000000 0.000000 0.000000 0.000000 0.000000
0.000000 0.000000 0.000000 0.000000 0.000000 0.000000 0.000000 0.000000 0.000000 0.000000 0.000000 0.000000 0.000000 0.821553 0.724738 0.000000 0.000000 0.004000 1.076378 1.116290 1.129034 0.956098 1.123121 1.150780 1.151435 1.092715 0.984273 0.994731 1.139201 1.165301 1.116073 0.985528 0.833607 0.710767 0.672292 0.810443 0.917255 0.965972 0.876075 0.895163 1.110585 0.996081 0.867274 0.745770 0.596859 0.493905 0.422476 0.383461 0.000000 0.000000 0.000000 0.000000 0.000000 0.000000 0.000000 0.000000 0.000000 0.000000 0.000000 0.000000 0.000000 0.000000 0.000000 0.000000 0.000000 0.466171 0.620245 0.601852 0.666838 0.676606 0.680026 0.790194 0.834908 0.835780 0.791286 0.771586 0.744071 0.925723 1.047242 1.072488 1.049934 0.886071 0.668704 0.512607 0.000000 0.000000 0.000000 0.678764 0.861448 0.889292 0.840949 0.708001 0.442731 0.634685 0.703243 0.885230 0.954783 0.910755 0.838638 0.736072 0.650507 0.549773 0.000000 0.000000 0.472293 0.688072 0.693464 0.620745 0.521048 0.000000 0.000000 0.000000 0.000000 0.000000 0.000000 0.000000 0.000000 0.000000 0.000000 0.000000 0.000000 0.000000 0.000000 0.000000 0.000000 0.618603 0.754771 0.796062 0.741424 0.685185 0.641239 0.626431 0.653850 0.704414 0.771285 0.781032 0.765465 0.689448 0.645448 0.515922 0.000000 0.000000 0.000000 0.424449 0.595174 0.680971 0.699909 0.676617 0.621999 0.610770 0.610327 0.650365 0.605627 0.718509 0.710342 0.589633 0.000000 0.000000 0.000000 0.000000 0.000000 0.000000 0.465764 0.512278 0.000000 0.000000 0.000000 0.000000 0.000000 0.000000 0.000000 0.000000 0.000000 0.000000 0.000000 0.000000 0.000000 0.000000 0.000000 0.000000 0.000000 0.000000 0.000000 0.000000 0.000000 0.000000 0.000000 0.000000 0.000000 0.000000 0.000000 0.000000 0.000000 0.000000 0.000000 0.000000 0.000000 0.000000 0.000000 0.000000 0.000000 0.000000 0.000000 0.000000 0.000000 0.000000 0.000000 0.000000 0.000000 0.000000 0.000000 0.000000 0.000000 0.000000 0.000000 0.000000 0.000000 0.000000 0.000000 0.000000 0.000000 0.000000 0.000000 0.000000 0.000000 0.000000 0.000000 0.000000 0.000000 0.000000 0.000000 0.000000 0.000000 0.000000 0.000000 0.000000 0.000000 0.000000 0.000000 0.000000 0.000000 0.000000 0.000000 0.000000 0.000000 0.000000 0.000000 0.000000 0.000000 0.000000 0.000000 0.000000 0.000000 0.000000 0.000000 0.000000 0.000000 0.000000 0.000000 0.000000 0.000000 0.000000 0.000000 0.000000 0.000000 0.000000 0.000000 0.000000 0.000000 0.000000 0.000000 0.000000 0.000000 0.000000 0.000000 0.000000 0.000000 0.000000 0.000000 0.000000
0.000000 0.000000 0.000000 0.000000 0.000000 0.000000 0.000000 0.000000 0.000000 0.000000 0.000000 0.000000 0.000000 0.000000 0.583232 0.000000 0.454085 0.434331 0.000000 1.348986 1.227166 1.244453 1.202842 1.168798 1.062663 1.040075 0.979980 0.976934 0.996730 0.934122 0.841835 0.803960 0.814164 0.753086 0.664981 0.768909 0.782209 0.997606 0.767497 0.863277 0.858581 0.779399 0.641062 0.619372 0.624201 0.605051 0.598185 0.590982 0.563954 0.460507 0.411139 0.000000 0.000000 0.000000 0.000000 0.000000 0.000000 0.000000 0.000000 0.000000 0.000000 0.392681 0.000000 0.000000 0.449490 0.546916 0.791066 0.808670 0.862119 0.801156 0.655403 0.622365 0.662771 0.617492 0.547955 0.676738 0.652575 0.569575 0.731357 0.734227 0.583017 0.448612 0.000000 0.000000 0.400663 0.411263 0.000000 0.665311 0.855368 0.851379 0.725826 0.535034 0.149652 0.742084 0.803997 0.793149 0.775406 0.769034 0.717486 0.619512 0.540405 0.431859 0.000000 0.408567 0.417002 0.412171 0.000000 0.000000 0.000000 0.000000 0.409101 0.415062 0.398122 0.393590 0.405757 0.418566 0.427753 0.430470 0.423657 0.480596 0.389388 0.000000 0.390737 0.000000 0.550555 0.730175 0.754695 0.725247 0.725378 0.579602 0.452297 0.588300 0.521126 0.588116 0.651855 0.679008 0.640574 0.606758 0.651684 0.645304 0.601152 0.592240 0.573700 0.751890 0.774928 0.850045 0.807984 0.684042 0.711730 0.725992 0.751598 0.734369 0.686459 0.695904 0.598337 0.000000 0.000000 0.000000 0.000000 0.000000 0.000000 0.000000 0.000000 0.000000 0.000000 0.000000 0.000000 0.000000 0.000000 0.000000 0.000000 0.000000 0.000000 0.000000 0.000000 0.000000 0.000000 0.000000 0.000000 0.000000 0.000000 0.000000 0.000000 0.000000 0.000000 0.000000 0.000000 0.000000 0.000000 0.000000 0.000000 0.000000 0.000000 0.000000 0.000000 0.000000 0.000000 0.000000 0.000000 0.000000 0.000000 0.000000 0.000000 0.000000 0.000000 0.000000 0.000000 0.000000 0.000000 0.000000 0.000000 0.000000 0.000000 0.000000 0.000000 0.000000 0.000000 0.000000 0.000000 0.000000 0.000000 0.000000 0.000000 0.000000 0.000000 0.000000 0.000000 0.000000 0.000000 0.000000 0.000000 0.000000 0.000000 0.000000 0.000000 0.000000 0.000000 0.000000 0.000000 0.000000 0.000000 0.000000 0.000000 0.000000 0.000000 0.000000 0.000000 0.000000 0.000000 0.000000 0.000000 0.000000 0.000000 0.000000 0.000000 0.000000 0.000000 0.000000 0.000000 0.000000 0.000000 0.000000 0.000000 0.000000 0.000000 0.000000 0.000000 0.000000 0.000000 0.000000 0.000000 0.000000 0.000000 0.000000 0.000000 0.000000 0.000000 0.000000 0.000000 0.000000
0.000000 0.000000 0.000000 0.000000 0.000000 0.000000 0.000000 0.000000 0.000000 0.000000 0.000000 0.000000 0.000000 0.000000 0.000000 0.000000 0.000000 0.000000 0.004000 0.713164 0.871887 1.003505 1.042047 1.034645 0.864438 0.796215 0.726681 0.617627 0.549393 0.473253 0.452759 0.435874 0.434745 0.453638 0.491665 0.464516 0.412138 0.526644 0.687302 0.582225 0.593176 0.671790 0.704003 0.710784 0.738135 0.761038 0.776321 0.766861 0.726438 0.634392 0.479393 0.400106 0.000000 0.000000 0.000000 0.000000 0.000000 0.000000 0.000000 0.445626 0.466229 0.456095 0.428566 0.516200 0.573633 0.930477 0.997349 0.913541 0.904814 0.810624 0.621531 0.000000 0.512734 0.501822 0.488407 0.447908 0.000000 0.683203 0.445519 0.000000 0.464711 0.411052 0.467617 0.506603 0.513250 0.599960 0.599858 0.519819 0.758876 0.702065 0.000000 0.000000 0.000000 0.000000 0.000000 0.000000 0.000000 0.000000 0.000000 0.000000 0.000000 0.416763 0.461685 0.468433 0.463579 0.457739 0.450415 0.519779 0.507124 0.478424 0.504661 0.498614 0.489839 0.503729 0.520386 0.586291 0.597604 0.597956 0.591512 0.576465 0.583698 0.557019 0.557242 0.592295 0.629039 0.643147 0.661660 0.630832 0.569095 0.504685 0.474358 0.828082 0.677383 0.713354 0.699604 0.656140 0.538105 0.000000 0.480437 0.637180 0.755032 0.797826 0.832823 0.974178 0.907832 0.707122 0.666619 0.657563 0.655303 0.679494 0.659547 0.804553 0.846828 0.794990 0.654240 0.545384 0.602090 0.467332 0.515887 0.000000 0.000000 0.000000 0.000000 0.000000 0.000000 0.000000 0.482416 0.431105 0.000000 0.000000 0.000000 0.000000 0.000000 0.000000 0.000000 0.000000 0.000000 0.000000 0.000000 0.000000 0.000000 0.000000 0.000000 0.000000 0.000000 0.000000 0.000000 0.000000 0.000000 0.000000 0.000000 0.000000 0.000000 0.000000 0.000000 0.000000 0.000000 0.000000 0.000000 0.000000 0.000000 0.000000 0.000000 0.000000 0.000000 0.000000 0.000000 0.000000 0.000000 0.000000 0.000000 0.000000 0.000000 0.000000 0.000000 0.000000 0.000000 0.000000 0.000000 0.000000 0.000000 0.000000 0.000000 0.000000 0.000000 0.000000 0.000000 0.000000 0.000000 0.000000 0.000000 0.000000 0.000000 0.000000 0.000000 0.000000 0.000000 0.000000 0.000000 0.000000 0.000000 0.000000 0.000000 0.000000 0.000000 0.000000 0.000000 0.000000 0.000000 0.000000 0.000000 0.000000 0.000000 0.000000 0.000000 0.000000 0.000000 0.000000 0.000000 0.000000 0.000000 0.000000 0.000000 0.000000 0.000000 0.000000 0.000000 0.000000 0.000000 0.000000 0.000000 0.000000 0.000000 0.000000 0.000000 0.000000 0.000000 0.000000 0.000000 0.000000
0.000000 0.000000 0.000000 0.000000 0.000000 0.000000 0.000000 0.000000 0.000000 0.000000 0.000000 0.000000 0.000000 0.000000 0.000000 0.000000 0.000000 0.000000 0.004000 0.916238 1.057231 1.045085 0.932963 0.923543 0.998022 0.964165 0.858565 0.780701 0.756634 0.697887 0.618028 0.540044 0.460402 0.000000 0.446066 0.502905 0.511678 0.547369 0.528086 0.516628 0.650106 0.717828 0.765269 0.783582 0.797878 0.801507 0.778850 0.744100 0.671867 0.572664 0.470702 0.000000 0.000000 0.000000 0.000000 0.000000 0.437539 0.433506 0.000000 0.453588 0.472967 0.457466 0.478315 0.571101 0.607975 1.230914 0.990271 0.804627 0.697498 0.614137 0.491630 0.000000 0.000000 0.000000 0.503715 0.000000 0.435050 1.038387 0.648499 0.605856 0.577695 0.634826 0.653138 0.649686 0.630000 0.597069 0.596564 0.559440 0.458021 0.402939 0.000000 0.000000 0.000000 0.000000 0.000000 0.000000 0.000000 0.000000 0.000000 0.412673 0.473035 0.506853 0.512138 0.509484 0.505614 0.505959 0.649204 0.688863 0.708784 0.703122 0.830517 0.669148 0.649793 0.646262 0.677761 0.686294 0.701598 0.699164 0.680809 0.714735 0.729534 0.677555 0.678572 0.670274 1.253918 0.919984 0.667552 0.633604 0.687566 0.582916 0.553617 0.725075 0.798173 0.806828 0.744374 0.658148 0.468789 0.000000 0.000000 0.633822 0.791686 0.916736 0.994060 0.955980 0.828637 0.817033 1.012848 1.003456 0.788763 0.724029 0.663891 0.685295 0.899544 0.673214 0.597117 0.519459 0.531763 0.503647 0.494083 0.422164 0.000000 0.000000 0.000000 0.000000 0.382549 0.477938 0.515959 0.516199 0.000000 0.000000 0.000000 0.000000 0.000000 0.000000 0.000000 0.000000 0.000000 0.000000 0.000000 0.000000 0.000000 0.000000 0.000000 0.000000 0.000000 0.000000 0.000000 0.000000 0.000000 0.000000 0.000000 0.000000 0.000000 0.000000 0.000000 0.000000 0.000000 0.000000 0.000000 0.000000 0.000000 0.000000 0.000000 0.000000 0.000000 0.000000 0.000000 0.000000 0.000000 0.000000 0.000000 0.000000 0.000000 0.000000 0.000000 0.000000 0.000000 0.000000 0.000000 0.000000 0.000000 0.000000 0.000000 0.000000 0.000000 0.000000 0.000000 0.000000 0.000000 0.000000 0.000000 0.000000 0.000000 0.000000 0.000000 0.000000 0.000000 0.000000 0.000000 0.000000 0.000000 0.000000 0.000000 0.000000 0.000000 0.000000 0.000000 0.000000 0.000000 0.000000 0.000000 0.000000 0.000000 0.000000 0.000000 0.000000 0.000000 0.000000 0.000000 0.000000 0.000000 0.000000 0.000000 0.000000 0.000000 0.000000 0.000000 0.000000 0.000000 0.000000 0.000000 0.000000 0.000000 0.000000 0.000000 0.000000 0.000000 0.000000 0.000000 0.000000
0.000000 0.000000 0.000000 0.000000 0.000000 0.000000 0.000000 0.000000 0.000000 0.000000 0.000000 0.000000 0.130449 0.000000 0.000000 0.683167 0.457883 0.564125 0.724061 1.064473 1.109475 1.117692 0.904014 0.858931 1.025778 0.944067 0.918651 0.935327 0.915508 0.867354 0.800568 0.720945 0.681338 0.661811 0.714198 0.770555 0.704950 0.680129 0.730309 0.900139 0.819564 0.740281 0.812448 0.850666 0.857347 0.843652 0.814466 0.755657 0.662554 0.552715 0.386740 0.000000 0.000000 0.000000 0.000000 0.481845 0.551320 0.540205 0.422092 0.000000 0.386970 0.447951 0.519285 0.553745 0.481118 0.531366 0.815247 0.809748 0.526899 0.481506 0.437605 0.000000 0.520144 0.486231 0.961903 0.698364 0.688259 0.751487 0.797634 0.837717 0.870911 0.873083 0.829670 0.751733 0.667216 0.609628 0.580645 0.500176 0.453843 0.000000 0.000000 0.000000 0.000000 0.000000 0.000000 0.000000 0.528486 0.539129 0.583060 0.531930 0.548904 0.596514 0.585636 0.544622 0.546679 0.647125 0.722180 0.845587 0.867661 0.847820 0.892910 0.777563 0.745218 0.724886 0.730471 0.733654 0.717397 0.772342 0.849566 0.904102 0.935040 0.911714 0.920028 0.920705 1.275691 0.856572 0.820053 0.832835 0.761023 0.701245 0.615737 0.692821 0.534539 0.669038 0.583921 0.517988 0.410123 0.000000 0.445427 0.582638 0.728456 0.814444 0.880180 1.004195 1.109620 1.136372 1.184640 1.133138 1.038308 0.930619 0.901115 0.739652 0.722063 0.720412 0.641216 0.556655 0.519169 0.643140 0.000000 0.000000 0.000000 0.000000 0.000000 0.000000 0.442259 0.386815 0.000000 0.000000 0.000000 0.000000 0.000000 0.000000 0.000000 0.000000 0.000000 0.000000 0.000000 0.000000 0.000000 0.000000 0.000000 0.000000 0.000000 0.000000 0.000000 0.000000 0.000000 0.000000 0.000000 0.000000 0.000000 0.000000 0.000000 0.000000 0.000000 0.000000 0.000000 0.000000 0.000000 0.000000 0.000000 0.000000 0.000000 0.000000 0.000000 0.000000 0.000000 0.000000 0.000000 0.000000 0.000000 0.000000 0.000000 0.000000 0.000000 0.000000 0.000000 0.000000 0.000000 0.000000 0.000000 0.000000 0.000000 0.000000 0.000000 0.000000 0.000000 0.000000 0.000000 0.000000 0.000000 0.000000 0.000000 0.000000 0.000000 0.000000 0.000000 0.000000 0.000000 0.000000 0.000000 0.000000 0.000000 0.000000 0.000000 0.000000 0.000000 0.000000 0.000000 0.000000 0.000000 0.000000 0.000000 0.000000 0.000000 0.000000 0.000000 0.000000 0.000000 0.000000 0.000000 0.000000 0.000000 0.000000 0.000000 0.000000 0.000000 0.000000 0.000000 0.000000 0.000000 0.000000 0.000000 0.000000 0.000000 0.000000 0.000000 0.000000 0.000000 0.000000
0.000000 0.000000 0.000000 0.000000 0.000000 0.000000 0.000000 0.000000 0.000000 0.000000 0.512950 0.000000 0.575910 0.537420 0.561965 0.635348 0.614943 0.632242 0.829082 0.959350 1.126773 1.065995 0.961237 0.816798 0.836930 0.799399 1.011917 1.031150 0.998271 0.982191 0.908852 0.877338 0.894107 0.849298 0.904543 0.833090 0.855296 0.882822 0.763702 0.842411 0.914459 0.919588 0.954321 0.908564 0.893868 0.842747 0.764511 0.676770 0.588557 0.529930 0.383610 0.000000 0.000000 0.000000 0.603483 0.688391 0.669324 0.626783 0.495446 0.000000 0.000000 0.000000 0.433211 0.487006 0.455413 0.000000 0.000000 0.000000 0.000000 0.421781 0.479603 0.494563 0.977134 0.764385 0.762537 0.804644 0.864324 0.916759 0.940146 0.892210 0.802617 0.687751 0.616171 0.564419 0.459044 0.000000 0.000000 0.000000 0.000000 0.000000 0.000000 0.000000 0.000000 0.000000 0.000000 0.000000 0.596549 0.808205 0.855223 0.607637 0.603562 0.871858 0.670274 0.596119 0.548671 0.631938 0.785589 0.936515 0.967183 0.955480 0.986711 0.810167 0.713832 0.670529 0.660624 0.616884 1.162806 0.820213 0.938422 0.996081 1.067320 1.060323 1.027942 1.008885 1.017139 0.929248 0.894736 0.896689 0.703702 0.638471 0.544074 0.638919 0.602917 0.497226 0.429036 0.569413 0.000000 0.000000 0.000000 0.573087 0.690978 0.710763 0.856454 1.042561 1.060586 1.142023 1.345304 1.359217 1.253307 1.131191 0.991356 0.899611 0.928171 1.010858 0.863427 0.561202 0.639002 0.621457 0.645872 0.448339 0.000000 0.000000 0.459423 0.501520 0.467940 0.000000 0.000000 0.000000 0.000000 0.000000 0.000000 0.000000 0.000000 0.000000 0.000000 0.000000 0.000000 0.000000 0.000000 0.000000 0.000000 0.000000 0.000000 0.000000 0.000000 0.000000 0.000000 0.000000 0.000000 0.000000 0.000000 0.000000 0.000000 0.000000 0.000000 0.000000 0.000000 0.000000 0.000000 0.000000 0.000000 0.000000 0.000000 0.000000 0.000000 0.000000 0.000000 0.000000 0.000000 0.000000 0.000000 0.000000 0.000000 0.000000 0.000000 0.000000 0.000000 0.000000 0.000000 0.000000 0.000000 0.000000 0.000000 0.000000 0.000000 0.000000 0.000000 0.000000 0.000000 0.000000 0.000000 0.000000 0.000000 0.000000 0.000000 0.000000 0.000000 0.000000 0.000000 0.000000 0.000000 0.000000 0.000000 0.000000 0.000000 0.000000 0.000000 0.000000 0.000000 0.000000 0.000000 0.000000 0.000000 0.000000 0.000000 0.000000 0.000000 0.000000 0.000000 0.000000 0.000000 0.000000 0.000000 0.000000 0.000000 0.000000 0.000000 0.000000 0.000000 0.000000 0.000000 0.000000 0.000000 0.000000 0.000000 0.000000 0.000000 0.000000 0.000000 0.000000
0.000000 0.000000 0.000000 0.000000 0.000000 0.000000 0.000000 0.000000 0.000000 0.000000 0.799860 0.642333 0.686849 0.725937 0.754461 0.736338 0.707372 0.785381 1.052205 1.116550 1.006764 0.756725 0.664930 0.521451 0.571702 0.573715 0.679386 0.792600 0.763086 0.689749 0.592306 0.705859 0.911397 0.972463 0.909427 0.729354 0.622857 0.562526 0.726041 0.872791 0.972921 1.017079 1.019181 0.956457 0.865632 0.789615 0.698114 0.616025 0.643699 0.614973 0.536000 0.494752 0.445652 0.605148 0.700002 0.750009 0.687111 0.555598 0.383763 0.000000 0.000000 0.000000 0.000000 0.000000 0.000000 0.000000 0.000000 0.410119 0.517954 0.581085 0.615118 0.700108 0.802515 0.852762 0.827781 0.761301 0.765894 0.801747 0.793122 0.664823 0.464880 0.000000 0.000000 0.000000 0.000000 0.000000 0.000000 0.000000 0.000000 0.000000 0.000000 0.000000 0.000000 0.000000 0.000000 0.000000 0.000000 0.000000 0.408944 0.556758 0.694704 0.919403 0.761542 0.697118 0.591431 0.738125 0.817014 0.818091 0.828277 0.839337 0.787301 0.693850 0.540429 0.539875 0.515160 0.542622 0.582041 0.910615 0.791732 0.784715 1.021172 0.865309 0.826818 0.743199 0.686368 0.966662 1.072893 1.299869 0.833088 0.643797 0.512743 0.594157 0.534938 0.404475 0.000000 0.000000 0.000000 0.000000 0.000000 0.000000 0.467632 0.457821 0.667956 1.029433 1.291372 0.887370 1.045352 1.246455 0.863053 1.295951 1.157149 1.129540 0.951289 0.820823 0.954281 0.649593 0.775933 0.760639 0.658965 0.584673 0.563767 0.485443 0.468894 0.433328 0.000000 0.000000 0.000000 0.000000 0.000000 0.413016 0.000000 0.000000 0.000000 0.000000 0.000000 0.000000 0.000000 0.000000 0.000000 0.000000 0.000000 0.000000 0.000000 0.000000 0.000000 0.000000 0.000000 0.000000 0.000000 0.000000 0.000000 0.000000 0.000000 0.000000 0.000000 0.000000 0.000000 0.000000 0.000000 0.000000 0.000000 0.000000 0.000000 0.000000 0.000000 0.000000 0.000000 0.000000 0.000000 0.000000 0.000000 0.000000 0.000000 0.000000 0.000000 0.000000 0.000000 0.000000 0.000000 0.000000 0.000000 0.000000 0.000000 0.000000 0.000000 0.000000 0.000000 0.000000 0.000000 0.000000 0.000000 0.000000 0.000000 0.000000 0.000000 0.000000 0.000000 0.000000 0.000000 0.000000 0.000000 0.000000 0.000000 0.000000 0.000000 0.000000 0.000000 0.000000 0.000000 0.000000 0.000000 0.000000 0.000000 0.000000 0.000000 0.000000 0.000000 0.000000 0.000000 0.000000 0.000000 0.000000 0.000000 0.000000 0.000000 0.000000 0.000000 0.000000 0.000000 0.000000 0.000000 0.000000 0.000000 0.000000 0.000000 0.000000 0.000000 0.000000 0.000000 0.000000
0.000000 0.000000 0.000000 0.000000 0.436684 0.000000 0.000000 0.000000 0.494336 0.697368 0.857164 0.889597 0.903148 0.889507 0.866740 0.794599 0.775392 0.945346 1.277900 0.917809 0.902226 0.658902 0.643385 0.691513 0.669242 0.660747 0.685514 0.643459 0.555951 0.486839 0.565090 0.674981 0.725101 0.729370 0.731520 0.692442 0.600948 0.640905 0.829493 0.950726 1.004259 0.993500 0.936071 0.408618 0.363351 0.785332 0.731824 0.749683 0.709409 0.630082 0.568186 0.512111 0.476073 0.668860 0.678550 0.613748 0.467105 0.477454 0.466328 0.439427 0.399082 0.000000 0.000000 0.000000 0.000000 0.000000 0.316922 0.505553 0.589524 0.615534 0.616544 0.722449 0.773839 0.731969 0.595684 0.437366 0.000000 0.000000 0.000000 0.000000 0.000000 0.000000 0.000000 0.000000 0.000000 0.000000 0.000000 0.000000 0.000000 0.000000 0.000000 0.000000 0.000000 0.000000 0.000000 0.000000 0.000000 0.000000 0.000000 0.468111 0.511524 0.510046 0.516425 0.463874 0.000000 0.000000 0.455360 0.518033 0.515416 0.544890 0.524634 0.527483 0.487619 0.507604 0.611006 0.662834 0.696012 0.706825 0.623921 0.670529 0.890765 0.948715 0.905736 0.856909 0.648792 0.809238 0.946314 0.847620 0.812190 0.709591 0.561013 0.488513 0.401539 0.000000 0.000000 0.672738 0.000000 0.000000 0.000000 0.000000 0.000000 0.000000 0.634595 1.056498 1.109318 1.115276 1.205138 1.349390 1.145483 1.319655 1.266648 1.160847 1.020192 1.007612 0.777824 0.738360 0.676960 0.725012 0.669386 0.609587 0.511288 0.447254 0.000000 0.462177 0.469483 0.438882 0.473574 0.466512 0.657590 0.508069 0.000000 0.000000 0.000000 0.000000 0.000000 0.000000 0.000000 0.000000 0.000000 0.000000 0.000000 0.000000 0.000000 0.000000 0.000000 0.000000 0.000000 0.000000 0.000000 0.000000 0.000000 0.000000 0.000000 0.000000 0.000000 0.000000 0.000000 0.000000 0.000000 0.000000 0.000000 0.000000 0.000000 0.000000 0.000000 0.000000 0.000000 0.000000 0.000000 0.000000 0.000000 0.000000 0.000000 0.000000 0.000000 0.000000 0.000000 0.000000 0.000000 0.000000 0.000000 0.000000 0.000000 0.000000 0.000000 0.000000 0.000000 0.000000 0.000000 0.000000 0.000000 0.000000 0.000000 0.000000 0.000000 0.000000 0.000000 0.000000 0.000000 0.000000 0.000000 0.000000 0.000000 0.000000 0.000000 0.000000 0.000000 0.000000 0.000000 0.000000 0.000000 0.000000 0.000000 0.000000 0.000000 0.000000 0.000000 0.000000 0.000000 0.000000 0.000000 0.000000 0.000000 0.000000 0.000000 0.000000 0.000000 0.000000 0.000000 0.000000 0.000000 0.000000 0.000000 0.000000 0.000000 0.000000 0.000000 0.000000 0.000000 0.000000
0.000000 0.000000 0.000000 0.000000 0.468891 0.000000 0.593172 0.702891 0.816514 1.013334 1.327430 1.143095 1.115975 1.002614 0.868930 0.784966 0.731797 1.122133 0.635283 0.168679 0.128819 0.106672 0.241747 0.657340 0.296720 0.681487 0.637178 0.560264 0.721832 0.818562 0.824102 0.844668 0.779827 0.740228 0.696759 0.655076 0.639559 0.771915 0.880223 0.909454 0.881947 0.875476 0.868630 0.850830 0.874882 0.974988 0.926841 0.802643 0.683136 0.601358 0.552633 0.549362 0.564409 0.636146 0.669508 0.661131 0.621794 0.578330 0.557418 0.472416 0.437868 0.000000 0.000000 0.000000 0.000000 0.000000 0.000000 0.000000 0.000000 0.401702 0.000000 0.000000 0.000000 0.000000 0.000000 0.000000 0.000000 0.000000 0.000000 0.000000 0.000000 0.000000 0.000000 0.000000 0.000000 0.000000 0.000000 0.000000 0.000000 0.000000 0.000000 0.000000 0.000000 0.419260 0.396445 0.000000 0.000000 0.000000 0.000000 0.000000 0.000000 0.000000 0.000000 0.000000 0.000000 0.000000 0.000000 0.000000 0.509287 0.572770 0.558590 0.447201 0.000000 0.000000 0.000000 0.411034 0.463525 0.474914 0.000000 0.856295 1.023062 1.046554 1.052050 1.023939 0.819734 0.404276 0.553547 0.554399 0.746209 0.728041 0.000000 0.000000 0.000000 0.000000 0.000000 0.537547 0.585392 0.000000 0.000000 0.000000 0.000000 0.000000 0.553966 1.245701 0.928600 0.922869 1.259790 1.183687 1.266429 1.333948 1.193876 1.055329 0.960832 0.972346 0.760334 0.662732 0.598641 0.644928 0.696315 0.651931 0.630737 0.459722 0.000000 0.542960 0.571334 0.539632 0.532403 0.470397 0.000000 0.000000 0.000000 0.000000 0.000000 0.000000 0.000000 0.000000 0.000000 0.000000 0.000000 0.000000 0.000000 0.000000 0.000000 0.000000 0.000000 0.000000 0.000000 0.000000 0.000000 0.000000 0.000000 0.000000 0.000000 0.000000 0.000000 0.000000 0.000000 0.000000 0.000000 0.000000 0.000000 0.000000 0.000000 0.000000 0.000000 0.000000 0.000000 0.000000 0.000000 0.000000 0.000000 0.000000 0.000000 0.000000 0.000000 0.000000 0.000000 0.000000 0.000000 0.000000 0.000000 0.000000 0.000000 0.000000 0.000000 0.000000 0.000000 0.000000 0.000000 0.000000 0.000000 0.000000 0.000000 0.000000 0.000000 0.000000 0.000000 0.000000 0.000000 0.000000 0.000000 0.000000 0.000000 0.000000 0.000000 0.000000 0.000000 0.000000 0.000000 0.000000 0.000000 0.000000 0.000000 0.000000 0.000000 0.000000 0.000000 0.000000 0.000000 0.000000 0.000000 0.000000 0.000000 0.000000 0.000000 0.000000 0.000000 0.000000 0.000000 0.000000 0.000000 0.000000 0.000000 0.000000 0.000000 0.000000 0.000000 0.000000 0.000000 0.000000
0.000000 0.000000 0.000000 0.000000 0.462461 0.604768 0.830201 0.911816 1.014059 1.145820 1.200437 1.177334 1.104006 0.880006 0.752522 0.910111 0.526180 0.850663 0.475934 0.373745 0.197384 0.199641 0.272330 0.369414 0.420244 0.421540 0.702338 0.600923 0.718334 1.014024 1.141367 1.101122 0.826852 0.755484 0.717718 0.685529 0.669734 0.770843 0.824504 0.817222 0.832034 0.889570 0.848201 0.843170 0.903417 1.324364 1.152555 0.703830 0.626665 0.562100 0.602312 0.702545 0.702770 0.870623 1.328611 0.859123 0.765187 0.681947 0.603254 0.549610 0.485093 0.407985 0.000000 0.000000 0.000000 0.000000 0.000000 0.000000 0.000000 0.000000 0.000000 0.000000 0.000000 0.000000 0.000000 0.000000 0.000000 0.000000 0.000000 0.000000 0.000000 0.000000 0.000000 0.415283 0.424254 0.496131 0.483784 0.000000 0.000000 0.000000 0.000000 0.000000 0.507957 0.524549 0.516918 0.493579 0.417934 0.000000 0.593791 0.431502 0.381103 0.000000 0.000000 0.000000 0.000000 0.000000 0.004000 0.000000 0.000000 0.000000 0.000000 0.000000 0.000000 0.000000 0.000000 0.000000 0.000000 0.000000 0.000000 0.980882 0.657001 0.694200 0.705449 0.706222 0.512734 0.345488 0.000000 0.000000 0.000000 0.000000 0.000000 0.000000 0.000000 0.000000 0.000000 0.000000 0.000000 0.000000 0.000000 0.000000 0.000000 0.000000 0.000000 0.703037 0.546628 0.657684 0.964752 1.520822 1.080706 1.152390 0.848026 0.834100 0.974131 0.880947 0.811777 0.807793 0.783624 0.689431 0.754760 0.850122 0.868712 0.863037 0.711601 0.596094 0.651408 0.614893 0.494200 0.000000 0.000000 0.000000 0.000000 0.000000 0.000000 0.000000 0.000000 0.000000 0.000000 0.000000 0.000000 0.000000 0.000000 0.000000 0.000000 0.000000 0.000000 0.000000 0.000000 0.000000 0.000000 0.000000 0.000000 0.000000 0.000000 0.000000 0.000000 0.000000 0.000000 0.000000 0.000000 0.000000 0.000000 0.000000 0.000000 0.000000 0.000000 0.000000 0.000000 0.000000 0.000000 0.000000 0.000000 0.000000 0.000000 0.000000 0.000000 0.000000 0.000000 0.000000 0.000000 0.000000 0.000000 0.000000 0.000000 0.000000 0.000000 0.000000 0.000000 0.000000 0.000000 0.000000 0.000000 0.000000 0.000000 0.000000 0.000000 0.000000 0.000000 0.000000 0.000000 0.000000 0.000000 0.000000 0.000000 0.000000 0.000000 0.000000 0.000000 0.000000 0.000000 0.000000 0.000000 0.000000 0.000000 0.000000 0.000000 0.000000 0.000000 0.000000 0.000000 0.000000 0.000000 0.000000 0.000000 0.000000 0.000000 0.000000 0.000000 0.000000 0.000000 0.000000 0.000000 0.000000 0.000000 0.000000 0.000000 0.000000 0.000000 0.000000 0.000000 0.000000
0.000000 0.000000 0.000000 0.000000 0.741866 0.850857 0.903074 0.953756 1.164778 1.176896 1.088129 0.960494 0.819844 0.795303 0.627076 0.551733 0.533035 0.549764 0.457302 0.390347 0.301906 0.520659 0.599507 0.535761 0.451426 0.405489 0.387062 0.781853 0.497288 0.510669 0.771709 0.885453 0.858236 0.816264 0.885275 0.823309 0.721419 0.699363 0.663716 0.644577 0.734598 0.555671 0.563301 0.523540 0.442654 0.400293 0.506258 0.529115 0.586497 0.521719 0.660678 0.784753 0.855630 0.887641 0.899389 0.810392 0.670632 0.589909 0.545984 0.490097 0.000000 0.000000 0.569964 0.000000 0.000000 0.000000 0.000000 0.000000 0.000000 0.000000 0.000000 0.000000 0.000000 0.000000 0.000000 0.000000 0.000000 0.000000 0.000000 0.000000 0.000000 0.452522 0.485527 0.500530 0.563635 0.573242 0.581073 0.611933 0.609466 0.649344 0.693413 0.624454 0.828141 1.042967 0.935460 0.572440 0.496886 0.407763 0.356336 0.000000 0.371785 0.000000 0.000000 0.000000 0.000000 0.000000 0.000000 0.000000 0.000000 0.000000 0.000000 0.000000 0.000000 0.000000 0.000000 0.000000 0.000000 0.000000 0.000000 0.000000 0.000000 0.000000 0.000000 0.000000 0.000000 0.000000 0.000000 0.000000 0.607432 0.564149 0.000000 0.000000 0.465526 0.489809 0.468340 0.418488 0.000000 0.000000 0.000000 0.000000 0.000000 0.000000 0.000000 0.000000 0.000000 0.000000 0.491144 0.753358 0.980517 1.081700 1.038317 0.804687 0.688192 0.563883 0.490066 0.615864 0.708795 0.798008 0.899781 1.070728 1.137899 1.118486 0.941988 0.621291 0.696265 0.620799 0.542193 0.000000 0.000000 0.000000 0.000000 0.000000 0.000000 0.000000 0.000000 0.000000 0.000000 0.000000 0.000000 0.000000 0.000000 0.000000 0.000000 0.000000 0.000000 0.000000 0.000000 0.000000 0.000000 0.000000 0.000000 0.000000 0.000000 0.000000 0.000000 0.000000 0.000000 0.000000 0.000000 0.000000 0.000000 0.000000 0.000000 0.000000 0.000000 0.000000 0.000000 0.000000 0.000000 0.000000 0.000000 0.000000 0.000000 0.000000 0.000000 0.000000 0.000000 0.000000 0.000000 0.000000 0.000000 0.000000 0.000000 0.000000 0.000000 0.000000 0.000000 0.000000 0.000000 0.000000 0.000000 0.000000 0.000000 0.000000 0.000000 0.000000 0.000000 0.000000 0.000000 0.000000 0.000000 0.000000 0.000000 0.000000 0.000000 0.000000 0.000000 0.000000 0.000000 0.000000 0.000000 0.000000 0.000000 0.000000 0.000000 0.000000 0.000000 0.000000 0.000000 0.000000 0.000000 0.000000 0.000000 0.000000 0.000000 0.000000 0.000000 0.000000 0.000000 0.000000 0.000000 0.000000 0.000000 0.000000 0.000000 0.000000 0.000000 0.000000 0.000000 0.000000
0.000000 0.000000 0.000000 0.000000 0.704377 0.815944 0.873420 1.243925 1.077378 0.993446 0.855015 0.967846 1.091374 0.904769 0.323428 0.415737 0.475938 0.246337 0.211954 0.295861 0.453957 0.675585 0.557579 0.554230 0.537937 0.648338 0.659077 0.597756 0.574657 0.551180 0.516165 0.787055 0.467295 0.772327 0.762228 0.827171 0.710554 0.607667 0.483478 0.000000 0.440773 0.454283 0.442212 0.441159 0.482617 0.528581 0.540473 0.516784 0.482468 0.433355 0.478088 0.444451 0.485825 0.524807 0.446598 0.484401 0.506639 0.497365 0.454588 0.388824 0.000000 0.000000 0.000000 0.000000 0.000000 0.000000 0.000000 0.431946 0.000000 0.000000 0.000000 0.000000 0.000000 0.000000 0.550471 0.388607 0.374321 0.393015 0.385758 0.000000 0.502485 0.559560 0.574029 0.581918 0.596721 0.624853 0.663099 0.826555 0.871830 0.866860 0.837347 0.745831 1.090467 0.929110 0.653768 0.558077 0.507634 0.458261 0.000000 0.000000 0.000000 0.000000 0.000000 0.000000 0.000000 0.000000 0.000000 0.000000 0.000000 0.000000 0.000000 0.000000 0.000000 0.000000 0.000000 0.000000 0.000000 0.000000 0.000000 0.000000 0.000000 0.000000 0.000000 0.000000 0.000000 0.000000 0.000000 0.667701 0.000000 1.203466 0.476006 0.513571 0.543557 0.556401 0.535154 0.469392 0.414330 0.000000 0.000000 0.000000 0.000000 0.000000 0.000000 0.000000 0.000000 0.000000 0.000000 0.556898 0.741718 0.870440 0.938475 0.943147 0.805117 0.697429 0.592897 0.566863 0.673143 0.847215 0.809035 0.902998 0.988493 1.009766 0.782798 0.762118 0.791127 0.598761 0.527547 0.458871 0.000000 0.000000 0.000000 0.000000 0.000000 0.000000 0.000000 0.000000 0.000000 0.000000 0.000000 0.000000 0.000000 0.000000 0.000000 0.000000 0.000000 0.000000 0.000000 0.000000 0.000000 0.000000 0.000000 0.000000 0.000000 0.000000 0.000000 0.000000 0.000000 0.000000 0.000000 0.000000 0.000000 0.000000 0.000000 0.000000 0.000000 0.000000 0.000000 0.000000 0.000000 0.000000 0.000000 0.000000 0.000000 0.000000 0.000000 0.000000 0.000000 0.000000 0.000000 0.000000 0.000000 0.000000 0.000000 0.000000 0.000000 0.000000 0.000000 0.000000 0.000000 0.000000 0.000000 0.000000 0.000000 0.000000 0.000000 0.000000 0.000000 0.000000 0.000000 0.000000 0.000000 0.000000 0.000000 0.000000 0.000000 0.000000 0.000000 0.000000 0.000000 0.000000 0.000000 0.000000 0.000000 0.000000 0.000000 0.000000 0.000000 0.000000 0.000000 0.000000 0.000000 0.000000 0.000000 0.000000 0.000000 0.000000 0.000000 0.000000 0.000000 0.000000 0.000000 0.000000 0.000000 0.000000 0.000000 0.000000 0.000000 0.000000 0.000000 0.000000
0.440206 0.000000 0.000000 0.000000 0.605967 0.738447 0.868449 0.911899 1.151258 1.223624 1.140974 1.296922 1.421515 1.674104 0.720534 0.412205 0.704307 0.481817 0.327527 0.427808 0.559645 0.702896 0.619709 0.427192 0.467591 0.819937 0.873922 0.706313 0.510601 0.352608 0.349526 0.391535 0.414294 0.446079 0.463198 0.783469 0.665016 0.593557 0.484944 0.586541 0.632631 0.631777 0.616580 0.613120 0.624381 0.626410 0.603471 0.550662 0.546603 0.532939 0.448983 0.554174 0.529858 0.442095 0.453191 0.423361 0.000000 0.295503 0.630859 0.720956 0.691939 0.630174 0.568530 0.498476 0.428131 0.000000 0.000000 0.000000 0.000000 0.000000 0.000000 0.000000 0.000000 0.382725 0.000000 0.383542 0.401113 0.384909 0.000000 0.379732 0.580375 0.611242 0.644403 0.769194 0.730440 0.781822 0.846300 0.965475 0.994517 0.951406 0.883162 0.774410 0.587161 0.515849 0.431201 0.000000 0.000000 0.000000 0.000000 0.000000 0.000000 0.000000 0.000000 0.000000 0.000000 0.000000 0.000000 0.000000 0.000000 0.000000 0.000000 0.000000 0.000000 0.000000 0.000000 0.000000 0.000000 0.000000 0.000000 0.000000 0.000000 0.000000 0.000000 0.000000 0.000000 0.000000 0.000000 0.000000 0.000000 0.004000 0.000000 0.457777 0.453814 0.495429 0.524441 0.565051 0.477417 0.407406 0.434445 0.404531 0.000000 0.000000 0.000000 0.000000 0.000000 0.000000 0.000000 0.000000 0.000000 0.515930 0.743175 0.807500 0.934743 0.718978 0.675620 0.850402 0.649036 0.660264 0.647967 0.729735 0.789045 0.737996 0.799325 0.906524 0.875087 0.700449 0.517866 0.000000 0.000000 0.440472 0.490148 0.463382 0.421990 0.000000 0.000000 0.000000 0.000000 0.000000 0.000000 0.000000 0.000000 0.000000 0.000000 0.000000 0.000000 0.000000 0.000000 0.000000 0.000000 0.000000 0.000000 0.000000 0.000000 0.000000 0.000000 0.000000 0.000000 0.000000 0.000000 0.000000 0.000000 0.000000 0.000000 0.000000 0.000000 0.000000 0.000000 0.000000 0.000000 0.000000 0.000000 0.000000 0.000000 0.000000 0.000000 0.000000 0.000000 0.000000 0.000000 0.000000 0.000000 0.000000 0.000000 0.000000 0.000000 0.000000 0.000000 0.000000 0.000000 0.000000 0.000000 0.000000 0.000000 0.000000 0.000000 0.000000 0.000000 0.000000 0.000000 0.000000 0.000000 0.000000 0.000000 0.000000 0.000000 0.000000 0.000000 0.000000 0.000000 0.000000 0.000000 0.000000 0.000000 0.000000 0.000000 0.000000 0.000000 0.000000 0.000000 0.000000 0.000000 0.000000 0.000000 0.000000 0.000000 0.000000 0.000000 0.000000 0.000000 0.000000 0.000000 0.000000 0.000000 0.000000 0.000000 0.000000 0.000000 0.000000 0.000000 0.000000
0.465592 0.000000 0.000000 0.000000 0.000000 0.441279 0.478599 1.340119 0.977017 1.232777 1.267688 1.109314 0.890328 1.304876 1.277759 0.755608 0.777623 0.534333 0.522198 0.614794 0.688481 0.574807 0.612176 0.628876 0.221995 0.492179 0.583114 0.501543 0.388656 0.330402 0.304479 0.308280 0.325727 0.429773 0.826901 0.725212 0.616723 0.575925 0.700568 0.775454 0.784965 0.767217 0.765890 0.753067 0.713667 0.690965 0.677068 0.654183 0.621547 0.573658 0.519170 0.552932 0.530841 0.494227 0.465950 0.413830 0.608191 0.909924 1.018659 1.035681 0.950046 0.840934 0.733692 0.612739 0.536237 0.441258 0.381861 0.000000 0.000000 0.000000 0.000000 0.000000 0.000000 0.000000 0.000000 0.000000 0.000000 0.381312 0.502004 0.539978 0.552948 0.529286 0.554753 0.637484 0.700330 0.729368 0.700871 0.710412 0.726856 0.644625 0.570153 0.459483 0.000000 0.000000 0.000000 0.000000 0.000000 0.000000 0.000000 0.000000 0.000000 0.000000 0.000000 0.000000 0.000000 0.000000 0.000000 0.000000 0.000000 0.000000 0.000000 0.000000 0.000000 0.000000 0.000000 0.000000 0.000000 0.471942 0.544923 0.507030 0.413731 0.000000 0.000000 0.000000 0.000000 0.000000 0.000000 0.000000 0.000000 0.000000 0.000000 0.000000 0.000000 0.000000 0.454640 0.505648 0.436439 0.000000 0.000000 0.000000 0.000000 0.000000 0.000000 0.000000 0.000000 0.000000 0.000000 0.000000 0.000000 0.624947 0.834501 0.926671 0.880092 0.797678 0.737753 0.695641 0.761729 0.720189 0.799591 0.960901 0.987487 0.999322 0.987650 0.866632 0.902172 0.650917 0.454350 0.000000 0.499251 0.529945 0.541015 0.472625 0.000000 0.000000 0.383335 0.000000 0.000000 0.000000 0.000000 0.000000 0.000000 0.000000 0.000000 0.000000 0.000000 0.000000 0.000000 0.000000 0.000000 0.000000 0.000000 0.000000 0.000000 0.000000 0.000000 0.000000 0.000000 0.000000 0.000000 0.000000 0.000000 0.000000 0.000000 0.000000 0.000000 0.000000 0.000000 0.000000 0.000000 0.000000 0.000000 0.000000 0.000000 0.000000 0.000000 0.000000 0.000000 0.000000 0.000000 0.000000 0.000000 0.000000 0.000000 0.000000 0.000000 0.000000 0.000000 0.000000 0.000000 0.000000 0.000000 0.000000 0.000000 0.000000 0.000000 0.000000 0.000000 0.000000 0.000000 0.000000 0.000000 0.000000 0.000000 0.000000 0.000000 0.000000 0.000000 0.000000 0.000000 0.000000 0.000000 0.000000 0.000000 0.000000 0.000000 0.000000 0.000000 0.000000 0.000000 0.000000 0.000000 0.000000 0.000000 0.000000 0.000000 0.000000 0.000000 0.000000 0.000000 0.000000 0.000000 0.000000 0.000000 0.000000 0.000000 0.000000 0.000000 0.000000 0.000000 0.000000
0.494407 0.452459 0.469215 0.000000 0.000000 0.501959 0.637971 0.768857 0.972475 1.235595 1.360964 1.041943 0.418681 0.974985 1.034634 1.159733 0.804724 1.116745 0.559170 0.443808 0.305782 0.192498 0.187173 0.255933 0.253264 0.384014 0.285508 0.719154 0.377800 0.362575 0.336318 0.296682 0.559230 0.710983 0.669010 0.619674 0.651496 0.721744 0.906706 0.924248 0.922262 0.920854 0.904736 0.931816 0.882516 0.912813 0.850644 0.767128 0.819394 0.790464 0.738968 0.688759 0.642896 0.571737 0.511123 0.572087 0.829220 1.006306 1.068819 1.075572 0.996284 0.886710 0.762437 0.625506 0.537180 0.000000 0.000000 0.000000 0.000000 0.000000 0.000000 0.000000 0.000000 0.000000 0.000000 0.000000 0.000000 0.412419 0.471439 0.466152 0.442586 0.383794 0.625636 0.683592 0.679481 0.661268 0.568655 0.000000 0.000000 0.000000 0.000000 0.000000 0.000000 0.000000 0.000000 0.000000 0.000000 0.000000 0.000000 0.000000 0.000000 0.000000 0.000000 0.000000 0.000000 0.000000 0.000000 0.000000 0.000000 0.000000 0.000000 0.000000 0.000000 0.000000 0.000000 0.000000 0.000000 0.523089 0.589682 0.546339 0.429341 0.000000 0.000000 0.000000 0.000000 0.000000 0.000000 0.000000 0.000000 0.000000 0.000000 0.000000 0.000000 0.000000 0.596195 0.374121 0.000000 0.000000 0.000000 0.000000 0.000000 0.000000 0.000000 0.000000 0.000000 0.000000 0.000000 0.000000 0.601454 0.830047 0.863254 0.877102 0.897036 0.872755 0.846563 0.889221 0.800688 0.873466 0.959112 1.082208 1.183491 1.182148 1.123373 1.041821 0.917378 0.658559 0.443160 0.460606 0.498600 0.000000 0.678591 0.638652 0.000000 0.000000 0.000000 0.000000 0.000000 0.000000 0.000000 0.000000 0.000000 0.000000 0.000000 0.000000 0.000000 0.000000 0.000000 0.000000 0.000000 0.000000 0.000000 0.000000 0.000000 0.000000 0.000000 0.000000 0.000000 0.000000 0.000000 0.000000 0.000000 0.000000 0.000000 0.000000 0.000000 0.000000 0.000000 0.000000 0.000000 0.000000 0.000000 0.000000 0.000000 0.000000 0.000000 0.000000 0.000000 0.000000 0.000000 0.000000 0.000000 0.000000 0.000000 0.000000 0.000000 0.000000 0.000000 0.000000 0.000000 0.000000 0.000000 0.000000 0.000000 0.000000 0.000000 0.000000 0.000000 0.000000 0.000000 0.000000 0.000000 0.000000 0.000000 0.000000 0.000000 0.000000 0.000000 0.000000 0.000000 0.000000 0.000000 0.000000 0.000000 0.000000 0.000000 0.000000 0.000000 0.000000 0.000000 0.000000 0.000000 0.000000 0.000000 0.000000 0.000000 0.000000 0.000000 0.000000 0.000000 0.000000 0.000000 0.000000 0.000000 0.000000 0.000000 0.000000 0.000000 0.000000 0.000000 0.000000
0.570315 0.549971 0.564263 0.488034 0.489705 1.412887 0.629305 0.967876 0.900616 1.160513 1.367791 1.232351 1.084751 1.150789 1.366120 0.963088 1.034825 0.794234 0.783973 0.960012 0.780382 0.704964 0.384499 0.401659 0.403813 0.573493 0.482376 1.073690 0.683016 0.463409 0.721430 0.649090 0.757169 0.647375 0.545279 0.725857 0.789055 0.966686 1.063164 0.924933 0.879664 0.929667 0.981387 1.052917 1.112463 0.966476 0.898039 0.936764 0.914270 0.875398 0.792482 0.682602 0.582042 0.517050 0.678619 0.858939 0.558843 0.556828 0.456169 0.447328 0.423074 0.477659 0.000000 0.000000 0.000000 0.000000 0.000000 0.000000 0.000000 0.419011 0.000000 0.000000 0.000000 0.000000 0.000000 0.000000 0.000000 0.000000 0.000000 0.000000 0.000000 0.000000 0.431990 0.444984 0.000000 0.000000 0.000000 0.000000 0.000000 0.000000 0.000000 0.000000 0.000000 0.000000 0.000000 0.000000 0.000000 0.000000 0.421876 0.425045 0.425075 0.435685 0.436238 0.399777 0.000000 0.000000 0.000000 0.000000 0.000000 0.000000 0.000000 0.000000 0.312778 0.000000 0.526993 0.000000 0.000000 0.000000 0.000000 0.000000 0.000000 0.000000 0.000000 0.000000 0.000000 0.000000 0.000000 0.000000 0.000000 0.000000 0.000000 0.000000 0.000000 0.000000 0.438686 0.000000 0.000000 0.000000 0.000000 0.000000 0.000000 0.000000 0.000000 0.000000 0.452662 0.461460 0.453122 0.472830 0.700249 0.876768 0.875667 0.965031 0.978127 0.954683 0.919304 0.948469 0.871466 0.611986 0.600837 0.842326 1.118711 1.267194 1.201520 1.032213 0.834867 0.653440 0.611616 0.593524 0.540600 0.457175 0.000000 0.000000 0.000000 0.000000 0.000000 0.000000 0.000000 0.000000 0.000000 0.000000 0.000000 0.000000 0.000000 0.000000 0.000000 0.000000 0.000000 0.000000 0.000000 0.000000 0.000000 0.000000 0.000000 0.000000 0.000000 0.000000 0.000000 0.000000 0.000000 0.000000 0.000000 0.000000 0.000000 0.000000 0.000000 0.000000 0.000000 0.000000 0.000000 0.000000 0.000000 0.000000 0.000000 0.000000 0.000000 0.000000 0.000000 0.000000 0.000000 0.000000 0.000000 0.000000 0.000000 0.000000 0.000000 0.000000 0.000000 0.000000 0.000000 0.000000 0.000000 0.000000 0.000000 0.000000 0.000000 0.000000 0.000000 0.000000 0.000000 0.000000 0.000000 0.000000 0.000000 0.000000 0.000000 0.000000 0.000000 0.000000 0.000000 0.000000 0.000000 0.000000 0.000000 0.000000 0.000000 0.000000 0.000000 0.000000 0.000000 0.000000 0.000000 0.000000 0.000000 0.000000 0.000000 0.000000 0.000000 0.000000 0.000000 0.000000 0.000000 0.000000 0.000000 0.000000 0.000000 0.000000 0.000000 0.000000 0.000000 0.000000
0.597859 0.572166 0.582907 0.501615 0.499856 0.898028 0.578521 0.850875 0.886755 1.157134 1.467274 1.592618 1.445848 1.447076 1.365669 1.448626 1.507672 1.477308 1.416990 1.321968 1.441850 1.285151 0.686850 0.658356 0.692913 0.798874 0.995731 1.044635 0.959907 0.886128 0.939694 0.840136 0.790239 0.597508 0.291198 0.686974 0.736321 0.693517 0.666934 0.685276 0.485743 0.540612 0.595473 0.811748 0.777127 0.910598 0.858191 0.820218 0.784591 0.747049 0.695442 0.669506 0.599243 0.583718 0.615425 0.578197 0.573274 0.537035 0.495662 0.467848 0.507952 0.520635 0.544704 0.494167 0.545299 0.537819 0.497891 0.000000 0.000000 0.000000 0.000000 0.000000 0.000000 0.000000 0.000000 0.000000 0.000000 0.416376 0.000000 0.000000 0.000000 0.000000 0.000000 0.000000 0.000000 0.000000 0.000000 0.000000 0.000000 0.000000 0.000000 0.000000 0.000000 0.000000 0.000000 0.415897 0.000000 0.000000 0.489635 0.501909 0.497027 0.496267 0.454950 0.412186 0.000000 0.000000 0.000000 0.000000 0.000000 0.000000 0.000000 0.000000 0.000000 0.000000 0.414159 0.000000 0.000000 0.000000 0.000000 0.000000 0.000000 0.000000 0.000000 0.000000 0.000000 0.000000 0.000000 0.000000 0.000000 0.000000 0.000000 0.000000 0.000000 0.000000 0.000000 0.000000 0.000000 0.000000 0.000000 0.000000 0.000000 0.424550 0.428062 0.414638 0.420351 0.436688 0.423279 0.424657 0.567714 0.743167 0.748085 0.799284 0.818919 0.933081 0.920727 0.766927 0.721410 0.695115 0.635487 0.548025 0.740738 0.996199 0.972968 1.080511 0.926905 0.781755 0.736889 0.676741 0.601113 0.513653 0.000000 0.000000 0.000000 0.000000 0.000000 0.000000 0.000000 0.000000 0.000000 0.000000 0.000000 0.000000 0.000000 0.000000 0.000000 0.000000 0.000000 0.000000 0.000000 0.000000 0.000000 0.000000 0.000000 0.000000 0.000000 0.000000 0.000000 0.000000 0.000000 0.000000 0.000000 0.000000 0.000000 0.000000 0.000000 0.000000 0.000000 0.000000 0.000000 0.000000 0.000000 0.000000 0.000000 0.000000 0.000000 0.000000 0.000000 0.000000 0.000000 0.000000 0.000000 0.000000 0.000000 0.000000 0.000000 0.000000 0.000000 0.000000 0.000000 0.000000 0.000000 0.000000 0.000000 0.000000 0.000000 0.000000 0.000000 0.000000 0.000000 0.000000 0.000000 0.000000 0.000000 0.000000 0.000000 0.000000 0.000000 0.000000 0.000000 0.000000 0.000000 0.000000 0.000000 0.000000 0.000000 0.000000 0.000000 0.000000 0.000000 0.000000 0.000000 0.000000 0.000000 0.000000 0.000000 0.000000 0.000000 0.000000 0.000000 0.000000 0.000000 0.000000 0.000000 0.000000 0.000000 0.000000 0.000000 0.000000 0.000000 0.000000
0.604002 0.576191 0.583264 0.496407 0.775676 0.522077 0.568332 0.698964 0.972900 1.090787 1.480819 1.691891 1.670734 1.734315 1.780003 1.650917 1.643146 1.642705 1.340745 1.087023 0.967953 0.519116 0.635531 0.713910 1.106309 1.102910 1.119871 1.167202 1.090666 0.983545 0.988718 0.893699 0.817508 0.343167 0.273426 0.328923 0.316197 0.642787 0.340291 0.312528 0.307811 0.337260 0.615849 0.588799 0.721210 0.740025 0.757572 0.759743 0.843839 0.847620 0.889086 0.870998 0.746538 0.691238 0.641119 0.760431 0.738606 0.619446 0.512796 0.611100 0.644572 0.616525 0.614186 0.582164 0.602039 0.588270 0.536096 0.000000 0.000000 0.000000 0.381387 0.361389 0.000000 0.004000 0.000000 0.432740 0.491418 0.507307 0.494493 0.468917 0.410077 0.000000 0.000000 0.000000 0.000000 0.000000 0.000000 0.000000 0.000000 0.000000 0.000000 0.000000 0.401079 0.469333 0.517252 0.548515 0.502127 0.000000 0.422308 0.509172 0.678476 0.757509 0.536522 0.000000 0.000000 0.000000 0.000000 0.000000 0.000000 0.000000 0.000000 0.000000 0.000000 0.000000 0.000000 0.000000 0.000000 0.000000 0.000000 0.000000 0.000000 0.000000 0.000000 0.000000 0.000000 0.000000 0.000000 0.000000 0.000000 0.000000 0.000000 0.000000 0.000000 0.000000 0.000000 0.000000 0.000000 0.216845 0.000000 0.464803 0.498011 0.505244 0.500858 0.487124 0.465615 0.443380 0.409408 0.000000 0.000000 0.000000 0.000000 0.460351 0.631154 0.628301 0.571888 0.636487 0.709779 0.669540 0.610326 0.500403 0.525595 0.608006 0.776359 1.035004 1.097141 0.990677 0.844273 0.736778 0.631656 0.530658 0.000000 0.000000 0.000000 0.000000 0.000000 0.000000 0.000000 0.000000 0.000000 0.000000 0.000000 0.000000 0.000000 0.000000 0.000000 0.000000 0.000000 0.000000 0.000000 0.000000 0.000000 0.000000 0.000000 0.000000 0.000000 0.000000 0.000000 0.000000 0.000000 0.000000 0.000000 0.000000 0.000000 0.000000 0.000000 0.000000 0.000000 0.000000 0.000000 0.000000 0.000000 0.000000 0.000000 0.000000 0.000000 0.000000 0.000000 0.000000 0.000000 0.000000 0.000000 0.000000 0.000000 0.000000 0.000000 0.000000 0.000000 0.000000 0.000000 0.000000 0.000000 0.000000 0.000000 0.000000 0.000000 0.000000 0.000000 0.000000 0.000000 0.000000 0.000000 0.000000 0.000000 0.000000 0.000000 0.000000 0.000000 0.000000 0.000000 0.000000 0.000000 0.000000 0.000000 0.000000 0.000000 0.000000 0.000000 0.000000 0.000000 0.000000 0.000000 0.000000 0.000000 0.000000 0.000000 0.000000 0.000000 0.000000 0.000000 0.000000 0.000000 0.000000 0.000000 0.000000 0.000000 0.000000 0.000000 0.000000 0.000000 0.000000
0.589722 0.561471 0.565034 0.471011 0.484593 0.580002 0.760706 0.779211 0.834073 1.157017 1.148362 1.415993 1.588973 1.660190 1.666744 1.608430 1.438259 1.383269 1.236766 1.024232 0.910947 0.426592 0.510189 0.901056 0.948678 0.974851 0.964716 0.957124 0.914427 0.942671 1.088113 0.856723 0.486633 0.823742 0.768331 0.752298 0.700342 0.724942 0.765491 0.874282 0.716200 0.651142 0.602820 0.736308 0.821898 0.904061 0.973234 0.900292 0.960954 1.036878 1.067448 0.988802 0.797768 0.783700 0.800240 0.833675 0.771927 0.696047 0.659853 0.742059 0.748746 0.675354 0.639386 0.627087 0.505347 0.434880 0.000000 0.000000 0.000000 0.000000 0.000000 0.000000 0.000000 0.004000 0.000000 0.000000 0.000000 0.000000 0.000000 0.000000 0.467613 0.523668 0.493679 0.490432 0.424194 0.000000 0.000000 0.000000 0.000000 0.000000 0.000000 0.000000 0.484468 0.539857 0.564422 0.563548 0.534154 0.403518 0.000000 0.000000 0.000000 0.000000 0.000000 0.000000 0.000000 0.000000 0.000000 0.000000 0.000000 0.000000 0.000000 0.000000 0.000000 0.000000 0.000000 0.000000 0.000000 0.000000 0.000000 0.000000 0.000000 0.000000 0.000000 0.000000 0.000000 0.000000 0.000000 0.000000 0.646798 0.000000 0.000000 0.000000 0.000000 0.000000 0.000000 0.000000 0.000000 0.450381 0.490178 0.587792 0.611503 0.540299 0.540977 0.544539 0.535703 0.514599 0.471620 0.420621 0.000000 0.000000 0.000000 0.452906 0.523223 0.544779 0.619799 0.611747 0.620586 0.544296 0.490309 0.560931 0.552789 0.474711 0.511215 0.795470 0.877581 0.941983 0.857067 0.735754 0.623835 0.492754 0.000000 0.000000 0.000000 0.000000 0.000000 0.000000 0.000000 0.000000 0.000000 0.000000 0.000000 0.000000 0.000000 0.000000 0.000000 0.000000 0.000000 0.000000 0.000000 0.000000 0.000000 0.000000 0.000000 0.000000 0.000000 0.000000 0.000000 0.000000 0.000000 0.000000 0.000000 0.000000 0.000000 0.000000 0.000000 0.000000 0.000000 0.000000 0.000000 0.000000 0.000000 0.000000 0.000000 0.000000 0.000000 0.000000 0.000000 0.000000 0.000000 0.000000 0.000000 0.000000 0.000000 0.000000 0.000000 0.000000 0.000000 0.000000 0.000000 0.000000 0.000000 0.000000 0.000000 0.000000 0.000000 0.000000 0.000000 0.000000 0.000000 0.000000 0.000000 0.000000 0.000000 0.000000 0.000000 0.000000 0.000000 0.000000 0.000000 0.000000 0.000000 0.000000 0.000000 0.000000 0.000000 0.000000 0.000000 0.000000 0.000000 0.000000 0.000000 0.000000 0.000000 0.000000 0.000000 0.000000 0.000000 0.000000 0.000000 0.000000 0.000000 0.000000 0.000000 0.000000 0.000000 0.000000 0.000000 0.000000 0.000000 0.000000
0.552465 0.514094 0.514007 0.410908 0.547620 0.632769 0.749921 0.834567 0.835267 0.941355 1.043605 1.110967 1.124317 1.301608 1.305025 1.218184 1.123761 1.130258 1.061672 0.948868 0.767501 0.912386 0.522146 0.526294 0.485330 0.333476 0.393498 0.351951 0.524733 0.615231 0.931312 0.905559 0.888726 0.569699 0.550350 0.837225 0.945837 0.699855 0.699777 0.687925 0.648073 0.595852 0.541445 0.788889 0.896040 0.954722 0.939041 0.910595 0.995973 1.019765 0.950529 0.796413 0.741756 0.841314 0.841994 0.748511 0.587196 0.630745 0.645476 0.750306 0.705213 0.643680 0.538251 0.472931 0.392037 0.000000 0.000000 0.000000 0.000000 0.000000 0.000000 0.000000 0.000000 0.000000 0.000000 0.000000 0.000000 0.000000 0.000000 0.000000 0.492099 0.599368 0.621203 0.576382 0.498608 0.000000 0.000000 0.000000 0.000000 0.000000 0.000000 0.000000 0.424687 0.458358 0.413758 0.000000 0.000000 0.000000 0.000000 0.000000 0.000000 0.000000 0.000000 0.000000 0.000000 0.000000 0.000000 0.000000 0.000000 0.000000 0.000000 0.000000 0.000000 0.000000 0.000000 0.000000 0.000000 0.000000 0.000000 0.000000 0.000000 0.000000 0.000000 0.000000 0.000000 0.000000 0.000000 0.000000 0.000000 0.000000 0.000000 0.000000 0.000000 0.000000 0.000000 0.000000 0.000000 0.000000 0.532412 0.638644 0.677955 0.683236 0.683004 0.682202 0.667872 0.623478 0.565702 0.573889 0.441843 0.000000 0.000000 0.000000 0.000000 0.553378 0.675054 0.626219 0.603542 0.647264 0.479776 0.000000 0.746255 0.549350 0.448359 0.000000 0.000000 0.687034 0.674836 0.623784 0.556224 0.531911 0.436098 0.000000 0.000000 0.000000 0.000000 0.000000 0.000000 0.000000 0.000000 0.000000 0.000000 0.000000 0.000000 0.000000 0.000000 0.000000 0.000000 0.000000 0.000000 0.000000 0.000000 0.000000 0.000000 0.000000 0.000000 0.000000 0.000000 0.000000 0.000000 0.000000 0.000000 0.000000 0.000000 0.000000 0.000000 0.000000 0.000000 0.000000 0.000000 0.000000 0.000000 0.000000 0.000000 0.000000 0.000000 0.000000 0.000000 0.000000 0.000000 0.000000 0.000000 0.000000 0.000000 0.000000 0.000000 0.000000 0.000000 0.000000 0.000000 0.000000 0.000000 0.000000 0.000000 0.000000 0.000000 0.000000 0.000000 0.000000 0.000000 0.000000 0.000000 0.000000 0.000000 0.000000 0.000000 0.000000 0.000000 0.000000 0.000000 0.000000 0.000000 0.000000 0.000000 0.000000 0.000000 0.000000 0.000000 0.000000 0.000000 0.000000 0.000000 0.000000 0.000000 0.000000 0.000000 0.000000 0.000000 0.000000 0.000000 0.000000 0.000000 0.000000 0.000000 0.000000 0.000000 0.000000 0.000000 0.000000 0.000000 0.000000
0.000000 0.000000 0.000000 0.457439 0.602587 0.663864 0.700909 0.721052 0.718257 0.811204 0.845403 0.867272 0.855368 1.019434 1.062672 1.123868 1.340081 1.309884 1.208948 0.974833 0.419161 0.710427 0.793473 0.615206 0.501569 0.495795 0.461067 0.372598 0.341122 0.448804 0.501324 0.478369 0.447519 0.420400 0.381959 0.390517 0.362640 0.652128 0.611997 0.602300 0.606351 0.597316 0.832878 0.939772 1.042765 1.062015 1.034733 0.944531 0.837728 0.737430 0.684929 0.798907 0.818431 0.754345 0.682608 0.584357 0.629364 0.653713 0.578874 0.487950 0.558936 0.422894 0.000000 0.000000 0.000000 0.000000 0.000000 0.000000 0.000000 0.000000 0.000000 0.000000 0.000000 0.000000 0.000000 0.000000 0.000000 0.000000 0.000000 0.000000 0.538793 0.622114 0.620496 0.551340 0.437663 0.000000 0.000000 0.000000 0.000000 0.000000 0.000000 0.000000 0.000000 0.000000 0.000000 0.000000 0.000000 0.000000 0.000000 0.000000 0.000000 0.000000 0.000000 0.000000 0.000000 0.000000 0.000000 0.000000 0.000000 0.000000 0.000000 0.000000 0.000000 0.000000 0.000000 0.000000 0.000000 0.000000 0.000000 0.000000 0.000000 0.000000 0.000000 0.000000 0.000000 0.000000 0.000000 0.000000 0.000000 0.000000 0.000000 0.000000 0.000000 0.000000 0.000000 0.000000 0.416028 0.479670 0.537064 0.686173 0.786701 0.820118 0.852707 0.810588 0.736169 0.681415 0.663118 0.614844 0.568947 0.387640 0.000000 0.471758 0.514098 0.517290 0.778125 0.856439 0.318618 0.517323 0.575288 0.657079 0.491239 0.889052 0.750911 0.590059 0.531983 0.465326 0.000000 0.000000 0.451323 0.560614 0.532210 0.454555 0.000000 0.000000 0.000000 0.000000 0.000000 0.000000 0.000000 0.000000 0.000000 0.000000 0.000000 0.000000 0.000000 0.000000 0.000000 0.000000 0.000000 0.000000 0.000000 0.000000 0.000000 0.000000 0.000000 0.000000 0.000000 0.000000 0.000000 0.000000 0.000000 0.000000 0.000000 0.000000 0.000000 0.000000 0.000000 0.000000 0.000000 0.000000 0.000000 0.000000 0.000000 0.000000 0.000000 0.000000 0.000000 0.000000 0.000000 0.000000 0.000000 0.000000 0.000000 0.000000 0.000000 0.000000 0.000000 0.000000 0.000000 0.000000 0.000000 0.000000 0.000000 0.000000 0.000000 0.000000 0.000000 0.000000 0.000000 0.000000 0.000000 0.000000 0.000000 0.000000 0.000000 0.000000 0.000000 0.000000 0.000000 0.000000 0.000000 0.000000 0.000000 0.000000 0.000000 0.000000 0.000000 0.000000 0.000000 0.000000 0.000000 0.000000 0.000000 0.000000 0.000000 0.000000 0.000000 0.000000 0.000000 0.000000 0.000000 0.000000 0.000000 0.000000 0.000000 0.000000 0.000000 0.000000 0.000000 0.000000
0.000000 0.000000 0.000000 0.461969 0.599146 0.672396 0.688525 0.690327 0.664836 0.613882 0.592254 0.901467 1.094880 1.254910 1.425152 1.360111 1.545867 1.544674 1.121136 0.500690 0.468265 0.718287 0.782747 0.679198 0.887973 0.597731 0.669733 0.814002 0.802691 0.565972 0.404092 0.262231 0.206935 0.229962 0.206566 0.279601 0.687566 0.853814 1.113788 0.816433 0.889101 0.921499 0.934788 0.970075 1.033673 1.011503 1.018336 0.857415 0.801043 0.847803 0.912468 0.996413 0.914500 0.685386 0.624928 0.605597 0.573200 0.568921 0.561545 0.536419 0.516006 0.430223 0.409911 0.000000 0.000000 0.000000 0.000000 0.000000 0.000000 0.000000 0.000000 0.000000 0.000000 0.000000 0.000000 0.000000 0.000000 0.000000 0.000000 0.000000 0.000000 0.412141 0.000000 0.000000 0.000000 0.000000 0.000000 0.000000 0.000000 0.000000 0.000000 0.000000 0.000000 0.000000 0.000000 0.000000 0.000000 0.000000 0.000000 0.000000 0.000000 0.000000 0.000000 0.000000 0.000000 0.000000 0.000000 0.000000 0.000000 0.000000 0.000000 0.000000 0.000000 0.000000 0.000000 0.000000 0.000000 0.000000 0.000000 0.000000 0.000000 0.000000 0.000000 0.000000 0.000000 0.000000 0.000000 0.388613 0.385887 0.000000 0.000000 0.000000 0.000000 0.000000 0.000000 0.000000 0.000000 0.452479 0.493749 0.837730 0.956937 1.027065 1.007453 0.867803 0.729079 0.738567 0.688847 0.579586 0.652254 0.712223 0.758789 0.752795 0.745792 0.693698 0.836967 0.889553 0.870118 0.761571 0.642426 0.552760 0.756629 0.799590 0.721213 0.619437 0.528757 0.608290 0.000000 0.000000 0.000000 0.424529 0.427369 0.467750 0.422264 0.000000 0.000000 0.000000 0.000000 0.000000 0.000000 0.000000 0.000000 0.000000 0.000000 0.000000 0.000000 0.000000 0.000000 0.000000 0.000000 0.000000 0.000000 0.000000 0.000000 0.000000 0.000000 0.000000 0.000000 0.000000 0.000000 0.000000 0.000000 0.000000 0.000000 0.000000 0.000000 0.000000 0.000000 0.000000 0.000000 0.000000 0.000000 0.000000 0.000000 0.000000 0.000000 0.000000 0.000000 0.000000 0.000000 0.000000 0.000000 0.000000 0.000000 0.000000 0.000000 0.000000 0.000000 0.000000 0.000000 0.000000 0.000000 0.000000 0.000000 0.000000 0.000000 0.000000 0.000000 0.000000 0.000000 0.000000 0.000000 0.000000 0.000000 0.000000 0.000000 0.000000 0.000000 0.000000 0.000000 0.000000 0.000000 0.000000 0.000000 0.000000 0.000000 0.000000 0.000000 0.000000 0.000000 0.000000 0.000000 0.000000 0.000000 0.000000 0.000000 0.000000 0.000000 0.000000 0.000000 0.000000 0.000000 0.000000 0.000000 0.000000 0.000000 0.000000 0.000000 0.000000 0.000000 0.000000
0.000000 0.000000 0.000000 0.444566 0.510694 0.567903 0.613631 0.619521 0.551549 0.814073 1.540908 1.545272 1.495449 1.472301 1.391350 1.487675 1.604366 1.620949 1.526248 1.093602 1.021448 1.068476 1.118654 1.088825 0.922173 0.803706 0.928465 0.998061 0.728911 0.571152 0.355137 0.309883 0.326487 0.744520 0.774213 0.835819 1.018314 0.968765 0.905407 0.932801 1.042248 1.046347 0.984385 0.881815 0.885843 0.876161 0.882791 0.889791 0.941709 0.976821 0.925366 0.838527 0.700736 0.709265 0.721689 0.723667 0.699866 0.712601 0.683438 0.626874 0.562696 0.459575 0.411594 0.000000 0.000000 0.000000 0.000000 0.000000 0.000000 0.000000 0.000000 0.000000 0.000000 0.000000 0.000000 0.000000 0.000000 0.000000 0.000000 0.000000 0.000000 0.000000 0.000000 0.365356 0.364436 0.000000 0.000000 0.000000 0.000000 0.000000 0.000000 0.000000 0.000000 0.000000 0.000000 0.000000 0.000000 0.000000 0.000000 0.000000 0.000000 0.000000 0.000000 0.000000 0.000000 0.000000 0.000000 0.000000 0.000000 0.000000 0.000000 0.000000 0.000000 0.000000 0.000000 0.000000 0.439021 0.440510 0.412220 0.000000 0.000000 0.000000 0.000000 0.000000 0.000000 0.000000 0.000000 0.000000 0.000000 0.000000 0.000000 0.000000 0.000000 0.000000 0.129789 0.000000 0.000000 0.000000 0.000000 0.727151 0.938132 1.085620 1.030464 0.910894 0.877319 0.878913 0.814749 0.838675 0.909292 0.980112 0.987261 0.932484 0.829125 0.706665 1.024426 0.989607 0.876892 0.758849 0.594201 0.415265 0.496266 0.647070 0.499541 0.000000 0.000000 0.000000 0.000000 0.000000 0.467314 0.632758 0.643863 0.000000 0.594688 0.000000 0.000000 0.000000 0.383177 0.000000 0.000000 0.000000 0.000000 0.000000 0.000000 0.000000 0.000000 0.000000 0.000000 0.000000 0.000000 0.000000 0.000000 0.000000 0.000000 0.000000 0.000000 0.000000 0.000000 0.000000 0.000000 0.000000 0.000000 0.000000 0.000000 0.000000 0.000000 0.000000 0.000000 0.000000 0.000000 0.000000 0.000000 0.000000 0.000000 0.000000 0.000000 0.000000 0.000000 0.000000 0.000000 0.000000 0.000000 0.000000 0.000000 0.000000 0.000000 0.000000 0.000000 0.000000 0.000000 0.000000 0.000000 0.000000 0.000000 0.000000 0.000000 0.000000 0.000000 0.000000 0.000000 0.000000 0.000000 0.000000 0.000000 0.000000 0.000000 0.000000 0.000000 0.000000 0.000000 0.000000 0.000000 0.000000 0.000000 0.000000 0.000000 0.000000 0.000000 0.000000 0.000000 0.000000 0.000000 0.000000 0.000000 0.000000 0.000000 0.000000 0.000000 0.000000 0.000000 0.000000 0.000000 0.000000 0.000000 0.000000 0.000000 0.000000 0.000000 0.000000 0.000000 0.000000
0.000000 0.000000 0.000000 0.458227 0.465745 0.000000 0.000000 0.000000 0.004000 1.088480 1.840321 1.696312 1.441983 1.428447 1.501552 1.616001 1.536685 1.477013 1.382897 1.006601 0.982703 0.969434 0.954322 0.892652 0.850230 0.806477 0.933028 1.058669 1.073629 0.967233 0.754502 0.734095 0.764727 0.849033 0.912081 1.086540 1.106642 0.961973 0.939635 0.985420 1.043977 1.000817 0.879389 0.854900 0.840640 0.791345 0.839329 0.793878 0.679747 0.632778 0.495819 0.577351 0.689377 0.842056 0.861004 0.791408 0.765943 0.750693 0.683084 0.591487 0.463932 0.400167 0.000000 0.000000 0.000000 0.000000 0.000000 0.000000 0.000000 0.000000 0.000000 0.400336 0.403039 0.000000 0.000000 0.000000 0.000000 0.000000 0.000000 0.000000 0.000000 0.000000 0.383606 0.404530 0.378856 0.000000 0.000000 0.000000 0.000000 0.000000 0.000000 0.000000 0.000000 0.000000 0.000000 0.000000 0.000000 0.000000 0.000000 0.000000 0.000000 0.000000 0.000000 0.000000 0.000000 0.000000 0.000000 0.000000 0.000000 0.000000 0.000000 0.000000 0.000000 0.000000 0.443861 0.506745 0.504277 0.464547 0.407284 0.000000 0.418179 0.501549 0.517572 0.495634 0.439900 0.000000 0.000000 0.000000 0.000000 0.000000 0.000000 0.000000 0.000000 0.000000 0.000000 0.000000 0.000000 0.405841 0.594814 0.716579 0.887651 0.987551 0.895272 0.870309 0.918086 0.922489 0.923238 0.930414 1.047688 1.076618 1.014305 0.915236 0.958853 0.759747 1.055982 0.990467 0.846535 0.827895 0.684782 0.515776 0.454097 0.000000 0.000000 0.000000 0.000000 0.542952 0.000000 0.578380 0.654656 0.669884 0.564992 0.468019 0.000000 0.577689 0.000000 0.000000 0.000000 0.000000 0.000000 0.000000 0.000000 0.000000 0.000000 0.000000 0.000000 0.000000 0.000000 0.000000 0.000000 0.000000 0.000000 0.000000 0.000000 0.000000 0.000000 0.000000 0.000000 0.000000 0.000000 0.000000 0.000000 0.000000 0.000000 0.000000 0.000000 0.000000 0.000000 0.000000 0.000000 0.000000 0.000000 0.000000 0.000000 0.000000 0.000000 0.000000 0.000000 0.000000 0.000000 0.000000 0.000000 0.000000 0.000000 0.000000 0.000000 0.000000 0.000000 0.000000 0.000000 0.000000 0.000000 0.000000 0.000000 0.000000 0.000000 0.000000 0.000000 0.000000 0.000000 0.000000 0.000000 0.000000 0.000000 0.000000 0.000000 0.000000 0.000000 0.000000 0.000000 0.000000 0.000000 0.000000 0.000000 0.000000 0.000000 0.000000 0.000000 0.000000 0.000000 0.000000 0.000000 0.000000 0.000000 0.000000 0.000000 0.000000 0.000000 0.000000 0.000000 0.000000 0.000000 0.000000 0.000000 0.000000 0.000000 0.000000 0.000000 0.000000 0.000000 0.000000
0.000000 0.000000 0.000000 0.916516 0.601172 0.000000 0.000000 0.004000 0.000000 1.116030 1.217939 1.289560 1.432237 1.524370 1.759917 1.472171 1.303402 1.052255 1.004575 1.055247 0.943242 1.014182 1.000479 0.937900 0.838406 0.723471 0.843129 0.799601 0.883225 1.017601 0.976975 0.793895 0.772821 0.714638 0.755324 0.913557 0.909163 1.207460 0.848109 0.832882 0.777182 0.761500 1.011805 0.816596 0.862062 0.809850 0.684609 0.505836 0.489168 0.513811 0.530016 0.483698 0.645673 0.776088 0.825060 0.753771 0.709932 0.623812 0.513269 0.000000 0.000000 0.000000 0.000000 0.000000 0.000000 0.000000 0.000000 0.000000 0.000000 0.465367 0.503799 0.504197 0.474878 0.425863 0.000000 0.000000 0.000000 0.000000 0.000000 0.000000 0.000000 0.000000 0.000000 0.000000 0.000000 0.000000 0.000000 0.000000 0.000000 0.000000 0.000000 0.000000 0.000000 0.000000 0.000000 0.000000 0.000000 0.000000 0.000000 0.000000 0.000000 0.000000 0.000000 0.000000 0.000000 0.000000 0.000000 0.000000 0.000000 0.000000 0.000000 0.000000 0.000000 0.462701 0.520327 0.531890 0.478549 0.826055 0.534016 0.612267 0.639983 0.633359 0.603386 0.546754 0.467317 0.000000 0.000000 0.000000 0.000000 0.000000 0.000000 0.000000 0.000000 0.000000 0.547770 0.548972 0.446756 0.583028 0.417941 0.723195 0.799355 0.816182 0.852131 0.924893 0.867274 0.818925 0.739320 0.813366 1.073854 1.053082 1.004376 0.859782 0.980907 1.042440 0.904427 0.843483 0.658346 0.000000 0.000000 0.000000 0.000000 0.000000 0.000000 0.000000 0.000000 0.000000 0.560016 0.759280 0.813524 0.775153 0.658236 0.581866 0.677922 0.529568 0.000000 0.000000 0.000000 0.000000 0.000000 0.000000 0.000000 0.000000 0.000000 0.000000 0.000000 0.000000 0.000000 0.000000 0.000000 0.000000 0.000000 0.000000 0.000000 0.000000 0.000000 0.000000 0.000000 0.000000 0.000000 0.000000 0.000000 0.000000 0.000000 0.000000 0.000000 0.000000 0.000000 0.000000 0.000000 0.000000 0.000000 0.000000 0.000000 0.000000 0.000000 0.000000 0.000000 0.000000 0.000000 0.000000 0.000000 0.000000 0.000000 0.000000 0.000000 0.000000 0.000000 0.000000 0.000000 0.000000 0.000000 0.000000 0.000000 0.000000 0.000000 0.000000 0.000000 0.000000 0.000000 0.000000 0.000000 0.000000 0.000000 0.000000 0.000000 0.000000 0.000000 0.000000 0.000000 0.000000 0.000000 0.000000 0.000000 0.000000 0.000000 0.000000 0.000000 0.000000 0.000000 0.000000 0.000000 0.000000 0.000000 0.000000 0.000000 0.000000 0.000000 0.000000 0.000000 0.000000 0.000000 0.000000 0.000000 0.000000 0.000000 0.000000 0.000000 0.000000 0.000000 0.000000
0.000000 0.000000 0.000000 0.000000 0.000000 0.000000 0.000000 0.000000 0.000000 0.572022 0.743269 1.009077 1.251324 1.470110 1.623056 1.154639 0.937188 0.873736 1.047154 1.073986 1.373287 1.413410 1.381631 1.284723 1.143596 0.959847 0.842192 0.736263 0.779582 0.744399 0.809826 0.742645 0.654255 0.772659 0.905507 1.236137 1.453505 1.126604 0.857596 0.848692 0.813503 0.759792 0.685220 0.740072 0.745376 0.678621 0.704560 0.692268 0.667369 0.659272 0.689730 0.640209 0.530674 0.596937 0.655884 0.624335 0.536861 0.417266 0.000000 0.000000 0.000000 0.000000 0.000000 0.004000 0.416141 0.498681 0.583839 0.609623 0.606265 0.594247 0.579739 0.555080 0.512526 0.466090 0.414426 0.000000 0.000000 0.000000 0.000000 0.000000 0.000000 0.000000 0.000000 0.000000 0.000000 0.000000 0.000000 0.000000 0.000000 0.000000 0.000000 0.000000 0.000000 0.000000 0.000000 0.000000 0.000000 0.000000 0.000000 0.000000 0.000000 0.000000 0.000000 0.000000 0.000000 0.000000 0.000000 0.000000 0.802911 0.000000 0.758399 0.000000 0.439937 0.486239 0.497790 0.417370 0.000000 0.609090 0.804751 0.847564 0.841171 0.773423 0.668206 0.557873 0.461169 0.000000 0.000000 0.000000 0.000000 0.000000 0.000000 0.000000 0.000000 0.000000 0.534360 0.000000 0.000000 0.000000 0.000000 0.726237 0.774005 0.764214 0.722675 0.712654 0.760709 0.997600 1.056009 0.961879 0.932517 0.886258 0.831554 0.724236 0.794175 0.796765 0.737609 0.512818 0.440773 0.000000 0.000000 0.000000 0.000000 0.384308 0.000000 0.000000 0.000000 0.000000 0.506811 0.699436 0.794447 0.781783 0.659804 0.533383 0.000000 0.000000 0.000000 0.000000 0.000000 0.000000 0.000000 0.000000 0.000000 0.000000 0.000000 0.000000 0.000000 0.000000 0.000000 0.000000 0.000000 0.000000 0.000000 0.000000 0.000000 0.000000 0.000000 0.000000 0.000000 0.000000 0.000000 0.000000 0.000000 0.000000 0.000000 0.000000 0.000000 0.000000 0.000000 0.000000 0.000000 0.000000 0.000000 0.000000 0.000000 0.000000 0.000000 0.000000 0.000000 0.000000 0.000000 0.000000 0.000000 0.000000 0.000000 0.000000 0.000000 0.000000 0.000000 0.000000 0.000000 0.000000 0.000000 0.000000 0.000000 0.000000 0.000000 0.000000 0.000000 0.000000 0.000000 0.000000 0.000000 0.000000 0.000000 0.000000 0.000000 0.000000 0.000000 0.000000 0.000000 0.000000 0.000000 0.000000 0.000000 0.000000 0.000000 0.000000 0.000000 0.000000 0.000000 0.000000 0.000000 0.000000 0.000000 0.000000 0.000000 0.000000 0.000000 0.000000 0.000000 0.000000 0.000000 0.000000 0.000000 0.000000 0.000000 0.000000 0.000000 0.000000 0.000000 0.000000
0.000000 0.000000 0.000000 0.000000 0.000000 0.000000 0.000000 0.000000 0.000000 0.000000 0.898489 0.668915 0.459937 0.755676 0.510741 0.798460 0.712658 0.802818 1.162847 1.192250 1.293450 1.286254 1.102010 1.383990 1.121625 0.743919 0.743090 0.670016 0.626126 0.653158 0.793640 0.783133 0.849113 1.041015 1.123446 1.075719 0.926322 0.763851 0.900143 0.931892 0.922497 0.912911 0.877413 0.865033 0.945599 0.835577 0.848237 0.862728 0.834166 0.777643 0.762004 0.665664 0.517055 0.439117 0.000000 0.000000 0.000000 0.000000 0.000000 0.000000 0.000000 0.000000 0.554893 0.876262 0.778239 0.772397 0.813866 0.779792 0.723660 0.692532 0.677092 0.654035 0.602211 0.522664 0.456006 0.000000 0.000000 0.000000 0.000000 0.000000 0.000000 0.000000 0.000000 0.000000 0.000000 0.000000 0.000000 0.000000 0.000000 0.000000 0.000000 0.000000 0.000000 0.000000 0.000000 0.428991 0.434292 0.405392 0.000000 0.000000 0.000000 0.000000 0.000000 0.000000 0.000000 0.000000 0.000000 0.000000 0.000000 0.000000 0.000000 0.000000 0.427580 0.393069 0.628544 1.105695 0.000000 1.003176 0.924910 0.939168 0.929563 0.848178 0.706990 0.547878 0.447448 0.000000 0.000000 0.000000 0.000000 0.000000 0.000000 0.000000 0.000000 0.000000 0.000000 0.000000 0.000000 0.000000 0.477340 0.827134 0.897047 0.952588 0.823719 0.691083 0.848309 0.993055 1.147948 1.060030 0.907062 0.944809 0.831481 0.756717 0.677728 0.611548 0.443363 0.000000 0.000000 0.000000 0.000000 0.000000 0.000000 0.000000 0.000000 0.000000 0.000000 0.000000 0.416763 0.000000 0.000000 0.701342 0.000000 0.000000 0.444799 0.000000 0.000000 0.000000 0.000000 0.000000 0.000000 0.000000 0.000000 0.000000 0.000000 0.000000 0.000000 0.000000 0.000000 0.000000 0.000000 0.000000 0.000000 0.000000 0.000000 0.000000 0.000000 0.000000 0.000000 0.000000 0.000000 0.000000 0.000000 0.000000 0.000000 0.000000 0.000000 0.000000 0.000000 0.000000 0.000000 0.000000 0.000000 0.000000 0.000000 0.000000 0.000000 0.000000 0.000000 0.000000 0.000000 0.000000 0.000000 0.000000 0.000000 0.000000 0.000000 0.000000 0.000000 0.000000 0.000000 0.000000 0.000000 0.000000 0.000000 0.000000 0.000000 0.000000 0.000000 0.000000 0.000000 0.000000 0.000000 0.000000 0.000000 0.000000 0.000000 0.000000 0.000000 0.000000 0.000000 0.000000 0.000000 0.000000 0.000000 0.000000 0.000000 0.000000 0.000000 0.000000 0.000000 0.000000 0.000000 0.000000 0.000000 0.000000 0.000000 0.000000 0.000000 0.000000 0.000000 0.000000 0.000000 0.000000 0.000000 0.000000 0.000000 0.000000 0.000000 0.000000 0.000000 0.000000
0.000000 0.000000 0.000000 0.000000 0.000000 0.000000 0.000000 0.000000 0.000000 0.000000 0.000000 0.000000 0.311086 0.358775 0.000000 1.448832 0.988521 0.957591 1.255685 1.336291 1.291634 1.131546 1.078708 1.022261 0.756767 0.855792 0.708457 0.679676 0.756188 0.747700 0.920079 0.909387 1.037116 1.217394 1.222099 1.110074 0.909637 0.862033 1.054498 1.111483 1.077315 0.993992 1.009897 1.013320 0.989597 0.952653 0.987008 0.966295 0.881889 0.786438 0.745551 0.635600 0.469646 0.000000 0.000000 0.000000 0.000000 0.000000 0.004000 0.000000 0.000000 0.608991 0.782033 0.916519 0.934085 0.900538 1.106619 0.857185 0.890262 0.807125 0.866104 0.742669 0.651601 0.518074 0.506760 0.503266 0.478560 0.442292 0.393090 0.000000 0.000000 0.000000 0.000000 0.000000 0.000000 0.000000 0.000000 0.000000 0.000000 0.000000 0.000000 0.000000 0.000000 0.000000 0.528252 0.574474 0.540693 0.466683 0.384181 0.000000 0.000000 0.000000 0.000000 0.000000 0.000000 0.000000 0.000000 0.000000 0.000000 0.000000 0.000000 0.000000 0.000000 0.000000 0.984402 0.633062 0.000000 1.040310 0.868943 0.861737 0.858442 0.768243 0.602235 0.451734 0.418389 0.000000 0.000000 0.000000 0.000000 0.000000 0.000000 0.000000 0.000000 0.000000 0.000000 0.000000 0.000000 0.000000 0.752580 0.886903 0.916924 0.986376 0.944658 0.767530 0.760191 0.835672 0.972626 0.877182 0.879975 0.801861 0.785154 0.699045 0.626218 0.549899 0.490305 0.415185 0.000000 0.000000 0.000000 0.000000 0.000000 0.000000 0.000000 0.000000 0.000000 0.000000 0.000000 0.000000 0.000000 0.000000 0.000000 0.000000 0.000000 0.000000 0.000000 0.000000 0.000000 0.000000 0.000000 0.000000 0.000000 0.000000 0.000000 0.000000 0.000000 0.000000 0.000000 0.000000 0.000000 0.000000 0.000000 0.000000 0.000000 0.000000 0.000000 0.000000 0.000000 0.000000 0.000000 0.000000 0.000000 0.000000 0.000000 0.000000 0.000000 0.000000 0.000000 0.000000 0.000000 0.000000 0.000000 0.000000 0.000000 0.000000 0.000000 0.000000 0.000000 0.000000 0.000000 0.000000 0.000000 0.000000 0.000000 0.000000 0.000000 0.000000 0.000000 0.000000 0.000000 0.000000 0.000000 0.000000 0.000000 0.000000 0.000000 0.000000 0.000000 0.000000 0.000000 0.000000 0.000000 0.000000 0.000000 0.000000 0.000000 0.000000 0.000000 0.000000 0.000000 0.000000 0.000000 0.000000 0.000000 0.000000 0.000000 0.000000 0.000000 0.000000 0.000000 0.000000 0.000000 0.000000 0.000000 0.000000 0.000000 0.000000 0.000000 0.000000 0.000000 0.000000 0.000000 0.000000 0.000000 0.000000 0.000000 0.000000 0.000000 0.000000 0.000000 0.000000
0.000000 0.000000 0.000000 0.000000 0.000000 0.000000 0.000000 0.000000 0.000000 0.000000 0.000000 0.000000 0.000000 0.000000 0.539001 0.783061 0.925896 1.006499 1.088250 0.991730 0.888309 0.706059 0.922566 0.940898 0.835193 0.630522 0.766293 0.994239 0.851731 0.793939 0.396425 0.724803 0.698669 0.802831 0.992380 0.921730 0.807709 0.959137 1.157544 1.233439 1.243537 1.071082 0.999976 1.001461 0.972397 0.918765 0.852946 0.807289 0.759873 0.732138 0.628913 0.554345 0.443128 0.000000 0.000000 0.000000 0.499831 0.544620 0.599804 0.550964 0.458121 0.709117 0.826534 0.849542 0.799171 0.671625 0.626412 0.613349 0.552681 0.496138 0.503297 0.522779 0.967329 0.632660 0.616620 0.565589 0.498336 0.414207 0.000000 0.000000 0.000000 0.000000 0.000000 0.000000 0.000000 0.000000 0.000000 0.000000 0.000000 0.000000 0.000000 0.000000 0.000000 0.000000 0.523509 0.561313 0.516654 0.420858 0.000000 0.000000 0.000000 0.000000 0.000000 0.000000 0.000000 0.000000 0.000000 0.000000 0.000000 0.594808 0.471674 0.501022 0.557234 0.597155 0.609616 0.577455 0.537393 0.507319 0.477537 0.442941 0.000000 0.000000 0.000000 0.000000 0.000000 0.000000 0.000000 0.000000 0.000000 0.000000 0.000000 0.000000 0.000000 0.000000 0.000000 0.000000 0.000000 0.483753 1.011639 1.016559 0.956559 0.914251 0.879945 0.748205 0.635837 0.861326 0.886438 0.918890 0.941744 0.932788 0.868646 0.807723 0.757845 0.692422 0.611225 0.457009 0.456115 0.441714 0.375688 0.000000 0.000000 0.000000 0.000000 0.000000 0.000000 0.000000 0.000000 0.000000 0.000000 0.000000 0.000000 0.000000 0.000000 0.000000 0.000000 0.000000 0.000000 0.000000 0.000000 0.000000 0.000000 0.000000 0.000000 0.000000 0.000000 0.000000 0.000000 0.000000 0.000000 0.000000 0.000000 0.000000 0.000000 0.000000 0.000000 0.000000 0.000000 0.000000 0.000000 0.000000 0.000000 0.000000 0.000000 0.000000 0.000000 0.000000 0.000000 0.000000 0.000000 0.000000 0.000000 0.000000 0.000000 0.000000 0.000000 0.000000 0.000000 0.000000 0.000000 0.000000 0.000000 0.000000 0.000000 0.000000 0.000000 0.000000 0.000000 0.000000 0.000000 0.000000 0.000000 0.000000 0.000000 0.000000 0.000000 0.000000 0.000000 0.000000 0.000000 0.000000 0.000000 0.000000 0.000000 0.000000 0.000000 0.000000 0.000000 0.000000 0.000000 0.000000 0.000000 0.000000 0.000000 0.000000 0.000000 0.000000 0.000000 0.000000 0.000000 0.000000 0.000000 0.000000 0.000000 0.000000 0.000000 0.000000 0.000000 0.000000 0.000000 0.000000 0.000000 0.000000 0.000000 0.000000 0.000000 0.000000 0.000000 0.000000 0.000000 0.000000
0.000000 0.000000 0.000000 0.000000 0.000000 0.000000 0.000000 0.000000 0.000000 0.000000 0.000000 0.000000 0.000000 0.000000 0.487995 0.624459 0.663409 0.595098 0.581904 0.539680 0.886452 1.412985 0.419304 0.000000 0.622970 0.744213 0.787963 0.746189 0.709124 0.188459 0.164811 0.518520 0.503767 0.543584 0.693853 0.770508 0.830844 0.838639 0.980055 1.029419 1.005498 1.012983 0.997503 0.931734 0.842645 0.724026 0.600548 0.526747 0.494514 0.508587 0.509654 0.529813 0.510354 0.450741 0.460009 0.423203 0.445620 0.513732 0.498389 0.420094 0.000000 0.000000 0.404781 0.469528 0.499200 0.491078 0.446094 0.000000 0.000000 0.000000 0.422438 0.547722 1.139750 0.663029 0.605220 0.469259 0.000000 0.000000 0.000000 0.000000 0.000000 0.000000 0.000000 0.000000 0.000000 0.000000 0.000000 0.000000 0.000000 0.000000 0.000000 0.000000 0.000000 0.000000 0.000000 0.000000 0.000000 0.000000 0.000000 0.000000 0.000000 0.000000 0.000000 0.000000 0.000000 0.000000 0.000000 0.000000 0.000000 0.000000 0.528033 0.652362 0.742429 0.811050 0.774011 0.638171 0.600173 0.545122 0.511138 0.464332 0.000000 0.000000 0.000000 0.000000 0.000000 0.000000 0.000000 0.000000 0.000000 0.000000 0.000000 0.000000 0.000000 0.000000 0.000000 0.000000 0.000000 0.000000 0.711648 0.881908 0.836569 0.699068 0.670233 0.519415 0.000000 0.779052 0.984469 0.962388 1.052671 1.146100 1.002147 0.891130 0.826151 0.808652 0.661073 0.814191 0.749966 0.666678 0.520596 0.434564 0.425698 0.000000 0.000000 0.000000 0.000000 0.000000 0.000000 0.000000 0.000000 0.000000 0.000000 0.000000 0.000000 0.000000 0.000000 0.000000 0.000000 0.000000 0.000000 0.000000 0.000000 0.000000 0.000000 0.000000 0.000000 0.000000 0.000000 0.000000 0.000000 0.000000 0.000000 0.000000 0.000000 0.000000 0.000000 0.000000 0.000000 0.000000 0.000000 0.000000 0.000000 0.000000 0.000000 0.000000 0.000000 0.000000 0.000000 0.000000 0.000000 0.000000 0.000000 0.000000 0.000000 0.000000 0.000000 0.000000 0.000000 0.000000 0.000000 0.000000 0.000000 0.000000 0.000000 0.000000 0.000000 0.000000 0.000000 0.000000 0.000000 0.000000 0.000000 0.000000 0.000000 0.000000 0.000000 0.000000 0.000000 0.000000 0.000000 0.000000 0.000000 0.000000 0.000000 0.000000 0.000000 0.000000 0.000000 0.000000 0.000000 0.000000 0.000000 0.000000 0.000000 0.000000 0.000000 0.000000 0.000000 0.000000 0.000000 0.000000 0.000000 0.000000 0.000000 0.000000 0.000000 0.000000 0.000000 0.000000 0.000000 0.000000 0.000000 0.000000 0.000000 0.000000 0.000000 0.000000 0.000000 0.000000 0.000000 0.000000
0.000000 0.000000 0.000000 0.000000 0.000000 0.000000 0.000000 0.000000 0.000000 0.000000 0.000000 0.000000 0.000000 0.000000 0.000000 0.000000 0.000000 0.000000 0.000000 0.000000 0.175404 0.364778 0.258659 0.413968 0.748217 1.010263 0.971974 0.954424 0.959126 0.890975 0.736057 0.544036 0.508766 0.686623 0.732460 0.771783 0.800221 0.882241 0.870371 0.912603 0.968269 1.016619 0.822710 0.732753 0.624197 0.512795 0.571869 0.000000 0.000000 0.000000 0.000000 0.468461 0.505198 0.558196 0.543700 0.492417 0.485919 0.548334 0.537640 0.472468 0.416346 0.000000 0.000000 0.000000 0.000000 0.000000 0.000000 0.000000 0.000000 0.000000 0.000000 0.000000 0.000000 0.000000 0.000000 0.000000 0.000000 0.000000 0.000000 0.000000 0.000000 0.000000 0.000000 0.000000 0.000000 0.000000 0.000000 0.000000 0.000000 0.000000 0.000000 0.000000 0.000000 0.000000 0.000000 0.000000 0.000000 0.000000 0.000000 0.000000 0.000000 0.000000 0.000000 0.000000 0.000000 0.000000 0.000000 0.000000 0.000000 0.000000 0.000000 0.470636 0.554148 0.620823 0.612602 0.500660 0.466137 0.420749 0.396487 0.000000 0.000000 0.000000 0.434731 0.541389 0.589718 0.581184 0.537573 0.483472 0.419439 0.000000 0.000000 0.000000 0.000000 0.000000 0.000000 0.000000 0.000000 0.000000 0.000000 0.507901 0.519145 0.000000 0.000000 0.000000 0.000000 0.660938 0.715156 0.521467 0.585580 0.857911 0.982346 1.010941 1.063202 0.996270 0.836469 0.808727 0.756763 0.708931 0.661709 0.609375 0.498553 0.452674 0.000000 0.451446 0.429002 0.000000 0.000000 0.000000 0.000000 0.000000 0.000000 0.000000 0.000000 0.000000 0.000000 0.000000 0.000000 0.000000 0.000000 0.000000 0.000000 0.000000 0.000000 0.000000 0.000000 0.000000 0.000000 0.000000 0.000000 0.000000 0.000000 0.000000 0.000000 0.000000 0.000000 0.000000 0.000000 0.000000 0.000000 0.000000 0.000000 0.000000 0.000000 0.000000 0.000000 0.000000 0.000000 0.000000 0.000000 0.000000 0.000000 0.000000 0.000000 0.000000 0.000000 0.000000 0.000000 0.000000 0.000000 0.000000 0.000000 0.000000 0.000000 0.000000 0.000000 0.000000 0.000000 0.000000 0.000000 0.000000 0.000000 0.000000 0.000000 0.000000 0.000000 0.000000 0.000000 0.000000 0.000000 0.000000 0.000000 0.000000 0.000000 0.000000 0.000000 0.000000 0.000000 0.000000 0.000000 0.000000 0.000000 0.000000 0.000000 0.000000 0.000000 0.000000 0.000000 0.000000 0.000000 0.000000 0.000000 0.000000 0.000000 0.000000 0.000000 0.000000 0.000000 0.000000 0.000000 0.000000 0.000000 0.000000 0.000000 0.000000 0.000000 0.000000 0.000000 0.000000 0.000000 0.000000
0.000000 0.000000 0.000000 0.000000 0.000000 0.000000 0.000000 0.000000 0.000000 0.000000 0.000000 0.000000 0.000000 0.000000 0.000000 0.000000 0.000000 0.000000 0.000000 0.477354 0.000000 0.422071 0.832695 0.622741 0.941557 0.985169 1.025647 1.102603 1.113965 1.005800 0.794226 0.673241 0.521527 0.641284 0.619287 0.618996 0.678203 0.715417 0.734529 0.745001 0.731944 0.680864 0.615492 0.571010 0.453630 0.396524 0.000000 0.000000 0.446059 0.541358 0.594935 0.621333 0.618088 0.612411 0.567712 0.430354 0.000000 0.365777 0.000000 0.000000 0.000000 0.000000 0.000000 0.000000 0.000000 0.000000 0.000000 0.000000 0.000000 0.000000 0.000000 0.000000 0.000000 0.000000 0.000000 0.000000 0.000000 0.000000 0.000000 0.000000 0.000000 0.000000 0.000000 0.000000 0.000000 0.000000 0.000000 0.000000 0.000000 0.000000 0.000000 0.000000 0.000000 0.000000 0.000000 0.000000 0.000000 0.000000 0.000000 0.000000 0.000000 0.000000 0.000000 0.000000 0.000000 0.000000 0.000000 0.000000 0.000000 0.000000 0.000000 0.000000 0.000000 0.000000 0.000000 0.000000 0.000000 0.000000 0.000000 0.000000 0.000000 0.000000 0.000000 0.437203 0.482482 0.475774 0.435303 0.000000 0.000000 0.000000 0.000000 0.000000 0.000000 0.000000 0.000000 0.000000 0.424200 0.440995 0.433053 0.000000 0.000000 0.000000 0.000000 0.684814 0.712991 0.718830 0.642318 0.645403 0.649394 0.617762 0.606472 0.759831 0.847801 0.768662 0.549321 0.589067 0.668235 0.679255 0.681911 0.636397 0.585996 0.451269 0.433990 0.594337 0.525803 0.000000 0.000000 0.000000 0.000000 0.000000 0.000000 0.000000 0.000000 0.000000 0.000000 0.000000 0.000000 0.000000 0.000000 0.000000 0.000000 0.000000 0.000000 0.000000 0.000000 0.000000 0.000000 0.000000 0.000000 0.000000 0.000000 0.000000 0.000000 0.000000 0.000000 0.000000 0.000000 0.000000 0.000000 0.000000 0.000000 0.000000 0.000000 0.000000 0.000000 0.000000 0.000000 0.000000 0.000000 0.000000 0.000000 0.000000 0.000000 0.000000 0.000000 0.000000 0.000000 0.000000 0.000000 0.000000 0.000000 0.000000 0.000000 0.000000 0.000000 0.000000 0.000000 0.000000 0.000000 0.000000 0.000000 0.000000 0.000000 0.000000 0.000000 0.000000 0.000000 0.000000 0.000000 0.000000 0.000000 0.000000 0.000000 0.000000 0.000000 0.000000 0.000000 0.000000 0.000000 0.000000 0.000000 0.000000 0.000000 0.000000 0.000000 0.000000 0.000000 0.000000 0.000000 0.000000 0.000000 0.000000 0.000000 0.000000 0.000000 0.000000 0.000000 0.000000 0.000000 0.000000 0.000000 0.000000 0.000000 0.000000 0.000000 0.000000 0.000000 0.000000 0.000000 0.000000
0.000000 0.000000 0.000000 0.000000 0.000000 0.000000 0.000000 0.000000 0.000000 0.000000 0.000000 0.000000 0.000000 0.000000 0.000000 0.000000 0.000000 0.000000 0.420305 0.900501 0.605713 1.017325 0.750251 0.842671 0.969065 1.031187 0.963416 0.927878 0.930153 0.774845 0.765133 0.576285 0.573454 0.546956 0.501986 0.589486 0.649406 0.681728 0.683243 0.663940 0.626170 0.582725 0.535509 0.559376 0.526821 0.417926 0.473383 0.522828 0.632515 0.700912 0.706845 0.683287 0.684098 0.665972 0.586180 0.405515 0.000000 0.000000 0.000000 0.000000 0.000000 0.000000 0.000000 0.000000 0.000000 0.000000 0.000000 0.000000 0.000000 0.000000 0.000000 0.000000 0.000000 0.000000 0.000000 0.000000 0.000000 0.000000 0.000000 0.000000 0.000000 0.000000 0.000000 0.000000 0.000000 0.000000 0.402290 0.464990 0.487491 0.465299 0.389478 0.457468 0.437822 0.000000 0.000000 0.000000 0.000000 0.000000 0.000000 0.000000 0.000000 0.000000 0.000000 0.000000 0.000000 0.000000 0.000000 0.000000 0.000000 0.000000 0.000000 0.000000 0.000000 0.000000 0.000000 0.000000 0.000000 0.000000 0.000000 0.000000 0.000000 0.000000 0.000000 0.000000 0.000000 0.000000 0.000000 0.000000 0.000000 0.000000 0.000000 0.394140 0.453648 0.511817 0.583441 0.654435 0.662606 0.643970 0.584305 0.560479 0.434941 0.000000 0.687728 0.985895 0.784692 0.752308 0.622956 0.522358 0.435056 0.000000 0.000000 0.000000 0.000000 0.000000 0.485162 0.651430 0.820420 0.764300 0.728222 0.623838 0.636232 0.646236 0.629636 0.538877 0.536492 0.481336 0.438207 0.000000 0.000000 0.000000 0.436105 0.495766 0.000000 0.000000 0.000000 0.000000 0.000000 0.000000 0.000000 0.000000 0.000000 0.000000 0.000000 0.000000 0.000000 0.000000 0.000000 0.000000 0.000000 0.000000 0.000000 0.000000 0.000000 0.000000 0.000000 0.000000 0.000000 0.000000 0.000000 0.000000 0.000000 0.000000 0.000000 0.000000 0.000000 0.000000 0.000000 0.000000 0.000000 0.000000 0.000000 0.000000 0.000000 0.000000 0.000000 0.000000 0.000000 0.000000 0.000000 0.000000 0.000000 0.000000 0.000000 0.000000 0.000000 0.000000 0.000000 0.000000 0.000000 0.000000 0.000000 0.000000 0.000000 0.000000 0.000000 0.000000 0.000000 0.000000 0.000000 0.000000 0.000000 0.000000 0.000000 0.000000 0.000000 0.000000 0.000000 0.000000 0.000000 0.000000 0.000000 0.000000 0.000000 0.000000 0.000000 0.000000 0.000000 0.000000 0.000000 0.000000 0.000000 0.000000 0.000000 0.000000 0.000000 0.000000 0.000000 0.000000 0.000000 0.000000 0.000000 0.000000 0.000000 0.000000 0.000000 0.000000 0.000000 0.000000 0.000000 0.000000
0.000000 0.000000 0.000000 0.000000 0.000000 0.000000 0.000000 0.000000 0.000000 0.000000 0.000000 0.000000 0.000000 0.000000 0.000000 0.000000 0.000000 1.081162 0.790467 1.447549 1.419767 0.990145 0.886787 0.942118 0.903261 0.763962 0.652514 0.959776 0.508524 0.502405 0.511719 0.710361 0.614690 0.613625 0.668611 0.714680 0.750373 0.784436 0.783543 0.749303 0.699713 0.616808 0.567856 0.623690 0.599608 0.501137 0.460851 0.614959 0.728198 0.801177 0.742039 0.712640 0.653866 0.625363 0.577254 0.409156 0.000000 0.000000 0.000000 0.000000 0.000000 0.000000 0.000000 0.000000 0.000000 0.000000 0.000000 0.000000 0.000000 0.000000 0.000000 0.000000 0.000000 0.000000 0.000000 0.000000 0.000000 0.000000 0.000000 0.000000 0.000000 0.000000 0.000000 0.000000 0.000000 0.000000 0.567450 0.617317 0.625006 0.600921 0.537938 0.451599 0.441253 0.000000 0.000000 0.000000 0.000000 0.000000 0.000000 0.000000 0.000000 0.000000 0.000000 0.000000 0.000000 0.000000 0.000000 0.000000 0.000000 0.000000 0.000000 0.000000 0.000000 0.000000 0.000000 0.000000 0.000000 0.000000 0.000000 0.000000 0.000000 0.000000 0.000000 0.000000 0.000000 0.000000 0.000000 0.000000 0.000000 0.000000 0.467018 0.597419 0.735333 0.847861 0.909290 0.894018 0.844801 0.721386 0.707901 0.632063 0.558612 0.435878 0.442228 0.485564 0.512439 0.648570 0.502774 0.416106 0.000000 0.000000 0.000000 0.000000 0.000000 0.417974 0.516943 0.679397 0.957941 0.896103 0.829069 0.780373 0.767055 0.812517 0.724412 0.672075 0.632732 0.529100 0.550135 0.551261 0.538676 0.436385 0.421510 0.000000 0.000000 0.000000 0.000000 0.000000 0.000000 0.000000 0.000000 0.000000 0.000000 0.000000 0.000000 0.000000 0.000000 0.000000 0.000000 0.000000 0.000000 0.000000 0.000000 0.000000 0.000000 0.000000 0.000000 0.000000 0.000000 0.000000 0.000000 0.000000 0.000000 0.000000 0.000000 0.000000 0.000000 0.000000 0.000000 0.000000 0.000000 0.000000 0.000000 0.000000 0.000000 0.000000 0.000000 0.000000 0.000000 0.000000 0.000000 0.000000 0.000000 0.000000 0.000000 0.000000 0.000000 0.000000 0.000000 0.000000 0.000000 0.000000 0.000000 0.000000 0.000000 0.000000 0.000000 0.000000 0.000000 0.000000 0.000000 0.000000 0.000000 0.000000 0.000000 0.000000 0.000000 0.000000 0.000000 0.000000 0.000000 0.000000 0.000000 0.000000 0.000000 0.000000 0.000000 0.000000 0.000000 0.000000 0.000000 0.000000 0.000000 0.000000 0.000000 0.000000 0.000000 0.000000 0.000000 0.000000 0.000000 0.000000 0.000000 0.000000 0.000000 0.000000 0.000000 0.000000 0.000000 0.000000 0.000000 0.000000
0.000000 0.000000 0.000000 0.000000 0.000000 0.000000 0.000000 0.000000 0.000000 0.000000 0.000000 0.000000 0.000000 0.000000 0.000000 0.000000 0.000000 0.487827 0.695960 1.443268 1.178692 1.111748 0.996254 0.882027 0.796784 0.724130 0.740892 0.788890 0.801643 0.763687 0.733931 0.757475 0.608226 0.981481 0.697520 0.715783 0.732083 0.853563 0.863543 0.832760 0.788198 0.714863 0.682590 0.620556 0.611407 0.548155 0.500234 0.457324 0.607433 0.687065 0.802423 0.755049 0.682265 0.611214 0.515159 0.000000 0.000000 0.000000 0.000000 0.000000 0.000000 0.000000 0.000000 0.000000 0.000000 0.000000 0.000000 0.000000 0.000000 0.000000 0.000000 0.000000 0.000000 0.000000 0.000000 0.000000 0.000000 0.000000 0.000000 0.000000 0.000000 0.000000 0.000000 0.000000 0.000000 0.408033 0.614222 0.652781 0.663434 0.626861 0.563651 0.442769 0.000000 0.000000 0.000000 0.000000 0.000000 0.000000 0.000000 0.000000 0.000000 0.000000 0.000000 0.000000 0.000000 0.000000 0.000000 0.000000 0.000000 0.000000 0.000000 0.000000 0.108644 0.000000 0.000000 0.469652 0.499726 0.485468 0.446181 0.000000 0.000000 0.000000 0.000000 0.000000 0.000000 0.000000 0.000000 0.000000 0.536314 0.808364 0.987072 1.080638 1.089046 1.086357 1.049471 0.999049 0.912126 0.834723 0.779645 0.663412 0.508087 0.441050 0.000000 0.000000 0.000000 0.000000 0.000000 0.000000 0.457705 0.517993 0.556605 0.564400 0.583507 0.636393 0.663084 0.792375 0.696350 0.776020 0.933649 0.867627 0.899259 0.926867 0.880400 0.959744 0.687099 0.808507 0.738942 0.611299 0.519068 0.508994 0.468208 0.000000 0.000000 0.000000 0.000000 0.000000 0.000000 0.000000 0.000000 0.000000 0.000000 0.000000 0.000000 0.000000 0.000000 0.000000 0.000000 0.000000 0.000000 0.000000 0.000000 0.000000 0.000000 0.000000 0.000000 0.000000 0.000000 0.000000 0.000000 0.000000 0.000000 0.000000 0.000000 0.000000 0.000000 0.000000 0.000000 0.000000 0.000000 0.000000 0.000000 0.000000 0.000000 0.000000 0.000000 0.000000 0.000000 0.000000 0.000000 0.000000 0.000000 0.000000 0.000000 0.000000 0.000000 0.000000 0.000000 0.000000 0.000000 0.000000 0.000000 0.000000 0.000000 0.000000 0.000000 0.000000 0.000000 0.000000 0.000000 0.000000 0.000000 0.000000 0.000000 0.000000 0.000000 0.000000 0.000000 0.000000 0.000000 0.000000 0.000000 0.000000 0.000000 0.000000 0.000000 0.000000 0.000000 0.000000 0.000000 0.000000 0.000000 0.000000 0.000000 0.000000 0.000000 0.000000 0.000000 0.000000 0.000000 0.000000 0.000000 0.000000 0.000000 0.000000 0.000000 0.000000 0.000000 0.000000 0.000000 0.000000
0.000000 0.000000 0.000000 0.000000 0.000000 0.000000 0.000000 0.000000 0.000000 0.000000 0.000000 0.000000 0.000000 0.000000 0.486670 0.626268 0.528791 0.582574 0.937353 1.299104 1.366088 1.306346 1.247514 1.184462 1.092971 0.974805 0.954439 0.983200 0.956010 0.870110 0.736842 0.612088 0.641586 0.624473 0.642222 0.661904 0.709762 0.748998 0.821958 0.735335 0.715646 0.716356 0.708084 0.665050 0.607433 0.563626 0.502834 0.427127 0.443045 0.502162 0.501946 0.500245 0.552469 0.545858 0.525468 0.505052 0.464397 0.000000 0.000000 0.000000 0.000000 0.000000 0.000000 0.000000 0.000000 0.000000 0.000000 0.000000 0.000000 0.000000 0.000000 0.000000 0.000000 0.000000 0.000000 0.000000 0.000000 0.000000 0.000000 0.000000 0.000000 0.000000 0.000000 0.000000 0.000000 0.000000 0.000000 0.000000 0.000000 0.000000 0.000000 0.000000 0.000000 0.000000 0.000000 0.000000 0.000000 0.000000 0.000000 0.000000 0.000000 0.000000 0.000000 0.000000 0.000000 0.000000 0.000000 0.000000 0.000000 0.000000 0.000000 0.571343 0.640226 0.625308 0.588137 0.560496 0.526664 0.481236 0.414042 0.421849 0.480291 0.466610 0.453948 0.437731 0.418009 0.000000 0.000000 0.465943 0.702169 0.985112 1.192677 1.284856 1.194075 1.121561 1.010830 0.896657 0.803369 0.710356 0.574519 0.501842 0.423426 0.000000 0.000000 0.000000 0.000000 0.952333 0.370152 0.427545 0.422370 0.420722 0.448481 0.528459 0.641386 0.749391 0.801022 0.744173 0.829565 0.992648 1.045067 0.907453 1.025471 1.038510 0.943779 0.836833 0.689850 0.845951 0.655037 0.656756 0.678771 0.642984 0.709553 0.000000 0.000000 0.575548 0.542354 0.000000 0.000000 0.000000 0.000000 0.000000 0.000000 0.000000 0.000000 0.000000 0.000000 0.000000 0.000000 0.000000 0.000000 0.000000 0.000000 0.000000 0.000000 0.000000 0.000000 0.000000 0.000000 0.000000 0.000000 0.000000 0.000000 0.000000 0.000000 0.000000 0.000000 0.000000 0.000000 0.000000 0.000000 0.000000 0.000000 0.000000 0.000000 0.000000 0.000000 0.000000 0.000000 0.000000 0.000000 0.000000 0.000000 0.000000 0.000000 0.000000 0.000000 0.000000 0.000000 0.000000 0.000000 0.000000 0.000000 0.000000 0.000000 0.000000 0.000000 0.000000 0.000000 0.000000 0.000000 0.000000 0.000000 0.000000 0.000000 0.000000 0.000000 0.000000 0.000000 0.000000 0.000000 0.000000 0.000000 0.000000 0.000000 0.000000 0.000000 0.000000 0.000000 0.000000 0.000000 0.000000 0.000000 0.000000 0.000000 0.000000 0.000000 0.000000 0.000000 0.000000 0.000000 0.000000 0.000000 0.000000 0.000000 0.000000 0.000000 0.000000 0.000000 0.000000 0.000000 0.000000
0.000000 0.000000 0.000000 0.000000 0.000000 0.000000 0.000000 0.000000 0.000000 0.000000 0.000000 0.000000 0.000000 0.000000 0.000000 0.000000 0.000000 0.588332 0.814842 1.147487 1.303372 1.366511 1.418859 1.418848 1.239315 1.162053 1.090044 1.022860 0.793442 0.603579 0.659196 0.747094 0.761352 0.718101 0.647715 0.575657 0.565935 0.618965 0.705002 0.779676 0.830788 0.797233 0.760343 0.764307 0.690526 0.614943 0.599632 0.586207 0.582299 0.561250 0.447277 0.629669 0.731695 0.721290 0.683681 0.635674 0.575720 0.427172 0.000000 0.000000 0.000000 0.000000 0.000000 0.000000 0.000000 0.000000 0.000000 0.000000 0.000000 0.000000 0.000000 0.000000 0.000000 0.000000 0.000000 0.000000 0.000000 0.000000 0.000000 0.000000 0.000000 0.000000 0.000000 0.000000 0.000000 0.000000 0.000000 0.000000 0.000000 0.000000 0.004000 0.000000 0.000000 0.366235 0.000000 0.000000 0.000000 0.000000 0.000000 0.000000 0.000000 0.000000 0.000000 0.000000 0.000000 0.000000 0.000000 0.000000 0.000000 0.000000 0.983791 0.675699 0.636241 0.621704 0.637373 0.920667 0.618433 0.529130 0.517073 0.535011 0.530910 0.529944 0.527664 0.512757 0.498571 0.474281 0.427781 0.000000 0.701885 0.714557 0.950350 1.026295 0.998205 0.929262 0.833321 0.771144 0.698320 0.580211 0.509830 0.425991 0.000000 0.000000 0.000000 0.000000 0.000000 0.000000 0.000000 0.468868 0.490942 0.470115 0.479158 0.595091 0.768013 0.833017 0.773490 0.651748 0.918093 1.024056 0.963014 0.990621 0.980870 0.936068 0.822702 0.706536 0.566119 0.649501 0.855346 0.799018 0.721559 0.610078 0.465125 0.000000 0.554748 0.692475 0.620981 0.427592 0.000000 0.000000 0.000000 0.000000 0.000000 0.000000 0.000000 0.000000 0.000000 0.000000 0.000000 0.000000 0.000000 0.000000 0.000000 0.000000 0.000000 0.000000 0.000000 0.000000 0.000000 0.000000 0.000000 0.000000 0.000000 0.000000 0.000000 0.000000 0.000000 0.000000 0.000000 0.000000 0.000000 0.000000 0.000000 0.000000 0.000000 0.000000 0.000000 0.000000 0.000000 0.000000 0.000000 0.000000 0.000000 0.000000 0.000000 0.000000 0.000000 0.000000 0.000000 0.000000 0.000000 0.000000 0.000000 0.000000 0.000000 0.000000 0.000000 0.000000 0.000000 0.000000 0.000000 0.000000 0.000000 0.000000 0.000000 0.000000 0.000000 0.000000 0.000000 0.000000 0.000000 0.000000 0.000000 0.000000 0.000000 0.000000 0.000000 0.000000 0.000000 0.000000 0.000000 0.000000 0.000000 0.000000 0.000000 0.000000 0.000000 0.000000 0.000000 0.000000 0.000000 0.000000 0.000000 0.000000 0.000000 0.000000 0.000000 0.000000 0.000000 0.000000 0.000000 0.000000
0.000000 0.000000 0.000000 0.000000 0.000000 0.000000 0.000000 0.000000 0.000000 0.000000 0.000000 0.000000 0.000000 0.000000 0.000000 0.000000 0.000000 0.000000 0.000000 0.410075 0.575780 0.717617 0.905746 0.973228 0.941458 0.911587 0.904181 0.799131 0.597934 0.655488 0.766501 0.785727 0.748749 0.668700 0.578898 0.575721 0.649938 0.732571 0.852482 0.947301 1.001013 1.001592 0.926777 0.827341 0.708784 0.612533 0.705097 0.735992 0.769924 0.798164 0.719638 0.752169 0.847513 0.827582 0.764063 0.693753 0.602078 0.000000 0.000000 0.000000 0.000000 0.000000 0.000000 0.000000 0.000000 0.000000 0.000000 0.000000 0.000000 0.000000 0.000000 0.000000 0.000000 0.000000 0.000000 0.000000 0.000000 0.000000 0.000000 0.000000 0.000000 0.000000 0.000000 0.000000 0.000000 0.000000 0.000000 0.000000 0.000000 0.000000 0.000000 0.000000 0.000000 0.000000 0.530411 0.004000 0.000000 0.000000 0.000000 0.000000 0.000000 0.000000 0.000000 0.000000 0.000000 0.000000 0.000000 0.000000 0.000000 0.000000 0.382835 0.491825 0.501647 0.504512 0.574421 0.648149 0.695849 0.679866 0.643421 0.739978 0.844945 0.767886 0.735995 0.698573 0.631643 0.573414 0.457383 0.000000 0.468349 0.533539 0.539054 0.585986 0.573130 0.596932 0.448510 0.424849 0.432363 0.414407 0.000000 0.000000 0.000000 0.000000 0.454864 0.714522 0.412463 0.000000 0.518354 0.659125 0.699531 0.682863 0.845992 0.834649 0.980016 0.977199 1.025020 1.099724 0.868093 0.804423 1.016564 1.080563 0.759073 0.808707 0.721213 0.639215 0.601278 0.665682 0.755729 0.735482 0.675754 0.530461 0.000000 0.000000 0.465339 0.456915 0.000000 0.000000 0.000000 0.000000 0.000000 0.000000 0.000000 0.000000 0.000000 0.000000 0.000000 0.000000 0.000000 0.000000 0.000000 0.000000 0.000000 0.000000 0.000000 0.000000 0.000000 0.000000 0.000000 0.000000 0.000000 0.000000 0.000000 0.000000 0.000000 0.000000 0.000000 0.000000 0.000000 0.000000 0.000000 0.000000 0.000000 0.000000 0.000000 0.000000 0.000000 0.000000 0.000000 0.000000 0.000000 0.000000 0.000000 0.000000 0.000000 0.000000 0.000000 0.000000 0.000000 0.000000 0.000000 0.000000 0.000000 0.000000 0.000000 0.000000 0.000000 0.000000 0.000000 0.000000 0.000000 0.000000 0.000000 0.000000 0.000000 0.000000 0.000000 0.000000 0.000000 0.000000 0.000000 0.000000 0.000000 0.000000 0.000000 0.000000 0.000000 0.000000 0.000000 0.000000 0.000000 0.000000 0.000000 0.000000 0.000000 0.000000 0.000000 0.000000 0.000000 0.000000 0.000000 0.000000 0.000000 0.000000 0.000000 0.000000 0.000000 0.000000 0.000000 0.000000 0.000000 0.000000
0.000000 0.000000 0.000000 0.000000 0.000000 0.000000 0.000000 0.000000 0.000000 0.000000 0.000000 0.000000 0.000000 0.000000 0.000000 0.000000 0.000000 0.000000 0.004000 0.000000 0.417181 0.515904 0.536903 0.457298 0.004000 0.000000 0.000000 0.000000 0.423778 0.564255 0.561390 0.534670 0.464616 0.647169 0.755363 0.797692 0.820681 0.819680 0.882578 0.932975 0.926493 0.876778 0.793443 0.674683 0.544926 0.459372 0.727602 0.814850 0.854973 0.885694 0.840831 0.820103 0.883151 0.808833 0.675429 0.518286 0.000000 0.000000 0.000000 0.000000 0.000000 0.000000 0.000000 0.000000 0.000000 0.000000 0.000000 0.000000 0.000000 0.000000 0.000000 0.000000 0.000000 0.000000 0.000000 0.000000 0.000000 0.000000 0.000000 0.000000 0.000000 0.000000 0.000000 0.000000 0.000000 0.000000 0.000000 0.000000 0.000000 0.000000 0.000000 0.000000 0.411029 0.414725 0.410313 0.000000 0.000000 0.000000 0.000000 0.000000 0.000000 0.000000 0.000000 0.000000 0.000000 0.000000 0.418176 0.500838 0.472349 0.397912 0.000000 0.000000 0.000000 0.000000 0.584488 0.681568 0.715779 0.663266 0.916190 0.868442 0.912963 0.952669 0.945356 0.929822 0.915516 0.930833 0.884711 0.877114 0.710191 0.598099 0.000000 0.000000 0.000000 0.000000 0.000000 0.000000 0.000000 0.000000 0.000000 0.539598 0.703459 0.726011 0.663250 0.619705 0.580286 0.557224 0.637763 0.787337 0.817306 1.029659 0.836161 0.965574 0.911015 0.910551 0.783562 0.482527 0.490586 0.475602 0.742392 1.097643 0.995145 0.862187 0.837955 0.755314 0.712736 0.735236 0.694919 0.491335 0.521497 0.461879 0.546783 0.535189 0.412927 0.000000 0.000000 0.000000 0.000000 0.000000 0.000000 0.000000 0.000000 0.000000 0.000000 0.000000 0.000000 0.000000 0.000000 0.000000 0.000000 0.000000 0.000000 0.000000 0.000000 0.000000 0.000000 0.000000 0.000000 0.000000 0.000000 0.000000 0.000000 0.000000 0.000000 0.000000 0.000000 0.000000 0.000000 0.000000 0.000000 0.000000 0.000000 0.000000 0.000000 0.000000 0.000000 0.000000 0.000000 0.000000 0.000000 0.000000 0.000000 0.000000 0.000000 0.000000 0.000000 0.000000 0.000000 0.000000 0.000000 0.000000 0.000000 0.000000 0.000000 0.000000 0.000000 0.000000 0.000000 0.000000 0.000000 0.000000 0.000000 0.000000 0.000000 0.000000 0.000000 0.000000 0.000000 0.000000 0.000000 0.000000 0.000000 0.000000 0.000000 0.000000 0.000000 0.000000 0.000000 0.000000 0.000000 0.000000 0.000000 0.000000 0.000000 0.000000 0.000000 0.000000 0.000000 0.000000 0.000000 0.000000 0.000000 0.000000 0.000000 0.000000 0.000000 0.000000 0.000000 0.000000 0.000000 0.000000
0.000000 0.000000 0.000000 0.000000 0.000000 0.000000 0.000000 0.000000 0.000000 0.000000 0.000000 0.000000 0.000000 0.000000 0.000000 0.000000 0.000000 0.000000 0.000000 0.000000 0.000000 0.000000 0.000000 0.000000 0.000000 0.000000 0.000000 0.000000 0.000000 0.000000 0.000000 0.504247 0.653246 0.809447 0.880387 0.877120 0.828230 0.741626 0.633072 0.531140 0.428383 0.000000 0.000000 0.000000 0.000000 0.411514 0.621115 0.675906 0.713720 0.754061 0.734872 0.568946 0.579037 0.616677 0.000000 0.000000 0.000000 0.000000 0.000000 0.000000 0.000000 0.000000 0.000000 0.000000 0.000000 0.000000 0.000000 0.000000 0.000000 0.000000 0.000000 0.000000 0.000000 0.000000 0.000000 0.000000 0.000000 0.000000 0.000000 0.000000 0.000000 0.000000 0.000000 0.000000 0.000000 0.000000 0.000000 0.000000 0.000000 0.000000 0.466358 0.515117 0.507029 0.464652 0.407216 0.000000 0.000000 0.000000 0.000000 0.000000 0.000000 0.000000 0.000000 0.000000 0.000000 0.000000 0.000000 0.000000 0.000000 0.000000 0.000000 0.000000 0.000000 0.000000 0.432828 0.751391 0.558503 0.505692 0.443805 0.684708 0.787748 0.863030 0.909531 0.943280 0.958738 0.950353 0.887844 0.791066 0.690434 0.544857 0.000000 0.434760 0.439814 0.463668 0.454248 0.591839 0.909509 0.771768 0.828363 0.729278 0.708674 0.710069 0.694738 0.724475 0.674917 0.597464 0.577583 0.674951 0.692664 1.015247 0.658843 0.873242 0.722958 0.590968 0.698274 0.562039 0.597722 0.282519 0.793289 0.528697 0.816542 0.903656 0.821705 0.779756 0.583570 0.593834 0.615571 0.690909 0.630409 0.598722 0.524166 0.495575 0.451266 0.000000 0.000000 0.000000 0.000000 0.000000 0.000000 0.000000 0.000000 0.000000 0.000000 0.000000 0.000000 0.000000 0.000000 0.000000 0.000000 0.000000 0.000000 0.000000 0.000000 0.000000 0.000000 0.000000 0.000000 0.000000 0.000000 0.000000 0.000000 0.000000 0.000000 0.000000 0.000000 0.000000 0.000000 0.000000 0.000000 0.000000 0.000000 0.000000 0.000000 0.000000 0.000000 0.000000 0.000000 0.000000 0.000000 0.000000 0.000000 0.000000 0.000000 0.000000 0.000000 0.000000 0.000000 0.000000 0.000000 0.000000 0.000000 0.000000 0.000000 0.000000 0.000000 0.000000 0.000000 0.000000 0.000000 0.000000 0.000000 0.000000 0.000000 0.000000 0.000000 0.000000 0.000000 0.000000 0.000000 0.000000 0.000000 0.000000 0.000000 0.000000 0.000000 0.000000 0.000000 0.000000 0.000000 0.000000 0.000000 0.000000 0.000000 0.000000 0.000000 0.000000 0.000000 0.000000 0.000000 0.000000 0.000000 0.000000 0.000000 0.000000 0.000000 0.000000 0.000000 0.000000 0.000000 0.000000
0.000000 0.000000 0.000000 0.000000 0.000000 0.000000 0.000000 0.000000 0.000000 0.000000 0.000000 0.000000 0.000000 0.000000 0.000000 0.000000 0.000000 0.000000 0.000000 0.000000 0.000000 0.000000 0.000000 0.000000 0.000000 0.622508 0.000000 0.000000 0.495755 0.511374 0.528121 0.469064 0.662852 0.768415 0.723046 0.616026 0.419830 0.000000 0.000000 0.000000 0.000000 0.000000 0.000000 0.000000 0.000000 0.000000 0.415263 0.468248 0.498812 0.563288 0.476090 0.440238 0.389432 0.000000 0.000000 0.000000 0.000000 0.000000 0.000000 0.000000 0.000000 0.000000 0.000000 0.000000 0.000000 0.000000 0.000000 0.000000 0.000000 0.000000 0.000000 0.000000 0.000000 0.000000 0.000000 0.000000 0.000000 0.000000 0.000000 0.000000 0.000000 0.000000 0.000000 0.000000 0.000000 0.000000 0.000000 0.000000 0.000000 0.000000 0.484982 0.465962 0.000000 0.000000 0.000000 0.000000 0.000000 0.000000 0.000000 0.000000 0.000000 0.000000 0.000000 0.000000 0.000000 0.000000 0.000000 0.000000 0.000000 0.000000 0.000000 0.000000 0.000000 0.000000 0.000000 0.000000 0.000000 0.000000 0.000000 0.439294 0.532074 0.609202 0.707294 0.789558 0.836339 0.852902 0.838584 0.671200 0.756995 0.593005 0.548168 0.555045 0.610550 0.606302 0.632683 0.727280 0.972367 1.031798 1.049609 1.060181 0.982676 0.934699 0.901393 0.858095 0.737288 0.686426 0.509915 0.648073 0.592268 0.595773 0.546586 0.723496 0.810254 0.862336 0.884133 0.783579 0.826250 0.753631 0.759151 0.770790 0.873517 0.866487 0.912130 0.865502 0.663570 0.573770 0.621804 0.187835 0.150747 0.590337 0.515798 0.468663 0.417186 0.000000 0.000000 0.000000 0.000000 0.000000 0.000000 0.000000 0.000000 0.000000 0.000000 0.000000 0.000000 0.000000 0.000000 0.000000 0.000000 0.000000 0.000000 0.000000 0.000000 0.000000 0.000000 0.000000 0.000000 0.000000 0.000000 0.000000 0.000000 0.000000 0.000000 0.000000 0.000000 0.000000 0.000000 0.000000 0.000000 0.000000 0.000000 0.000000 0.000000 0.000000 0.000000 0.000000 0.000000 0.000000 0.000000 0.000000 0.000000 0.000000 0.000000 0.000000 0.000000 0.000000 0.000000 0.000000 0.000000 0.000000 0.000000 0.000000 0.000000 0.000000 0.000000 0.000000 0.000000 0.000000 0.000000 0.000000 0.000000 0.000000 0.000000 0.000000 0.000000 0.000000 0.000000 0.000000 0.000000 0.000000 0.000000 0.000000 0.000000 0.000000 0.000000 0.000000 0.000000 0.000000 0.000000 0.000000 0.000000 0.000000 0.000000 0.000000 0.000000 0.000000 0.000000 0.000000 0.000000 0.000000 0.000000 0.000000 0.000000 0.000000 0.000000 0.000000 0.000000 0.000000 0.000000 0.000000
0.000000 0.000000 0.000000 0.000000 0.000000 0.000000 0.000000 0.000000 0.000000 0.000000 0.000000 0.000000 0.000000 0.000000 0.000000 0.000000 0.000000 0.000000 0.000000 0.000000 0.000000 0.000000 0.000000 0.000000 0.000000 1.029630 1.099926 0.000000 0.608294 0.595017 0.624057 0.546301 0.602396 0.708196 0.646949 0.550301 0.000000 0.000000 0.000000 0.000000 0.000000 0.000000 0.399146 0.425196 0.511376 0.580963 0.624302 0.632177 0.620921 0.585481 0.534427 0.467153 0.390314 0.000000 0.000000 0.000000 0.000000 0.000000 0.000000 0.000000 0.000000 0.000000 0.000000 0.000000 0.000000 0.000000 0.000000 0.000000 0.000000 0.000000 0.000000 0.000000 0.000000 0.000000 0.000000 0.000000 0.000000 0.000000 0.000000 0.000000 0.000000 0.000000 0.000000 0.000000 0.000000 0.000000 0.000000 0.000000 0.000000 0.000000 0.000000 0.000000 0.000000 0.000000 0.000000 0.000000 0.000000 0.000000 0.000000 0.000000 0.000000 0.000000 0.000000 0.412819 0.000000 0.000000 0.000000 0.000000 0.000000 0.000000 0.000000 0.000000 0.000000 0.000000 0.000000 0.000000 0.000000 0.000000 0.416297 0.433507 0.429686 0.412186 0.000000 0.481471 0.697122 0.481094 0.725013 0.794658 0.699608 0.699244 0.725729 0.739175 0.737161 0.705710 0.656906 0.735748 0.961131 1.072793 1.064172 1.010605 0.968988 0.913273 0.793692 0.714183 0.838826 0.630588 0.732387 0.620803 0.566850 0.000000 0.532197 0.764311 0.890272 0.991947 1.058394 1.168540 1.076866 0.818521 0.680559 0.545398 0.641494 0.633880 0.533402 0.737880 0.626356 0.624434 0.572480 0.137066 0.103264 0.460270 0.517585 0.515907 0.482559 0.421991 0.000000 0.000000 0.000000 0.000000 0.000000 0.000000 0.000000 0.000000 0.000000 0.000000 0.000000 0.000000 0.000000 0.000000 0.000000 0.000000 0.000000 0.000000 0.000000 0.000000 0.000000 0.000000 0.000000 0.000000 0.000000 0.000000 0.000000 0.000000 0.000000 0.000000 0.000000 0.000000 0.000000 0.000000 0.000000 0.000000 0.000000 0.000000 0.000000 0.000000 0.000000 0.000000 0.000000 0.000000 0.000000 0.000000 0.000000 0.000000 0.000000 0.000000 0.000000 0.000000 0.000000 0.000000 0.000000 0.000000 0.000000 0.000000 0.000000 0.000000 0.000000 0.000000 0.000000 0.000000 0.000000 0.000000 0.000000 0.000000 0.000000 0.000000 0.000000 0.000000 0.000000 0.000000 0.000000 0.000000 0.000000 0.000000 0.000000 0.000000 0.000000 0.000000 0.000000 0.000000 0.000000 0.000000 0.000000 0.000000 0.000000 0.000000 0.000000 0.000000 0.000000 0.000000 0.000000 0.000000 0.000000 0.000000 0.000000 0.000000 0.000000 0.000000 0.000000 0.000000 0.000000 0.000000
0.000000 0.000000 0.000000 0.000000 0.000000 0.000000 0.000000 0.000000 0.000000 0.000000 0.000000 0.000000 0.000000 0.000000 0.000000 0.004000 0.366729 0.586464 0.724676 0.670512 0.568645 0.517758 0.433913 0.451526 0.462104 0.714978 0.442119 0.403233 0.462190 0.623961 0.575257 0.469578 0.451927 0.412602 0.000000 0.000000 0.000000 0.000000 0.418533 0.544498 0.571639 0.531995 0.598145 0.656616 0.701043 0.734622 0.737240 0.706778 0.660664 0.587011 0.500123 0.401626 0.000000 0.000000 0.000000 0.000000 0.000000 0.000000 0.000000 0.000000 0.000000 0.000000 0.000000 0.000000 0.000000 0.000000 0.000000 0.000000 0.000000 0.000000 0.000000 0.000000 0.000000 0.000000 0.000000 0.000000 0.000000 0.000000 0.000000 0.000000 0.000000 0.000000 0.000000 0.000000 0.000000 0.000000 0.000000 0.000000 0.000000 0.000000 0.000000 0.000000 0.000000 0.000000 0.000000 0.000000 0.000000 0.000000 0.000000 0.000000 0.430944 0.487350 0.509030 0.509648 0.473929 0.000000 0.000000 0.000000 0.000000 0.000000 0.000000 0.000000 0.000000 0.000000 0.000000 0.000000 0.465084 0.531711 0.551977 0.548869 0.532601 0.500802 0.464808 0.448723 0.542982 0.644386 0.803698 0.875091 0.877258 0.855648 0.788381 0.732303 0.731690 0.738510 0.753237 0.688422 0.620201 0.994298 1.054328 1.009880 0.908572 0.821719 0.884179 0.837864 0.789877 0.730974 0.696380 0.689186 0.602919 0.455322 0.421026 0.821734 0.932624 1.086234 1.057916 1.106277 0.953603 0.787537 0.720546 0.665013 0.816248 0.858291 0.854578 0.688385 0.714158 0.698443 0.680594 1.461204 0.561936 0.686440 0.657064 0.643642 0.569562 0.410911 0.000000 0.000000 0.000000 0.000000 0.000000 0.000000 0.000000 0.000000 0.000000 0.000000 0.000000 0.000000 0.000000 0.000000 0.000000 0.000000 0.000000 0.000000 0.000000 0.000000 0.000000 0.000000 0.000000 0.000000 0.000000 0.000000 0.000000 0.000000 0.000000 0.000000 0.000000 0.000000 0.000000 0.000000 0.000000 0.000000 0.000000 0.000000 0.000000 0.000000 0.000000 0.000000 0.000000 0.000000 0.000000 0.000000 0.000000 0.000000 0.000000 0.000000 0.000000 0.000000 0.000000 0.000000 0.000000 0.000000 0.000000 0.000000 0.000000 0.000000 0.000000 0.000000 0.000000 0.000000 0.000000 0.000000 0.000000 0.000000 0.000000 0.000000 0.000000 0.000000 0.000000 0.000000 0.000000 0.000000 0.000000 0.000000 0.000000 0.000000 0.000000 0.000000 0.000000 0.000000 0.000000 0.000000 0.000000 0.000000 0.000000 0.000000 0.000000 0.000000 0.000000 0.000000 0.000000 0.000000 0.000000 0.000000 0.000000 0.000000 0.000000 0.000000 0.000000 0.000000 0.000000 0.000000
0.000000 0.000000 0.000000 0.000000 0.000000 0.000000 0.000000 0.000000 0.000000 0.000000 0.000000 0.000000 0.000000 0.000000 0.000000 0.483077 0.735205 1.058824 0.994601 0.842073 0.737417 0.679598 0.630264 0.840283 1.018928 0.554653 0.608707 0.653960 0.790947 0.813021 0.732316 0.556202 0.459314 0.000000 0.000000 0.000000 0.445900 0.627229 0.729038 0.768324 0.731848 0.692084 0.792424 0.816895 0.825483 0.814407 0.765820 0.685454 0.586709 0.479887 0.000000 0.000000 0.000000 0.000000 0.000000 0.000000 0.000000 0.000000 0.000000 0.000000 0.000000 0.000000 0.000000 0.000000 0.000000 0.000000 0.000000 0.000000 0.000000 0.000000 0.000000 0.000000 0.000000 0.000000 0.000000 0.000000 0.000000 0.000000 0.000000 0.000000 0.000000 0.000000 0.000000 0.000000 0.000000 0.000000 0.000000 0.000000 0.000000 0.000000 0.000000 0.000000 0.000000 0.000000 0.000000 0.424051 0.554482 0.611347 0.618575 0.558414 0.558025 0.583818 0.588558 0.571416 0.514412 0.404216 0.412493 0.000000 0.000000 0.000000 0.000000 0.000000 0.000000 0.000000 0.000000 0.000000 0.571074 0.629233 0.654365 0.670734 0.679742 0.732677 0.627364 0.648793 0.719149 0.861936 0.949742 1.424965 1.301561 0.996883 0.949211 0.896134 0.745935 0.691586 0.519122 0.505446 0.697379 0.744222 0.944835 0.964898 0.868209 0.779115 0.793123 0.740059 0.685766 0.469104 0.559276 0.562390 0.508852 0.486613 0.464963 0.543553 0.547960 0.733744 0.817813 0.774211 0.660027 0.642936 0.861410 0.882262 1.072917 1.058929 0.879379 0.853205 1.033065 0.788993 0.710959 0.679893 0.645413 0.219454 0.211309 0.600486 0.697412 0.455323 0.000000 0.000000 0.000000 0.000000 0.000000 0.000000 0.000000 0.000000 0.000000 0.000000 0.000000 0.000000 0.000000 0.000000 0.000000 0.000000 0.000000 0.000000 0.000000 0.000000 0.000000 0.000000 0.000000 0.000000 0.000000 0.000000 0.000000 0.000000 0.000000 0.000000 0.000000 0.000000 0.000000 0.000000 0.000000 0.000000 0.000000 0.000000 0.000000 0.000000 0.000000 0.000000 0.000000 0.000000 0.000000 0.000000 0.000000 0.000000 0.000000 0.000000 0.000000 0.000000 0.000000 0.000000 0.000000 0.000000 0.000000 0.000000 0.000000 0.000000 0.000000 0.000000 0.000000 0.000000 0.000000 0.000000 0.000000 0.000000 0.000000 0.000000 0.000000 0.000000 0.000000 0.000000 0.000000 0.000000 0.000000 0.000000 0.000000 0.000000 0.000000 0.000000 0.000000 0.000000 0.000000 0.000000 0.000000 0.000000 0.000000 0.000000 0.000000 0.000000 0.000000 0.000000 0.000000 0.000000 0.000000 0.000000 0.000000 0.000000 0.000000 0.000000 0.000000 0.000000 0.000000 0.000000
0.000000 0.000000 0.000000 0.000000 0.000000 0.000000 0.000000 0.000000 0.000000 0.000000 0.000000 0.000000 0.000000 0.000000 0.638146 1.078345 0.922575 0.927261 0.950762 0.946203 0.893796 0.905795 0.752723 0.684840 0.677721 0.798729 0.902179 0.999274 0.996486 0.891897 0.793902 0.559904 0.571908 0.553056 0.435200 0.542497 0.725481 0.910007 0.968499 0.969608 0.930280 0.851515 0.814764 0.812553 0.716758 0.714595 0.647559 0.580129 0.532332 0.534581 0.523809 0.479475 0.000000 0.000000 0.000000 0.000000 0.000000 0.000000 0.000000 0.000000 0.000000 0.000000 0.000000 0.000000 0.538544 0.576464 0.571184 0.519341 0.000000 0.000000 0.000000 0.000000 0.000000 0.000000 0.000000 0.000000 0.000000 0.000000 0.000000 0.000000 0.000000 0.000000 0.000000 0.000000 0.000000 0.000000 0.000000 0.000000 0.404070 0.429741 0.437345 0.420327 0.000000 0.000000 0.000000 0.687564 0.768854 0.770464 0.691884 0.568194 0.631669 0.640914 0.624020 0.585874 0.499631 0.000000 0.000000 0.000000 0.000000 0.000000 0.000000 0.000000 0.000000 0.000000 0.000000 0.000000 0.000000 0.000000 0.420362 0.552402 0.655768 0.682645 0.738489 0.758267 0.780818 0.974115 0.968047 0.931944 1.006237 0.982080 0.927139 0.946647 0.850163 0.741479 0.685891 0.711384 0.783299 0.716883 0.796672 0.762371 0.702576 0.741566 0.734803 0.702078 0.626014 0.489388 0.510233 0.564797 0.647429 0.676973 0.641049 0.589992 0.493392 0.609277 0.664560 0.888898 0.835450 0.669589 0.934852 0.930008 0.981295 0.398491 0.440293 0.628579 0.607936 0.480828 0.411384 0.334341 0.294017 0.158704 0.161545 0.181876 0.493481 0.514691 0.505113 0.000000 0.000000 0.000000 0.000000 0.000000 0.000000 0.000000 0.000000 0.000000 0.000000 0.000000 0.000000 0.000000 0.000000 0.000000 0.000000 0.000000 0.000000 0.000000 0.000000 0.000000 0.000000 0.000000 0.000000 0.000000 0.000000 0.000000 0.000000 0.000000 0.000000 0.000000 0.000000 0.000000 0.000000 0.000000 0.000000 0.000000 0.000000 0.000000 0.000000 0.000000 0.000000 0.000000 0.000000 0.000000 0.000000 0.000000 0.000000 0.000000 0.000000 0.000000 0.000000 0.000000 0.000000 0.000000 0.000000 0.000000 0.000000 0.000000 0.000000 0.000000 0.000000 0.000000 0.000000 0.000000 0.000000 0.000000 0.000000 0.000000 0.000000 0.000000 0.000000 0.000000 0.000000 0.000000 0.000000 0.000000 0.000000 0.000000 0.000000 0.000000 0.000000 0.000000 0.000000 0.000000 0.000000 0.000000 0.000000 0.000000 0.000000 0.000000 0.000000 0.000000 0.000000 0.000000 0.000000 0.000000 0.000000 0.000000 0.000000 0.000000 0.000000 0.000000 0.000000 0.000000
0.000000 0.000000 0.000000 0.000000 0.000000 0.000000 0.000000 0.000000 0.000000 0.000000 0.000000 0.000000 0.456315 0.512272 0.783816 1.290744 1.080578 1.142492 1.131005 1.049971 0.978744 0.731794 0.702763 0.741120 0.792836 0.801116 0.909057 0.915451 0.843161 0.704911 0.523934 0.567386 0.520808 0.569938 0.588845 0.855280 0.867535 0.927662 0.968762 1.026160 0.942384 0.812544 0.591919 0.580365 0.558621 0.493895 0.501349 0.497731 0.392937 0.442127 0.410639 0.000000 0.000000 0.000000 0.412838 0.406358 0.000000 0.000000 0.000000 0.000000 0.000000 0.000000 0.000000 0.542886 0.648728 0.689548 0.673555 0.605520 0.446771 0.000000 0.000000 0.000000 0.000000 0.000000 0.000000 0.000000 0.000000 0.000000 0.000000 0.000000 0.000000 0.000000 0.000000 0.000000 0.000000 0.429248 0.479653 0.504565 0.499301 0.464570 0.420327 0.413140 0.447260 0.000000 0.666042 0.673459 0.729650 0.646033 0.552968 0.442512 0.631512 0.632329 0.589797 0.530104 0.433657 0.000000 0.000000 0.000000 0.000000 0.000000 0.000000 0.000000 0.000000 0.000000 0.000000 0.000000 0.000000 0.000000 0.000000 0.000000 0.000000 0.000000 0.429902 0.492672 0.495896 0.558319 0.680291 0.738330 0.829349 0.868445 0.757334 0.859835 0.803098 0.731388 0.662867 0.676579 0.622977 0.634261 0.421001 0.711532 0.685967 0.656672 0.640737 0.747640 0.711331 0.748813 0.755515 0.901556 0.946391 0.923693 0.914858 0.571412 0.689592 0.660231 0.668695 0.634895 0.721762 0.718112 0.613293 0.771349 0.804399 0.733569 0.217349 0.545798 0.514110 0.482674 0.360320 0.282279 0.246918 0.263653 0.249134 0.267457 0.561039 0.602832 0.439707 0.000000 0.000000 0.000000 0.000000 0.000000 0.000000 0.000000 0.000000 0.000000 0.000000 0.000000 0.000000 0.000000 0.000000 0.000000 0.000000 0.000000 0.000000 0.000000 0.000000 0.000000 0.000000 0.000000 0.000000 0.000000 0.000000 0.000000 0.000000 0.000000 0.000000 0.000000 0.000000 0.000000 0.000000 0.000000 0.000000 0.000000 0.000000 0.000000 0.000000 0.000000 0.000000 0.000000 0.000000 0.000000 0.000000 0.000000 0.000000 0.000000 0.000000 0.000000 0.000000 0.000000 0.000000 0.000000 0.000000 0.000000 0.000000 0.000000 0.000000 0.000000 0.000000 0.000000 0.000000 0.000000 0.000000 0.000000 0.000000 0.000000 0.000000 0.000000 0.000000 0.000000 0.000000 0.000000 0.000000 0.000000 0.000000 0.000000 0.000000 0.000000 0.000000 0.000000 0.000000 0.000000 0.000000 0.000000 0.000000 0.000000 0.000000 0.000000 0.000000 0.000000 0.000000 0.000000 0.000000 0.000000 0.000000 0.000000 0.000000 0.000000 0.000000 0.000000 0.000000 0.000000
0.000000 0.000000 0.000000 0.000000 0.000000 0.000000 0.000000 0.000000 0.000000 0.000000 0.000000 0.532952 0.525194 0.628988 0.822802 0.952859 1.143824 1.245547 1.157883 1.079993 0.860141 0.718350 0.790411 0.846843 0.838118 0.779985 1.005057 1.150638 1.004377 0.748270 0.594736 0.609013 0.740850 0.822481 0.780826 0.806374 0.929801 0.950875 0.967099 0.894983 0.651645 0.592961 0.506735 0.506921 0.514001 0.508751 0.475425 0.426771 0.381953 0.000000 0.000000 0.459972 0.535823 0.604312 0.613863 0.562470 0.474368 0.000000 0.000000 0.000000 0.000000 0.000000 0.000000 0.000000 0.000000 0.000000 0.000000 0.000000 0.401440 0.000000 0.000000 0.000000 0.000000 0.000000 0.000000 0.000000 0.000000 0.000000 0.000000 0.000000 0.000000 0.000000 0.000000 0.000000 0.000000 0.000000 0.393510 0.417554 0.410849 0.000000 0.000000 0.424432 0.546415 0.512009 0.000000 0.553595 0.522243 0.463527 0.000000 0.404270 0.401438 0.531462 0.510126 0.450056 0.478577 0.495267 0.486418 0.454249 0.404317 0.000000 0.000000 0.000000 0.000000 0.000000 0.000000 0.000000 0.000000 0.000000 0.000000 0.000000 0.000000 0.000000 0.000000 0.000000 0.000000 0.000000 0.422887 0.614129 0.674098 0.730398 0.762401 0.739988 0.723329 0.824435 0.764606 0.686241 0.636581 0.656993 0.696928 0.202048 0.193550 0.586214 0.655884 0.803574 0.739192 0.672846 0.778617 0.766976 0.882391 0.948292 0.709826 0.762752 0.537750 0.533967 0.717399 0.683773 0.664422 0.717010 0.671957 0.877080 0.872531 0.669324 0.205602 0.225244 0.185738 0.357819 0.378301 0.328729 0.382812 0.427905 0.408441 0.705897 0.609446 0.610499 0.455452 0.000000 0.000000 0.000000 0.000000 0.000000 0.000000 0.000000 0.000000 0.000000 0.000000 0.000000 0.000000 0.000000 0.000000 0.000000 0.000000 0.000000 0.000000 0.000000 0.000000 0.000000 0.000000 0.000000 0.000000 0.000000 0.000000 0.000000 0.000000 0.000000 0.000000 0.000000 0.000000 0.000000 0.000000 0.000000 0.000000 0.000000 0.000000 0.000000 0.000000 0.000000 0.000000 0.000000 0.000000 0.000000 0.000000 0.000000 0.000000 0.000000 0.000000 0.000000 0.000000 0.000000 0.000000 0.000000 0.000000 0.000000 0.000000 0.000000 0.000000 0.000000 0.000000 0.000000 0.000000 0.000000 0.000000 0.000000 0.000000 0.000000 0.000000 0.000000 0.000000 0.000000 0.000000 0.000000 0.000000 0.000000 0.000000 0.000000 0.000000 0.000000 0.000000 0.000000 0.000000 0.000000 0.000000 0.000000 0.000000 0.000000 0.000000 0.000000 0.000000 0.000000 0.000000 0.000000 0.000000 0.000000 0.000000 0.000000 0.000000 0.000000 0.000000 0.000000 0.000000 0.000000
0.000000 0.000000 0.000000 0.000000 0.000000 0.000000 0.000000 0.000000 0.000000 0.000000 0.000000 0.000000 0.000000 0.504446 0.714861 1.473903 1.360584 1.358295 1.254598 1.047060 0.814536 0.791275 0.723098 0.930631 0.737143 0.675551 0.738500 0.950103 0.859000 0.827871 0.840715 0.818720 0.772962 0.796547 0.824397 0.786244 1.331361 0.849514 0.721678 0.610409 0.468332 0.530365 0.566483 0.566890 0.573692 0.565919 0.525862 0.459958 0.388761 0.000000 0.000000 0.412824 0.466354 0.491702 0.489028 0.446263 0.000000 0.000000 0.000000 0.000000 0.000000 0.000000 0.000000 0.000000 0.000000 0.000000 0.000000 0.000000 0.000000 0.000000 0.000000 0.000000 0.000000 0.000000 0.000000 0.000000 0.000000 0.000000 0.000000 0.000000 0.000000 0.000000 0.000000 0.000000 0.000000 0.000000 0.000000 0.000000 0.000000 0.000000 0.000000 0.000000 0.000000 0.000000 0.000000 0.000000 0.000000 0.000000 0.176052 0.004000 0.395091 0.478106 0.555082 0.591852 0.591799 0.590696 0.567704 0.525221 0.467560 0.403657 0.000000 0.000000 0.000000 0.000000 0.000000 0.000000 0.000000 0.000000 0.000000 0.000000 0.000000 0.000000 0.000000 0.000000 0.000000 0.000000 0.000000 0.000000 0.000000 0.601179 0.424845 0.614247 0.661295 0.789378 0.748944 0.710666 0.682940 0.750344 0.747458 0.693708 0.719361 1.248327 0.871306 0.841048 0.738664 0.646599 0.651862 0.575068 0.649462 0.669340 0.332054 0.715399 0.657842 0.707846 0.691256 0.884782 0.692198 0.735722 0.863095 0.797713 0.605831 0.408448 0.557589 0.549709 0.591901 0.498635 0.378343 0.307680 0.213971 0.270581 0.614054 0.683165 0.673713 0.599064 0.419482 0.000000 0.000000 0.000000 0.000000 0.000000 0.000000 0.000000 0.508183 0.000000 0.000000 0.000000 0.000000 0.000000 0.000000 0.000000 0.000000 0.000000 0.000000 0.000000 0.000000 0.000000 0.000000 0.000000 0.000000 0.000000 0.000000 0.000000 0.000000 0.000000 0.000000 0.000000 0.000000 0.000000 0.000000 0.000000 0.000000 0.000000 0.000000 0.000000 0.000000 0.000000 0.000000 0.000000 0.000000 0.000000 0.000000 0.000000 0.000000 0.000000 0.000000 0.000000 0.000000 0.000000 0.000000 0.000000 0.000000 0.000000 0.000000 0.000000 0.000000 0.000000 0.000000 0.000000 0.000000 0.000000 0.000000 0.000000 0.000000 0.000000 0.000000 0.000000 0.000000 0.000000 0.000000 0.000000 0.000000 0.000000 0.000000 0.000000 0.000000 0.000000 0.000000 0.000000 0.000000 0.000000 0.000000 0.000000 0.000000 0.000000 0.000000 0.000000 0.000000 0.000000 0.000000 0.000000 0.000000 0.000000 0.000000 0.000000 0.000000 0.000000 0.000000 0.000000 0.000000 0.000000
0.000000 0.000000 0.000000 0.000000 0.000000 0.000000 0.000000 0.000000 0.000000 0.000000 0.000000 0.000000 0.000000 0.000000 0.000000 0.483859 1.049852 1.282426 1.128956 0.914028 0.839104 0.674465 1.498872 0.897022 0.876893 0.858523 0.997891 1.013342 0.993715 0.908905 1.002317 0.963675 0.874940 0.873523 0.677574 0.633388 0.635757 0.614947 0.524692 0.517619 0.592365 0.628810 0.623760 0.580144 0.530763 0.472091 0.408396 0.000000 0.000000 0.000000 0.000000 0.000000 0.000000 0.000000 0.000000 0.000000 0.000000 0.000000 0.000000 0.000000 0.000000 0.000000 0.000000 0.000000 0.000000 0.000000 0.000000 0.000000 0.000000 0.000000 0.000000 0.000000 0.000000 0.000000 0.000000 0.000000 0.000000 0.000000 0.000000 0.000000 0.000000 0.000000 0.000000 0.000000 0.000000 0.000000 0.000000 0.000000 0.000000 0.000000 0.000000 0.000000 0.000000 0.000000 0.000000 0.000000 0.000000 0.000000 0.000000 0.000000 0.000000 0.449668 0.626067 0.700520 0.712448 0.693461 0.661841 0.614635 0.559560 0.497936 0.429431 0.000000 0.000000 0.419733 0.402123 0.000000 0.000000 0.000000 0.000000 0.000000 0.000000 0.000000 0.000000 0.000000 0.000000 0.000000 0.000000 0.000000 0.000000 0.000000 0.379433 0.490950 0.813739 0.732086 0.553324 0.496947 0.662853 0.547767 0.977697 0.788044 0.713739 0.746209 0.823236 0.761059 0.824052 0.884310 0.857633 0.350800 0.559531 0.843106 1.006948 0.835842 0.682414 0.773546 0.784026 0.776981 0.760065 0.746023 0.694895 0.805320 0.714636 0.814120 0.898750 0.890455 0.947871 0.972507 1.065181 0.769009 0.658418 0.733914 0.727214 0.610618 0.518991 0.466863 0.398160 0.000000 0.000000 0.000000 0.000000 0.000000 0.000000 0.000000 0.000000 0.000000 0.000000 0.000000 0.000000 0.000000 0.000000 0.000000 0.000000 0.000000 0.000000 0.000000 0.000000 0.000000 0.000000 0.000000 0.000000 0.000000 0.000000 0.000000 0.000000 0.000000 0.000000 0.000000 0.000000 0.000000 0.000000 0.000000 0.000000 0.000000 0.000000 0.000000 0.000000 0.000000 0.000000 0.000000 0.000000 0.000000 0.000000 0.000000 0.000000 0.000000 0.000000 0.000000 0.000000 0.000000 0.000000 0.000000 0.000000 0.000000 0.000000 0.000000 0.000000 0.000000 0.000000 0.000000 0.000000 0.000000 0.000000 0.000000 0.000000 0.000000 0.000000 0.000000 0.000000 0.000000 0.000000 0.000000 0.000000 0.000000 0.000000 0.000000 0.000000 0.000000 0.000000 0.000000 0.000000 0.000000 0.000000 0.000000 0.000000 0.000000 0.000000 0.000000 0.000000 0.000000 0.000000 0.000000 0.000000 0.000000 0.000000 0.000000 0.000000 0.000000 0.000000 0.000000 0.000000 0.000000
0.000000 0.000000 0.000000 0.000000 0.000000 0.000000 0.000000 0.000000 0.000000 0.000000 0.000000 0.000000 0.000000 0.000000 0.000000 0.000000 0.428831 0.708279 0.842301 0.810268 0.638689 0.702804 0.890364 0.935434 0.933047 0.866208 0.778826 0.878247 0.915906 0.943293 1.021493 0.952277 0.851095 0.791011 0.681215 0.550764 0.442290 0.544705 0.575817 0.562809 0.588232 0.611111 0.594743 0.531155 0.460794 0.397106 0.000000 0.000000 0.000000 0.000000 0.000000 0.000000 0.000000 0.000000 0.000000 0.000000 0.000000 0.000000 0.000000 0.000000 0.000000 0.000000 0.000000 0.000000 0.000000 0.000000 0.000000 0.000000 0.000000 0.000000 0.000000 0.000000 0.000000 0.000000 0.000000 0.000000 0.000000 0.000000 0.000000 0.000000 0.000000 0.000000 0.000000 0.000000 0.000000 0.000000 0.000000 0.000000 0.000000 0.000000 0.000000 0.580420 0.528778 0.512697 0.446403 0.000000 0.421110 0.404353 0.697280 0.000000 0.000000 0.000000 0.531129 0.617678 0.634003 0.622467 0.590149 0.549698 0.495576 0.438118 0.475183 0.573504 0.612156 0.568902 0.499426 0.439356 0.000000 0.000000 0.000000 0.000000 0.000000 0.000000 0.000000 0.000000 0.000000 0.000000 0.000000 0.000000 0.535777 0.415814 0.536889 0.602289 0.644107 0.652659 0.476691 0.496232 0.653107 0.774842 0.759910 0.702921 0.643810 0.689244 0.683461 0.860404 0.930445 0.956129 0.903809 0.669074 0.733445 0.783884 0.378721 0.351589 0.795712 0.761885 0.744741 0.702018 0.681399 0.652439 0.779556 0.874858 0.924044 0.767247 0.895570 1.338659 0.664683 0.737169 0.545555 0.536699 0.130290 0.465963 0.603940 0.526782 0.465323 0.419817 0.000000 0.000000 0.000000 0.000000 0.000000 0.000000 0.000000 0.000000 0.000000 0.000000 0.000000 0.000000 0.000000 0.000000 0.000000 0.000000 0.000000 0.000000 0.000000 0.000000 0.000000 0.000000 0.000000 0.000000 0.000000 0.000000 0.000000 0.000000 0.000000 0.000000 0.000000 0.000000 0.000000 0.000000 0.000000 0.000000 0.000000 0.000000 0.000000 0.000000 0.000000 0.000000 0.000000 0.000000 0.000000 0.000000 0.000000 0.000000 0.000000 0.000000 0.000000 0.000000 0.000000 0.000000 0.000000 0.000000 0.000000 0.000000 0.000000 0.000000 0.000000 0.000000 0.000000 0.000000 0.000000 0.000000 0.000000 0.000000 0.000000 0.000000 0.000000 0.000000 0.000000 0.000000 0.000000 0.000000 0.000000 0.000000 0.000000 0.000000 0.000000 0.000000 0.000000 0.000000 0.000000 0.000000 0.000000 0.000000 0.000000 0.000000 0.000000 0.000000 0.000000 0.000000 0.000000 0.000000 0.000000 0.000000 0.000000 0.000000 0.000000 0.000000 0.000000 0.000000 0.000000 0.000000
0.000000 0.000000 0.000000 0.000000 0.000000 0.000000 0.000000 0.000000 0.000000 0.000000 0.000000 0.000000 0.000000 0.000000 0.000000 0.519861 0.957652 1.019668 0.986691 0.922732 0.959653 0.768568 0.583251 0.563240 0.760461 0.777475 0.765853 0.774985 0.819614 0.814883 0.792831 0.741934 0.694003 0.753911 0.565860 0.595936 0.595396 0.593071 0.573762 0.542997 0.471460 0.450800 0.422678 0.393949 0.000000 0.000000 0.000000 0.000000 0.000000 0.000000 0.000000 0.000000 0.000000 0.000000 0.000000 0.000000 0.000000 0.000000 0.000000 0.000000 0.000000 0.000000 0.000000 0.000000 0.000000 0.000000 0.000000 0.000000 0.000000 0.000000 0.000000 0.000000 0.000000 0.000000 0.000000 0.000000 0.000000 0.000000 0.000000 0.000000 0.000000 0.000000 0.000000 0.000000 0.678199 0.000000 0.000000 0.000000 0.000000 0.000000 0.575756 0.795541 0.658371 0.585583 0.481693 0.000000 0.451148 0.436312 0.000000 0.000000 0.000000 0.000000 0.391247 0.384852 0.403363 0.410803 0.000000 0.000000 0.000000 0.000000 0.474393 0.495605 0.560739 0.564417 0.506085 0.421101 0.000000 0.000000 0.439207 0.585404 0.413944 0.376997 0.385860 0.379891 0.211643 0.388975 0.455853 0.487887 0.480071 0.440123 0.511866 0.591162 0.615487 0.620012 0.610057 0.647931 0.724313 0.816041 0.762297 0.724778 0.688617 0.638088 0.920165 0.928305 0.976562 1.000027 0.387191 0.193694 0.217000 0.355569 0.404032 0.398419 0.366799 0.666270 0.665190 0.663901 0.686991 0.685649 0.687439 0.734343 0.758430 0.751507 0.748266 0.404872 0.188104 0.172520 0.591978 0.580190 0.655965 0.586772 0.409389 0.000000 0.000000 0.000000 0.000000 0.000000 0.000000 0.000000 0.000000 0.000000 0.000000 0.000000 0.000000 0.000000 0.000000 0.000000 0.000000 0.000000 0.000000 0.000000 0.000000 0.000000 0.000000 0.000000 0.000000 0.000000 0.000000 0.000000 0.000000 0.000000 0.000000 0.000000 0.000000 0.000000 0.000000 0.000000 0.000000 0.000000 0.000000 0.000000 0.000000 0.000000 0.000000 0.000000 0.000000 0.000000 0.000000 0.000000 0.000000 0.000000 0.000000 0.000000 0.000000 0.000000 0.000000 0.000000 0.000000 0.000000 0.000000 0.000000 0.000000 0.000000 0.000000 0.000000 0.000000 0.000000 0.000000 0.000000 0.000000 0.000000 0.000000 0.000000 0.000000 0.000000 0.000000 0.000000 0.000000 0.000000 0.000000 0.000000 0.000000 0.000000 0.000000 0.000000 0.000000 0.000000 0.000000 0.000000 0.000000 0.000000 0.000000 0.000000 0.000000 0.000000 0.000000 0.000000 0.000000 0.000000 0.000000 0.000000 0.000000 0.000000 0.000000 0.000000 0.000000 0.000000 0.000000 0.000000 0.000000 0.000000
0.000000 0.000000 0.000000 0.000000 0.000000 0.000000 0.000000 0.000000 0.000000 0.000000 0.000000 0.000000 0.000000 0.004000 0.000000 1.431252 1.446304 1.886901 1.188064 0.973521 0.803195 0.784587 0.769740 0.731451 0.762978 0.791610 0.910376 1.029586 1.063724 1.013047 0.926318 0.810617 0.654248 0.653897 0.685052 0.684591 0.630437 0.594508 0.538028 0.488785 0.383723 0.000000 0.000000 0.000000 0.000000 0.000000 0.000000 0.000000 0.000000 0.000000 0.000000 0.000000 0.000000 0.000000 0.000000 0.000000 0.000000 0.000000 0.000000 0.000000 0.000000 0.000000 0.000000 0.000000 0.000000 0.000000 0.000000 0.000000 0.000000 0.000000 0.000000 0.000000 0.000000 0.000000 0.000000 0.000000 0.000000 0.000000 0.000000 0.000000 0.000000 0.000000 0.000000 0.000000 0.664765 0.000000 0.000000 0.000000 0.000000 0.453279 0.670376 0.688438 0.656688 0.536193 0.000000 0.000000 0.000000 0.000000 0.000000 0.000000 0.000000 0.000000 0.000000 0.000000 0.000000 0.000000 0.000000 0.000000 0.000000 0.000000 0.000000 0.443672 0.861383 0.612496 0.597097 0.709130 0.802315 0.778435 0.683632 0.565651 0.561359 0.546914 0.465031 0.694231 0.491755 0.495841 0.556914 0.685306 0.592971 0.616244 0.712672 0.734697 0.691231 0.651829 0.608742 0.646981 0.706909 0.627504 0.741092 0.758000 0.664034 0.770776 0.890258 1.019287 0.436654 0.772650 0.283961 0.222980 0.209863 0.315380 0.335788 0.374649 0.228742 0.219885 0.263811 0.635659 0.733591 0.781745 0.800938 0.767760 0.735494 0.300818 0.338422 0.392222 0.647761 0.577875 0.656548 0.600131 0.555551 0.409122 0.000000 0.000000 0.000000 0.000000 0.000000 0.000000 0.000000 0.000000 0.000000 0.000000 0.000000 0.000000 0.000000 0.000000 0.000000 0.000000 0.000000 0.000000 0.000000 0.000000 0.000000 0.000000 0.000000 0.000000 0.000000 0.000000 0.000000 0.000000 0.000000 0.000000 0.000000 0.000000 0.000000 0.000000 0.000000 0.000000 0.000000 0.000000 0.000000 0.000000 0.000000 0.000000 0.000000 0.000000 0.000000 0.000000 0.000000 0.000000 0.000000 0.000000 0.000000 0.000000 0.000000 0.000000 0.000000 0.000000 0.000000 0.000000 0.000000 0.000000 0.000000 0.000000 0.000000 0.000000 0.000000 0.000000 0.000000 0.000000 0.000000 0.000000 0.000000 0.000000 0.000000 0.000000 0.000000 0.000000 0.000000 0.000000 0.000000 0.000000 0.000000 0.000000 0.000000 0.000000 0.000000 0.000000 0.000000 0.000000 0.000000 0.000000 0.000000 0.000000 0.000000 0.000000 0.000000 0.000000 0.000000 0.000000 0.000000 0.000000 0.000000 0.000000 0.000000 0.000000 0.000000 0.000000 0.000000 0.000000 0.000000 0.000000
0.000000 0.000000 0.000000 0.000000 0.000000 0.000000 0.000000 0.000000 0.000000 0.000000 0.000000 0.000000 0.000000 0.000000 0.000000 0.902032 1.132345 1.159729 0.913375 0.824415 0.777654 0.840572 0.891860 0.874139 0.968683 0.964232 0.954396 1.037862 0.870420 0.966065 0.851785 0.732487 0.421261 0.675058 0.739860 0.711796 0.626909 0.651009 0.635394 0.593934 0.533969 0.476697 0.423013 0.374658 0.000000 0.000000 0.000000 0.000000 0.000000 0.000000 0.000000 0.000000 0.000000 0.000000 0.000000 0.000000 0.000000 0.000000 0.000000 0.000000 0.000000 0.000000 0.000000 0.000000 0.000000 0.000000 0.000000 0.000000 0.000000 0.000000 0.000000 0.000000 0.000000 0.000000 0.000000 0.000000 0.000000 0.000000 0.000000 0.000000 0.000000 0.000000 0.000000 0.000000 0.000000 0.000000 0.000000 0.000000 0.000000 0.000000 0.000000 0.455746 0.432673 0.000000 0.000000 0.000000 0.000000 0.000000 0.000000 0.000000 0.000000 0.000000 0.000000 0.000000 0.000000 0.000000 0.000000 0.000000 0.394157 0.489537 0.578248 0.659631 0.697257 0.740435 0.800335 0.824950 0.849361 0.809038 0.678317 0.633990 0.618997 0.576536 0.491119 0.456143 0.415622 0.004000 0.735309 0.836071 0.841464 0.809190 0.784034 0.745186 0.699466 0.768803 0.759302 0.764169 0.801158 0.828813 0.806263 0.809341 0.855644 0.716051 0.886929 0.979977 0.811205 0.492159 0.270008 0.099851 0.268141 0.334827 0.241666 0.279548 0.366874 0.384720 0.360363 0.257886 0.257981 0.356218 0.359964 0.349870 0.378099 0.425263 0.447388 0.465149 0.449714 0.664912 0.768792 0.640881 0.481876 0.440005 0.393950 0.000000 0.000000 0.000000 0.000000 0.000000 0.000000 0.422282 0.000000 0.000000 0.000000 0.000000 0.000000 0.000000 0.000000 0.000000 0.000000 0.000000 0.000000 0.000000 0.000000 0.000000 0.000000 0.000000 0.000000 0.000000 0.000000 0.000000 0.000000 0.000000 0.000000 0.000000 0.000000 0.000000 0.000000 0.000000 0.000000 0.000000 0.000000 0.000000 0.000000 0.000000 0.000000 0.000000 0.000000 0.000000 0.000000 0.000000 0.000000 0.000000 0.000000 0.000000 0.000000 0.000000 0.000000 0.000000 0.000000 0.000000 0.000000 0.000000 0.000000 0.000000 0.000000 0.000000 0.000000 0.000000 0.000000 0.000000 0.000000 0.000000 0.000000 0.000000 0.000000 0.000000 0.000000 0.000000 0.000000 0.000000 0.000000 0.000000 0.000000 0.000000 0.000000 0.000000 0.000000 0.000000 0.000000 0.000000 0.000000 0.000000 0.000000 0.000000 0.000000 0.000000 0.000000 0.000000 0.000000 0.000000 0.000000 0.000000 0.000000 0.000000 0.000000 0.000000 0.000000 0.000000 0.000000 0.000000 0.000000 0.000000
0.000000 0.000000 0.000000 0.000000 0.000000 0.000000 0.000000 0.000000 0.000000 0.000000 0.000000 0.000000 0.000000 0.000000 0.000000 0.421093 0.693118 0.844698 1.014267 0.820201 0.642952 0.713034 0.773192 0.818655 0.835815 0.812318 0.841470 0.654854 0.740034 0.866926 0.628934 0.605038 0.556810 0.582080 0.696775 0.750298 0.825661 0.879194 0.842108 0.760371 0.678315 0.598652 0.522670 0.458543 0.396012 0.000000 0.000000 0.000000 0.000000 0.000000 0.000000 0.000000 0.000000 0.000000 0.000000 0.000000 0.000000 0.000000 0.453910 0.456517 0.393855 0.000000 0.000000 0.000000 0.000000 0.000000 0.000000 0.000000 0.000000 0.000000 0.000000 0.000000 0.000000 0.000000 0.000000 0.000000 0.000000 0.000000 0.000000 0.000000 0.000000 0.000000 0.000000 0.000000 0.000000 0.000000 0.000000 0.000000 0.000000 0.000000 0.000000 0.000000 0.000000 0.000000 0.000000 0.000000 0.000000 0.000000 0.000000 0.000000 0.000000 0.000000 0.241587 0.000000 0.000000 0.530870 0.402247 0.434401 0.517508 0.631892 0.727459 0.790554 0.813987 0.857309 0.892088 0.878881 0.802874 0.712641 0.634592 0.565642 0.507869 0.485474 0.456209 0.419565 0.504499 0.531013 0.559982 0.630178 0.656349 0.631764 0.602262 0.539285 0.423668 0.677770 0.741435 0.574662 0.551617 0.562646 0.545750 0.674450 0.708497 0.839581 0.967462 0.954241 0.921554 0.689611 0.431520 0.136271 0.142364 0.422971 0.283727 0.323365 0.466074 0.455513 0.404436 0.406065 0.491616 0.608458 0.347745 0.177683 0.252317 0.363110 0.424425 0.386181 0.298619 0.206302 0.564824 0.606417 0.523296 0.459683 0.390971 0.000000 0.000000 0.000000 0.000000 0.398810 0.000000 0.000000 0.389113 0.000000 0.000000 0.000000 0.000000 0.000000 0.000000 0.000000 0.000000 0.000000 0.000000 0.000000 0.000000 0.000000 0.000000 0.000000 0.000000 0.000000 0.000000 0.000000 0.000000 0.000000 0.000000 0.000000 0.000000 0.000000 0.000000 0.000000 0.000000 0.000000 0.000000 0.000000 0.000000 0.000000 0.000000 0.000000 0.000000 0.000000 0.000000 0.000000 0.000000 0.000000 0.000000 0.000000 0.000000 0.000000 0.000000 0.000000 0.000000 0.000000 0.000000 0.000000 0.000000 0.000000 0.000000 0.000000 0.000000 0.000000 0.000000 0.000000 0.000000 0.000000 0.000000 0.000000 0.000000 0.000000 0.000000 0.000000 0.000000 0.000000 0.000000 0.000000 0.000000 0.000000 0.000000 0.000000 0.000000 0.000000 0.000000 0.000000 0.000000 0.000000 0.000000 0.000000 0.000000 0.000000 0.000000 0.000000 0.000000 0.000000 0.000000 0.000000 0.000000 0.000000 0.000000 0.000000 0.000000 0.000000 0.000000 0.000000 0.000000 0.000000
0.000000 0.000000 0.000000 0.000000 0.000000 0.000000 0.000000 0.000000 0.000000 0.000000 0.000000 0.000000 0.000000 0.000000 0.000000 0.000000 0.000000 0.000000 0.527686 0.439982 0.543965 0.000000 0.000000 0.415601 0.681500 0.828364 0.889716 0.902460 0.799803 0.603863 0.493344 0.428776 0.534903 0.670009 0.789076 0.851662 0.886410 0.872431 0.829002 0.764081 0.677457 0.581946 0.497201 0.416914 0.000000 0.000000 0.000000 0.381978 0.000000 0.000000 0.000000 0.000000 0.000000 0.000000 0.000000 0.000000 0.004000 0.487700 0.518776 0.492056 0.418780 0.000000 0.000000 0.000000 0.000000 0.000000 0.000000 0.000000 0.000000 0.000000 0.000000 0.000000 0.000000 0.000000 0.000000 0.000000 0.000000 0.000000 0.000000 0.000000 0.000000 0.000000 0.000000 0.000000 0.000000 0.000000 0.000000 0.000000 0.000000 0.000000 0.000000 0.000000 0.000000 0.000000 0.000000 0.000000 0.000000 0.000000 0.000000 0.000000 0.000000 0.000000 0.522032 0.000000 0.582344 0.451318 0.459256 0.496903 0.570171 0.647872 0.693262 0.708511 0.758756 0.772573 0.777000 0.762802 0.694856 0.760274 0.801243 0.598391 0.366688 0.000000 0.000000 0.000000 0.398943 0.521478 0.535302 0.519099 0.437528 0.425196 0.410369 0.000000 0.513034 0.676355 0.822000 0.843185 0.754201 0.809218 0.703445 0.679894 0.716909 0.765669 0.857454 0.959941 0.878063 0.565212 0.450842 0.253677 0.156223 0.701245 0.754307 0.461243 0.606243 0.636191 0.555159 0.484664 0.423949 0.489140 0.329347 0.292719 0.263820 0.303215 0.492138 0.579112 0.327430 0.603962 0.549059 0.542764 0.000000 0.473353 0.566779 0.570423 0.511729 0.000000 0.455429 0.000000 0.000000 0.000000 0.000000 0.000000 0.000000 0.000000 0.000000 0.000000 0.000000 0.000000 0.000000 0.000000 0.000000 0.000000 0.000000 0.000000 0.000000 0.000000 0.000000 0.000000 0.000000 0.000000 0.000000 0.000000 0.000000 0.000000 0.000000 0.000000 0.000000 0.000000 0.000000 0.000000 0.000000 0.000000 0.000000 0.000000 0.000000 0.000000 0.000000 0.000000 0.000000 0.000000 0.000000 0.000000 0.000000 0.000000 0.000000 0.000000 0.000000 0.000000 0.000000 0.000000 0.000000 0.000000 0.000000 0.000000 0.000000 0.000000 0.000000 0.000000 0.000000 0.000000 0.000000 0.000000 0.000000 0.000000 0.000000 0.000000 0.000000 0.000000 0.000000 0.000000 0.000000 0.000000 0.000000 0.000000 0.000000 0.000000 0.000000 0.000000 0.000000 0.000000 0.000000 0.000000 0.000000 0.000000 0.000000 0.000000 0.000000 0.000000 0.000000 0.000000 0.000000 0.000000 0.000000 0.000000 0.000000 0.000000 0.000000 0.000000 0.000000 0.000000 0.000000 0.000000
0.000000 0.000000 0.000000 0.000000 0.000000 0.000000 0.000000 0.000000 0.000000 0.000000 0.000000 0.000000 0.000000 0.000000 0.000000 0.000000 0.000000 0.551190 0.598686 0.557158 0.481933 0.601467 0.584427 0.608658 0.792673 0.849676 0.899856 0.836385 0.710288 0.530604 0.408530 0.004000 0.695159 0.668403 0.715660 0.721003 0.705460 0.650425 0.586684 0.474894 0.000000 0.000000 0.000000 0.000000 0.000000 0.000000 0.000000 0.000000 0.000000 0.000000 0.000000 0.000000 0.000000 0.000000 0.000000 0.000000 0.000000 0.429557 0.394450 0.000000 0.000000 0.000000 0.000000 0.000000 0.000000 0.000000 0.000000 0.000000 0.000000 0.000000 0.000000 0.000000 0.000000 0.000000 0.000000 0.000000 0.000000 0.000000 0.000000 0.000000 0.330427 0.000000 0.000000 0.000000 0.000000 0.000000 0.000000 0.000000 0.000000 0.000000 0.000000 0.000000 0.000000 0.000000 0.000000 0.000000 0.000000 0.000000 0.000000 0.000000 0.000000 0.000000 0.000000 0.000000 0.000000 0.410582 0.460142 0.471152 0.455390 0.411771 0.000000 0.000000 0.536684 0.678876 0.682359 0.605954 0.503612 0.384148 0.000000 0.000000 0.845469 0.696944 0.616134 0.634771 0.658398 0.654781 0.591812 0.619203 0.634025 0.628887 0.601841 0.555207 0.501354 0.553284 0.618870 0.658146 0.695941 0.789863 0.814541 0.881956 0.922160 0.958798 0.750747 0.801882 0.852442 0.897211 0.476806 0.812257 0.400248 0.432392 0.494469 0.666719 0.669405 0.570055 0.493373 0.466194 0.383113 0.321059 0.340035 0.213092 0.197870 0.299480 0.371172 0.438267 0.251837 0.214620 0.189708 0.534349 0.675531 0.768006 0.806401 0.740578 0.558331 0.000000 0.489099 0.489873 0.458357 0.000000 0.000000 0.000000 0.450856 0.495204 0.486893 0.439987 0.000000 0.000000 0.000000 0.000000 0.000000 0.000000 0.000000 0.000000 0.000000 0.000000 0.000000 0.000000 0.000000 0.000000 0.000000 0.000000 0.000000 0.000000 0.000000 0.000000 0.000000 0.000000 0.000000 0.000000 0.000000 0.000000 0.000000 0.000000 0.000000 0.000000 0.000000 0.000000 0.000000 0.000000 0.000000 0.000000 0.000000 0.000000 0.000000 0.000000 0.000000 0.000000 0.000000 0.000000 0.000000 0.000000 0.000000 0.000000 0.000000 0.000000 0.000000 0.000000 0.000000 0.000000 0.000000 0.000000 0.000000 0.000000 0.000000 0.000000 0.000000 0.000000 0.000000 0.000000 0.000000 0.000000 0.000000 0.000000 0.000000 0.000000 0.000000 0.000000 0.000000 0.000000 0.000000 0.000000 0.000000 0.000000 0.000000 0.000000 0.000000 0.000000 0.000000 0.000000 0.000000 0.000000 0.000000 0.000000 0.000000 0.000000 0.000000 0.000000 0.000000 0.000000 0.000000 0.000000
0.000000 0.000000 0.000000 0.000000 0.000000 0.000000 0.000000 0.000000 0.000000 0.000000 0.000000 0.000000 0.000000 0.000000 0.000000 0.455946 0.713932 0.831258 0.665490 0.734242 0.679048 0.711750 0.654682 0.660206 0.743410 0.728645 0.711935 0.621281 0.549521 0.486569 0.429577 0.650895 0.674653 0.846654 0.901398 0.961767 0.900367 0.691382 0.603840 0.535820 0.000000 0.000000 0.000000 0.000000 0.000000 0.000000 0.000000 0.000000 0.000000 0.000000 0.000000 0.000000 0.000000 0.000000 0.000000 0.000000 0.000000 0.000000 0.000000 0.000000 0.000000 0.000000 0.000000 0.000000 0.000000 0.000000 0.000000 0.000000 0.000000 0.000000 0.000000 0.000000 0.000000 0.000000 0.000000 0.000000 0.000000 0.000000 0.000000 0.000000 0.000000 0.000000 0.000000 0.000000 0.000000 0.000000 0.000000 0.000000 0.000000 0.000000 0.000000 0.000000 0.000000 0.000000 0.000000 0.000000 0.000000 0.000000 0.000000 0.000000 0.000000 0.000000 0.000000 0.000000 0.000000 0.000000 0.000000 0.000000 0.000000 0.000000 0.000000 0.000000 0.530994 0.587056 0.550566 0.463328 0.445184 0.420740 0.412052 0.391803 0.506275 0.589506 0.642416 0.661987 0.665320 0.661661 0.656650 0.749115 0.830738 0.863117 0.760105 0.726525 0.654106 0.599102 0.556975 0.512309 0.476595 0.642516 0.525708 0.575994 0.927528 1.042019 1.395465 1.360337 1.265083 1.029652 0.956145 0.925086 0.960598 1.020037 1.067798 0.710127 0.658005 0.740866 0.646818 0.565645 0.509296 0.438795 0.296087 0.317807 0.486547 0.621348 0.566682 0.364291 0.249283 0.408954 0.746324 0.752437 0.804675 0.986534 0.936798 0.763754 0.578830 0.647604 0.659928 0.625884 0.561201 0.476396 0.556803 0.660657 0.681376 0.651658 0.584918 0.492144 0.000000 0.000000 0.000000 0.000000 0.000000 0.000000 0.000000 0.000000 0.000000 0.000000 0.000000 0.000000 0.000000 0.000000 0.000000 0.000000 0.000000 0.000000 0.000000 0.000000 0.000000 0.000000 0.000000 0.000000 0.000000 0.000000 0.000000 0.000000 0.000000 0.000000 0.000000 0.000000 0.000000 0.000000 0.000000 0.000000 0.000000 0.000000 0.000000 0.000000 0.000000 0.000000 0.000000 0.000000 0.000000 0.000000 0.000000 0.000000 0.000000 0.000000 0.000000 0.000000 0.000000 0.000000 0.000000 0.000000 0.000000 0.000000 0.000000 0.000000 0.000000 0.000000 0.000000 0.000000 0.000000 0.000000 0.000000 0.000000 0.000000 0.000000 0.000000 0.000000 0.000000 0.000000 0.000000 0.000000 0.000000 0.000000 0.000000 0.000000 0.000000 0.000000 0.000000 0.000000 0.000000 0.000000 0.000000 0.000000 0.000000 0.000000 0.000000 0.000000 0.000000 0.000000 0.000000 0.000000
0.000000 0.000000 0.000000 0.000000 0.000000 0.000000 0.000000 0.000000 0.000000 0.000000 0.000000 0.000000 0.000000 0.000000 0.000000 0.921245 0.784402 0.742238 0.709669 0.691074 0.737636 0.727906 0.697858 0.785944 0.882533 0.856123 0.775197 0.660556 0.541570 0.518288 0.576545 0.600633 0.581935 0.610022 0.578288 0.692150 0.763078 0.702619 0.595913 0.435196 0.000000 0.000000 0.000000 0.000000 0.000000 0.000000 0.000000 0.000000 0.000000 0.000000 0.000000 0.000000 0.000000 0.000000 0.000000 0.000000 0.000000 0.000000 0.000000 0.000000 0.000000 0.000000 0.000000 0.000000 0.000000 0.000000 0.000000 0.000000 0.000000 0.000000 0.000000 0.000000 0.000000 0.000000 0.000000 0.000000 0.000000 0.000000 0.000000 0.000000 0.000000 0.000000 0.000000 0.000000 0.000000 0.000000 0.000000 0.000000 0.000000 0.000000 0.000000 0.000000 0.000000 0.000000 0.000000 0.000000 0.000000 0.000000 0.000000 0.000000 0.000000 0.000000 0.437419 0.000000 0.557112 0.580218 0.538292 0.496843 0.481727 0.442161 0.000000 0.000000 0.000000 0.503592 0.549464 0.554478 0.577930 0.596119 0.607895 0.606619 0.600376 0.617766 0.614997 0.600995 0.573544 0.552882 0.713384 0.585163 0.679063 0.726479 0.695741 0.738516 0.761464 0.687584 0.648957 0.719031 0.708624 0.647473 0.685170 0.573263 0.407585 0.724942 0.849285 0.854421 0.769452 0.749171 0.994511 0.978287 0.976283 1.142635 1.150526 1.270465 1.235198 1.161580 1.062032 0.958283 0.844524 0.469992 0.370772 0.254506 0.317267 0.406945 0.431511 0.839893 0.744312 0.585913 0.706330 0.719712 0.677034 0.756644 0.702710 0.697497 0.872236 0.868671 0.813630 0.753595 0.622216 0.751866 0.824024 0.837847 0.802432 0.715337 0.604723 0.483125 0.000000 0.000000 0.000000 0.000000 0.000000 0.000000 0.000000 0.000000 0.000000 0.000000 0.000000 0.000000 0.000000 0.000000 0.000000 0.000000 0.000000 0.000000 0.000000 0.000000 0.000000 0.000000 0.000000 0.000000 0.000000 0.000000 0.000000 0.000000 0.000000 0.000000 0.000000 0.000000 0.000000 0.000000 0.000000 0.000000 0.000000 0.000000 0.000000 0.000000 0.000000 0.000000 0.000000 0.000000 0.000000 0.000000 0.000000 0.000000 0.000000 0.000000 0.000000 0.000000 0.000000 0.000000 0.000000 0.000000 0.000000 0.000000 0.000000 0.000000 0.000000 0.000000 0.000000 0.000000 0.000000 0.000000 0.000000 0.000000 0.000000 0.000000 0.000000 0.000000 0.000000 0.000000 0.000000 0.000000 0.000000 0.000000 0.000000 0.000000 0.000000 0.000000 0.000000 0.000000 0.000000 0.000000 0.000000 0.000000 0.000000 0.000000 0.000000 0.000000 0.000000 0.000000 0.000000 0.000000
0.000000 0.000000 0.000000 0.000000 0.000000 0.000000 0.000000 0.000000 0.000000 0.000000 0.000000 0.000000 0.000000 0.000000 0.000000 0.675066 0.000000 0.000000 0.483412 0.502750 0.712454 0.744488 0.701644 0.694654 0.648204 0.604874 0.530238 0.415942 0.552617 0.661658 0.710146 0.711564 0.660351 0.564597 0.507316 0.537944 0.566292 0.527836 0.458055 0.000000 0.000000 0.000000 0.000000 0.000000 0.000000 0.000000 0.000000 0.000000 0.000000 0.000000 0.000000 0.000000 0.000000 0.000000 0.000000 0.000000 0.000000 0.000000 0.000000 0.000000 0.000000 0.000000 0.000000 0.000000 0.000000 0.000000 0.000000 0.000000 0.000000 0.000000 0.000000 0.000000 0.000000 0.000000 0.000000 0.000000 0.000000 0.000000 0.000000 0.000000 0.000000 0.000000 0.000000 0.000000 0.000000 0.000000 0.000000 0.000000 0.000000 0.000000 0.000000 0.000000 0.000000 0.000000 0.000000 0.000000 0.000000 0.000000 0.000000 0.000000 0.000000 0.000000 0.000000 0.000000 0.418259 0.603813 0.758294 0.785582 0.738703 0.658270 0.555261 0.456111 0.000000 0.549479 0.675629 0.743391 0.757063 0.749779 0.732304 0.699598 0.670670 0.627380 0.586244 0.548780 0.506950 0.603073 0.715977 0.793862 0.887722 0.874915 0.923220 0.912472 0.918426 0.912201 0.877448 0.917307 0.881159 0.793186 0.794734 0.605031 0.693033 0.862112 0.561060 0.512971 0.504081 0.521724 0.820137 0.810147 0.795052 0.884940 1.314708 1.402712 1.426873 1.238796 1.288417 1.164090 0.992213 0.632576 0.663918 0.357723 0.177375 0.633396 0.579759 0.554553 0.520857 0.489150 0.611354 0.664328 0.529724 0.781155 0.814484 0.968239 1.003420 0.936963 0.853810 0.771914 0.890282 0.930769 0.934369 0.889985 0.793395 0.672533 0.545183 0.436653 0.000000 0.414608 0.411683 0.000000 0.000000 0.000000 0.000000 0.000000 0.000000 0.000000 0.000000 0.000000 0.000000 0.000000 0.000000 0.000000 0.000000 0.000000 0.000000 0.000000 0.000000 0.000000 0.000000 0.000000 0.000000 0.000000 0.000000 0.000000 0.000000 0.000000 0.000000 0.000000 0.000000 0.000000 0.000000 0.000000 0.000000 0.000000 0.000000 0.000000 0.000000 0.000000 0.000000 0.000000 0.000000 0.000000 0.000000 0.000000 0.000000 0.000000 0.000000 0.000000 0.000000 0.000000 0.000000 0.000000 0.000000 0.000000 0.000000 0.000000 0.000000 0.000000 0.000000 0.000000 0.000000 0.000000 0.000000 0.000000 0.000000 0.000000 0.000000 0.000000 0.000000 0.000000 0.000000 0.000000 0.000000 0.000000 0.000000 0.000000 0.000000 0.000000 0.000000 0.000000 0.000000 0.000000 0.000000 0.000000 0.000000 0.000000 0.000000 0.000000 0.000000 0.000000 0.000000 0.000000
0.000000 0.000000 0.000000 0.000000 0.000000 0.000000 0.000000 0.000000 0.000000 0.000000 0.000000 0.000000 0.000000 0.000000 0.000000 0.000000 0.000000 0.390559 0.697039 0.443941 0.531104 0.462887 0.449539 0.422744 0.390474 0.000000 0.000000 0.000000 0.000000 0.000000 0.460456 0.456720 0.466089 0.487146 0.460580 0.415613 0.482920 0.000000 0.000000 0.000000 0.000000 0.000000 0.000000 0.000000 0.000000 0.000000 0.000000 0.000000 0.000000 0.000000 0.000000 0.000000 0.000000 0.000000 0.000000 0.000000 0.000000 0.000000 0.000000 0.000000 0.000000 0.000000 0.000000 0.000000 0.000000 0.000000 0.000000 0.000000 0.000000 0.000000 0.000000 0.000000 0.000000 0.000000 0.000000 0.000000 0.000000 0.000000 0.000000 0.000000 0.000000 0.000000 0.000000 0.000000 0.000000 0.000000 0.000000 0.000000 0.000000 0.000000 0.000000 0.000000 0.000000 0.000000 0.000000 0.000000 0.000000 0.000000 0.000000 0.000000 0.000000 0.000000 0.000000 0.000000 0.000000 0.000000 0.502590 0.572586 0.562711 0.509532 0.685986 0.606453 0.000000 0.427639 0.605329 0.710839 0.768165 0.789945 0.781360 0.751296 0.685180 0.609459 0.559223 0.506031 0.458695 0.421649 0.597694 0.659985 0.686931 0.833540 0.852378 0.820715 0.808316 0.879757 0.918380 0.929927 0.837927 0.895853 0.934319 0.959788 0.687172 0.748133 0.438175 0.404779 0.383377 0.379697 0.366801 0.365934 0.603983 0.734154 1.014062 1.100655 0.984842 0.904418 1.030240 1.231680 0.927816 0.887964 0.713838 0.394381 0.083420 0.616341 0.579507 0.562168 0.670886 0.619276 0.541797 0.502736 0.472376 0.602165 0.752217 0.995975 0.981735 0.877731 0.754646 0.842281 0.999052 0.970870 0.880282 0.766901 0.701719 0.645835 0.569791 0.488340 0.533156 0.526972 0.490691 0.426399 0.000000 0.000000 0.000000 0.000000 0.000000 0.000000 0.000000 0.000000 0.000000 0.000000 0.000000 0.000000 0.483823 0.529571 0.518863 0.470967 0.000000 0.000000 0.000000 0.000000 0.000000 0.000000 0.000000 0.000000 0.000000 0.000000 0.000000 0.000000 0.000000 0.000000 0.000000 0.000000 0.000000 0.000000 0.000000 0.000000 0.000000 0.000000 0.000000 0.000000 0.000000 0.000000 0.000000 0.000000 0.000000 0.000000 0.000000 0.000000 0.000000 0.000000 0.000000 0.000000 0.000000 0.000000 0.000000 0.000000 0.000000 0.000000 0.000000 0.000000 0.000000 0.000000 0.000000 0.000000 0.000000 0.000000 0.000000 0.000000 0.000000 0.000000 0.000000 0.000000 0.000000 0.000000 0.000000 0.000000 0.000000 0.000000 0.000000 0.000000 0.000000 0.000000 0.000000 0.000000 0.000000 0.000000 0.000000 0.000000 0.000000 0.000000 0.000000 0.000000
0.000000 0.000000 0.000000 0.000000 0.000000 0.000000 0.000000 0.000000 0.000000 0.000000 0.000000 0.000000 0.000000 0.000000 0.000000 0.464677 0.559284 0.588636 0.625870 0.630661 0.612742 0.569496 0.511232 0.456163 0.586390 0.659341 0.640349 0.570607 0.489345 0.414783 0.391071 0.537302 0.587779 0.568422 0.513789 0.450504 0.535823 0.554101 0.545369 0.510322 0.467398 0.423585 0.383628 0.000000 0.000000 0.000000 0.000000 0.000000 0.000000 0.000000 0.000000 0.000000 0.000000 0.000000 0.000000 0.000000 0.000000 0.000000 0.000000 0.000000 0.000000 0.000000 0.000000 0.000000 0.000000 0.000000 0.000000 0.000000 0.000000 0.000000 0.000000 0.000000 0.000000 0.000000 0.000000 0.000000 0.000000 0.000000 0.000000 0.000000 0.000000 0.000000 0.000000 0.000000 0.000000 0.000000 0.000000 0.000000 0.000000 0.000000 0.000000 0.000000 0.000000 0.000000 0.000000 0.000000 0.000000 0.000000 0.000000 0.000000 0.000000 0.000000 0.000000 0.000000 0.000000 0.000000 0.000000 0.000000 0.000000 0.000000 0.000000 0.000000 0.000000 0.435727 0.406906 0.597293 0.709581 0.771855 0.786702 0.764003 0.702722 0.629699 0.586919 0.563161 0.508840 0.485016 0.553209 0.520092 0.607352 0.611282 0.655813 0.612803 0.632082 0.708968 0.752835 0.761367 0.697871 0.856271 0.933814 0.825486 0.760053 0.353609 0.396615 0.386172 0.494965 0.583022 0.514098 0.352763 0.256592 0.221233 0.166684 0.477282 0.690577 0.624231 0.219972 0.838593 0.973692 0.937109 0.146809 0.307793 0.269594 0.689530 0.673698 0.638213 0.607096 0.570953 0.649210 0.613869 0.510085 0.491878 0.622240 0.770983 0.776246 0.682986 0.534396 0.581421 0.674730 0.673050 0.821848 0.859660 0.799674 0.655676 0.559548 0.620272 0.616823 0.568600 0.500209 0.417344 0.000000 0.000000 0.000000 0.000000 0.000000 0.000000 0.000000 0.000000 0.000000 0.450705 0.585025 0.640314 0.672720 0.670588 0.626906 0.551076 0.449764 0.000000 0.416658 0.000000 0.000000 0.000000 0.000000 0.000000 0.000000 0.000000 0.000000 0.000000 0.000000 0.000000 0.000000 0.000000 0.000000 0.000000 0.000000 0.000000 0.000000 0.000000 0.000000 0.000000 0.000000 0.000000 0.000000 0.000000 0.000000 0.000000 0.000000 0.000000 0.000000 0.000000 0.000000 0.000000 0.000000 0.000000 0.000000 0.000000 0.000000 0.000000 0.000000 0.000000 0.000000 0.000000 0.000000 0.000000 0.000000 0.000000 0.000000 0.000000 0.000000 0.000000 0.000000 0.000000 0.000000 0.000000 0.000000 0.000000 0.000000 0.000000 0.000000 0.000000 0.000000 0.000000 0.000000 0.000000 0.000000 0.000000 0.000000 0.000000 0.000000 0.000000 0.000000 0.000000
0.000000 0.000000 0.000000 0.000000 0.000000 0.000000 0.000000 0.000000 0.000000 0.000000 0.000000 0.000000 0.000000 0.000000 0.469740 0.622436 0.694206 1.009026 0.883699 0.768032 0.708765 0.641791 0.608744 0.633446 0.777375 0.806347 0.734576 0.614377 0.507032 0.494512 0.641920 0.614819 0.614407 0.543438 0.490532 0.577106 0.700644 0.708867 0.672866 0.603662 0.539984 0.495895 0.465495 0.451656 0.438290 0.418380 0.388348 0.000000 0.000000 0.000000 0.000000 0.000000 0.000000 0.000000 0.000000 0.000000 0.000000 0.000000 0.000000 0.000000 0.000000 0.000000 0.000000 0.000000 0.000000 0.000000 0.000000 0.000000 0.000000 0.000000 0.000000 0.000000 0.000000 0.000000 0.000000 0.000000 0.000000 0.000000 0.000000 0.000000 0.000000 0.000000 0.000000 0.000000 0.000000 0.000000 0.000000 0.000000 0.459198 0.493172 0.481641 0.450624 0.408482 0.000000 0.000000 0.000000 0.000000 0.000000 0.000000 0.425535 0.429539 0.395641 0.000000 0.000000 0.000000 0.000000 0.000000 0.000000 0.000000 0.000000 0.000000 0.000000 0.000000 0.450306 0.560242 0.631641 0.709025 0.745622 0.699819 0.672764 0.619460 0.613761 0.646054 0.667743 0.640583 0.563851 0.925008 0.490208 0.562866 0.569370 0.545151 0.532004 0.411354 0.557948 0.510344 0.700210 0.705692 0.674549 0.777770 0.865509 0.452599 0.429350 0.439232 0.560767 0.996365 1.083004 0.957010 0.855858 0.778515 0.392377 0.233432 0.251650 0.656348 0.229788 0.267667 0.633150 0.695503 0.866538 0.723473 0.757364 0.697127 0.718504 0.737128 0.712363 0.850238 0.772001 0.697466 0.651288 0.000000 0.000000 0.000000 0.000000 0.447022 0.500483 0.542540 0.516582 0.455411 0.554160 0.527959 0.542610 0.455965 0.546148 0.650896 0.671157 0.618113 0.539547 0.472889 0.448602 0.436660 0.000000 0.000000 0.000000 0.000000 0.000000 0.000000 0.000000 0.456127 0.680972 0.747267 0.763522 0.758699 0.726156 0.660189 0.564284 0.564548 0.000000 0.372496 0.000000 0.000000 0.000000 0.000000 0.000000 0.000000 0.000000 0.000000 0.000000 0.000000 0.000000 0.000000 0.000000 0.000000 0.000000 0.000000 0.000000 0.000000 0.000000 0.000000 0.000000 0.000000 0.000000 0.000000 0.000000 0.000000 0.000000 0.000000 0.000000 0.000000 0.000000 0.000000 0.000000 0.000000 0.000000 0.000000 0.000000 0.000000 0.000000 0.000000 0.000000 0.000000 0.000000 0.000000 0.000000 0.000000 0.000000 0.000000 0.000000 0.000000 0.000000 0.000000 0.000000 0.000000 0.000000 0.000000 0.000000 0.000000 0.000000 0.000000 0.000000 0.000000 0.000000 0.000000 0.000000 0.000000 0.000000 0.000000 0.000000 0.000000 0.000000 0.000000 0.000000
0.000000 0.000000 0.000000 0.000000 0.000000 0.000000 0.000000 0.000000 0.000000 0.000000 0.000000 0.000000 0.000000 0.000000 0.000000 0.425034 0.500911 0.950604 0.810789 0.754258 0.711504 0.698873 0.689334 0.719965 0.782891 0.761018 0.650763 0.545868 0.516614 0.524963 0.510312 0.464931 0.409720 0.000000 0.000000 0.684085 0.789650 0.793482 0.740020 0.651703 0.598473 0.570093 0.564224 0.560651 0.546867 0.511777 0.464662 0.419300 0.461288 0.402176 0.374611 0.408675 0.716502 0.762175 0.729360 0.656002 0.552463 0.443862 0.000000 0.000000 0.000000 0.000000 0.000000 0.000000 0.000000 0.000000 0.000000 0.000000 0.000000 0.000000 0.000000 0.000000 0.000000 0.000000 0.000000 0.000000 0.000000 0.000000 0.000000 0.000000 0.000000 0.000000 0.000000 0.000000 0.444659 0.601219 0.693057 0.732768 0.723242 0.679520 0.617894 0.553763 0.492151 0.428936 0.416870 0.000000 0.000000 0.000000 0.434907 0.489146 0.470816 0.413709 0.000000 0.000000 0.000000 0.000000 0.000000 0.000000 0.000000 0.000000 0.395629 0.604163 0.812542 0.862796 0.805773 0.720729 0.848676 0.849951 0.759613 0.732764 0.636471 0.603876 0.692885 0.727973 0.726164 0.721021 0.664284 0.673776 0.645453 0.649499 0.636762 0.608810 0.551353 0.498965 0.000000 0.400193 0.490384 0.697360 0.613808 0.571611 0.690030 0.778795 0.870858 0.990273 1.058862 1.043208 0.998299 0.597673 0.470430 0.529597 0.386241 0.840043 0.322581 0.186190 0.238390 0.329929 0.712941 0.742367 0.796011 0.801071 0.720178 0.695853 0.708900 0.718251 0.833391 0.716540 0.725027 0.572614 0.474881 0.000000 1.131139 0.712000 0.000000 0.614818 0.755182 0.610757 0.540800 0.505994 0.527949 0.466731 0.000000 0.565576 0.625096 0.602501 0.569414 0.553948 0.540682 0.548453 0.515653 0.451376 0.000000 0.000000 0.000000 0.000000 0.000000 0.436743 0.570548 0.743786 0.770254 0.749424 0.698934 0.631408 0.556830 0.475324 0.604671 0.501764 0.408511 0.000000 0.000000 0.000000 0.000000 0.000000 0.000000 0.000000 0.000000 0.000000 0.000000 0.000000 0.000000 0.000000 0.000000 0.000000 0.000000 0.000000 0.000000 0.000000 0.000000 0.000000 0.000000 0.000000 0.000000 0.000000 0.000000 0.000000 0.000000 0.000000 0.000000 0.000000 0.000000 0.000000 0.000000 0.000000 0.000000 0.000000 0.000000 0.000000 0.000000 0.000000 0.000000 0.000000 0.000000 0.000000 0.000000 0.000000 0.000000 0.000000 0.000000 0.000000 0.000000 0.000000 0.000000 0.000000 0.000000 0.000000 0.000000 0.000000 0.000000 0.000000 0.000000 0.000000 0.000000 0.000000 0.000000 0.000000 0.000000 0.000000 0.000000 0.000000 0.000000 0.000000
0.000000 0.000000 0.000000 0.000000 0.000000 0.000000 0.000000 0.000000 0.000000 0.000000 0.000000 0.000000 0.000000 0.000000 0.000000 0.505206 0.000000 0.466289 0.743002 0.657361 0.620924 0.589424 0.565824 0.667459 0.661688 0.568728 0.449164 0.000000 0.000000 0.000000 0.000000 0.000000 0.000000 0.000000 0.423008 0.546972 0.640736 0.670485 0.732738 0.735627 0.727829 0.690734 0.652798 0.618406 0.567637 0.580213 0.582703 0.547537 0.503743 0.450742 0.385760 0.736605 0.935277 0.932789 0.840224 0.711020 0.565919 0.420547 0.000000 0.000000 0.000000 0.000000 0.000000 0.000000 0.000000 0.000000 0.000000 0.000000 0.000000 0.000000 0.000000 0.000000 0.000000 0.000000 0.000000 0.000000 0.000000 0.000000 0.000000 0.000000 0.000000 0.000000 0.000000 0.452073 0.714866 0.891085 0.944377 0.933034 0.857028 0.786291 0.717901 0.692897 0.701424 0.701874 0.665998 0.602955 0.541515 0.482228 0.421969 0.000000 0.000000 0.000000 0.000000 0.000000 0.000000 0.000000 0.000000 0.000000 0.409108 0.384713 0.407831 0.611453 0.820560 0.948648 0.966929 0.869179 1.012925 0.949381 0.832509 0.743039 0.671439 0.649129 0.866415 0.888031 0.858345 0.813663 0.800958 0.782548 0.708872 0.720216 0.721349 0.598349 0.724342 0.660375 0.551401 0.562947 0.511218 0.580100 0.527345 0.666997 0.598556 0.899827 0.609920 0.720836 0.636303 0.674787 0.698834 0.535264 0.445940 0.451822 0.445756 0.399546 0.331285 0.338264 0.388583 0.395253 0.462083 0.646867 1.103639 0.703555 0.471393 0.731792 0.724416 0.231472 0.568891 0.361661 0.792748 0.700976 0.562197 0.458601 0.628270 0.631130 0.459964 0.605174 0.683747 0.675558 0.612432 0.511433 0.618386 0.626064 0.606204 0.620212 0.627884 0.609537 0.637970 0.630867 0.609540 0.605734 0.498605 0.000000 0.000000 0.000000 0.000000 0.000000 0.509495 0.000000 0.518070 0.472579 0.000000 0.000000 0.000000 0.483722 0.486879 0.424561 0.404350 0.000000 0.000000 0.000000 0.000000 0.000000 0.000000 0.000000 0.000000 0.000000 0.000000 0.000000 0.000000 0.000000 0.000000 0.000000 0.000000 0.000000 0.000000 0.000000 0.000000 0.000000 0.000000 0.000000 0.000000 0.000000 0.000000 0.000000 0.000000 0.000000 0.000000 0.000000 0.000000 0.000000 0.000000 0.000000 0.000000 0.000000 0.000000 0.000000 0.000000 0.000000 0.000000 0.000000 0.000000 0.000000 0.000000 0.000000 0.000000 0.000000 0.000000 0.000000 0.000000 0.000000 0.000000 0.000000 0.000000 0.000000 0.000000 0.000000 0.000000 0.000000 0.000000 0.000000 0.000000 0.000000 0.000000 0.000000 0.000000 0.000000 0.000000 0.000000 0.000000 0.000000 0.000000 0.000000
0.000000 0.000000 0.000000 0.000000 0.000000 0.000000 0.000000 0.000000 0.000000 0.000000 0.000000 0.000000 0.000000 0.000000 0.000000 0.000000 0.337974 0.000000 0.000000 0.000000 0.000000 0.000000 0.000000 0.438071 0.000000 0.000000 0.511791 0.000000 0.000000 0.000000 0.000000 0.000000 0.004000 0.498222 0.518981 0.529612 0.544927 0.551176 0.644511 0.682250 0.661723 0.589873 0.547462 0.503958 0.601680 0.677217 0.673344 0.673792 0.612944 0.531219 0.517331 0.656835 0.800581 0.781961 0.697829 0.569223 0.445624 0.000000 0.000000 0.000000 0.000000 0.000000 0.000000 0.000000 0.000000 0.000000 0.000000 0.000000 0.000000 0.000000 0.000000 0.000000 0.000000 0.000000 0.000000 0.000000 0.000000 0.000000 0.000000 0.000000 0.000000 0.000000 0.000000 0.000000 0.598177 0.771814 0.866079 0.914507 0.919066 0.905653 0.894009 0.918799 0.936633 0.922619 0.835850 0.719956 0.620849 0.538969 0.462128 0.000000 0.000000 0.000000 0.000000 0.000000 0.000000 0.000000 0.000000 0.000000 0.000000 0.385835 0.366652 0.453190 0.686565 0.852450 0.890368 0.914909 0.966905 0.890855 0.713983 0.747822 0.807889 0.926520 0.896784 0.977320 0.955278 1.003224 0.983292 0.919777 0.782622 0.767436 0.745127 0.744299 0.763967 0.719598 0.532478 0.489773 0.560344 0.721312 0.659880 0.801692 0.988328 0.817607 1.059960 0.728040 0.996984 0.765960 0.668778 0.540575 0.468586 0.398569 0.403767 0.335375 0.591688 0.578189 0.477449 0.456742 0.890929 0.890568 0.870586 0.676002 0.546064 0.486862 0.371185 0.692777 0.763783 0.815446 0.681245 0.587988 0.608794 0.653713 0.800296 0.829011 0.785671 0.617127 0.695748 0.847056 0.777526 0.773104 0.804346 0.633737 0.612914 0.742558 0.708564 0.691948 0.737938 0.707901 0.660540 0.619400 0.596421 0.529253 0.000000 0.000000 0.000000 0.000000 0.000000 0.000000 0.000000 0.000000 0.000000 0.000000 0.000000 0.000000 0.425869 0.566511 0.597255 0.000000 0.000000 0.000000 0.000000 0.000000 0.000000 0.000000 0.000000 0.000000 0.000000 0.000000 0.000000 0.000000 0.000000 0.000000 0.000000 0.000000 0.000000 0.000000 0.000000 0.000000 0.000000 0.000000 0.000000 0.000000 0.000000 0.000000 0.000000 0.000000 0.000000 0.000000 0.000000 0.000000 0.000000 0.000000 0.000000 0.000000 0.000000 0.000000 0.000000 0.000000 0.000000 0.000000 0.000000 0.000000 0.000000 0.000000 0.000000 0.000000 0.000000 0.000000 0.000000 0.000000 0.000000 0.000000 0.000000 0.000000 0.000000 0.000000 0.000000 0.000000 0.000000 0.000000 0.000000 0.000000 0.000000 0.000000 0.000000 0.000000 0.000000 0.000000 0.000000 0.000000 0.000000 0.000000
0.000000 0.000000 0.000000 0.000000 0.000000 0.000000 0.000000 0.000000 0.000000 0.000000 0.000000 0.000000 0.000000 0.000000 0.000000 0.000000 0.000000 0.000000 0.000000 0.415817 0.000000 0.000000 0.000000 0.000000 0.000000 0.000000 0.000000 0.000000 0.000000 0.000000 0.481360 0.766567 0.828133 0.852052 0.829395 0.791609 0.736835 0.641813 0.562876 0.528671 0.516559 0.471474 0.414609 0.000000 0.461157 0.533341 0.541890 0.538091 0.491110 0.418191 0.000000 0.000000 0.000000 0.436931 0.000000 0.000000 0.000000 0.000000 0.000000 0.000000 0.000000 0.000000 0.000000 0.000000 0.000000 0.000000 0.000000 0.000000 0.000000 0.000000 0.000000 0.000000 0.000000 0.000000 0.000000 0.000000 0.000000 0.000000 0.000000 0.000000 0.000000 0.000000 0.000000 0.000000 0.000000 0.447136 0.558636 0.642236 0.696995 0.701243 0.689202 0.721550 0.743349 0.725610 0.648694 0.543042 0.448819 0.000000 0.000000 0.000000 0.000000 0.000000 0.000000 0.000000 0.000000 0.000000 0.000000 0.000000 0.000000 0.000000 0.000000 0.000000 0.384030 0.558232 0.515880 0.757832 0.798721 0.701485 0.623046 0.692066 0.729862 0.714977 0.684012 0.711361 0.865716 1.014234 0.950800 0.905246 0.704999 0.662019 0.858962 0.795614 0.795588 0.792341 0.609054 0.568198 0.518090 0.653442 0.615289 0.827169 0.864272 0.916964 0.961361 0.859547 1.203490 1.190255 1.127987 0.835938 0.665354 0.516906 0.572185 0.554579 0.494655 0.403170 0.281884 0.148556 0.520183 0.729269 0.613680 0.515704 0.956977 0.841098 0.839084 0.757210 0.865687 0.835252 0.713561 0.611920 0.656608 0.737671 0.872699 0.830244 0.835614 0.641399 0.701869 0.950438 0.959634 0.985137 0.799084 0.743817 0.686031 0.781604 0.735581 0.749967 0.730357 0.665878 0.627985 0.498713 0.663491 0.560769 0.441204 0.000000 0.000000 0.000000 0.000000 0.000000 0.000000 0.000000 0.000000 0.370463 0.000000 0.000000 0.000000 0.000000 0.000000 0.000000 0.000000 0.000000 0.000000 0.000000 0.000000 0.000000 0.000000 0.000000 0.000000 0.000000 0.000000 0.000000 0.000000 0.000000 0.000000 0.000000 0.000000 0.000000 0.000000 0.000000 0.000000 0.000000 0.000000 0.000000 0.000000 0.000000 0.000000 0.000000 0.000000 0.000000 0.000000 0.000000 0.000000 0.000000 0.000000 0.000000 0.000000 0.000000 0.000000 0.000000 0.000000 0.000000 0.000000 0.000000 0.000000 0.000000 0.000000 0.000000 0.000000 0.000000 0.000000 0.000000 0.000000 0.000000 0.000000 0.000000 0.000000 0.000000 0.000000 0.000000 0.000000 0.000000 0.000000 0.000000 0.000000 0.000000 0.000000 0.000000 0.000000 0.000000 0.000000 0.000000 0.000000 0.000000
0.000000 0.000000 0.000000 0.000000 0.000000 0.000000 0.000000 0.000000 0.000000 0.000000 0.000000 0.000000 0.000000 0.000000 0.000000 0.000000 0.000000 0.000000 0.000000 0.000000 0.000000 0.000000 0.000000 0.000000 0.000000 0.000000 0.000000 0.000000 0.000000 0.666517 0.777013 1.252946 1.034839 1.019638 1.149132 1.045877 0.788353 0.674484 0.948103 0.683663 0.651057 0.581034 0.504174 0.441561 0.394325 0.000000 0.000000 0.000000 0.000000 0.000000 0.000000 0.000000 0.000000 0.000000 0.000000 0.000000 0.000000 0.000000 0.000000 0.000000 0.000000 0.000000 0.000000 0.000000 0.000000 0.000000 0.000000 0.000000 0.000000 0.000000 0.000000 0.000000 0.000000 0.000000 0.000000 0.000000 0.000000 0.000000 0.000000 0.000000 0.000000 0.000000 0.000000 0.000000 0.000000 0.000000 0.000000 0.000000 0.000000 0.000000 0.000000 0.000000 0.000000 0.000000 0.000000 0.000000 0.000000 0.000000 0.000000 0.000000 0.000000 0.000000 0.000000 0.000000 0.000000 0.000000 0.000000 0.000000 0.438170 0.510568 0.560679 0.536620 0.487881 0.434916 0.455749 0.693611 0.757030 0.708161 0.557515 0.699020 1.262157 0.846135 0.712363 0.672350 0.665391 0.841756 0.878797 0.907829 0.889777 0.921642 0.930437 0.941968 0.845578 0.835446 0.680861 0.398360 0.353773 0.253165 0.565768 0.751050 0.919377 1.039889 0.877347 1.001153 1.176483 1.336848 1.251819 1.400940 1.249239 1.118131 1.026367 0.981311 0.833167 0.769088 0.708168 0.396591 0.475168 0.584680 0.902766 1.116126 1.210181 0.982156 0.978985 0.879065 0.815742 0.813947 0.713876 0.616704 0.645818 0.686868 0.719109 0.712763 0.723523 0.888023 1.160781 1.127426 1.076508 0.817239 0.762954 0.703242 0.648987 0.796712 0.759200 0.750025 0.771423 0.725163 0.633256 0.462429 0.475454 0.537716 0.000000 0.000000 0.000000 0.000000 0.000000 0.000000 0.000000 0.000000 0.000000 0.000000 0.000000 0.000000 0.000000 0.000000 0.000000 0.000000 0.000000 0.000000 0.000000 0.000000 0.000000 0.000000 0.000000 0.000000 0.000000 0.000000 0.000000 0.000000 0.000000 0.000000 0.000000 0.000000 0.000000 0.000000 0.000000 0.000000 0.000000 0.000000 0.000000 0.000000 0.000000 0.000000 0.000000 0.000000 0.000000 0.000000 0.000000 0.000000 0.000000 0.000000 0.000000 0.000000 0.000000 0.000000 0.000000 0.000000 0.000000 0.000000 0.000000 0.000000 0.000000 0.000000 0.000000 0.000000 0.000000 0.000000 0.000000 0.000000 0.000000 0.000000 0.000000 0.000000 0.000000 0.000000 0.000000 0.000000 0.000000 0.000000 0.000000 0.000000 0.000000 0.000000 0.000000 0.000000 0.000000 0.000000 0.000000 0.000000 0.000000 0.000000
0.000000 0.000000 0.000000 0.000000 0.000000 0.000000 0.000000 0.000000 0.000000 0.000000 0.000000 0.000000 0.000000 0.000000 0.000000 0.000000 0.000000 0.000000 0.000000 0.000000 0.000000 0.000000 0.000000 0.000000 0.000000 0.000000 0.000000 0.000000 0.000000 0.509404 0.784514 0.960926 1.012349 0.972527 0.869984 0.753469 0.639802 0.683145 0.695999 0.687872 0.655779 0.603496 0.537416 0.484979 0.434917 0.000000 0.000000 0.000000 0.000000 0.000000 0.000000 0.000000 0.000000 0.000000 0.000000 0.000000 0.000000 0.000000 0.000000 0.000000 0.000000 0.000000 0.000000 0.000000 0.000000 0.000000 0.000000 0.000000 0.000000 0.000000 0.000000 0.000000 0.000000 0.000000 0.000000 0.000000 0.000000 0.000000 0.000000 0.000000 0.000000 0.000000 0.000000 0.000000 0.000000 0.000000 0.000000 0.000000 0.000000 0.000000 0.000000 0.000000 0.000000 0.000000 0.000000 0.000000 0.000000 0.000000 0.000000 0.000000 0.000000 0.000000 0.000000 0.000000 0.000000 0.438549 0.500373 0.554434 0.622906 0.683361 0.764211 0.651033 0.553511 0.453836 0.000000 0.561036 0.686304 0.759242 0.701351 0.742106 0.857648 0.720510 0.748352 0.740192 0.753909 0.795470 0.789061 0.960659 0.969882 0.995359 0.506206 0.758005 0.484823 0.477274 0.483514 0.543025 0.525515 0.433514 0.338248 0.297211 0.468444 0.675533 0.845572 1.064996 1.577425 1.709654 1.608273 1.481513 1.315797 1.365469 1.009698 0.899497 0.812766 0.740356 0.768917 0.865358 0.876115 0.906042 1.030811 1.182765 1.192479 1.360458 1.209944 0.853731 0.809685 0.791637 0.721456 0.790366 0.681757 0.602132 0.599938 0.527796 0.618825 0.743070 0.868996 0.960701 0.938916 0.765888 0.786946 0.758189 0.911111 0.963363 0.875929 0.825637 0.764887 0.671700 0.588652 0.650930 0.586532 0.537175 0.465704 0.000000 0.000000 0.000000 0.000000 0.000000 0.000000 0.000000 0.000000 0.000000 0.000000 0.000000 0.000000 0.000000 0.000000 0.000000 0.000000 0.000000 0.000000 0.000000 0.000000 0.000000 0.000000 0.000000 0.000000 0.000000 0.000000 0.000000 0.000000 0.000000 0.000000 0.000000 0.000000 0.000000 0.000000 0.000000 0.000000 0.000000 0.000000 0.000000 0.000000 0.000000 0.000000 0.000000 0.000000 0.000000 0.000000 0.000000 0.000000 0.000000 0.000000 0.000000 0.000000 0.000000 0.000000 0.000000 0.000000 0.000000 0.000000 0.000000 0.000000 0.000000 0.000000 0.000000 0.000000 0.000000 0.000000 0.000000 0.000000 0.000000 0.000000 0.000000 0.000000 0.000000 0.000000 0.000000 0.000000 0.000000 0.000000 0.000000 0.000000 0.000000 0.000000 0.000000 0.000000 0.000000 0.000000 0.000000 0.000000 0.000000
0.000000 0.000000 0.000000 0.000000 0.000000 0.000000 0.000000 0.000000 0.000000 0.000000 0.000000 0.000000 0.000000 0.000000 0.000000 0.000000 0.000000 0.000000 0.000000 0.000000 0.000000 0.000000 0.000000 0.000000 0.000000 0.000000 0.000000 0.000000 0.000000 0.000000 0.552571 0.688347 0.732961 0.695290 0.594925 0.455453 0.416555 0.499539 0.602862 0.623628 0.605329 0.565600 0.496156 0.000000 0.000000 0.000000 0.000000 0.000000 0.000000 0.000000 0.000000 0.000000 0.000000 0.000000 0.000000 0.000000 0.000000 0.000000 0.000000 0.000000 0.000000 0.000000 0.000000 0.000000 0.000000 0.000000 0.000000 0.000000 0.000000 0.000000 0.000000 0.000000 0.000000 0.000000 0.000000 0.000000 0.000000 0.000000 0.000000 0.000000 0.000000 0.000000 0.000000 0.000000 0.000000 0.000000 0.000000 0.000000 0.000000 0.000000 0.000000 0.000000 0.000000 0.000000 0.000000 0.000000 0.000000 0.000000 0.000000 0.000000 0.000000 0.000000 0.000000 0.000000 0.529818 0.604756 0.663020 0.676996 0.743565 0.733154 0.643678 0.535030 0.669716 0.000000 0.000000 0.000000 0.508293 0.670341 0.923097 0.986779 0.923721 0.944377 0.718062 0.260935 0.330381 0.390077 0.409436 0.758711 0.755476 0.920494 0.783995 0.762181 0.504259 0.891951 0.445118 0.464230 0.459249 0.408087 0.346605 0.304804 0.450479 0.579342 0.791662 1.010294 1.423284 1.247870 1.298119 1.404300 1.280537 1.056069 0.930821 0.866973 0.819011 0.783319 0.861292 0.891517 0.881048 0.489847 0.434563 0.648183 0.713099 0.722212 1.037745 0.959527 0.861930 0.802036 0.863702 0.584901 0.555376 0.661218 0.696510 0.598548 0.498870 0.501990 0.694580 0.822889 0.787676 0.798116 0.913471 0.962715 0.922544 0.826136 0.775511 0.807899 0.779408 0.579716 0.720184 0.763903 0.722050 0.645043 0.487588 0.000000 0.000000 0.000000 0.000000 0.000000 0.000000 0.000000 0.000000 0.000000 0.000000 0.000000 0.000000 0.000000 0.000000 0.000000 0.000000 0.000000 0.000000 0.000000 0.000000 0.000000 0.000000 0.000000 0.000000 0.000000 0.000000 0.000000 0.000000 0.000000 0.000000 0.000000 0.000000 0.000000 0.000000 0.000000 0.000000 0.000000 0.000000 0.000000 0.000000 0.000000 0.000000 0.000000 0.000000 0.000000 0.000000 0.000000 0.000000 0.000000 0.000000 0.000000 0.000000 0.000000 0.000000 0.000000 0.000000 0.000000 0.000000 0.000000 0.000000 0.000000 0.000000 0.000000 0.000000 0.000000 0.000000 0.000000 0.000000 0.000000 0.000000 0.000000 0.000000 0.000000 0.000000 0.000000 0.000000 0.000000 0.000000 0.000000 0.000000 0.000000 0.000000 0.000000 0.000000 0.000000 0.000000 0.000000 0.000000 0.000000
0.000000 0.000000 0.000000 0.000000 0.000000 0.000000 0.000000 0.000000 0.000000 0.000000 0.000000 0.000000 0.000000 0.000000 0.000000 0.000000 0.000000 0.000000 0.000000 0.000000 0.000000 0.000000 0.000000 0.000000 0.000000 0.000000 0.000000 0.000000 0.000000 0.000000 0.000000 0.000000 0.000000 0.424378 0.511828 0.572022 0.589698 0.489060 0.558502 0.571720 0.547198 0.502751 0.435304 0.000000 0.000000 0.000000 0.000000 0.000000 0.000000 0.000000 0.000000 0.000000 0.000000 0.000000 0.000000 0.000000 0.000000 0.000000 0.000000 0.000000 0.000000 0.000000 0.000000 0.000000 0.000000 0.000000 0.000000 0.000000 0.000000 0.000000 0.000000 0.000000 0.000000 0.000000 0.000000 0.000000 0.000000 0.000000 0.000000 0.000000 0.000000 0.000000 0.000000 0.000000 0.000000 0.000000 0.000000 0.000000 0.000000 0.000000 0.000000 0.000000 0.000000 0.000000 0.000000 0.000000 0.000000 0.000000 0.000000 0.000000 0.000000 0.004000 0.000000 0.000000 0.567559 0.687081 0.739243 0.704398 0.607236 0.451902 0.000000 0.000000 0.000000 0.000000 0.000000 0.000000 0.000000 0.463788 0.849037 0.964959 0.974732 0.944130 0.664774 0.206173 0.201884 0.329522 0.729407 0.722243 0.718481 0.669059 0.817195 0.817174 0.314809 0.303701 0.367826 0.410463 0.432149 0.521589 0.446694 0.327609 0.315562 0.563544 0.814600 1.199453 1.261577 1.352036 1.426721 1.376470 1.289655 1.176786 1.029568 0.674545 0.637292 0.548701 0.411667 0.417384 0.333667 0.177055 0.348720 0.522305 0.497544 0.495236 0.514205 0.363516 0.675503 0.636808 0.766640 0.739080 0.762041 0.733267 0.679448 0.519273 0.000000 0.000000 0.000000 0.636333 0.805302 0.840357 0.832959 0.792370 0.722498 0.705451 0.781120 0.769467 0.852751 0.843672 0.818219 0.827517 0.728660 0.594810 0.000000 0.000000 0.000000 0.000000 0.000000 0.000000 0.000000 0.000000 0.000000 0.000000 0.000000 0.000000 0.000000 0.000000 0.000000 0.000000 0.000000 0.000000 0.000000 0.000000 0.000000 0.000000 0.000000 0.000000 0.000000 0.000000 0.000000 0.000000 0.000000 0.000000 0.000000 0.000000 0.000000 0.000000 0.000000 0.000000 0.000000 0.000000 0.000000 0.000000 0.000000 0.000000 0.000000 0.000000 0.000000 0.000000 0.000000 0.000000 0.000000 0.000000 0.000000 0.000000 0.000000 0.000000 0.000000 0.000000 0.000000 0.000000 0.000000 0.000000 0.000000 0.000000 0.000000 0.000000 0.000000 0.000000 0.000000 0.000000 0.000000 0.000000 0.000000 0.000000 0.000000 0.000000 0.000000 0.000000 0.000000 0.000000 0.000000 0.000000 0.000000 0.000000 0.000000 0.000000 0.000000 0.000000 0.000000 0.000000 0.000000 0.000000
0.000000 0.000000 0.000000 0.000000 0.000000 0.000000 0.000000 0.000000 0.000000 0.000000 0.000000 0.000000 0.000000 0.000000 0.000000 0.000000 0.000000 0.000000 0.000000 0.000000 0.000000 0.000000 0.000000 0.000000 0.000000 0.000000 0.000000 0.000000 0.000000 0.514382 0.566833 0.697342 0.638559 0.677125 0.706708 0.731974 0.720684 0.570611 0.464116 0.492771 0.441194 0.376220 0.000000 0.000000 0.000000 0.000000 0.000000 0.000000 0.000000 0.000000 0.000000 0.000000 0.000000 0.000000 0.000000 0.000000 0.000000 0.000000 0.000000 0.000000 0.000000 0.000000 0.000000 0.000000 0.000000 0.000000 0.000000 0.000000 0.000000 0.000000 0.000000 0.000000 0.000000 0.000000 0.000000 0.000000 0.000000 0.000000 0.000000 0.452192 0.444166 0.000000 0.000000 0.505635 0.560991 0.554894 0.528027 0.491244 0.000000 0.404089 0.429257 0.388318 0.000000 0.000000 0.000000 0.000000 0.000000 0.000000 0.000000 0.000000 0.000000 0.000000 0.000000 0.000000 0.000000 0.000000 0.000000 0.000000 0.000000 0.000000 0.000000 0.000000 0.000000 0.000000 0.000000 0.000000 0.000000 0.344963 0.586369 0.708249 0.787019 0.752390 0.648021 0.733294 0.761742 0.948481 0.937086 0.726277 0.814733 0.603079 0.577467 0.613449 0.675433 0.424548 0.971506 0.820167 0.947425 0.713188 0.686163 0.845344 0.555310 0.585937 0.644833 1.010189 0.795815 1.104747 1.198553 1.056727 1.124796 0.994212 0.858241 0.756859 0.736867 0.439505 0.325699 0.264677 0.168751 0.191053 0.485441 0.612446 0.501808 0.345610 0.623647 0.680470 0.665877 0.752380 0.787796 0.832379 0.712630 0.558080 0.000000 0.000000 0.000000 0.000000 0.431596 0.761411 0.882212 0.893479 0.831796 0.743369 0.709615 0.730476 0.728822 0.861967 0.886286 0.809995 0.821294 0.792612 0.688244 0.626473 0.565508 0.420404 0.000000 0.000000 0.000000 0.000000 0.000000 0.000000 0.000000 0.000000 0.000000 0.000000 0.000000 0.000000 0.000000 0.000000 0.000000 0.000000 0.000000 0.000000 0.000000 0.000000 0.000000 0.000000 0.000000 0.000000 0.000000 0.000000 0.000000 0.000000 0.000000 0.000000 0.000000 0.000000 0.000000 0.000000 0.000000 0.000000 0.000000 0.000000 0.000000 0.000000 0.000000 0.000000 0.000000 0.000000 0.000000 0.000000 0.000000 0.000000 0.000000 0.000000 0.000000 0.000000 0.000000 0.000000 0.000000 0.000000 0.000000 0.000000 0.000000 0.000000 0.000000 0.000000 0.000000 0.000000 0.000000 0.000000 0.000000 0.000000 0.000000 0.000000 0.000000 0.000000 0.000000 0.000000 0.000000 0.000000 0.000000 0.000000 0.000000 0.000000 0.000000 0.000000 0.000000 0.000000 0.000000 0.000000 0.000000 0.000000
0.000000 0.000000 0.000000 0.000000 0.000000 0.000000 0.000000 0.000000 0.000000 0.000000 0.000000 0.000000 0.000000 0.000000 0.000000 0.000000 0.000000 0.000000 0.464732 0.457279 0.000000 0.000000 0.000000 0.000000 0.000000 0.000000 0.000000 0.456650 0.661256 0.720709 0.705764 0.659667 0.735041 0.782849 0.774988 0.729145 0.651880 0.540149 0.000000 0.000000 0.000000 0.000000 0.000000 0.000000 0.000000 0.000000 0.000000 0.000000 0.000000 0.000000 0.000000 0.000000 0.000000 0.000000 0.000000 0.000000 0.000000 0.000000 0.000000 0.000000 0.000000 0.000000 0.000000 0.000000 0.000000 0.000000 0.000000 0.000000 0.000000 0.000000 0.000000 0.000000 0.000000 0.415564 0.000000 0.004000 0.597165 0.736554 0.759854 0.751480 0.696465 0.600751 0.000000 0.478592 0.506463 0.505871 0.494846 0.463458 0.000000 0.380483 0.421492 0.383586 0.000000 0.000000 0.000000 0.000000 0.000000 0.000000 0.000000 0.000000 0.000000 0.514382 0.529234 0.500988 0.457063 0.475952 0.474976 0.438752 0.000000 0.000000 0.000000 0.000000 0.000000 0.000000 0.000000 0.000000 0.000000 0.000000 0.505621 0.000000 0.551558 0.795356 0.851873 0.979532 1.000767 0.998220 0.952430 0.856868 0.805409 0.731519 0.841328 0.931997 0.955781 0.985981 0.783231 0.290718 0.620269 0.754633 0.731333 0.613744 0.453176 0.380726 0.426880 0.426773 0.470580 0.428124 0.616851 1.215730 1.346312 1.382207 1.403987 0.937156 0.639075 0.471054 0.488780 0.455130 0.449628 0.474505 0.513665 0.856930 0.791788 0.941698 0.872913 0.293101 0.222482 0.655444 0.770655 0.714473 0.562159 0.481174 0.000000 0.000000 0.000000 0.000000 0.550772 0.690948 0.775869 0.738044 0.612055 0.644248 0.702186 0.722125 0.683729 0.678197 0.665714 0.643245 0.522211 0.000000 0.000000 0.000000 0.000000 0.000000 0.000000 0.000000 0.000000 0.000000 0.000000 0.000000 0.000000 0.000000 0.000000 0.000000 0.000000 0.000000 0.000000 0.000000 0.000000 0.000000 0.000000 0.000000 0.000000 0.000000 0.000000 0.000000 0.000000 0.000000 0.000000 0.000000 0.000000 0.000000 0.000000 0.000000 0.000000 0.000000 0.000000 0.000000 0.000000 0.000000 0.000000 0.000000 0.000000 0.000000 0.000000 0.000000 0.000000 0.000000 0.000000 0.000000 0.000000 0.000000 0.000000 0.000000 0.000000 0.000000 0.000000 0.000000 0.000000 0.000000 0.000000 0.000000 0.000000 0.000000 0.000000 0.000000 0.000000 0.000000 0.000000 0.000000 0.000000 0.000000 0.000000 0.000000 0.000000 0.000000 0.000000 0.000000 0.000000 0.000000 0.000000 0.000000 0.000000 0.000000 0.000000 0.000000 0.000000 0.000000 0.000000 0.000000 0.000000 0.000000
0.000000 0.000000 0.000000 0.000000 0.000000 0.000000 0.000000 0.000000 0.000000 0.000000 0.000000 0.000000 0.000000 0.000000 0.000000 0.000000 0.769391 0.478767 0.541884 0.555546 0.405052 0.000000 0.000000 0.479507 0.499313 0.438100 0.000000 0.000000 0.463630 0.520117 0.531679 0.499808 0.441163 0.000000 0.459354 0.452776 0.000000 0.000000 0.000000 0.000000 0.000000 0.000000 0.000000 0.000000 0.000000 0.000000 0.000000 0.000000 0.000000 0.000000 0.000000 0.000000 0.000000 0.000000 0.000000 0.000000 0.000000 0.000000 0.000000 0.000000 0.000000 0.000000 0.000000 0.000000 0.000000 0.000000 0.000000 0.000000 0.000000 0.000000 0.000000 0.000000 0.000000 0.000000 0.000000 0.000000 0.504048 0.622279 0.627168 0.611488 0.578317 0.515914 0.000000 0.401058 0.445517 0.418421 0.380866 0.000000 0.000000 0.000000 0.000000 0.000000 0.000000 0.000000 0.000000 0.000000 0.954837 0.440917 0.506872 0.468336 0.450092 0.643350 0.631269 0.573065 0.571633 0.538734 0.509976 0.494527 0.400346 0.000000 0.000000 0.000000 0.000000 0.000000 0.000000 0.000000 0.000000 0.897430 0.000000 0.624916 0.621502 0.712175 0.846439 0.941341 0.996264 0.983192 0.925949 0.927068 0.885483 0.795067 0.635818 0.728405 0.779967 0.832938 0.385648 0.398796 0.573463 0.639167 0.646596 0.542521 0.466617 0.445635 0.407193 0.432359 0.383111 0.347537 0.518286 0.884707 1.064065 1.147063 0.981887 1.062656 0.536401 0.698532 0.743272 1.154024 1.121171 0.923532 1.000961 0.969736 0.868417 0.820637 0.736724 0.279437 0.265726 0.356682 0.668761 0.715989 0.707946 0.646331 0.579343 0.436066 0.000000 0.004000 0.000000 0.495679 0.516526 0.459948 0.000000 0.456789 0.000000 0.663797 0.458555 0.423723 0.000000 0.000000 0.000000 0.000000 0.000000 0.000000 0.000000 0.490155 0.512809 0.473804 0.000000 0.000000 0.000000 0.000000 0.000000 0.000000 0.000000 0.000000 0.000000 0.000000 0.000000 0.000000 0.000000 0.000000 0.000000 0.000000 0.000000 0.000000 0.000000 0.000000 0.000000 0.000000 0.000000 0.000000 0.000000 0.000000 0.000000 0.000000 0.000000 0.000000 0.000000 0.000000 0.000000 0.000000 0.000000 0.000000 0.000000 0.000000 0.000000 0.000000 0.000000 0.000000 0.000000 0.000000 0.000000 0.000000 0.000000 0.000000 0.000000 0.000000 0.000000 0.000000 0.000000 0.000000 0.000000 0.000000 0.000000 0.000000 0.000000 0.000000 0.000000 0.000000 0.000000 0.000000 0.000000 0.000000 0.000000 0.000000 0.000000 0.000000 0.000000 0.000000 0.000000 0.000000 0.000000 0.000000 0.000000 0.000000 0.000000 0.000000 0.000000 0.000000 0.000000 0.000000 0.000000 0.000000
0.000000 0.000000 0.000000 0.000000 0.000000 0.000000 0.000000 0.000000 0.000000 0.000000 0.000000 0.000000 0.000000 0.000000 0.000000 0.000000 1.008922 0.000000 0.547200 0.635450 0.617717 0.577103 0.434823 0.473693 0.530306 0.500038 0.421527 0.000000 0.000000 0.000000 0.000000 0.000000 0.000000 0.000000 0.000000 0.000000 0.000000 0.000000 0.000000 0.000000 0.000000 0.000000 0.000000 0.000000 0.000000 0.000000 0.000000 0.000000 0.000000 0.000000 0.000000 0.000000 0.000000 0.000000 0.000000 0.000000 0.000000 0.000000 0.000000 0.000000 0.000000 0.000000 0.000000 0.000000 0.000000 0.000000 0.000000 0.000000 0.000000 0.000000 0.000000 0.000000 0.000000 0.000000 0.000000 0.000000 0.000000 0.000000 0.376830 0.000000 0.000000 0.000000 0.000000 0.000000 0.000000 0.000000 0.000000 0.000000 0.000000 0.000000 0.000000 0.000000 0.000000 0.000000 0.000000 0.000000 0.000000 0.547912 0.579514 0.539944 0.442226 0.570205 0.565381 0.515157 0.567385 0.594355 0.569127 0.516406 0.000000 0.000000 0.000000 0.670950 0.000000 0.000000 0.468022 0.448905 0.424767 0.414955 0.491150 0.602355 0.730020 0.823271 0.792625 0.824256 0.818745 0.802220 0.628304 0.666029 0.821261 0.788748 0.747172 0.902365 0.485807 0.430131 0.531878 0.614869 0.427924 0.314524 0.362595 0.330809 0.414189 0.588876 0.594975 0.506577 0.465942 0.417935 0.554215 0.835167 0.910090 1.005447 0.894298 0.679346 0.617717 0.620584 0.627858 0.971903 1.029083 1.027555 0.737389 0.615647 1.002450 0.747945 0.298917 0.297726 0.236143 0.151319 0.127616 0.567973 0.757374 0.706935 0.604210 0.530235 0.441387 0.000000 0.000000 0.464315 0.523761 0.419437 0.000000 0.000000 1.353516 0.728573 0.000000 0.000000 0.000000 0.000000 0.000000 0.000000 0.000000 0.000000 0.652658 0.763510 0.719678 0.631403 0.536954 0.430484 0.000000 0.000000 0.000000 0.000000 0.000000 0.000000 0.000000 0.000000 0.000000 0.000000 0.000000 0.000000 0.000000 0.000000 0.000000 0.000000 0.000000 0.000000 0.000000 0.000000 0.000000 0.000000 0.000000 0.000000 0.000000 0.000000 0.000000 0.000000 0.000000 0.000000 0.000000 0.000000 0.000000 0.000000 0.000000 0.000000 0.000000 0.000000 0.000000 0.000000 0.000000 0.000000 0.000000 0.000000 0.000000 0.000000 0.000000 0.000000 0.000000 0.000000 0.000000 0.000000 0.000000 0.000000 0.000000 0.000000 0.000000 0.000000 0.000000 0.000000 0.000000 0.000000 0.000000 0.000000 0.000000 0.000000 0.000000 0.000000 0.000000 0.000000 0.000000 0.000000 0.000000 0.000000 0.000000 0.000000 0.000000 0.000000 0.000000 0.000000 0.000000 0.000000 0.000000 0.000000
0.000000 0.000000 0.000000 0.000000 0.000000 0.000000 0.000000 0.000000 0.000000 0.000000 0.000000 0.000000 0.000000 0.000000 0.000000 0.000000 0.618667 0.535252 0.760668 0.700351 0.613591 0.565902 0.498269 0.372041 0.422088 0.429895 0.389181 0.000000 0.000000 0.000000 0.000000 0.000000 0.000000 0.000000 0.000000 0.000000 0.000000 0.000000 0.000000 0.000000 0.000000 0.000000 0.000000 0.000000 0.000000 0.000000 0.000000 0.000000 0.000000 0.000000 0.000000 0.000000 0.000000 0.000000 0.000000 0.000000 0.000000 0.000000 0.000000 0.000000 0.000000 0.000000 0.000000 0.000000 0.000000 0.000000 0.000000 0.000000 0.000000 0.000000 0.000000 0.000000 0.000000 0.000000 0.000000 0.000000 0.000000 0.000000 0.000000 0.000000 0.000000 0.000000 0.000000 0.000000 0.000000 0.404759 0.399586 0.000000 0.000000 0.000000 0.000000 0.000000 0.000000 0.000000 0.000000 0.000000 0.000000 0.000000 0.000000 0.000000 0.000000 0.000000 0.000000 0.000000 0.486419 0.573800 0.600151 0.555179 0.663773 0.617475 0.508709 0.000000 0.424012 0.610218 0.642293 0.696207 0.632442 0.580636 0.594968 0.619768 0.645407 0.739941 0.781830 0.787296 0.738333 0.656136 0.545021 0.598026 0.608359 0.813021 0.963285 0.867526 0.929720 0.575196 0.579444 0.884604 0.402593 0.304132 0.321892 0.450434 0.626800 0.814840 0.893828 0.757974 0.776622 0.702217 0.559518 0.848633 0.923974 0.901062 0.724374 0.621832 0.610518 0.589084 0.611894 0.592767 0.556426 0.702053 0.841884 0.548353 0.726441 0.316700 0.278836 0.278764 0.281561 0.731072 0.707841 0.737863 0.726493 0.716321 0.627519 0.537332 0.434871 0.000000 0.000000 0.519146 0.805737 0.000000 0.000000 0.422432 0.540222 0.564779 0.643933 0.665929 0.605108 0.566863 0.487379 0.000000 0.000000 0.000000 0.796804 0.851927 0.772094 0.665414 0.549533 0.426226 0.000000 0.000000 0.000000 0.000000 0.000000 0.000000 0.000000 0.000000 0.000000 0.000000 0.000000 0.000000 0.000000 0.000000 0.000000 0.000000 0.000000 0.000000 0.000000 0.000000 0.000000 0.000000 0.000000 0.000000 0.000000 0.000000 0.000000 0.000000 0.000000 0.000000 0.000000 0.000000 0.000000 0.000000 0.000000 0.000000 0.000000 0.000000 0.000000 0.000000 0.000000 0.000000 0.000000 0.000000 0.000000 0.000000 0.000000 0.000000 0.000000 0.000000 0.000000 0.000000 0.000000 0.000000 0.000000 0.000000 0.000000 0.000000 0.000000 0.000000 0.000000 0.000000 0.000000 0.000000 0.000000 0.000000 0.000000 0.000000 0.000000 0.000000 0.000000 0.000000 0.000000 0.000000 0.000000 0.000000 0.000000 0.000000 0.000000 0.000000 0.000000 0.000000 0.000000 0.000000
0.000000 0.000000 0.000000 0.000000 0.000000 0.000000 0.000000 0.000000 0.000000 0.000000 0.000000 0.000000 0.000000 0.000000 0.549167 0.890853 0.740242 0.695994 0.821744 0.729833 0.632569 0.598872 0.518154 0.400813 0.413070 0.400959 0.363805 0.000000 0.000000 0.000000 0.000000 0.000000 0.000000 0.000000 0.000000 0.000000 0.000000 0.000000 0.000000 0.000000 0.000000 0.000000 0.000000 0.000000 0.000000 0.000000 0.000000 0.000000 0.000000 0.000000 0.000000 0.000000 0.000000 0.000000 0.000000 0.000000 0.000000 0.000000 0.000000 0.000000 0.000000 0.000000 0.000000 0.000000 0.000000 0.000000 0.000000 0.000000 0.000000 0.000000 0.000000 0.000000 0.000000 0.000000 0.000000 0.000000 0.000000 0.000000 0.000000 0.000000 0.384709 0.423419 0.458686 0.495702 0.513923 0.513777 0.498336 0.466200 0.426326 0.000000 0.000000 0.000000 0.000000 0.000000 0.000000 0.000000 0.000000 0.000000 0.000000 0.000000 0.000000 0.000000 0.000000 0.000000 0.000000 0.469221 0.780291 0.440957 0.566551 0.832455 0.870351 0.884806 0.840130 0.905363 0.879047 0.853421 0.709656 0.719026 0.783790 0.725279 0.772745 0.769647 0.762024 0.763923 0.863172 0.826078 0.758886 0.743825 0.879873 0.840074 1.019377 1.036820 1.020038 0.979599 0.878314 0.842149 0.781272 0.321082 0.295137 0.474444 0.537793 0.704471 0.828617 0.982383 1.128127 1.037376 0.817486 0.928967 0.996055 0.893689 0.534245 0.470669 0.652303 0.696934 0.660957 0.607375 0.647588 0.667858 0.603507 0.558423 1.020926 0.759403 0.717259 0.655363 0.624363 0.629071 0.655743 0.817020 0.865499 0.795233 0.697552 0.516142 0.439571 0.000000 0.000000 0.000000 0.000000 0.000000 0.549707 0.652363 0.826110 0.939544 0.937389 0.805427 0.789996 0.660625 0.523817 0.000000 0.000000 0.551850 0.694551 0.679352 0.561697 0.000000 0.000000 0.000000 0.000000 0.000000 0.000000 0.000000 0.000000 0.000000 0.000000 0.000000 0.000000 0.000000 0.000000 0.000000 0.000000 0.000000 0.000000 0.000000 0.000000 0.000000 0.000000 0.000000 0.000000 0.000000 0.000000 0.000000 0.000000 0.000000 0.000000 0.000000 0.000000 0.000000 0.000000 0.000000 0.000000 0.000000 0.000000 0.000000 0.000000 0.000000 0.000000 0.000000 0.000000 0.000000 0.000000 0.000000 0.000000 0.000000 0.000000 0.000000 0.000000 0.000000 0.000000 0.000000 0.000000 0.000000 0.000000 0.000000 0.000000 0.000000 0.000000 0.000000 0.000000 0.000000 0.000000 0.000000 0.000000 0.000000 0.000000 0.000000 0.000000 0.000000 0.000000 0.000000 0.000000 0.000000 0.000000 0.000000 0.000000 0.000000 0.000000 0.000000 0.000000 0.000000 0.000000 0.000000
0.000000 0.000000 0.000000 0.000000 0.000000 0.000000 0.000000 0.000000 0.000000 0.000000 0.000000 0.000000 0.004000 0.000000 1.019375 1.169205 0.870010 0.883232 0.750499 0.631360 0.548167 0.507329 0.447838 0.465189 0.460115 0.428424 0.393307 0.000000 0.000000 0.000000 0.000000 0.000000 0.000000 0.000000 0.000000 0.000000 0.000000 0.000000 0.000000 0.000000 0.000000 0.000000 0.000000 0.000000 0.000000 0.000000 0.000000 0.000000 0.000000 0.000000 0.000000 0.000000 0.000000 0.000000 0.000000 0.000000 0.000000 0.000000 0.000000 0.000000 0.000000 0.000000 0.000000 0.000000 0.000000 0.000000 0.000000 0.000000 0.000000 0.000000 0.000000 0.000000 0.000000 0.000000 0.000000 0.000000 0.000000 0.000000 0.418283 0.505760 0.553301 0.560442 0.552933 0.559886 0.558019 0.533276 0.571788 0.538583 0.484479 0.000000 0.000000 0.000000 0.000000 0.000000 0.415574 0.454783 0.449999 0.417881 0.000000 0.000000 0.000000 0.000000 0.000000 0.000000 0.000000 0.000000 0.000000 0.000000 0.390640 0.591837 0.776376 1.040156 0.950658 1.020134 0.998147 1.055940 1.029745 0.873653 0.816833 0.853698 0.816870 0.770917 0.930121 1.122757 1.084760 1.138030 1.072599 0.918704 0.900150 0.934620 1.216105 1.131540 1.095162 0.998812 0.933328 0.864228 0.797907 0.332817 0.388139 0.446140 0.554346 0.755451 0.873328 1.009018 1.084211 1.035179 0.831759 0.801209 0.905794 0.966150 0.633180 0.446347 0.576090 0.790224 0.854859 0.813571 0.703093 0.698938 0.920061 0.896574 1.047411 0.828143 0.771976 0.675925 0.641792 0.606895 0.655956 0.888943 0.960051 0.881033 0.767378 0.576262 0.000000 0.000000 0.000000 0.000000 0.433052 0.653091 0.719081 0.868070 1.038506 1.074572 1.004127 0.907568 0.862906 0.711323 0.496991 0.000000 0.000000 0.000000 0.000000 0.000000 0.000000 0.000000 0.000000 0.000000 0.000000 0.000000 0.000000 0.000000 0.000000 0.000000 0.000000 0.000000 0.000000 0.000000 0.000000 0.000000 0.000000 0.000000 0.000000 0.000000 0.000000 0.000000 0.000000 0.000000 0.000000 0.000000 0.000000 0.000000 0.000000 0.000000 0.000000 0.000000 0.000000 0.000000 0.000000 0.000000 0.000000 0.000000 0.000000 0.000000 0.000000 0.000000 0.000000 0.000000 0.000000 0.000000 0.000000 0.000000 0.000000 0.000000 0.000000 0.000000 0.000000 0.000000 0.000000 0.000000 0.000000 0.000000 0.000000 0.000000 0.000000 0.000000 0.000000 0.000000 0.000000 0.000000 0.000000 0.000000 0.000000 0.000000 0.000000 0.000000 0.000000 0.000000 0.000000 0.000000 0.000000 0.000000 0.000000 0.000000 0.000000 0.000000 0.000000 0.000000 0.000000 0.000000 0.000000 0.000000
0.000000 0.000000 0.000000 0.000000 0.000000 0.000000 0.000000 0.000000 0.000000 0.000000 0.000000 0.000000 0.004000 0.541580 1.274689 1.226449 1.004297 0.937258 0.821672 0.733158 0.664294 0.627378 0.613403 0.610864 0.592139 0.561011 0.512445 0.438824 0.000000 0.000000 0.000000 0.000000 0.369270 0.000000 0.000000 0.000000 0.000000 0.000000 0.000000 0.000000 0.000000 0.000000 0.000000 0.000000 0.000000 0.000000 0.000000 0.000000 0.000000 0.000000 0.000000 0.000000 0.000000 0.000000 0.000000 0.000000 0.000000 0.000000 0.000000 0.000000 0.000000 0.000000 0.000000 0.000000 0.000000 0.000000 0.000000 0.000000 0.000000 0.000000 0.000000 0.000000 0.000000 0.000000 0.000000 0.000000 0.000000 0.383991 0.501045 0.575082 0.616833 0.608358 0.567403 0.619737 0.635864 0.631451 0.599603 0.516942 0.456225 0.470502 0.519460 0.525272 0.488685 0.456184 0.442416 0.448403 0.488642 0.441156 0.000000 0.000000 0.408759 0.437302 0.434915 0.417065 0.394365 0.000000 0.000000 0.000000 0.000000 0.004000 0.859080 1.068394 0.654123 0.925745 1.013330 1.067279 1.022224 0.863964 0.882513 0.784501 0.729666 1.026476 1.031261 1.238300 1.160887 1.105810 1.018707 0.957809 1.007860 1.021493 1.172582 1.217157 0.982243 0.934276 0.890158 0.802146 0.780174 0.805966 0.399104 0.379221 0.557870 0.768096 0.842028 0.945055 0.993685 0.982329 0.749230 0.737812 0.909689 1.073801 0.983816 0.547450 0.657340 0.832887 0.955883 1.306815 0.797727 1.007811 0.621872 0.651613 1.012900 0.911231 0.835111 0.759836 0.713817 0.672692 0.661159 0.777348 0.738471 0.549125 0.646560 0.543981 0.417778 0.000000 0.000000 0.759872 0.831033 0.729381 0.795125 0.751244 0.973283 0.615230 0.498415 0.693957 0.724272 0.657901 0.451891 0.000000 0.000000 0.000000 0.000000 0.000000 0.000000 0.000000 0.000000 0.000000 0.000000 0.000000 0.000000 0.000000 0.000000 0.000000 0.000000 0.000000 0.000000 0.000000 0.000000 0.000000 0.000000 0.000000 0.000000 0.000000 0.000000 0.000000 0.000000 0.000000 0.000000 0.000000 0.000000 0.000000 0.000000 0.000000 0.000000 0.000000 0.000000 0.000000 0.000000 0.000000 0.000000 0.000000 0.000000 0.000000 0.000000 0.000000 0.000000 0.000000 0.000000 0.000000 0.000000 0.000000 0.000000 0.000000 0.000000 0.000000 0.000000 0.000000 0.000000 0.000000 0.000000 0.000000 0.000000 0.000000 0.000000 0.000000 0.000000 0.000000 0.000000 0.000000 0.000000 0.000000 0.000000 0.000000 0.000000 0.000000 0.000000 0.000000 0.000000 0.000000 0.000000 0.000000 0.000000 0.000000 0.000000 0.000000 0.000000 0.000000 0.000000 0.000000 0.000000 0.000000
0.000000 0.000000 0.000000 0.000000 0.000000 0.000000 0.000000 0.000000 0.000000 0.000000 0.000000 0.000000 0.509297 0.508215 1.188627 1.215944 1.067029 1.090511 1.002359 0.889670 0.826687 0.721127 0.819026 0.801616 0.749821 0.688378 0.619125 0.513357 0.384331 0.000000 0.396331 0.419792 0.405528 0.000000 0.000000 0.000000 0.000000 0.000000 0.000000 0.000000 0.000000 0.000000 0.000000 0.000000 0.000000 0.000000 0.000000 0.000000 0.000000 0.000000 0.000000 0.000000 0.000000 0.000000 0.000000 0.000000 0.000000 0.529073 0.000000 0.000000 0.000000 0.000000 0.000000 0.000000 0.000000 0.000000 0.000000 0.000000 0.000000 0.000000 0.000000 0.000000 0.000000 0.000000 0.000000 0.000000 0.000000 0.389101 0.474174 0.516507 0.566073 0.589310 0.600893 0.597611 0.621755 0.618938 0.578522 0.506614 0.419183 0.703382 0.616615 0.562219 0.499703 0.444168 0.445498 0.441436 0.615332 0.551769 0.662051 0.000000 0.606954 0.695210 0.690839 0.653762 0.617351 0.570886 0.509480 0.427050 0.000000 0.000000 0.000000 0.000000 0.422735 0.834597 1.127169 1.083997 0.892909 0.706586 0.718640 0.643051 0.765024 1.153298 1.091539 1.210841 1.198718 1.162151 1.104852 1.025494 0.905755 0.883228 0.938140 1.338204 0.826275 0.834756 0.802343 0.771390 0.346806 0.510361 0.289782 0.324436 0.554818 0.809567 0.750718 0.817853 0.826613 0.862554 0.848441 0.809074 0.833892 0.940831 0.990727 0.926899 0.999700 0.781465 0.983243 1.361676 1.242803 1.086291 0.716878 0.949079 1.083460 1.071215 1.029236 0.974207 0.952645 0.911604 0.769074 0.804128 0.600017 0.681459 0.678740 0.615271 0.509716 0.619707 0.978774 1.039479 0.737989 0.671246 0.807935 0.690949 0.417071 0.757639 0.824685 0.704324 0.571072 0.494035 0.563840 0.545680 0.485900 0.000000 0.000000 0.000000 0.000000 0.000000 0.000000 0.000000 0.000000 0.000000 0.000000 0.000000 0.000000 0.000000 0.000000 0.000000 0.000000 0.000000 0.000000 0.000000 0.000000 0.000000 0.000000 0.000000 0.000000 0.000000 0.000000 0.000000 0.000000 0.000000 0.000000 0.000000 0.000000 0.000000 0.000000 0.000000 0.000000 0.000000 0.000000 0.000000 0.000000 0.000000 0.000000 0.000000 0.000000 0.000000 0.000000 0.000000 0.000000 0.000000 0.000000 0.000000 0.000000 0.000000 0.000000 0.000000 0.000000 0.000000 0.000000 0.000000 0.000000 0.000000 0.000000 0.000000 0.000000 0.000000 0.000000 0.000000 0.000000 0.000000 0.000000 0.000000 0.000000 0.000000 0.000000 0.000000 0.000000 0.000000 0.000000 0.000000 0.000000 0.000000 0.000000 0.000000 0.000000 0.000000 0.000000 0.000000 0.000000 0.000000 0.000000 0.000000
0.000000 0.000000 0.000000 0.000000 0.000000 0.000000 0.000000 0.000000 0.000000 0.000000 0.000000 0.000000 0.000000 0.942704 0.711084 0.968865 1.031840 0.987720 0.927863 0.852920 0.830577 1.035708 1.045231 0.977793 0.860915 0.744216 0.630355 0.603322 0.603751 0.516375 0.455193 0.439526 0.396087 0.000000 0.000000 0.000000 0.000000 0.000000 0.000000 0.000000 0.000000 0.000000 0.000000 0.000000 0.000000 0.000000 0.000000 0.000000 0.000000 0.000000 0.000000 0.000000 0.000000 0.451648 0.462778 0.440188 0.403468 0.000000 0.000000 0.000000 0.000000 0.000000 0.000000 0.000000 0.000000 0.000000 0.000000 0.000000 0.000000 0.000000 0.000000 0.000000 0.000000 0.000000 0.000000 0.000000 0.000000 0.459327 0.000000 0.445991 0.550207 0.602223 0.621421 0.618771 0.577359 0.514591 0.430815 0.000000 0.496519 0.685287 0.761732 0.749936 0.672220 0.563788 0.449784 0.381921 0.363179 0.000000 0.000000 0.000000 0.428444 0.553920 0.596079 0.597365 0.583939 0.749436 0.505509 0.429976 0.000000 0.000000 0.000000 0.000000 0.553314 0.638604 0.663842 0.654909 0.536766 0.499614 0.553593 0.567883 0.728161 0.880178 0.953714 1.002623 1.038428 1.010993 0.913612 0.932835 0.945288 0.998059 0.837532 0.846918 0.862193 0.835436 0.843219 0.838193 0.828810 0.455492 0.386060 0.206074 0.389610 0.628020 0.585473 0.617087 0.684274 0.755141 0.790780 0.829517 0.848389 0.961769 1.042508 1.348563 1.326704 1.277696 1.292100 1.307112 1.240070 1.142476 0.694938 0.794827 1.267830 1.277103 1.189068 1.019407 0.947388 0.920685 0.780440 0.685837 0.697380 0.732879 0.853704 0.764821 0.728834 0.889260 1.346756 1.008707 0.874488 0.906354 0.778030 0.623899 0.723623 0.715018 0.661036 0.608557 0.524071 0.612144 0.603922 0.544751 0.475272 0.000000 0.000000 0.000000 0.000000 0.000000 0.000000 0.000000 0.000000 0.000000 0.000000 0.000000 0.000000 0.000000 0.000000 0.000000 0.000000 0.000000 0.000000 0.000000 0.000000 0.000000 0.000000 0.000000 0.000000 0.000000 0.000000 0.000000 0.000000 0.000000 0.000000 0.000000 0.000000 0.000000 0.000000 0.000000 0.000000 0.000000 0.000000 0.000000 0.000000 0.000000 0.000000 0.000000 0.000000 0.000000 0.000000 0.000000 0.000000 0.000000 0.000000 0.000000 0.000000 0.000000 0.000000 0.000000 0.000000 0.000000 0.000000 0.000000 0.000000 0.000000 0.000000 0.000000 0.000000 0.000000 0.000000 0.000000 0.000000 0.000000 0.000000 0.000000 0.000000 0.000000 0.000000 0.000000 0.000000 0.000000 0.000000 0.000000 0.000000 0.000000 0.000000 0.000000 0.000000 0.000000 0.000000 0.000000 0.000000 0.000000 0.000000 0.000000
0.000000 0.000000 0.000000 0.000000 0.000000 0.000000 0.000000 0.000000 0.000000 0.000000 0.000000 0.000000 0.000000 0.004000 0.000000 0.000000 0.542085 0.615195 0.622760 0.613372 0.831411 0.997482 0.930413 0.826227 0.778037 0.630815 0.698074 0.733084 0.689273 0.585377 0.469128 0.417977 0.000000 0.000000 0.000000 0.000000 0.000000 0.000000 0.000000 0.000000 0.000000 0.000000 0.000000 0.000000 0.000000 0.000000 0.000000 1.147750 0.000000 0.000000 0.000000 0.428575 0.433869 0.411504 0.371645 0.000000 0.000000 0.000000 0.000000 0.000000 0.000000 0.000000 0.000000 0.000000 0.000000 0.000000 0.000000 0.000000 0.000000 0.000000 0.000000 0.000000 0.000000 0.000000 0.000000 0.000000 0.505768 0.571669 0.489904 0.482176 0.554575 0.560436 0.513101 0.433257 0.000000 0.000000 0.000000 0.000000 0.000000 0.559251 0.732094 0.794279 0.905435 0.789798 0.679819 0.462109 0.423443 0.382993 0.000000 0.000000 0.000000 0.000000 0.000000 0.000000 0.000000 0.000000 0.000000 0.397589 0.514253 0.556275 0.537695 0.452510 0.575647 0.677761 0.669730 0.624957 0.496534 0.000000 0.515329 0.552797 0.547653 0.662680 0.793417 0.976969 1.025043 1.161168 1.196752 1.143200 0.921243 0.912741 0.969458 0.953959 0.975763 0.873205 0.841660 0.809213 0.487452 0.547495 0.584737 0.872890 0.258894 0.290971 0.592995 0.779852 0.733225 0.728777 0.781340 0.786869 0.682397 0.712186 0.774839 0.828891 0.909347 0.972512 1.279691 1.283596 1.220596 1.171484 0.820567 0.672534 1.097061 1.091224 1.136227 0.874521 0.855927 0.832535 0.728856 0.848059 0.934543 1.010646 0.987321 0.790051 0.722853 0.949092 0.955589 1.482828 1.067932 0.925074 0.709037 0.574805 0.000000 0.602243 0.688853 0.716006 0.724288 0.712408 0.662628 0.561173 0.429592 0.000000 0.431065 0.462753 0.458701 0.426403 0.000000 0.455839 0.000000 0.000000 0.000000 0.000000 0.000000 0.000000 0.000000 0.000000 0.000000 0.000000 0.000000 0.000000 0.000000 0.000000 0.000000 0.000000 0.000000 0.000000 0.000000 0.000000 0.000000 0.000000 0.000000 0.000000 0.000000 0.000000 0.000000 0.000000 0.000000 0.000000 0.000000 0.000000 0.000000 0.000000 0.000000 0.000000 0.000000 0.000000 0.000000 0.000000 0.000000 0.000000 0.000000 0.000000 0.000000 0.000000 0.000000 0.000000 0.000000 0.000000 0.000000 0.000000 0.000000 0.000000 0.000000 0.000000 0.000000 0.000000 0.000000 0.000000 0.000000 0.000000 0.000000 0.000000 0.000000 0.000000 0.000000 0.000000 0.000000 0.000000 0.000000 0.000000 0.000000 0.000000 0.000000 0.000000 0.000000 0.000000 0.000000 0.000000 0.000000 0.000000 0.000000 0.000000
0.000000 0.000000 0.000000 0.000000 0.000000 0.000000 0.000000 0.000000 0.000000 0.000000 0.000000 0.000000 0.000000 0.000000 0.000000 0.000000 0.000000 0.000000 0.529695 0.539236 0.663264 0.737974 0.645937 0.514477 0.802160 0.855122 0.840833 0.777893 0.691028 0.590550 0.479947 0.382594 0.004000 0.000000 0.000000 0.376964 0.435622 0.519894 0.643859 0.594208 0.481446 0.000000 0.000000 0.000000 0.000000 0.000000 0.000000 0.000000 0.000000 0.000000 0.000000 0.000000 0.000000 0.000000 0.000000 0.000000 0.000000 0.000000 0.000000 0.000000 0.000000 0.000000 0.000000 0.000000 0.000000 0.000000 0.000000 0.000000 0.000000 0.000000 0.000000 0.000000 0.000000 0.000000 0.000000 0.000000 0.000000 0.378172 0.000000 0.000000 0.000000 0.000000 0.000000 0.000000 0.000000 0.000000 0.000000 0.413947 0.545013 0.549372 0.751807 1.212731 1.199008 0.959072 0.756970 0.477522 0.419469 0.365715 0.000000 0.000000 0.004000 0.000000 0.445867 0.531242 0.558899 0.523321 0.459090 0.447226 0.614368 0.615260 0.573335 0.485561 0.000000 0.000000 0.000000 0.000000 0.205596 0.198756 0.509971 0.728868 0.760916 0.650620 0.843500 0.901053 1.089022 1.177813 1.236295 1.225119 1.167045 0.993725 1.044873 0.989365 0.931775 0.896034 0.842457 0.529268 0.913481 0.488323 0.520501 0.624930 0.470349 0.395689 0.486109 0.743616 0.719890 0.658290 0.726269 0.718693 0.611766 0.730918 0.666187 0.758427 0.785351 0.763020 0.889375 1.223158 1.184263 1.166214 1.216031 1.193727 1.040498 0.970720 0.910191 0.853577 0.798279 0.759914 0.738262 0.853332 1.080067 1.313938 1.172649 1.012876 0.910542 1.083773 1.134670 1.151111 1.712406 1.235955 0.791497 0.641226 0.574319 0.803625 0.853800 0.869786 0.825424 0.755940 0.600781 0.460673 0.539891 0.651706 0.661915 0.674782 0.693988 0.627090 0.446981 0.528470 0.367842 0.000000 0.000000 0.000000 0.000000 0.000000 0.000000 0.000000 0.000000 0.000000 0.000000 0.000000 0.000000 0.000000 0.000000 0.000000 0.000000 0.000000 0.000000 0.000000 0.000000 0.000000 0.000000 0.000000 0.000000 0.000000 0.000000 0.000000 0.000000 0.000000 0.000000 0.000000 0.000000 0.000000 0.000000 0.000000 0.000000 0.000000 0.000000 0.000000 0.000000 0.000000 0.000000 0.000000 0.000000 0.000000 0.000000 0.000000 0.000000 0.000000 0.000000 0.000000 0.000000 0.000000 0.000000 0.000000 0.000000 0.000000 0.000000 0.000000 0.000000 0.000000 0.000000 0.000000 0.000000 0.000000 0.000000 0.000000 0.000000 0.000000 0.000000 0.000000 0.000000 0.000000 0.000000 0.000000 0.000000 0.000000 0.000000 0.000000 0.000000 0.000000 0.000000 0.000000
0.000000 0.000000 0.000000 0.000000 0.000000 0.000000 0.000000 0.000000 0.000000 0.000000 0.000000 0.000000 0.000000 0.000000 0.000000 0.000000 0.000000 0.000000 0.000000 0.000000 0.399524 0.580124 0.468068 0.842738 0.964724 0.951537 0.870943 0.768545 0.642485 0.534099 0.461256 0.505825 0.417884 0.384595 0.000000 0.396638 0.426319 0.409739 0.000000 0.400270 0.426993 0.437942 0.423422 0.395705 0.000000 0.000000 0.000000 0.000000 0.000000 0.000000 0.000000 0.000000 0.000000 0.000000 0.000000 0.000000 0.000000 0.000000 0.000000 0.000000 0.000000 0.000000 0.000000 0.000000 0.000000 0.000000 0.000000 0.000000 0.000000 0.000000 0.000000 0.000000 0.000000 0.000000 0.000000 0.000000 0.000000 0.000000 0.000000 0.000000 0.000000 0.000000 0.000000 0.397393 0.485367 0.519366 0.616923 0.497533 0.556480 0.536522 0.436744 0.416891 0.404165 0.390945 0.000000 0.499227 0.582659 0.612075 0.569961 0.493399 0.477506 0.430577 0.000000 0.446691 0.482119 0.458378 0.399751 0.464487 0.581196 0.564546 0.554462 0.538281 0.000000 0.558607 0.709113 0.716918 0.504390 0.810910 0.500926 0.789452 0.713926 0.634524 0.901563 0.885788 1.043324 1.126194 1.251354 1.243907 1.193294 0.979328 1.034255 0.964051 0.447257 0.442700 0.337999 0.382665 0.550902 0.536517 0.646991 0.673012 0.601959 0.545614 0.590679 0.817925 0.979181 0.944865 0.941536 0.824873 0.614100 0.673083 0.678572 0.775666 0.782427 0.705702 0.766364 1.193811 1.138825 1.134561 1.166638 1.205861 1.316196 1.208866 1.194654 1.104182 0.975540 0.802285 0.711648 0.852864 1.111011 1.231841 1.021752 0.952117 1.054031 0.973548 0.787185 0.697007 0.591868 0.548586 0.465319 0.000000 0.596370 0.864695 0.901282 0.834707 0.791309 0.793407 0.777792 0.716301 0.726413 0.771394 0.796900 0.842993 0.762181 0.642103 0.452939 0.000000 0.000000 0.000000 0.000000 0.000000 0.000000 0.000000 0.000000 0.000000 0.000000 0.000000 0.000000 0.000000 0.000000 0.000000 0.000000 0.000000 0.000000 0.000000 0.000000 0.000000 0.000000 0.000000 0.000000 0.000000 0.000000 0.000000 0.000000 0.000000 0.000000 0.000000 0.000000 0.000000 0.000000 0.000000 0.000000 0.000000 0.000000 0.000000 0.000000 0.000000 0.000000 0.000000 0.000000 0.000000 0.000000 0.000000 0.000000 0.000000 0.000000 0.000000 0.000000 0.000000 0.000000 0.000000 0.000000 0.000000 0.000000 0.000000 0.000000 0.000000 0.000000 0.000000 0.000000 0.000000 0.000000 0.000000 0.000000 0.000000 0.000000 0.000000 0.000000 0.000000 0.000000 0.000000 0.000000 0.000000 0.000000 0.000000 0.000000 0.000000 0.000000 0.000000 0.000000 0.000000
0.000000 0.000000 0.000000 0.000000 0.000000 0.000000 0.000000 0.000000 0.000000 0.000000 0.000000 0.000000 0.000000 0.000000 0.000000 0.000000 0.000000 0.000000 0.000000 0.000000 0.000000 0.000000 0.625368 0.827804 0.838455 0.815477 0.726642 0.614556 0.523876 0.475821 0.571272 0.557149 0.517061 0.415873 0.000000 0.000000 0.000000 0.396036 0.484721 0.528926 0.540380 0.529093 0.500356 0.457670 0.414032 0.000000 0.000000 0.000000 0.000000 0.000000 0.000000 0.000000 0.000000 0.000000 0.000000 0.000000 0.000000 0.000000 0.000000 0.000000 0.000000 0.000000 0.000000 0.000000 0.000000 0.000000 0.000000 0.000000 0.000000 0.000000 0.000000 0.000000 0.000000 0.000000 0.000000 0.000000 0.000000 0.000000 0.000000 0.004000 0.000000 0.000000 0.444716 0.564597 0.619544 0.625364 0.602842 0.561099 0.508401 0.442829 0.369061 0.000000 0.000000 0.000000 0.000000 0.414129 0.819144 1.216982 1.353226 1.238803 0.717494 0.592496 0.540626 0.420423 0.000000 0.000000 0.000000 0.445449 0.609517 0.654484 0.663887 0.605998 0.613392 0.515906 0.707485 0.711375 0.664296 0.580649 0.772430 0.593815 0.629779 0.737215 0.827049 0.921411 0.931974 0.803394 0.900327 0.946568 1.110936 1.093184 0.697715 0.947791 0.479676 0.264470 0.191860 0.210310 0.451612 0.492329 0.689185 0.830221 0.822274 0.804879 0.921094 1.084684 1.195107 1.233937 1.190786 1.184009 0.917924 0.679207 0.638768 0.725962 0.725647 0.676487 0.708684 1.124045 1.025456 1.034899 1.043497 1.262300 1.247118 1.200840 1.210925 1.240982 1.232884 1.123711 0.886638 0.734188 0.775687 0.657360 0.655026 0.664401 0.919063 0.875011 0.722493 0.519113 0.629653 0.537976 0.450657 0.000000 0.706211 1.062876 1.068503 0.949637 0.977178 0.913669 0.878673 0.789150 0.869401 0.916132 0.891852 0.798347 0.676059 0.668985 0.457023 0.000000 0.000000 0.000000 0.000000 0.000000 0.000000 0.000000 0.000000 0.000000 0.000000 0.000000 0.000000 0.000000 0.000000 0.000000 0.000000 0.000000 0.000000 0.000000 0.000000 0.000000 0.000000 0.000000 0.000000 0.000000 0.000000 0.000000 0.000000 0.000000 0.000000 0.000000 0.000000 0.000000 0.000000 0.000000 0.000000 0.000000 0.000000 0.000000 0.000000 0.000000 0.000000 0.000000 0.000000 0.000000 0.000000 0.000000 0.000000 0.000000 0.000000 0.000000 0.000000 0.000000 0.000000 0.000000 0.000000 0.000000 0.000000 0.000000 0.000000 0.000000 0.000000 0.000000 0.000000 0.000000 0.000000 0.000000 0.000000 0.000000 0.000000 0.000000 0.000000 0.000000 0.000000 0.000000 0.000000 0.000000 0.000000 0.000000 0.000000 0.000000 0.000000 0.000000 0.000000 0.000000
0.000000 0.000000 0.000000 0.000000 0.000000 0.000000 0.000000 0.000000 0.000000 0.000000 0.000000 0.000000 0.000000 0.000000 0.000000 0.000000 0.000000 0.000000 0.000000 0.498688 0.683148 0.650760 0.540956 0.528144 0.515388 0.547626 0.661621 0.534770 0.513754 0.485778 0.447880 0.403810 0.000000 0.412690 0.431611 0.471157 0.378478 0.000000 0.413306 0.411200 0.472675 0.380729 0.000000 0.000000 0.000000 0.481897 0.385041 0.371323 0.373404 0.392586 0.402651 0.401818 0.388778 0.000000 0.000000 0.000000 0.000000 0.000000 0.000000 0.000000 0.000000 0.000000 0.000000 0.000000 0.000000 0.000000 0.000000 0.000000 0.000000 0.000000 0.000000 0.000000 0.000000 0.000000 0.000000 0.000000 0.000000 0.421530 0.420291 0.468677 0.480333 0.464079 0.546228 0.617046 0.624405 0.594979 0.541680 0.470341 0.401377 0.000000 0.000000 0.004000 0.000000 0.670347 0.489491 0.551525 0.601524 0.822077 0.885539 0.854531 0.745723 0.704005 0.617717 0.534137 0.419567 0.563860 0.555007 0.648513 0.686292 0.675024 0.659004 0.579874 0.568257 0.551049 0.628871 0.632903 0.585696 0.640774 0.747946 0.674538 0.649748 0.658387 0.545821 0.631321 0.843107 0.851077 0.387372 0.448135 0.778987 0.783359 0.859580 0.420009 0.464388 0.498796 0.310870 0.261994 0.333489 0.384945 0.814089 0.967295 1.004417 0.903241 0.915388 1.161444 1.265521 1.219580 1.173398 1.209307 1.167200 1.012274 1.075812 0.524049 1.070738 0.876949 0.793968 0.975745 0.921634 0.934935 1.075990 1.074455 1.123979 1.199980 1.325404 1.237085 1.230670 1.115314 1.130787 1.188654 0.994990 0.672290 0.576016 0.820686 1.041642 1.013151 0.806675 0.553907 0.579828 0.533587 0.446737 0.000000 0.000000 0.000000 0.729979 1.058655 1.039883 0.889257 0.736455 0.761061 0.816616 0.899527 0.910147 0.816517 0.688928 0.540753 0.570631 0.494526 0.000000 0.429249 0.000000 0.000000 0.000000 0.000000 0.000000 0.000000 0.000000 0.000000 0.000000 0.000000 0.000000 0.000000 0.000000 0.000000 0.000000 0.000000 0.000000 0.000000 0.000000 0.000000 0.000000 0.000000 0.000000 0.000000 0.000000 0.000000 0.000000 0.000000 0.000000 0.000000 0.000000 0.000000 0.000000 0.000000 0.000000 0.000000 0.000000 0.000000 0.000000 0.000000 0.000000 0.000000 0.000000 0.000000 0.000000 0.000000 0.000000 0.000000 0.000000 0.000000 0.000000 0.000000 0.000000 0.000000 0.000000 0.000000 0.000000 0.000000 0.000000 0.000000 0.000000 0.000000 0.000000 0.000000 0.000000 0.000000 0.000000 0.000000 0.000000 0.000000 0.000000 0.000000 0.000000 0.000000 0.000000 0.000000 0.000000 0.000000 0.000000 0.000000 0.000000 0.000000
0.000000 0.000000 0.000000 0.000000 0.000000 0.000000 0.000000 0.000000 0.000000 0.000000 0.000000 0.000000 0.000000 0.000000 0.000000 0.674914 0.000000 0.312206 0.595910 0.687818 0.703584 0.686899 0.610968 0.468579 0.000000 0.414193 0.455022 0.458411 0.537968 0.550210 0.512745 0.518597 0.635203 0.675069 0.665229 0.599775 0.514897 0.532364 0.521616 0.481598 0.524797 0.510720 0.406329 0.000000 0.910240 0.616709 0.491466 0.464127 0.485873 0.508249 0.512199 0.501234 0.468793 0.427136 0.376079 0.000000 0.000000 0.000000 0.000000 0.000000 0.000000 0.000000 0.000000 0.000000 0.000000 0.000000 0.000000 0.000000 0.000000 0.000000 0.000000 0.000000 0.000000 0.000000 0.000000 0.000000 0.000000 0.383281 0.473254 0.445934 0.472491 0.491450 0.510434 0.486374 0.407795 0.000000 0.000000 0.000000 0.000000 0.000000 0.000000 0.000000 0.000000 0.936637 0.000000 0.443020 0.677717 0.848547 0.792826 0.763492 0.710220 0.820635 0.881887 0.878455 0.918379 0.935627 0.991686 0.991590 0.927644 0.832750 0.711994 0.643241 0.594192 0.566656 0.517593 0.455360 0.487802 0.708504 0.841646 0.835103 0.764170 0.676683 0.681309 0.713327 0.807061 0.749405 0.611786 0.230714 0.148599 0.248467 0.284401 0.433026 0.268257 0.340142 0.399437 0.390882 0.241128 0.444579 0.790117 0.941535 1.104137 0.999269 0.895095 1.097861 1.326714 1.216915 1.024131 0.950044 0.909742 0.832986 0.718084 0.755500 0.724456 0.656020 0.630560 0.821272 0.925578 0.926978 0.846438 0.882715 1.067480 1.214080 1.376792 1.350893 1.183516 1.208128 1.151669 1.157321 0.948800 0.597782 0.530531 1.124414 1.020702 0.832265 0.714561 0.541128 0.531575 0.494631 0.414490 0.000000 0.000000 0.000000 0.681270 0.938001 0.951120 0.763448 0.764605 0.846510 0.801159 1.002075 0.923265 0.748204 0.563630 0.636894 0.558399 0.000000 0.000000 0.000000 0.000000 0.000000 0.000000 0.000000 0.000000 0.000000 0.000000 0.000000 0.000000 0.000000 0.000000 0.000000 0.000000 0.000000 0.000000 0.000000 0.000000 0.000000 0.000000 0.000000 0.000000 0.000000 0.000000 0.000000 0.000000 0.000000 0.000000 0.000000 0.000000 0.000000 0.000000 0.000000 0.000000 0.000000 0.000000 0.000000 0.000000 0.000000 0.000000 0.000000 0.000000 0.000000 0.000000 0.000000 0.000000 0.000000 0.000000 0.000000 0.000000 0.000000 0.000000 0.000000 0.000000 0.000000 0.000000 0.000000 0.000000 0.000000 0.000000 0.000000 0.000000 0.000000 0.000000 0.000000 0.000000 0.000000 0.000000 0.000000 0.000000 0.000000 0.000000 0.000000 0.000000 0.000000 0.000000 0.000000 0.000000 0.000000 0.000000 0.000000 0.000000 0.000000
0.000000 0.000000 0.000000 0.000000 0.000000 0.000000 0.000000 0.000000 0.000000 0.000000 0.000000 0.000000 0.000000 0.000000 0.000000 0.000000 0.000000 0.416425 0.750917 0.765163 0.685459 0.599153 0.505705 0.457947 0.000000 0.000000 0.395829 0.531285 0.664391 0.699045 0.717203 0.698545 0.834704 1.434667 0.895830 0.767446 0.716220 0.725440 0.731246 0.719589 0.694872 0.647860 0.584091 0.522393 0.417848 0.382857 0.401970 0.456253 0.534381 0.564507 0.563053 0.539630 0.487209 0.418474 0.000000 0.000000 0.000000 0.000000 0.000000 0.000000 0.000000 0.000000 0.000000 0.000000 0.000000 0.000000 0.000000 0.000000 0.000000 0.000000 0.000000 0.000000 0.000000 0.000000 0.000000 0.000000 0.000000 0.000000 0.402883 0.417788 0.375538 0.451934 0.482705 0.484356 0.458426 0.407512 0.000000 0.000000 0.000000 0.000000 0.000000 0.000000 0.000000 0.000000 0.000000 0.000000 0.405015 0.474666 0.543239 0.519415 0.507982 0.755279 0.894095 0.996233 1.008622 0.941506 1.039703 0.881392 0.789859 0.704299 0.668637 0.631486 0.606850 0.566906 0.512028 0.589535 1.397469 1.197613 0.961327 1.030648 1.015619 1.002939 0.977869 0.884323 0.758154 0.869556 0.671143 0.279866 0.161740 0.172805 0.268772 0.270344 0.329046 0.432833 0.765315 0.465226 0.700680 0.867015 0.678275 1.265466 1.367736 1.345713 1.033800 1.111789 1.110713 1.107047 0.915986 0.673936 0.685876 0.666636 0.598919 0.610180 0.596806 0.968189 0.869148 0.820336 0.914341 0.702803 0.787317 0.642701 0.804362 0.990424 1.230560 1.270297 1.301255 1.209935 0.879691 0.778971 0.719701 0.872755 0.802751 0.710745 0.881712 0.907287 0.768012 0.655025 0.469687 0.427069 0.000000 0.000000 0.000000 0.534036 0.823890 0.703139 0.685046 0.678715 0.714285 0.704315 0.684616 0.676854 0.643371 0.523877 0.419603 0.000000 0.000000 0.000000 0.000000 0.000000 0.000000 0.000000 0.000000 0.000000 0.000000 0.000000 0.000000 0.000000 0.000000 0.000000 0.000000 0.000000 0.000000 0.000000 0.000000 0.000000 0.000000 0.000000 0.000000 0.000000 0.000000 0.000000 0.000000 0.000000 0.000000 0.000000 0.000000 0.000000 0.000000 0.000000 0.000000 0.000000 0.000000 0.000000 0.000000 0.000000 0.000000 0.000000 0.000000 0.000000 0.000000 0.000000 0.000000 0.000000 0.000000 0.000000 0.000000 0.000000 0.000000 0.000000 0.000000 0.000000 0.000000 0.000000 0.000000 0.000000 0.000000 0.000000 0.000000 0.000000 0.000000 0.000000 0.000000 0.000000 0.000000 0.000000 0.000000 0.000000 0.000000 0.000000 0.000000 0.000000 0.000000 0.000000 0.000000 0.000000 0.000000 0.000000 0.000000 0.000000 0.000000 0.000000
0.000000 0.000000 0.000000 0.000000 0.000000 0.000000 0.000000 0.000000 0.000000 0.000000 0.000000 0.000000 0.000000 0.000000 0.000000 0.004000 0.602233 0.601225 0.745960 0.711540 0.596423 0.776994 0.672343 0.521118 0.000000 0.000000 0.000000 0.659446 0.721046 0.649340 0.586987 0.584289 0.619317 0.826466 0.774916 0.821739 1.010291 1.019783 0.986915 0.916451 0.833315 0.752046 0.668163 0.566150 0.515265 0.461498 0.403871 0.000000 0.455178 0.479908 0.458686 0.404306 0.000000 0.000000 0.000000 0.000000 0.000000 0.000000 0.000000 0.000000 0.000000 0.000000 0.000000 0.000000 0.000000 0.000000 0.000000 0.000000 0.000000 0.000000 0.000000 0.000000 0.000000 0.000000 0.000000 0.000000 0.000000 0.468947 0.539936 0.576641 1.585403 0.600943 0.586033 0.564542 0.521863 0.462002 0.000000 0.000000 0.000000 0.000000 0.000000 0.501855 0.593548 0.644521 0.585508 0.515814 0.619135 0.633839 0.593511 0.538904 0.479324 0.547941 0.763647 0.910171 0.921998 1.048037 1.071539 0.830347 0.857752 0.692850 0.649800 0.605597 0.527894 0.496812 0.448489 0.378443 0.777458 0.618210 0.719021 0.839625 0.877575 0.882705 0.898874 1.003971 0.879635 0.918184 0.933055 0.892896 0.330208 0.308144 0.315081 0.385941 0.469375 0.997522 1.024866 1.031099 0.757717 0.842298 0.607844 0.839571 0.954558 0.952711 0.907338 0.859815 0.996157 0.967359 0.704446 0.536042 0.520303 0.450462 0.498724 0.544012 0.549490 0.647985 0.980275 1.085420 0.782453 0.775170 0.751377 0.759207 0.774887 0.959348 1.130033 1.251672 1.504423 1.362726 1.035032 1.036442 1.084568 1.018058 0.912109 0.840976 0.784245 0.731344 0.677907 0.624655 0.570893 0.518596 0.461333 0.000000 0.000000 0.585760 0.816585 0.772537 0.505510 0.515921 0.580881 0.772332 0.863940 0.848007 0.767400 0.646822 0.467120 0.448760 0.000000 0.000000 0.000000 0.000000 0.000000 0.000000 0.000000 0.000000 0.000000 0.000000 0.000000 0.000000 0.000000 0.000000 0.000000 0.000000 0.000000 0.000000 0.000000 0.000000 0.000000 0.000000 0.000000 0.000000 0.000000 0.000000 0.000000 0.000000 0.000000 0.000000 0.000000 0.000000 0.000000 0.000000 0.000000 0.000000 0.000000 0.000000 0.000000 0.000000 0.000000 0.000000 0.000000 0.000000 0.000000 0.000000 0.000000 0.000000 0.000000 0.000000 0.000000 0.000000 0.000000 0.000000 0.000000 0.000000 0.000000 0.000000 0.000000 0.000000 0.000000 0.000000 0.000000 0.000000 0.000000 0.000000 0.000000 0.000000 0.000000 0.000000 0.000000 0.000000 0.000000 0.000000 0.000000 0.000000 0.000000 0.000000 0.000000 0.000000 0.000000 0.000000 0.000000 0.000000 0.000000 0.000000
0.000000 0.000000 0.000000 0.000000 0.000000 0.000000 0.000000 0.000000 0.000000 0.000000 0.000000 0.000000 0.000000 0.000000 0.000000 0.471225 0.690294 0.675815 0.521146 0.000000 0.000000 0.423608 0.000000 0.000000 0.000000 0.000000 0.000000 0.000000 0.485780 0.440729 0.607258 0.837163 0.948700 0.938955 0.955061 0.996162 1.016562 0.986963 0.920735 0.817277 0.776825 0.674116 0.561964 0.513611 0.466142 0.413998 0.000000 0.000000 0.000000 0.000000 0.000000 0.000000 0.000000 0.000000 0.000000 0.000000 0.000000 0.000000 0.000000 0.000000 0.000000 0.000000 0.000000 0.000000 0.000000 0.000000 0.000000 0.000000 0.000000 0.000000 0.000000 0.000000 0.459346 0.000000 0.000000 0.004000 0.530873 0.756338 0.869750 0.915559 0.853015 0.756213 0.673010 0.610956 0.549911 0.500456 0.479704 0.530544 0.602766 0.427281 0.000000 0.000000 0.402452 0.466873 0.000000 0.415410 0.598477 0.578205 0.491117 0.603017 0.505036 0.464817 0.563953 0.578166 0.578933 0.000000 0.585813 0.659899 0.720542 0.768066 0.741610 0.663085 0.569865 0.491542 0.416631 0.394656 0.000000 0.224909 0.000000 0.000000 0.403108 0.540646 0.587114 0.734961 0.881682 0.902914 0.909954 0.926338 0.883713 0.852572 0.659088 0.737728 1.042760 1.103482 1.151649 1.166486 0.920162 0.396475 0.913628 0.666533 0.721393 0.732291 0.682771 0.721095 0.732211 0.879818 0.905671 0.839077 0.726534 0.612361 0.438191 0.492324 0.763760 1.102449 1.008890 1.093301 0.751482 0.643827 0.785384 1.365808 0.834425 0.877050 1.092301 1.219362 1.438940 1.456194 1.361644 1.302759 1.154671 1.044442 0.990101 0.939267 0.889909 0.828126 0.766004 0.707174 0.647889 0.591111 0.529638 0.455742 0.000000 0.520741 0.551338 0.000000 0.459840 0.633050 0.926288 1.051671 1.058564 0.976803 0.840724 0.674372 0.457324 0.000000 0.000000 0.000000 0.000000 0.000000 0.000000 0.000000 0.000000 0.000000 0.000000 0.000000 0.000000 0.000000 0.000000 0.000000 0.000000 0.000000 0.000000 0.000000 0.000000 0.000000 0.000000 0.000000 0.000000 0.000000 0.000000 0.000000 0.000000 0.000000 0.000000 0.000000 0.000000 0.000000 0.000000 0.000000 0.000000 0.000000 0.000000 0.000000 0.000000 0.000000 0.000000 0.000000 0.000000 0.000000 0.000000 0.000000 0.000000 0.000000 0.000000 0.000000 0.000000 0.000000 0.000000 0.000000 0.000000 0.000000 0.000000 0.000000 0.000000 0.000000 0.000000 0.000000 0.000000 0.000000 0.000000 0.000000 0.000000 0.000000 0.000000 0.000000 0.000000 0.000000 0.000000 0.000000 0.000000 0.000000 0.000000 0.000000 0.000000 0.000000 0.000000 0.000000 0.000000 0.000000 0.000000 0.000000
0.000000 0.000000 0.000000 0.000000 0.000000 0.000000 0.000000 0.000000 0.000000 0.000000 0.000000 0.000000 0.000000 0.000000 0.000000 0.000000 0.000000 0.000000 0.000000 0.459378 0.454420 0.417723 0.000000 0.507549 0.439734 0.614936 0.629699 0.583815 0.000000 0.465167 0.945109 1.066244 1.030501 1.035244 1.006557 0.801524 0.733064 0.672368 0.818595 0.724770 0.628759 0.758515 0.622541 0.626278 0.603702 0.550900 0.496838 0.452711 0.414270 0.000000 0.000000 0.000000 0.000000 0.000000 0.000000 0.000000 0.000000 0.000000 0.000000 0.000000 0.000000 0.000000 0.000000 0.000000 0.000000 0.000000 0.000000 0.000000 0.000000 0.000000 0.000000 0.000000 0.000000 0.000000 0.000000 0.000000 0.451834 0.679586 0.849614 0.859788 0.890731 0.884144 0.850005 0.774990 0.695458 0.700174 0.650557 0.545251 0.426257 0.000000 0.000000 0.413263 0.000000 0.423908 0.612127 0.752106 0.772792 0.713501 0.625273 0.538813 0.515707 0.487436 0.434310 0.000000 0.000000 0.631808 0.663097 0.636091 0.632815 0.646915 0.695297 0.672756 0.656975 0.626751 0.621469 0.602915 0.666907 0.550543 0.518392 0.497809 0.457463 0.410332 0.000000 0.654078 0.761068 0.816387 0.783656 0.762094 0.764210 0.601769 0.685391 0.736985 0.878807 1.000562 1.077757 1.185840 1.173556 0.523944 0.647427 1.106133 0.820597 0.695837 0.498408 0.794417 0.861130 0.873861 1.147650 1.193512 0.926786 0.703751 0.802574 0.851738 1.001865 0.987369 1.133659 0.944291 0.782640 0.687370 0.867968 1.002287 0.772365 0.589306 0.548396 0.867003 1.229143 1.442373 1.515519 1.414524 1.317062 1.172944 1.083695 1.022669 0.961458 0.900112 0.834618 0.769119 0.706590 0.641859 0.575378 0.507527 0.430904 0.000000 0.000000 0.000000 0.488286 0.873421 1.136235 1.236305 1.158067 1.010876 0.808347 0.664332 0.584317 0.437143 0.000000 0.000000 0.000000 0.000000 0.000000 0.000000 0.000000 0.000000 0.000000 0.000000 0.000000 0.000000 0.000000 0.000000 0.000000 0.000000 0.000000 0.000000 0.000000 0.000000 0.000000 0.000000 0.000000 0.000000 0.000000 0.000000 0.000000 0.000000 0.000000 0.000000 0.000000 0.000000 0.000000 0.000000 0.000000 0.000000 0.000000 0.000000 0.000000 0.000000 0.000000 0.000000 0.000000 0.000000 0.000000 0.000000 0.000000 0.000000 0.000000 0.000000 0.000000 0.000000 0.000000 0.000000 0.000000 0.000000 0.000000 0.000000 0.000000 0.000000 0.000000 0.000000 0.000000 0.000000 0.000000 0.000000 0.000000 0.000000 0.000000 0.000000 0.000000 0.000000 0.000000 0.000000 0.000000 0.000000 0.000000 0.000000 0.000000 0.000000 0.000000 0.000000 0.000000 0.000000 0.000000 0.000000
0.000000 0.000000 0.000000 0.000000 0.000000 0.000000 0.000000 0.000000 0.000000 0.000000 0.000000 0.000000 0.000000 0.000000 0.520067 0.000000 0.594720 0.784412 0.825556 0.799943 0.682297 0.628269 0.552418 0.407096 0.608893 0.797465 0.963048 1.009240 0.880248 0.579910 1.029431 1.083755 0.950186 0.868607 0.842067 0.797515 0.725607 0.591730 0.000000 0.000000 0.000000 0.439805 0.543329 0.633120 0.651682 0.623503 0.575211 0.519274 0.462998 0.408017 0.000000 0.000000 0.000000 0.000000 0.000000 0.000000 0.000000 0.000000 0.000000 0.000000 0.000000 0.000000 0.000000 0.000000 0.000000 0.000000 0.000000 0.000000 0.000000 0.000000 0.000000 0.000000 0.000000 0.000000 0.000000 0.000000 0.000000 0.443570 0.575918 1.251708 1.140499 0.828038 0.885566 0.868068 0.823226 0.763273 0.696982 0.647966 0.774149 0.630837 0.621660 0.622117 0.558107 0.524150 0.643026 0.757482 0.817558 0.796939 0.794049 0.754961 0.624825 0.535477 0.445814 0.000000 0.758062 0.935483 0.958256 0.914558 0.757278 0.752273 0.823657 0.827510 0.791111 0.781041 0.717646 0.705425 0.842064 0.725885 0.664365 0.582073 0.596960 0.473947 0.538055 0.596731 0.621530 0.579165 0.612429 0.601125 0.685062 0.685700 0.703151 0.911957 0.737569 0.820535 0.947280 1.053426 0.911533 0.546471 0.521069 0.603409 0.734406 0.759324 0.666940 0.890229 1.405340 1.181701 1.493570 1.607009 1.199159 1.015760 0.869350 0.940241 1.025950 0.865197 0.958261 0.774468 0.770978 0.445820 0.536907 0.788238 0.737888 0.486245 0.184417 0.863201 0.817644 1.334685 1.482637 1.403736 1.405438 1.258677 1.208657 1.136150 1.015115 0.928273 0.868246 0.812528 0.747704 0.679848 0.607918 0.537302 0.467012 0.000000 0.000000 0.000000 0.884871 0.955233 1.246182 1.218232 1.034058 0.803257 0.674990 0.608790 0.477573 0.000000 0.000000 0.000000 0.000000 0.000000 0.000000 0.000000 0.000000 0.000000 0.000000 0.000000 0.000000 0.000000 0.000000 0.000000 0.000000 0.000000 0.000000 0.000000 0.000000 0.000000 0.000000 0.000000 0.000000 0.000000 0.000000 0.000000 0.000000 0.000000 0.000000 0.000000 0.000000 0.000000 0.000000 0.000000 0.000000 0.000000 0.000000 0.000000 0.000000 0.000000 0.000000 0.000000 0.000000 0.000000 0.000000 0.000000 0.000000 0.000000 0.000000 0.000000 0.000000 0.000000 0.000000 0.000000 0.000000 0.000000 0.000000 0.000000 0.000000 0.000000 0.000000 0.000000 0.000000 0.000000 0.000000 0.000000 0.000000 0.000000 0.000000 0.000000 0.000000 0.000000 0.000000 0.000000 0.000000 0.000000 0.000000 0.000000 0.000000 0.000000 0.000000 0.000000 0.000000 0.000000 0.000000 0.000000
0.000000 0.000000 0.000000 0.000000 0.000000 0.000000 0.000000 0.000000 0.000000 0.000000 0.000000 0.000000 0.000000 0.000000 0.685736 0.901778 0.944368 1.015569 0.984056 0.894710 0.797584 0.686969 0.587126 0.640177 0.811197 0.963806 1.101652 1.101115 1.075609 0.806985 0.582841 0.710898 0.760181 0.784588 0.572286 0.539361 0.493460 0.535375 0.490215 0.000000 0.000000 0.502532 0.640566 0.730243 0.709850 0.627444 0.454998 0.413160 0.380695 0.371377 0.000000 0.000000 0.000000 0.000000 0.000000 0.000000 0.000000 0.000000 0.000000 0.000000 0.000000 0.000000 0.000000 0.000000 0.000000 0.000000 0.000000 0.000000 0.000000 0.000000 0.000000 0.000000 0.000000 0.000000 0.000000 0.000000 0.000000 0.000000 0.000000 0.571749 0.411751 0.625698 0.777039 0.863709 0.892655 0.872130 0.854630 0.809337 0.756667 0.699967 0.688253 0.673275 0.620425 0.565208 0.543321 0.669216 0.761212 0.746986 0.779210 0.796440 0.735900 0.639506 0.541582 0.000000 0.677537 0.992749 1.017729 0.901637 0.684429 0.704063 0.743049 0.737313 0.738275 0.698607 0.622163 0.708162 0.757234 0.731968 0.641195 0.546459 0.514436 0.718366 0.753071 0.676401 0.693685 0.713622 0.726103 0.776358 0.797556 0.783734 0.798796 1.072985 1.128268 0.996867 1.047419 0.901436 0.316431 0.284433 0.602830 0.710521 0.682548 0.645311 0.722602 1.281041 1.613564 1.404869 1.420337 1.443659 1.441513 1.661786 1.543002 1.431381 1.264428 1.009667 0.864981 0.443890 0.279505 0.407836 0.468143 0.536672 0.476389 0.318215 0.297114 0.678290 0.999137 1.240991 1.229337 1.242379 1.430715 1.498100 1.547332 1.371659 1.166449 0.997749 0.895595 0.837061 0.773273 0.707101 0.633099 0.561650 0.489824 0.000000 0.000000 0.293775 1.106091 0.839142 0.808283 0.778230 0.734453 0.678369 0.000000 0.000000 0.000000 0.000000 0.000000 0.000000 0.000000 0.000000 0.000000 0.000000 0.000000 0.000000 0.000000 0.000000 0.000000 0.000000 0.000000 0.000000 0.000000 0.000000 0.000000 0.000000 0.000000 0.000000 0.000000 0.000000 0.000000 0.000000 0.000000 0.000000 0.000000 0.000000 0.000000 0.000000 0.000000 0.000000 0.000000 0.000000 0.000000 0.000000 0.000000 0.000000 0.000000 0.000000 0.000000 0.000000 0.000000 0.000000 0.000000 0.000000 0.000000 0.000000 0.000000 0.000000 0.000000 0.000000 0.000000 0.000000 0.000000 0.000000 0.000000 0.000000 0.000000 0.000000 0.000000 0.000000 0.000000 0.000000 0.000000 0.000000 0.000000 0.000000 0.000000 0.000000 0.000000 0.000000 0.000000 0.000000 0.000000 0.000000 0.000000 0.000000 0.000000 0.000000 0.000000 0.000000 0.000000 0.000000 0.000000 0.000000
0.000000 0.000000 0.000000 0.000000 0.000000 0.000000 0.000000 0.000000 0.000000 0.000000 0.000000 0.300821 0.482541 0.504651 0.986568 1.145842 1.294211 1.094759 1.003520 0.886219 0.769611 0.664482 0.598043 0.635264 0.905468 1.005829 1.051322 1.053262 1.084616 0.769297 0.735259 0.789692 0.792984 0.831456 0.785321 0.733963 0.684412 0.639967 0.629808 0.601665 0.608176 0.753696 0.813142 0.777371 0.675720 0.536973 0.000000 0.000000 0.000000 0.000000 0.000000 0.000000 0.000000 0.000000 0.000000 0.000000 0.000000 0.000000 0.000000 0.000000 0.000000 0.000000 0.000000 0.000000 0.000000 0.000000 0.000000 0.000000 0.000000 0.000000 0.000000 0.000000 0.000000 0.000000 0.000000 0.000000 0.000000 0.000000 0.000000 0.000000 0.000000 0.000000 0.515199 0.684518 0.770925 0.825251 0.836989 0.817246 0.759521 0.710361 0.688092 0.667680 0.632139 0.594794 0.554617 0.517342 0.512968 0.540792 0.562620 0.648564 0.625599 0.566221 0.484000 0.000000 0.433576 0.741419 0.816909 0.720325 0.498131 0.563426 0.578319 0.562955 0.582779 0.502980 0.578338 0.597183 1.113112 0.973396 0.446995 0.450334 0.619371 0.680513 0.721507 0.716218 0.675869 0.625736 0.604707 0.595653 0.543819 0.504676 0.873610 1.103135 1.249606 1.356359 1.320246 1.073243 0.792797 0.244509 0.506396 0.660393 0.581133 0.584685 0.689964 0.930665 1.498228 1.553679 1.361845 1.197435 1.317403 1.786761 1.585898 1.517468 1.420090 0.970980 0.609349 0.953255 0.539375 0.527100 0.812188 0.705253 0.608160 0.540770 0.856160 0.788269 0.723179 0.824992 1.118226 1.164256 1.111926 1.375346 1.542118 1.591160 1.423143 1.195684 1.048015 0.881570 0.791186 0.726692 0.655241 0.579412 0.506214 0.426317 0.000000 0.506639 0.679449 1.002255 0.709365 0.587076 0.471016 0.000000 0.000000 0.000000 0.000000 0.000000 0.000000 0.000000 0.000000 0.000000 0.000000 0.000000 0.000000 0.000000 0.000000 0.000000 0.000000 0.000000 0.000000 0.000000 0.000000 0.000000 0.000000 0.000000 0.000000 0.000000 0.000000 0.000000 0.000000 0.000000 0.000000 0.000000 0.000000 0.000000 0.000000 0.000000 0.000000 0.000000 0.000000 0.000000 0.000000 0.000000 0.000000 0.000000 0.000000 0.000000 0.000000 0.000000 0.000000 0.000000 0.000000 0.000000 0.000000 0.000000 0.000000 0.000000 0.000000 0.000000 0.000000 0.000000 0.000000 0.000000 0.000000 0.000000 0.000000 0.000000 0.000000 0.000000 0.000000 0.000000 0.000000 0.000000 0.000000 0.000000 0.000000 0.000000 0.000000 0.000000 0.000000 0.000000 0.000000 0.000000 0.000000 0.000000 0.000000 0.000000 0.000000 0.000000 0.000000 0.000000 0.000000 0.000000
0.000000 0.000000 0.000000 0.000000 0.000000 0.000000 0.000000 0.000000 0.000000 0.000000 0.000000 0.000000 0.578840 0.851216 1.695219 1.142353 1.792040 1.076087 0.990801 0.979975 0.806013 0.911913 0.900754 0.663847 0.742630 0.793806 0.914268 0.817538 0.731665 0.736705 0.857961 0.894127 0.900938 0.973362 0.944609 0.904093 0.853520 0.840072 0.816168 0.751246 0.658504 0.684160 0.698441 0.649843 0.504173 0.507138 0.528619 0.518200 0.471494 0.414602 0.000000 0.000000 0.000000 0.000000 0.000000 0.000000 0.000000 0.000000 0.000000 0.000000 0.000000 0.000000 0.000000 0.000000 0.000000 0.000000 0.000000 0.000000 0.000000 0.000000 0.000000 0.000000 0.000000 0.000000 0.000000 0.000000 0.000000 0.000000 0.000000 0.000000 0.000000 0.000000 0.000000 0.000000 0.531737 0.647880 0.684798 0.679675 0.658768 0.642601 0.629918 0.613918 0.585808 0.555922 0.518679 0.488013 0.449165 0.416272 0.380979 0.000000 0.000000 0.000000 0.000000 0.000000 0.000000 0.000000 0.440562 0.000000 0.000000 0.000000 0.000000 0.000000 0.000000 0.004000 0.000000 0.000000 0.561188 0.000000 0.000000 0.522510 0.530455 0.554781 0.570891 0.650334 0.713730 0.719842 0.674443 0.608957 0.585480 0.707380 0.620142 0.694159 0.913318 1.116055 1.250602 1.078528 1.031791 0.307179 0.261137 0.359978 0.397206 0.438664 0.533048 0.703442 1.255571 1.373651 1.332509 1.057025 1.143072 1.541969 1.444538 1.462477 1.009412 1.072995 1.052398 1.122406 1.203953 0.891798 0.949624 1.273928 1.201139 1.174479 1.433357 1.286458 0.990448 0.901616 0.814857 0.953067 0.756086 0.950223 1.371556 1.616167 1.681606 1.520565 1.236701 1.020416 0.839651 0.727502 0.652583 0.571742 0.493149 0.444655 0.619663 0.683792 0.759813 0.725906 0.547472 0.000000 0.000000 0.000000 0.000000 0.000000 0.000000 0.000000 0.000000 0.000000 0.000000 0.000000 0.000000 0.000000 0.000000 0.000000 0.000000 0.000000 0.000000 0.000000 0.000000 0.000000 0.000000 0.000000 0.000000 0.000000 0.000000 0.000000 0.000000 0.000000 0.000000 0.000000 0.000000 0.000000 0.000000 0.000000 0.000000 0.000000 0.000000 0.000000 0.000000 0.000000 0.000000 0.000000 0.000000 0.000000 0.000000 0.000000 0.000000 0.000000 0.000000 0.000000 0.000000 0.000000 0.000000 0.000000 0.000000 0.000000 0.000000 0.000000 0.000000 0.000000 0.000000 0.000000 0.000000 0.000000 0.000000 0.000000 0.000000 0.000000 0.000000 0.000000 0.000000 0.000000 0.000000 0.000000 0.000000 0.000000 0.000000 0.000000 0.000000 0.000000 0.000000 0.000000 0.000000 0.000000 0.000000 0.000000 0.000000 0.000000 0.000000 0.000000 0.000000 0.000000
0.000000 0.000000 0.000000 0.000000 0.000000 0.000000 0.000000 0.000000 0.000000 0.000000 0.000000 0.000000 0.000000 0.596441 0.673134 0.924630 1.196848 0.854466 0.858144 0.992133 1.021131 1.147103 1.071241 0.844246 0.787425 0.764876 0.718216 0.837483 0.778615 0.715342 0.780744 0.878758 0.882874 0.840305 0.756024 0.664323 0.674683 0.692977 0.673584 0.607576 0.514109 0.421506 0.000000 0.249187 0.000000 0.641872 0.708458 0.684775 0.613224 0.726387 0.000000 0.000000 0.000000 0.000000 0.000000 0.000000 0.000000 0.000000 0.000000 0.000000 0.000000 0.000000 0.000000 0.000000 0.000000 0.000000 0.000000 0.000000 0.000000 0.000000 0.000000 0.000000 0.000000 0.000000 0.000000 0.000000 0.000000 0.000000 0.000000 0.000000 0.000000 0.000000 0.000000 0.000000 0.000000 0.000000 0.000000 0.382242 0.461613 0.500158 0.507998 0.501411 0.481733 0.457511 0.426451 0.403491 0.000000 0.000000 0.000000 0.000000 0.000000 0.000000 0.000000 0.000000 0.000000 0.000000 0.000000 0.422796 0.457182 0.418330 0.000000 0.000000 0.000000 0.000000 0.000000 0.450411 0.698114 0.568090 0.644974 0.619940 0.604279 0.642978 0.625891 0.638175 0.704219 0.568557 0.558304 0.750772 0.505118 0.680729 0.566933 0.508658 0.678501 0.969309 1.152117 1.113215 1.134965 0.941781 0.703170 0.332653 0.252782 0.333737 0.491940 0.829520 0.862550 0.912843 1.037702 1.111047 1.054858 1.097094 1.183372 0.908642 0.789836 1.120640 1.079543 1.147411 1.173538 1.056627 1.061027 1.472652 1.553992 1.465033 1.297351 1.141941 1.029508 0.759992 0.932019 0.688479 0.588121 0.725287 1.054336 1.410092 1.648136 1.572212 1.407658 1.168062 0.961129 0.783698 0.634649 0.558174 0.470065 0.526021 0.719925 0.742674 0.672564 0.531595 0.000000 0.000000 0.000000 0.000000 0.000000 0.000000 0.000000 0.000000 0.000000 0.000000 0.000000 0.000000 0.000000 0.000000 0.000000 0.000000 0.000000 0.000000 0.000000 0.000000 0.000000 0.000000 0.000000 0.000000 0.000000 0.000000 0.000000 0.000000 0.000000 0.000000 0.000000 0.000000 0.000000 0.000000 0.000000 0.000000 0.000000 0.000000 0.000000 0.000000 0.000000 0.000000 0.000000 0.000000 0.000000 0.000000 0.000000 0.000000 0.000000 0.000000 0.000000 0.000000 0.000000 0.000000 0.000000 0.000000 0.000000 0.000000 0.000000 0.000000 0.000000 0.000000 0.000000 0.000000 0.000000 0.000000 0.000000 0.000000 0.000000 0.000000 0.000000 0.000000 0.000000 0.000000 0.000000 0.000000 0.000000 0.000000 0.000000 0.000000 0.000000 0.000000 0.000000 0.000000 0.000000 0.000000 0.000000 0.000000 0.000000 0.000000 0.000000 0.000000 0.000000 0.000000
0.000000 0.000000 0.000000 0.000000 0.000000 0.000000 0.000000 0.000000 0.000000 0.000000 0.000000 0.000000 0.000000 0.000000 0.617565 0.850835 0.985513 0.881369 1.039626 1.140148 1.139784 1.109894 1.227387 0.949045 0.871476 0.835750 0.808743 0.735918 0.653501 0.727338 0.719335 0.700136 0.678150 0.652130 0.658307 0.607599 0.510542 0.467442 0.421109 0.000000 0.000000 0.000000 0.000000 0.000000 0.000000 0.000000 0.510312 0.504335 0.434964 0.000000 0.000000 0.000000 0.000000 0.000000 0.000000 0.000000 0.000000 0.000000 0.000000 0.000000 0.000000 0.000000 0.000000 0.000000 0.000000 0.000000 0.000000 0.000000 0.000000 0.000000 0.000000 0.000000 0.000000 0.000000 0.000000 0.000000 0.000000 0.000000 0.000000 0.000000 0.000000 0.000000 0.000000 0.000000 0.000000 0.000000 0.000000 0.000000 0.000000 0.000000 0.000000 0.000000 0.000000 0.000000 0.000000 0.000000 0.000000 0.000000 0.000000 0.000000 0.000000 0.000000 0.000000 0.000000 0.000000 0.506452 0.683983 0.685690 0.614390 0.523059 0.000000 0.000000 0.000000 0.490878 0.585033 0.615474 0.644870 0.738617 0.604751 0.644019 0.590246 0.569163 0.532367 0.648844 0.634799 0.567634 0.184487 0.219024 0.530342 0.761630 0.750324 0.648559 0.449528 0.655450 0.856041 0.899641 0.971122 0.916855 0.876737 0.970526 0.957298 0.863335 0.904231 0.724301 0.300907 0.346251 0.941916 1.002327 0.983966 1.018075 1.066203 1.082512 1.204442 1.386557 1.417373 1.299889 0.996435 0.880881 1.055544 1.300566 1.358363 1.264085 1.181157 1.125690 1.055642 0.952979 0.901028 0.826281 0.793487 0.797724 1.062432 1.275242 1.437262 1.541691 1.561761 1.451209 1.213280 1.000307 0.817501 1.228936 0.496417 0.418194 0.514940 0.504122 0.451635 0.000000 0.000000 0.000000 0.512717 0.000000 0.000000 0.000000 0.000000 0.000000 0.000000 0.000000 0.000000 0.000000 0.000000 0.000000 0.000000 0.000000 0.000000 0.000000 0.000000 0.000000 0.000000 0.000000 0.000000 0.000000 0.000000 0.000000 0.000000 0.000000 0.000000 0.000000 0.000000 0.000000 0.000000 0.000000 0.000000 0.000000 0.000000 0.000000 0.000000 0.000000 0.000000 0.000000 0.000000 0.000000 0.000000 0.000000 0.000000 0.000000 0.000000 0.000000 0.000000 0.000000 0.000000 0.000000 0.000000 0.000000 0.000000 0.000000 0.000000 0.000000 0.000000 0.000000 0.000000 0.000000 0.000000 0.000000 0.000000 0.000000 0.000000 0.000000 0.000000 0.000000 0.000000 0.000000 0.000000 0.000000 0.000000 0.000000 0.000000 0.000000 0.000000 0.000000 0.000000 0.000000 0.000000 0.000000 0.000000 0.000000 0.000000 0.000000 0.000000 0.000000 0.000000 0.000000
0.000000 0.000000 0.000000 0.000000 0.000000 0.000000 0.000000 0.000000 0.000000 0.000000 0.000000 0.000000 0.372628 0.648026 0.703020 0.907235 1.054165 1.057819 1.109721 1.157012 1.188200 1.173074 1.325068 1.039362 0.968579 0.953224 0.925461 0.855129 0.814320 0.983303 0.683431 0.663524 0.809794 0.850308 0.791153 0.710072 0.634303 0.545324 0.496872 0.440736 0.000000 0.000000 0.000000 0.000000 0.000000 0.000000 0.000000 0.000000 0.000000 0.000000 0.000000 0.000000 0.000000 0.000000 0.000000 0.000000 0.000000 0.000000 0.000000 0.000000 0.000000 0.000000 0.000000 0.000000 0.000000 0.000000 0.000000 0.000000 0.000000 0.000000 0.000000 0.000000 0.000000 0.000000 0.000000 0.000000 0.000000 0.000000 0.000000 0.000000 0.000000 0.000000 0.000000 0.000000 0.000000 0.000000 0.000000 0.000000 0.000000 0.494747 0.479841 0.000000 0.000000 0.000000 0.000000 0.000000 0.000000 0.000000 0.000000 0.000000 0.404150 0.395832 0.000000 0.000000 0.004000 0.668889 0.816628 0.778218 0.625284 0.468938 0.000000 0.000000 0.467148 0.000000 0.612418 0.761326 0.791948 0.753639 0.729714 0.774531 0.836690 0.782739 0.559090 0.626980 0.621878 0.518201 0.427629 0.611127 0.876570 0.908299 0.910334 0.701175 0.000000 0.942427 0.567215 0.565323 0.658904 0.785718 0.773907 1.019954 1.052352 1.004174 0.959953 0.893591 0.823187 0.672492 0.788928 1.020883 1.163215 1.191503 1.070371 0.852937 1.169413 1.305299 1.244380 1.190990 1.134148 1.159631 1.001334 0.979491 1.144948 1.203660 1.132009 1.063466 1.037654 0.909098 0.992252 1.088227 0.969765 0.803902 1.088680 1.160881 1.339463 1.592842 1.705567 1.668987 1.497475 1.248628 0.982185 0.746778 0.569949 0.439317 0.000000 0.000000 0.460285 0.441306 0.788700 0.000000 0.000000 0.423954 0.000000 0.000000 0.000000 0.000000 0.000000 0.000000 0.000000 0.000000 0.000000 0.000000 0.000000 0.000000 0.000000 0.000000 0.000000 0.000000 0.000000 0.000000 0.000000 0.000000 0.000000 0.000000 0.000000 0.000000 0.000000 0.000000 0.000000 0.000000 0.000000 0.000000 0.000000 0.000000 0.000000 0.000000 0.000000 0.000000 0.000000 0.000000 0.000000 0.000000 0.000000 0.000000 0.000000 0.000000 0.000000 0.000000 0.000000 0.000000 0.000000 0.000000 0.000000 0.000000 0.000000 0.000000 0.000000 0.000000 0.000000 0.000000 0.000000 0.000000 0.000000 0.000000 0.000000 0.000000 0.000000 0.000000 0.000000 0.000000 0.000000 0.000000 0.000000 0.000000 0.000000 0.000000 0.000000 0.000000 0.000000 0.000000 0.000000 0.000000 0.000000 0.000000 0.000000 0.000000 0.000000 0.000000 0.000000 0.000000 0.000000 0.000000
0.000000 0.000000 0.000000 0.000000 0.000000 0.000000 0.000000 0.000000 0.000000 0.000000 0.484517 0.905158 1.086511 1.058855 0.880445 1.078894 1.121987 1.066870 1.007293 1.017790 1.096422 1.321181 1.306570 1.204489 0.910446 0.892382 0.849406 0.956187 0.840165 0.647109 0.595709 0.574871 0.694694 0.735456 0.681368 0.597268 0.464647 0.400333 0.000000 0.000000 0.000000 0.000000 0.000000 0.388568 0.390291 0.000000 0.000000 0.000000 0.000000 0.000000 0.000000 0.000000 0.000000 0.000000 0.000000 0.000000 0.000000 0.000000 0.000000 0.000000 0.000000 0.000000 0.000000 0.000000 0.000000 0.000000 0.000000 0.000000 0.000000 0.000000 0.000000 0.000000 0.000000 0.000000 0.000000 0.000000 0.000000 0.000000 0.000000 0.000000 0.000000 0.000000 0.000000 0.000000 0.000000 0.000000 0.000000 0.000000 0.444495 0.504394 0.439889 0.000000 0.000000 0.000000 0.000000 0.000000 0.703007 0.562021 0.568438 0.543786 0.507688 0.469846 0.442059 0.417356 0.457115 0.000000 0.515119 0.508870 0.000000 0.000000 0.000000 0.440998 0.852382 0.732327 0.738946 0.814014 0.913428 0.863437 0.762935 0.799868 0.814285 0.783454 0.719799 0.714272 0.596467 0.521954 0.559818 0.646944 0.660783 0.574578 0.478557 0.666277 0.690583 0.601156 0.600912 0.968410 0.784686 0.765429 0.693220 0.812326 0.809946 0.763503 1.025791 1.126300 0.990412 0.963853 0.905893 0.455186 0.972640 0.761905 0.756567 0.864552 1.040651 1.130551 1.437098 1.530360 1.210026 1.241643 1.310591 1.064518 0.985809 1.195047 1.144556 1.158269 1.121930 0.901298 1.186032 1.392454 1.214292 0.809269 0.677904 0.738991 1.181033 1.551670 1.697739 1.657675 1.495880 1.221775 0.945126 0.749759 0.619224 0.499929 0.000000 0.000000 0.000000 0.000000 0.000000 0.000000 0.000000 0.000000 0.000000 0.000000 0.000000 0.000000 0.000000 0.000000 0.000000 0.000000 0.000000 0.000000 0.000000 0.000000 0.000000 0.000000 0.000000 0.000000 0.000000 0.000000 0.000000 0.000000 0.000000 0.000000 0.000000 0.000000 0.000000 0.000000 0.000000 0.000000 0.000000 0.000000 0.000000 0.000000 0.000000 0.000000 0.000000 0.000000 0.000000 0.000000 0.000000 0.000000 0.000000 0.000000 0.000000 0.000000 0.000000 0.000000 0.000000 0.000000 0.000000 0.000000 0.000000 0.000000 0.000000 0.000000 0.000000 0.000000 0.000000 0.000000 0.000000 0.000000 0.000000 0.000000 0.000000 0.000000 0.000000 0.000000 0.000000 0.000000 0.000000 0.000000 0.000000 0.000000 0.000000 0.000000 0.000000 0.000000 0.000000 0.000000 0.000000 0.000000 0.000000 0.000000 0.000000 0.000000 0.000000 0.000000 0.000000 0.000000 0.000000 0.000000
0.000000 0.000000 0.000000 0.000000 0.000000 0.000000 0.000000 0.000000 0.000000 0.000000 0.836388 1.194432 1.309968 1.176800 0.984327 1.060262 1.245172 1.238317 0.923328 0.788476 0.874279 0.942246 0.918462 0.875965 0.892894 0.824833 0.835194 0.746966 0.738724 0.768860 0.780922 0.809907 0.749280 0.683981 0.616444 0.544753 0.474761 0.414024 0.000000 0.000000 0.000000 0.600112 0.615699 0.616691 0.572164 0.518986 0.465157 0.412067 0.000000 0.000000 0.000000 0.000000 0.000000 0.000000 0.000000 0.000000 0.000000 0.000000 0.000000 0.000000 0.000000 0.000000 0.000000 0.000000 0.000000 0.000000 0.000000 0.000000 0.000000 0.000000 0.000000 0.000000 0.000000 0.000000 0.000000 0.000000 0.000000 0.000000 0.000000 0.000000 0.000000 0.000000 0.000000 0.000000 0.000000 0.000000 0.000000 0.000000 0.419041 0.430253 0.000000 0.000000 0.000000 0.000000 0.000000 0.000000 0.408961 0.554413 0.603287 0.596102 0.558942 0.509372 0.465518 0.436680 0.406912 0.000000 0.401146 0.438709 0.547312 0.684858 0.662411 0.774153 0.931607 0.966774 1.121527 1.029107 1.093989 1.016146 0.874062 0.742867 0.790531 0.748975 0.739720 0.687043 0.755293 0.641847 0.714161 0.671115 0.614560 0.641399 0.610254 0.912525 0.814199 0.655695 0.573666 0.637897 0.747774 0.746742 0.599534 0.701815 0.630236 0.733834 1.124492 1.277938 1.133541 1.069904 0.908138 1.074137 0.843299 0.421889 0.234929 0.408891 1.054902 1.315656 1.331906 1.180866 1.160671 1.272925 1.197101 1.059135 0.923909 1.040272 1.003244 1.020024 1.280586 1.022700 1.035535 1.275575 1.156492 0.869199 0.535404 0.000000 0.765071 0.969303 1.243632 1.185873 1.150180 1.041747 0.949624 0.839383 0.700556 0.557829 0.433788 0.000000 0.000000 0.000000 0.000000 0.000000 0.000000 0.000000 0.000000 0.352042 0.000000 0.000000 0.000000 0.000000 0.000000 0.000000 0.000000 0.000000 0.000000 0.000000 0.000000 0.000000 0.000000 0.000000 0.000000 0.000000 0.000000 0.000000 0.000000 0.000000 0.000000 0.000000 0.000000 0.000000 0.000000 0.000000 0.000000 0.000000 0.000000 0.000000 0.000000 0.000000 0.000000 0.000000 0.000000 0.000000 0.000000 0.000000 0.000000 0.000000 0.000000 0.000000 0.000000 0.000000 0.000000 0.000000 0.000000 0.000000 0.000000 0.000000 0.000000 0.000000 0.000000 0.000000 0.000000 0.000000 0.000000 0.000000 0.000000 0.000000 0.000000 0.000000 0.000000 0.000000 0.000000 0.000000 0.000000 0.000000 0.000000 0.000000 0.000000 0.000000 0.000000 0.000000 0.000000 0.000000 0.000000 0.000000 0.000000 0.000000 0.000000 0.000000 0.000000 0.000000 0.000000 0.000000 0.000000 0.000000
0.000000 0.000000 0.000000 0.000000 0.000000 0.000000 0.000000 0.000000 0.000000 0.000000 0.729888 1.109017 1.186483 1.169987 1.032956 1.139859 1.032499 1.142251 0.978371 0.721224 0.700532 0.746259 0.766016 0.784753 0.931539 0.948359 0.788689 0.765279 0.835942 0.887223 0.865443 0.806357 0.716270 0.637435 0.572924 0.514597 0.460328 0.401665 0.000000 0.655216 0.669037 0.690483 0.685187 0.627842 0.547949 0.461256 0.000000 0.000000 0.000000 0.000000 0.000000 0.000000 0.000000 0.000000 0.000000 0.000000 0.000000 0.000000 0.000000 0.000000 0.000000 0.000000 0.000000 0.000000 0.000000 0.000000 0.000000 0.000000 0.000000 0.000000 0.000000 0.000000 0.000000 0.000000 0.434766 0.506026 0.532341 0.515697 0.486043 0.454851 0.421606 0.383299 0.000000 0.000000 0.004000 0.000000 0.000000 0.523985 0.588583 0.518267 0.452395 0.000000 0.000000 0.000000 0.000000 0.000000 0.000000 0.418854 0.503898 0.510006 0.478404 0.528100 0.484770 0.443672 0.453189 0.574086 0.628338 0.606896 0.955891 1.024548 0.888581 0.900961 0.887484 0.849091 0.839840 0.832027 0.759448 0.584707 0.524081 0.678582 0.803229 0.762874 0.718397 0.658237 0.612182 0.525332 0.000000 0.411610 0.437717 0.508111 0.507705 0.784817 0.644794 1.023629 0.749142 0.680301 0.672736 0.698103 0.688246 0.604172 0.626707 0.524350 1.009706 1.013626 1.050549 0.769641 0.304844 0.620730 0.626126 0.652568 0.749169 0.745185 1.028686 0.967985 1.189498 0.988126 1.080525 0.922676 1.152088 1.109791 0.993290 0.698166 0.723500 0.847471 0.909808 0.920778 0.947699 0.775832 0.734505 0.567139 0.413540 0.000000 0.000000 0.654569 0.613893 0.889621 1.007764 1.029407 0.985123 0.866726 0.711417 0.560996 0.424898 0.000000 0.000000 0.000000 0.000000 0.000000 0.000000 0.000000 0.000000 0.000000 0.000000 0.000000 0.000000 0.000000 0.000000 0.000000 0.000000 0.000000 0.000000 0.000000 0.000000 0.000000 0.000000 0.000000 0.000000 0.000000 0.000000 0.000000 0.000000 0.000000 0.000000 0.000000 0.000000 0.000000 0.000000 0.000000 0.000000 0.000000 0.000000 0.000000 0.000000 0.000000 0.000000 0.000000 0.000000 0.000000 0.000000 0.000000 0.000000 0.000000 0.000000 0.000000 0.000000 0.000000 0.000000 0.000000 0.000000 0.000000 0.000000 0.000000 0.000000 0.000000 0.000000 0.000000 0.000000 0.000000 0.000000 0.000000 0.000000 0.000000 0.000000 0.000000 0.000000 0.000000 0.000000 0.000000 0.000000 0.000000 0.000000 0.000000 0.000000 0.000000 0.000000 0.000000 0.000000 0.000000 0.000000 0.000000 0.000000 0.000000 0.000000 0.000000 0.000000 0.000000 0.000000 0.000000 0.000000 0.000000
0.000000 0.000000 0.000000 0.000000 0.000000 0.000000 0.000000 0.000000 0.000000 0.000000 0.000000 0.682007 0.890480 0.946091 0.901806 0.888984 0.686585 0.695529 0.779429 0.855479 0.738579 0.730561 0.698992 0.659235 0.802795 0.753675 0.664523 0.563433 0.667691 0.735505 0.735804 0.680556 0.598549 0.566654 0.570949 0.552221 0.516332 0.417095 0.387051 0.000000 0.000000 0.000000 0.000000 0.000000 0.000000 0.000000 0.000000 0.000000 0.000000 0.000000 0.000000 0.373037 0.000000 0.000000 0.000000 0.000000 0.000000 0.000000 0.000000 0.000000 0.000000 0.000000 0.000000 0.000000 0.000000 0.000000 0.000000 0.000000 0.000000 0.000000 0.000000 0.000000 0.000000 0.478985 0.615742 0.690686 0.702035 0.665949 0.584348 0.497680 0.423553 0.000000 0.000000 0.409154 0.479233 0.474285 0.557083 0.615210 0.617996 0.559147 0.000000 0.000000 0.380659 0.391084 0.391081 0.370451 0.372846 0.407883 0.455905 0.513643 0.598448 0.686123 0.760141 0.735776 0.769132 0.933053 1.033679 0.994703 0.867776 0.715780 0.591472 0.575059 0.511580 0.000000 0.394652 0.571178 0.645234 0.630710 0.679566 0.779819 0.770400 0.912270 0.615088 0.596835 0.468001 0.512735 0.537609 0.794786 0.634675 0.530532 0.548191 0.637180 0.818935 1.522094 0.830117 0.645664 0.872528 0.802724 0.769962 0.673819 0.707990 0.894015 1.139535 1.076890 0.765617 0.699413 0.703088 0.365302 0.600908 0.787620 1.000812 0.965328 0.880795 1.027183 0.910513 1.190937 1.092254 1.041741 1.013198 1.235586 1.093542 0.739852 0.621167 0.572254 0.695437 0.816044 0.852678 0.704873 0.533483 0.000000 0.410412 0.000000 0.000000 0.000000 0.000000 0.602880 0.689016 0.837590 0.812217 0.699393 0.574906 0.455410 0.000000 0.000000 0.000000 0.000000 0.000000 0.000000 0.000000 0.000000 0.000000 0.000000 0.000000 0.000000 0.000000 0.000000 0.000000 0.000000 0.000000 0.000000 0.000000 0.000000 0.000000 0.000000 0.000000 0.000000 0.000000 0.000000 0.000000 0.000000 0.000000 0.000000 0.000000 0.000000 0.000000 0.000000 0.000000 0.000000 0.000000 0.000000 0.000000 0.000000 0.000000 0.000000 0.000000 0.000000 0.000000 0.000000 0.000000 0.000000 0.000000 0.000000 0.000000 0.000000 0.000000 0.000000 0.000000 0.000000 0.000000 0.000000 0.000000 0.000000 0.000000 0.000000 0.000000 0.000000 0.000000 0.000000 0.000000 0.000000 0.000000 0.000000 0.000000 0.000000 0.000000 0.000000 0.000000 0.000000 0.000000 0.000000 0.000000 0.000000 0.000000 0.000000 0.000000 0.000000 0.000000 0.000000 0.000000 0.000000 0.000000 0.000000 0.000000 0.000000 0.000000 0.000000 0.000000 0.000000 0.000000 0.000000
0.000000 0.000000 0.000000 0.000000 0.000000 0.000000 0.000000 0.000000 0.000000 0.000000 0.000000 0.000000 0.000000 0.000000 0.000000 0.000000 0.390707 0.730860 0.831434 0.802358 0.711934 0.804043 0.836290 0.805348 0.741921 0.634773 0.545509 0.443471 0.463727 0.517699 0.683055 0.627058 0.606814 0.577620 0.609282 0.603358 0.562575 0.515252 0.481425 0.461604 0.445477 0.413171 0.000000 0.000000 0.000000 0.000000 0.000000 0.000000 0.000000 0.000000 0.000000 0.000000 0.000000 0.000000 0.000000 0.000000 0.000000 0.000000 0.000000 0.000000 0.000000 0.000000 0.000000 0.000000 0.000000 0.000000 0.000000 0.000000 0.000000 0.411791 0.000000 0.000000 0.000000 0.000000 0.441694 0.516418 0.521150 0.486685 0.415736 0.000000 0.410457 0.575085 0.543354 0.589281 0.561377 0.606607 0.652079 0.628770 0.475010 0.000000 0.390283 0.417074 0.428936 0.430541 0.419622 0.401512 0.380499 0.000000 0.000000 0.383939 0.460677 1.723537 0.701492 0.825892 0.918197 0.968789 0.999713 0.933379 0.821265 0.689150 0.570868 0.482376 0.397347 0.000000 0.000000 0.000000 0.640529 0.764962 0.742647 0.732381 0.786604 0.824864 0.781360 0.787070 0.734012 0.615398 0.494212 0.824110 0.658776 0.656150 0.731925 0.790284 0.970042 1.144099 0.780569 0.476021 0.605751 0.608738 0.696826 0.641811 0.894104 1.210990 1.206933 0.917027 0.841049 0.767123 0.788972 0.784969 0.670278 0.684321 0.844746 0.843691 0.842708 0.830446 1.110456 1.334105 1.169669 1.281958 1.217368 1.179557 1.117433 0.873364 0.776313 0.753204 0.730537 0.645699 0.522988 0.572345 0.501068 0.000000 0.000000 0.000000 0.000000 0.000000 0.000000 0.000000 0.000000 0.000000 0.000000 0.000000 0.000000 0.000000 0.000000 0.000000 0.000000 0.000000 0.000000 0.000000 0.000000 0.000000 0.000000 0.000000 0.000000 0.000000 0.000000 0.000000 0.000000 0.000000 0.000000 0.000000 0.000000 0.000000 0.000000 0.000000 0.000000 0.000000 0.000000 0.000000 0.000000 0.000000 0.000000 0.000000 0.000000 0.000000 0.000000 0.000000 0.000000 0.000000 0.000000 0.000000 0.000000 0.000000 0.000000 0.000000 0.000000 0.000000 0.000000 0.000000 0.000000 0.000000 0.000000 0.000000 0.000000 0.000000 0.000000 0.000000 0.000000 0.000000 0.000000 0.000000 0.000000 0.000000 0.000000 0.000000 0.000000 0.000000 0.000000 0.000000 0.000000 0.000000 0.000000 0.000000 0.000000 0.000000 0.000000 0.000000 0.000000 0.000000 0.000000 0.000000 0.000000 0.000000 0.000000 0.000000 0.000000 0.000000 0.000000 0.000000 0.000000 0.000000 0.000000 0.000000 0.000000 0.000000 0.000000 0.000000 0.000000 0.000000 0.000000 0.000000
0.000000 0.000000 0.000000 0.000000 0.000000 0.000000 0.000000 0.000000 0.000000 0.000000 0.000000 0.000000 0.000000 0.321416 0.000000 0.000000 0.351787 0.913518 0.947713 0.865123 0.644961 0.497494 0.745513 0.654196 0.644836 0.661541 0.593646 0.445036 0.614689 0.776615 0.806445 0.767777 0.784707 0.772960 0.735307 0.677331 0.615213 0.553130 0.495617 0.445002 0.393678 0.000000 0.000000 0.000000 0.000000 0.000000 0.000000 0.000000 0.000000 0.000000 0.000000 0.000000 0.000000 0.000000 0.000000 0.000000 0.000000 0.000000 0.000000 0.000000 0.000000 0.000000 0.000000 0.000000 0.000000 0.000000 0.000000 0.000000 0.000000 0.000000 0.000000 0.000000 0.000000 0.000000 0.000000 0.000000 0.000000 0.000000 0.427156 0.637980 0.742045 0.689490 0.647956 0.705887 0.655279 0.665077 0.667913 0.573644 0.486793 0.415701 0.428779 0.409568 0.000000 0.000000 0.000000 0.000000 0.000000 0.000000 0.000000 0.367553 0.370831 0.000000 0.444241 0.614710 0.716239 0.753935 0.712504 0.645270 0.568360 0.502305 0.415269 0.000000 0.000000 0.000000 0.557718 0.687174 0.769296 0.709230 0.645234 0.699076 0.806566 0.849090 0.842802 0.760320 0.676798 0.554640 0.778451 0.842090 0.863717 0.756430 0.687647 0.656182 0.671344 0.746989 0.550624 0.000000 0.425798 0.000000 0.466518 0.727488 0.880360 1.137456 1.133196 0.861346 0.746928 0.752893 0.739716 0.669801 0.712724 0.854596 0.874642 0.818487 0.859761 1.213185 1.482459 1.569866 1.209691 1.228140 1.230195 1.174758 1.291109 0.973044 1.029027 0.902234 0.805987 0.691120 0.561627 0.583302 0.525544 0.000000 0.000000 0.234052 0.000000 0.000000 0.000000 0.000000 0.000000 0.000000 0.000000 0.000000 0.000000 0.000000 0.000000 0.000000 0.000000 0.000000 0.000000 0.000000 0.000000 0.000000 0.000000 0.000000 0.000000 0.000000 0.000000 0.000000 0.000000 0.000000 0.000000 0.000000 0.000000 0.000000 0.000000 0.000000 0.000000 0.000000 0.000000 0.000000 0.000000 0.000000 0.000000 0.000000 0.000000 0.000000 0.000000 0.000000 0.000000 0.000000 0.000000 0.000000 0.000000 0.000000 0.000000 0.000000 0.000000 0.000000 0.000000 0.000000 0.000000 0.000000 0.000000 0.000000 0.000000 0.000000 0.000000 0.000000 0.000000 0.000000 0.000000 0.000000 0.000000 0.000000 0.000000 0.000000 0.000000 0.000000 0.000000 0.000000 0.000000 0.000000 0.000000 0.000000 0.000000 0.000000 0.000000 0.000000 0.000000 0.000000 0.000000 0.000000 0.000000 0.000000 0.000000 0.000000 0.000000 0.000000 0.000000 0.000000 0.000000 0.000000 0.000000 0.000000 0.000000 0.000000 0.000000 0.000000 0.000000 0.000000 0.000000 0.000000
0.000000 0.000000 0.000000 0.000000 0.000000 0.000000 0.000000 0.000000 0.000000 0.000000 0.000000 0.000000 0.000000 0.000000 0.000000 0.004000 0.000000 0.000000 0.521079 0.452349 0.423997 0.441577 0.438091 0.418924 0.402900 0.471678 0.482667 0.640272 0.929089 1.047692 1.032677 0.986262 0.900595 0.823832 0.750311 0.676751 0.600164 0.516753 0.441170 0.000000 0.000000 0.000000 0.000000 0.000000 0.000000 0.000000 0.000000 0.000000 0.000000 0.000000 0.000000 0.000000 0.000000 0.000000 0.000000 0.000000 0.000000 0.000000 0.000000 0.000000 0.000000 0.000000 0.000000 0.000000 0.000000 0.000000 0.000000 0.000000 0.000000 0.000000 0.670930 0.000000 0.000000 0.000000 0.000000 0.000000 0.000000 0.572281 0.730534 0.826674 0.878395 0.834253 0.687110 0.671600 0.673132 0.589868 0.533463 0.463242 0.440307 0.000000 0.000000 0.000000 0.004000 0.000000 0.394924 0.409049 0.407593 0.398839 0.383574 0.000000 0.000000 0.000000 0.000000 0.000000 0.000000 0.000000 0.000000 0.000000 0.000000 0.000000 0.000000 0.000000 0.000000 0.000000 1.090372 0.829241 0.942575 0.659737 0.682030 0.782659 0.843400 0.867873 0.810934 0.786896 0.557102 0.750685 0.959313 0.956258 0.963122 0.932186 0.914749 0.843411 0.737818 0.626349 0.484351 0.668581 0.580784 0.526841 0.527498 0.465915 0.809294 0.625626 1.090512 0.649037 0.557597 0.678759 0.676967 0.627405 0.752893 1.026991 1.053119 1.009289 1.050639 1.286310 1.408699 1.621644 1.631486 1.586114 1.316778 1.127866 1.353521 1.136322 1.262086 1.326748 1.159992 0.892516 0.730109 0.616923 0.568506 0.000000 0.000000 0.000000 0.000000 0.000000 0.000000 0.000000 0.000000 0.000000 0.000000 0.000000 0.000000 0.000000 0.000000 0.000000 0.000000 0.000000 0.000000 0.000000 0.000000 0.000000 0.000000 0.000000 0.000000 0.000000 0.000000 0.000000 0.000000 0.000000 0.000000 0.000000 0.000000 0.000000 0.000000 0.000000 0.000000 0.000000 0.000000 0.000000 0.000000 0.000000 0.000000 0.000000 0.000000 0.000000 0.000000 0.000000 0.000000 0.000000 0.000000 0.000000 0.000000 0.000000 0.000000 0.000000 0.000000 0.000000 0.000000 0.000000 0.000000 0.000000 0.000000 0.000000 0.000000 0.000000 0.000000 0.000000 0.000000 0.000000 0.000000 0.000000 0.000000 0.000000 0.000000 0.000000 0.000000 0.000000 0.000000 0.000000 0.000000 0.000000 0.000000 0.000000 0.000000 0.000000 0.000000 0.000000 0.000000 0.000000 0.000000 0.000000 0.000000 0.000000 0.000000 0.000000 0.000000 0.000000 0.000000 0.000000 0.000000 0.000000 0.000000 0.000000 0.000000 0.000000 0.000000 0.000000 0.000000 0.000000 0.000000 0.000000
0.000000 0.000000 0.000000 0.000000 0.000000 0.000000 0.000000 0.000000 0.000000 0.000000 0.000000 0.000000 0.000000 0.000000 0.630599 0.531200 0.495148 0.546628 0.572723 0.601801 0.675769 0.763118 0.777485 0.738165 0.646583 0.742438 0.754005 0.769842 0.969714 1.088905 1.032765 0.916965 0.785362 0.707997 0.652189 0.592350 0.523804 0.490998 0.465666 0.437955 0.398071 0.000000 0.000000 0.000000 0.000000 0.000000 0.000000 0.000000 0.000000 0.000000 0.000000 0.000000 0.000000 0.000000 0.000000 0.000000 0.000000 0.000000 0.000000 0.000000 0.000000 0.000000 0.000000 0.000000 0.000000 0.000000 0.000000 0.000000 0.000000 0.000000 0.000000 0.000000 0.466482 0.538849 0.520733 0.629125 0.552027 0.759372 0.841522 0.878409 0.838575 0.738403 0.568130 0.469748 0.527586 0.499325 0.416002 0.419181 0.000000 0.000000 0.000000 0.000000 0.416505 0.518360 0.542858 0.591944 0.593281 0.557064 0.419856 0.573196 0.547574 0.484515 0.399923 0.521949 0.477859 0.484532 0.464350 0.436164 0.000000 0.000000 0.000000 0.000000 0.000000 1.139774 1.518851 0.747282 0.765949 0.759831 0.711362 0.727160 0.804941 0.614141 0.609980 0.622280 0.597291 0.716038 0.869303 0.858410 0.976387 0.972879 1.140861 1.077261 0.956668 0.771767 0.676005 0.622435 0.605705 0.578538 0.552769 0.541545 0.000000 0.650231 0.599115 0.524099 0.411363 0.738508 0.783007 0.722449 0.683913 1.009273 0.991486 0.915399 0.925988 1.068307 1.242409 1.448018 1.510845 1.632888 1.617064 1.288568 1.083506 1.255447 1.323298 1.368873 1.241758 0.956379 0.806346 0.763498 0.697127 0.599198 0.000000 0.000000 0.000000 0.000000 0.000000 0.000000 0.000000 0.000000 0.000000 0.000000 0.000000 0.000000 0.000000 0.000000 0.000000 0.000000 0.000000 0.000000 0.000000 0.000000 0.812112 0.890646 0.000000 0.000000 0.000000 0.000000 0.000000 0.000000 0.000000 0.000000 0.000000 0.000000 0.000000 0.000000 0.000000 0.000000 0.000000 0.000000 0.000000 0.000000 0.000000 0.000000 0.000000 0.000000 0.000000 0.000000 0.000000 0.000000 0.000000 0.000000 0.000000 0.000000 0.000000 0.000000 0.000000 0.000000 0.000000 0.000000 0.000000 0.000000 0.000000 0.000000 0.000000 0.000000 0.000000 0.000000 0.000000 0.000000 0.000000 0.000000 0.000000 0.000000 0.000000 0.000000 0.000000 0.000000 0.000000 0.000000 0.000000 0.000000 0.000000 0.000000 0.000000 0.000000 0.000000 0.000000 0.000000 0.000000 0.000000 0.000000 0.000000 0.000000 0.000000 0.000000 0.000000 0.000000 0.000000 0.000000 0.000000 0.000000 0.000000 0.000000 0.000000 0.000000 0.000000 0.000000 0.000000 0.000000 0.000000 0.000000
0.000000 0.000000 0.000000 0.000000 0.000000 0.000000 0.000000 0.000000 0.000000 0.000000 0.000000 0.000000 0.000000 0.987191 1.156044 0.988307 0.831259 0.845400 0.821544 0.906250 0.902215 0.890126 0.892446 0.933211 0.747211 0.711491 0.766839 0.719411 0.818454 0.817846 0.797095 0.746964 0.666162 0.637471 0.615960 0.616594 0.610303 0.561326 0.547651 0.507317 0.490357 0.477264 0.368668 0.000000 0.000000 0.000000 0.000000 0.000000 0.000000 0.393994 0.000000 0.000000 0.000000 0.000000 0.414390 0.420970 0.408105 0.385248 0.000000 0.000000 0.000000 0.000000 0.000000 0.000000 0.000000 0.000000 0.000000 0.000000 0.000000 0.000000 0.549664 0.670928 0.860429 0.697437 0.787413 0.819045 0.790048 0.788925 0.801352 0.695830 0.567589 0.467051 0.521975 0.410299 0.000000 0.000000 0.000000 0.394529 0.437979 1.779367 0.466342 0.497269 0.535711 0.625509 0.663307 0.670734 0.654497 0.611549 0.581157 0.611482 0.660290 0.666421 0.711598 0.697491 0.668827 0.615891 0.575830 0.541466 0.496207 0.503408 0.386987 0.533659 0.000000 0.651988 0.703465 0.839519 0.893057 0.840977 0.765052 0.645183 0.541947 0.749017 0.822194 0.676033 0.720597 0.750635 1.028766 0.982175 1.156067 1.189836 1.276405 1.177647 1.049922 0.892769 0.766446 0.757657 0.704429 0.674962 0.635764 0.654643 0.598947 0.528562 0.471332 0.000000 0.430001 0.831673 0.635008 0.518092 0.527833 0.778823 0.869390 0.790398 0.711480 0.832448 1.026981 0.979892 1.167638 1.310092 1.389762 1.310608 1.175152 1.052912 1.148253 1.297971 1.061732 1.012288 0.946206 0.859329 0.744379 0.628121 0.454880 0.000000 0.000000 0.000000 0.000000 0.000000 0.000000 0.000000 0.000000 0.000000 0.000000 0.000000 0.000000 0.000000 0.000000 0.000000 0.000000 0.000000 0.000000 0.000000 0.000000 0.000000 0.000000 0.405986 0.000000 0.000000 0.000000 0.000000 0.000000 0.000000 0.000000 0.000000 0.000000 0.000000 0.000000 0.000000 0.000000 0.000000 0.000000 0.000000 0.000000 0.000000 0.000000 0.000000 0.000000 0.000000 0.000000 0.000000 0.000000 0.000000 0.000000 0.000000 0.000000 0.000000 0.000000 0.000000 0.000000 0.000000 0.000000 0.000000 0.000000 0.000000 0.000000 0.000000 0.000000 0.000000 0.000000 0.000000 0.000000 0.000000 0.000000 0.000000 0.000000 0.000000 0.000000 0.000000 0.000000 0.000000 0.000000 0.000000 0.000000 0.000000 0.000000 0.000000 0.000000 0.000000 0.000000 0.000000 0.000000 0.000000 0.000000 0.000000 0.000000 0.000000 0.000000 0.000000 0.000000 0.000000 0.000000 0.000000 0.000000 0.000000 0.000000 0.000000 0.000000 0.000000 0.000000 0.000000 0.000000 0.000000
0.000000 0.000000 0.000000 0.000000 0.000000 0.000000 0.000000 0.000000 0.000000 0.000000 0.000000 0.531072 0.610704 1.538700 1.320060 1.259765 0.988123 1.033070 1.254766 1.289947 0.850144 0.781756 0.724210 0.678351 0.790931 0.750458 0.731818 0.725816 0.684846 0.693110 0.735852 0.735281 0.705270 0.577635 0.616201 0.531981 0.531310 0.654796 0.678990 0.610266 0.557135 0.523574 0.471718 0.385936 0.000000 0.000000 0.414408 0.476419 0.491407 0.477000 0.449184 0.395649 0.000000 0.483870 0.532554 0.508851 0.440218 0.000000 0.000000 0.000000 0.000000 0.000000 0.000000 0.000000 0.000000 0.000000 0.000000 0.004000 0.333327 0.510542 0.712398 0.901536 0.731781 0.767050 0.846775 0.877235 0.867992 0.687069 0.561561 0.591133 0.583360 0.567947 0.475569 0.430504 0.000000 0.000000 0.000000 0.413467 0.502936 0.558660 0.630690 0.664839 1.193276 0.776171 0.831980 0.826432 0.767428 0.701662 0.753566 0.722396 0.816662 0.834903 0.842970 0.833208 0.819553 0.772695 0.735111 0.687270 0.664188 0.643907 0.631375 0.722097 0.618959 0.847454 0.616331 0.568147 0.575514 0.598601 0.573842 0.598910 0.542443 0.642523 0.685367 0.676434 0.579259 0.654890 0.680161 0.617714 0.896025 0.995560 0.941741 0.889874 0.856221 0.880836 0.921257 0.842457 0.790314 0.729908 0.644815 0.469596 0.567925 0.636981 0.447354 0.561206 0.708885 1.018785 0.822686 0.763211 0.683905 0.622490 0.672203 0.765551 0.906383 0.983748 0.955712 0.997793 0.932233 1.109179 1.216886 1.253076 1.099279 0.999549 1.115531 1.323150 1.260908 1.146311 0.998436 0.862199 0.743908 0.601794 0.511796 0.429286 0.000000 0.000000 0.000000 0.000000 0.000000 0.000000 0.000000 0.000000 0.000000 0.000000 0.000000 0.000000 0.000000 0.000000 0.000000 0.000000 0.000000 0.000000 0.000000 0.000000 0.000000 0.000000 0.000000 0.000000 0.000000 0.000000 0.000000 0.000000 0.000000 0.000000 0.000000 0.000000 0.000000 0.000000 0.000000 0.000000 0.000000 0.000000 0.000000 0.000000 0.000000 0.000000 0.000000 0.000000 0.000000 0.000000 0.000000 0.000000 0.000000 0.000000 0.000000 0.000000 0.000000 0.000000 0.000000 0.000000 0.000000 0.000000 0.000000 0.000000 0.000000 0.000000 0.000000 0.000000 0.000000 0.000000 0.000000 0.000000 0.000000 0.000000 0.000000 0.000000 0.000000 0.000000 0.000000 0.000000 0.000000 0.000000 0.000000 0.000000 0.000000 0.000000 0.000000 0.000000 0.000000 0.000000 0.000000 0.000000 0.000000 0.000000 0.000000 0.000000 0.000000 0.000000 0.000000 0.000000 0.000000 0.000000 0.000000 0.000000 0.000000 0.000000 0.000000 0.000000 0.000000 0.000000 0.000000 0.000000
0.000000 0.000000 0.000000 0.000000 0.000000 0.000000 0.000000 0.000000 0.000000 0.000000 0.294868 0.532415 0.934651 1.199293 1.875329 1.798969 1.584702 1.115819 1.124769 1.086895 1.014746 0.900274 0.777209 0.683135 0.612693 0.735098 0.730899 1.088979 1.150609 0.923321 0.918831 0.871254 0.792561 0.640828 0.706488 0.855088 0.826997 0.781390 0.741418 0.627624 0.549217 0.569963 0.559666 0.563130 0.536959 0.497797 0.559287 0.608102 0.588923 0.551318 0.501298 0.432173 0.000000 0.000000 0.000000 0.000000 0.000000 0.000000 0.000000 0.000000 0.000000 0.000000 0.000000 0.000000 0.000000 0.000000 0.000000 0.000000 0.000000 0.000000 0.385411 1.009726 0.608722 0.646136 0.705854 0.773531 0.719984 0.507401 0.616699 0.613736 0.545838 0.512148 0.456950 0.430401 0.000000 0.000000 0.000000 0.366552 0.516344 0.595946 0.664703 0.699844 0.673527 0.732637 0.757752 0.702046 0.711287 0.833957 0.880873 0.936374 0.967960 0.988372 1.153020 0.897732 0.917583 0.932411 0.963223 0.728407 0.780054 0.819163 0.790747 0.762978 0.674664 0.650998 0.636176 0.622148 0.691460 0.692018 0.728825 0.701351 0.690291 0.702881 0.710137 0.586361 0.757294 0.784620 0.713693 0.662794 0.557055 0.524410 0.527251 0.626066 0.764569 0.813549 0.799436 0.737529 0.804846 0.734728 0.627611 0.558176 0.681125 0.757534 0.461128 1.060555 0.979280 0.883642 0.695665 0.657200 0.732572 0.791156 0.854973 0.741991 1.120565 1.264484 1.299585 1.356477 1.179960 1.156583 1.007178 1.076483 1.043289 1.041677 1.186753 1.270771 1.180535 1.074603 0.958379 0.889133 0.772937 0.686556 0.602047 0.518884 0.444685 0.000000 0.000000 0.000000 0.000000 0.000000 0.000000 0.000000 0.000000 0.000000 0.000000 0.000000 0.000000 0.000000 0.000000 0.000000 0.000000 0.000000 0.000000 0.000000 0.000000 0.000000 0.000000 0.000000 0.000000 0.000000 0.000000 0.000000 0.000000 0.000000 0.000000 0.000000 0.000000 0.000000 0.000000 0.000000 0.000000 0.000000 0.000000 0.000000 0.000000 0.000000 0.000000 0.000000 0.000000 0.000000 0.000000 0.000000 0.000000 0.000000 0.000000 0.000000 0.000000 0.000000 0.000000 0.000000 0.000000 0.000000 0.000000 0.000000 0.000000 0.000000 0.000000 0.000000 0.000000 0.000000 0.000000 0.000000 0.000000 0.000000 0.000000 0.000000 0.000000 0.000000 0.000000 0.000000 0.000000 0.000000 0.000000 0.000000 0.000000 0.000000 0.000000 0.000000 0.000000 0.000000 0.000000 0.000000 0.000000 0.000000 0.000000 0.000000 0.000000 0.000000 0.000000 0.000000 0.000000 0.000000 0.000000 0.000000 0.000000 0.000000 0.000000 0.000000 0.000000 0.000000 0.000000 0.000000
0.000000 0.000000 0.000000 0.000000 0.000000 0.000000 0.000000 0.000000 0.000000 0.000000 0.531956 0.559292 0.711358 1.605113 1.560805 1.664596 1.577746 1.547607 1.120655 1.046614 0.964315 0.860905 0.873439 0.871249 0.696688 0.703479 0.763830 1.025736 1.070558 0.935468 0.819840 0.926785 0.835456 0.622703 0.796836 0.789173 0.738433 0.741985 0.678986 0.729693 0.673536 0.746409 0.733739 0.744689 0.717114 0.596791 0.688779 0.722261 0.684310 0.625276 0.577447 0.568716 0.564160 0.505785 0.386397 0.424779 0.417253 0.000000 0.000000 0.000000 0.000000 0.000000 0.000000 0.000000 0.000000 0.000000 0.000000 0.000000 0.000000 0.000000 0.000000 0.000000 0.000000 0.498811 0.660183 0.688071 0.650652 0.577465 0.637520 0.597757 0.504362 0.397724 0.000000 0.000000 0.000000 0.411883 0.477552 0.456789 0.517080 0.571769 0.622147 0.626855 0.551036 0.597453 0.549324 0.534000 0.617972 1.180910 0.904115 1.015061 1.146760 1.179573 1.077252 1.059840 0.990686 0.960745 1.091297 1.088561 0.963995 0.818399 0.757838 0.734611 0.774038 0.738577 0.775918 0.806714 0.794029 0.774899 0.778415 0.758566 0.723289 0.661942 0.638207 0.653544 0.727746 0.707293 0.600582 0.505970 0.426326 0.000000 0.000000 0.418165 0.448519 0.576253 0.688594 0.744965 0.592612 0.722255 0.473644 0.000000 0.554440 0.523376 0.862778 0.577124 0.582034 0.635201 0.646956 0.632696 0.592202 0.977068 0.832795 0.954769 1.250619 1.373595 1.548896 1.471631 1.146766 1.193450 0.870991 0.779314 0.912209 0.930991 1.201923 1.257533 1.212167 1.166751 1.085582 0.964357 0.859034 0.775728 0.700096 0.625877 0.552366 0.554045 0.419767 0.000000 0.000000 0.000000 0.000000 0.000000 0.000000 0.000000 0.000000 0.000000 0.000000 0.000000 0.000000 0.000000 0.000000 0.000000 0.000000 0.000000 0.000000 0.000000 0.000000 0.000000 0.000000 0.000000 0.000000 0.000000 0.000000 0.000000 0.000000 0.000000 0.000000 0.000000 0.000000 0.000000 0.000000 0.000000 0.000000 0.000000 0.000000 0.000000 0.000000 0.000000 0.000000 0.000000 0.000000 0.000000 0.000000 0.000000 0.000000 0.000000 0.000000 0.000000 0.000000 0.000000 0.000000 0.000000 0.000000 0.000000 0.000000 0.000000 0.000000 0.000000 0.000000 0.000000 0.000000 0.000000 0.000000 0.000000 0.000000 0.000000 0.000000 0.000000 0.000000 0.000000 0.000000 0.000000 0.000000 0.000000 0.000000 0.000000 0.000000 0.000000 0.000000 0.000000 0.000000 0.000000 0.000000 0.000000 0.000000 0.000000 0.000000 0.000000 0.000000 0.000000 0.000000 0.000000 0.000000 0.000000 0.000000 0.000000 0.000000 0.000000 0.000000 0.000000 0.000000 0.000000
0.000000 0.000000 0.000000 0.000000 0.000000 0.000000 0.000000 0.000000 0.000000 0.000000 0.000000 1.156108 0.740059 1.018404 1.599964 1.406008 1.471515 1.442802 1.308631 0.938039 0.823326 0.752824 0.821905 0.330958 0.290014 0.262106 0.382222 0.453443 0.825216 0.806426 0.924779 0.701301 0.645819 0.635193 0.651536 0.722628 0.696111 0.606429 0.516017 0.472392 0.488388 0.835756 0.965544 0.984326 0.976151 0.920283 0.761439 0.734978 0.752139 0.786604 0.793477 0.775463 0.742071 0.653783 0.453557 0.496602 0.476372 0.405897 0.000000 0.000000 0.000000 0.000000 0.000000 0.000000 0.000000 0.000000 0.000000 0.000000 0.000000 0.420417 0.000000 0.000000 0.674619 0.628471 0.671969 0.641188 0.546954 0.000000 0.000000 0.000000 0.437512 0.534148 0.572613 0.556020 0.578858 0.569941 0.489239 0.458353 0.514134 0.538288 0.538326 0.443780 0.453337 0.557932 0.561267 0.539568 0.594489 0.724204 0.766731 0.892433 1.144006 1.215428 1.216719 1.189345 1.167487 1.111152 1.089497 1.073665 0.929091 0.880198 0.865264 0.848715 0.859512 0.907398 0.900174 0.930742 0.846048 0.820616 0.727917 0.695598 0.579916 0.460163 0.000000 0.000000 0.579169 0.530348 0.476295 0.000000 0.000000 0.000000 0.000000 0.000000 0.513218 0.583365 0.626958 0.725982 0.755155 0.680271 0.681715 0.739241 0.601835 1.378145 1.039352 0.893180 0.960024 0.950395 0.847282 0.784170 0.988636 1.033343 1.105796 1.115102 1.338535 1.314400 1.351224 1.270617 1.223103 0.988998 0.798006 0.657048 0.585362 1.012007 1.105816 1.165151 1.144308 1.083333 1.059578 0.975478 0.917019 0.827167 0.753651 0.750274 0.739273 0.674164 0.602044 0.419248 0.000000 0.000000 0.000000 0.000000 0.000000 0.000000 0.000000 0.000000 0.000000 0.000000 0.000000 0.000000 0.000000 0.000000 0.000000 0.000000 0.000000 0.000000 0.000000 0.000000 0.000000 0.000000 0.000000 0.000000 0.000000 0.000000 0.000000 0.000000 0.000000 0.000000 0.000000 0.000000 0.000000 0.000000 0.000000 0.000000 0.000000 0.000000 0.000000 0.000000 0.000000 0.000000 0.000000 0.000000 0.000000 0.000000 0.000000 0.000000 0.000000 0.000000 0.000000 0.000000 0.000000 0.000000 0.000000 0.000000 0.000000 0.000000 0.000000 0.000000 0.000000 0.000000 0.000000 0.000000 0.000000 0.000000 0.000000 0.000000 0.000000 0.000000 0.000000 0.000000 0.000000 0.000000 0.000000 0.000000 0.000000 0.000000 0.000000 0.000000 0.000000 0.000000 0.000000 0.000000 0.000000 0.000000 0.000000 0.000000 0.000000 0.000000 0.000000 0.000000 0.000000 0.000000 0.000000 0.000000 0.000000 0.000000 0.000000 0.000000 0.000000 0.000000 0.000000 0.000000
0.000000 0.000000 0.000000 0.000000 0.000000 0.000000 0.000000 0.000000 0.000000 0.000000 0.379490 0.539300 1.226996 1.439599 1.431431 1.363646 1.270382 1.213875 1.142379 1.096086 1.085697 1.068810 1.078794 0.842929 0.909231 0.903632 0.855943 0.588024 0.767960 0.697597 0.635712 0.591518 0.663364 0.553978 0.501548 0.567769 0.553206 0.455294 0.407877 0.449372 0.544165 0.621399 0.692973 0.701893 0.703330 0.684482 0.580309 0.566424 0.594569 0.683020 0.685728 0.640748 0.614383 0.517580 0.433516 0.472333 0.450759 0.393149 0.000000 0.000000 0.000000 0.000000 0.000000 0.000000 0.000000 0.000000 0.000000 0.000000 0.562851 0.634166 0.558870 0.546761 0.547655 0.591358 0.501553 0.535341 0.511305 0.444557 0.617798 0.636671 0.716201 0.784159 0.801423 0.738791 0.772473 0.613093 0.533463 0.367330 0.419103 0.417874 0.367642 0.406306 0.493078 0.484384 0.398465 0.376328 0.000000 0.000000 0.465702 0.598734 0.973348 1.197655 1.289237 1.285813 1.260051 1.142196 1.061603 1.025667 0.954159 0.819297 0.846614 0.836583 0.779395 0.722296 0.777411 0.713171 0.630033 0.617033 0.591055 0.550871 0.574310 0.565538 0.451482 0.725030 0.679990 0.593337 0.495552 0.542208 0.492366 0.495179 0.598163 0.657781 0.624628 0.665168 0.591189 0.954552 0.726840 0.675844 0.512886 0.416938 0.590723 0.936857 0.951847 1.088285 1.126670 1.035316 0.947115 0.941834 1.374753 1.009649 0.784965 1.010640 1.160770 0.625916 0.657468 0.878205 0.761868 0.613997 0.517559 0.594300 0.634438 1.044950 1.061381 1.144834 1.358769 1.307389 1.152838 0.982098 0.929057 0.852196 0.832836 0.872501 0.821644 0.747139 0.652174 0.551411 0.416733 0.000000 0.000000 0.560838 0.583937 0.450973 0.000000 0.000000 0.000000 0.000000 0.000000 0.000000 0.000000 0.000000 0.000000 0.000000 0.000000 0.000000 0.000000 0.000000 0.000000 0.000000 0.000000 0.000000 0.000000 0.000000 0.000000 0.000000 0.000000 0.000000 0.000000 0.000000 0.000000 0.000000 0.000000 0.000000 0.000000 0.000000 0.000000 0.000000 0.000000 0.000000 0.000000 0.000000 0.000000 0.000000 0.000000 0.000000 0.000000 0.000000 0.000000 0.000000 0.000000 0.000000 0.000000 0.000000 0.000000 0.000000 0.000000 0.000000 0.000000 0.000000 0.000000 0.000000 0.000000 0.000000 0.000000 0.000000 0.000000 0.000000 0.000000 0.000000 0.000000 0.000000 0.000000 0.000000 0.000000 0.000000 0.000000 0.000000 0.000000 0.000000 0.000000 0.000000 0.000000 0.000000 0.000000 0.000000 0.000000 0.000000 0.000000 0.000000 0.000000 0.000000 0.000000 0.000000 0.000000 0.000000 0.000000 0.000000 0.000000 0.000000 0.000000 0.000000
0.000000 0.000000 0.000000 0.000000 0.000000 0.000000 0.000000 0.000000 0.000000 0.000000 0.606105 0.924485 1.124260 1.497474 1.460917 1.466029 1.236236 1.167551 1.198580 1.299322 1.263690 1.225102 1.126555 0.809565 0.931034 0.857500 0.703790 0.669062 0.629733 0.705677 0.685190 0.621069 0.546045 0.453218 0.392015 0.000000 0.000000 0.000000 0.000000 0.000000 0.412943 0.416222 0.404805 0.431538 0.000000 0.000000 0.470495 0.503560 0.478528 0.456660 0.439613 0.421327 0.000000 0.000000 0.000000 0.000000 0.000000 0.000000 0.000000 0.000000 0.000000 0.000000 0.000000 0.000000 0.653909 0.000000 0.000000 0.620533 0.691459 0.688872 0.717311 0.705713 0.786341 0.773039 0.681398 0.576507 0.548291 0.462982 0.000000 0.400557 0.573963 0.642531 0.668330 0.633488 0.527959 0.426417 0.000000 0.515736 0.526140 0.558342 0.570238 0.613272 0.589075 0.523951 0.395193 0.000000 0.000000 0.000000 0.000000 0.000000 0.638990 0.947623 1.218078 1.315848 1.273914 1.207614 1.086963 0.937886 0.810963 0.748337 0.559773 0.508485 0.560989 0.540856 0.571046 0.522300 0.626121 0.634093 0.600414 0.547278 0.437542 0.534861 0.640449 0.853130 0.559817 0.629558 0.615318 0.712203 0.645459 0.608098 0.679330 0.633504 0.570002 0.534346 0.692979 0.376707 0.700907 0.752997 0.594358 0.441081 0.692015 0.893960 0.951165 1.066873 1.265430 1.158154 1.044073 1.025564 1.263950 1.183948 1.034982 0.765434 0.318029 0.298351 0.486315 0.745045 0.682602 0.788552 0.796184 0.702655 0.843916 1.219507 1.407926 1.080224 1.229955 1.112620 1.051546 1.051303 1.035094 1.015115 0.966200 1.030580 0.919154 0.812704 0.704976 0.653184 0.610543 0.000000 0.427649 0.763927 0.744306 0.576162 0.454704 0.426000 0.000000 0.000000 0.000000 0.000000 0.000000 0.000000 0.000000 0.000000 0.000000 0.000000 0.000000 0.000000 0.000000 0.000000 0.000000 0.000000 0.000000 0.000000 0.000000 0.000000 0.000000 0.000000 0.000000 0.000000 0.000000 0.000000 0.000000 0.000000 0.000000 0.000000 0.000000 0.000000 0.000000 0.000000 0.000000 0.000000 0.000000 0.000000 0.000000 0.000000 0.000000 0.000000 0.000000 0.000000 0.000000 0.000000 0.000000 0.000000 0.000000 0.000000 0.000000 0.000000 0.000000 0.000000 0.000000 0.000000 0.000000 0.000000 0.000000 0.000000 0.000000 0.000000 0.000000 0.000000 0.000000 0.000000 0.000000 0.000000 0.000000 0.000000 0.000000 0.000000 0.000000 0.000000 0.000000 0.000000 0.000000 0.000000 0.000000 0.000000 0.000000 0.000000 0.000000 0.000000 0.000000 0.000000 0.000000 0.000000 0.000000 0.000000 0.000000 0.000000 0.000000 0.000000 0.000000 0.000000
0.000000 0.000000 0.000000 0.000000 0.000000 0.000000 0.000000 0.000000 0.503541 0.000000 0.705352 1.085408 0.998951 1.457060 1.527621 1.484121 1.345219 1.193440 1.155731 1.288991 1.206960 1.149358 1.051235 0.977538 0.893382 0.684145 0.715670 0.718256 0.688537 0.632762 0.769053 0.688733 0.601444 0.456814 0.474987 0.392786 0.000000 0.000000 0.000000 0.000000 0.367504 0.377125 0.378916 0.000000 0.000000 0.000000 0.000000 0.000000 0.000000 0.000000 0.000000 0.000000 0.000000 0.000000 0.000000 0.000000 0.000000 0.000000 0.000000 0.000000 0.000000 0.000000 0.000000 0.000000 1.332686 0.000000 0.511905 0.745813 0.827723 0.844461 0.909585 0.910769 0.870545 0.823683 0.745802 0.576983 0.514989 0.453070 0.580991 0.651004 0.662241 0.643392 0.616994 0.587960 0.543801 0.443061 0.654578 0.710894 0.655145 0.708847 0.734639 0.672479 0.572389 0.478970 0.000000 0.000000 0.000000 0.447990 0.448478 0.000000 0.000000 0.509453 0.847752 1.026898 1.075809 0.976316 0.963520 0.927595 0.882679 0.829470 0.788341 0.704754 0.683412 0.700402 0.703190 0.679538 0.581969 0.581708 0.482699 0.642089 0.596491 0.638819 0.635761 0.678931 0.641383 0.574395 0.433621 0.206188 0.698408 0.628139 0.596623 0.494608 0.520220 0.577189 0.291802 0.235615 0.511917 0.533904 0.611107 0.604928 0.660978 0.690954 0.832002 1.164969 1.305577 1.294105 1.113072 1.167850 1.205689 1.214065 1.103423 1.013931 0.224822 0.456340 0.944638 1.047340 0.953169 0.871042 0.856954 0.737599 0.924678 1.351333 1.072507 0.769971 0.580132 0.876281 0.765114 1.030564 1.045969 1.115386 1.101998 1.190987 0.994946 0.888880 0.794533 0.813255 0.815396 0.706370 0.486573 0.550205 0.567953 0.484842 0.000000 0.000000 0.000000 0.000000 0.000000 0.000000 0.000000 0.000000 0.000000 0.000000 0.000000 0.000000 0.000000 0.000000 0.000000 0.000000 0.000000 0.000000 0.000000 0.000000 0.000000 0.000000 0.000000 0.000000 0.000000 0.000000 0.000000 0.000000 0.000000 0.000000 0.000000 0.000000 0.000000 0.000000 0.000000 0.000000 0.000000 0.000000 0.000000 0.000000 0.000000 0.000000 0.000000 0.000000 0.000000 0.000000 0.000000 0.000000 0.000000 0.000000 0.000000 0.000000 0.000000 0.000000 0.000000 0.000000 0.000000 0.000000 0.000000 0.000000 0.000000 0.000000 0.000000 0.000000 0.000000 0.000000 0.000000 0.000000 0.000000 0.000000 0.000000 0.000000 0.000000 0.000000 0.000000 0.000000 0.000000 0.000000 0.000000 0.000000 0.000000 0.000000 0.000000 0.000000 0.000000 0.000000 0.000000 0.000000 0.000000 0.000000 0.000000 0.000000 0.000000 0.000000 0.000000 0.000000 0.000000 0.000000
0.421446 0.000000 0.000000 0.000000 0.000000 0.000000 0.000000 0.000000 0.500249 0.638501 1.027147 0.924634 0.886907 0.981669 1.189271 1.206866 1.272423 1.214072 1.174643 1.212708 1.064868 0.959238 0.912572 0.892651 0.667981 0.774935 0.665048 0.824844 0.793432 0.730179 0.731488 0.664941 0.588600 0.548617 0.523819 0.453157 0.434190 0.384390 0.000000 0.000000 0.379445 0.376283 0.000000 0.000000 0.000000 0.000000 0.000000 0.000000 0.000000 0.000000 0.000000 0.000000 0.000000 0.000000 0.000000 0.000000 0.000000 0.000000 0.000000 0.000000 0.000000 0.000000 0.000000 0.000000 0.000000 0.000000 0.000000 0.727656 0.917079 0.919009 0.933556 0.910053 0.832667 0.757861 0.677831 0.559594 0.433431 0.720565 0.826481 0.852669 0.810908 0.738455 0.654608 0.577603 1.077338 0.410873 0.467312 0.558934 0.550560 0.442450 0.562596 0.575649 0.557668 0.514982 0.613862 0.648381 0.658484 0.638776 0.611803 0.572920 0.684732 0.704828 0.669768 0.574699 0.592147 0.721218 0.869125 0.836550 0.951295 0.849623 0.939206 0.942307 0.950658 0.774175 0.714873 0.583559 0.576736 0.573342 0.643485 0.547589 0.645329 0.530769 0.535173 0.234594 0.575019 0.735172 0.751154 0.719812 0.704620 0.759947 0.640428 0.590524 0.583794 0.602963 0.563452 0.697866 0.547275 0.609124 0.547585 0.675615 0.745697 0.902539 1.030842 1.179489 1.284095 1.212884 1.236908 1.332574 1.319694 1.344052 1.177542 0.885638 0.775720 0.635572 0.697476 0.586609 0.418610 0.319343 0.302731 0.580796 0.677166 0.887635 0.871762 0.769220 0.813705 0.794682 0.771734 0.884210 1.103368 1.219903 1.207066 1.292492 1.162407 1.059665 0.952008 0.938085 0.938185 0.827419 0.582807 0.515492 0.541471 0.455559 0.000000 0.000000 0.000000 0.000000 0.000000 0.000000 0.000000 0.000000 0.000000 0.000000 0.000000 0.000000 0.000000 0.000000 0.000000 0.000000 0.000000 0.000000 0.000000 0.000000 0.000000 0.000000 0.000000 0.000000 0.000000 0.000000 0.000000 0.000000 0.000000 0.000000 0.000000 0.000000 0.000000 0.000000 0.000000 0.000000 0.000000 0.000000 0.000000 0.000000 0.000000 0.000000 0.000000 0.000000 0.000000 0.000000 0.000000 0.000000 0.000000 0.000000 0.000000 0.000000 0.000000 0.000000 0.000000 0.000000 0.000000 0.000000 0.000000 0.000000 0.000000 0.000000 0.000000 0.000000 0.000000 0.000000 0.000000 0.000000 0.000000 0.000000 0.000000 0.000000 0.000000 0.000000 0.000000 0.000000 0.000000 0.000000 0.000000 0.000000 0.000000 0.000000 0.000000 0.000000 0.000000 0.000000 0.000000 0.000000 0.000000 0.000000 0.000000 0.000000 0.000000 0.000000 0.000000 0.000000 0.000000 0.000000
0.501555 0.000000 0.000000 0.000000 0.397974 0.423265 0.435054 0.463928 0.551643 0.724850 0.838840 0.806850 0.764426 0.741989 0.852225 1.065276 1.107355 1.118217 1.093825 0.959329 0.900422 0.831524 0.843388 0.816740 0.795441 0.743310 0.780386 0.793678 0.777278 0.721878 0.671190 0.637721 0.584827 0.510478 0.382647 0.000000 0.000000 0.000000 0.000000 0.000000 0.000000 0.000000 0.000000 0.000000 0.000000 0.000000 0.000000 0.000000 0.000000 0.000000 0.000000 0.000000 0.000000 0.000000 0.000000 0.000000 0.451610 0.518602 0.529913 0.498582 0.000000 0.000000 0.494176 0.000000 0.000000 0.000000 0.525384 0.657237 0.789147 0.770042 0.647164 0.569430 0.588583 0.533118 0.490189 0.434725 0.194372 0.510190 0.684301 0.700483 0.684787 0.630313 0.552963 0.464767 0.000000 0.000000 0.000000 0.614852 0.698598 0.725502 0.722769 0.718083 0.721406 0.896838 0.858673 0.881193 0.879578 0.793859 0.821487 0.801193 0.935968 1.035616 0.743976 0.682879 0.633359 0.567682 0.486779 0.420671 0.874308 0.784189 0.886325 0.879100 0.952119 0.887654 0.764973 0.616862 0.560085 0.596951 0.606042 0.635101 0.598634 0.685505 0.273008 0.578500 0.553632 0.151700 0.147505 0.148923 0.169495 0.265119 0.256955 0.202406 0.147457 0.313726 0.720758 1.056875 0.745348 0.763890 0.918913 0.746774 0.788095 1.214233 1.344141 1.389563 1.326754 1.213808 1.277086 1.302398 1.288499 1.016020 0.903546 0.827324 0.410128 0.728278 0.774737 0.616915 0.853562 0.769909 0.303936 0.635375 0.923548 0.824948 0.976974 0.894864 0.913127 0.871638 0.884338 0.906006 1.035895 1.091371 1.231675 1.314055 1.269877 1.087988 1.063310 1.076918 0.883293 0.687080 0.568083 0.471308 0.000000 0.000000 0.000000 0.000000 0.000000 0.000000 0.000000 0.000000 0.000000 0.000000 0.000000 0.000000 0.000000 0.000000 0.000000 0.000000 0.000000 0.000000 0.000000 0.000000 0.000000 0.000000 0.000000 0.000000 0.000000 0.000000 0.000000 0.000000 0.000000 0.000000 0.000000 0.000000 0.000000 0.000000 0.000000 0.000000 0.000000 0.000000 0.000000 0.000000 0.000000 0.000000 0.000000 0.000000 0.000000 0.000000 0.000000 0.000000 0.000000 0.000000 0.000000 0.000000 0.000000 0.000000 0.000000 0.000000 0.000000 0.000000 0.000000 0.000000 0.000000 0.000000 0.000000 0.000000 0.000000 0.000000 0.000000 0.000000 0.000000 0.000000 0.000000 0.000000 0.000000 0.000000 0.000000 0.000000 0.000000 0.000000 0.000000 0.000000 0.000000 0.000000 0.000000 0.000000 0.000000 0.000000 0.000000 0.000000 0.000000 0.000000 0.000000 0.000000 0.000000 0.000000 0.000000 0.000000 0.000000 0.000000 0.000000 0.000000
0.574115 0.420491 0.400034 0.415430 0.472856 0.523109 0.557016 0.587013 0.629704 0.717363 0.716275 0.697829 0.624284 0.548055 0.772252 0.885864 0.962703 0.977368 0.904925 0.899131 0.708700 0.664520 0.792162 0.810313 0.941738 0.906454 0.879067 0.944595 0.729971 0.721933 0.649735 0.612812 0.590881 0.511657 0.000000 0.000000 0.000000 0.000000 0.000000 0.000000 0.000000 0.000000 0.000000 0.000000 0.000000 0.000000 0.000000 0.000000 0.000000 0.000000 0.000000 0.000000 0.000000 0.000000 0.000000 0.000000 0.568131 0.604193 0.587701 0.506782 0.000000 0.000000 0.000000 0.000000 0.000000 0.000000 0.607711 0.735706 0.734507 0.644433 0.546225 0.573418 0.513281 0.438938 0.000000 0.000000 0.000000 0.000000 0.498605 0.520938 0.518712 0.480733 0.000000 0.004000 0.000000 0.628142 0.822624 0.858732 0.902502 0.935907 0.933161 0.908283 0.869615 0.817742 0.708924 0.681249 0.653937 0.684449 0.700246 0.673130 0.656028 0.560748 0.503499 0.457040 0.406733 0.000000 0.000000 0.000000 0.497810 0.608101 0.846498 0.911008 0.875682 0.805882 0.737161 0.861071 0.737128 0.659429 0.590476 0.581956 0.567623 0.825070 0.806851 0.525760 0.261170 0.266661 0.689693 0.266709 0.193555 0.114548 0.151989 0.285312 0.435514 0.531962 0.903214 0.928933 0.997016 1.005412 0.757109 0.853120 0.946051 1.264713 1.381307 1.408748 1.497796 1.411231 1.252076 1.006097 0.992795 1.001883 0.984393 0.593753 0.613885 0.560169 0.703649 1.008547 0.928785 0.840473 0.908224 0.873965 0.939040 0.955199 0.922898 0.972590 1.004618 1.150647 1.024736 0.810207 0.905836 1.030825 1.311479 1.242726 1.252675 1.196612 1.308764 1.266291 1.120370 0.935106 0.783555 0.632593 0.507143 0.000000 0.000000 0.000000 0.000000 0.000000 0.000000 0.000000 0.000000 0.000000 0.000000 0.000000 0.000000 0.000000 0.000000 0.000000 0.000000 0.000000 0.000000 0.000000 0.000000 0.000000 0.000000 0.000000 0.000000 0.000000 0.000000 0.000000 0.000000 0.000000 0.000000 0.000000 0.000000 0.000000 0.000000 0.000000 0.000000 0.000000 0.000000 0.000000 0.000000 0.000000 0.000000 0.000000 0.000000 0.000000 0.000000 0.000000 0.000000 0.000000 0.000000 0.000000 0.000000 0.000000 0.000000 0.000000 0.000000 0.000000 0.000000 0.000000 0.000000 0.000000 0.000000 0.000000 0.000000 0.000000 0.000000 0.000000 0.000000 0.000000 0.000000 0.000000 0.000000 0.000000 0.000000 0.000000 0.000000 0.000000 0.000000 0.000000 0.000000 0.000000 0.000000 0.000000 0.000000 0.000000 0.000000 0.000000 0.000000 0.000000 0.000000 0.000000 0.000000 0.000000 0.000000 0.000000 0.000000 0.000000 0.000000 0.000000
0.593066 0.433806 0.412737 0.435129 0.494232 0.538240 0.589939 0.637713 0.657947 0.679127 0.648658 0.620668 0.514006 0.591250 0.769243 0.928282 1.002332 1.360767 1.090607 1.071703 1.010312 0.921048 0.835394 0.796676 0.856203 0.764123 0.773627 0.826260 0.782450 0.720678 0.743540 0.696481 0.626939 0.544357 0.467531 0.000000 0.000000 0.000000 0.000000 0.000000 0.000000 0.000000 0.000000 0.000000 0.000000 0.000000 0.000000 0.000000 0.000000 0.000000 0.000000 0.000000 0.000000 0.000000 0.000000 0.000000 0.488221 0.492915 0.417819 0.000000 0.000000 0.000000 0.000000 0.433912 0.583265 0.557602 0.483355 0.524507 0.487417 0.375834 0.000000 0.000000 0.000000 0.000000 0.000000 0.000000 0.000000 0.000000 0.000000 0.000000 0.000000 0.000000 0.000000 0.000000 0.159741 0.490530 0.720870 0.844242 0.960843 0.991339 0.957699 0.950529 0.909680 0.856225 0.812718 0.760440 0.714701 0.768045 0.769959 0.766931 0.761681 0.696649 0.617298 0.515880 0.518020 0.473385 0.453231 0.409700 0.000000 0.000000 0.725289 0.775184 0.725207 0.629329 0.583399 0.635003 0.659037 0.641625 0.616624 0.713583 0.739867 0.886155 1.117427 0.578089 0.270331 0.240979 0.197085 0.272725 0.295658 0.159118 0.357566 0.640519 0.737273 0.695623 0.713214 1.171981 1.118844 1.043633 1.160801 0.970404 0.878438 0.864747 1.086801 1.269573 1.441472 1.431893 1.091267 1.000747 1.091575 1.075986 0.943668 0.611265 1.060497 1.170100 1.186296 1.136383 0.981180 0.815081 0.874566 0.889402 1.059502 1.083064 0.996202 0.972969 1.166652 1.187380 1.170400 1.050026 0.651181 1.007422 1.166725 1.075409 1.168945 1.203802 1.426998 1.420855 1.241241 1.048904 0.887252 0.681650 0.535615 0.426468 0.000000 0.000000 0.000000 0.000000 0.000000 0.000000 0.000000 0.000000 0.000000 0.000000 0.000000 0.000000 0.000000 0.000000 0.000000 0.000000 0.000000 0.000000 0.000000 0.000000 0.000000 0.000000 0.000000 0.000000 0.000000 0.000000 0.000000 0.000000 0.000000 0.000000 0.000000 0.000000 0.000000 0.000000 0.000000 0.000000 0.000000 0.000000 0.000000 0.000000 0.000000 0.000000 0.000000 0.000000 0.000000 0.000000 0.000000 0.000000 0.000000 0.000000 0.000000 0.000000 0.000000 0.000000 0.000000 0.000000 0.000000 0.000000 0.000000 0.000000 0.000000 0.000000 0.000000 0.000000 0.000000 0.000000 0.000000 0.000000 0.000000 0.000000 0.000000 0.000000 0.000000 0.000000 0.000000 0.000000 0.000000 0.000000 0.000000 0.000000 0.000000 0.000000 0.000000 0.000000 0.000000 0.000000 0.000000 0.000000 0.000000 0.000000 0.000000 0.000000 0.000000 0.000000 0.000000 0.000000 0.000000 0.000000
0.598300 0.437906 0.411223 0.424315 0.465442 0.495004 0.518611 0.542340 0.570271 0.585253 0.552825 0.676840 0.795706 0.805903 0.811367 1.129900 1.200534 1.217647 1.241112 1.197281 0.899288 0.838680 0.774033 0.911809 0.920329 0.971404 0.992401 0.970722 0.857101 0.836394 0.759269 0.692371 0.624269 0.550087 0.466500 0.000000 0.000000 0.000000 0.000000 0.000000 0.000000 0.000000 0.000000 0.000000 0.000000 0.000000 0.000000 0.000000 0.000000 0.000000 0.000000 0.000000 0.000000 0.000000 0.000000 0.000000 0.000000 0.000000 0.000000 0.000000 0.396480 0.607045 0.699475 0.716296 0.688284 0.601495 0.645203 0.625314 0.557945 0.460836 0.375353 0.000000 0.000000 0.000000 0.000000 0.000000 0.000000 0.000000 0.000000 0.000000 0.000000 0.000000 0.375197 0.384000 0.366048 0.000000 0.558458 0.776969 1.009072 1.140733 1.161226 1.085743 0.978583 0.917090 0.841029 0.764621 0.685650 0.605547 0.698551 0.703229 0.638063 0.598422 0.532588 0.444439 0.000000 0.000000 0.000000 0.000000 0.000000 0.000000 0.000000 0.477752 0.427721 0.647873 0.805926 0.834917 0.981078 0.766483 0.695927 0.790249 0.851389 0.969394 1.141831 0.532964 0.363090 0.281734 0.562773 0.389999 0.298555 0.314382 0.576914 0.858163 0.926950 0.917080 1.307460 1.121850 0.978008 0.716145 0.878998 0.807931 0.845303 0.826478 0.900904 1.267195 1.336942 1.295184 1.356982 1.232058 1.009442 0.745979 0.955189 0.803422 1.076355 1.215960 1.237687 1.167145 1.020754 0.991927 0.918246 1.028249 1.191455 1.177456 1.110628 1.126992 1.294068 1.270651 1.114119 0.921310 0.836371 0.781719 0.770446 0.838320 0.958848 1.113646 1.163648 1.297045 1.269949 1.132778 0.886968 0.621973 0.473805 0.000000 0.000000 0.000000 0.000000 0.000000 0.000000 0.000000 0.000000 0.000000 0.000000 0.000000 0.000000 0.000000 0.000000 0.000000 0.000000 0.000000 0.000000 0.000000 0.000000 0.000000 0.000000 0.000000 0.000000 0.000000 0.000000 0.000000 0.000000 0.000000 0.000000 0.000000 0.000000 0.000000 0.000000 0.000000 0.000000 0.000000 0.000000 0.000000 0.000000 0.000000 0.000000 0.000000 0.000000 0.000000 0.000000 0.000000 0.000000 0.000000 0.000000 0.000000 0.000000 0.000000 0.000000 0.000000 0.000000 0.000000 0.000000 0.000000 0.000000 0.000000 0.000000 0.000000 0.000000 0.000000 0.000000 0.000000 0.000000 0.000000 0.000000 0.000000 0.000000 0.000000 0.000000 0.000000 0.000000 0.000000 0.000000 0.000000 0.000000 0.000000 0.000000 0.000000 0.000000 0.000000 0.000000 0.000000 0.000000 0.000000 0.000000 0.000000 0.000000 0.000000 0.000000 0.000000 0.000000 0.000000 0.000000 0.000000
0.592884 0.429147 0.000000 0.000000 0.000000 0.000000 0.000000 0.000000 0.230707 0.000000 0.909776 1.024619 1.134110 1.065163 0.948174 1.022861 1.240149 1.204731 1.204799 0.721246 0.624313 0.618967 0.877320 0.990428 0.824763 0.548346 0.552449 0.900784 0.771266 0.695632 0.576937 0.429985 0.000000 0.000000 0.000000 0.000000 0.000000 0.000000 0.000000 0.000000 0.000000 0.000000 0.000000 0.000000 0.000000 0.000000 0.000000 0.000000 0.000000 0.000000 0.000000 0.000000 0.000000 0.000000 0.000000 0.000000 0.000000 0.000000 0.445010 0.477075 0.592478 0.812216 0.901277 0.840499 0.737392 0.612790 0.660454 0.634374 0.544320 0.448287 0.000000 0.422161 0.426241 0.000000 0.000000 0.000000 0.000000 0.000000 0.453554 0.411496 0.465446 0.538393 0.561127 0.536493 0.495833 0.453657 0.412448 0.559189 0.784391 0.946268 1.034159 1.046740 1.032298 0.934185 0.819679 0.724698 0.630645 0.531017 0.453905 0.463105 0.555604 0.477405 0.000000 0.000000 0.000000 0.000000 0.000000 0.000000 0.000000 0.000000 0.000000 0.985727 0.754217 0.764841 0.866149 0.937730 0.948879 0.987153 0.803598 0.720424 0.814535 0.840150 0.886557 0.674978 0.291389 0.234181 0.449214 0.486111 0.542306 0.578716 0.528641 0.565158 0.708687 0.828486 1.061009 0.609035 0.916493 0.713206 0.820687 1.001795 0.762372 0.703892 0.643879 0.963882 1.063373 1.179332 1.149362 1.006962 0.838855 0.692808 0.808313 0.847494 0.862911 0.818149 0.962835 0.927364 1.187915 1.236288 1.301219 1.285256 1.162938 1.123410 1.118306 1.122122 1.192979 1.154381 1.006299 0.900973 0.861302 0.796203 0.885145 0.816702 0.730642 0.744233 0.945587 1.112068 1.136744 1.028069 0.859953 0.658475 0.459332 0.476756 0.520643 0.519401 0.497934 0.447933 0.000000 0.000000 0.000000 0.000000 0.000000 0.000000 0.000000 0.000000 0.000000 0.000000 0.000000 0.000000 0.000000 0.000000 0.000000 0.000000 0.000000 0.000000 0.000000 0.000000 0.000000 0.000000 0.000000 0.000000 0.000000 0.000000 0.000000 0.000000 0.000000 0.000000 0.000000 0.000000 0.000000 0.000000 0.000000 0.000000 0.000000 0.000000 0.000000 0.000000 0.000000 0.000000 0.000000 0.000000 0.000000 0.000000 0.000000 0.000000 0.000000 0.000000 0.000000 0.000000 0.000000 0.000000 0.000000 0.000000 0.000000 0.000000 0.000000 0.000000 0.000000 0.000000 0.000000 0.000000 0.000000 0.000000 0.000000 0.000000 0.000000 0.000000 0.000000 0.000000 0.000000 0.000000 0.000000 0.000000 0.000000 0.000000 0.000000 0.000000 0.000000 0.000000 0.000000 0.000000 0.000000 0.000000 0.000000 0.000000 0.000000 0.000000 0.000000 0.000000 0.000000 0.000000
0.573845 0.408398 0.000000 0.000000 0.000000 0.000000 0.000000 0.000000 0.000000 0.000000 0.659945 1.008745 1.008914 0.941264 0.824296 0.820865 0.964965 0.819601 1.055105 0.631006 1.001920 0.954925 0.843967 0.264696 0.121718 0.336342 0.428594 0.801581 0.782487 0.686369 0.527373 0.000000 0.000000 0.000000 0.000000 0.000000 0.000000 0.000000 0.000000 0.000000 0.000000 0.000000 0.000000 0.000000 0.000000 0.000000 0.000000 0.000000 0.000000 0.000000 0.000000 0.000000 0.000000 0.000000 0.000000 0.000000 0.000000 0.000000 0.000000 0.000000 0.432984 0.440629 0.510282 0.530667 0.463842 0.000000 0.395596 0.449806 0.499601 0.527523 0.608131 0.596209 0.496938 0.427111 0.424849 0.568592 0.747020 0.627552 0.578339 0.648138 0.661769 0.616210 0.546670 0.519859 0.499210 0.467002 0.427308 0.382461 0.000000 0.521568 0.748724 0.891706 0.890123 0.817232 0.755800 0.680862 0.608933 0.854675 0.906317 0.838646 0.699765 0.639758 0.000000 0.000000 0.000000 0.000000 0.000000 0.000000 0.000000 0.000000 0.000000 0.435544 0.724928 0.821212 0.925866 0.974535 0.978558 0.933864 0.868023 0.744232 0.655442 0.615767 0.542969 0.581487 0.439510 0.129851 0.703658 0.555424 0.956174 0.794655 0.638819 0.513437 0.500649 0.419095 0.410683 0.397533 0.332415 0.632374 0.783604 0.915450 0.943479 0.762210 0.702159 0.287735 0.572738 0.810852 0.648538 0.660002 0.660890 0.688475 0.650484 0.596011 0.658557 0.692964 0.789029 0.872910 1.060966 1.137625 1.237537 1.223839 1.169924 1.139683 1.227205 1.319218 1.314421 1.239285 1.103816 1.061958 0.907483 0.830670 0.861081 0.796867 0.719709 0.584196 0.516619 0.740917 0.831283 0.779221 0.673002 0.529832 0.558978 0.653654 0.677617 0.658088 0.607186 0.530407 0.502642 0.501589 0.465936 0.423027 0.000000 0.000000 0.000000 0.000000 0.000000 0.000000 0.000000 0.000000 0.000000 0.000000 0.000000 0.000000 0.000000 0.000000 0.000000 0.000000 0.000000 0.000000 0.000000 0.000000 0.000000 0.000000 0.000000 0.000000 0.000000 0.000000 0.000000 0.000000 0.000000 0.000000 0.000000 0.000000 0.000000 0.000000 0.000000 0.000000 0.000000 0.000000 0.000000 0.000000 0.000000 0.000000 0.000000 0.000000 0.000000 0.000000 0.000000 0.000000 0.000000 0.000000 0.000000 0.000000 0.000000 0.000000 0.000000 0.000000 0.000000 0.000000 0.000000 0.000000 0.000000 0.000000 0.000000 0.000000 0.000000 0.000000 0.000000 0.000000 0.000000 0.000000 0.000000 0.000000 0.000000 0.000000 0.000000 0.000000 0.000000 0.000000 0.000000 0.000000 0.000000 0.000000 0.000000 0.000000 0.000000 0.000000 0.000000 0.000000 0.000000 0.000000
0.501030 0.000000 0.000000 0.000000 0.000000 0.000000 0.000000 0.000000 0.000000 0.000000 1.418503 0.922084 0.773615 0.716207 0.621927 0.708893 0.649703 0.710412 0.952386 0.925938 1.002664 0.976257 0.842075 0.701796 0.195081 0.560527 0.527828 0.618590 0.457074 0.540962 0.499500 0.000000 0.000000 0.000000 0.000000 0.000000 0.000000 0.000000 0.000000 0.000000 0.000000 0.000000 0.000000 0.000000 0.000000 0.000000 0.000000 0.000000 0.000000 0.000000 0.000000 0.000000 0.000000 0.000000 0.000000 0.000000 0.460759 0.004000 0.000000 0.000000 0.557678 0.605793 0.552644 0.458991 0.546278 0.555089 0.574561 0.656214 0.647798 0.743778 0.781007 0.736538 0.806230 0.603757 0.683716 0.790409 0.828768 0.797368 0.704295 0.607430 0.610781 0.570479 0.495907 0.000000 0.000000 0.000000 0.000000 0.000000 0.000000 0.000000 0.000000 0.533855 0.600352 0.631387 0.689958 0.685542 0.635647 0.718475 0.763563 0.713136 0.558442 0.417613 0.454600 0.462144 0.450264 0.416819 0.000000 0.000000 0.000000 0.000000 0.000000 0.000000 0.000000 0.566527 0.659618 0.750850 0.802883 0.911468 0.856626 0.795029 0.708697 0.613985 0.528029 0.461224 0.000000 0.000000 0.626477 0.879702 1.023804 1.196071 1.183090 0.753095 0.572450 0.538097 0.376184 0.257987 0.658160 0.673386 0.739616 0.774445 0.685255 0.814989 1.051961 0.693128 0.684584 0.535399 0.629640 0.791058 0.743207 0.288669 0.545384 0.649113 0.547693 0.573712 0.685282 0.693994 0.844102 0.931014 0.992697 1.009302 1.022425 1.024550 1.102945 1.201527 1.302594 1.226455 1.117982 1.296884 1.123021 0.929003 0.815305 0.691794 0.563355 0.524773 0.543827 0.536071 0.499877 0.447508 0.000000 0.587094 0.755875 0.825473 0.822254 0.771019 0.722983 0.722763 0.698170 0.659426 0.602609 0.502661 0.000000 0.000000 0.000000 0.000000 0.000000 0.000000 0.000000 0.000000 0.000000 0.000000 0.000000 0.000000 0.000000 0.000000 0.000000 0.000000 0.000000 0.000000 0.000000 0.000000 0.000000 0.000000 0.000000 0.000000 0.000000 0.000000 0.000000 0.000000 0.000000 0.000000 0.000000 0.000000 0.000000 0.000000 0.000000 0.000000 0.000000 0.000000 0.000000 0.000000 0.000000 0.000000 0.000000 0.000000 0.000000 0.000000 0.000000 0.000000 0.000000 0.000000 0.000000 0.000000 0.000000 0.000000 0.000000 0.000000 0.000000 0.000000 0.000000 0.000000 0.000000 0.000000 0.000000 0.000000 0.000000 0.000000 0.000000 0.000000 0.000000 0.000000 0.000000 0.000000 0.000000 0.000000 0.000000 0.000000 0.000000 0.000000 0.000000 0.000000 0.000000 0.000000 0.000000 0.000000 0.000000 0.000000 0.000000 0.000000 0.000000 0.000000
0.421345 0.000000 0.000000 0.000000 0.000000 0.000000 0.000000 0.000000 0.000000 0.000000 0.734834 0.946754 0.640439 0.615237 0.600266 0.863921 0.662418 1.225025 1.177013 1.111758 1.035576 0.953133 0.828194 0.669465 0.580458 0.518079 0.586554 0.524330 0.397321 0.000000 0.000000 0.000000 0.000000 0.000000 0.000000 0.000000 0.000000 0.000000 0.000000 0.000000 0.000000 0.004000 0.761708 0.836233 0.728661 0.673993 0.664266 0.588558 0.521299 0.462946 0.422478 0.000000 0.405185 0.422460 0.376583 0.000000 0.000000 0.158015 0.426849 0.660479 0.813993 0.820332 0.738417 0.758067 0.770185 0.793451 0.696826 0.704520 0.707461 0.803868 0.832577 0.764555 0.636766 0.528604 0.683127 0.828511 0.832615 0.736150 0.608832 0.368731 0.408171 0.000000 0.417540 0.368640 0.000000 0.000000 0.000000 0.000000 0.000000 0.000000 0.000000 0.000000 0.000000 0.646937 0.710380 0.694606 0.636830 0.563665 0.541606 0.543405 0.574831 0.560798 0.590152 0.585604 0.551471 0.486141 0.408209 0.000000 0.000000 0.000000 0.000000 0.000000 0.000000 0.640429 0.000000 0.610952 0.762372 0.770333 0.672019 0.642851 0.479217 0.493908 0.442968 0.000000 0.000000 0.428284 0.576981 0.771656 1.193301 1.112473 1.150733 0.809149 0.718405 0.924675 0.815787 0.819520 0.742932 0.739262 0.767085 0.730202 0.623275 0.668906 0.653627 0.688494 0.615957 0.449815 0.487436 0.722381 0.725432 0.657788 0.502677 0.607534 0.483385 0.475960 0.543824 0.574096 0.606711 0.636377 0.613775 0.597166 0.684004 0.760632 0.900548 0.998656 1.090326 1.011909 0.907882 0.928788 0.939698 0.837743 0.822349 0.786683 0.727341 0.691459 0.650864 0.593687 0.531970 0.474879 0.420907 0.827253 1.022153 1.055313 1.032282 1.015127 0.934489 0.890656 0.854729 0.773269 0.673460 0.543760 0.000000 0.000000 0.000000 0.000000 0.000000 0.000000 0.000000 0.000000 0.000000 0.000000 0.000000 0.000000 0.000000 0.000000 0.000000 0.000000 0.000000 0.000000 0.000000 0.000000 0.000000 0.000000 0.000000 0.000000 0.000000 0.000000 0.000000 0.000000 0.000000 0.000000 0.000000 0.000000 0.000000 0.000000 0.000000 0.000000 0.000000 0.000000 0.000000 0.000000 0.000000 0.000000 0.000000 0.000000 0.000000 0.000000 0.000000 0.000000 0.000000 0.000000 0.000000 0.000000 0.000000 0.000000 0.000000 0.000000 0.000000 0.000000 0.000000 0.000000 0.000000 0.000000 0.000000 0.000000 0.000000 0.000000 0.000000 0.000000 0.000000 0.000000 0.000000 0.000000 0.000000 0.000000 0.000000 0.000000 0.000000 0.000000 0.000000 0.000000 0.000000 0.000000 0.000000 0.000000 0.000000 0.000000 0.000000 0.000000 0.000000 0.000000
0.000000 0.000000 0.000000 0.000000 0.000000 0.000000 0.000000 0.000000 0.000000 0.000000 0.000000 1.289894 1.026119 0.921802 0.839351 0.917978 0.796953 1.218868 1.227705 1.284930 0.959414 0.862235 0.747887 0.647970 0.588499 0.541603 0.612851 0.557073 0.424499 0.519541 0.419792 0.000000 0.000000 0.000000 0.000000 0.000000 0.000000 0.000000 0.000000 0.000000 0.000000 1.347398 1.215376 1.000404 0.934201 0.893517 0.923020 0.908932 0.789955 0.638486 0.532042 0.507526 0.485712 0.493741 0.431538 0.000000 0.000000 0.000000 0.446866 0.738636 0.831369 0.833737 0.763192 0.761597 0.816391 0.726077 0.592737 0.544937 0.515526 0.599436 0.583343 0.552350 0.590911 0.514244 0.591179 0.691179 0.688792 0.596276 0.471996 0.000000 0.000000 0.416536 0.433669 0.425172 0.401312 0.357889 0.374582 0.372650 0.000000 0.000000 0.000000 0.000000 0.000000 0.769545 0.794233 0.735195 0.633970 0.519266 0.423455 0.387402 0.492640 0.530550 0.522994 0.490612 0.421092 0.000000 0.000000 0.000000 0.437460 0.446137 0.411927 0.458787 0.000000 0.000000 0.000000 0.586052 0.785295 0.733580 0.822961 0.754515 0.608198 0.000000 0.493746 0.501986 0.515596 0.564838 0.694065 0.801592 0.894844 0.995938 1.027651 1.050265 0.617520 1.115670 0.945752 0.705916 0.739052 0.739573 0.742017 0.885249 0.851129 0.639595 0.590690 0.635443 0.488531 0.484868 0.499834 0.431243 0.000000 0.000000 0.000000 0.429421 0.690909 0.739878 0.681849 0.598877 0.465307 0.000000 0.000000 0.000000 0.000000 0.000000 0.512461 0.668427 0.785079 0.738057 0.693095 0.658488 0.756202 0.701474 0.747618 0.849137 0.847628 0.794970 0.744012 0.883824 0.577715 0.678550 0.796603 1.064484 1.329093 1.341230 1.270243 1.184599 1.106857 0.974754 0.928078 0.820986 0.694877 0.552558 0.000000 0.000000 0.000000 0.000000 0.000000 0.000000 0.000000 0.000000 0.000000 0.000000 0.000000 0.000000 0.000000 0.000000 0.000000 0.000000 0.000000 0.000000 0.000000 0.000000 0.000000 0.000000 0.000000 0.000000 0.000000 0.000000 0.000000 0.000000 0.000000 0.000000 0.000000 0.000000 0.000000 0.000000 0.000000 0.000000 0.000000 0.000000 0.000000 0.000000 0.000000 0.000000 0.000000 0.000000 0.000000 0.000000 0.000000 0.000000 0.000000 0.000000 0.000000 0.000000 0.000000 0.000000 0.000000 0.000000 0.000000 0.000000 0.000000 0.000000 0.000000 0.000000 0.000000 0.000000 0.000000 0.000000 0.000000 0.000000 0.000000 0.000000 0.000000 0.000000 0.000000 0.000000 0.000000 0.000000 0.000000 0.000000 0.000000 0.000000 0.000000 0.000000 0.000000 0.000000 0.000000 0.000000 0.000000 0.000000 0.000000 0.000000
0.000000 0.000000 0.000000 0.000000 0.000000 0.000000 0.000000 0.000000 0.000000 0.000000 0.000000 0.426143 0.830099 1.041805 0.940319 1.030032 0.638816 0.763267 1.152385 1.080048 0.956913 0.962681 0.930269 0.819309 0.903052 0.800815 0.551168 0.613954 0.583104 0.522115 0.511049 0.482203 0.429591 0.000000 0.000000 0.000000 0.000000 0.000000 0.000000 0.000000 0.000000 1.023902 1.070276 0.887167 0.597727 0.491654 0.519823 0.561976 0.551779 0.513102 0.465770 0.406137 0.456028 0.454954 0.388138 0.000000 0.000000 0.000000 0.341203 0.000000 0.523122 0.641169 0.682093 0.615643 0.628886 0.596413 0.587094 0.462601 0.410904 0.418814 0.424555 0.482772 0.510001 0.495405 0.466157 0.550252 0.521212 0.000000 0.410593 0.470656 0.507351 0.558025 0.592003 0.563994 0.530091 0.488984 0.375330 0.000000 0.000000 0.525434 0.000000 0.000000 0.000000 0.578840 0.635337 0.584236 0.497805 0.416021 0.000000 0.000000 0.000000 0.000000 0.420665 0.463132 0.465904 0.442973 0.402048 0.424514 0.450976 0.434806 0.389089 0.004000 0.000000 0.423483 0.675647 0.771926 0.648622 0.648678 0.656736 0.641062 0.605008 0.570231 0.678517 0.677610 0.535551 0.620380 0.785646 0.838655 0.836079 0.762057 0.884535 0.847483 1.053521 0.975108 0.910617 0.795577 0.679050 0.653693 0.743226 1.048790 0.988557 0.880774 0.754150 0.751911 0.724950 0.637939 0.541932 0.000000 0.000000 0.638051 0.667972 0.702238 0.930788 0.937396 0.822542 0.685961 0.539924 0.000000 0.000000 0.000000 0.000000 0.000000 0.000000 0.000000 0.000000 0.657127 0.820814 0.912314 0.922703 0.883909 0.909751 1.013670 1.044822 0.987737 0.851004 0.783506 0.783382 0.852540 1.090628 1.168484 1.394409 1.369261 1.235224 1.097578 1.019125 1.086413 1.018516 0.868444 0.700344 0.521129 0.000000 0.000000 0.000000 0.000000 0.000000 0.000000 0.000000 0.000000 0.000000 0.000000 0.000000 0.000000 0.000000 0.000000 0.000000 0.000000 0.000000 0.000000 0.000000 0.000000 0.000000 0.000000 0.000000 0.000000 0.000000 0.000000 0.000000 0.000000 0.000000 0.000000 0.000000 0.000000 0.000000 0.000000 0.000000 0.000000 0.000000 0.000000 0.000000 0.000000 0.000000 0.000000 0.000000 0.000000 0.000000 0.000000 0.000000 0.000000 0.000000 0.000000 0.000000 0.000000 0.000000 0.000000 0.000000 0.000000 0.000000 0.000000 0.000000 0.000000 0.000000 0.000000 0.000000 0.000000 0.000000 0.000000 0.000000 0.000000 0.000000 0.000000 0.000000 0.000000 0.000000 0.000000 0.000000 0.000000 0.000000 0.000000 0.000000 0.000000 0.000000 0.000000 0.000000 0.000000 0.000000 0.000000 0.000000 0.000000 0.000000 0.000000
0.000000 0.000000 0.000000 0.000000 0.000000 0.000000 0.000000 0.000000 0.000000 0.000000 0.000000 0.533745 0.699617 1.000461 1.231821 1.244769 1.088064 0.878006 1.084091 0.961653 0.870119 0.882510 0.863699 0.960906 0.913572 0.726133 0.631378 0.566928 0.621603 0.632537 0.593108 0.532415 0.000000 0.000000 0.000000 0.000000 0.000000 0.000000 0.000000 0.000000 0.000000 0.000000 0.000000 0.000000 0.000000 0.000000 0.000000 0.000000 0.000000 0.000000 0.000000 0.000000 0.000000 0.000000 0.000000 0.000000 0.000000 0.000000 0.510224 0.562090 0.571297 0.698943 0.623150 0.837848 0.848280 0.778493 0.749331 0.603262 0.492002 0.491785 0.461874 0.402956 0.000000 0.000000 0.000000 0.000000 0.422013 0.440140 0.584135 0.630394 0.611923 0.632262 0.628764 0.577699 0.506635 0.000000 0.000000 0.000000 0.000000 0.000000 0.399416 0.468691 0.508067 0.519576 0.505928 0.455010 0.000000 0.000000 0.000000 0.448234 0.569471 0.633172 0.665403 0.661030 0.632965 0.597470 0.546839 0.488753 0.428063 0.000000 0.000000 0.000000 0.608713 0.599417 0.653575 0.707781 0.713303 0.593571 0.710450 0.686686 0.676033 0.783726 0.684112 0.915782 1.015000 0.967435 0.733720 0.688274 0.823144 0.841566 0.815354 0.829141 0.657793 0.654240 0.837535 0.750561 0.616174 0.691056 0.973813 1.048136 0.974675 0.880852 0.819330 0.751242 0.682339 0.625403 0.521495 0.460133 0.572287 0.825167 0.810093 0.787769 0.993233 0.977771 0.807458 0.604631 0.455811 0.447555 0.000000 0.000000 0.000000 0.000000 0.000000 0.000000 0.431466 0.693114 0.921779 0.982934 0.984007 0.952350 0.977491 1.165661 1.280054 1.125411 1.023314 0.956342 1.003123 1.027546 1.029989 1.161470 1.245516 1.254206 1.132679 0.903479 1.032596 1.045468 0.911231 0.719705 0.546090 0.000000 0.000000 0.000000 0.000000 0.000000 0.000000 0.000000 0.000000 0.000000 0.000000 0.000000 0.000000 0.000000 0.000000 0.000000 0.000000 0.000000 0.000000 0.000000 0.000000 0.000000 0.000000 0.000000 0.000000 0.000000 0.000000 0.000000 0.000000 0.000000 0.000000 0.000000 0.000000 0.000000 0.000000 0.000000 0.000000 0.000000 0.000000 0.000000 0.000000 0.000000 0.000000 0.000000 0.000000 0.000000 0.000000 0.000000 0.000000 0.000000 0.000000 0.000000 0.000000 0.000000 0.000000 0.000000 0.000000 0.000000 0.000000 0.000000 0.000000 0.000000 0.000000 0.000000 0.000000 0.000000 0.000000 0.000000 0.000000 0.000000 0.000000 0.000000 0.000000 0.000000 0.000000 0.000000 0.000000 0.000000 0.000000 0.000000 0.000000 0.000000 0.000000 0.000000 0.000000 0.000000 0.000000 0.000000 0.000000 0.000000 0.000000 0.000000
0.000000 0.000000 0.000000 0.000000 0.000000 0.000000 0.000000 0.000000 0.000000 0.000000 0.284175 0.577393 0.580893 0.889982 1.275830 1.046964 0.753811 0.685405 1.070483 1.202934 1.076012 0.767768 0.708730 0.794336 0.768448 0.692407 0.630467 0.546603 0.597997 0.495551 0.444668 0.404974 0.000000 0.000000 0.000000 0.000000 0.000000 0.000000 0.000000 0.000000 0.000000 0.000000 0.000000 0.000000 0.000000 0.000000 0.000000 0.000000 0.000000 0.000000 0.000000 0.000000 0.000000 0.000000 0.000000 0.000000 0.000000 0.419389 0.477817 0.630277 0.695167 0.733987 0.813286 1.004496 0.967734 0.828100 0.661502 0.465136 0.000000 0.000000 0.000000 0.431889 0.000000 0.448605 0.526591 0.601623 0.689682 0.620391 0.658209 0.697177 0.660672 0.592662 0.496351 0.418258 0.000000 0.000000 0.000000 0.390307 0.426625 0.465486 0.510460 0.540634 0.541568 0.512240 0.460013 0.386984 0.000000 0.441643 0.549802 0.644892 0.738953 0.774207 0.770154 0.735031 0.681689 0.618166 0.545593 0.461083 0.000000 0.000000 0.000000 0.000000 0.446151 0.432097 0.438699 0.606619 0.697383 0.692771 0.650906 0.612260 0.609250 0.756501 1.074389 1.250519 1.814184 1.117387 0.619923 0.671971 0.736998 0.841588 0.756427 0.700280 0.590670 0.537055 0.572238 0.738538 0.575779 0.678128 0.931704 0.836435 1.043946 1.127775 1.045691 0.935041 0.636462 0.538990 0.488290 0.630745 0.769678 0.874808 0.869232 0.815940 0.803374 0.701463 0.672995 0.781144 0.660293 0.510903 0.000000 0.000000 0.000000 0.000000 0.458436 0.413347 0.443430 0.703683 0.858263 0.890874 0.873018 0.943854 1.107095 1.295211 1.424289 1.228804 1.087506 1.135985 1.096196 0.960272 0.866377 1.012287 1.031006 1.063209 0.811006 0.686824 0.740692 0.703939 0.646324 0.643383 0.544029 0.492859 0.416725 0.000000 0.000000 0.000000 0.000000 0.000000 0.000000 0.000000 0.000000 0.000000 0.000000 0.000000 0.000000 0.000000 0.000000 0.000000 0.000000 0.000000 0.000000 0.000000 0.000000 0.000000 0.000000 0.000000 0.000000 0.000000 0.000000 0.000000 0.000000 0.000000 0.000000 0.000000 0.000000 0.000000 0.000000 0.000000 0.000000 0.000000 0.000000 0.000000 0.000000 0.000000 0.000000 0.000000 0.000000 0.000000 0.000000 0.000000 0.000000 0.000000 0.000000 0.000000 0.000000 0.000000 0.000000 0.000000 0.000000 0.000000 0.000000 0.000000 0.000000 0.000000 0.000000 0.000000 0.000000 0.000000 0.000000 0.000000 0.000000 0.000000 0.000000 0.000000 0.000000 0.000000 0.000000 0.000000 0.000000 0.000000 0.000000 0.000000 0.000000 0.000000 0.000000 0.000000 0.000000 0.000000 0.000000 0.000000 0.000000 0.000000
0.000000 0.000000 0.000000 0.000000 0.000000 0.000000 0.000000 0.000000 0.000000 0.000000 0.000000 0.004000 0.000000 0.825008 1.081464 1.137031 1.180956 0.982622 0.852557 0.764348 0.689873 0.608698 0.579330 0.662099 0.618301 0.571043 0.560005 0.529166 0.492162 0.453133 0.416572 0.000000 0.000000 0.000000 0.417258 0.416516 0.000000 0.000000 0.000000 0.000000 0.000000 0.000000 0.000000 0.000000 0.000000 0.000000 0.000000 0.000000 0.000000 0.000000 0.000000 0.000000 0.000000 0.000000 0.000000 0.000000 0.000000 0.429417 0.697882 0.849883 0.855782 0.769568 0.657293 0.527570 0.417620 0.000000 0.000000 0.375001 0.000000 0.000000 0.000000 0.000000 0.507506 0.700951 0.760758 0.752514 0.700197 0.611436 0.566609 0.585041 0.531718 0.483511 0.000000 0.000000 0.381454 0.384487 0.378722 0.403912 0.439718 0.458843 0.466564 0.463630 0.438322 0.407884 0.500504 0.510350 0.961546 0.627922 0.672333 0.686958 0.675100 0.629203 0.579142 0.514060 0.435267 0.000000 0.000000 0.000000 0.000000 0.000000 0.000000 0.000000 0.057369 0.000000 0.000000 0.524514 0.617311 0.593250 0.609031 0.594174 0.527838 0.588722 1.103359 1.150314 1.063653 1.242857 1.219028 0.677138 0.843014 0.794277 0.748888 0.632209 0.553636 0.693715 0.287175 0.215813 0.133765 0.316773 0.421082 0.444451 0.877366 1.118123 1.083315 0.408872 0.563720 0.486852 0.645260 0.704969 0.710731 0.825570 0.712809 0.662466 0.598050 0.751489 0.929691 0.697371 0.572506 0.437706 0.000000 0.000000 0.000000 0.000000 0.000000 0.000000 0.522536 0.730575 0.772222 0.795569 1.132426 1.184723 1.343863 1.404780 1.549669 1.569653 1.347143 1.144955 0.964526 0.877881 0.828037 0.803812 0.811747 0.789421 0.760836 0.710216 0.495849 0.617435 0.693388 0.717855 0.770248 0.709628 0.556890 0.000000 0.000000 0.000000 0.000000 0.000000 0.000000 0.000000 0.000000 0.000000 0.000000 0.000000 0.000000 0.000000 0.000000 0.000000 0.000000 0.000000 0.000000 0.000000 0.000000 0.000000 0.000000 0.000000 0.000000 0.000000 0.000000 0.000000 0.000000 0.000000 0.000000 0.000000 0.000000 0.000000 0.000000 0.000000 0.000000 0.000000 0.000000 0.000000 0.000000 0.000000 0.000000 0.000000 0.000000 0.000000 0.000000 0.000000 0.000000 0.000000 0.000000 0.000000 0.000000 0.000000 0.000000 0.000000 0.000000 0.000000 0.000000 0.000000 0.000000 0.000000 0.000000 0.000000 0.000000 0.000000 0.000000 0.000000 0.000000 0.000000 0.000000 0.000000 0.000000 0.000000 0.000000 0.000000 0.000000 0.000000 0.000000 0.000000 0.000000 0.000000 0.000000 0.000000 0.000000 0.000000 0.000000 0.000000 0.000000 0.000000
0.000000 0.000000 0.000000 0.000000 0.000000 0.000000 0.000000 0.000000 0.000000 0.000000 0.000000 0.272177 0.905579 0.748802 1.095063 1.261532 1.270821 1.242642 1.049735 0.931292 0.873951 0.802302 0.734605 0.659520 0.601452 0.544995 0.497079 0.456125 0.407863 0.000000 0.000000 0.000000 0.000000 0.434958 0.477492 0.459892 0.403733 0.000000 0.000000 0.000000 0.000000 0.000000 0.000000 0.000000 0.000000 0.000000 0.000000 0.000000 0.000000 0.000000 0.000000 0.000000 0.000000 0.000000 0.000000 0.000000 0.528815 0.588437 0.831260 0.890543 0.874185 0.816877 0.636573 0.581533 0.574484 0.561230 0.477103 0.469820 0.443362 0.393927 0.000000 0.000000 0.585794 0.766577 0.817242 0.783238 0.697683 0.546688 0.418513 0.404997 0.442803 0.435279 0.526699 0.555119 0.602056 0.596280 0.523075 0.390371 0.373473 0.000000 0.000000 0.459046 0.482656 0.563817 0.627570 0.665171 0.680684 0.639706 0.623740 0.597641 0.542373 0.511602 0.500035 0.473635 0.443524 0.426238 0.430074 0.420979 0.387604 0.000000 0.000000 0.000000 0.000000 0.558740 0.685567 0.666206 0.581329 0.600034 0.572317 0.605840 0.575709 0.508830 0.849358 0.847355 0.833096 0.951267 0.810425 0.854526 0.626924 0.600103 0.580200 0.719923 0.801590 0.737598 0.350977 0.250173 0.201731 0.226311 0.303818 0.428966 0.385456 0.348512 0.718474 0.626904 0.694298 0.555507 0.538292 0.580385 0.663027 0.661800 0.682323 0.684389 0.563048 0.678434 0.761638 0.587091 0.441105 0.000000 0.000000 0.000000 0.000000 0.000000 0.000000 0.723713 0.865426 0.865870 0.825280 0.934067 1.285928 1.322393 1.393126 1.519272 1.564026 1.471920 1.294043 1.057291 1.015761 0.915090 0.850233 0.793150 0.753559 0.726384 0.749756 0.764737 0.757368 0.818833 0.801603 0.741425 0.778989 0.727918 0.564985 0.508454 0.549290 0.507423 0.438894 0.000000 0.000000 0.000000 0.000000 0.000000 0.000000 0.000000 0.000000 0.000000 0.000000 0.000000 0.000000 0.000000 0.000000 0.000000 0.000000 0.000000 0.000000 0.000000 0.000000 0.000000 0.000000 0.000000 0.000000 0.000000 0.000000 0.000000 0.000000 0.000000 0.000000 0.000000 0.000000 0.000000 0.000000 0.000000 0.000000 0.000000 0.000000 0.000000 0.000000 0.000000 0.000000 0.000000 0.000000 0.000000 0.000000 0.000000 0.000000 0.000000 0.000000 0.000000 0.000000 0.000000 0.000000 0.000000 0.000000 0.000000 0.000000 0.000000 0.000000 0.000000 0.000000 0.000000 0.000000 0.000000 0.000000 0.000000 0.000000 0.000000 0.000000 0.000000 0.000000 0.000000 0.000000 0.000000 0.000000 0.000000 0.000000 0.000000 0.000000 0.000000 0.000000 0.000000 0.000000 0.000000
0.000000 0.000000 0.000000 0.000000 0.000000 0.000000 0.000000 0.000000 0.000000 0.000000 0.000000 0.552062 0.000000 0.321848 1.073275 1.286307 1.292523 1.289806 1.203018 1.063438 0.843637 0.782625 0.796541 0.729561 0.647610 0.569524 0.502698 0.682541 0.711027 0.703964 0.651792 0.517945 0.000000 0.000000 0.000000 0.000000 0.000000 0.000000 0.000000 0.000000 0.000000 0.000000 0.000000 0.000000 0.000000 0.000000 0.000000 0.000000 0.000000 0.000000 0.000000 0.000000 0.000000 0.000000 0.000000 0.000000 0.000000 0.423277 0.508726 0.934510 0.523627 0.548378 0.582118 0.610594 0.631202 0.628547 0.631513 0.604709 0.564348 0.503620 0.566112 0.576183 0.509665 0.584659 0.636687 0.609215 0.510999 0.493334 0.402919 0.865156 0.523947 0.416358 0.527916 0.592412 0.610745 0.572861 0.451232 0.411403 0.000000 0.000000 0.000000 0.000000 0.541929 0.624776 0.634286 0.603472 0.874348 0.696971 0.636427 0.552845 0.563597 0.572006 0.568917 0.601774 0.648409 0.591902 0.573047 0.482886 0.510868 0.394397 0.000000 0.000000 0.000000 0.407243 0.000000 0.000000 0.551582 0.562978 0.609694 0.622431 0.579348 0.555915 0.000000 0.000000 0.586698 0.989618 0.611718 0.745269 0.641040 0.647477 0.841172 0.857379 0.871747 0.304511 0.202063 0.263983 0.292509 0.384273 0.381302 0.392729 0.413152 0.444815 0.761157 0.627981 0.679230 0.532306 0.807453 0.858693 0.879434 0.845555 0.780799 0.688909 0.595127 0.000000 0.518179 0.000000 0.000000 0.000000 0.000000 0.000000 0.000000 0.000000 0.000000 0.923353 1.133653 1.099863 0.958393 0.923800 1.210171 1.255693 1.307348 1.367578 1.313953 1.396365 1.351706 1.313848 1.197286 1.029457 1.244971 1.215703 0.998442 0.849730 0.805192 0.836503 0.963927 0.977540 0.918253 0.887141 0.851954 0.719035 0.480690 0.553484 0.592235 0.558529 0.472114 0.000000 0.000000 0.000000 0.000000 0.000000 0.000000 0.000000 0.000000 0.000000 0.000000 0.000000 0.000000 0.000000 0.000000 0.000000 0.000000 0.000000 0.000000 0.000000 0.000000 0.000000 0.000000 0.000000 0.000000 0.000000 0.000000 0.000000 0.000000 0.000000 0.000000 0.000000 0.000000 0.000000 0.000000 0.000000 0.000000 0.000000 0.000000 0.000000 0.000000 0.000000 0.000000 0.000000 0.000000 0.000000 0.000000 0.000000 0.000000 0.000000 0.000000 0.000000 0.000000 0.000000 0.000000 0.000000 0.000000 0.000000 0.000000 0.000000 0.000000 0.000000 0.000000 0.000000 0.000000 0.000000 0.000000 0.000000 0.000000 0.000000 0.000000 0.000000 0.000000 0.000000 0.000000 0.000000 0.000000 0.000000 0.000000 0.000000 0.000000 0.000000 0.000000 0.000000 0.000000 0.000000
0.000000 0.000000 0.000000 0.000000 0.000000 0.000000 0.000000 0.000000 0.000000 0.000000 0.000000 0.000000 0.451590 0.519977 0.964848 1.144800 1.373282 1.385092 1.255276 1.077013 0.924773 0.823315 0.779985 0.728452 0.668273 0.585976 0.600663 0.815959 0.837329 0.832908 0.761806 0.646727 0.405220 0.367670 0.393956 0.000000 0.000000 0.000000 0.000000 0.000000 0.000000 0.000000 0.000000 0.000000 0.000000 0.000000 0.000000 0.000000 0.000000 0.000000 0.000000 0.000000 0.000000 0.000000 0.000000 0.000000 0.000000 0.000000 0.000000 0.000000 0.000000 0.000000 0.000000 0.450542 0.509438 0.564920 0.545758 0.512235 0.459655 0.453731 0.538788 0.441368 0.000000 0.000000 0.000000 0.000000 0.000000 0.000000 0.000000 0.000000 0.573022 0.704141 0.729701 0.702556 0.625352 0.490528 0.448049 0.484964 0.482676 0.531810 0.599295 0.606248 0.636269 0.570021 0.649193 0.642617 1.415853 0.797617 0.779534 0.789349 0.810565 0.770239 0.688790 0.709341 0.688377 0.675584 0.665106 0.611846 0.578622 0.501012 0.000000 0.474730 0.398558 0.390904 0.645342 0.715422 0.802134 0.758448 0.650825 0.618824 0.634912 0.560006 0.518252 0.639092 0.697972 0.708376 0.674969 0.553010 0.000000 0.717707 0.876327 0.932364 0.780257 0.478140 0.292310 0.234088 0.317418 0.474322 0.510167 0.373630 0.273435 0.375704 0.749312 0.621964 0.627140 0.771873 0.842309 0.856678 0.849730 0.784625 0.700660 0.639731 0.533002 0.450485 0.000000 0.000000 0.000000 0.000000 0.000000 0.000000 0.000000 0.000000 0.000000 0.716287 1.040180 1.033819 0.862964 0.728209 0.932656 1.026832 1.101803 1.107799 1.195449 1.351211 1.390096 1.358105 1.191460 1.104586 1.240178 1.265889 1.012313 0.875991 1.078042 1.121401 1.132273 1.100630 1.097264 1.075904 1.039527 0.957810 0.790686 0.696458 0.643473 0.618303 0.550650 0.000000 0.000000 0.000000 0.000000 0.000000 0.000000 0.000000 0.000000 0.000000 0.000000 0.000000 0.000000 0.000000 0.000000 0.000000 0.000000 0.000000 0.000000 0.000000 0.000000 0.000000 0.000000 0.000000 0.000000 0.000000 0.000000 0.000000 0.000000 0.000000 0.000000 0.000000 0.000000 0.000000 0.000000 0.000000 0.000000 0.000000 0.000000 0.000000 0.000000 0.000000 0.000000 0.000000 0.000000 0.000000 0.000000 0.000000 0.000000 0.000000 0.000000 0.000000 0.000000 0.000000 0.000000 0.000000 0.000000 0.000000 0.000000 0.000000 0.000000 0.000000 0.000000 0.000000 0.000000 0.000000 0.000000 0.000000 0.000000 0.000000 0.000000 0.000000 0.000000 0.000000 0.000000 0.000000 0.000000 0.000000 0.000000 0.000000 0.000000 0.000000 0.000000 0.000000 0.000000 0.000000
0.000000 0.000000 0.000000 0.000000 0.000000 0.000000 0.000000 0.000000 0.000000 0.459993 0.580688 0.679956 0.770574 0.829168 0.906611 0.930061 1.009417 0.998787 0.908450 0.774562 0.738986 0.720291 0.702618 0.695840 0.645070 0.583359 0.497366 0.630724 0.677030 0.620363 0.590636 0.568792 0.468657 0.000000 0.000000 0.000000 0.000000 0.000000 0.000000 0.000000 0.000000 0.000000 0.000000 0.000000 0.000000 0.000000 0.000000 0.000000 0.000000 0.000000 0.000000 0.000000 0.000000 0.000000 0.000000 0.000000 0.000000 0.000000 0.000000 0.000000 0.000000 0.000000 0.000000 0.000000 0.000000 0.000000 0.000000 0.488439 0.560329 0.588158 0.550047 0.536686 0.439394 0.392405 0.000000 0.383451 0.432200 0.418347 0.374675 0.004000 0.695585 0.745839 0.728824 0.665456 0.519903 0.581435 0.716210 0.766823 0.754828 0.723601 0.681772 0.695473 0.815365 0.873001 0.879878 0.745002 0.696947 0.662044 0.786544 0.709411 0.779155 0.763568 0.683100 0.762021 0.796174 0.779424 0.734772 0.654106 0.550456 0.441412 0.000000 0.410495 0.757229 1.247115 0.916953 0.855584 0.861997 0.892466 0.814087 0.671804 0.617451 0.594470 0.689122 0.877499 0.873162 0.772388 0.636015 0.576186 0.714796 0.863175 0.788132 0.772747 0.962138 1.028132 0.588908 0.537173 0.503087 0.530755 0.821129 0.724951 0.354608 0.588149 0.491603 0.394024 0.716624 0.756890 0.748932 0.739755 0.733270 0.725939 0.730912 0.662463 0.600066 0.533288 0.000000 0.000000 0.000000 0.000000 0.000000 0.000000 0.000000 0.000000 0.000000 0.000000 0.695320 0.726047 0.611381 0.502138 0.433608 0.859306 0.988110 0.988748 1.124710 1.265402 1.322850 1.283924 1.141157 1.101941 1.082693 1.103766 0.962553 1.081728 1.182918 1.194840 1.186932 1.118729 1.068038 1.041768 1.070910 1.030269 0.957639 0.907466 0.802344 0.633113 0.561834 0.464626 0.000000 0.000000 0.000000 0.000000 0.000000 0.000000 0.000000 0.000000 0.000000 0.000000 0.000000 0.000000 0.000000 0.000000 0.000000 0.000000 0.000000 0.000000 0.000000 0.000000 0.000000 0.000000 0.000000 0.000000 0.000000 0.000000 0.000000 0.000000 0.000000 0.000000 0.000000 0.000000 0.000000 0.000000 0.000000 0.000000 0.000000 0.000000 0.000000 0.000000 0.000000 0.000000 0.000000 0.000000 0.000000 0.000000 0.000000 0.000000 0.000000 0.000000 0.000000 0.000000 0.000000 0.000000 0.000000 0.000000 0.000000 0.000000 0.000000 0.000000 0.000000 0.000000 0.000000 0.000000 0.000000 0.000000 0.000000 0.000000 0.000000 0.000000 0.000000 0.000000 0.000000 0.000000 0.000000 0.000000 0.000000 0.000000 0.000000 0.000000 0.000000 0.000000 0.000000 0.000000
0.000000 0.000000 0.000000 0.000000 0.000000 0.000000 0.000000 0.000000 0.413879 0.633999 0.768253 0.853217 0.930030 0.960866 0.920876 0.879877 0.782766 0.691854 0.785045 0.781050 0.806250 0.797176 0.756952 0.677384 0.606257 0.540171 0.461463 0.448590 0.425256 0.392971 0.000000 0.000000 0.000000 0.000000 0.000000 0.000000 0.000000 0.000000 0.000000 0.000000 0.000000 0.000000 0.000000 0.000000 0.000000 0.000000 0.000000 0.000000 0.000000 0.000000 0.000000 0.000000 0.000000 0.000000 0.000000 0.000000 0.000000 0.000000 0.000000 0.387552 0.429203 0.425107 0.399767 0.358104 0.000000 0.452518 0.739360 0.902974 0.936846 0.868519 0.696725 0.611826 0.572269 0.404877 0.000000 0.000000 0.387630 0.000000 0.406935 0.488446 0.636414 0.694930 0.614665 0.424688 0.618106 0.848692 0.940233 0.956367 0.893426 0.824026 0.724768 0.972364 1.023186 1.092126 1.015765 0.834697 0.746827 0.710967 0.695220 0.618620 0.637709 0.644373 0.607964 0.642483 0.712969 0.700086 0.655964 0.583622 0.544615 0.477002 0.618199 0.661081 2.042255 1.782715 0.838954 0.887485 0.916528 0.904324 0.782516 0.771685 0.655903 0.630833 0.764607 0.827519 0.783300 0.651654 0.627146 0.787926 0.821203 1.042551 1.062976 0.931548 0.917599 1.003739 1.056607 0.826436 0.794601 1.221570 1.172806 0.898183 0.356379 0.491856 0.571800 0.556638 0.633317 0.532885 0.686436 0.732378 0.758290 0.792314 0.717613 0.728592 0.753053 0.768253 0.625389 0.566205 0.491895 0.442961 0.000000 0.000000 0.000000 0.000000 0.000000 0.000000 0.000000 0.000000 0.000000 0.000000 0.676103 1.096948 1.130964 1.027222 1.049047 1.148087 1.178492 1.148091 1.056464 1.020728 0.999743 0.950927 0.923696 1.032093 1.079589 1.039035 1.045086 1.025505 0.985431 0.834726 0.935627 1.089986 1.121988 1.025772 0.830677 0.707231 0.580999 0.546856 0.593141 0.589012 0.553129 0.491052 0.000000 0.000000 0.507597 0.424427 0.000000 0.000000 0.000000 0.000000 0.000000 0.000000 0.000000 0.000000 0.000000 0.000000 0.000000 0.000000 0.000000 0.000000 0.000000 0.000000 0.000000 0.000000 0.000000 0.000000 0.000000 0.000000 0.000000 0.000000 0.000000 0.000000 0.000000 0.000000 0.000000 0.000000 0.000000 0.000000 0.000000 0.000000 0.000000 0.000000 0.000000 0.000000 0.000000 0.000000 0.000000 0.000000 0.000000 0.000000 0.000000 0.000000 0.000000 0.000000 0.000000 0.000000 0.000000 0.000000 0.000000 0.000000 0.000000 0.000000 0.000000 0.000000 0.000000 0.000000 0.000000 0.000000 0.000000 0.000000 0.000000 0.000000 0.000000 0.000000 0.000000 0.000000 0.000000 0.000000 0.000000 0.000000 0.000000 0.000000
0.000000 0.000000 0.000000 0.000000 0.000000 0.000000 0.000000 0.000000 0.004000 0.660021 0.813110 0.861807 0.874487 0.878725 0.857160 0.827189 0.803012 0.789662 0.892357 0.907283 0.791358 0.899412 0.932664 0.857394 0.761883 0.785188 0.592108 0.599849 0.572348 0.537597 0.553394 0.381501 0.000000 0.000000 0.000000 0.000000 0.000000 0.000000 0.523507 0.000000 0.000000 0.397981 0.431406 0.419974 0.397892 0.374814 0.000000 0.000000 0.000000 0.000000 0.000000 0.000000 0.000000 0.000000 0.000000 0.000000 0.000000 0.000000 0.004000 0.482124 0.514099 0.506242 0.466414 0.419989 0.799232 0.611460 0.847109 1.000039 0.997475 0.904565 0.774790 0.632331 0.500334 0.000000 0.000000 0.000000 0.000000 0.000000 0.675142 0.534861 0.796797 0.767460 0.441346 0.415420 0.918093 1.192962 1.194848 1.040679 0.871016 0.799006 0.643180 1.088377 1.196299 1.148580 1.016591 0.769810 0.631359 0.666986 0.796932 0.598062 0.557932 0.533857 0.536106 0.494152 0.527637 0.547044 0.591956 0.577755 0.525995 0.505197 0.540392 0.567723 0.528168 0.643080 1.645106 0.663378 0.725860 0.759406 0.752068 0.728609 0.712649 0.693341 0.716987 0.646344 0.635142 0.554199 0.710824 0.955735 1.058290 1.138011 1.204565 0.859667 0.903754 0.852521 0.850976 1.000774 1.082529 1.244119 0.636603 0.559440 0.419818 0.604852 0.801048 1.010550 0.789613 0.578934 0.570449 0.707064 0.843577 0.683934 0.672118 0.733616 0.910774 0.808865 0.634168 0.570918 0.563369 0.468781 0.000000 0.000000 0.468572 0.632668 0.737390 0.825484 0.614212 0.000000 0.000000 0.000000 1.003652 1.253487 1.155308 1.065942 0.970741 1.011791 1.031389 1.058891 0.978470 0.942294 0.985495 0.883191 0.845500 0.890311 0.883807 0.846688 0.880762 0.905034 0.834880 0.750095 1.009500 1.093881 1.135700 0.974540 0.841372 0.773286 0.752463 0.770535 0.755772 0.692953 0.605730 0.501143 0.000000 0.000000 0.000000 0.000000 0.000000 0.000000 0.000000 0.000000 0.000000 0.000000 0.000000 0.000000 0.000000 0.000000 0.000000 0.000000 0.000000 0.000000 0.000000 0.000000 0.000000 0.000000 0.000000 0.000000 0.000000 0.000000 0.000000 0.000000 0.000000 0.000000 0.000000 0.000000 0.000000 0.000000 0.000000 0.000000 0.000000 0.000000 0.000000 0.000000 0.000000 0.000000 0.000000 0.000000 0.000000 0.000000 0.000000 0.000000 0.000000 0.000000 0.000000 0.000000 0.000000 0.000000 0.000000 0.000000 0.000000 0.000000 0.000000 0.000000 0.000000 0.000000 0.000000 0.000000 0.000000 0.000000 0.000000 0.000000 0.000000 0.000000 0.000000 0.000000 0.000000 0.000000 0.000000 0.000000 0.000000 0.000000 0.000000 0.000000
0.000000 0.000000 0.000000 0.000000 0.000000 0.000000 0.000000 0.000000 0.000000 0.000000 0.679556 0.818233 0.789536 0.710070 0.720602 1.372389 0.736092 0.698657 0.643668 0.703609 0.950257 0.926693 0.875715 0.967857 0.826938 0.737053 0.657985 0.654429 0.635814 0.625208 0.608344 0.565351 0.635638 0.607855 0.550748 0.428575 0.439878 0.413750 0.000000 0.000000 0.000000 0.000000 0.378505 0.376668 0.000000 0.000000 0.000000 0.000000 0.000000 0.000000 0.000000 0.000000 0.000000 0.000000 0.375913 0.377573 0.000000 0.294456 0.000000 0.000000 0.000000 0.000000 0.468194 0.770625 0.778139 0.743129 0.659175 0.686627 0.688899 0.635735 0.551129 0.388972 0.000000 0.000000 0.000000 0.000000 0.000000 0.000000 0.000000 0.000000 0.000000 0.000000 0.000000 0.436883 0.786354 0.802462 0.683788 0.563640 0.726264 0.768362 0.624337 0.725971 0.664530 0.615852 0.515122 0.593675 0.390490 0.417526 0.512701 0.488245 0.497549 0.472458 0.468295 0.460734 0.488285 0.498091 0.462635 0.405682 0.464141 0.498921 0.481864 0.539773 0.377688 0.435187 1.373254 0.000000 0.416942 0.520635 0.572050 0.582336 0.595593 0.606080 0.588353 0.556651 0.512078 0.461220 0.535983 0.917357 1.011801 0.844666 0.929854 1.039199 0.935691 0.703302 0.895779 0.929948 0.913751 0.920335 0.600247 0.629621 0.381399 0.837434 1.162313 1.001961 0.846461 0.663199 0.544095 0.681481 0.739947 0.650440 0.612051 0.650575 0.823323 0.719259 0.615015 0.571176 0.520796 0.445986 0.000000 0.761711 0.869338 0.813566 0.693355 0.552458 0.415133 0.000000 0.000000 0.000000 0.919898 1.137587 1.125017 1.021594 0.931229 0.889281 0.928290 0.925972 0.875985 0.897861 0.987374 0.894377 0.802385 0.776932 0.729024 0.673138 0.678132 0.692318 0.611919 0.828274 1.119647 1.216630 1.152722 0.931343 0.761676 1.064159 1.018732 0.911088 0.798145 0.652652 0.536299 0.652182 0.528584 0.458986 0.000000 0.000000 0.000000 0.000000 0.000000 0.000000 0.000000 0.000000 0.000000 0.000000 0.000000 0.000000 0.000000 0.000000 0.000000 0.000000 0.000000 0.000000 0.000000 0.000000 0.000000 0.000000 0.000000 0.000000 0.000000 0.000000 0.000000 0.000000 0.000000 0.000000 0.000000 0.000000 0.000000 0.000000 0.000000 0.000000 0.000000 0.000000 0.000000 0.000000 0.000000 0.000000 0.000000 0.000000 0.000000 0.000000 0.000000 0.000000 0.000000 0.000000 0.000000 0.000000 0.000000 0.000000 0.000000 0.000000 0.000000 0.000000 0.000000 0.000000 0.000000 0.000000 0.000000 0.000000 0.000000 0.000000 0.000000 0.000000 0.000000 0.000000 0.000000 0.000000 0.000000 0.000000 0.000000 0.000000 0.000000 0.000000
0.000000 0.000000 0.000000 0.000000 0.000000 0.000000 0.000000 0.000000 0.004000 0.000000 0.631147 0.821872 0.863261 0.844016 0.785199 0.720069 0.694911 0.666404 0.652729 0.648127 0.736654 0.780932 0.769574 0.705386 0.631712 0.746471 0.762715 0.756393 0.743859 0.638348 0.577895 0.660162 0.812867 0.757014 0.704305 0.534056 0.428732 0.440468 0.000000 0.000000 0.384345 0.388290 0.357088 0.000000 0.000000 0.000000 0.676695 0.000000 0.000000 0.000000 0.000000 0.000000 0.416425 0.000000 0.382309 0.379478 0.000000 0.004000 0.000000 0.449050 0.564822 1.137675 0.825830 0.809557 0.756309 0.654346 0.563874 0.524083 0.486170 0.447542 0.000000 0.000000 0.000000 0.000000 0.000000 0.000000 0.000000 0.000000 0.000000 0.000000 0.000000 0.000000 0.000000 0.000000 0.000000 0.000000 0.004000 0.541238 0.000000 0.000000 0.392228 0.427426 0.525254 0.466622 0.566868 0.475769 0.541388 0.558513 0.499066 0.554548 0.569392 0.538428 0.554127 0.521935 0.587940 0.861805 0.875205 0.799929 0.693515 0.603705 0.519313 0.423906 0.000000 0.378498 0.000000 0.000000 0.000000 0.000000 0.000000 0.000000 0.000000 0.386218 0.000000 0.000000 0.000000 0.000000 0.000000 1.035223 0.923897 0.800100 1.075572 0.915926 0.847846 0.866695 1.084654 0.760841 0.779798 0.716138 0.850921 0.870358 1.080673 1.128089 1.051663 0.582530 0.323809 0.086222 0.162045 0.086954 0.532177 0.501788 0.654177 0.649001 0.606523 0.584284 0.573977 0.578684 0.475909 0.432876 0.712099 1.003226 0.867632 0.772476 0.655649 0.462140 0.000000 0.000000 0.000000 0.000000 0.691808 1.025700 1.085672 0.998779 0.968084 0.945697 0.961247 1.270208 1.294575 0.980857 1.024442 0.909641 0.789947 0.702947 0.638261 0.575034 0.510752 0.485256 0.000000 0.822198 1.105996 1.133289 0.950446 0.634455 0.975633 1.100677 1.143101 0.940838 0.689174 0.710157 0.753271 0.843898 0.679368 0.457993 0.000000 0.000000 0.000000 0.000000 0.000000 0.000000 0.000000 0.000000 0.000000 0.000000 0.000000 0.000000 0.000000 0.000000 0.000000 0.000000 0.000000 0.000000 0.000000 0.000000 0.000000 0.000000 0.000000 0.000000 0.000000 0.000000 0.000000 0.000000 0.000000 0.000000 0.000000 0.000000 0.000000 0.000000 0.000000 0.000000 0.000000 0.000000 0.000000 0.000000 0.000000 0.000000 0.000000 0.000000 0.000000 0.000000 0.000000 0.000000 0.000000 0.000000 0.000000 0.000000 0.000000 0.000000 0.000000 0.000000 0.000000 0.000000 0.000000 0.000000 0.000000 0.000000 0.000000 0.000000 0.000000 0.000000 0.000000 0.000000 0.000000 0.000000 0.000000 0.000000 0.000000 0.000000 0.000000 0.000000 0.000000 0.000000
0.000000 0.000000 0.000000 0.000000 0.000000 0.000000 0.501510 0.000000 0.000000 0.618929 0.905628 0.936010 0.956584 0.903647 0.833357 0.785314 0.753572 0.697284 0.627844 0.561484 0.590177 0.700913 0.731149 0.782804 0.843209 0.773338 0.843251 0.432329 0.675261 0.650458 0.703390 0.728259 0.433114 0.696138 0.652146 0.653159 0.525574 0.570880 0.517488 0.454917 0.473829 0.458071 0.409907 0.000000 0.000000 0.000000 0.000000 0.000000 0.000000 0.617308 0.678112 0.636037 0.569126 0.494050 0.417623 0.387243 0.431365 0.450157 0.463558 0.470660 0.468808 0.462214 0.602757 0.634835 0.575898 0.509430 0.384883 0.000000 0.000000 0.000000 0.000000 0.000000 0.000000 0.000000 0.000000 0.000000 0.000000 0.000000 0.000000 0.000000 0.000000 0.000000 0.000000 0.000000 0.474296 0.467764 0.412382 0.000000 0.000000 0.382087 0.425525 0.431412 0.399022 0.000000 0.404359 0.000000 0.000000 0.000000 0.000000 0.000000 0.448713 0.469536 0.447502 0.393200 0.357825 0.651075 0.692345 0.644071 0.555454 0.628492 0.669746 0.637848 0.551477 0.532432 0.461267 0.453384 0.402913 0.000000 0.399095 0.377720 0.000000 0.000000 0.000000 0.000000 0.000000 0.502901 0.000000 0.779002 1.132345 1.096456 1.055431 1.032927 0.956548 0.890727 0.680973 0.602376 1.074975 0.626337 0.894803 1.142442 1.021363 1.024187 0.915673 0.413489 0.236534 0.098421 0.137074 0.169871 0.589307 0.560127 0.695762 0.683220 0.655764 0.667299 0.626737 0.597044 0.548585 0.491692 0.618296 0.968513 0.931245 0.771729 0.560754 0.000000 0.427898 0.479075 0.489375 0.483554 0.541097 0.916601 1.076206 1.065730 1.032833 1.113376 1.256004 1.268447 1.190054 1.025666 0.978524 0.890687 0.787389 0.667899 0.586044 0.440051 0.000000 0.000000 0.000000 0.735745 0.943429 0.899223 0.667910 0.753523 1.003528 1.082424 0.957583 0.742666 0.889688 0.989774 0.796241 0.740424 0.538029 0.000000 0.000000 0.000000 0.000000 0.000000 0.000000 0.000000 0.000000 0.000000 0.000000 0.000000 0.000000 0.000000 0.000000 0.000000 0.000000 0.000000 0.000000 0.000000 0.000000 0.000000 0.000000 0.000000 0.000000 0.000000 0.000000 0.000000 0.000000 0.000000 0.000000 0.000000 0.000000 0.000000 0.000000 0.000000 0.000000 0.000000 0.000000 0.000000 0.000000 0.000000 0.000000 0.000000 0.000000 0.000000 0.000000 0.000000 0.000000 0.000000 0.000000 0.000000 0.000000 0.000000 0.000000 0.000000 0.000000 0.000000 0.000000 0.000000 0.000000 0.000000 0.000000 0.000000 0.000000 0.000000 0.000000 0.000000 0.000000 0.000000 0.000000 0.000000 0.000000 0.000000 0.000000 0.000000 0.000000 0.000000 0.000000 0.000000
0.000000 0.000000 0.000000 0.000000 0.000000 0.000000 0.000000 0.000000 0.004000 0.826420 0.999856 0.932569 0.887632 0.839897 0.782619 0.731978 0.662487 0.581247 0.508290 0.583886 0.824465 0.874340 0.837860 0.774696 0.771006 0.676438 0.803141 0.858358 0.990766 0.861248 0.964409 0.835688 0.820204 0.790965 0.689877 0.654583 0.400556 0.523507 0.441302 0.427242 0.407048 0.000000 0.000000 0.000000 0.000000 0.000000 0.000000 0.000000 0.000000 0.610671 0.712706 0.695447 0.617058 0.618602 0.632313 0.611863 0.557795 0.575449 0.967741 0.597418 0.580838 0.585481 0.650183 0.642229 0.620830 0.590083 0.554456 0.496719 0.487697 0.477123 0.379954 0.000000 0.000000 0.000000 0.000000 0.000000 0.000000 0.422739 0.463276 0.448476 0.405682 0.000000 0.394704 0.444455 0.530597 0.501387 0.416480 0.000000 0.000000 0.000000 0.000000 0.000000 0.000000 0.000000 0.000000 0.000000 0.000000 0.000000 0.000000 0.394974 0.406852 0.393407 0.404270 0.483438 0.477034 0.406785 0.377281 0.000000 0.000000 0.627694 0.740325 0.751103 0.702056 0.637462 0.583390 0.547546 0.416489 0.426486 0.000000 0.000000 0.420791 0.606299 0.424332 0.416948 0.000000 0.000000 0.000000 0.794889 1.173738 1.455235 1.466641 1.455874 1.009774 0.860792 0.732449 0.610460 0.554541 0.707646 0.724801 1.048202 1.163737 1.046043 0.927798 0.748849 0.688212 0.618099 0.320669 0.327575 0.646663 0.613611 0.760188 0.753997 0.737095 0.740997 0.688352 0.621206 0.575906 0.556974 0.521180 0.692673 0.728465 0.622576 0.582990 0.536163 0.537814 0.566231 0.565107 0.574316 0.797464 0.887178 1.051060 1.123253 1.058205 1.189078 1.335132 1.135597 1.061031 1.004996 0.939638 0.877559 0.787160 0.664310 0.569287 0.488668 0.432032 0.422991 0.438975 0.609180 0.695102 0.554833 0.597567 0.773528 0.869102 0.751526 0.512776 0.835179 0.982887 0.965755 0.749946 0.667094 0.468078 0.000000 0.000000 0.000000 0.000000 0.000000 0.000000 0.000000 0.000000 0.000000 0.000000 0.000000 0.000000 0.000000 0.000000 0.000000 0.000000 0.000000 0.000000 0.000000 0.000000 0.000000 0.000000 0.000000 0.000000 0.000000 0.000000 0.000000 0.000000 0.000000 0.000000 0.000000 0.000000 0.000000 0.000000 0.000000 0.000000 0.000000 0.000000 0.000000 0.000000 0.000000 0.000000 0.000000 0.000000 0.000000 0.000000 0.000000 0.000000 0.000000 0.000000 0.000000 0.000000 0.000000 0.000000 0.000000 0.000000 0.000000 0.000000 0.000000 0.000000 0.000000 0.000000 0.000000 0.000000 0.000000 0.000000 0.000000 0.000000 0.000000 0.000000 0.000000 0.000000 0.000000 0.000000 0.000000 0.000000 0.000000 0.000000 0.000000
0.000000 0.000000 0.000000 0.000000 0.000000 0.000000 0.000000 0.571488 0.000000 0.878309 0.944488 0.907177 0.865970 0.860182 0.836962 0.792764 0.720155 0.674302 0.747707 0.743938 0.974406 0.924712 0.784475 0.676497 0.606071 0.606584 0.664759 0.734426 0.786564 0.911842 0.803483 0.872260 0.868094 0.813869 0.710215 0.556434 0.399537 0.549438 0.650654 0.689078 0.628109 0.534832 0.417259 0.000000 0.000000 0.000000 0.000000 0.946431 0.379768 0.554102 0.644395 0.721541 0.795217 0.745593 0.683478 0.677619 1.172716 1.544647 0.725406 0.878578 0.859145 1.644027 0.941849 0.900718 0.808535 0.741588 0.649128 0.589504 0.553146 0.534810 0.475400 0.370898 0.000000 0.000000 0.000000 0.496757 0.563438 0.575283 0.544492 0.638414 0.510154 0.417351 0.400358 0.432471 0.525679 0.469676 0.451161 0.429859 0.427025 0.413515 0.381675 0.000000 0.448995 0.558132 0.575408 0.554332 0.510895 0.457578 0.423088 0.438766 0.514090 0.555424 0.541275 0.584661 0.560204 0.469687 0.417974 0.367141 0.508792 0.637468 0.676833 0.708319 0.686655 0.696487 0.579609 0.537771 0.421672 0.790253 1.020522 0.740749 0.660634 0.677896 0.671385 0.623165 0.590794 0.428500 0.000000 0.622692 1.069381 1.269234 1.240306 1.251111 1.270437 1.160745 0.824070 0.368814 0.732826 0.673937 0.740006 0.758039 0.809446 1.006256 0.913077 0.780858 0.739021 0.683871 0.686860 0.700801 0.678977 0.646056 0.825245 0.826780 0.850937 0.801117 0.709021 0.653673 0.626566 0.604148 0.567652 0.518758 0.461826 0.574902 0.598391 0.614338 0.618799 0.630319 0.628170 0.794343 1.057549 1.143960 1.157398 1.156664 1.100681 1.080891 1.136898 1.148679 1.174529 1.092509 1.011862 0.911041 0.813680 0.713682 0.619428 0.541340 0.595246 0.631270 0.640441 0.565247 0.545714 0.506466 0.576609 0.640522 0.546091 0.000000 0.447553 0.811633 0.926471 0.876031 0.710941 0.650145 0.536926 0.436873 0.000000 0.000000 0.000000 0.000000 0.000000 0.000000 0.000000 0.000000 0.000000 0.000000 0.000000 0.000000 0.000000 0.000000 0.000000 0.000000 0.000000 0.000000 0.000000 0.000000 0.000000 0.000000 0.000000 0.000000 0.000000 0.000000 0.000000 0.000000 0.000000 0.000000 0.000000 0.000000 0.000000 0.000000 0.000000 0.000000 0.000000 0.000000 0.000000 0.000000 0.000000 0.000000 0.000000 0.000000 0.000000 0.000000 0.000000 0.000000 0.000000 0.000000 0.000000 0.000000 0.000000 0.000000 0.000000 0.000000 0.000000 0.000000 0.000000 0.000000 0.000000 0.000000 0.000000 0.000000 0.000000 0.000000 0.000000 0.000000 0.000000 0.000000 0.000000 0.000000 0.000000 0.000000 0.000000 0.000000 0.000000 0.000000
0.000000 0.000000 0.000000 0.000000 0.000000 0.000000 0.000000 0.000000 0.470570 0.412450 0.780510 0.912142 0.882015 0.772489 0.660798 0.729458 0.785354 0.817466 0.856755 0.821222 0.876835 0.879708 0.792558 0.744535 0.823063 0.773345 0.686914 0.570445 0.467273 0.000000 0.386845 0.488814 0.504494 0.494398 0.472271 0.406119 0.416600 0.707220 0.821145 0.806786 0.698022 0.546567 0.544757 0.446835 0.000000 0.418844 0.469750 0.463295 0.584763 0.563673 0.564294 0.600410 0.638584 0.613542 0.571108 0.571749 1.045637 0.611105 0.652408 0.739563 0.827725 0.829617 0.889208 0.856103 0.777407 0.698394 0.622782 0.605839 0.519003 0.512624 0.468457 0.356777 0.000000 0.377177 0.533047 0.615529 0.622320 0.588520 0.575028 1.131875 0.705370 0.655873 1.089847 0.642971 0.611055 0.537205 0.495118 0.479150 0.462151 0.486541 0.503250 0.536188 0.633135 0.678403 0.679887 0.651290 0.599920 0.541067 0.409529 0.455724 0.566354 0.637734 0.661084 0.628498 0.568125 0.504589 0.000000 0.578649 0.625240 0.706044 0.749955 0.768172 0.733676 0.709804 0.637415 0.546911 0.513079 0.602580 0.863240 0.942623 0.851577 0.789519 0.743437 0.714270 0.733580 0.632059 0.642144 0.603582 0.690421 0.831028 0.968912 0.929644 1.084876 1.043315 0.955121 0.916694 0.794814 0.699865 0.650010 0.665560 0.543612 0.732642 0.598380 0.682649 0.782159 0.795299 0.719154 0.748021 0.890970 0.697843 0.859514 0.904612 0.930093 0.837053 0.712227 0.714042 0.689676 0.611034 0.566085 0.517498 0.616486 0.402708 0.463093 0.670973 0.761715 0.794565 0.909690 0.934055 1.072742 1.207498 1.226236 1.151124 1.028512 0.963635 0.853165 1.106701 1.171261 1.037907 0.922144 0.847770 0.796229 0.776838 0.798911 0.808663 0.950509 0.989507 0.896565 0.798138 0.648973 0.603484 0.530143 0.453666 0.000000 0.000000 0.000000 0.702011 0.815087 0.774156 0.642502 0.584252 0.511517 0.462651 0.444276 0.000000 0.000000 0.000000 0.000000 0.434382 0.418329 0.000000 0.000000 0.000000 0.000000 0.000000 0.000000 0.000000 0.000000 0.000000 0.000000 0.000000 0.000000 0.000000 0.000000 0.000000 0.000000 0.000000 0.000000 0.000000 0.000000 0.000000 0.000000 0.000000 0.000000 0.000000 0.000000 0.000000 0.000000 0.000000 0.000000 0.000000 0.000000 0.000000 0.000000 0.000000 0.000000 0.000000 0.000000 0.000000 0.000000 0.000000 0.000000 0.000000 0.000000 0.000000 0.000000 0.000000 0.000000 0.000000 0.000000 0.000000 0.000000 0.000000 0.000000 0.000000 0.000000 0.000000 0.000000 0.000000 0.000000 0.000000 0.000000 0.000000 0.000000 0.000000 0.000000 0.000000 0.000000 0.000000 0.000000 0.000000
0.000000 0.000000 0.000000 0.000000 0.000000 0.000000 0.000000 0.000000 0.000000 0.000000 0.370836 0.519822 0.617838 0.569076 0.759292 0.931308 0.965484 0.957078 0.849493 0.740143 0.651068 0.616000 0.583843 0.565473 0.568338 0.532372 0.440973 0.389719 0.000000 0.000000 0.000000 0.000000 0.000000 0.000000 0.000000 0.000000 0.000000 0.504913 0.637201 0.657311 0.572468 0.000000 0.000000 0.000000 0.000000 0.385291 0.409920 0.521090 0.626164 0.626013 0.604029 0.573971 0.561526 0.525955 0.494903 0.518505 0.552667 0.422336 0.442992 0.477663 0.587954 0.697114 0.865324 0.780160 0.710431 0.698018 0.596550 0.711802 0.592388 0.608074 0.543814 0.592548 0.663306 0.602971 0.613747 0.639658 0.634455 0.609805 0.571041 0.796594 0.704170 0.732166 0.836044 0.710156 0.648392 0.531658 0.574649 0.617509 0.632741 0.644956 0.645983 0.629724 0.641068 0.647095 0.628983 0.586053 0.527113 0.426460 0.410231 0.412630 0.510795 0.581317 0.568249 0.497481 0.402422 0.389090 0.381708 0.528852 0.642282 0.714570 0.748714 0.718864 0.929035 0.896943 0.914642 0.753608 0.721077 0.698902 0.645523 0.898748 0.926936 0.873802 0.823925 0.784000 0.763973 0.665802 0.968066 0.654593 0.542152 0.686389 0.719326 0.701579 0.888874 1.199870 1.017875 0.874583 0.738517 0.642305 0.575891 0.582419 0.597616 0.574393 0.443212 0.471878 0.439733 0.433637 0.823548 0.995623 0.939593 0.939077 1.070946 1.095042 0.981676 0.724914 0.677435 0.613013 0.702567 0.685607 0.559409 0.509874 0.478412 0.462252 0.682356 0.827774 0.916234 0.924017 0.921425 0.999356 1.047044 1.142064 1.123144 1.027632 0.912012 0.828995 0.692959 0.974418 1.036291 0.927237 0.857381 0.792192 0.768237 1.138757 1.180541 1.058959 1.130538 1.227697 1.289103 1.138146 0.798995 0.717604 0.685614 0.626961 0.548169 0.443586 0.000000 0.551242 0.661663 0.653599 0.559430 0.522349 0.579054 0.584651 0.563957 0.435811 0.448632 0.487733 0.535439 0.531078 0.470785 0.000000 0.000000 0.000000 0.000000 0.000000 0.000000 0.000000 0.000000 0.000000 0.000000 0.000000 0.000000 0.000000 0.000000 0.000000 0.000000 0.000000 0.000000 0.000000 0.000000 0.000000 0.000000 0.000000 0.000000 0.000000 0.000000 0.000000 0.000000 0.000000 0.000000 0.000000 0.000000 0.000000 0.000000 0.000000 0.000000 0.000000 0.000000 0.000000 0.000000 0.000000 0.000000 0.000000 0.000000 0.000000 0.000000 0.000000 0.000000 0.000000 0.000000 0.000000 0.000000 0.000000 0.000000 0.000000 0.000000 0.000000 0.000000 0.000000 0.000000 0.000000 0.000000 0.000000 0.000000 0.000000 0.000000 0.000000 0.000000 0.000000 0.000000 0.000000
0.000000 0.000000 0.000000 0.000000 0.000000 0.000000 0.000000 0.000000 0.000000 0.000000 0.000000 0.499389 0.599186 0.590569 0.812112 0.859996 0.938160 0.876820 0.790794 0.728380 0.641202 0.637217 0.588626 0.547585 0.506452 0.463009 0.423855 0.459959 0.525190 0.464583 0.000000 0.000000 0.000000 0.000000 0.436578 0.447386 0.392700 0.000000 0.000000 0.000000 0.000000 0.000000 0.000000 0.000000 0.000000 0.537072 0.554693 1.037553 0.498772 0.564468 0.583953 0.566035 0.539191 0.523234 0.502744 0.467737 0.432788 0.395482 0.000000 0.000000 0.000000 0.000000 0.549179 0.870937 0.965330 0.751103 1.077990 1.144307 0.827509 0.835841 0.857336 0.853557 0.797242 0.723743 0.687305 0.680913 0.702674 0.709457 0.694625 0.613655 0.580433 0.641576 0.699190 0.626305 0.588508 0.664439 0.783417 0.792748 0.762967 0.730581 0.698780 0.673274 0.625577 0.556415 0.507294 0.518141 0.512867 0.603782 0.502718 0.497250 0.464031 0.472531 0.497775 0.620277 0.409192 0.529154 0.547202 0.604310 0.711072 0.784581 0.793032 1.134730 1.078952 1.037705 0.936741 0.774976 1.023313 0.929449 0.934551 0.742152 0.680572 0.623093 0.727057 0.685830 0.672778 0.584653 0.413660 0.000000 0.000000 0.542007 0.671159 0.784410 0.820661 1.263162 0.905081 0.822052 0.739065 0.725942 0.703837 0.651604 0.703624 0.731531 0.871558 0.536262 0.304362 0.307619 0.393285 0.721156 0.958503 1.080870 1.232305 1.274106 0.923273 0.811168 0.788531 0.672007 0.753133 0.703494 0.639156 0.555410 0.507118 0.449696 0.790228 0.868773 0.876933 0.834872 0.776821 0.830785 0.818967 0.907393 0.898615 0.826900 0.746038 0.643317 0.551284 0.754625 0.803458 0.792004 0.803434 0.798911 1.049602 1.470410 1.433004 1.257290 1.284210 1.184867 1.083608 0.950177 0.879451 0.975940 0.996330 0.920419 0.786772 0.660799 0.463660 0.519736 0.493709 0.509321 0.535072 0.641458 0.695164 0.687839 0.630405 0.534724 0.553166 0.539952 0.583012 0.608357 0.436211 0.000000 0.000000 0.000000 0.000000 0.000000 0.000000 0.000000 0.000000 0.000000 0.000000 0.000000 0.000000 0.000000 0.000000 0.000000 0.000000 0.000000 0.000000 0.000000 0.000000 0.000000 0.000000 0.000000 0.000000 0.000000 0.000000 0.000000 0.000000 0.000000 0.000000 0.000000 0.000000 0.000000 0.000000 0.000000 0.000000 0.000000 0.000000 0.000000 0.000000 0.000000 0.000000 0.000000 0.000000 0.000000 0.000000 0.000000 0.000000 0.000000 0.000000 0.000000 0.000000 0.000000 0.000000 0.000000 0.000000 0.000000 0.000000 0.000000 0.000000 0.000000 0.000000 0.000000 0.000000 0.000000 0.000000 0.000000 0.000000 0.000000 0.000000 0.000000
0.000000 0.000000 0.000000 0.000000 0.000000 0.000000 0.000000 0.000000 0.000000 0.479663 0.000000 0.597150 0.832077 0.888700 0.871792 0.781175 1.033144 0.828282 0.825453 0.875053 0.860975 0.807651 0.715908 0.687178 0.646582 0.593902 0.547660 0.559567 0.648199 0.619920 0.517811 0.503437 0.527585 0.506115 0.511824 0.538935 0.491718 0.435049 0.383927 0.000000 0.000000 0.000000 0.000000 0.000000 0.000000 0.000000 0.879615 0.466014 0.418037 0.572760 0.648039 0.683783 0.667160 0.617266 0.567032 0.527151 0.489502 0.446956 0.405444 0.420684 0.571023 0.770926 0.534679 1.479441 1.059565 0.920721 0.647177 0.813245 0.950005 0.868610 0.969868 0.893262 0.880718 0.900785 0.867193 0.799775 0.744595 0.708711 0.684838 0.654910 0.590414 0.599471 0.568535 0.597292 0.655558 0.683043 1.094815 0.883762 0.874650 0.813093 0.706923 0.634831 0.576081 0.575872 0.493653 0.535928 0.571586 0.573455 0.572151 0.549650 0.492687 0.505577 0.984395 0.887611 0.680916 0.783974 0.745743 0.661174 0.654823 0.761329 0.736338 0.986882 0.979981 0.907196 0.856228 0.748431 0.770679 0.978520 0.674562 0.783314 0.780237 0.798619 0.751917 0.717546 0.611857 0.478192 0.000000 0.594919 0.000000 0.564732 0.730376 0.893233 0.878717 1.097615 0.783015 0.708047 0.776808 0.785026 0.988551 0.789970 0.547266 0.464973 0.423119 0.335095 0.304700 0.739683 0.856566 1.042210 1.068888 1.124403 1.222091 1.252867 1.100000 0.794780 0.794805 0.686234 0.709746 0.675011 0.671187 0.567266 0.467260 0.477521 0.622378 0.680489 0.690354 0.676639 0.611756 0.505656 0.000000 0.597538 0.648788 0.619540 0.554882 0.450139 0.520078 0.655477 0.749706 0.813135 0.816698 1.176184 1.332129 1.557939 1.463452 1.163480 0.941047 0.859246 0.853631 0.859576 0.835609 0.780928 0.742269 0.734620 0.743491 0.738385 0.735948 0.689822 0.510579 0.537095 0.661151 0.750305 0.783830 0.822690 0.712434 0.619729 0.577940 0.541061 0.513427 0.575067 0.000000 0.000000 0.000000 0.000000 0.000000 0.000000 0.000000 0.000000 0.000000 0.000000 0.000000 0.000000 0.000000 0.000000 0.000000 0.000000 0.000000 0.000000 0.000000 0.000000 0.000000 0.000000 0.000000 0.000000 0.000000 0.000000 0.000000 0.000000 0.000000 0.000000 0.000000 0.000000 0.000000 0.000000 0.000000 0.000000 0.000000 0.000000 0.000000 0.000000 0.000000 0.000000 0.000000 0.000000 0.000000 0.000000 0.000000 0.000000 0.000000 0.000000 0.000000 0.000000 0.000000 0.000000 0.000000 0.000000 0.000000 0.000000 0.000000 0.000000 0.000000 0.000000 0.000000 0.000000 0.000000 0.000000 0.000000 0.000000 0.000000 0.000000 0.000000 0.000000
0.000000 0.000000 0.000000 0.000000 0.000000 0.000000 0.000000 0.000000 0.000000 0.004000 0.602472 0.807199 0.997007 1.437653 1.315096 1.012333 0.928463 1.021189 0.810152 0.866103 0.834142 0.779815 0.811275 0.766400 0.710259 0.657099 0.740549 0.579482 0.555102 0.579797 0.590527 0.590810 0.515459 0.463601 0.387448 0.409891 0.413782 0.388401 0.000000 0.000000 0.000000 0.000000 0.000000 0.000000 0.000000 0.000000 0.000000 0.000000 0.000000 0.453303 0.528358 0.562763 0.555347 0.531065 0.557548 0.568357 0.588378 0.602072 0.603775 0.650843 0.679899 1.005539 1.165636 1.278781 1.110975 0.868522 0.726208 0.674919 0.670983 0.751905 0.784054 0.795030 0.841949 0.875349 0.860841 0.823766 0.730550 0.628689 0.560748 0.599618 0.475877 0.483063 0.492971 0.581721 0.587163 0.846383 0.734667 0.789219 0.768678 0.708364 0.634280 0.579958 0.564943 0.554511 0.500009 0.482431 0.517801 0.518195 0.507128 0.477807 0.430466 0.000000 0.746826 0.900982 0.680682 0.736621 0.770398 0.722857 0.667947 0.629559 0.671069 0.824666 0.854069 0.830802 0.749248 0.721813 0.755772 0.673978 0.680724 0.570398 0.688084 0.767534 0.582591 0.557382 0.654222 0.514450 0.701288 0.816463 0.789216 0.885025 1.019333 1.054803 0.994917 0.848809 0.732520 0.723172 0.944365 0.744977 0.834440 0.623589 0.614867 0.192288 0.339544 0.419359 0.770763 0.809774 1.100687 1.125429 1.047089 1.023012 0.951941 1.143188 0.876794 0.711998 0.743720 0.905956 0.816328 0.789665 0.710256 0.648012 0.669750 0.665325 0.552533 0.429693 0.465507 0.493866 0.457481 0.000000 0.000000 0.000000 0.000000 0.000000 0.000000 0.000000 0.701014 0.823145 0.837232 0.818550 0.979711 1.211086 1.314196 1.217477 1.142603 1.001216 0.954302 0.919077 0.859336 0.892062 0.861360 0.742944 0.836598 0.839493 0.840065 0.807051 0.758502 0.727830 0.686946 0.686547 0.768288 0.848719 0.878826 0.850149 0.783926 0.668488 0.556490 0.521571 0.456390 0.420830 0.000000 0.000000 0.000000 0.000000 0.000000 0.000000 0.000000 0.000000 0.000000 0.000000 0.000000 0.000000 0.000000 0.000000 0.000000 0.000000 0.000000 0.000000 0.000000 0.000000 0.000000 0.000000 0.000000 0.000000 0.000000 0.000000 0.000000 0.000000 0.000000 0.000000 0.000000 0.000000 0.000000 0.000000 0.000000 0.000000 0.000000 0.000000 0.000000 0.000000 0.000000 0.000000 0.000000 0.000000 0.000000 0.000000 0.000000 0.000000 0.000000 0.000000 0.000000 0.000000 0.000000 0.000000 0.000000 0.000000 0.000000 0.000000 0.000000 0.000000 0.000000 0.000000 0.000000 0.000000 0.000000 0.000000 0.000000 0.000000 0.000000 0.000000 0.000000 0.000000
0.000000 0.000000 0.000000 0.000000 0.000000 0.000000 0.000000 0.000000 0.000000 0.000000 0.815758 0.748891 1.045991 1.019500 0.913324 0.717975 0.668565 0.813251 0.713101 0.746194 0.684680 0.693377 0.676964 0.590854 0.569968 0.591993 0.620017 0.626851 0.606285 0.540254 0.459749 0.000000 0.000000 0.000000 0.000000 0.000000 0.000000 0.000000 0.000000 0.000000 0.000000 0.000000 0.000000 0.000000 0.000000 0.000000 0.000000 0.000000 0.000000 0.000000 0.000000 0.000000 0.000000 0.434210 0.556095 0.798943 0.824496 0.758716 0.665930 0.732419 0.698361 1.037629 1.338196 1.362200 1.245856 1.037961 0.820603 0.741368 0.652983 0.581211 0.610619 0.608241 0.699352 0.737673 0.719132 0.682796 0.594727 0.478283 0.459219 0.420244 0.000000 0.000000 0.000000 0.374388 0.417953 0.962293 0.452765 0.504353 0.645181 0.608785 0.663245 0.722004 0.740423 0.690331 0.668062 0.647668 0.616792 0.566764 0.501335 0.422330 0.000000 0.000000 0.000000 0.643840 0.501589 0.622743 0.748547 0.701361 0.630564 0.659329 0.630918 0.708453 0.778455 0.635070 0.609301 0.603349 0.576215 0.703884 0.657433 0.632262 0.674255 0.520623 0.493000 0.476520 0.615186 0.647620 0.960658 0.953548 0.918396 1.263090 1.276796 1.109719 0.940042 0.768902 0.830497 0.802699 0.756889 0.865048 0.750517 0.298022 0.136996 0.341318 0.850451 1.049999 1.029560 0.913335 0.973517 0.935001 0.802346 0.990095 1.083690 0.922046 0.881219 0.804679 1.013473 0.996471 0.923414 0.892738 0.833433 0.803819 0.774443 0.722892 0.627528 0.550595 0.429696 0.407185 0.419796 0.441437 0.440045 0.415339 0.000000 0.000000 0.000000 0.000000 0.994282 0.964458 0.952503 0.916224 1.085072 1.114918 0.982400 0.813860 0.728637 0.960791 0.997497 0.896540 0.832093 0.701964 0.847838 0.669105 0.673656 0.691617 0.890572 0.860991 0.831462 0.740009 0.822053 0.964363 1.004811 0.977248 0.950318 0.901496 0.804380 0.721271 0.668041 0.607895 0.498119 0.000000 0.000000 0.000000 0.000000 0.000000 0.000000 0.000000 0.000000 0.000000 0.000000 0.000000 0.000000 0.000000 0.000000 0.000000 0.000000 0.000000 0.000000 0.000000 0.000000 0.000000 0.000000 0.000000 0.000000 0.000000 0.000000 0.000000 0.000000 0.000000 0.000000 0.000000 0.000000 0.000000 0.000000 0.000000 0.000000 0.000000 0.000000 0.000000 0.000000 0.000000 0.000000 0.000000 0.000000 0.000000 0.000000 0.000000 0.000000 0.000000 0.000000 0.000000 0.000000 0.000000 0.000000 0.000000 0.000000 0.000000 0.000000 0.000000 0.000000 0.000000 0.000000 0.000000 0.000000 0.000000 0.000000 0.000000 0.000000 0.000000 0.000000 0.000000 0.000000 0.000000
0.000000 0.000000 0.000000 0.000000 0.000000 0.000000 0.000000 0.000000 0.000000 0.000000 0.420606 0.606733 0.615803 0.658217 0.605644 0.496371 0.461875 0.508062 0.508830 0.625428 0.762860 0.813222 0.809671 0.804783 0.717489 0.732058 0.710098 0.654255 0.571969 0.458170 0.396286 0.000000 0.000000 0.000000 0.000000 0.000000 0.000000 0.000000 0.000000 0.000000 0.000000 0.000000 0.000000 0.000000 0.000000 0.000000 0.000000 0.000000 0.000000 0.000000 0.000000 0.000000 0.000000 0.000000 0.000000 0.679300 0.725028 0.692382 0.627257 0.510458 0.585377 0.848051 1.103659 1.134568 1.045847 0.876440 0.683803 0.624097 0.592160 0.563779 0.461362 0.436695 0.408378 0.429464 0.499857 0.542017 0.556701 0.548683 0.515701 0.467539 0.408897 0.000000 0.409289 0.652410 0.782841 0.813018 0.760124 0.694932 0.634682 0.642893 0.737151 0.782233 0.769725 0.743073 0.698695 0.668682 0.628287 0.580292 0.515445 0.441361 0.000000 0.000000 0.402621 0.508408 0.568891 0.586955 0.662053 0.612737 0.668834 0.729712 0.794082 0.809949 0.811080 0.750308 0.766952 0.706134 0.553182 0.562048 0.529415 0.496800 0.457198 0.559897 0.588590 0.592241 0.462230 0.656609 0.805037 0.878168 0.908970 1.245585 1.094363 0.844277 1.106791 0.746584 0.900881 0.838903 0.874520 0.775964 0.641779 0.139572 0.147642 0.463747 1.061170 1.071029 1.039670 1.071750 0.952366 0.863262 0.864115 0.746094 0.792764 0.875621 0.903191 0.912729 0.930597 1.099505 1.040215 0.984302 0.882462 0.856039 0.819590 0.756411 0.694715 0.719702 0.677950 0.641172 0.621880 0.593366 0.487502 0.459823 0.413511 0.000000 0.000000 0.000000 0.866243 0.893684 0.998527 0.899839 0.933797 1.090730 0.763888 0.768651 0.751461 1.012041 0.929015 0.991556 0.985420 0.960948 0.737982 0.730967 0.718724 0.718675 0.892174 0.867693 0.833920 0.815403 0.907968 0.993210 1.009921 0.971152 0.910734 0.834769 0.752200 0.705284 0.675050 0.595638 0.484468 0.000000 0.000000 0.926745 0.000000 0.000000 0.000000 0.000000 0.000000 0.000000 0.000000 0.000000 0.000000 0.000000 0.000000 0.000000 0.000000 0.000000 0.000000 0.000000 0.000000 0.000000 0.000000 0.000000 0.000000 0.000000 0.000000 0.000000 0.000000 0.000000 0.000000 0.000000 0.000000 0.000000 0.000000 0.000000 0.000000 0.000000 0.000000 0.000000 0.000000 0.000000 0.000000 0.000000 0.000000 0.000000 0.000000 0.000000 0.000000 0.000000 0.000000 0.000000 0.000000 0.000000 0.000000 0.000000 0.000000 0.000000 0.000000 0.000000 0.000000 0.000000 0.000000 0.000000 0.000000 0.000000 0.000000 0.000000 0.000000 0.000000 0.000000 0.000000 0.000000 0.000000
0.000000 0.000000 0.000000 0.000000 0.000000 0.000000 0.000000 0.000000 0.000000 0.000000 0.000000 0.422425 0.576138 0.556291 0.455549 0.808256 0.657662 0.000000 0.540717 0.796189 0.901697 0.890351 0.843927 0.813180 0.758713 0.720025 0.694034 0.643587 0.583476 0.521106 0.384980 0.000000 0.000000 0.000000 0.000000 0.000000 0.000000 0.000000 0.000000 0.000000 0.000000 0.000000 0.000000 0.000000 0.401037 0.419012 0.000000 0.000000 0.000000 0.000000 0.000000 0.000000 0.000000 0.000000 0.000000 0.000000 0.459611 0.459102 0.410264 0.000000 0.000000 0.000000 0.463998 0.608717 0.674959 0.473719 0.000000 0.806893 0.946747 0.850227 0.685656 0.467616 0.503250 0.527197 0.554331 0.540173 0.548077 0.534295 0.562556 0.540817 0.505957 0.575985 0.683686 0.923205 1.025133 1.023047 0.935883 0.810296 0.710840 0.631658 0.685170 0.676866 0.699897 0.720980 0.661238 0.565719 0.531180 0.487990 0.425026 0.000000 0.473125 0.463432 0.480844 0.532668 0.563037 0.582431 0.588779 0.577645 0.587376 0.657015 0.719994 0.735753 0.733508 0.720278 0.711698 0.704901 0.510283 0.571115 0.626738 0.611522 0.907017 0.899162 0.619685 0.684629 0.731152 0.684556 0.837985 0.821954 0.820529 0.883120 1.053842 0.971204 1.288233 0.830846 0.861287 0.880363 0.718351 0.647218 0.807056 0.831180 0.644163 0.630131 0.694683 0.933065 0.942323 0.942650 0.879950 0.804923 0.700980 0.669204 0.887015 0.968180 1.012156 1.020777 0.654061 0.618090 0.905684 1.184798 1.095527 1.041323 0.977639 0.896005 0.894798 0.823615 0.775791 0.767653 0.768261 0.746257 0.697232 0.621615 0.535543 0.000000 0.000000 0.000000 0.580326 0.707288 0.888445 0.832849 0.766646 0.652635 0.722678 0.810108 0.799816 0.896775 0.799767 0.958423 1.098552 1.094904 1.071363 0.819467 0.762162 0.720984 0.697655 0.872704 0.835500 0.860821 0.830669 0.827890 0.817785 0.774869 0.714949 0.636271 0.564146 0.511137 0.440603 0.000000 0.416215 0.425757 0.000000 0.000000 0.000000 0.000000 0.557091 0.414038 0.000000 0.000000 0.000000 0.000000 0.000000 0.000000 0.000000 0.000000 0.000000 0.000000 0.000000 0.000000 0.000000 0.000000 0.000000 0.000000 0.000000 0.000000 0.000000 0.000000 0.000000 0.000000 0.000000 0.000000 0.000000 0.000000 0.000000 0.000000 0.000000 0.000000 0.000000 0.000000 0.000000 0.000000 0.000000 0.000000 0.000000 0.000000 0.000000 0.000000 0.000000 0.000000 0.000000 0.000000 0.000000 0.000000 0.000000 0.000000 0.000000 0.000000 0.000000 0.000000 0.000000 0.000000 0.000000 0.000000 0.000000 0.000000 0.000000 0.000000 0.000000 0.000000 0.000000 0.000000 0.000000 0.000000
0.000000 0.000000 0.000000 0.000000 0.000000 0.000000 0.000000 0.000000 0.000000 0.000000 0.000000 0.000000 0.000000 0.000000 0.000000 0.000000 0.407606 0.484684 0.000000 0.701996 0.844874 0.873425 0.845913 0.795515 0.733705 0.675825 0.625770 0.575345 0.520477 0.460983 0.393864 0.000000 0.000000 0.000000 0.000000 0.000000 0.000000 0.000000 0.000000 0.000000 0.000000 0.428796 0.606871 0.579270 0.483329 0.462265 0.000000 0.000000 0.000000 0.000000 0.000000 0.000000 0.000000 0.000000 0.000000 0.000000 0.000000 0.000000 0.000000 0.000000 0.000000 0.000000 0.000000 0.000000 0.000000 0.000000 0.000000 0.995851 1.074736 0.918119 0.689827 0.656392 0.581158 0.545411 0.587827 0.654246 0.658075 0.651064 0.617512 0.559474 0.525691 0.516093 0.835672 1.002177 1.049892 1.021637 0.943767 0.814277 0.652532 0.541830 0.456754 0.414069 0.564461 0.565751 0.554703 0.479449 0.406218 0.000000 0.000000 0.000000 0.509622 0.431288 0.391152 0.432898 0.462326 0.490305 0.503707 0.500828 0.496528 0.513751 0.580122 0.708854 0.712001 0.743988 0.787514 0.791297 0.688303 0.520654 0.548277 0.736011 0.928338 0.803677 0.737599 0.897646 0.826121 0.783231 0.609105 0.674942 0.403025 0.729448 0.760333 0.785006 0.830136 0.792951 0.873951 0.732209 0.643731 0.617937 0.673864 0.834201 0.623252 0.587148 0.604892 0.811857 0.843658 0.797884 0.779098 0.717784 0.679129 0.808575 1.305400 1.314182 1.131866 0.659689 0.637855 0.532949 0.480044 0.919765 0.978418 1.122372 1.045618 0.972494 0.958248 0.899945 0.886189 0.936886 1.018879 0.985739 0.892357 0.779814 0.660970 0.544157 0.000000 0.000000 0.467724 0.508232 0.700704 0.698275 0.686342 0.598237 0.598294 0.977066 0.984229 0.877578 0.773221 0.831632 1.012844 1.053830 1.172037 0.985319 0.872998 0.736646 0.655302 0.847210 0.811007 0.775988 0.718914 0.672237 0.606959 0.551064 0.631996 0.626866 0.567998 0.000000 0.486191 0.516582 0.514593 0.473789 0.000000 0.000000 0.484403 0.645481 0.664286 0.609780 0.510429 0.000000 0.456845 0.000000 0.000000 0.000000 0.000000 0.000000 0.000000 0.000000 0.000000 0.000000 0.000000 0.000000 0.000000 0.000000 0.000000 0.000000 0.000000 0.000000 0.000000 0.000000 0.000000 0.000000 0.000000 0.000000 0.000000 0.000000 0.000000 0.000000 0.000000 0.000000 0.000000 0.000000 0.000000 0.000000 0.000000 0.000000 0.000000 0.000000 0.000000 0.000000 0.000000 0.000000 0.000000 0.000000 0.000000 0.000000 0.000000 0.000000 0.000000 0.000000 0.000000 0.000000 0.000000 0.000000 0.000000 0.000000 0.000000 0.000000 0.000000 0.000000 0.000000 0.000000 0.000000 0.000000
0.000000 0.000000 0.000000 0.000000 0.000000 0.000000 0.000000 0.000000 0.000000 0.000000 0.000000 0.000000 0.000000 0.000000 0.000000 0.000000 0.000000 0.000000 0.000000 0.000000 0.553666 0.652684 0.674486 0.638200 0.589514 0.537681 0.488022 0.489747 0.413086 0.000000 0.000000 0.000000 0.000000 0.000000 0.000000 0.000000 0.000000 0.000000 0.000000 0.000000 0.000000 0.663474 0.754622 0.741081 0.595879 0.494962 0.000000 0.000000 0.000000 0.000000 0.000000 0.000000 0.000000 0.000000 0.000000 0.000000 0.000000 0.000000 0.000000 0.000000 0.000000 0.000000 0.000000 0.000000 0.000000 0.000000 0.000000 0.694979 0.767405 0.629267 0.603761 0.622984 0.621285 0.540852 0.583728 0.642641 0.716663 0.733921 0.693772 0.707344 0.665222 0.731881 1.008747 1.017120 0.976817 0.835110 0.634284 0.507979 0.449941 0.384670 0.000000 0.000000 0.000000 0.628649 0.681268 0.471609 0.436358 0.382325 0.000000 0.000000 0.000000 0.000000 0.000000 0.000000 0.000000 0.000000 0.000000 0.000000 0.451322 0.464093 0.624565 0.768140 0.790644 0.745038 0.795817 0.789780 0.746267 0.681235 0.621670 0.778114 0.660177 0.931973 0.971841 0.951735 1.027708 0.976939 0.800412 0.719659 0.134921 0.394987 0.655447 0.231289 1.115094 0.328661 0.426747 0.467740 0.399855 0.687885 0.664234 0.622578 0.575720 0.559055 0.548019 0.695520 0.657296 0.688952 0.649857 0.238989 0.352559 0.737375 1.624710 1.288648 1.088751 0.652376 0.675859 0.458340 0.342987 0.495220 0.959632 0.962833 1.077140 0.837162 0.918466 0.927800 1.145984 1.271286 1.249809 1.149613 1.006118 0.852560 0.713328 0.522984 0.479359 0.463344 0.445943 0.468454 0.000000 0.423369 0.430362 0.513514 0.896353 1.173502 1.078754 0.903032 0.738986 0.578980 0.800353 0.971166 0.959008 0.971891 0.909427 0.865867 0.709190 0.725184 0.689508 0.652109 0.628451 0.631986 0.708458 0.753060 0.800480 0.773309 0.679780 0.594145 0.627379 0.603583 0.533976 0.437516 0.000000 0.525618 0.707608 0.855135 0.861549 0.763804 0.579547 0.000000 0.427160 0.000000 0.000000 0.000000 0.000000 0.000000 0.000000 0.000000 0.000000 0.000000 0.000000 0.000000 0.000000 0.000000 0.000000 0.000000 0.000000 0.000000 0.000000 0.000000 0.000000 0.000000 0.000000 0.000000 0.000000 0.000000 0.000000 0.000000 0.000000 0.000000 0.000000 0.000000 0.000000 0.000000 0.000000 0.000000 0.000000 0.000000 0.000000 0.000000 0.000000 0.000000 0.000000 0.000000 0.000000 0.000000 0.000000 0.000000 0.000000 0.000000 0.000000 0.000000 0.000000 0.000000 0.000000 0.000000 0.000000 0.000000 0.000000 0.000000 0.000000 0.000000 0.000000 0.000000
0.000000 0.000000 0.000000 0.000000 0.000000 0.000000 0.000000 0.000000 0.000000 0.000000 0.000000 0.000000 0.000000 0.000000 0.000000 0.000000 0.000000 0.000000 0.000000 0.000000 0.000000 0.000000 0.000000 0.720497 0.890137 1.014715 1.021756 0.900318 0.723484 0.553194 0.000000 0.000000 0.000000 0.000000 0.000000 0.000000 0.000000 0.000000 0.000000 0.000000 0.000000 0.697016 0.814244 0.753493 0.581005 0.000000 0.000000 0.000000 0.000000 0.000000 0.000000 0.000000 0.000000 0.000000 0.000000 0.000000 0.000000 0.000000 0.000000 0.000000 0.000000 0.000000 0.000000 0.000000 0.000000 0.000000 0.000000 0.000000 0.562775 0.577883 0.639586 0.470405 0.411389 0.439822 0.615217 0.628354 0.729910 0.776229 0.744383 0.760907 1.143124 0.793754 0.891168 0.830120 0.730028 0.715860 0.606532 0.533989 0.462955 0.395784 0.000000 0.000000 0.000000 0.000000 0.486446 0.421305 0.674968 0.547703 0.454328 0.468272 0.518668 0.553528 0.572025 0.578510 0.564276 0.515923 0.447942 0.000000 0.000000 0.000000 0.613832 0.888236 1.038858 1.055992 1.003941 0.899301 0.839302 0.788485 0.717583 0.684468 0.650075 0.648144 0.561125 0.283322 0.373145 0.320535 0.318918 0.710266 0.653583 0.604559 0.278599 0.279396 0.244643 0.328482 0.778132 0.839250 0.735778 0.358513 0.251824 0.129322 0.100856 0.124990 0.073591 0.127093 0.145516 0.549260 0.630945 0.849427 0.944190 1.073562 1.226689 1.210977 0.936279 0.895261 0.548051 0.525406 0.512386 0.681211 1.064573 1.004116 1.131510 1.076687 0.941419 1.229118 1.499501 1.449313 1.333987 1.185741 1.011888 0.849863 0.701245 0.543246 0.620824 0.492614 0.503281 0.445799 0.000000 0.000000 0.630162 0.988103 1.261645 1.245471 1.116630 0.935739 0.745659 0.529563 0.423930 0.671542 0.804372 0.863319 0.830323 0.719211 0.567814 0.571611 0.643800 0.758219 0.749828 0.937844 0.883170 0.864081 0.825316 0.774321 0.665921 0.639225 0.634266 0.555173 0.000000 0.000000 0.498039 0.720064 0.864043 0.950035 0.967737 0.816880 0.775365 0.536524 0.000000 0.000000 0.000000 0.000000 0.000000 0.000000 0.000000 0.000000 0.000000 0.000000 0.000000 0.000000 0.000000 0.000000 0.000000 0.000000 0.000000 0.000000 0.000000 0.000000 0.000000 0.000000 0.000000 0.000000 0.000000 0.000000 0.000000 0.000000 0.000000 0.000000 0.000000 0.000000 0.000000 0.000000 0.000000 0.000000 0.000000 0.000000 0.000000 0.000000 0.000000 0.000000 0.000000 0.000000 0.000000 0.000000 0.000000 0.000000 0.000000 0.000000 0.000000 0.000000 0.000000 0.000000 0.000000 0.000000 0.000000 0.000000 0.000000 0.000000 0.000000 0.000000 0.000000 0.000000
0.000000 0.000000 0.000000 0.000000 0.000000 0.000000 0.000000 0.000000 0.000000 0.000000 0.000000 0.000000 0.000000 0.000000 0.000000 0.000000 0.000000 0.000000 0.000000 0.000000 0.000000 0.000000 0.517877 0.432955 0.928838 1.144600 1.165321 1.067504 0.905863 0.723240 0.553755 0.418124 0.000000 0.000000 0.000000 0.000000 0.000000 0.000000 0.000000 0.000000 0.000000 0.000000 0.425827 0.000000 0.000000 0.000000 0.000000 0.000000 0.000000 0.000000 0.000000 0.000000 0.000000 0.000000 0.000000 0.000000 0.000000 0.000000 0.000000 0.000000 0.000000 0.000000 0.000000 0.000000 0.000000 0.004000 0.000000 0.467046 0.527916 0.505700 0.461142 0.503616 0.000000 0.487039 0.552850 0.677088 0.764530 0.813043 0.821710 0.795928 0.762179 0.736287 0.727119 0.711113 0.682279 0.625521 0.562100 0.497416 0.431584 0.371396 0.000000 0.000000 0.000000 0.000000 0.000000 0.000000 0.621112 0.486441 0.443016 0.468519 0.502481 0.529037 0.545716 0.541520 0.518412 0.481101 0.422630 0.000000 0.004000 0.000000 0.505374 0.884577 1.109580 1.231709 1.211178 1.080512 1.026593 0.913488 0.819640 0.744515 0.700010 0.821184 0.748643 0.815608 0.392246 0.306308 0.262366 0.631572 0.743909 0.698816 0.739678 0.682580 0.649537 0.388435 0.491692 0.806189 0.696958 0.381396 0.752320 0.728929 0.261253 0.249776 0.274925 0.312505 0.090794 0.235412 0.374967 0.431105 0.986063 1.281267 0.833836 1.084722 0.891724 0.825975 0.590896 0.822442 0.874240 1.309833 1.371469 1.055029 1.144390 0.963942 1.143049 1.550896 1.693176 1.457706 1.211841 1.005526 0.818556 0.717688 0.754930 0.782444 0.792014 0.733267 0.584774 0.548699 0.447522 0.000000 0.778631 1.311299 1.343029 1.179251 1.060236 0.914338 0.749101 0.518205 0.462189 0.410492 0.516931 0.625213 0.623238 0.540057 0.441627 0.553118 0.834648 0.904889 0.959108 1.045657 0.937635 0.798132 0.690419 0.634265 0.800430 0.801092 0.592586 0.000000 0.000000 0.000000 0.000000 0.591688 0.722707 0.771747 0.702484 0.563773 0.706241 0.000000 0.467509 0.000000 0.000000 0.000000 0.000000 0.000000 0.000000 0.000000 0.000000 0.000000 0.000000 0.000000 0.000000 0.000000 0.000000 0.000000 0.000000 0.000000 0.000000 0.000000 0.000000 0.000000 0.000000 0.000000 0.000000 0.000000 0.000000 0.000000 0.000000 0.000000 0.000000 0.000000 0.000000 0.000000 0.000000 0.000000 0.000000 0.000000 0.000000 0.000000 0.000000 0.000000 0.000000 0.000000 0.000000 0.000000 0.000000 0.000000 0.000000 0.000000 0.000000 0.000000 0.000000 0.000000 0.000000 0.000000 0.000000 0.000000 0.000000 0.000000 0.000000 0.000000 0.000000 0.000000
0.000000 0.000000 0.000000 0.000000 0.000000 0.000000 0.000000 0.000000 0.000000 0.000000 0.000000 0.000000 0.000000 0.000000 0.457685 0.000000 0.000000 0.000000 0.000000 0.000000 0.000000 0.000000 0.000000 0.000000 0.696747 0.950244 1.042860 1.022627 0.991000 0.852303 0.712054 0.591879 0.470240 0.000000 0.000000 0.000000 0.000000 0.000000 0.000000 0.000000 0.000000 0.000000 0.000000 0.000000 0.000000 0.000000 0.000000 0.000000 0.000000 0.000000 0.000000 0.000000 0.000000 0.000000 0.000000 0.000000 0.000000 0.000000 0.000000 0.000000 0.000000 0.000000 0.000000 0.000000 0.000000 0.000000 0.000000 0.004000 0.000000 0.764792 0.554635 0.694565 0.633904 0.657126 0.566023 0.644652 0.719783 0.778644 0.829878 0.815441 0.804320 0.812024 0.801931 0.767589 0.694265 0.627189 0.562558 0.491982 0.416777 0.000000 0.000000 0.000000 0.000000 0.000000 0.000000 0.000000 0.000000 0.000000 0.000000 0.444011 0.499025 0.509831 0.530226 0.545864 0.541740 0.461064 0.420908 0.377178 0.000000 0.428993 0.596745 0.809371 1.162687 1.388531 1.389701 1.242112 1.038002 0.911704 0.817860 0.956027 0.944782 1.015859 1.033788 0.817994 0.747407 0.683214 0.597212 0.532154 0.629396 0.573443 0.603556 0.661722 0.398182 0.512055 0.489823 0.758467 0.624413 0.711753 0.765477 0.786361 0.385387 0.789184 0.778953 0.327419 0.211451 0.372996 0.537591 0.638931 0.814291 1.012638 0.897527 0.643650 0.934788 0.905156 0.664868 0.871876 0.931902 1.363378 1.305373 1.108803 0.994392 1.189908 1.243513 1.691688 1.624032 1.238493 0.988555 0.860256 0.828589 0.862291 0.919085 0.933440 0.896615 0.778907 0.627067 0.555255 0.000000 0.000000 0.722839 1.231431 1.142537 0.936319 0.868413 0.714365 0.567864 0.421243 0.000000 0.000000 0.000000 0.411728 0.412178 0.000000 0.000000 0.000000 0.530200 0.641920 0.794258 0.807227 0.939879 1.017394 0.984549 0.729392 0.656726 0.601415 0.533597 0.000000 0.000000 0.000000 0.000000 0.000000 0.500033 0.540662 0.509190 0.421237 0.549527 0.000000 0.000000 0.000000 0.000000 0.000000 0.000000 0.000000 0.000000 0.000000 0.000000 0.000000 0.000000 0.000000 0.000000 0.000000 0.000000 0.000000 0.000000 0.000000 0.000000 0.000000 0.000000 0.000000 0.000000 0.000000 0.000000 0.000000 0.000000 0.000000 0.000000 0.000000 0.000000 0.000000 0.000000 0.000000 0.000000 0.000000 0.000000 0.000000 0.000000 0.000000 0.000000 0.000000 0.000000 0.000000 0.000000 0.000000 0.000000 0.000000 0.000000 0.000000 0.000000 0.000000 0.000000 0.000000 0.000000 0.000000 0.000000 0.000000 0.000000 0.000000 0.000000 0.000000 0.000000 0.000000
0.000000 0.000000 0.000000 0.000000 0.000000 0.000000 0.000000 0.000000 0.000000 0.000000 0.000000 0.000000 0.000000 0.000000 0.827619 0.563942 0.000000 0.000000 0.540710 0.540961 0.486030 0.414887 0.000000 0.000000 0.000000 0.577988 0.752013 0.779202 0.838772 0.920218 0.931910 0.862616 0.768106 0.672081 0.587965 0.520884 0.457410 0.000000 0.000000 0.000000 0.000000 0.000000 0.000000 0.000000 0.000000 0.000000 0.000000 0.000000 0.000000 0.000000 0.000000 0.000000 0.000000 0.000000 0.000000 0.000000 0.000000 0.000000 0.000000 0.000000 0.000000 0.000000 0.000000 0.000000 0.425953 0.437512 0.000000 0.000000 0.000000 0.000000 0.483039 0.714867 0.843518 1.041995 0.976780 0.724880 0.754445 0.921015 0.756567 0.767066 0.742551 0.724775 0.716577 0.700476 0.643332 0.605382 0.620866 0.606032 0.564244 0.513949 0.462940 0.410248 0.000000 0.000000 0.517351 0.633251 0.678736 0.695807 0.699667 0.694062 0.676466 0.640508 0.607327 0.585016 0.579370 0.549692 0.570970 0.590937 0.570537 0.543718 0.502152 0.723582 1.105235 1.323834 1.307620 1.148112 0.940192 0.853437 1.114351 0.982753 1.011376 0.946160 0.876957 0.683045 0.724855 0.656366 0.563907 0.565078 0.701181 0.702546 0.593784 0.547720 0.687482 0.290172 0.580450 0.575988 0.765246 0.859215 1.010968 1.083969 0.578101 0.469156 0.471926 0.751472 0.315776 0.574457 0.820549 0.764724 0.650175 0.596392 0.518649 0.533508 0.700106 1.015809 1.061613 1.234450 1.321355 1.213517 1.132276 1.026964 1.080095 1.113959 1.273404 1.442850 1.276805 1.166193 0.914371 0.835658 0.812428 0.852179 0.875122 0.889616 0.832203 0.716031 0.571235 0.416304 0.000000 0.000000 0.000000 0.000000 0.000000 0.000000 0.000000 0.478410 0.000000 0.000000 0.000000 0.000000 0.000000 0.000000 0.000000 0.000000 0.000000 0.000000 0.000000 0.581621 0.827959 1.021414 1.110922 1.129148 1.127339 0.951896 0.784224 0.668854 0.559504 0.510781 0.461184 0.000000 0.000000 0.000000 0.000000 0.000000 0.000000 0.000000 0.000000 0.000000 0.000000 0.000000 0.000000 0.000000 0.000000 0.000000 0.000000 0.000000 0.000000 0.000000 0.000000 0.000000 0.000000 0.000000 0.000000 0.000000 0.000000 0.000000 0.000000 0.000000 0.000000 0.000000 0.000000 0.000000 0.000000 0.000000 0.000000 0.000000 0.000000 0.000000 0.000000 0.000000 0.000000 0.000000 0.000000 0.000000 0.000000 0.000000 0.000000 0.000000 0.000000 0.000000 0.000000 0.000000 0.000000 0.000000 0.000000 0.000000 0.000000 0.000000 0.000000 0.000000 0.000000 0.000000 0.000000 0.000000 0.000000 0.000000 0.000000 0.000000 0.000000 0.000000 0.000000 0.000000
0.000000 0.000000 0.000000 0.000000 0.000000 0.000000 0.000000 0.000000 0.000000 0.000000 0.000000 0.000000 0.000000 0.000000 0.000000 0.362586 0.000000 0.548272 0.653327 0.625068 0.554562 0.463309 0.367171 0.000000 0.000000 0.000000 0.000000 0.000000 0.610419 0.720955 0.897505 0.656622 0.723576 0.720162 0.675148 0.592884 0.495984 0.000000 0.000000 0.000000 0.000000 0.000000 0.000000 0.000000 0.000000 0.000000 0.000000 0.000000 0.000000 0.000000 0.000000 0.000000 0.000000 0.000000 0.000000 0.000000 0.000000 0.000000 0.000000 0.000000 0.605657 0.615624 0.568808 0.475418 0.532727 0.526432 0.431092 0.000000 0.000000 0.000000 0.000000 0.501605 0.627373 0.753065 0.972762 0.874512 0.856535 0.809094 0.735569 0.657305 0.642930 0.706486 0.769149 0.820968 0.908853 0.906356 0.827006 0.741115 0.678044 0.626394 0.639624 0.617999 0.560553 0.894738 0.802680 0.856227 0.875341 0.865569 0.848707 0.816618 0.778039 0.738693 0.673212 0.588221 0.498457 0.599311 0.696721 0.712603 0.667090 0.601341 0.528715 0.447671 0.771533 1.018191 1.075856 0.987672 0.882524 1.138321 0.834040 0.775519 0.803579 0.778429 0.810393 0.647803 0.913639 0.117755 0.759526 0.619841 0.518299 0.536285 0.557603 0.616797 0.671518 0.222506 0.358919 0.345213 0.708680 1.030957 1.041638 1.034542 1.059801 1.031119 0.966896 0.367775 0.387946 0.674936 1.150355 0.741900 0.498254 0.457951 0.533680 0.758754 0.806611 0.725412 1.173361 1.046761 1.202219 1.192015 0.920624 1.153078 1.139728 1.155886 1.052297 0.958620 0.800953 0.761443 0.517365 0.642391 0.658993 0.697583 0.698875 0.710764 0.651969 0.551197 0.437622 0.000000 0.000000 0.000000 0.000000 0.000000 0.000000 0.000000 0.000000 0.000000 0.000000 0.000000 0.000000 0.000000 0.000000 0.000000 0.000000 0.000000 0.000000 0.000000 0.000000 0.647023 0.861450 1.091256 1.221976 1.137339 1.065141 0.989426 0.841166 0.789606 0.832415 0.795691 0.688544 0.597259 0.000000 0.000000 0.000000 0.000000 0.000000 0.000000 0.000000 0.000000 0.000000 0.000000 0.000000 0.000000 0.000000 0.000000 0.000000 0.000000 0.000000 0.000000 0.000000 0.000000 0.000000 0.000000 0.000000 0.000000 0.000000 0.000000 0.000000 0.000000 0.000000 0.000000 0.000000 0.000000 0.000000 0.000000 0.000000 0.000000 0.000000 0.000000 0.000000 0.000000 0.000000 0.000000 0.000000 0.000000 0.000000 0.000000 0.000000 0.000000 0.000000 0.000000 0.000000 0.000000 0.000000 0.000000 0.000000 0.000000 0.000000 0.000000 0.000000 0.000000 0.000000 0.000000 0.000000 0.000000 0.000000 0.000000 0.000000 0.000000 0.000000 0.000000 0.000000 0.000000
0.000000 0.000000 0.000000 0.000000 0.000000 0.000000 0.000000 0.000000 0.000000 0.000000 0.000000 0.000000 0.000000 0.000000 0.000000 0.000000 0.000000 0.000000 0.457698 0.465393 0.429486 0.000000 0.000000 0.000000 0.000000 0.000000 0.000000 0.000000 0.000000 0.000000 0.000000 0.000000 0.429426 0.592206 0.614339 0.584670 0.539820 0.427362 0.000000 0.000000 0.000000 0.000000 0.000000 0.000000 0.000000 0.000000 0.000000 0.000000 0.000000 0.000000 0.000000 0.000000 0.000000 0.000000 0.000000 0.000000 0.000000 0.000000 0.000000 0.471691 0.714043 0.742853 0.701481 0.528292 0.000000 0.000000 0.000000 0.000000 0.000000 0.000000 0.000000 0.000000 0.506620 0.791342 1.232163 0.986004 0.878603 0.835192 0.824241 0.761243 0.750218 0.906330 0.993517 1.022256 0.987082 0.927545 0.876887 0.822590 0.767733 0.748606 0.769072 0.741082 0.713407 0.801521 0.846647 0.917719 0.863419 0.811088 0.776590 0.767744 0.721636 0.644172 0.562572 0.512917 0.458855 0.511711 0.604899 0.624954 0.599184 0.536669 0.447706 0.448503 0.535825 0.714270 0.807323 0.794544 0.826563 0.805465 0.732854 0.685428 0.632273 0.875395 0.685123 0.929392 0.592227 0.728762 0.765164 0.715188 0.687533 0.648453 0.612377 0.596844 0.273103 0.340147 0.384119 0.920898 0.864391 0.908483 0.853123 0.940687 0.992553 1.013816 0.782884 0.840262 0.175584 0.625505 0.900878 1.142232 0.795553 0.681932 0.644187 0.755338 1.059840 1.184001 0.909299 0.928501 1.167147 1.107013 1.045814 1.085928 0.943498 0.845740 0.760277 0.760601 0.762077 0.648837 0.554569 0.528207 0.521768 0.496891 0.448923 0.000000 0.000000 0.000000 0.469808 0.522783 0.495067 0.000000 0.000000 0.000000 0.000000 0.000000 0.000000 0.000000 0.000000 0.000000 0.000000 0.000000 0.000000 0.000000 0.000000 0.000000 0.000000 0.607731 0.547465 0.584376 0.874010 1.044509 1.017891 0.986982 0.912470 0.867421 0.715247 0.622179 0.681130 0.790930 0.807267 0.583916 0.610323 0.512607 0.000000 0.000000 0.000000 0.000000 0.000000 0.000000 0.000000 0.000000 0.000000 0.000000 0.000000 0.000000 0.000000 0.000000 0.000000 0.000000 0.000000 0.000000 0.000000 0.000000 0.000000 0.000000 0.000000 0.000000 0.000000 0.000000 0.000000 0.000000 0.000000 0.000000 0.000000 0.000000 0.000000 0.000000 0.000000 0.000000 0.000000 0.000000 0.000000 0.000000 0.000000 0.000000 0.000000 0.000000 0.000000 0.000000 0.000000 0.000000 0.000000 0.000000 0.000000 0.000000 0.000000 0.000000 0.000000 0.000000 0.000000 0.000000 0.000000 0.000000 0.000000 0.000000 0.000000 0.000000 0.000000 0.000000 0.000000 0.000000 0.000000 0.000000
0.000000 0.000000 0.000000 0.000000 0.000000 0.000000 0.000000 0.000000 0.000000 0.000000 0.000000 0.000000 0.000000 0.000000 0.000000 0.000000 0.000000 0.000000 0.000000 0.000000 0.000000 0.000000 0.000000 0.000000 0.000000 0.000000 0.000000 0.000000 0.000000 0.000000 0.000000 0.000000 0.000000 0.000000 0.000000 0.000000 0.000000 0.000000 0.000000 0.000000 0.000000 0.000000 0.000000 0.000000 0.000000 0.000000 0.000000 0.000000 0.000000 0.000000 0.000000 0.000000 0.000000 0.000000 0.000000 0.000000 0.000000 0.000000 0.000000 0.000000 0.000000 0.000000 0.000000 0.000000 0.000000 0.000000 0.000000 0.000000 0.000000 0.000000 0.000000 0.000000 0.000000 0.727556 0.921204 1.009795 1.047403 1.045439 1.002409 0.931813 0.867531 0.860582 0.859260 0.895539 0.807573 0.837127 0.810248 0.833905 0.850456 0.826211 0.781439 0.711268 0.637172 0.633721 0.591076 0.519540 0.430003 0.397467 0.555447 0.727793 0.615931 0.672061 0.653556 0.581733 0.576983 0.549552 0.531491 0.514095 0.422470 0.000000 0.573145 0.728920 0.762415 0.723851 0.675658 0.609789 0.668434 0.663372 0.653930 0.618034 0.637961 0.688566 0.724416 0.835453 0.677895 0.792142 0.804523 0.870704 0.650251 0.631291 0.582460 0.503488 0.333173 0.670550 0.571031 0.698607 0.813290 0.848475 0.785525 0.616338 0.947788 0.827026 0.800429 0.874892 0.693226 0.341538 0.569006 1.050750 1.150360 1.204631 1.194737 0.883219 0.996981 1.034545 0.951053 0.886721 0.806317 0.810326 0.800243 0.852732 0.831088 0.789676 0.739575 0.700680 0.738734 0.747782 0.712066 0.694989 0.653083 0.593821 0.589289 0.593628 0.621323 0.635164 0.648540 0.601766 0.560040 0.495392 0.000000 0.558536 0.543624 0.445619 0.000000 0.000000 0.000000 0.000000 0.000000 0.000000 0.000000 0.000000 0.000000 0.000000 0.512289 0.669438 0.625665 0.488481 0.627499 0.798726 0.826255 0.825497 0.881742 0.893793 0.738311 0.585803 0.730838 0.664899 0.604384 0.760859 0.758176 0.590412 0.000000 0.000000 0.000000 0.000000 0.000000 0.000000 0.000000 0.000000 0.000000 0.000000 0.000000 0.000000 0.000000 0.000000 0.000000 0.000000 0.000000 0.000000 0.000000 0.000000 0.000000 0.000000 0.000000 0.000000 0.000000 0.000000 0.000000 0.000000 0.000000 0.000000 0.000000 0.000000 0.000000 0.000000 0.000000 0.000000 0.000000 0.000000 0.000000 0.000000 0.000000 0.000000 0.000000 0.000000 0.000000 0.000000 0.000000 0.000000 0.000000 0.000000 0.000000 0.000000 0.000000 0.000000 0.000000 0.000000 0.000000 0.000000 0.000000 0.000000 0.000000 0.000000 0.000000 0.000000 0.000000 0.000000 0.000000 0.000000 0.000000 0.000000
0.000000 0.000000 0.000000 0.000000 0.000000 0.000000 0.000000 0.000000 0.000000 0.000000 0.000000 0.000000 0.000000 0.000000 0.000000 0.000000 0.000000 0.000000 0.000000 0.000000 0.000000 0.000000 0.000000 0.000000 0.000000 0.000000 0.000000 0.518467 0.571559 0.543586 0.454470 0.000000 0.000000 0.000000 0.000000 0.000000 0.000000 0.000000 0.000000 0.000000 0.000000 0.000000 0.000000 0.000000 0.000000 0.000000 0.000000 0.000000 0.000000 0.000000 0.000000 0.000000 0.000000 0.000000 0.000000 0.626667 0.661030 0.603122 0.602827 0.616430 0.496015 0.418380 0.000000 0.000000 0.000000 0.000000 0.000000 0.000000 0.000000 0.000000 0.000000 0.000000 0.000000 0.421964 0.791988 0.819113 0.893036 1.136591 0.963354 0.927243 0.925574 1.208719 0.835147 0.758788 0.761331 0.802674 0.808694 0.855462 0.851669 0.826898 0.784562 0.724406 0.636969 0.570680 0.594824 0.552863 0.454923 0.418189 0.436068 0.463249 0.467759 0.702874 0.692528 0.590176 0.619052 0.583092 0.541348 0.482387 0.409421 0.505078 0.647941 0.879550 0.871915 0.788018 0.672284 0.571198 0.502207 0.523886 0.691402 0.523874 0.608103 0.741033 0.780240 0.860850 0.916027 0.791387 0.854877 0.663384 0.746954 0.712491 0.686714 0.671692 0.630894 0.818869 0.787268 0.881324 0.973685 0.928257 0.975949 0.792173 0.779279 0.842515 0.881898 0.691935 0.951594 1.063969 0.891703 1.087928 1.187428 1.134816 0.837874 1.095230 1.043986 1.374364 1.177556 0.874582 0.731519 0.679142 0.915946 0.925240 0.914521 0.935158 0.944007 0.965766 0.987751 0.936156 0.850824 0.783456 0.822091 0.794862 0.750776 0.836766 0.797068 0.757098 0.703511 0.631730 0.540005 0.473830 0.000000 0.509603 0.484365 0.000000 0.000000 0.000000 0.000000 0.000000 0.000000 0.000000 0.000000 0.000000 0.000000 0.000000 0.780460 0.459929 0.000000 0.000000 0.000000 0.461771 0.524241 0.501108 0.441929 0.000000 0.445194 0.542032 0.730892 0.586476 0.695089 0.825863 0.758699 0.611710 0.000000 0.000000 0.000000 0.000000 0.557740 0.478105 0.000000 0.000000 0.000000 0.000000 0.000000 0.000000 0.000000 0.000000 0.000000 0.000000 0.000000 0.000000 0.000000 0.000000 0.000000 0.000000 0.000000 0.000000 0.000000 0.000000 0.000000 0.000000 0.000000 0.000000 0.000000 0.000000 0.000000 0.000000 0.000000 0.000000 0.000000 0.000000 0.000000 0.000000 0.000000 0.000000 0.000000 0.000000 0.000000 0.000000 0.000000 0.000000 0.000000 0.000000 0.000000 0.000000 0.000000 0.000000 0.000000 0.000000 0.000000 0.000000 0.000000 0.000000 0.000000 0.000000 0.000000 0.000000 0.000000 0.000000 0.000000 0.000000 0.000000 0.000000
0.000000 0.000000 0.000000 0.000000 0.000000 0.000000 0.000000 0.000000 0.000000 0.000000 0.000000 0.000000 0.000000 0.000000 0.000000 0.000000 0.000000 0.000000 0.000000 0.000000 0.000000 0.000000 0.447898 0.548708 0.544844 0.486562 0.409800 0.000000 0.000000 0.000000 0.000000 0.000000 0.000000 0.000000 0.000000 0.000000 0.000000 0.000000 0.000000 0.000000 0.000000 0.000000 0.000000 0.000000 0.000000 0.000000 0.000000 0.000000 0.000000 0.000000 0.000000 0.000000 0.445762 0.523068 0.719718 0.812466 0.871757 0.800988 0.825708 0.781266 0.725508 0.580679 0.389503 0.000000 0.000000 0.000000 0.000000 0.000000 0.516329 0.542534 0.509107 0.480438 0.454925 0.413787 0.000000 0.421639 0.598849 0.835986 0.808877 0.770760 0.842943 0.885835 0.941498 0.792504 0.677723 0.660865 0.623065 0.589684 0.653661 0.657919 0.618854 0.623466 0.608617 0.619760 0.576075 0.600091 0.585376 0.568863 0.520138 0.525074 0.548323 0.597206 0.588715 0.537015 0.000000 0.000000 0.000000 0.000000 0.000000 0.000000 0.598157 0.834168 0.881817 0.824530 0.756537 0.698455 0.603697 0.461505 0.000000 0.407384 0.562908 0.713982 0.758819 0.857458 0.937602 0.680771 0.338811 0.539066 0.624428 0.717821 0.757205 0.785697 0.812570 0.856273 0.775280 1.004647 0.958372 0.908835 1.015405 1.202460 0.940942 1.170757 0.739362 0.705476 0.788605 0.944163 1.287358 1.368777 1.031529 0.977118 0.987916 0.957179 1.109592 1.362080 1.258130 1.153122 0.819009 1.019420 1.091734 1.095512 1.112534 1.126909 1.225322 1.268507 1.195979 1.077771 0.942701 0.915565 0.999538 0.977892 1.012487 1.009727 0.928281 0.833544 0.732970 0.625135 0.545356 0.000000 0.000000 0.000000 0.000000 0.000000 0.000000 0.000000 0.000000 0.000000 0.000000 0.000000 0.000000 0.000000 0.000000 0.000000 0.000000 0.000000 0.000000 0.000000 0.000000 0.000000 0.000000 0.000000 0.571484 0.581325 0.506349 0.572773 0.717784 0.666739 0.717915 0.783010 0.702142 0.501558 0.000000 0.000000 0.000000 0.440390 0.653002 0.536165 0.000000 0.436131 0.000000 0.000000 0.000000 0.000000 0.000000 0.000000 0.000000 0.000000 0.000000 0.000000 0.000000 0.000000 0.000000 0.000000 0.000000 0.000000 0.000000 0.000000 0.000000 0.000000 0.000000 0.000000 0.000000 0.000000 0.000000 0.000000 0.000000 0.000000 0.000000 0.000000 0.000000 0.000000 0.000000 0.000000 0.000000 0.000000 0.000000 0.000000 0.000000 0.000000 0.000000 0.000000 0.000000 0.000000 0.000000 0.000000 0.000000 0.000000 0.000000 0.000000 0.000000 0.000000 0.000000 0.000000 0.000000 0.000000 0.000000 0.000000 0.000000 0.000000 0.000000 0.000000
0.000000 0.000000 0.000000 0.000000 0.000000 0.000000 0.000000 0.000000 0.000000 0.000000 0.000000 0.000000 0.000000 0.000000 0.000000 0.000000 0.627079 0.835226 0.888798 0.845352 0.777217 0.689808 0.665356 0.709842 0.677126 0.580169 0.498559 0.415998 0.000000 0.000000 0.000000 0.000000 0.000000 0.000000 0.000000 0.000000 0.000000 0.000000 0.000000 0.000000 0.000000 0.000000 0.000000 0.000000 0.000000 0.000000 0.000000 0.000000 0.607188 0.000000 0.642522 0.004000 0.541256 0.643221 0.775141 0.823203 0.816582 0.812028 0.771703 0.685517 0.514553 0.000000 0.000000 0.000000 0.000000 0.000000 0.618835 0.647808 0.682804 0.667316 0.619715 0.531063 0.554765 0.432454 0.000000 0.000000 0.000000 0.485040 0.617563 0.706778 0.651778 0.885988 0.787114 0.764643 0.708029 0.657238 0.615557 0.569929 0.497160 0.607213 0.691445 0.738608 0.734439 0.752501 0.754672 0.714848 0.761897 0.818741 0.856583 0.887930 0.751749 0.813929 0.774555 0.651251 0.569623 0.474173 0.416979 0.463586 0.425846 0.000000 0.457782 0.673858 0.770573 0.748721 0.713972 0.683113 0.566476 0.409275 0.371909 0.428691 0.536143 0.681536 0.995613 0.892130 1.074257 0.970450 0.896230 0.261537 0.256589 0.395346 0.573638 0.604888 0.589339 0.423384 0.388868 0.837909 0.822227 0.813901 0.783649 0.946448 0.951569 0.717989 0.646448 0.796136 0.947204 0.852159 0.895669 1.058891 0.955471 0.709694 0.699958 0.800630 1.207831 1.212939 1.064266 1.009447 0.866437 0.937720 1.068926 1.153618 1.168063 1.318770 1.520222 1.460901 1.245121 1.044183 1.009305 1.161662 1.257182 1.249177 1.245978 1.094092 0.989559 0.879995 0.762044 0.697210 0.583385 0.476072 0.458849 0.418204 0.440509 0.422427 0.000000 0.000000 0.000000 0.000000 0.000000 0.000000 0.000000 0.000000 0.000000 0.000000 0.000000 0.000000 0.000000 0.000000 0.000000 0.000000 0.000000 0.576108 0.833924 0.918432 0.916734 0.836197 0.758638 0.712961 0.707884 0.679300 0.604983 0.451636 0.000000 0.000000 0.000000 0.000000 0.481001 0.000000 0.445297 0.464611 0.000000 0.000000 0.000000 0.000000 0.000000 0.000000 0.000000 0.000000 0.000000 0.000000 0.000000 0.000000 0.000000 0.000000 0.000000 0.000000 0.000000 0.000000 0.000000 0.000000 0.000000 0.000000 0.000000 0.000000 0.000000 0.000000 0.000000 0.000000 0.000000 0.000000 0.000000 0.000000 0.000000 0.000000 0.000000 0.000000 0.000000 0.000000 0.000000 0.000000 0.000000 0.000000 0.000000 0.000000 0.000000 0.000000 0.000000 0.000000 0.000000 0.000000 0.000000 0.000000 0.000000 0.000000 0.000000 0.000000 0.000000 0.000000 0.000000 0.000000 0.000000 0.000000
0.000000 0.000000 0.000000 0.000000 0.000000 0.000000 0.000000 0.000000 0.000000 0.000000 0.000000 0.000000 0.004000 0.004000 0.974405 1.363704 0.966712 1.106622 1.140829 1.084354 0.983184 0.832757 0.757764 0.687490 0.614102 0.546485 0.414848 0.000000 0.000000 0.000000 0.000000 0.000000 0.000000 0.000000 0.000000 0.000000 0.000000 0.000000 0.000000 0.000000 0.000000 0.000000 0.000000 0.000000 0.000000 0.000000 0.000000 0.000000 0.000000 0.000000 0.000000 0.305232 0.375716 0.000000 0.000000 0.520868 0.570260 0.598733 0.506899 0.000000 0.000000 0.000000 0.000000 0.000000 0.004000 0.525295 0.769480 0.810401 0.723347 0.573606 0.454397 0.000000 0.000000 0.000000 0.000000 0.000000 0.000000 0.000000 0.383843 0.469250 0.491825 0.595011 0.664950 0.750906 0.728461 0.686669 0.684507 0.622802 0.687240 0.683058 1.063899 0.818459 0.826056 1.053205 0.806767 0.686066 0.746096 0.714660 0.657486 0.859892 0.874128 0.787134 0.694705 0.614665 0.570283 0.748427 0.744562 0.663020 0.577699 0.407508 0.000000 0.000000 0.537058 0.566365 0.579556 0.572282 0.452684 0.443801 0.527246 0.764250 0.821820 0.753515 0.840884 0.983308 1.100777 1.320826 0.951609 0.929936 0.953814 0.508992 0.325423 0.242607 0.266928 0.599514 0.665607 0.488730 0.747045 0.760068 0.954096 0.815596 0.766777 0.808057 0.702084 0.648511 0.746535 0.951290 0.909877 0.903907 0.757397 0.536553 0.705132 0.638672 0.854930 0.828796 0.722321 0.915707 1.104332 1.268809 1.322024 1.321727 1.228612 1.421259 1.622048 1.537886 1.230908 1.069581 1.115884 1.207857 1.182551 1.127022 1.321168 1.192989 1.054583 0.912692 0.772401 0.780685 0.717912 0.676688 0.653408 0.626196 0.530236 0.473143 0.000000 0.000000 0.000000 0.000000 0.000000 0.000000 0.000000 0.000000 0.000000 0.000000 0.000000 0.000000 0.000000 0.000000 0.000000 0.000000 0.000000 0.569528 0.829445 0.940694 0.962047 0.938335 0.885293 0.803806 0.683342 0.601534 0.553375 0.512340 0.426778 0.000000 0.000000 0.000000 0.000000 0.000000 0.000000 0.000000 0.000000 0.000000 0.000000 0.000000 0.000000 0.000000 0.000000 0.000000 0.000000 0.000000 0.000000 0.000000 0.000000 0.000000 0.000000 0.000000 0.000000 0.000000 0.000000 0.000000 0.000000 0.000000 0.000000 0.000000 0.000000 0.000000 0.000000 0.000000 0.000000 0.000000 0.000000 0.000000 0.000000 0.000000 0.000000 0.000000 0.000000 0.000000 0.000000 0.000000 0.000000 0.000000 0.000000 0.000000 0.000000 0.000000 0.000000 0.000000 0.000000 0.000000 0.000000 0.000000 0.000000 0.000000 0.000000 0.000000 0.000000 0.000000 0.000000 0.000000 0.000000 0.000000
0.000000 0.000000 0.000000 0.000000 0.000000 0.000000 0.000000 0.000000 0.000000 0.000000 0.000000 0.000000 0.000000 0.000000 0.631686 0.904655 1.093909 1.075736 0.983648 0.872877 0.806281 0.764442 0.717501 0.651772 0.577146 0.504961 0.430464 0.000000 0.000000 0.000000 0.000000 0.000000 0.000000 0.000000 0.000000 0.000000 0.000000 0.000000 0.000000 0.000000 0.000000 0.000000 0.000000 0.000000 0.000000 0.000000 0.430991 0.000000 0.000000 0.000000 0.000000 0.000000 0.000000 0.000000 0.000000 0.004000 0.000000 0.000000 0.000000 0.000000 0.000000 0.000000 0.000000 0.422349 0.519479 0.893310 0.669730 0.642108 0.589454 0.508851 0.463427 0.377617 0.505121 0.474377 0.535047 0.532204 0.469358 0.383510 0.484675 0.675664 0.841706 0.906443 0.896516 0.838274 0.765406 0.715961 0.674905 0.700919 0.722569 0.703023 0.697349 0.686174 0.685646 0.656598 0.715199 0.757296 0.763520 0.761916 0.680373 0.692410 0.640242 0.575145 0.538967 0.548239 0.756277 0.824817 0.891050 0.897287 0.679482 0.622984 0.591539 0.567209 0.543064 0.547190 0.519718 0.485189 0.467066 0.532794 0.803128 1.422894 1.413263 1.240413 1.235633 1.353199 1.193822 1.138481 1.090287 1.318066 1.213602 0.986896 0.466348 0.524009 0.450877 0.793663 0.700040 0.748723 0.868540 0.874129 0.869434 0.979054 0.911004 0.669829 0.538848 0.601016 0.327102 0.388487 0.674033 0.781450 0.647903 0.637249 0.934215 0.913420 0.807743 0.146283 0.827815 1.050229 1.281231 1.398727 1.363992 1.236480 1.096632 1.189458 1.427650 1.349538 0.882646 0.990452 1.321091 1.350835 1.248750 1.170037 1.088077 0.970047 0.826144 0.864023 1.067473 1.049301 0.934629 0.830794 0.746265 0.683599 0.558973 0.474410 0.000000 0.000000 0.000000 0.000000 0.000000 0.000000 0.000000 0.000000 0.000000 0.000000 0.000000 0.000000 0.000000 0.000000 0.000000 0.000000 0.000000 0.000000 0.680139 0.829165 0.885887 0.891823 0.844046 0.757169 0.655228 0.571631 0.506110 0.448404 0.000000 0.000000 0.000000 0.000000 0.000000 0.000000 0.000000 0.000000 0.000000 0.000000 0.000000 0.000000 0.000000 0.000000 0.000000 0.000000 0.000000 0.000000 0.000000 0.000000 0.000000 0.000000 0.000000 0.000000 0.000000 0.000000 0.000000 0.000000 0.000000 0.000000 0.000000 0.000000 0.000000 0.000000 0.000000 0.000000 0.000000 0.000000 0.000000 0.000000 0.000000 0.000000 0.000000 0.000000 0.000000 0.000000 0.000000 0.000000 0.000000 0.000000 0.000000 0.000000 0.000000 0.000000 0.000000 0.000000 0.000000 0.000000 0.000000 0.000000 0.000000 0.000000 0.000000 0.000000 0.000000 0.000000 0.000000 0.000000 0.000000 0.000000
0.000000 0.000000 0.000000 0.000000 0.000000 0.000000 0.000000 0.000000 0.000000 0.000000 0.000000 0.000000 0.000000 0.000000 0.000000 0.994740 0.778397 0.894314 0.935886 0.912948 0.875735 0.848557 0.794242 0.685335 0.589314 0.510366 0.441649 0.376468 0.000000 0.000000 0.000000 0.000000 0.000000 0.000000 0.000000 0.000000 0.000000 0.000000 0.000000 0.000000 0.000000 0.000000 0.000000 0.000000 0.000000 0.444590 0.477628 0.000000 0.000000 0.000000 0.000000 0.000000 0.000000 0.000000 0.000000 0.000000 0.000000 0.000000 0.000000 0.000000 0.390811 0.583920 0.485383 0.636692 0.736126 0.770251 0.781096 0.794771 0.842548 0.774297 0.768554 0.664445 0.594779 0.557774 0.633736 0.630504 0.533512 0.467545 0.389192 0.762166 0.795054 0.855077 0.856520 0.843762 0.867356 0.818366 0.774650 0.687125 0.696790 0.662188 0.598535 0.620508 0.696550 0.807485 0.877222 0.917742 0.721004 0.839896 0.786494 0.585473 0.149823 0.124469 0.689872 0.843220 0.927934 1.042620 0.999739 0.934794 0.792219 0.805516 0.754679 0.685866 0.630515 0.600407 0.495850 0.494327 0.835270 0.536145 0.675355 0.917756 0.956130 1.040602 1.082494 1.335432 1.194746 1.115059 1.137802 1.013058 0.888654 0.845356 0.870747 0.899363 0.925463 0.906971 0.468677 0.477054 0.828746 0.445325 0.413229 0.478561 0.711111 0.276024 0.602713 0.623966 0.129107 0.225203 0.259524 0.291131 0.648796 0.803276 0.799619 0.708308 0.585840 0.262641 0.917057 1.101774 1.249667 1.013177 0.938338 0.829571 1.090371 1.192312 1.273788 1.080536 0.918388 1.177165 1.406300 1.401660 1.383818 1.296182 1.083583 0.876526 0.752148 0.902002 0.984317 1.088306 1.020164 0.887154 0.779564 0.689231 0.541448 0.439384 0.000000 0.000000 0.000000 0.000000 0.000000 0.000000 0.000000 0.000000 0.000000 0.000000 0.000000 0.000000 0.000000 0.000000 0.000000 0.000000 0.000000 0.000000 0.000000 0.591523 0.696887 0.725656 0.687094 0.616905 0.525078 0.470465 0.416543 0.000000 0.000000 0.000000 0.000000 0.000000 0.000000 0.000000 0.000000 0.000000 0.000000 0.000000 0.000000 0.000000 0.000000 0.000000 0.000000 0.000000 0.000000 0.000000 0.000000 0.000000 0.000000 0.000000 0.000000 0.000000 0.000000 0.000000 0.000000 0.000000 0.000000 0.000000 0.000000 0.000000 0.000000 0.000000 0.000000 0.000000 0.000000 0.000000 0.000000 0.000000 0.000000 0.000000 0.000000 0.000000 0.000000 0.000000 0.000000 0.000000 0.000000 0.000000 0.000000 0.000000 0.000000 0.000000 0.000000 0.000000 0.000000 0.000000 0.000000 0.000000 0.000000 0.000000 0.000000 0.000000 0.000000 0.000000 0.000000 0.000000 0.000000 0.000000
0.000000 0.000000 0.000000 0.000000 0.000000 0.000000 0.000000 0.000000 0.000000 0.000000 0.000000 0.000000 0.000000 0.000000 0.000000 0.000000 0.559794 0.792674 0.968353 0.912042 0.938693 0.886130 0.793916 0.700326 0.595183 0.508127 0.394238 0.389142 0.396436 0.379415 0.000000 0.000000 0.000000 0.000000 0.000000 0.000000 0.000000 0.000000 0.000000 0.000000 0.000000 0.000000 0.000000 0.000000 0.000000 0.000000 0.000000 0.000000 0.000000 0.000000 0.000000 0.000000 0.000000 0.000000 0.000000 0.000000 0.000000 0.000000 0.004000 0.355840 0.414134 0.530716 0.612754 0.699255 0.769746 0.839972 0.876909 0.918600 0.903797 0.889417 0.794682 0.722573 0.597224 0.439591 0.583848 0.622815 0.586692 0.547038 0.514426 0.583510 0.589416 0.647766 0.757256 0.840265 0.848338 0.789862 0.712737 0.791769 0.777934 0.844234 0.949962 0.961949 0.905119 0.865716 0.835958 1.064876 0.819741 0.756019 0.714670 0.532187 0.570800 0.560213 0.484118 0.680117 0.731561 0.719212 0.637790 0.603051 0.596821 0.583393 0.600957 0.675973 0.677814 0.776831 0.685255 0.627693 0.535664 0.482151 0.631635 0.849830 0.910103 0.847606 0.864346 0.867504 0.848008 1.017766 0.885545 0.807021 0.695883 0.648169 0.728349 0.797906 0.831769 0.836995 0.369797 0.365131 0.724280 0.653971 0.606488 0.262128 0.603517 0.162877 0.584331 0.566216 0.185136 0.569652 0.192141 0.646809 0.588947 0.874523 0.900605 0.664404 0.660581 0.321898 0.874818 1.002651 1.163469 0.900943 0.795550 0.748843 1.427623 1.451743 1.177535 1.119004 1.277559 1.293721 1.344714 1.417693 1.478209 1.313670 1.078548 0.921297 0.857358 0.865772 0.837373 0.818607 0.766102 0.701049 0.748840 0.677789 0.560405 0.000000 0.000000 0.000000 0.000000 0.000000 0.000000 0.000000 0.000000 0.000000 0.000000 0.000000 0.000000 0.000000 0.000000 0.000000 0.000000 0.000000 0.000000 0.000000 0.000000 0.000000 0.000000 0.447468 0.417792 0.000000 0.000000 0.000000 0.000000 0.000000 0.000000 0.000000 0.000000 0.000000 0.000000 0.000000 0.000000 0.000000 0.000000 0.000000 0.000000 0.000000 0.000000 0.000000 0.000000 0.000000 0.000000 0.000000 0.000000 0.000000 0.000000 0.000000 0.000000 0.000000 0.000000 0.000000 0.000000 0.000000 0.000000 0.000000 0.000000 0.000000 0.000000 0.000000 0.000000 0.000000 0.000000 0.000000 0.000000 0.000000 0.000000 0.000000 0.000000 0.000000 0.000000 0.000000 0.000000 0.000000 0.000000 0.000000 0.000000 0.000000 0.000000 0.000000 0.000000 0.000000 0.000000 0.000000 0.000000 0.000000 0.000000 0.000000 0.000000 0.000000 0.000000 0.000000 0.000000 0.000000 0.000000 0.000000
0.000000 0.000000 0.000000 0.000000 0.000000 0.000000 0.000000 0.000000 0.000000 0.000000 0.000000 0.000000 0.000000 0.000000 0.000000 0.000000 0.000000 0.673780 0.597147 0.682475 0.878261 0.942723 0.920913 0.839922 0.732816 0.643636 0.598615 0.543161 0.524499 0.477407 0.424829 0.380358 0.000000 0.000000 0.000000 0.000000 0.000000 0.000000 0.000000 0.000000 0.000000 0.000000 0.000000 0.000000 0.410458 0.421791 0.444113 0.445748 0.443723 0.428312 0.000000 0.000000 0.000000 0.000000 0.376138 0.000000 0.000000 0.000000 0.396205 0.453187 0.491794 0.527333 0.587287 0.671851 0.730808 0.747769 0.703188 0.628675 0.631041 0.634564 0.728225 0.804996 0.762706 0.973041 0.620528 0.566352 0.509006 0.548137 0.572698 0.579786 0.614881 0.586107 0.652035 0.641054 0.602156 0.605814 0.637704 0.712661 0.806852 0.931041 1.008201 1.102442 1.108516 1.221840 0.881556 0.836840 1.019646 0.769731 0.693034 0.725546 0.739104 0.720909 0.642598 0.555676 0.469390 0.599791 0.592788 0.613526 0.917018 0.768797 0.768262 0.767402 0.908035 0.826046 0.785529 1.001375 0.689422 0.869194 0.677777 0.775951 0.922585 0.852025 0.748894 0.670241 0.590004 0.706973 0.707617 0.640935 0.581105 0.559430 0.589605 1.001895 0.716558 0.710162 0.303475 0.264555 0.277283 0.686976 0.649004 0.707218 0.703558 0.583766 0.537845 0.543370 0.609850 0.265953 0.143602 0.718928 0.751003 0.909905 0.946909 0.756161 0.565846 0.733538 0.787987 0.847239 0.916170 0.585841 0.813803 0.922584 1.189891 0.954116 1.306892 1.413796 1.161114 1.381476 1.349916 1.416443 1.455191 1.361948 1.193916 1.008574 1.053071 1.056326 1.009473 0.900976 0.809566 0.711304 0.748843 0.607855 0.412821 0.000000 0.000000 0.000000 0.000000 0.000000 0.000000 0.000000 0.000000 0.000000 0.000000 0.000000 0.000000 0.000000 0.000000 0.000000 0.000000 0.000000 0.000000 0.000000 0.000000 0.000000 0.000000 0.000000 0.000000 0.000000 0.000000 0.000000 0.000000 0.000000 0.000000 0.000000 0.000000 0.000000 0.000000 0.000000 0.000000 0.000000 0.000000 0.000000 0.000000 0.000000 0.000000 0.000000 0.000000 0.000000 0.000000 0.000000 0.000000 0.000000 0.000000 0.000000 0.000000 0.000000 0.000000 0.000000 0.000000 0.000000 0.000000 0.000000 0.000000 0.000000 0.000000 0.000000 0.000000 0.000000 0.000000 0.000000 0.000000 0.000000 0.000000 0.000000 0.000000 0.000000 0.000000 0.000000 0.000000 0.000000 0.000000 0.000000 0.000000 0.000000 0.000000 0.000000 0.000000 0.000000 0.000000 0.000000 0.000000 0.000000 0.000000 0.000000 0.000000 0.000000 0.000000 0.000000 0.000000 0.000000 0.000000 0.000000
0.000000 0.000000 0.000000 0.000000 0.000000 0.000000 0.000000 0.000000 0.000000 0.000000 0.000000 0.000000 0.522106 0.616207 0.565838 0.462874 0.000000 0.000000 0.443526 0.449804 0.564191 0.809382 0.951901 0.966592 0.899819 0.800237 0.711845 0.643501 0.601301 0.530356 0.494576 0.441330 0.376774 0.000000 0.000000 0.000000 0.000000 0.000000 0.000000 0.000000 0.000000 0.509557 0.632532 0.677978 0.686825 0.681217 0.631389 0.580280 0.536758 0.476667 0.413627 0.497251 0.538700 0.511496 0.488529 0.496250 0.460693 0.382105 0.426270 0.455255 0.456938 0.451863 0.454823 0.464313 0.491672 0.481398 0.500843 0.588851 0.655073 0.759145 0.848294 0.948554 0.919819 0.825277 0.709665 0.608764 0.553304 0.604680 0.646327 0.545770 0.562951 0.564776 0.550965 0.676229 0.612064 0.578373 0.577851 0.653020 0.777463 0.913778 0.995129 1.014275 1.041230 1.025185 0.928403 0.839271 0.917394 0.973493 0.971976 0.796965 0.735113 0.729452 0.804945 0.718638 0.677063 0.625606 0.489414 0.666384 0.997692 0.932805 0.916075 0.851170 0.820420 0.790107 0.789039 0.763359 0.854354 0.979389 0.971976 0.937510 0.863034 0.871935 0.748920 0.614124 0.656603 0.761118 0.777665 0.813181 0.776200 0.726591 0.880419 0.904613 0.893410 0.621464 0.613474 0.319115 0.316012 0.352758 0.714999 0.702940 0.643568 0.441997 0.817533 0.600588 0.606453 0.599756 0.524198 0.956312 1.037539 0.842845 0.754245 0.850599 1.039983 0.941106 0.937491 0.942261 0.782732 0.296591 0.207704 0.499834 0.759315 0.984889 1.659838 1.545146 1.266135 1.016619 1.411037 1.110967 1.090878 0.991428 0.785305 0.687813 1.160856 1.125127 1.149280 1.000436 0.862901 0.709209 0.681740 0.554524 0.467377 0.440258 0.000000 0.000000 0.000000 0.000000 0.000000 0.000000 0.000000 0.000000 0.000000 0.470765 0.551233 0.563749 0.513118 0.000000 0.000000 0.000000 0.000000 0.000000 0.000000 0.000000 0.000000 0.000000 0.000000 0.000000 0.000000 0.000000 0.000000 0.000000 0.000000 0.000000 0.000000 0.000000 0.000000 0.000000 0.000000 0.000000 0.000000 0.000000 0.000000 0.000000 0.000000 0.000000 0.000000 0.000000 0.000000 0.000000 0.000000 0.000000 0.000000 0.000000 0.000000 0.000000 0.000000 0.000000 0.000000 0.000000 0.000000 0.000000 0.000000 0.000000 0.000000 0.000000 0.000000 0.000000 0.000000 0.000000 0.000000 0.000000 0.000000 0.000000 0.000000 0.000000 0.000000 0.000000 0.000000 0.000000 0.000000 0.000000 0.000000 0.000000 0.000000 0.000000 0.000000 0.000000 0.000000 0.000000 0.000000 0.000000 0.000000 0.000000 0.000000 0.000000 0.000000 0.000000 0.000000 0.000000 0.000000 0.000000
0.000000 0.000000 0.000000 0.000000 0.000000 0.000000 0.000000 0.000000 0.000000 0.000000 0.000000 0.702886 0.824771 0.839256 0.746906 0.637291 0.643009 0.545654 0.758188 0.715269 0.644245 0.702878 0.850549 0.946004 0.946139 0.888824 0.796573 0.710505 0.602860 0.515797 0.439870 0.378414 0.000000 0.000000 0.000000 0.000000 0.000000 0.000000 0.000000 0.000000 0.000000 0.570865 0.715809 0.792025 0.803021 0.767395 0.701344 0.676084 0.619112 0.573662 0.559122 0.580410 0.609180 0.566153 0.503638 0.462199 0.421367 0.000000 0.000000 0.000000 0.000000 0.000000 0.000000 0.000000 0.000000 0.000000 0.495865 0.632809 0.618393 0.826532 0.897885 0.914367 0.851715 0.756330 0.657462 0.590841 0.675329 0.766486 0.832223 0.913813 0.945877 0.843327 0.800675 0.737161 0.660475 0.463734 0.573340 0.779491 0.552851 0.684037 0.761403 0.783942 0.793854 0.812251 0.774377 0.899427 1.046849 1.077597 1.023612 0.940176 0.886860 0.918279 0.981675 0.970096 0.822799 0.927350 0.972492 0.921499 0.981368 0.961484 0.948270 0.897249 0.939921 0.911311 0.879976 0.822395 0.848708 0.978744 0.966221 0.977640 1.002507 1.135908 1.129578 1.040464 0.918368 0.925374 0.956217 1.104513 1.023973 0.949996 0.893854 0.830285 1.071458 0.589876 0.623821 0.802546 0.389404 0.451404 0.517841 0.497760 0.733897 0.261169 0.618630 0.636627 0.608527 0.593230 0.550543 0.635379 0.677508 0.667877 0.882152 1.000165 1.089611 1.005524 0.926701 0.879309 0.698731 0.341511 0.165179 0.382458 0.767838 1.449822 1.511944 1.402488 1.406447 0.911178 0.926153 1.120439 1.000514 0.900941 0.633196 1.125479 1.144092 1.080596 1.205694 1.138539 0.910241 0.703723 0.593548 0.679229 0.564309 0.514680 0.444222 0.000000 0.000000 0.000000 0.000000 0.000000 0.000000 0.622934 0.762156 0.760182 0.733925 0.663226 0.543590 0.000000 0.000000 0.000000 0.000000 0.000000 0.000000 0.000000 0.000000 0.000000 0.000000 0.000000 0.000000 0.000000 0.000000 0.000000 0.000000 0.000000 0.000000 0.000000 0.000000 0.000000 0.000000 0.000000 0.000000 0.000000 0.000000 0.000000 0.000000 0.000000 0.000000 0.000000 0.000000 0.000000 0.000000 0.000000 0.000000 0.000000 0.000000 0.000000 0.000000 0.000000 0.000000 0.000000 0.000000 0.000000 0.000000 0.000000 0.000000 0.000000 0.000000 0.000000 0.000000 0.000000 0.000000 0.000000 0.000000 0.000000 0.000000 0.000000 0.000000 0.000000 0.000000 0.000000 0.000000 0.000000 0.000000 0.000000 0.000000 0.000000 0.000000 0.000000 0.000000 0.000000 0.000000 0.000000 0.000000 0.000000 0.000000 0.000000 0.000000 0.000000 0.000000 0.000000 0.000000 0.000000
0.000000 0.000000 0.000000 0.000000 0.000000 0.000000 0.000000 0.000000 0.000000 0.804382 0.635542 0.774271 0.813187 0.834720 0.729509 0.744621 0.777176 0.788573 0.773382 0.720056 0.761289 0.753826 0.719687 0.802092 0.849679 0.822663 0.769507 0.670163 0.555413 0.418025 0.000000 0.000000 0.000000 0.000000 0.000000 0.000000 0.000000 0.000000 0.000000 0.000000 0.000000 0.406626 0.406094 0.852972 0.462882 0.576152 0.695790 0.704236 0.687988 0.643012 0.920730 0.509019 0.423102 0.431512 0.434786 0.413364 0.000000 0.000000 0.000000 0.000000 0.000000 0.000000 0.000000 0.000000 0.366190 0.434128 0.489876 0.575972 0.493808 0.508871 0.532455 0.548451 0.596889 0.568758 0.642841 0.595911 0.986709 1.109359 1.118930 1.067721 0.989396 0.917776 0.765455 0.687032 0.667979 0.613467 0.553418 0.513571 0.503804 0.683850 0.726860 0.733266 0.965575 0.779019 0.799719 1.061304 1.147768 1.091084 0.974732 0.873621 0.813069 0.842174 0.927990 0.917119 0.911995 0.913574 0.981530 1.077799 1.143358 1.079305 1.084910 0.995147 0.959177 0.999639 0.935877 0.873648 0.750208 0.790221 0.845015 0.818271 0.955964 1.036765 1.145390 1.112529 1.073031 1.084576 1.077094 1.028204 0.745864 0.662414 0.763793 0.675563 0.624796 0.542692 0.566332 0.749758 0.707513 0.918189 0.520002 0.467329 0.368686 0.380748 0.290144 0.226040 0.270644 0.643562 0.598456 0.570509 0.579896 0.649720 0.521597 0.859413 1.056594 1.064195 0.950704 0.699415 0.319676 0.693737 0.278032 0.399546 0.964005 1.373619 1.233789 1.089240 0.966658 0.961437 1.120332 1.261945 1.345030 1.237515 1.104290 1.088659 1.079898 1.118119 1.252764 1.247027 1.151625 0.885936 0.844171 0.793774 0.760452 0.638185 0.468787 0.436446 0.421269 0.452960 0.473630 0.463725 0.677929 0.842676 0.981918 0.933317 0.805465 0.640338 0.467915 0.000000 0.000000 0.000000 0.000000 0.000000 0.000000 0.000000 0.000000 0.000000 0.000000 0.000000 0.000000 0.000000 0.000000 0.000000 0.000000 0.000000 0.000000 0.000000 0.000000 0.000000 0.000000 0.000000 0.000000 0.000000 0.000000 0.000000 0.000000 0.000000 0.000000 0.000000 0.000000 0.000000 0.000000 0.000000 0.000000 0.000000 0.000000 0.000000 0.000000 0.000000 0.000000 0.000000 0.000000 0.000000 0.000000 0.000000 0.000000 0.000000 0.000000 0.000000 0.000000 0.000000 0.000000 0.000000 0.000000 0.000000 0.000000 0.000000 0.000000 0.000000 0.000000 0.000000 0.000000 0.000000 0.000000 0.000000 0.000000 0.000000 0.000000 0.000000 0.000000 0.000000 0.000000 0.000000 0.000000 0.000000 0.000000 0.000000 0.000000 0.000000 0.000000 0.000000 0.000000 0.000000
0.000000 0.000000 0.000000 0.000000 0.000000 0.000000 0.000000 0.117678 0.486520 1.811777 1.027202 0.970008 0.838648 0.846677 0.912601 0.940125 0.948640 0.916508 0.869393 0.789486 0.682548 0.591237 0.822482 0.768204 0.670625 0.628527 0.569291 0.518196 0.418789 0.000000 0.000000 0.000000 0.000000 0.000000 0.000000 0.000000 0.000000 0.000000 0.000000 0.000000 0.000000 0.000000 0.000000 0.000000 0.000000 0.000000 0.000000 0.000000 0.000000 0.510129 0.834277 0.621627 0.640428 0.585153 0.433016 0.000000 0.000000 0.000000 0.000000 0.000000 0.000000 0.372260 0.389130 0.409801 0.439627 0.492359 0.548108 0.573212 0.568915 0.531197 0.719470 0.749253 0.716019 0.480294 0.701526 0.934538 1.028453 1.144078 1.119749 1.027182 0.913324 0.767811 0.630291 0.451947 0.513602 0.533671 0.562292 0.534121 0.645864 0.740857 0.831521 0.868818 1.104782 0.866533 0.855608 1.036037 1.082806 0.986966 0.820006 0.652244 0.566091 0.623215 0.710667 0.695367 0.752405 0.799042 0.897823 0.973166 1.048691 1.044917 1.126625 1.107072 1.031273 0.963952 0.932075 0.881761 0.774422 0.758711 0.812007 0.839280 0.804278 0.890830 0.728803 0.714679 0.739772 0.920037 0.918859 0.885435 0.628752 0.532684 0.633273 0.608337 0.551813 0.545128 0.606576 0.644643 0.617179 0.219265 0.367811 0.414839 0.325529 0.233744 0.210059 0.174043 0.150089 0.224945 0.558183 0.641823 0.572765 0.644936 0.660563 0.770361 0.822172 0.920469 0.843722 0.808451 0.826838 0.856308 0.913504 0.972872 0.945054 0.871554 0.784610 0.679330 0.623807 0.802354 0.747232 0.962335 0.948603 1.285936 1.228070 1.140488 1.166222 1.208794 1.267304 1.238664 1.172188 1.172172 0.956836 1.076976 0.941736 0.765351 0.609885 0.554880 0.684422 0.584418 0.640320 0.698764 0.811013 0.937413 0.865400 0.745319 0.603942 0.449226 0.000000 0.000000 0.000000 0.000000 0.000000 0.000000 0.000000 0.000000 0.000000 0.000000 0.000000 0.000000 0.000000 0.000000 0.000000 0.000000 0.000000 0.000000 0.000000 0.000000 0.000000 0.000000 0.000000 0.000000 0.000000 0.000000 0.000000 0.000000 0.000000 0.000000 0.000000 0.000000 0.000000 0.000000 0.000000 0.000000 0.000000 0.000000 0.000000 0.000000 0.000000 0.479046 0.505933 0.489019 0.420324 0.000000 0.000000 0.000000 0.000000 0.000000 0.000000 0.000000 0.000000 0.000000 0.000000 0.000000 0.000000 0.000000 0.000000 0.000000 0.000000 0.000000 0.000000 0.000000 0.000000 0.000000 0.000000 0.000000 0.000000 0.000000 0.000000 0.000000 0.000000 0.000000 0.000000 0.000000 0.000000 0.000000 0.000000 0.000000 0.000000 0.000000 0.000000 0.000000 0.000000 0.000000
0.000000 0.000000 0.000000 0.000000 0.000000 0.000000 0.000000 0.081236 0.000000 2.006662 1.058160 0.821399 0.885956 0.968199 0.988358 1.002098 0.991574 0.945870 0.898974 0.810463 0.705947 0.606414 0.528438 0.478264 0.539246 0.430224 0.375940 0.000000 0.000000 0.000000 0.000000 0.000000 0.000000 0.000000 0.000000 0.000000 0.000000 0.000000 0.000000 0.000000 0.000000 0.000000 0.000000 0.000000 0.000000 0.000000 0.000000 0.000000 0.000000 0.476147 0.664537 0.717806 0.668664 0.558071 0.463231 0.000000 0.000000 0.401162 0.420356 0.422264 0.435055 0.437915 0.436165 0.434187 0.409950 0.408605 0.420361 0.441084 0.443404 0.428650 0.410365 0.000000 0.445577 0.542118 0.845913 1.090181 1.129974 1.056255 0.922883 0.811034 0.718893 0.608691 0.501607 0.567357 0.593453 0.660736 0.688854 0.693857 0.649672 0.680214 0.666017 0.733546 0.842939 0.850043 0.917073 1.009101 1.005490 0.922605 0.764331 0.600873 0.512207 0.437204 0.422752 0.656276 0.712852 0.747554 0.720073 0.734421 0.873667 0.993038 1.058108 0.957337 0.955629 0.902422 0.817389 0.849052 0.847213 0.812633 0.248083 0.239150 0.311460 0.271234 0.254097 0.242605 0.641227 0.815102 0.836902 0.814834 0.756281 0.658709 0.606639 0.929974 0.692674 0.694647 0.717797 0.660077 0.525552 0.603898 0.645089 0.688681 0.718941 0.718838 0.827003 0.739096 0.534322 0.492827 0.136448 0.496430 0.537305 0.792544 0.696915 0.864897 0.756864 0.946828 1.018067 1.082293 1.101184 1.097351 1.030916 0.993479 0.911128 0.437004 0.692691 0.789573 0.744012 0.795660 0.821075 0.895020 1.103626 1.448714 1.592841 1.555214 1.497084 1.242766 1.305179 1.436857 1.292496 1.139266 1.217798 1.277895 1.089106 0.844066 0.691672 0.713052 0.783352 0.775400 0.773051 0.792480 0.837330 0.795904 0.657740 0.471687 0.000000 0.000000 0.000000 0.000000 0.000000 0.000000 0.000000 0.427340 0.442866 0.457402 0.500644 0.530627 0.541135 0.532002 0.503193 0.460758 0.000000 0.000000 0.000000 0.000000 0.000000 0.000000 0.000000 0.000000 0.000000 0.000000 0.000000 0.000000 0.000000 0.000000 0.000000 0.000000 0.000000 0.000000 0.000000 0.000000 0.000000 0.000000 0.000000 0.000000 0.000000 0.000000 0.499921 0.593715 0.611448 0.573271 0.468753 0.000000 0.000000 0.000000 0.000000 0.000000 0.000000 0.000000 0.000000 0.000000 0.000000 0.000000 0.000000 0.000000 0.000000 0.000000 0.000000 0.000000 0.000000 0.000000 0.000000 0.000000 0.000000 0.000000 0.000000 0.000000 0.000000 0.000000 0.000000 0.000000 0.000000 0.000000 0.000000 0.000000 0.000000 0.000000 0.000000 0.000000 0.000000 0.000000 0.000000 0.000000
0.435604 0.000000 0.000000 0.000000 0.000000 0.000000 0.000000 0.368305 0.412935 1.772815 1.166770 1.031245 0.941127 1.203698 1.060267 0.493811 0.477695 0.848270 0.832433 0.788552 0.707906 0.595578 0.621080 0.547616 0.504204 0.000000 0.000000 0.000000 0.000000 0.000000 0.000000 0.000000 0.000000 0.000000 0.000000 0.000000 0.000000 0.000000 0.000000 0.000000 0.000000 0.000000 0.000000 0.004000 0.000000 0.000000 0.000000 1.680067 0.513853 0.658378 0.691017 0.612543 0.514406 0.432809 0.000000 0.420331 0.502290 0.516822 0.505181 0.465903 0.424966 0.415108 0.411649 0.403766 0.549376 0.514944 0.496842 0.534837 0.551481 0.487261 0.000000 0.554190 0.596449 0.760722 0.910688 0.970200 0.926095 0.879563 0.838721 0.784558 0.709322 0.617260 0.528745 0.383442 0.680292 0.749854 0.791619 0.743672 0.676640 0.611778 0.546379 0.523106 0.655298 0.719100 0.731329 0.747627 0.805705 0.741073 0.626504 0.516462 0.421535 0.000000 0.000000 0.544479 0.570274 0.548784 0.495654 0.502171 0.500790 0.704576 0.830927 0.959157 1.065763 1.048199 0.933570 0.847546 0.807049 0.821703 0.821311 0.747998 0.762443 0.768307 0.735008 0.367309 0.387038 0.831294 0.776491 0.683825 0.615286 0.541538 0.718974 0.793942 0.722177 0.747179 0.775140 0.742634 0.729749 0.679751 0.587693 0.621377 0.678029 0.859779 0.789140 0.785324 0.753959 0.794001 0.622290 0.562180 0.641578 0.898528 0.724075 0.778730 0.817279 0.670056 0.743312 0.873139 1.319927 1.261045 1.228706 1.217926 1.152958 0.787705 0.626155 0.461307 0.543893 0.756398 0.876147 0.899777 1.193873 1.586496 1.672877 1.591662 1.524249 1.510150 1.463777 1.375909 1.336268 1.189778 1.298873 1.318842 1.121543 0.965759 0.928185 0.898031 0.894933 0.785526 0.769350 0.710715 0.663116 0.643262 0.547175 0.000000 0.000000 0.438701 0.531977 0.454062 0.434239 0.467014 0.545869 0.585091 0.621484 0.652539 0.676128 0.668700 0.640377 0.610654 0.568059 0.536785 0.493269 0.438547 0.000000 0.000000 0.000000 0.000000 0.000000 0.000000 0.000000 0.000000 0.000000 0.000000 0.000000 0.000000 0.000000 0.000000 0.000000 0.000000 0.000000 0.000000 0.000000 0.000000 0.000000 0.000000 0.000000 0.000000 0.000000 0.000000 0.000000 0.000000 0.431498 0.000000 0.000000 0.000000 0.000000 0.000000 0.000000 0.000000 0.000000 0.000000 0.000000 0.000000 0.000000 0.000000 0.000000 0.000000 0.000000 0.000000 0.000000 0.000000 0.000000 0.000000 0.000000 0.000000 0.000000 0.000000 0.000000 0.000000 0.000000 0.000000 0.000000 0.000000 0.000000 0.000000 0.000000 0.000000 0.000000 0.000000 0.000000 0.000000 0.000000 0.000000
0.496959 0.000000 0.000000 0.000000 0.000000 0.000000 0.000000 0.000000 0.611130 0.713148 0.870902 0.898155 0.895102 0.969305 0.896287 0.831208 0.751045 0.709652 0.856381 0.782278 0.738219 0.660767 0.538865 0.479000 0.390231 0.000000 0.000000 0.000000 0.000000 0.000000 0.583920 0.620554 0.608557 0.543614 0.445869 0.000000 0.000000 0.000000 0.000000 0.000000 0.000000 0.000000 0.000000 0.455522 0.000000 0.000000 0.000000 0.000000 0.826734 0.699896 0.594696 0.461997 0.000000 0.000000 0.422371 0.517719 0.494044 0.386174 0.000000 0.000000 0.000000 0.000000 0.000000 0.555593 0.718982 0.814345 0.769624 0.704070 0.715522 0.639473 0.724481 0.741776 0.649378 0.717339 0.640791 0.745270 0.736058 0.773818 0.743389 0.710480 0.608069 0.554465 0.468572 0.630473 0.662051 0.735343 0.772593 0.671503 0.618259 0.618151 0.610310 0.678683 0.674367 0.651391 0.772706 0.634567 0.608727 0.566611 0.580616 0.577579 0.532769 0.477894 0.417187 0.496404 0.412539 0.000000 0.000000 0.526617 0.000000 0.000000 0.505065 0.798001 0.942256 1.085106 1.180605 1.145961 0.928376 0.926041 1.347746 0.976078 0.979116 0.460814 0.389892 0.313183 0.543234 0.589436 0.589491 0.547499 0.538483 0.638881 0.779953 0.793891 0.764194 0.712727 0.704759 0.722121 0.746126 0.616482 0.635795 0.707769 0.759181 0.624992 0.732578 0.704430 0.673820 0.739348 0.707959 0.610623 0.511418 0.786475 0.687136 0.755635 0.820132 0.848917 0.969601 0.730636 1.296890 1.278006 1.241173 1.344222 1.105671 1.023461 0.754706 0.516380 0.587878 0.482766 0.897284 0.818658 1.030782 1.385952 1.482161 1.462087 1.389099 1.342529 1.338000 1.287830 1.306263 1.313413 1.316306 1.372803 1.319182 1.168151 0.986018 0.907639 0.838489 0.850602 0.615620 0.782588 0.783740 0.692691 0.651250 0.719082 0.752574 0.717075 0.687934 0.696215 0.660669 0.685302 0.784366 0.816663 0.840955 0.834084 0.805344 0.753463 0.709659 0.681117 0.649669 0.607896 0.558582 0.501720 0.443235 0.000000 0.000000 0.000000 0.000000 0.000000 0.000000 0.000000 0.000000 0.000000 0.000000 0.000000 0.000000 0.000000 0.000000 0.000000 0.000000 0.000000 0.000000 0.000000 0.000000 0.000000 0.000000 0.000000 0.000000 0.000000 0.000000 0.000000 0.000000 0.000000 0.000000 0.000000 0.000000 0.000000 0.000000 0.000000 0.000000 0.000000 0.000000 0.000000 0.000000 0.000000 0.000000 0.000000 0.000000 0.000000 0.000000 0.000000 0.000000 0.000000 0.000000 0.000000 0.000000 0.000000 0.000000 0.000000 0.000000 0.000000 0.000000 0.000000 0.000000 0.000000 0.000000 0.000000 0.000000 0.000000 0.000000 0.000000 0.000000 0.000000
0.557983 0.000000 0.000000 0.000000 0.000000 0.000000 0.000000 0.591211 0.710952 0.962976 1.401182 1.177244 1.011414 0.848271 0.787650 0.761962 0.686274 0.758670 0.820101 0.805816 0.752428 0.671314 0.531470 0.486238 0.393037 0.000000 0.000000 0.000000 0.467245 0.812428 1.014994 1.060010 1.027539 0.921652 0.773436 0.614102 0.463358 0.000000 0.000000 0.000000 0.000000 0.000000 0.000000 0.000000 0.000000 0.000000 0.000000 0.000000 0.939314 0.000000 0.000000 0.000000 0.545468 0.625284 0.643952 0.627955 0.564353 0.537147 0.692473 0.758973 0.706276 0.588553 0.439037 0.000000 0.634562 0.869951 0.946992 0.919335 0.785371 0.783875 0.852387 0.913971 0.897534 0.679388 0.563954 0.682732 0.578221 0.560596 0.581462 0.511906 0.657670 0.668846 0.828564 0.873652 0.894432 0.836386 0.842037 1.134959 0.780470 0.855985 0.882614 0.898090 0.835916 0.768850 0.768913 0.744293 0.694091 0.678795 0.624832 0.598610 0.552042 0.405148 0.000000 0.414305 0.515574 0.589559 0.582392 0.536672 0.491535 0.492083 0.569654 0.594184 0.711220 0.940150 1.063420 1.074984 1.520819 1.083201 0.931070 0.722147 0.658945 0.602076 0.564699 0.525867 0.485261 0.541838 0.552599 0.552490 0.536597 0.674773 0.734872 0.652989 0.567730 0.683485 0.715596 0.704859 0.687303 0.710750 0.684422 0.651153 0.728149 0.517131 0.802046 0.791170 0.817390 0.815960 0.764513 0.683959 0.588023 0.674619 0.692778 0.810836 0.775593 0.914222 0.833384 0.478952 1.019264 1.145702 1.208516 1.341948 0.950279 0.702702 0.587567 0.658960 1.109396 1.020911 0.901327 0.794456 0.857726 0.864984 0.916661 1.164357 1.153090 1.109733 1.204146 1.359858 1.390044 1.424275 1.381425 1.282725 1.212491 1.201087 1.043947 0.910166 0.859709 0.652824 0.737226 0.716879 0.823904 0.794712 0.654220 0.717822 0.735695 0.709453 0.855139 0.798945 0.787323 0.818842 0.929061 0.858115 0.988997 0.966674 0.870809 0.804067 0.767501 0.751453 0.798983 0.746013 0.659534 0.555592 0.547523 0.572756 0.478411 0.000000 0.000000 0.000000 0.000000 0.000000 0.000000 0.000000 0.000000 0.000000 0.000000 0.000000 0.000000 0.000000 0.000000 0.000000 0.000000 0.000000 0.000000 0.000000 0.000000 0.000000 0.000000 0.000000 0.000000 0.000000 0.000000 0.000000 0.000000 0.000000 0.000000 0.000000 0.000000 0.000000 0.000000 0.000000 0.000000 0.000000 0.000000 0.000000 0.000000 0.000000 0.000000 0.000000 0.000000 0.000000 0.000000 0.000000 0.000000 0.000000 0.000000 0.000000 0.000000 0.000000 0.000000 0.000000 0.000000 0.000000 0.000000 0.000000 0.000000 0.000000 0.000000 0.000000 0.000000 0.000000 0.000000 0.000000
0.568177 0.000000 0.000000 0.000000 0.000000 0.000000 0.000000 0.659235 0.720083 0.787971 0.622691 0.676766 0.723680 0.553308 0.543107 0.682758 0.646569 0.683018 0.741825 0.725965 0.649482 0.540596 0.000000 0.363735 0.000000 0.000000 0.531213 0.597489 0.573629 0.517255 0.700720 0.782379 0.773641 0.716933 0.626393 0.521631 0.415856 0.000000 0.000000 0.000000 0.000000 0.000000 0.000000 0.000000 0.000000 0.000000 0.000000 1.019647 1.409591 0.004000 0.406134 0.622157 0.794367 0.808526 0.707059 0.664158 0.719543 0.712446 0.886315 0.911806 0.821614 0.659571 0.468136 0.000000 0.000000 0.936821 1.039435 1.039093 0.923323 0.767064 0.698066 0.758700 0.885848 0.770497 0.999802 0.459403 0.000000 0.746891 0.668808 0.649036 0.774670 0.884649 0.992618 0.866816 0.844431 0.721932 0.472474 0.617849 0.724817 0.838645 0.883738 0.858490 0.860231 0.831448 0.841133 0.771645 0.733592 0.727695 0.688681 0.590161 0.437990 0.372323 0.474645 0.486450 0.786512 0.782862 0.825968 0.811434 0.754052 0.673644 0.589320 0.744320 0.830730 0.989825 1.099093 1.174021 1.054446 0.978414 0.873309 0.749491 0.759699 0.703050 0.615771 0.537220 0.052006 0.451267 0.629882 0.589756 0.574703 0.631876 0.734768 0.582246 0.627112 0.634808 0.672060 0.802835 0.830775 0.855493 0.965901 0.711086 0.590061 0.601865 0.697541 0.861904 1.065146 0.812920 0.714102 0.627283 0.091014 0.494500 0.718826 0.783638 0.838434 0.857437 0.938152 0.664221 0.722094 1.256020 1.430435 1.567251 1.080557 1.020743 1.230860 1.411594 1.296027 1.119242 1.012843 0.988731 0.935225 0.827951 0.791111 0.765748 0.815208 0.853982 1.033981 1.298180 1.363838 1.377478 1.327070 1.130118 1.022820 1.152131 1.036711 0.977768 0.879009 0.808298 0.814856 0.991973 0.962789 0.774704 0.930529 0.716002 0.740629 0.817181 0.973467 0.897412 0.965723 1.126171 1.113277 1.092818 1.061361 1.077079 0.961036 0.893300 0.889877 0.893596 0.807751 0.800183 0.720537 0.691404 0.674352 0.597983 0.579222 0.000000 0.000000 0.832439 0.474435 0.416086 0.000000 0.000000 0.000000 0.000000 0.000000 0.000000 0.000000 0.000000 0.000000 0.000000 0.000000 0.000000 0.000000 0.000000 0.000000 0.000000 0.000000 0.000000 0.000000 0.000000 0.000000 0.000000 0.000000 0.000000 0.000000 0.000000 0.000000 0.000000 0.000000 0.000000 0.000000 0.000000 0.000000 0.000000 0.000000 0.000000 0.000000 0.000000 0.000000 0.000000 0.000000 0.000000 0.000000 0.000000 0.000000 0.000000 0.000000 0.000000 0.000000 0.000000 0.000000 0.000000 0.000000 0.000000 0.000000 0.000000 0.000000 0.000000 0.000000 0.000000 0.000000 0.000000
0.570948 0.000000 0.000000 0.000000 0.000000 0.000000 0.000000 0.000000 0.000000 0.000000 0.000000 0.000000 0.700937 0.514434 0.555656 0.666058 0.710404 0.695059 0.657190 0.595979 0.519726 0.451247 0.388649 0.000000 0.000000 0.000000 0.434378 0.499244 0.503490 0.462220 0.411822 0.000000 0.000000 0.000000 0.000000 0.000000 0.000000 0.000000 0.000000 0.000000 0.000000 0.000000 0.000000 0.000000 0.000000 0.000000 0.000000 0.518204 0.274637 0.000000 0.000000 0.459950 0.522648 0.564987 0.536830 0.454618 0.500024 0.000000 0.000000 0.000000 0.000000 0.000000 0.510935 0.557804 0.560448 0.518128 0.611444 0.708927 0.707660 0.564502 0.478971 0.423330 0.406431 0.467171 0.000000 0.000000 0.000000 0.000000 0.000000 0.000000 0.437729 0.668705 0.756230 0.704305 0.606687 0.561744 0.695041 0.791637 0.844745 0.813812 0.848514 0.808645 0.850772 0.816473 0.766453 0.693099 0.729262 0.702695 0.668446 0.505806 0.000000 0.482170 0.680362 0.737857 0.757646 0.821775 0.855486 0.826499 0.811235 0.784571 0.717980 0.637366 0.617291 0.781074 0.834231 0.982356 1.043167 0.831658 0.726307 0.787690 0.794543 0.473021 0.369485 0.579841 0.634725 0.622681 0.641012 0.580776 0.549401 0.442369 0.651746 0.686495 0.778216 0.818186 0.876902 0.777810 0.864510 0.887756 0.848599 0.759066 0.652994 0.665710 0.709613 0.823545 0.782041 0.729506 0.633440 0.552689 0.509098 0.626120 0.736439 0.851153 0.817190 1.024512 0.981652 0.822937 0.772909 0.945058 1.171063 1.325927 1.396304 1.242452 1.280804 1.435894 1.398583 1.264541 1.190189 0.979621 1.022660 0.886247 0.744244 0.622349 0.606805 0.672562 0.846386 1.043844 1.173846 1.212130 1.165397 1.059874 0.904848 0.953899 1.004243 0.899083 0.850983 0.912095 0.913538 1.161297 1.128394 0.876663 0.968462 0.841568 0.892550 0.970519 0.992840 0.912027 1.053527 1.039150 0.995924 1.018396 0.997788 0.980920 0.969442 1.014727 1.003550 0.924154 0.783422 0.818654 0.842833 0.809371 0.687923 0.516491 0.000000 0.451597 0.460326 0.826394 0.460897 0.475407 0.490857 0.446437 0.000000 0.525566 0.000000 0.000000 0.000000 0.000000 0.000000 0.000000 0.000000 0.000000 0.000000 0.000000 0.000000 0.000000 0.000000 0.000000 0.000000 0.000000 0.000000 0.000000 0.000000 0.000000 0.000000 0.000000 0.000000 0.000000 0.000000 0.000000 0.000000 0.000000 0.000000 0.000000 0.000000 0.000000 0.000000 0.000000 0.000000 0.000000 0.000000 0.000000 0.000000 0.000000 0.000000 0.000000 0.000000 0.000000 0.000000 0.000000 0.000000 0.000000 0.000000 0.000000 0.000000 0.000000 0.000000 0.000000 0.000000 0.000000 0.000000 0.000000
0.567863 0.000000 0.000000 0.000000 0.000000 0.000000 0.000000 0.000000 0.000000 0.000000 0.000000 0.000000 0.000000 0.000000 0.000000 0.470758 0.560869 0.566733 0.538944 0.486586 0.478790 0.506533 0.474724 0.000000 0.000000 0.419665 0.508062 0.429911 0.387505 0.000000 0.000000 0.000000 0.000000 0.000000 0.000000 0.000000 0.000000 0.000000 0.000000 0.000000 0.000000 0.000000 0.000000 0.000000 0.000000 0.000000 0.000000 0.461784 0.463538 0.419287 0.000000 0.000000 0.000000 0.000000 0.000000 0.000000 0.000000 0.000000 0.000000 0.000000 0.588673 0.594615 0.656326 0.686633 0.684003 0.673795 0.634809 0.579994 0.612869 0.497685 0.454846 0.492781 0.629646 0.800431 0.831226 0.753414 0.634379 0.560898 0.487885 0.000000 0.000000 0.000000 0.000000 0.590207 0.784821 0.845518 0.838122 0.767163 0.707392 0.643533 0.555728 0.537987 0.553483 0.566117 0.549103 0.595365 0.781019 0.520994 0.000000 0.000000 0.000000 0.451969 0.584237 0.630922 0.662742 0.730555 0.857254 0.933899 0.913646 0.840035 0.725334 0.667335 0.618062 0.613313 0.583418 0.498899 0.560507 0.597451 0.654124 0.290909 0.286972 0.245552 0.569582 0.147091 0.658678 0.998443 1.005919 0.790474 0.608032 0.663014 0.596518 0.780185 0.867512 0.976009 1.109174 0.979462 0.978327 0.971953 0.920389 0.814220 0.718395 0.654567 0.680591 0.547594 0.664166 0.610012 0.591379 0.540622 0.445717 0.674430 0.861993 0.792626 0.727381 1.014652 1.036810 0.891745 0.751083 0.626341 0.709062 0.949755 1.065901 1.244339 1.346559 1.410837 1.404594 1.203151 1.133021 0.780684 0.568431 0.342407 0.211277 0.226675 0.633724 0.611879 0.553297 0.650306 0.857876 0.968422 0.948336 0.789271 0.784019 0.937089 1.070996 0.960960 0.941740 0.875768 0.970824 1.010303 1.124794 1.106529 0.980790 0.782617 0.638657 0.738101 0.780364 0.773792 0.852794 0.919531 0.946988 0.865043 0.814417 0.813396 0.899471 0.967782 0.976427 0.964043 1.033229 1.048313 0.997690 0.827238 0.524626 0.500724 0.624969 0.662829 0.620193 0.593638 0.562725 0.654266 0.630051 0.547718 0.424498 0.000000 0.000000 0.000000 0.438778 0.493949 0.498186 0.459621 0.000000 0.000000 0.000000 0.000000 0.000000 0.000000 0.000000 0.000000 0.000000 0.000000 0.000000 0.000000 0.000000 0.000000 0.000000 0.000000 0.000000 0.000000 0.000000 0.000000 0.000000 0.000000 0.000000 0.000000 0.000000 0.000000 0.000000 0.000000 0.000000 0.000000 0.000000 0.000000 0.000000 0.000000 0.000000 0.000000 0.000000 0.000000 0.000000 0.000000 0.000000 0.000000 0.000000 0.000000 0.000000 0.000000 0.000000 0.000000 0.000000 0.000000 0.000000 0.000000
0.557115 0.000000 0.000000 0.000000 0.000000 0.000000 0.000000 0.000000 0.000000 0.000000 0.000000 0.000000 0.000000 0.500441 0.603135 0.618117 0.589480 0.509022 0.444888 0.556148 0.718362 0.679906 0.635442 0.626303 0.610491 0.615118 0.522717 0.551366 0.459652 0.426623 0.382919 0.000000 0.000000 0.000000 0.000000 0.000000 0.000000 0.000000 0.000000 0.000000 0.000000 0.445327 0.000000 0.000000 0.000000 0.456148 0.432145 0.538991 0.437641 0.000000 0.000000 0.000000 0.000000 0.450009 0.000000 0.605854 0.688331 0.666257 0.593216 0.596568 0.734022 0.774093 0.817384 0.814991 0.885961 0.869984 0.867704 0.780938 0.689528 0.750128 0.811884 0.809405 1.029147 1.218228 1.196214 1.039181 0.878244 0.741581 0.606903 0.479528 0.000000 0.000000 0.000000 0.762936 0.918499 0.901825 1.089411 0.677144 0.597498 0.563659 0.524453 0.563709 0.601266 0.623425 0.627836 0.612868 0.577330 0.537315 0.480146 0.493949 0.440229 0.454791 0.537507 0.555331 0.639136 0.688182 0.733551 0.816252 0.838125 0.769069 0.675024 0.663965 0.690419 0.685584 0.640467 0.579329 0.474849 0.623894 0.558647 0.544077 0.621932 0.567666 0.436577 0.577427 0.639538 0.563742 0.558882 0.578283 0.596274 0.610203 0.634175 0.674244 0.694600 1.040162 1.131118 0.993665 1.217362 0.990350 0.929168 0.850995 0.788160 0.723432 0.626677 0.533586 0.537356 0.432155 0.473248 0.445038 0.403399 0.593125 0.945305 1.032106 1.125623 1.155175 1.042643 0.831794 0.636949 0.586180 0.692625 0.781743 0.814581 0.942167 1.075798 1.161575 1.212970 1.249812 1.099126 0.659744 0.427984 0.434199 0.702113 0.257558 0.684903 0.670261 0.563989 0.000000 0.569326 0.742077 0.708890 0.798267 0.965612 1.055032 1.180301 1.200231 0.967903 0.843221 1.041322 1.286505 1.151683 0.873912 0.669897 0.668202 0.744600 0.671063 0.658833 0.653501 0.617720 0.765705 0.767455 0.680034 0.580093 0.751164 0.829424 0.944832 1.181797 1.310239 1.328297 1.184919 0.850943 0.565871 0.741455 0.743492 0.661294 0.657609 0.554218 0.000000 0.681467 0.758041 0.700860 0.575445 0.000000 0.000000 0.000000 0.462039 0.569254 0.579647 0.540513 0.467386 0.000000 0.000000 0.385516 0.000000 0.000000 0.000000 0.000000 0.000000 0.000000 0.000000 0.000000 0.000000 0.000000 0.000000 0.000000 0.000000 0.000000 0.000000 0.000000 0.000000 0.000000 0.000000 0.000000 0.000000 0.000000 0.000000 0.000000 0.000000 0.000000 0.000000 0.000000 0.000000 0.000000 0.000000 0.000000 0.000000 0.000000 0.000000 0.000000 0.000000 0.000000 0.000000 0.000000 0.000000 0.000000 0.000000 0.000000 0.000000 0.000000 0.000000 0.000000 0.000000
0.493638 0.000000 0.000000 0.000000 0.000000 0.000000 0.000000 0.000000 0.000000 0.000000 0.000000 0.519823 0.822556 0.953780 0.985399 0.940570 0.903391 0.862757 1.261694 0.938912 0.905393 0.735668 0.631978 0.710483 0.518144 0.509961 0.430066 0.000000 0.000000 0.000000 0.000000 0.000000 0.000000 0.000000 0.000000 0.000000 0.000000 0.000000 0.000000 0.000000 0.000000 0.000000 0.000000 0.000000 0.529805 0.628476 0.625426 0.671558 0.643946 0.812909 0.565274 0.558515 0.619347 0.692274 0.628917 0.645463 0.811175 0.806273 0.727815 0.676895 0.630139 0.587976 1.085556 1.067225 1.134754 1.204262 1.157375 1.045361 0.961863 0.918479 1.038226 1.049939 0.887865 0.945198 1.061051 1.098018 0.990074 0.840484 0.758834 0.730452 0.690891 0.630390 0.615847 0.648016 0.678854 0.666648 0.582878 0.555237 0.591811 0.641721 0.681234 0.733258 0.763798 0.764879 0.751855 0.730990 0.691891 0.709853 0.676023 0.673484 0.650305 0.628024 0.613151 0.599373 0.618716 0.624708 0.630353 0.642437 0.667557 0.650796 0.662255 0.729082 0.741619 0.713020 0.630404 0.576717 0.705913 0.474728 0.546725 0.502592 0.592509 0.584496 0.729538 0.825341 0.732334 0.663155 0.686235 0.609763 0.578027 0.976712 0.770040 0.679758 1.172256 0.951079 0.773973 0.852187 0.904526 1.097557 0.948999 0.904777 0.888172 0.836074 0.762693 0.677955 0.720131 0.572499 0.547013 0.495565 0.000000 0.582297 0.981892 1.096672 1.210345 1.065544 0.978065 0.696647 0.714249 0.726954 0.899713 0.972627 0.921519 0.812807 0.707573 0.792988 0.969022 1.108094 1.129814 0.855286 0.762469 0.389984 0.342104 0.275553 0.747067 0.711174 0.591104 0.000000 0.000000 0.604217 0.792315 0.948829 1.117255 1.225453 1.232023 1.163715 1.073014 0.996110 1.096946 0.963147 0.895363 0.728009 0.624747 0.826643 0.862128 0.760427 0.654402 0.568388 0.494521 0.547637 0.426694 0.000000 0.461096 0.666040 0.909621 1.312798 1.462133 1.361142 1.227114 1.021616 0.713078 0.893556 0.927025 0.881098 0.679950 0.607650 0.534480 0.463855 0.632279 0.700852 0.621409 0.457387 0.000000 0.000000 0.000000 0.569063 0.650247 0.618153 0.528577 0.000000 0.000000 0.000000 0.000000 0.000000 0.000000 0.000000 0.000000 0.000000 0.000000 0.000000 0.000000 0.000000 0.000000 0.000000 0.000000 0.000000 0.000000 0.000000 0.000000 0.000000 0.000000 0.000000 0.000000 0.000000 0.000000 0.000000 0.000000 0.000000 0.000000 0.000000 0.000000 0.000000 0.000000 0.000000 0.000000 0.000000 0.000000 0.000000 0.000000 0.000000 0.000000 0.000000 0.000000 0.000000 0.000000 0.000000 0.000000 0.000000 0.000000 0.000000 0.000000 0.000000
0.425844 0.000000 0.000000 0.000000 0.000000 0.000000 0.000000 0.000000 0.000000 0.414578 0.527020 1.384784 1.187455 1.225770 1.215807 1.173187 1.096666 0.964808 0.828030 0.741127 0.671493 0.629105 0.478517 0.413181 0.412200 0.427517 0.427944 0.407564 0.374470 0.000000 0.000000 0.000000 0.000000 0.000000 0.000000 0.000000 0.000000 0.000000 0.000000 0.000000 0.000000 0.000000 0.000000 0.000000 0.000000 0.000000 0.000000 0.532490 0.484613 0.633323 0.646005 0.576516 0.554866 0.543191 0.436694 0.400316 0.605838 0.641684 0.647138 0.619481 0.532784 0.000000 0.000000 0.693912 1.053068 0.993535 1.017922 1.023612 0.964831 0.953229 0.947120 0.883731 0.784641 0.673504 0.584798 0.695826 0.678447 0.664377 0.954741 0.976284 0.979780 0.910370 0.828353 0.707815 0.665467 0.923546 0.737393 0.811998 0.765817 0.691365 0.605425 0.713145 0.757223 0.728804 0.768896 0.838976 0.781696 0.662478 0.665083 0.756811 0.764196 0.765266 0.747125 0.729423 0.674538 0.638312 0.555929 0.790837 0.653337 0.713456 0.726979 0.713654 0.666886 0.652279 0.625404 0.584912 0.455470 0.387887 0.388539 0.392674 0.566811 0.896568 0.690709 0.612277 0.762775 0.626078 0.656631 0.568355 0.970422 1.208344 0.876661 0.750866 0.738795 0.713431 0.842009 0.923606 0.779484 0.783749 0.961808 1.017378 0.887035 0.918468 1.070352 1.043394 1.041286 0.912117 0.762166 0.640742 0.572967 0.625898 0.648730 0.840473 0.942045 1.021008 0.853184 0.851352 0.800895 0.845756 1.013076 1.115291 1.072152 0.846735 0.769880 0.764454 0.683415 0.810746 0.838592 0.878816 0.278730 0.361810 0.788608 0.764143 0.845041 0.823491 0.776493 0.747404 0.793864 0.774412 0.947227 0.995555 1.098574 1.236410 1.181085 1.067107 1.087875 1.172485 1.168423 1.092584 0.943097 0.768124 0.682141 0.951217 0.944808 0.839800 0.741613 0.616164 0.511331 0.000000 0.000000 0.000000 0.435805 0.000000 0.663173 1.046041 1.188511 1.125160 0.986500 0.813972 0.716782 0.880300 1.145048 1.039994 0.996904 0.781283 0.681413 0.632972 0.561953 0.468329 0.455368 0.546714 0.503440 0.500777 0.451097 0.617557 0.667068 0.608277 0.469731 0.000000 0.000000 0.000000 0.000000 0.000000 0.000000 0.000000 0.000000 0.000000 0.000000 0.000000 0.000000 0.000000 0.000000 0.000000 0.000000 0.000000 0.000000 0.000000 0.000000 0.000000 0.000000 0.000000 0.000000 0.000000 0.000000 0.000000 0.000000 0.000000 0.000000 0.000000 0.000000 0.000000 0.000000 0.000000 0.000000 0.000000 0.000000 0.000000 0.000000 0.000000 0.000000 0.000000 0.000000 0.000000 0.000000 0.000000 0.000000 0.000000 0.000000 0.000000 0.000000 0.000000
0.000000 0.000000 0.000000 0.000000 0.000000 0.000000 0.000000 0.000000 0.726234 0.871645 0.756616 1.720886 1.387359 1.280425 1.164473 1.044702 0.991531 0.982108 0.992491 0.890643 0.737459 0.639762 0.491595 0.426032 0.484728 0.488856 0.696796 0.454525 0.433426 0.412545 0.392971 0.000000 0.000000 0.000000 0.376049 0.401261 0.000000 0.494909 0.545108 0.509355 0.451942 0.395399 0.000000 0.000000 0.000000 0.000000 0.000000 0.000000 0.000000 0.410724 0.417890 0.000000 0.000000 0.000000 0.000000 0.000000 0.000000 0.414206 0.470750 0.472055 0.451371 0.413399 0.000000 0.000000 0.000000 0.468788 0.682521 0.795615 0.794681 0.823605 0.846338 0.839446 0.785775 0.776762 0.743080 0.801547 0.813212 0.764800 0.712519 1.010708 1.098389 1.120613 1.080638 0.950188 0.718700 0.919773 0.965706 1.057307 0.942690 0.884865 0.793853 0.523218 0.600928 0.661497 0.683154 0.864324 0.796181 0.696526 0.575739 0.557889 0.577880 0.634861 0.704580 0.731021 0.693883 0.665097 0.601417 0.644157 0.678402 0.818799 0.821610 0.757500 0.657539 0.590684 0.562650 0.493547 0.000000 0.004000 0.406085 0.534868 0.588606 0.622186 0.622459 0.592685 0.554143 0.513696 0.438502 0.426260 1.073535 0.732845 0.719185 0.649686 0.538971 0.692761 0.693091 0.737551 0.767691 0.761129 0.830881 0.873436 0.982571 1.067557 1.100970 1.199364 1.222250 1.158470 1.055456 0.853125 0.801618 0.799999 1.004955 1.058004 1.129682 1.110284 0.998818 0.901309 0.838896 0.924639 1.152920 1.198423 0.997657 0.715397 0.680921 0.772816 0.782554 0.813101 0.880571 0.963133 0.490149 0.798729 0.816601 0.980042 1.039660 1.136860 1.172315 1.204253 1.209612 1.152691 1.149187 1.179784 1.226272 1.194784 1.146793 1.101618 1.118526 1.250763 1.249269 1.146321 0.958540 0.819454 0.703519 0.956910 0.738690 0.539045 0.516185 0.458174 0.482873 0.501982 0.637640 0.595291 0.551996 0.471423 0.000000 0.000000 0.578677 0.559623 0.000000 0.624585 0.772218 0.942929 1.121582 1.309552 1.032437 0.928006 0.878881 0.768351 0.693225 0.681424 0.672053 0.671771 0.714317 0.678363 0.593136 0.721938 0.684681 0.506489 0.000000 0.000000 0.000000 0.000000 0.000000 0.000000 0.000000 0.000000 0.000000 0.000000 0.000000 0.000000 0.000000 0.000000 0.000000 0.000000 0.000000 0.000000 0.000000 0.000000 0.000000 0.000000 0.000000 0.000000 0.000000 0.000000 0.000000 0.000000 0.000000 0.000000 0.000000 0.000000 0.000000 0.000000 0.000000 0.000000 0.000000 0.000000 0.000000 0.000000 0.000000 0.000000 0.000000 0.000000 0.000000 0.000000 0.000000 0.000000 0.000000 0.000000 0.000000 0.000000 0.000000 0.000000
0.000000 0.000000 0.000000 0.000000 0.000000 0.000000 0.000000 0.000000 0.000000 0.505873 0.527981 0.843045 1.230744 1.300787 1.205902 1.031362 0.950720 0.934596 1.036264 1.039395 1.009527 0.891304 0.723681 0.549698 0.459983 0.404571 0.370243 0.000000 0.000000 0.000000 0.000000 0.000000 0.000000 0.415117 0.573780 0.651087 0.580230 0.661534 0.738359 0.695641 0.591711 0.491144 0.555808 0.000000 0.000000 0.000000 0.000000 0.000000 0.000000 0.000000 0.000000 0.000000 0.000000 0.000000 0.000000 0.000000 0.000000 0.000000 0.000000 0.000000 0.000000 0.473847 0.000000 0.000000 0.000000 0.000000 0.558703 0.896930 0.896238 0.883126 0.831628 0.845484 0.941274 0.880249 0.657903 0.770144 0.714520 0.712888 0.558467 0.668494 0.709105 0.861800 0.816012 0.727193 0.607101 0.640428 0.729404 0.749964 0.760864 0.750338 0.701515 0.700648 0.614767 0.617598 0.616432 0.655595 0.633612 0.677300 0.522963 0.517792 0.502991 0.463236 0.417758 0.479466 0.435997 0.415729 0.457389 0.000000 0.922629 0.976016 0.816058 0.695606 0.652069 0.662173 0.651543 0.600756 0.553508 0.632866 0.580667 0.613810 0.655967 0.660719 0.632935 0.578296 0.507863 0.422303 0.000000 0.437862 0.503975 0.514108 0.508116 0.501838 0.612623 0.509240 0.569300 0.596027 0.550577 0.554525 0.670506 0.687660 0.865275 1.122067 1.125181 1.269696 1.315232 1.135675 1.035923 0.930273 0.808056 0.669218 0.802402 1.277269 1.365379 1.115527 1.047149 0.970867 0.778752 0.910811 1.189370 1.022786 0.884162 0.600603 0.778430 0.875083 0.908039 0.853299 0.895045 0.976190 1.005550 0.833482 0.984054 1.172761 1.198545 1.123906 1.074458 1.069263 1.074931 1.063559 1.092630 1.360846 1.328764 1.192171 1.200779 1.080775 1.181898 1.327625 1.374134 1.194924 0.885385 0.814685 0.694546 0.580991 0.623991 0.595392 0.624784 0.678402 0.666239 0.748019 0.783338 0.688240 0.581960 0.440468 0.000000 0.000000 0.000000 0.000000 0.619894 0.745439 0.776728 1.037322 1.094889 1.190630 1.187293 1.060063 0.943971 0.879607 0.858502 0.845461 0.829276 0.810528 0.763695 0.714753 0.478459 0.933474 0.979414 0.605909 0.000000 0.465453 0.000000 0.000000 0.439082 0.000000 0.000000 0.000000 0.000000 0.000000 0.000000 0.000000 0.000000 0.000000 0.000000 0.000000 0.000000 0.000000 0.000000 0.000000 0.000000 0.000000 0.000000 0.000000 0.000000 0.000000 0.000000 0.000000 0.000000 0.000000 0.000000 0.000000 0.000000 0.000000 0.000000 0.000000 0.000000 0.000000 0.000000 0.000000 0.000000 0.000000 0.000000 0.000000 0.000000 0.000000 0.000000 0.000000 0.000000 0.000000 0.000000 0.000000 0.000000 0.000000
0.000000 0.000000 0.000000 0.000000 0.000000 0.000000 0.000000 0.000000 0.000000 0.000000 0.000000 0.534251 0.814504 0.950460 0.933470 0.854885 0.773975 0.696681 0.709165 0.699883 0.657120 0.593123 0.512898 0.000000 0.000000 0.000000 0.000000 0.000000 0.000000 0.000000 0.000000 0.000000 0.000000 0.004000 0.545178 0.613276 0.552157 0.652370 0.700819 0.673131 0.624311 0.845872 0.445006 0.000000 0.000000 0.000000 0.000000 0.000000 0.000000 0.000000 0.000000 0.000000 0.000000 0.000000 0.000000 0.000000 0.000000 0.000000 0.000000 0.574050 0.761221 0.842975 0.689302 0.576570 0.670624 0.628086 1.178368 1.401139 1.366008 1.189349 0.885059 0.883591 0.982781 1.020429 0.820032 0.750119 0.825929 0.766271 0.727131 0.721998 0.689708 0.624148 0.686429 0.784036 0.842655 0.932137 0.915037 0.910074 0.852333 0.813937 0.748079 0.701192 0.698899 0.694458 0.679019 0.674694 0.682656 0.683513 0.674133 0.638003 0.593055 0.525280 0.447859 0.000000 0.000000 0.000000 0.000000 0.000000 0.607849 0.735453 0.810217 1.052254 0.841516 0.770306 0.917402 0.657329 0.634823 0.625178 0.590432 0.508775 0.480357 0.500706 0.542093 0.457055 0.400007 0.000000 0.480550 0.540624 0.562618 0.565974 0.552582 0.512477 0.454894 0.395198 0.000000 0.000000 0.000000 0.000000 0.000000 0.634095 0.673501 0.908817 0.993076 1.195644 1.143923 1.069671 0.995402 0.901352 0.794988 0.649350 0.910555 0.958370 1.066632 1.106814 0.987926 0.934219 1.011181 0.863922 0.845750 0.738660 0.610170 0.643780 0.821359 0.968070 0.807652 0.744328 0.691665 0.693823 0.429798 0.460313 0.991452 1.159878 0.909509 0.956952 0.955077 0.888874 0.842361 0.974984 1.185493 1.415325 1.340530 1.263258 1.179365 1.085404 1.228730 1.419336 1.405966 1.154355 0.894731 0.787807 0.664047 0.553606 0.465024 0.516294 0.812528 0.815810 0.733905 0.862088 0.812334 0.667114 0.513448 0.000000 0.000000 0.417767 0.701206 0.899207 0.985271 0.990303 1.075820 1.116318 1.182463 1.269551 1.270118 1.138035 0.828385 0.946989 0.965040 0.988507 0.951031 0.862417 0.741295 0.621685 0.575986 0.000000 0.000000 0.000000 0.000000 0.000000 0.000000 0.000000 0.000000 0.000000 0.000000 0.000000 0.000000 0.000000 0.000000 0.000000 0.000000 0.000000 0.000000 0.000000 0.000000 0.000000 0.000000 0.000000 0.000000 0.000000 0.000000 0.000000 0.000000 0.000000 0.000000 0.000000 0.000000 0.000000 0.000000 0.000000 0.000000 0.000000 0.000000 0.000000 0.000000 0.000000 0.000000 0.000000 0.000000 0.000000 0.000000 0.000000 0.000000 0.000000 0.000000 0.000000 0.000000 0.000000 0.000000 0.000000 0.000000 0.000000
0.455129 0.000000 0.000000 0.000000 0.000000 0.000000 0.000000 0.000000 0.000000 0.000000 0.000000 0.000000 0.000000 0.000000 0.464947 0.484765 0.499230 0.480502 0.437690 0.000000 0.000000 0.000000 0.000000 0.000000 0.000000 0.000000 0.000000 0.000000 0.000000 0.000000 0.000000 0.000000 0.000000 0.000000 0.000000 0.000000 0.000000 0.000000 0.409886 0.579233 0.621357 0.580714 0.495880 0.404955 0.000000 0.000000 0.000000 0.000000 0.000000 0.000000 0.000000 0.000000 0.000000 0.000000 0.000000 0.000000 0.418623 0.423409 0.452381 0.649672 0.918572 1.167721 1.387007 0.949320 1.042028 0.946834 1.092061 1.184225 1.035598 0.843622 0.911163 1.034566 1.102707 1.120416 1.110235 1.043968 0.905853 0.766162 0.672877 0.624747 0.688126 0.746807 0.860947 0.933898 1.013615 1.013072 0.919971 0.825382 0.740086 0.699212 0.627639 0.600770 0.664983 0.679103 0.711666 0.749847 0.851632 0.853183 0.826666 0.765099 0.639094 0.516370 0.413355 0.000000 0.000000 0.004000 0.000000 0.563687 0.762778 0.850556 0.940404 0.956413 0.921721 0.770758 0.770576 0.683735 0.704840 0.705726 0.539900 0.495457 0.000000 0.000000 0.000000 0.000000 0.000000 0.440428 0.515052 0.531676 0.484609 0.000000 0.000000 0.000000 0.390924 0.381569 0.000000 0.000000 0.399842 0.000000 0.000000 0.556485 0.750414 1.015736 0.672286 0.839648 0.937575 1.013596 1.018962 0.950264 0.836621 0.592348 0.417948 0.586527 1.184181 1.253619 1.027173 0.954117 0.822194 0.735190 0.668456 0.753130 0.740698 0.606461 0.752565 0.491289 0.790311 0.726441 0.193152 0.287083 0.674265 0.779282 0.896684 0.951081 0.899838 0.926154 0.872281 0.875893 0.784214 1.019451 1.117502 1.240296 1.162517 0.962217 0.920732 0.881227 1.191600 1.453009 1.427144 1.135159 0.842799 0.795676 0.748644 0.698858 0.625678 0.684039 0.882057 0.845824 0.745926 0.772749 0.673668 0.484563 0.000000 0.000000 0.000000 0.802687 1.078573 1.269084 1.331647 1.278550 1.409165 1.284287 1.298439 1.308213 1.243140 1.102950 0.965376 0.965637 0.953292 0.921684 0.832466 0.731784 0.647110 0.613099 0.559619 0.478581 0.457407 0.513782 0.520372 0.491603 0.422985 0.000000 0.000000 0.000000 0.000000 0.000000 0.000000 0.000000 0.000000 0.000000 0.000000 0.000000 0.000000 0.000000 0.000000 0.000000 0.000000 0.000000 0.000000 0.000000 0.000000 0.000000 0.000000 0.000000 0.000000 0.000000 0.000000 0.000000 0.000000 0.000000 0.000000 0.000000 0.000000 0.000000 0.000000 0.000000 0.000000 0.000000 0.000000 0.000000 0.000000 0.000000 0.000000 0.000000 0.000000 0.000000 0.000000 0.000000 0.000000 0.000000 0.000000 0.000000
0.000000 0.000000 0.000000 0.000000 0.000000 0.000000 0.000000 0.000000 0.000000 0.000000 0.000000 0.000000 0.000000 0.000000 0.000000 0.000000 0.000000 0.000000 0.000000 0.000000 0.000000 0.000000 0.000000 0.000000 0.000000 0.000000 0.000000 0.000000 0.000000 0.000000 0.000000 0.000000 0.000000 0.000000 0.000000 0.000000 0.000000 0.000000 0.000000 0.560651 0.453947 0.408330 0.000000 0.000000 0.000000 0.000000 0.000000 0.000000 0.000000 0.000000 0.000000 0.000000 0.000000 0.000000 0.000000 0.625786 0.679209 0.620279 0.512004 0.494192 0.627841 0.953803 1.414742 0.951835 0.826534 0.738734 0.744361 0.772175 0.756280 0.754362 0.891509 1.267996 1.003974 0.958566 0.989669 1.049774 1.002131 0.934639 0.823834 0.813900 0.846633 0.916556 0.867082 0.991707 0.841191 0.797434 0.742119 0.761671 0.587591 0.568690 0.538862 0.445253 0.495604 0.534862 0.705507 0.719657 0.721069 0.770636 0.727014 0.633135 0.508672 0.000000 0.000000 0.000000 0.517655 0.000000 0.000000 0.616943 0.505949 0.711233 0.836665 0.811941 0.892398 1.055100 0.842525 0.921819 0.755265 0.739463 0.685573 0.634844 0.483606 0.000000 0.000000 0.004000 0.000000 0.000000 0.000000 0.000000 0.000000 0.000000 0.476184 0.414762 0.432867 0.440532 0.000000 0.000000 0.629385 0.866452 1.023806 0.754102 0.720381 0.776078 0.706081 0.969989 0.970721 1.016307 0.987128 0.921647 0.853704 0.328924 0.309990 0.504433 0.833943 1.039204 0.838245 0.782065 0.752797 0.916787 1.087384 0.899776 0.850827 0.391117 0.513582 0.392866 0.391181 0.753239 0.712759 0.278276 0.385549 0.782075 0.854137 0.927061 0.875896 0.821414 0.933350 1.052402 1.067913 1.097332 1.073744 1.000231 0.951306 0.834958 0.944069 1.124269 1.291648 1.525486 1.501981 1.240126 0.847639 0.773155 0.670099 0.595560 0.725189 0.778654 0.754505 0.579373 0.499049 0.489875 0.000000 0.000000 0.000000 0.595736 0.733738 1.055054 1.244349 1.496462 1.550835 1.582188 1.514844 1.502013 1.459347 1.352345 1.191748 1.102972 1.054736 1.064560 1.073008 0.933064 0.869376 0.860995 0.792699 0.706750 0.614145 0.536120 0.613415 0.621442 0.579806 0.501790 0.000000 0.000000 0.000000 0.000000 0.000000 0.000000 0.000000 0.000000 0.000000 0.000000 0.000000 0.000000 0.000000 0.000000 0.000000 0.000000 0.000000 0.000000 0.000000 0.000000 0.000000 0.000000 0.000000 0.000000 0.000000 0.000000 0.000000 0.000000 0.000000 0.000000 0.000000 0.000000 0.000000 0.000000 0.000000 0.000000 0.000000 0.000000 0.000000 0.000000 0.000000 0.000000 0.000000 0.000000 0.000000 0.000000 0.000000 0.000000 0.000000 0.000000 0.000000 0.000000
0.000000 0.000000 0.000000 0.000000 0.000000 0.000000 0.000000 0.000000 0.000000 0.000000 0.000000 0.000000 0.000000 0.000000 0.000000 0.000000 0.000000 0.000000 0.000000 0.000000 0.000000 0.000000 0.000000 0.000000 0.000000 0.000000 0.000000 0.000000 0.000000 0.000000 0.000000 0.000000 0.000000 0.000000 0.000000 0.000000 0.000000 0.000000 0.000000 0.000000 0.000000 0.000000 0.000000 0.000000 0.000000 0.000000 0.000000 0.000000 0.000000 0.000000 0.000000 0.383466 0.462178 0.498765 0.471709 0.486413 0.527448 0.465845 0.000000 0.000000 0.000000 0.000000 0.447075 0.679270 0.430612 0.000000 0.406697 0.382536 0.000000 0.445787 0.886920 0.541625 0.691749 1.116151 0.990476 1.121397 1.146567 1.086695 0.962029 0.935991 0.853683 0.810418 0.743565 0.645722 0.656098 0.605803 0.541296 0.435395 0.377531 0.000000 0.000000 0.594902 0.640008 0.663308 0.656230 0.592117 0.496814 0.421515 0.393058 0.000000 0.000000 0.000000 0.000000 0.000000 0.000000 0.658653 1.135267 0.825250 0.743711 0.806540 0.600037 0.739680 0.734170 0.768283 0.705890 0.728747 0.783878 0.775442 0.776901 0.774692 0.632428 0.563614 0.600814 0.593041 0.536533 0.420600 0.395705 0.000000 0.000000 0.000000 0.000000 0.000000 0.000000 0.000000 0.454050 0.488528 0.471418 0.537046 0.568039 0.695176 0.473754 0.485992 0.533534 0.704886 0.877253 1.043229 1.127277 0.970552 0.822119 0.633760 0.546034 0.736993 0.726324 0.643242 0.623244 0.490999 0.348853 0.697160 0.859085 0.990684 0.799916 0.690256 0.435340 0.350940 0.448747 0.874431 0.454535 0.923940 0.481969 0.443963 0.870408 0.945061 0.870672 0.986546 0.788340 0.958520 1.021206 1.213917 1.073022 0.954562 0.926896 0.951380 1.050693 1.102671 1.326441 1.369557 1.387976 1.258518 1.061104 0.927898 0.771984 0.644498 0.919639 0.945333 0.899476 0.632254 0.426787 0.446974 0.000000 0.000000 0.859134 1.108009 1.097872 1.027774 1.082769 1.140489 1.188533 1.424557 1.451928 1.388533 1.092184 0.996219 0.867153 0.768235 1.063313 1.099508 0.950950 0.965854 0.944660 0.962874 0.867395 0.730880 0.595586 0.670057 0.679523 0.623711 0.513981 0.000000 0.000000 0.000000 0.000000 0.000000 0.000000 0.000000 0.000000 0.000000 0.000000 0.000000 0.000000 0.000000 0.000000 0.000000 0.000000 0.000000 0.000000 0.000000 0.000000 0.000000 0.000000 0.000000 0.000000 0.000000 0.000000 0.000000 0.000000 0.000000 0.000000 0.000000 0.000000 0.000000 0.000000 0.000000 0.000000 0.000000 0.000000 0.000000 0.000000 0.000000 0.000000 0.000000 0.000000 0.000000 0.000000 0.000000 0.000000 0.000000 0.000000 0.000000 0.000000 0.000000
0.000000 0.000000 0.000000 0.000000 0.000000 0.000000 0.000000 0.000000 0.000000 0.000000 0.000000 0.000000 0.000000 0.000000 0.000000 0.000000 0.000000 0.000000 0.000000 0.000000 0.000000 0.448470 0.000000 0.000000 0.000000 0.000000 0.000000 0.000000 0.000000 0.000000 0.000000 0.000000 0.000000 0.000000 0.000000 0.000000 0.496310 0.000000 0.000000 0.547822 0.666426 0.674707 0.626292 0.562297 0.516772 0.475222 0.414661 0.000000 0.000000 0.000000 0.450941 0.509623 0.555639 0.565702 0.537321 0.493687 0.443123 0.529884 0.561807 0.571118 0.541648 0.550570 0.544734 0.872757 0.634862 0.580332 0.573464 0.551500 0.493349 0.380136 0.000000 0.410124 0.499382 0.600422 0.685814 1.127857 1.070523 1.147760 1.170822 1.158218 1.046679 1.028579 0.996487 0.896714 0.810340 0.780667 0.678860 0.556840 0.488504 0.640107 0.711385 0.622599 0.623846 0.575782 0.447150 0.000000 0.000000 0.000000 0.000000 0.000000 0.000000 0.000000 0.714097 0.588326 0.661491 0.744350 0.834280 0.967865 1.183207 1.010297 0.814074 0.811221 0.945306 0.892658 0.828404 0.797367 0.786387 0.820670 0.735848 0.901436 0.536941 0.514077 0.591372 0.619719 0.578774 0.445150 0.424959 0.396183 0.000000 0.000000 0.000000 0.440699 0.534349 0.615467 0.689417 0.685114 0.669320 0.713009 0.652938 0.611919 0.513948 1.070672 0.633316 0.433918 1.003924 0.872786 0.922115 0.915195 0.887693 0.803366 0.992219 0.786947 0.654759 0.494175 0.825274 0.361276 0.402044 0.449229 0.837823 0.890042 0.537442 0.404377 0.283757 0.472303 0.699458 0.698288 1.050228 1.076331 0.553764 0.339766 0.363993 0.604400 0.863108 0.521759 0.786050 0.890209 0.990483 1.170054 1.046008 0.967576 0.892850 0.991471 1.106718 1.141261 1.311406 1.264567 1.277159 1.118649 1.172502 1.079517 0.921469 0.639351 0.486274 0.435751 0.374887 0.000000 0.000000 0.000000 0.560931 0.613619 1.184041 1.280094 1.263721 1.175285 1.073977 1.004206 0.942176 0.989825 1.021016 0.957212 1.003029 0.951030 1.093612 1.014681 0.952279 0.943439 0.867680 1.003163 0.988503 0.899159 0.842952 0.715696 0.727938 0.743494 0.710953 0.629896 0.518875 0.503259 0.474974 0.441501 0.000000 0.000000 0.000000 0.000000 0.000000 0.000000 0.000000 0.000000 0.000000 0.000000 0.000000 0.000000 0.000000 0.000000 0.000000 0.000000 0.000000 0.000000 0.000000 0.000000 0.000000 0.000000 0.000000 0.000000 0.000000 0.000000 0.000000 0.000000 0.000000 0.000000 0.000000 0.000000 0.000000 0.000000 0.000000 0.000000 0.000000 0.000000 0.000000 0.000000 0.000000 0.000000 0.000000 0.000000 0.000000 0.000000 0.000000 0.000000 0.000000 0.000000
0.000000 0.000000 0.000000 0.000000 0.000000 0.000000 0.000000 0.000000 0.000000 0.000000 0.000000 0.000000 0.000000 0.000000 0.000000 0.000000 0.539980 0.652632 0.691657 0.727531 0.755405 0.806575 0.828013 0.776753 0.701358 0.628401 0.539698 0.584249 0.562201 0.542953 0.491927 0.457831 0.441696 0.411316 0.000000 0.482168 0.511512 0.498866 0.636104 0.781235 0.872422 0.872778 0.825084 0.761128 0.694999 0.625288 0.550361 0.464913 0.000000 0.000000 0.395656 0.448842 0.443797 0.422718 0.436828 0.505158 0.581645 0.655357 0.714822 0.779703 0.765617 0.752816 0.726608 0.685013 0.622979 0.546733 0.538395 0.421453 0.409042 0.000000 0.000000 0.560930 0.731457 0.766279 0.778405 0.959532 1.017163 1.035586 0.996460 0.889775 1.044505 1.101842 1.094848 1.040278 0.926413 0.787628 0.714575 0.865414 0.534102 0.749728 0.641335 0.903089 0.602099 0.000000 0.000000 0.000000 0.000000 0.000000 0.000000 0.000000 0.405890 0.462699 0.754015 0.633588 0.734622 0.751223 0.807918 0.856936 1.374488 1.074134 0.757268 0.805158 0.820527 0.787442 0.719951 0.417104 0.762297 0.769323 0.687820 0.620389 0.498292 0.424297 0.483113 0.521147 0.540498 0.514438 0.455670 0.454063 0.000000 0.000000 0.000000 0.487045 0.662434 0.732094 0.758792 0.805974 0.769762 0.780531 0.733930 0.644871 0.571438 0.645332 0.737206 0.605857 0.632495 0.773798 0.927724 0.845590 0.965776 1.035895 0.584831 1.001395 0.891370 0.430516 0.946500 0.314697 0.389749 0.445970 0.371606 0.281632 0.169310 0.265891 0.365597 0.620952 0.898941 1.062669 1.140643 1.076327 0.933496 0.302893 0.278546 0.501420 0.902882 0.498349 0.801741 0.800879 0.937161 1.198312 1.136211 1.070277 0.967134 0.967227 1.053972 1.264969 1.246271 1.145199 1.070490 1.068005 1.159131 1.146361 1.020636 0.751100 0.605057 0.521122 0.494446 0.457670 0.622197 0.778665 0.745520 0.654832 1.098475 1.269507 1.195698 1.069424 0.990889 0.746788 0.689525 0.617663 0.644657 1.112638 1.429869 1.164046 0.972832 0.858521 0.843206 0.707693 0.862731 0.925093 0.833173 0.836060 0.875860 0.855986 0.861354 0.788504 0.689027 0.657032 0.620790 0.570904 0.512613 0.443182 0.000000 0.000000 0.000000 0.000000 0.000000 0.000000 0.000000 0.000000 0.000000 0.000000 0.000000 0.000000 0.000000 0.000000 0.000000 0.000000 0.000000 0.000000 0.000000 0.000000 0.000000 0.000000 0.000000 0.000000 0.000000 0.000000 0.000000 0.000000 0.000000 0.000000 0.000000 0.000000 0.000000 0.000000 0.000000 0.000000 0.000000 0.000000 0.000000 0.000000 0.000000 0.000000 0.000000 0.000000 0.000000 0.000000 0.000000 0.000000 0.000000 0.000000
0.508682 0.000000 0.000000 0.000000 0.000000 0.000000 0.000000 0.000000 0.000000 0.000000 0.000000 0.000000 0.000000 0.000000 0.435912 0.488050 0.718731 0.861996 0.955336 1.033950 1.082014 1.087994 1.057679 0.974213 0.889592 0.820724 0.788666 0.807085 0.792116 0.741004 0.621372 0.725130 0.799108 0.788128 0.820723 0.792806 0.776619 0.799057 0.849373 0.918841 0.944509 0.917899 0.852893 0.804241 0.741323 0.655373 0.557400 0.455423 0.000000 0.000000 0.004000 0.401082 0.467192 0.545647 0.672466 0.765810 0.827363 0.865511 0.886779 0.855806 0.855124 0.804742 0.716679 0.653407 0.599927 0.541777 0.478224 0.411415 0.000000 0.000000 0.000000 0.518041 0.629955 0.676124 0.702572 0.700617 0.611008 0.515860 0.649418 0.658576 0.822986 0.909912 0.765307 0.860656 0.804433 0.723498 0.705049 0.652155 0.607601 0.555400 0.717876 0.541006 0.000000 0.000000 0.000000 0.000000 0.000000 0.000000 0.453518 0.587744 0.600015 0.629433 0.743631 0.527015 0.574425 0.610514 0.614636 0.621668 0.756172 0.671654 0.213938 0.729634 0.606735 0.865709 0.656867 0.910034 0.888093 0.807293 0.707307 0.509266 0.419784 0.000000 0.378952 0.462349 0.515831 0.549521 0.546972 0.513013 0.453050 0.000000 0.551267 0.530159 0.620292 0.768234 0.797167 0.737334 0.696946 0.670345 0.609852 0.550255 0.651068 0.646383 1.291687 1.070948 0.721526 0.600615 0.754652 0.983227 0.930735 0.875285 0.783181 0.935911 0.847728 0.786239 0.835695 0.462932 0.305185 0.345384 0.429276 0.816073 0.160744 0.133998 0.402213 0.718919 1.220788 0.834080 1.014938 0.971442 0.824971 0.696265 0.788474 0.912281 1.010536 0.946209 0.467213 1.096184 1.109501 1.062172 0.987848 1.079140 0.983796 1.020389 1.105745 1.139520 1.114218 1.015839 0.980027 1.033993 1.143154 1.191033 1.087280 0.829960 0.701854 0.575079 0.516448 0.607074 0.891664 0.991626 0.830084 0.877948 0.856546 0.858979 0.603034 0.692015 0.821399 0.843258 0.781346 0.719734 0.539989 0.843295 0.924912 0.817678 0.852632 0.750698 0.649939 0.687676 0.666183 0.732855 0.747731 0.860004 0.909604 0.882556 0.851546 0.785599 0.727539 0.671663 0.611669 0.550713 0.496905 0.458037 0.421704 0.000000 0.000000 0.000000 0.000000 0.000000 0.000000 0.000000 0.000000 0.000000 0.000000 0.000000 0.000000 0.000000 0.000000 0.000000 0.000000 0.000000 0.000000 0.000000 0.000000 0.000000 0.000000 0.000000 0.000000 0.000000 0.000000 0.000000 0.000000 0.000000 0.000000 0.000000 0.000000 0.000000 0.000000 0.000000 0.000000 0.000000 0.000000 0.000000 0.000000 0.000000 0.000000 0.000000 0.000000 0.000000 0.000000 0.000000 0.000000 0.000000
0.547212 0.000000 0.000000 0.000000 0.000000 0.000000 0.000000 0.000000 0.000000 0.000000 0.000000 0.000000 0.503560 0.710207 0.771680 0.913078 0.982020 1.055349 1.161131 1.261832 1.292160 1.245912 1.129592 1.022334 0.933123 0.855135 0.823726 0.820681 0.797925 0.705694 0.726144 0.953257 1.036400 1.027718 1.006999 1.019295 1.015180 1.013091 1.006682 0.999318 0.981143 0.932565 0.877832 0.827083 0.761118 0.677616 0.569180 0.455150 0.000000 0.491728 0.570220 0.513160 0.548053 0.612256 0.688968 0.714638 0.706926 0.705483 0.726303 0.703125 0.734335 0.674754 0.576627 0.509566 0.460931 0.423726 0.383527 0.000000 0.000000 0.000000 0.000000 0.000000 0.000000 0.513611 0.615195 0.631892 0.575994 0.613198 0.611609 0.601326 0.601052 0.608764 0.652960 0.697559 0.769049 0.726244 0.724844 0.724562 0.656336 0.547949 0.457136 0.000000 0.000000 0.000000 0.000000 0.000000 0.000000 0.475806 0.599949 0.677565 0.651675 0.549720 0.437353 0.370339 0.381982 0.682617 0.606241 0.506657 0.400152 0.503676 0.501988 0.584860 0.602098 0.542530 1.127009 0.716942 0.750966 0.758052 0.722481 0.577200 0.513796 0.481862 0.000000 0.437172 0.466045 0.547844 0.596116 0.608783 0.550532 0.485520 0.419413 0.000000 0.487094 0.698319 0.823758 0.879938 0.942785 0.706101 0.633306 0.610496 0.638949 0.703434 0.806675 0.761215 0.781317 0.600557 0.627416 0.596656 0.571819 0.571841 0.695772 0.530194 0.500117 0.651811 0.923126 1.131853 0.969756 0.899960 0.891514 0.753351 0.720904 0.371049 0.492653 1.029332 0.861065 1.023291 0.808934 0.803851 0.756880 0.877642 0.611084 0.968113 1.008069 1.135000 1.029853 1.256947 1.179344 1.080753 1.012363 1.036861 0.942504 0.875746 1.041969 1.081977 0.986133 0.991937 1.124061 1.209479 1.241971 1.270109 1.154299 0.906022 0.833339 0.800953 0.793967 0.768678 1.007367 1.071372 0.949126 0.782655 0.667046 0.659703 0.781209 0.913692 0.950442 0.979244 0.897604 0.749176 0.558504 0.000000 0.435199 0.500129 0.681488 0.599840 0.696726 0.673103 0.725770 0.827200 0.855789 0.944159 1.363118 0.886475 0.850768 0.797267 0.743129 0.675015 0.619877 0.577576 0.547705 0.497979 0.427874 0.000000 0.000000 0.000000 0.000000 0.000000 0.000000 0.000000 0.000000 0.000000 0.000000 0.000000 0.000000 0.000000 0.000000 0.000000 0.000000 0.000000 0.000000 0.000000 0.000000 0.000000 0.000000 0.000000 0.000000 0.000000 0.000000 0.000000 0.000000 0.000000 0.000000 0.000000 0.000000 0.000000 0.000000 0.000000 0.000000 0.000000 0.000000 0.000000 0.000000 0.000000 0.000000 0.000000 0.000000 0.000000 0.000000 0.000000 0.000000 0.000000
0.647885 0.414129 0.443294 0.000000 0.000000 0.000000 0.000000 0.000000 0.000000 0.000000 0.422844 0.596869 0.810167 0.921769 1.079183 1.207589 1.210151 1.163445 1.196125 1.583778 1.308044 1.249092 1.048698 0.979940 0.925012 0.851228 0.774114 0.719005 0.699182 0.718933 0.830471 0.944989 1.032599 1.039154 1.012981 1.027678 1.009480 0.995736 0.958999 0.932015 0.880562 0.819029 0.769823 0.742541 0.695324 0.628951 0.547860 0.449982 0.000000 0.408871 0.536178 0.649099 0.637075 0.584591 0.537102 0.461681 0.463805 0.468866 0.490582 0.506299 0.538815 0.522469 0.502883 0.463301 0.412277 0.000000 0.000000 0.000000 0.000000 0.000000 0.000000 0.000000 0.417622 0.499166 0.545934 0.933465 0.004000 0.000000 0.408167 0.395619 0.379345 0.000000 0.000000 0.478339 0.629077 0.731355 0.835420 0.704894 0.529416 0.438573 0.390414 0.349277 0.000000 0.000000 0.000000 0.000000 0.423578 0.537517 0.541080 0.461322 0.000000 0.000000 0.000000 0.000000 0.000000 0.938768 0.522797 0.458255 0.376832 0.000000 0.377221 1.192598 0.697234 0.000000 0.549248 0.648291 0.688536 0.647875 0.630689 0.864576 0.483374 0.417826 0.384408 0.000000 0.450406 0.574891 0.609189 0.640286 0.655226 0.657791 0.648653 0.632278 0.614095 0.698761 0.781064 0.844141 0.891773 0.853361 0.747035 0.707617 0.701784 0.701418 0.740409 0.844735 0.792190 0.783139 0.751920 0.659758 0.614707 0.532176 0.638745 0.591217 0.667391 0.802573 0.871706 1.039135 0.870562 0.978654 1.140273 1.046481 1.110619 1.129594 1.061079 0.861747 1.204668 0.877058 0.849380 0.833174 0.785995 0.870787 1.058998 1.061947 1.079236 1.281576 1.489905 1.412853 1.279963 1.161674 1.110980 1.040410 1.007478 0.989173 1.006588 1.012014 1.031276 1.068382 1.170326 1.279392 1.360721 1.342521 1.220438 0.958281 0.912444 0.945599 0.923318 0.865467 0.730464 0.725853 0.734481 0.654483 0.569970 0.577027 0.630260 0.752984 0.983639 0.963990 0.858392 0.696149 0.425422 0.000000 0.000000 0.730948 0.933697 0.935220 0.853784 1.001049 0.705221 0.796425 0.763276 0.791661 0.910438 0.928347 0.905469 0.879843 0.854668 0.817558 0.686196 0.561516 0.508467 0.481377 0.445525 0.000000 0.000000 0.000000 0.000000 0.000000 0.000000 0.000000 0.000000 0.000000 0.000000 0.000000 0.000000 0.000000 0.000000 0.000000 0.000000 0.000000 0.000000 0.000000 0.000000 0.000000 0.000000 0.000000 0.000000 0.000000 0.000000 0.000000 0.000000 0.000000 0.000000 0.000000 0.000000 0.000000 0.000000 0.000000 0.000000 0.000000 0.000000 0.000000 0.000000 0.000000 0.000000 0.000000 0.000000 0.000000 0.000000 0.000000 0.000000 0.000000
0.720289 0.000000 0.000000 0.000000 0.000000 0.000000 0.000000 0.000000 0.540794 0.685322 0.783878 0.853891 0.959302 1.021695 1.215089 1.204288 1.202404 1.138025 1.073766 1.644873 1.491077 1.195830 0.956700 0.945460 0.938610 0.909919 1.561984 0.835301 0.872796 0.910720 0.935490 0.941260 0.943573 0.935573 0.932082 0.920896 0.886698 0.818474 0.692329 0.568759 0.511766 0.510502 0.538959 0.543210 0.669642 0.772866 0.680371 0.484192 0.000000 0.000000 0.000000 0.000000 0.444554 0.425731 0.000000 0.000000 0.000000 0.000000 0.000000 0.000000 0.000000 0.000000 0.000000 0.000000 0.000000 0.000000 0.000000 0.000000 0.000000 0.000000 0.000000 0.436781 0.464018 0.473554 0.558639 0.495778 0.427840 0.000000 0.000000 0.000000 0.000000 0.000000 0.423203 0.431690 0.000000 0.415775 0.592246 0.548214 0.000000 0.000000 0.455622 0.436971 0.380467 0.383980 0.394837 0.380441 0.000000 0.000000 0.000000 0.000000 0.000000 0.370060 0.000000 0.000000 0.000000 0.000000 0.355405 0.000000 0.000000 0.000000 0.000000 0.000000 0.000000 0.000000 0.619322 0.639584 0.626620 0.638598 0.599737 0.525249 0.357302 0.000000 0.000000 0.000000 0.000000 0.420758 0.589599 0.658266 0.660190 0.660349 0.625813 0.642328 0.684616 0.753304 0.821594 0.917053 0.987660 0.861737 0.733098 0.697721 0.805504 0.831455 0.816669 0.775561 0.733645 0.707147 0.666133 0.641693 0.677549 0.605800 0.587421 0.725311 0.770979 0.721094 0.697832 0.741599 0.862558 1.054509 1.255646 1.271191 1.229013 1.056541 0.945675 0.961727 1.101814 1.198945 1.043574 0.912334 0.948501 0.949537 1.058196 1.063578 1.125549 1.482660 1.370313 1.269273 1.119911 1.011736 0.947711 0.878684 1.033911 1.047477 1.058191 1.033131 1.021099 1.073448 1.164270 1.315063 1.403193 1.369252 1.246387 0.995582 0.952789 0.954511 0.928421 0.830524 0.660772 0.646201 0.667529 0.641072 0.600384 0.559460 0.588128 0.625502 0.745918 0.774222 0.717036 0.508786 0.422836 0.000000 0.459974 0.937362 1.176451 1.223389 1.141676 0.971465 0.845295 1.030766 0.842129 0.898702 1.035563 1.157113 1.251376 1.230339 1.104054 0.946091 0.735893 0.556135 0.467985 0.505244 0.551678 0.475714 0.431324 0.416311 0.000000 0.000000 0.000000 0.000000 0.000000 0.000000 0.000000 0.000000 0.000000 0.000000 0.000000 0.000000 0.000000 0.000000 0.000000 0.000000 0.000000 0.000000 0.000000 0.000000 0.000000 0.000000 0.000000 0.000000 0.000000 0.000000 0.000000 0.000000 0.000000 0.000000 0.000000 0.000000 0.000000 0.000000 0.000000 0.000000 0.000000 0.000000 0.000000 0.000000 0.000000 0.000000 0.000000 0.000000 0.000000 0.000000
0.771447 0.000000 0.000000 0.426069 0.444086 0.422119 0.669884 0.936718 1.068533 1.048393 1.034311 0.994905 1.011679 1.008412 1.199943 1.111940 1.074364 1.025863 0.958547 0.947535 0.903281 0.854159 0.811961 0.824988 0.870296 0.754447 0.944437 0.973153 1.066924 0.916511 0.837350 0.799516 0.759208 0.731224 0.725703 0.729080 0.698598 0.637911 0.551233 0.465150 0.402878 0.000000 0.000000 0.000000 0.858152 0.906161 0.764157 0.525447 0.000000 0.000000 0.000000 0.000000 0.000000 0.000000 0.000000 0.000000 0.000000 0.000000 0.000000 0.000000 0.000000 0.000000 0.000000 0.000000 0.000000 0.000000 0.000000 0.000000 0.000000 0.000000 0.469210 0.524182 0.547415 0.396571 0.662859 0.594541 0.511904 0.369335 0.000000 0.000000 0.000000 0.000000 0.496428 0.509071 0.410652 0.000000 0.004000 0.000000 0.000000 0.465721 0.518858 0.603938 0.421187 0.469145 0.510368 0.689078 0.692491 0.608592 0.423894 0.000000 0.000000 0.000000 0.446081 0.532175 0.528344 0.508391 0.542866 0.533627 0.509576 0.437475 0.402688 0.000000 0.000000 0.000000 0.355327 0.385215 0.534472 0.611521 0.566444 0.463124 0.000000 0.000000 0.000000 0.000000 0.406310 0.438285 0.503110 0.616712 0.647360 0.613979 0.534943 0.560330 0.739637 0.617761 0.691390 0.744314 0.769524 0.678938 0.604350 0.776624 0.678697 0.849005 0.816054 0.777078 0.703994 0.658311 0.730705 0.704690 0.698926 0.686850 0.710481 0.669930 0.580144 0.789209 0.755907 0.717350 0.772744 1.117337 1.167121 1.156224 0.950914 0.806598 0.890242 0.998208 1.085588 1.264189 1.236421 1.079770 1.120882 1.148645 1.141696 1.052878 1.114245 1.325327 1.203398 1.095393 0.958762 0.844236 0.792186 0.863512 1.179933 1.128530 1.100173 1.095729 1.091436 1.080790 1.143865 1.272879 1.384215 1.358730 1.240120 1.014810 0.999284 0.937903 0.888389 0.805166 0.667852 0.720814 0.754083 0.710049 0.696825 0.632807 0.581626 0.632338 0.720005 0.733853 0.627466 0.432825 0.439871 0.447352 0.471711 0.953768 1.203569 1.266888 1.333919 1.213696 0.944793 0.823990 0.947972 1.017406 1.089266 1.172839 1.186314 1.144543 1.135905 1.138824 1.020056 0.923173 0.856767 0.795624 0.665345 0.565909 0.630027 0.599042 0.516069 0.492475 0.000000 0.000000 0.000000 0.000000 0.000000 0.000000 0.000000 0.000000 0.000000 0.000000 0.000000 0.000000 0.000000 0.000000 0.000000 0.000000 0.000000 0.000000 0.000000 0.000000 0.000000 0.000000 0.000000 0.000000 0.000000 0.000000 0.000000 0.000000 0.000000 0.000000 0.000000 0.000000 0.000000 0.000000 0.000000 0.000000 0.000000 0.000000 0.000000 0.000000 0.000000 0.000000 0.000000 0.000000
0.905472 0.530813 0.566068 0.608596 0.618406 0.634144 0.997400 1.223256 1.410688 1.255324 1.243938 1.213258 1.174597 1.066491 1.130540 1.145043 1.139199 1.076658 0.960506 0.874490 0.809750 0.770472 0.797306 0.767364 0.720734 0.876489 1.022540 1.038515 1.030436 0.960339 0.890179 0.814340 0.764734 0.715258 0.662929 0.618906 0.596228 0.562107 0.510159 0.444502 0.000000 0.000000 0.503606 0.407265 0.888502 0.831646 0.608927 0.000000 0.000000 0.000000 0.000000 0.000000 0.000000 0.000000 0.000000 0.000000 0.000000 0.000000 0.000000 0.000000 0.000000 0.000000 0.000000 0.000000 0.000000 0.000000 0.000000 0.000000 0.000000 0.000000 0.520953 0.597009 0.587661 0.447476 0.440808 0.441009 0.436106 0.421876 0.401023 0.367308 0.000000 0.442099 0.551293 0.491910 0.000000 0.418416 0.567020 0.544834 0.513139 0.743051 1.409630 1.460802 1.276945 0.877165 1.008884 1.126362 1.017966 0.774202 0.789383 0.478796 0.564635 0.569251 0.634725 0.691355 0.704425 0.722263 0.767398 0.749362 0.651137 0.601213 0.548406 0.513580 0.476958 0.388869 0.000000 0.000000 0.551791 0.605720 0.552126 0.431169 0.399696 0.473687 0.492062 0.453609 0.532116 0.581036 0.572734 0.558950 0.623137 0.654658 0.613897 0.571883 0.445297 0.465532 0.466885 0.446918 0.620234 0.941695 0.829634 0.644430 0.857164 0.926436 0.789946 0.753500 0.700247 0.702721 0.755659 0.816028 0.797948 0.763911 0.660256 0.710233 0.852010 0.691412 0.783417 0.702344 0.719503 0.764919 0.866631 0.863047 0.952893 0.931419 0.909759 0.957728 1.011205 1.258198 1.336560 1.345026 1.362368 1.349484 1.338751 1.349328 1.324008 1.234887 1.126742 1.025658 0.897835 0.846197 0.795839 0.818612 1.071059 1.009192 1.061461 1.102962 1.225698 1.157860 1.100572 1.201548 1.288270 1.279534 1.181583 1.037001 1.058556 0.963365 0.896296 0.800357 0.684219 0.771651 0.822880 0.835852 0.962903 0.955062 0.892261 0.845288 0.838682 0.786949 0.702761 0.815083 0.735361 0.518790 0.000000 0.736955 1.089369 1.306697 1.431411 1.156047 0.995606 0.861398 0.944724 0.940738 0.992004 1.014484 0.957783 1.055863 0.963475 0.986415 0.962992 0.917283 0.849163 0.898876 0.891185 0.830819 0.732957 0.646630 0.569965 0.555995 0.482589 0.000000 0.000000 0.000000 0.000000 0.000000 0.000000 0.000000 0.000000 0.000000 0.000000 0.000000 0.000000 0.000000 0.000000 0.000000 0.000000 0.000000 0.000000 0.000000 0.000000 0.000000 0.000000 0.000000 0.000000 0.000000 0.000000 0.000000 0.000000 0.000000 0.000000 0.000000 0.000000 0.000000 0.000000 0.000000 0.000000 0.000000 0.000000 0.000000 0.000000 0.000000 0.000000 0.000000
0.924071 0.548765 0.592620 0.621434 0.694561 0.827194 1.209401 1.472980 1.392137 1.323267 1.195819 1.114239 1.119207 1.128691 0.994212 0.975103 0.939984 0.855016 0.723127 0.795535 0.752304 0.790580 0.719690 0.603069 0.597627 1.244495 0.927814 0.965942 0.983981 0.907337 0.768789 0.783532 0.729902 0.658253 0.587478 0.470147 0.435815 0.413191 0.000000 0.000000 0.000000 0.000000 0.000000 0.000000 0.000000 0.640954 0.523212 0.000000 0.000000 0.000000 0.000000 0.000000 0.000000 0.000000 0.000000 0.000000 0.000000 0.000000 0.000000 0.000000 0.000000 0.000000 0.000000 0.000000 0.000000 0.000000 0.416965 0.516991 0.525278 0.688941 0.622965 0.644615 0.571376 0.486148 0.459875 0.427456 0.407726 0.391984 0.376821 0.000000 0.000000 0.528043 0.761961 0.575136 0.000000 0.513663 0.605150 0.608100 0.565712 0.704509 1.678892 0.896673 0.976778 1.025978 1.211344 1.107949 1.037686 0.832491 0.629671 0.678185 0.947524 0.611056 0.685485 0.739481 0.869950 0.797980 0.795739 0.767864 0.713714 0.671644 0.607542 0.523756 0.446594 0.451071 0.935614 0.653570 0.633271 0.671730 0.626726 0.729419 0.798318 0.836815 0.828247 0.769705 0.736244 0.707623 0.674872 0.655593 0.714885 0.732188 0.649839 0.592682 0.510110 0.480752 1.055336 0.744362 0.553189 0.659088 0.632881 0.609932 0.696027 0.730266 0.770856 0.874481 0.837367 0.790188 0.714073 0.736305 0.749789 0.538856 0.814360 0.856005 0.637158 0.848447 0.909052 0.882348 0.858195 0.778907 0.646583 0.649053 0.670740 0.716253 0.929122 0.930444 0.912645 1.142074 1.262952 1.375457 1.468991 1.357863 1.314574 1.267830 1.337955 1.281042 1.218553 1.125067 0.925403 0.906133 0.749377 0.787339 0.927846 0.972353 1.060425 1.255699 1.246081 1.202958 1.121160 1.144144 1.179063 1.156135 1.091389 1.167138 1.184665 1.057654 0.906246 0.802576 0.719095 0.813166 0.827820 0.895990 1.055553 1.047400 0.984506 0.914380 0.851140 0.765742 0.785494 0.857176 0.809545 0.694651 0.548298 0.000000 0.913491 1.186544 1.357930 1.272641 0.847355 0.708574 0.783730 0.768906 0.899638 0.810941 0.676886 0.521007 0.515414 0.676421 0.764015 0.771266 0.720632 0.835073 0.835547 0.795340 0.730764 0.655047 0.567754 0.535570 0.497375 0.441180 0.000000 0.000000 0.000000 0.000000 0.000000 0.000000 0.000000 0.000000 0.000000 0.000000 0.000000 0.000000 0.000000 0.000000 0.000000 0.000000 0.000000 0.000000 0.000000 0.000000 0.000000 0.000000 0.000000 0.000000 0.000000 0.000000 0.000000 0.000000 0.000000 0.000000 0.000000 0.000000 0.000000 0.000000 0.000000 0.000000 0.000000 0.000000 0.000000 0.000000 0.000000 0.000000
0.929307 0.554878 0.596909 0.625045 0.704301 0.850128 1.153987 1.384598 1.333967 1.197493 1.098537 1.107818 1.115978 1.086325 1.006325 1.008480 1.067820 1.030759 0.905889 0.737953 0.670959 0.676999 0.628683 0.555926 0.520951 0.633865 0.721196 0.754136 0.750956 0.682912 0.668770 0.693086 0.649035 0.587829 0.520057 0.000000 0.000000 0.000000 0.000000 0.000000 0.000000 0.551679 0.689333 0.653088 0.550407 0.447352 0.569056 0.519383 0.530395 0.495066 0.442327 0.383750 0.000000 0.000000 0.000000 0.000000 0.000000 0.000000 0.000000 0.000000 0.000000 0.000000 0.000000 0.000000 0.000000 0.000000 0.595883 0.688666 0.677588 0.733652 0.654229 0.674643 0.631577 0.562550 0.491477 0.413402 0.414985 0.414278 0.401138 0.372849 0.000000 0.000000 0.000000 0.000000 0.439322 0.499338 0.524087 0.864116 0.450542 0.841665 0.638618 0.753973 0.859107 0.969251 1.003516 1.010760 0.967499 0.925198 0.780395 0.734599 0.678411 0.584873 0.494951 0.381390 0.000000 0.000000 0.486166 0.535669 0.545699 0.542251 0.541225 0.589904 0.590536 0.561026 1.330494 0.839333 0.679804 0.747512 0.717698 0.834276 0.906362 0.928040 0.977633 0.971852 0.929967 0.826313 0.774711 0.653214 0.651726 0.701997 0.704428 0.686702 0.641972 0.711135 0.692790 0.666136 0.612918 0.639575 0.766055 0.592358 0.553622 0.446686 0.605175 0.703896 0.720072 0.665148 0.750664 0.902147 0.947244 0.861983 0.837771 1.026272 0.842578 0.818240 0.904722 0.868862 0.854452 0.753013 0.686662 0.936589 1.067362 0.949348 0.941045 0.897159 0.855532 0.881872 1.040288 1.145373 1.269046 1.151711 1.095033 1.192646 1.279888 1.262069 1.242524 1.073463 0.961887 0.939718 0.859018 0.832099 0.953244 1.021857 0.993965 1.258276 1.285322 1.232774 1.136133 1.083028 1.067303 1.021135 1.027002 1.206652 1.235284 1.109865 0.929686 0.807590 0.758496 0.815268 0.786637 0.919068 1.067974 1.047202 0.978256 0.902245 0.826552 0.749282 0.741047 0.807530 0.754995 0.698051 0.598704 0.443870 0.427394 0.824429 1.024511 0.941090 0.585056 0.000000 0.504965 0.497744 0.510418 0.479631 0.000000 0.000000 0.000000 0.441526 0.515570 0.606090 0.508694 0.624239 0.632148 0.650453 0.656650 0.608612 0.529291 0.476787 0.444546 0.399029 0.000000 0.000000 0.000000 0.000000 0.000000 0.000000 0.000000 0.000000 0.000000 0.000000 0.000000 0.000000 0.000000 0.000000 0.000000 0.000000 0.000000 0.000000 0.000000 0.000000 0.000000 0.000000 0.000000 0.000000 0.000000 0.000000 0.000000 0.000000 0.000000 0.000000 0.000000 0.000000 0.000000 0.000000 0.000000 0.000000 0.000000 0.000000 0.000000 0.000000 0.000000 0.000000
0.924180 0.544366 0.580364 0.616932 0.614899 0.622902 0.616284 0.557618 0.815926 0.893254 0.917119 1.020855 1.062140 0.965855 0.866463 0.817754 0.751979 0.719447 0.652875 0.609806 0.588396 0.573352 0.548588 0.477103 0.444304 0.410790 0.378534 0.004000 0.440932 0.406744 0.505095 0.533865 0.443485 0.396976 0.000000 0.000000 0.000000 0.000000 0.000000 0.000000 0.562752 0.832213 0.920269 0.863217 0.745885 0.618889 0.674163 0.522354 0.436875 0.421878 0.390340 0.000000 0.000000 0.000000 0.000000 0.000000 0.000000 0.000000 0.000000 0.000000 0.000000 0.000000 0.000000 0.000000 0.420608 0.004000 0.618024 0.725433 0.801163 0.806969 0.607458 0.636223 0.650824 0.621463 0.523485 0.441193 0.490054 0.584771 0.485627 0.449993 0.384128 0.000000 0.000000 0.000000 0.000000 0.373001 0.000000 0.004000 0.362842 0.400474 0.370861 0.000000 0.420210 0.558501 0.599398 0.734793 0.823064 0.833197 0.782870 0.731285 0.718703 0.663840 0.583933 0.535518 0.445815 0.508589 0.581965 0.429920 0.405260 0.000000 0.000000 0.510352 0.522196 0.581220 0.580082 0.796574 0.865499 0.849748 0.865299 0.848840 0.745524 0.703456 0.703957 0.684391 0.678838 0.643979 0.587668 0.525368 0.530719 0.551892 0.466326 0.000000 0.470662 0.753750 0.749149 0.698309 0.709903 0.701227 0.630662 0.663608 0.703533 0.669202 0.733547 0.733954 0.722765 1.076069 1.016472 0.914658 0.909394 0.812077 0.969847 0.883410 0.867801 0.848882 0.785543 0.864068 0.618470 0.749544 1.221777 1.264010 1.203187 1.070581 0.982938 0.911109 0.875638 0.784807 0.657523 0.755154 0.826123 0.995368 1.065488 1.159271 1.103051 1.070355 1.075208 1.047016 1.045832 1.065642 0.972187 0.891423 1.038478 1.109633 1.080289 1.157242 1.248069 1.181463 1.198764 1.081581 0.964953 0.956220 1.052916 1.195216 1.232115 1.162602 1.044536 0.893028 0.858068 0.863748 0.822330 0.949253 1.026992 1.033620 0.960971 0.883473 0.810057 0.722030 0.658144 0.708412 0.676378 0.634463 0.569407 0.495135 0.436081 0.355984 0.474824 0.494621 0.428874 0.000000 0.000000 0.000000 0.000000 0.000000 0.000000 0.000000 0.000000 0.521898 0.530224 0.467457 0.000000 0.000000 0.000000 0.426788 0.503598 0.492897 0.429884 0.000000 0.000000 0.000000 0.000000 0.000000 0.000000 0.000000 0.000000 0.000000 0.000000 0.000000 0.000000 0.000000 0.000000 0.000000 0.000000 0.000000 0.000000 0.000000 0.000000 0.000000 0.000000 0.000000 0.000000 0.000000 0.000000 0.000000 0.000000 0.000000 0.000000 0.000000 0.000000 0.000000 0.000000 0.000000 0.000000 0.000000 0.000000 0.000000 0.000000 0.000000 0.000000 0.000000 0.000000 0.000000
0.829688 0.520290 0.462231 0.517351 0.558872 0.444451 0.435473 0.627543 0.873721 0.932138 0.897266 1.089293 1.171405 1.091383 0.977155 0.723116 0.672190 0.669470 0.773715 0.676771 0.553819 0.377254 0.000000 0.000000 0.000000 0.000000 0.000000 0.000000 0.000000 0.409551 0.429561 0.430749 0.422872 0.401656 0.000000 0.000000 0.000000 0.417139 0.000000 0.436339 0.848858 1.013854 1.032246 0.957236 0.831607 0.681293 0.738499 0.431671 0.000000 0.000000 0.000000 0.000000 0.000000 0.000000 0.000000 0.000000 0.000000 0.000000 0.000000 0.000000 0.000000 0.000000 0.000000 0.000000 0.000000 0.684282 0.791229 0.849478 0.914196 0.909629 0.882630 0.830647 0.792136 0.744580 0.721160 0.660294 0.587517 0.530124 0.399643 0.000000 0.000000 0.000000 0.004000 0.000000 0.000000 0.000000 0.000000 0.000000 0.365916 0.385982 0.000000 0.000000 0.000000 0.438437 0.426445 0.598158 0.643018 1.119594 0.874509 0.857793 0.850554 0.785989 0.681100 0.585636 0.514406 0.382076 0.580331 0.709441 0.690886 0.649289 0.674087 0.517187 0.434325 0.536090 0.687107 0.751684 0.714316 0.701791 0.744881 0.757916 0.748653 0.725364 0.693241 0.639745 0.890075 0.696196 0.571612 0.616810 0.554836 0.560569 0.561338 0.501717 0.458633 0.477538 0.517161 0.539426 0.574955 0.629601 0.710801 0.622753 0.697511 0.878938 0.912231 0.893787 0.960660 0.945838 0.901479 0.697648 0.810739 0.876370 1.049507 0.898301 0.529953 0.901099 0.797238 0.686481 0.937162 1.266608 1.293115 1.327698 1.215261 1.038287 0.882174 0.806958 0.762060 0.758576 0.773663 0.852195 1.088179 1.297360 1.293357 1.145593 1.002217 0.976311 0.977759 1.061509 1.300113 1.353634 1.295501 1.080822 1.057638 1.089015 1.082691 1.163113 1.164948 1.124088 1.329449 1.134298 0.975192 1.006738 1.104872 1.205893 1.243248 1.208262 1.145216 1.027408 0.946871 0.924464 0.886645 0.981156 1.030048 1.024055 0.971950 0.872890 0.781205 0.659906 0.588050 0.606845 0.731848 0.696492 0.854351 1.040688 0.725686 0.564863 0.467856 0.000000 0.000000 0.000000 0.000000 0.000000 0.000000 0.480820 0.644569 0.702087 0.807198 0.660374 0.523366 0.536622 0.000000 0.000000 0.000000 0.000000 0.000000 0.000000 0.000000 0.000000 0.000000 0.000000 0.382274 0.000000 0.000000 0.000000 0.000000 0.000000 0.000000 0.000000 0.000000 0.000000 0.000000 0.000000 0.000000 0.000000 0.000000 0.000000 0.000000 0.000000 0.000000 0.000000 0.000000 0.000000 0.000000 0.000000 0.000000 0.000000 0.000000 0.000000 0.000000 0.000000 0.000000 0.000000 0.000000 0.000000 0.000000 0.000000 0.000000 0.000000 0.000000 0.000000 0.000000 0.000000
0.784190 0.402915 0.394709 0.000000 0.000000 0.000000 0.000000 0.572773 0.382179 0.674711 1.107046 1.239994 1.558995 1.246866 0.968314 0.848230 0.862627 0.852397 0.777371 0.819900 0.675046 0.589146 0.411040 0.000000 0.435065 0.420726 0.000000 0.000000 0.000000 0.000000 0.000000 0.000000 0.000000 0.314380 0.000000 0.000000 0.000000 0.000000 0.000000 0.653429 1.004790 1.106948 1.028534 0.879110 0.683090 0.492971 0.457592 0.000000 0.000000 0.000000 0.000000 0.000000 0.000000 0.000000 0.000000 0.000000 0.000000 0.000000 0.000000 0.000000 0.000000 0.000000 0.000000 0.422965 0.701324 0.916470 1.071974 1.116878 1.127675 1.088502 1.023828 0.960693 0.864638 0.786756 0.692942 0.614736 0.536709 0.424003 0.383793 0.000000 0.402653 0.000000 0.000000 0.000000 0.000000 0.000000 0.000000 0.000000 0.000000 0.000000 0.000000 0.000000 0.500980 0.530200 0.533201 0.566197 0.581133 1.181276 0.791491 0.748737 0.761241 0.606064 0.597812 0.555087 0.430372 0.626520 0.693020 0.752284 0.750731 0.689059 0.609363 0.510936 0.580768 0.591018 0.582860 0.604780 0.597376 0.611394 0.650098 0.727020 0.750325 0.738785 0.786368 0.655888 0.792370 0.670929 0.608832 0.668503 0.763219 0.692028 0.585173 0.546592 0.433890 0.429018 0.564822 0.679056 0.683574 0.680994 0.745209 0.614450 0.693129 0.713032 0.711065 0.954007 0.866521 0.864403 0.798202 0.576549 0.742649 0.858793 0.841887 0.844997 0.513265 1.078661 1.033639 0.980151 1.217760 1.386960 1.226678 1.063107 0.957033 0.919745 0.778311 0.642167 0.618795 0.771962 0.820834 0.921577 1.083244 1.381717 1.309752 1.096184 0.960782 0.882789 0.841398 1.004803 1.383178 1.608687 1.649637 1.494302 1.273840 1.192207 1.092895 1.126179 1.270368 1.155942 1.381044 1.238504 1.014318 1.021453 1.139369 1.212150 1.236947 1.245839 1.206484 1.107981 1.000317 0.961039 0.943252 1.006371 1.040132 1.047458 0.980660 0.876856 0.748392 0.642549 0.624004 0.900803 0.571136 0.914264 1.057110 1.023073 0.926365 0.741660 0.608995 0.509732 0.000000 0.440197 0.636804 0.000000 0.000000 0.495881 0.764709 0.839290 0.950898 0.770248 0.659293 0.600259 0.446147 0.000000 0.000000 0.463378 0.535765 0.526151 0.487563 0.420310 0.000000 0.000000 0.000000 0.000000 0.000000 0.000000 0.000000 0.000000 0.000000 0.000000 0.000000 0.000000 0.000000 0.000000 0.000000 0.000000 0.000000 0.000000 0.000000 0.000000 0.000000 0.000000 0.455785 0.433874 0.000000 0.000000 0.000000 0.000000 0.000000 0.000000 0.000000 0.000000 0.000000 0.000000 0.000000 0.000000 0.000000 0.000000 0.000000 0.000000 0.000000 0.000000 0.000000 0.000000
0.581102 0.414734 0.512397 0.399179 0.424684 0.393249 0.403535 0.487000 1.058554 0.617284 0.911724 1.240112 1.244260 1.161899 0.870351 0.772026 0.347424 0.689731 0.632989 0.574512 0.511393 0.440029 0.401838 0.000000 0.000000 0.000000 0.000000 0.000000 0.000000 0.000000 0.000000 0.000000 0.000000 0.000000 0.000000 0.000000 0.000000 0.000000 0.418162 0.574094 0.000000 0.000000 0.000000 0.000000 0.000000 0.000000 0.000000 0.000000 0.000000 0.000000 0.000000 0.000000 0.000000 0.000000 0.000000 0.000000 0.000000 0.000000 0.000000 0.000000 0.000000 0.000000 0.418774 0.607631 0.852484 0.967392 1.129518 1.193105 1.214310 1.139248 0.982433 0.872015 0.774231 0.688425 0.596746 0.493639 0.000000 0.000000 0.000000 0.397320 0.487923 0.562723 0.594145 0.581622 0.546651 0.505557 0.466069 0.420767 0.367056 0.000000 0.000000 0.000000 0.817443 0.685985 0.659072 0.603325 0.536169 1.164423 1.136476 0.560347 0.582084 0.633051 0.615919 1.028650 0.733672 1.055461 1.272440 1.043551 0.836018 0.772370 0.688286 0.777779 0.712456 0.657020 0.657473 0.634514 0.722576 0.650060 0.712448 0.622355 0.614010 0.552020 0.548884 0.727732 0.421340 0.512876 0.631596 1.132851 1.104814 1.040020 0.957536 0.834845 0.759189 0.650657 0.760664 0.679391 0.673873 0.644427 0.611307 0.618643 0.698186 0.716085 0.764910 0.662914 0.707442 0.697150 0.674612 0.623188 0.602750 0.679731 0.800738 0.719293 0.744045 1.202182 1.046453 1.148826 1.290029 1.253514 1.093914 0.971763 0.882397 0.785638 0.665493 0.501627 0.514089 0.722752 0.958595 1.130471 1.280594 1.324276 1.240287 1.108916 0.973280 0.819224 0.734978 0.790787 1.293837 1.671059 1.825186 1.731565 1.613687 1.417318 1.383961 1.339208 1.504956 1.284714 1.330031 1.307187 1.097646 0.980279 1.132764 1.211567 1.263070 1.322885 1.295746 1.194482 1.093531 1.040738 1.022866 1.020792 1.025421 1.024562 0.965711 0.871263 0.744962 0.736463 0.680069 0.747981 0.848004 0.842314 0.853545 0.866648 0.810225 0.664246 0.524470 0.465394 0.000000 0.558883 0.806203 0.913986 1.074659 1.239459 1.237224 1.205415 0.999759 0.974697 0.889172 0.540393 0.000000 0.000000 0.000000 0.673967 0.587958 0.542901 0.453898 0.572939 0.454854 0.000000 0.000000 0.000000 0.000000 0.000000 0.000000 0.000000 0.000000 0.000000 0.000000 0.000000 0.000000 0.000000 0.000000 0.000000 0.000000 0.000000 0.000000 0.000000 0.000000 0.000000 0.000000 0.000000 0.000000 0.000000 0.000000 0.000000 0.000000 0.000000 0.000000 0.000000 0.000000 0.000000 0.000000 0.000000 0.000000 0.000000 0.000000 0.000000 0.000000 0.000000 0.000000 0.000000
0.644527 0.416094 0.405617 0.398584 0.503592 0.410820 0.454871 0.457048 0.648433 0.747739 0.851033 1.118269 1.028409 1.012744 1.054569 0.978861 0.910363 0.708318 0.798043 0.738874 0.677573 0.605162 0.519604 0.000000 0.000000 0.000000 0.000000 0.000000 0.000000 0.000000 0.000000 0.000000 0.000000 0.000000 0.000000 0.000000 0.000000 0.000000 0.000000 0.460081 0.457811 0.376739 0.396269 0.000000 0.000000 0.000000 0.000000 0.000000 0.000000 0.000000 0.000000 0.000000 0.000000 0.000000 0.000000 0.000000 0.000000 0.000000 0.000000 0.000000 0.000000 0.000000 0.379515 0.839917 0.784533 0.754652 0.852621 0.922796 0.892572 0.844155 0.845776 0.801081 0.712609 0.611463 0.482368 0.420990 0.000000 0.004000 0.253993 0.836570 0.635639 0.707824 0.688488 0.654292 0.609824 0.553041 0.493733 0.427997 0.484872 0.498934 0.447530 0.554975 0.508413 0.717315 0.678923 0.625144 0.649434 0.703579 0.780750 0.509562 0.594347 0.591592 1.355791 0.553075 0.797116 0.961858 1.186590 1.015840 0.953119 0.872888 0.828735 0.758798 0.676698 0.661655 0.610310 0.717026 0.877532 0.684568 0.700134 0.581241 0.524931 0.505696 0.408180 0.376867 1.118306 0.766140 0.853844 1.300877 1.154067 1.159919 1.158050 1.094362 0.873792 0.795765 0.647269 0.535263 0.472524 0.459814 0.424846 0.051006 0.421726 0.609213 0.539773 0.428258 0.457652 0.482390 0.546555 0.696818 0.571329 0.672214 0.594300 0.743815 1.165190 1.167587 1.186872 1.245830 1.307957 1.223758 1.069974 0.953532 0.853546 0.742691 0.621529 0.415258 0.428844 0.604368 0.842636 1.071594 1.193367 1.263006 1.254646 1.134265 0.924006 0.744081 0.682216 1.053572 1.317124 1.559697 1.762760 1.789324 1.699260 1.674406 1.650090 1.553326 1.416763 1.188131 1.221295 1.218047 1.054913 0.938082 1.090136 1.209613 1.262325 1.376299 1.388836 1.299495 1.153153 1.149816 1.083335 0.998239 0.953516 0.951823 0.932590 0.853679 0.793277 0.761453 0.786345 1.150201 0.973095 0.832459 0.766990 0.701002 0.655886 0.573729 0.631972 0.754068 0.723124 0.530007 0.751371 0.949704 1.193876 1.362703 1.346031 1.324082 1.226885 1.044485 0.734112 0.438837 0.000000 0.000000 0.440077 0.464076 0.000000 0.000000 0.000000 0.000000 0.000000 0.000000 0.000000 0.000000 0.000000 0.566971 0.576054 0.502501 0.407109 0.000000 0.000000 0.000000 0.000000 0.000000 0.000000 0.000000 0.000000 0.000000 0.000000 0.000000 0.000000 0.000000 0.000000 0.000000 0.000000 0.000000 0.000000 0.000000 0.000000 0.000000 0.000000 0.000000 0.000000 0.000000 0.000000 0.000000 0.000000 0.000000 0.000000 0.000000 0.000000 0.000000 0.000000 0.000000
0.635448 0.409371 0.396330 0.000000 0.453727 0.399372 0.543972 0.777121 1.179504 1.022021 0.964561 1.079592 1.227961 1.318181 1.440766 1.370993 1.134871 0.944084 0.667498 0.740288 0.734913 0.660241 0.585451 0.480796 0.417937 0.000000 0.000000 0.000000 0.000000 0.000000 0.000000 0.000000 0.000000 0.000000 0.000000 0.000000 0.000000 0.663241 0.703340 0.603042 0.540456 0.441354 0.000000 0.000000 0.000000 0.000000 0.000000 0.000000 0.000000 0.000000 0.000000 0.000000 0.000000 0.000000 0.000000 0.000000 0.000000 0.000000 0.000000 0.000000 0.000000 0.000000 0.857093 0.000000 0.548250 0.582719 0.586059 0.532228 0.581838 0.641156 0.726033 0.755442 0.695017 0.617057 0.517438 0.439647 0.000000 0.004000 0.742880 0.000000 0.000000 0.431075 0.487221 0.504672 0.613003 0.601887 0.687267 0.519063 0.548691 0.546169 0.500918 0.647366 0.630985 0.473733 0.556371 0.538624 0.570318 0.453417 0.000000 0.000000 0.000000 0.624112 0.655110 0.613087 0.758018 0.741393 0.777629 0.826782 0.807198 0.747595 0.695261 0.596655 0.824363 0.881796 1.308402 1.058089 0.622774 0.375156 0.775001 0.733607 0.650032 0.531507 0.370587 0.374871 0.556518 1.101505 0.722760 0.847408 0.893943 0.918903 0.913159 0.913759 0.842242 0.719515 0.669916 0.645093 0.588805 0.580631 0.582776 0.612176 0.600944 0.595743 0.599891 0.545149 0.458133 0.437314 0.634692 0.778956 0.717189 0.625637 0.714945 0.817109 1.189880 1.242629 1.329343 1.330795 1.235055 1.158627 1.080910 0.970813 0.840626 0.767390 0.621008 0.415410 0.561105 0.588127 0.621727 0.877257 1.240366 1.405980 1.322424 1.189192 0.993750 0.840375 0.782085 1.075398 1.289698 1.395089 1.499189 1.548013 1.543263 1.554631 1.541093 1.416133 1.258117 1.236453 1.195943 1.084071 1.083920 0.984195 1.033553 1.178672 1.264964 1.408481 1.472178 1.433839 1.396651 1.307909 1.163352 0.926488 0.907004 0.901627 0.824498 0.829167 0.869955 0.765225 0.799840 1.226668 0.843012 0.871899 0.852606 0.748757 0.661840 0.549110 0.460689 0.640514 0.601756 0.476594 0.580618 0.830784 1.106132 1.304409 1.244405 1.332021 1.265710 1.045028 0.655462 0.000000 0.000000 0.429464 0.646045 0.641770 0.549644 0.443481 0.000000 0.000000 0.000000 0.539290 0.000000 0.000000 0.523321 0.759697 0.777257 0.707062 0.573513 0.475578 0.000000 0.000000 0.000000 0.000000 0.000000 0.000000 0.000000 0.000000 0.000000 0.000000 0.000000 0.000000 0.000000 0.000000 0.000000 0.000000 0.000000 0.000000 0.000000 0.000000 0.000000 0.000000 0.000000 0.000000 0.000000 0.000000 0.000000 0.000000 0.000000 0.000000 0.000000 0.000000 0.000000 0.000000
0.562779 0.000000 0.000000 0.000000 0.503874 0.439490 0.764367 1.006150 0.858236 1.123519 1.182775 1.085726 1.145586 1.206844 1.214496 1.243794 1.087161 1.077792 0.948636 0.849828 0.655681 0.780442 0.720744 0.649773 0.565123 0.618772 0.652854 0.588732 0.497408 0.000000 0.000000 0.000000 0.000000 0.000000 0.000000 0.000000 0.000000 0.725839 0.825011 0.721905 0.451496 0.000000 0.000000 0.489184 0.000000 0.000000 0.000000 0.000000 0.000000 0.000000 0.000000 0.000000 0.000000 0.000000 0.000000 0.000000 0.000000 0.000000 0.000000 0.401435 0.534543 0.570901 0.517202 0.421526 0.592352 0.723956 0.732684 0.682670 0.623483 0.628567 0.604727 0.584499 0.583486 0.535861 0.419232 0.377890 0.000000 0.000000 0.000000 0.000000 0.000000 0.000000 0.465001 0.734147 0.834211 0.849023 0.766100 0.567794 0.752161 0.746467 0.658751 0.629775 0.663167 0.581830 0.476233 0.494233 0.467905 0.417648 0.000000 0.000000 0.486550 0.691276 0.714713 0.716719 0.684676 0.694814 0.615297 0.600915 0.488805 0.470781 0.684703 0.926618 1.247195 1.056219 0.825302 0.910402 0.686982 0.785537 0.790051 0.661759 0.557658 0.478269 0.000000 0.000000 0.000000 0.000000 0.396609 0.705983 0.717748 0.712232 0.653817 0.716331 0.771094 0.760398 0.703837 0.694739 0.657759 0.606552 0.803675 0.627114 0.724785 0.721675 0.892446 0.820234 0.661512 0.529043 0.585111 0.766689 0.807255 0.902021 0.784344 0.938034 1.006410 1.110840 1.249464 1.244089 1.147601 1.150584 1.041206 0.937591 0.881822 0.733730 0.622360 0.606564 0.678059 0.817966 0.688599 0.932885 1.344007 1.358623 1.237916 1.104692 1.001979 0.946689 0.914500 1.109755 1.126815 1.134966 1.096756 1.056025 1.222813 1.266375 1.261088 1.137467 1.039209 1.199970 1.266834 1.205493 1.107269 1.199822 1.233591 1.375929 1.389519 1.372240 1.434254 1.555506 1.581515 1.426655 1.261157 1.104086 0.976381 0.886407 0.855855 0.872732 0.899516 0.860281 0.791635 0.796980 0.767377 0.926813 0.912742 0.787503 0.684407 0.574994 0.489920 0.420719 0.000000 0.000000 0.531877 0.635468 0.944152 1.120635 1.258789 1.265336 1.122001 0.896015 0.541573 0.000000 0.000000 0.547281 0.841738 0.888371 0.562200 0.638718 0.687375 0.610270 0.449648 0.564965 0.466222 0.000000 0.528442 0.831438 0.898774 0.880142 0.661927 0.517160 0.409413 0.000000 0.000000 0.000000 0.000000 0.000000 0.000000 0.000000 0.000000 0.000000 0.000000 0.000000 0.000000 0.000000 0.000000 0.000000 0.000000 0.000000 0.000000 0.000000 0.000000 0.000000 0.000000 0.000000 0.000000 0.000000 0.000000 0.000000 0.000000 0.000000 0.000000 0.000000 0.000000 0.000000
0.424230 0.448227 0.428385 0.394520 0.000000 0.120360 0.987833 0.724837 0.536358 0.692286 0.835610 0.939623 0.770215 0.839275 1.033433 1.111575 0.991594 0.920391 0.831679 0.886236 0.890190 0.852743 0.796854 0.726798 0.650489 0.570766 0.651149 0.735291 0.715301 0.625819 0.501014 0.000000 0.000000 0.000000 0.000000 0.000000 0.000000 0.000000 0.000000 0.000000 0.000000 0.000000 0.000000 0.000000 0.000000 0.000000 0.000000 0.000000 0.000000 0.000000 0.000000 0.000000 0.000000 0.000000 0.000000 0.000000 0.000000 0.000000 0.442531 0.610723 0.743620 0.776342 0.747036 0.661700 0.949514 0.879061 0.684153 0.675227 0.748389 0.791211 0.766004 0.687230 0.579246 0.429585 0.000000 0.000000 0.000000 0.000000 0.000000 0.000000 0.000000 0.000000 0.565506 0.822026 0.912716 0.928920 0.879432 0.720010 0.728369 0.746477 0.751140 0.691686 0.637234 0.538888 0.609775 0.603599 0.545850 0.464716 0.000000 0.000000 0.000000 0.575111 0.633384 0.816572 0.898966 0.915458 0.604749 0.492669 0.467020 0.530885 0.704964 0.865704 0.888841 0.850177 0.804065 0.745391 0.704985 0.503435 0.576911 0.472364 0.627748 0.634325 0.563596 0.559298 0.535544 0.589892 0.535612 0.662862 0.797861 0.958414 0.809580 0.770560 0.736161 0.641055 0.713122 0.600257 0.598963 0.580100 0.564424 0.860132 1.053319 0.973113 0.924802 0.821987 0.715634 0.568015 0.656076 0.844993 0.816506 0.864006 0.816313 0.827635 0.864941 0.952108 1.091271 1.094997 1.065120 1.164510 1.062752 0.975816 0.828597 0.721209 0.701789 0.747003 0.719703 0.820437 0.865053 1.054966 1.215435 1.267109 1.294290 1.230330 1.103860 1.048431 1.015756 1.041913 0.947140 0.859157 0.784797 0.685448 0.717744 1.069473 0.960099 0.851367 0.919026 1.093747 1.177974 1.128370 1.303782 1.384820 1.385556 1.342090 1.331082 1.344966 1.466692 1.618568 1.515359 1.203959 1.172537 1.069409 0.962914 0.896144 0.906800 0.920926 0.943712 0.904338 0.850523 0.857906 0.775580 0.916853 0.922077 0.826043 0.683083 0.585222 0.492651 0.000000 0.000000 0.728253 0.618995 0.882395 0.934303 1.149264 1.213123 1.106226 0.915878 1.038801 0.541513 0.000000 0.000000 0.636914 0.794314 0.778818 0.000000 0.688437 0.845051 0.800049 0.576174 0.000000 0.000000 0.000000 0.442322 0.689990 0.721488 0.746380 0.541556 0.505786 0.000000 0.000000 0.000000 0.000000 0.000000 0.000000 0.000000 0.000000 0.000000 0.000000 0.000000 0.000000 0.000000 0.000000 0.000000 0.000000 0.000000 0.000000 0.000000 0.000000 0.000000 0.000000 0.000000 0.000000 0.000000 0.000000 0.000000 0.000000 0.000000 0.000000 0.000000 0.000000 0.000000 0.000000
0.442098 0.459435 0.441815 0.408135 0.000000 0.000000 0.000000 0.000000 0.000000 0.631624 0.566839 0.905957 1.144382 0.931670 0.914441 0.972215 0.921675 0.881175 0.834847 0.991676 0.924270 0.875962 0.813371 0.741794 0.672315 0.602858 0.527952 0.602640 0.578294 0.537383 0.451823 0.000000 0.000000 0.000000 0.000000 0.000000 0.000000 0.000000 0.000000 0.000000 0.000000 0.000000 0.000000 0.000000 0.000000 0.000000 0.000000 0.000000 0.000000 0.000000 0.000000 0.000000 0.000000 0.000000 0.000000 0.000000 0.000000 0.480851 0.644669 0.744289 0.849379 0.862399 0.830846 0.750535 0.618533 0.599468 0.496095 0.616900 0.769764 0.817403 0.815945 0.768256 0.692997 0.605915 0.531053 0.404750 0.000000 0.000000 0.000000 0.000000 0.000000 0.000000 0.427162 0.517014 0.548193 0.585563 0.661438 0.732424 0.714590 0.802045 0.831556 0.720621 0.648543 0.549361 0.615355 0.571936 0.479829 0.000000 0.000000 0.000000 0.421993 0.004000 0.615178 0.846928 0.908007 0.833939 0.696132 0.592733 0.662226 0.684571 0.833051 0.860815 0.923416 0.879412 0.606254 0.580649 0.734027 0.769981 0.752908 0.928723 0.832507 0.749027 0.687319 0.729069 0.787292 0.856165 0.825754 0.800398 0.813389 0.859298 1.236291 0.989504 0.875143 1.285921 0.799622 0.727816 0.542425 0.654006 0.673260 0.894278 1.057021 0.959132 0.915836 0.818559 0.745581 0.619838 0.753135 0.779000 0.780833 0.787905 0.811186 0.990347 0.896299 0.851987 0.855526 0.968183 1.046174 1.099919 1.049538 0.939025 0.788614 0.747093 0.793716 0.766511 0.717946 0.936435 1.204668 1.378461 1.474537 1.471409 1.483471 1.391601 1.254357 1.130521 1.089823 1.017284 0.956203 0.889468 0.792383 0.717944 0.812244 1.121261 0.884104 0.829253 0.834222 0.912826 1.003773 0.963956 1.215867 1.319574 1.292778 1.280931 1.307434 1.390973 1.488781 1.426295 1.270830 1.169783 1.076807 1.049583 0.964850 0.889106 0.952260 0.908293 0.931848 0.930302 0.894618 0.910822 0.803542 0.857257 0.864935 0.813066 0.696445 0.570949 0.449178 0.583998 0.649443 0.950263 1.189426 1.327177 1.187508 1.211337 1.274203 1.150989 0.908089 0.733092 0.547417 0.514222 0.426286 0.517791 0.655775 0.580769 0.000000 0.575546 0.810184 0.737131 0.488656 0.000000 0.000000 0.000000 0.000000 0.475906 0.467786 0.485787 0.000000 0.000000 0.000000 0.000000 0.000000 0.000000 0.000000 0.000000 0.000000 0.000000 0.000000 0.000000 0.000000 0.000000 0.000000 0.000000 0.000000 0.000000 0.000000 0.000000 0.000000 0.000000 0.000000 0.000000 0.000000 0.000000 0.000000 0.000000 0.000000 0.000000 0.000000 0.000000 0.000000 0.000000 0.000000 0.000000
0.446937 0.460829 0.443905 0.410816 0.000000 0.000000 0.000000 0.000000 0.000000 0.000000 0.254130 1.150549 1.121517 1.043696 0.864610 0.913185 0.866653 0.867379 0.845640 0.953361 0.915806 0.888796 0.856007 0.754697 0.655809 0.580957 0.515678 0.448625 0.000000 0.000000 0.000000 0.000000 0.000000 0.000000 0.000000 0.000000 0.000000 0.000000 0.000000 0.000000 0.000000 0.000000 0.000000 0.000000 0.000000 0.000000 0.000000 0.000000 0.000000 0.000000 0.000000 0.000000 0.000000 0.000000 0.000000 0.000000 0.000000 0.836355 0.987214 0.848450 0.850867 0.805198 0.694193 0.566974 0.488196 0.000000 0.793026 0.605114 0.684747 0.756796 0.578687 0.500971 0.501046 0.475663 0.000000 0.458175 1.066230 1.221276 0.632292 0.564895 0.504542 0.433446 0.394386 0.000000 0.004000 0.000000 0.733073 0.776779 0.758849 0.822370 0.816476 0.645983 0.545238 0.428524 0.000000 0.000000 0.000000 0.000000 0.000000 0.396338 0.871614 0.468030 0.764270 0.993907 0.861453 0.665033 0.612036 0.744227 0.748771 0.735104 1.019427 0.858181 0.886180 0.723764 0.652210 0.710647 1.010903 1.260075 1.143466 0.929904 0.712375 0.655884 0.661549 0.877541 0.940482 0.997771 0.998850 1.302144 0.910928 0.902696 0.951513 0.971479 0.982336 1.061547 1.027135 0.970763 0.867357 0.760921 0.756548 0.867322 0.977811 0.951657 0.860336 0.839482 0.692754 0.701644 0.727873 0.645046 0.683692 0.783096 0.966792 0.891087 0.902663 0.937709 0.948052 0.963938 1.040213 1.081457 1.059775 0.999974 0.848685 0.886034 0.793607 0.788797 0.635252 1.005234 1.256275 1.405371 1.513640 1.544833 1.560910 1.534074 1.385987 1.306477 1.235011 1.176068 1.092967 0.954658 0.850185 0.814568 0.949676 1.194067 1.126554 1.141867 1.103976 0.933855 0.807490 0.767655 1.114337 1.253514 1.164016 1.131051 1.178992 1.262730 1.311729 1.228099 1.073628 1.085904 1.038276 1.075790 1.013655 0.954031 0.969821 0.996064 0.982954 1.062219 1.007211 0.918737 0.782068 0.756496 0.775089 0.726639 0.704934 0.680742 0.761823 0.796150 0.939580 1.237639 1.371587 1.450700 1.477509 1.532315 1.581829 1.481743 1.178820 0.794811 0.761122 0.717788 0.580681 0.447126 0.000000 0.000000 0.000000 0.000000 0.485026 0.475517 0.000000 0.000000 0.000000 0.000000 0.000000 0.000000 0.000000 0.000000 0.000000 0.000000 0.000000 0.000000 0.000000 0.000000 0.000000 0.000000 0.000000 0.000000 0.000000 0.000000 0.000000 0.000000 0.000000 0.000000 0.000000 0.000000 0.000000 0.000000 0.000000 0.000000 0.000000 0.000000 0.000000 0.000000 0.000000 0.000000 0.000000 0.000000 0.000000 0.000000 0.000000 0.000000 0.000000 0.000000
0.441129 0.453621 0.434679 0.402708 0.000000 0.000000 0.000000 0.000000 0.000000 0.000000 0.820447 1.035640 1.128050 1.124060 0.974853 1.102754 0.916576 1.054634 1.033678 1.011148 0.980541 0.905545 0.804293 0.712863 0.695191 0.619298 0.510683 0.446453 0.000000 0.000000 0.000000 0.000000 0.000000 0.000000 0.000000 0.000000 0.000000 0.000000 0.000000 0.000000 0.000000 0.000000 0.000000 0.000000 0.000000 0.000000 0.000000 0.000000 0.000000 0.000000 0.000000 0.000000 0.004000 0.000000 0.000000 0.424861 0.420900 0.970814 0.705643 0.667693 0.653489 0.569974 0.420765 0.000000 0.000000 0.000000 0.445061 0.000000 0.466291 0.478409 0.469837 0.452219 0.419391 0.000000 0.000000 0.000000 0.767065 0.747789 0.529978 0.504824 0.503112 0.479309 0.428580 0.000000 1.036294 0.644485 0.786192 0.809457 0.740423 0.683689 0.622730 0.396406 0.000000 0.000000 0.000000 0.000000 0.000000 0.611130 0.691810 0.585546 0.409928 0.521793 0.500449 0.526912 0.581788 0.715812 0.731114 0.874106 0.854893 0.739428 0.674777 0.683416 0.670485 0.570790 0.564609 0.739752 0.843646 1.100379 0.762833 0.265038 0.367340 0.499343 0.854677 0.854779 0.821638 0.779352 1.028163 1.213969 0.874345 0.994057 0.894828 0.930410 0.947274 0.950326 0.918981 0.880816 0.838658 0.792772 0.836054 0.794467 0.865174 0.851811 0.867408 0.897195 0.598860 0.679687 0.685893 0.584562 0.448389 0.689888 0.865694 0.923382 0.914845 0.807063 0.848073 0.799473 0.835960 0.869839 0.860062 0.900446 0.844394 0.808607 0.813895 0.817925 0.809878 0.973086 1.153293 1.332745 1.552011 1.616458 1.626794 1.588800 1.447564 1.507322 1.461423 1.332573 1.133978 1.010273 0.915898 0.978219 1.144069 1.229591 1.379383 1.327897 1.208894 0.972239 0.739740 0.770646 0.896781 1.098538 1.038877 0.985992 0.946967 1.094612 1.102760 1.021603 0.923176 0.950815 0.923996 1.012646 1.026911 1.051659 1.205781 1.147397 1.018816 1.060581 0.995523 0.868562 0.752080 0.724039 0.608231 0.736472 0.692261 0.930801 0.963934 0.868723 0.865373 1.175405 1.539690 1.803447 1.847066 1.782040 1.722655 1.610576 1.399801 1.106781 0.807842 0.755574 0.673575 0.485052 0.000000 0.000000 0.506217 0.596241 0.607256 0.560751 0.466438 0.000000 0.000000 0.000000 0.000000 0.000000 0.000000 0.000000 0.000000 0.000000 0.000000 0.000000 0.000000 0.000000 0.000000 0.000000 0.000000 0.000000 0.000000 0.000000 0.000000 0.000000 0.000000 0.000000 0.000000 0.000000 0.000000 0.000000 0.000000 0.000000 0.000000 0.000000 0.000000 0.000000 0.000000 0.000000 0.000000 0.000000 0.000000 0.000000 0.000000 0.000000 0.000000 0.000000
0.422473 0.432276 0.413230 0.000000 0.000000 0.000000 0.000000 0.000000 0.000000 0.000000 0.004000 0.753905 0.910843 0.948669 0.886356 1.062314 1.071662 1.123909 1.057246 0.993561 0.918900 0.849621 0.762688 0.699190 0.641506 0.583834 0.519854 0.000000 0.000000 0.000000 0.000000 0.000000 0.000000 0.000000 0.000000 0.000000 0.000000 0.000000 0.000000 0.000000 0.000000 0.000000 0.000000 0.000000 0.000000 0.000000 0.000000 0.000000 0.000000 0.000000 0.000000 0.000000 0.000000 0.000000 0.000000 0.436012 0.421036 0.395689 0.000000 0.000000 0.000000 0.000000 0.000000 0.000000 0.000000 0.000000 0.000000 0.349160 0.647688 0.507502 0.491194 0.419682 0.000000 0.000000 0.000000 0.000000 0.000000 0.000000 0.357113 0.370900 0.420256 0.453584 0.478855 0.545247 0.613824 0.783601 0.855502 0.771714 0.656983 0.401000 0.394095 0.377644 0.000000 0.000000 0.000000 0.442223 0.420468 0.601566 0.691158 0.772768 0.779552 0.711474 0.607582 0.585021 0.813366 0.831443 0.917741 0.842658 0.850975 0.748551 0.860042 1.024339 0.916510 0.677205 0.553651 0.526578 0.742004 0.692936 0.379869 0.303265 0.324707 0.409552 0.427439 0.568566 0.871378 0.747733 0.731446 0.882080 0.864607 1.103744 0.847844 0.848165 0.853057 0.845338 0.809422 0.770575 0.917527 1.141493 1.117184 0.950642 0.868712 0.835565 0.613277 0.779712 0.684495 0.592616 0.521155 0.588536 0.500872 0.553327 0.728005 0.815262 0.744203 0.705625 0.704721 0.626339 0.643282 0.726841 0.736397 0.735205 0.698127 0.710170 0.700146 0.943892 1.133855 1.042559 1.008549 1.157001 1.207100 1.292831 1.401856 1.672896 1.833065 1.774874 1.525531 1.339059 1.207654 1.031360 0.924473 1.015188 1.228217 1.387306 1.471292 1.358279 1.060032 0.807434 0.639718 0.642949 0.799949 0.970692 1.031396 0.988089 0.880986 0.836844 0.802741 0.743354 0.737722 0.866368 0.945372 0.924684 0.976699 1.078265 1.243600 1.299321 1.166100 1.019522 0.870807 0.681524 0.518147 0.716835 0.628873 0.717381 0.541823 1.039875 1.046536 0.880158 0.718523 1.078761 1.507807 1.754791 1.851629 1.774209 1.733915 1.676825 1.546094 1.272879 1.149082 0.943826 0.679017 0.633988 0.572545 0.627111 0.719901 0.753388 0.727018 0.637057 0.433039 0.000000 0.000000 0.000000 0.000000 0.000000 0.000000 0.000000 0.000000 0.000000 0.000000 0.000000 0.000000 0.000000 0.000000 0.000000 0.000000 0.000000 0.000000 0.000000 0.000000 0.000000 0.000000 0.000000 0.000000 0.000000 0.000000 0.000000 0.000000 0.000000 0.000000 0.000000 0.000000 0.000000 0.000000 0.000000 0.000000 0.000000 0.000000 0.000000 0.000000 0.000000 0.000000 0.000000
0.000000 0.000000 0.000000 0.000000 0.000000 0.000000 0.000000 0.000000 0.000000 0.000000 0.000000 0.590321 0.794300 0.860743 0.840958 0.981419 1.292743 1.580586 1.341656 1.158067 1.051518 0.943079 0.850955 0.773155 0.695639 0.615705 0.538771 0.403729 0.000000 0.000000 0.000000 0.000000 0.000000 0.000000 0.000000 0.000000 0.000000 0.000000 0.000000 0.000000 0.000000 0.000000 0.000000 0.000000 0.000000 0.000000 0.000000 0.000000 0.000000 0.000000 0.000000 0.000000 0.000000 0.000000 0.000000 0.000000 0.392341 0.392255 0.000000 0.000000 0.000000 0.000000 0.000000 0.000000 0.000000 0.000000 0.000000 0.615187 0.481480 0.467747 0.000000 0.000000 0.000000 0.000000 0.000000 0.564328 0.000000 0.428864 0.000000 0.000000 0.000000 0.364851 0.435810 0.491184 0.553654 0.834182 1.012275 0.789623 0.486908 0.598943 0.613688 0.507992 0.000000 0.000000 0.000000 0.000000 0.532264 0.539234 0.587908 0.649752 0.736497 0.737458 0.694874 0.670692 0.591419 0.559170 0.853557 0.835008 0.682492 0.773530 0.829871 0.700780 0.736595 0.744249 0.646499 0.743439 0.727764 0.763374 0.787373 0.821324 0.807073 0.419142 0.560970 0.699466 0.559544 0.831912 0.767029 0.890675 0.713808 0.692691 0.824227 0.801445 0.797110 0.821265 0.814500 0.762208 0.901794 1.098794 1.227424 1.030077 0.917134 0.866855 0.677272 0.620679 0.704471 0.591837 0.766650 0.733598 0.730154 0.709995 0.564925 0.712630 0.660074 0.622448 0.545880 0.573767 0.468068 0.414679 0.516198 0.444930 0.471388 0.544716 0.769531 1.061402 1.344221 1.233592 1.075004 0.860999 0.842964 0.961547 1.331287 1.745794 1.931755 2.015094 1.652345 1.370178 1.254830 1.101680 0.913578 0.946355 1.007522 1.056287 1.261751 1.167550 0.811850 0.472954 0.445349 0.000000 0.750961 0.850551 0.909386 0.861423 0.984768 0.961806 0.870879 0.765353 0.664694 0.737251 0.740312 0.969548 1.062523 1.178649 1.276569 1.302588 1.253722 0.923880 0.902925 0.716643 0.401843 0.711449 0.168491 0.176379 0.217146 0.392766 0.702550 0.485507 0.410822 0.758957 1.241430 1.578671 1.696401 1.675225 1.841089 1.813232 1.689373 1.498455 1.350714 0.956870 0.780113 0.744409 0.738855 0.825643 0.851551 0.834579 0.752191 0.629342 0.518526 0.470511 0.425948 0.000000 0.000000 0.000000 0.000000 0.000000 0.440237 0.000000 0.000000 0.000000 0.000000 0.000000 0.000000 0.000000 0.000000 0.000000 0.000000 0.000000 0.000000 0.000000 0.000000 0.000000 0.000000 0.000000 0.000000 0.000000 0.000000 0.000000 0.000000 0.000000 0.000000 0.000000 0.000000 0.000000 0.000000 0.000000 0.000000 0.000000 0.000000 0.000000 0.000000 0.000000
0.000000 0.000000 0.000000 0.000000 0.000000 0.000000 0.000000 0.000000 0.000000 0.601687 0.618836 0.971673 1.126323 1.139717 1.054770 1.059294 1.119994 1.662615 1.327802 1.210135 1.200817 1.074558 0.959104 0.863693 0.763803 0.663678 0.540207 0.455740 0.000000 0.000000 0.000000 0.000000 0.000000 0.000000 0.000000 0.000000 0.000000 0.000000 0.000000 0.000000 0.000000 0.000000 0.000000 0.000000 0.000000 0.000000 0.000000 0.000000 0.000000 0.000000 0.000000 0.000000 0.000000 0.000000 0.000000 0.000000 0.414290 0.000000 0.000000 0.000000 0.000000 0.000000 0.000000 0.000000 0.000000 0.000000 0.000000 0.835840 0.434929 0.000000 0.000000 0.000000 0.000000 0.000000 0.000000 0.472600 0.741657 0.774712 0.654569 0.492137 0.408756 0.000000 0.406512 0.412915 0.494554 0.510670 0.580797 0.617390 0.594707 1.130002 1.221878 0.946844 0.686849 0.574930 0.993935 0.641399 0.720306 1.157584 0.813537 0.804042 0.855529 0.898688 0.771759 0.711160 0.745984 0.655901 0.733576 0.830404 0.837722 0.814469 0.760167 0.580149 0.674086 0.212382 0.657592 0.700372 0.455917 0.760357 0.711836 0.721365 0.897423 0.828945 0.725628 0.986471 0.979174 0.918068 0.884159 1.008429 0.971572 0.748603 0.696717 0.670031 0.647699 0.611245 0.599610 0.764243 0.708741 1.026872 1.235856 1.060742 0.949768 0.816662 0.748372 0.787213 0.930217 0.679096 0.684035 0.781091 0.936941 0.850442 0.732936 0.681074 0.522145 0.552772 0.564734 0.538734 0.547904 0.540888 0.529765 0.488551 0.432257 0.622490 0.966632 1.230891 1.311380 1.171130 0.893165 0.769776 0.632871 0.590264 0.985667 1.422379 1.796379 1.809243 1.502849 1.329708 1.304123 1.138244 0.943414 0.788147 0.760498 0.745562 0.856682 0.807837 0.532999 0.526488 0.499457 0.423584 0.582624 0.653572 0.783923 0.816645 1.034352 1.036791 0.921398 0.775503 0.727432 0.692496 0.848893 0.953629 1.089023 1.212762 1.252315 1.308238 1.285025 1.258907 0.901414 0.375853 0.317331 0.291344 0.111077 0.139137 0.212186 0.117733 0.624880 0.593211 0.530399 0.577231 1.018412 1.338937 1.481374 1.653389 1.887398 1.898076 1.795254 1.503210 1.230589 1.041103 1.020641 0.942506 0.963182 0.971956 0.931974 0.839238 0.701473 0.622741 0.593131 0.562616 0.509768 0.455076 0.000000 0.000000 0.000000 0.000000 0.614757 0.572239 0.484388 0.000000 0.000000 0.000000 0.000000 0.000000 0.000000 0.000000 0.000000 0.000000 0.000000 0.000000 0.000000 0.000000 0.000000 0.000000 0.000000 0.000000 0.000000 0.000000 0.000000 0.000000 0.000000 0.000000 0.000000 0.000000 0.000000 0.000000 0.000000 0.000000 0.000000 0.000000 0.000000 0.000000
0.000000 0.000000 0.000000 0.000000 0.000000 0.000000 0.000000 0.000000 0.706034 0.617480 1.245776 1.337278 1.271721 1.152433 1.164691 1.306593 1.197112 1.155172 1.107904 1.079102 1.023694 1.020572 0.908235 0.791758 0.684775 0.562378 0.480283 0.396863 0.000000 0.369875 0.000000 0.000000 0.000000 0.000000 0.000000 0.000000 0.000000 0.000000 0.000000 0.000000 0.000000 0.000000 0.000000 0.537928 0.488681 0.000000 0.000000 0.000000 0.000000 0.000000 0.000000 0.000000 0.000000 0.000000 0.000000 0.414598 0.416885 0.000000 0.000000 0.837246 0.000000 0.000000 0.000000 0.000000 0.503924 0.562348 0.399098 0.367741 0.000000 0.000000 0.000000 0.000000 0.000000 0.000000 0.770553 0.845574 0.880099 0.934671 0.844066 0.640032 0.501940 0.489263 0.430149 0.000000 0.000000 0.398696 0.538089 0.585070 0.731734 0.767106 0.672248 0.652708 0.607427 0.619450 0.695250 0.890263 0.823671 0.962898 0.950606 0.871103 0.892254 0.678273 0.616136 0.610283 0.763656 0.714830 0.691150 0.754751 0.693751 0.757710 0.572042 0.584714 0.690170 0.848692 0.720274 0.723366 0.757298 0.443811 0.893266 0.672774 0.654145 0.739779 1.045305 0.874947 0.878049 0.911864 1.123669 0.923657 0.916243 1.039003 0.940129 0.909008 0.853133 0.819825 0.769700 0.697383 0.703874 0.571698 0.713435 0.850556 0.526939 0.636748 0.743892 0.800045 0.787294 0.708620 0.705774 0.859495 0.794151 0.743759 0.796294 0.730861 0.864166 0.946357 0.939979 0.664069 0.575598 0.799966 0.816268 0.741919 0.673457 0.794904 0.999255 1.126469 1.078606 0.865961 0.716750 0.658638 0.524521 0.000000 0.505929 0.918446 1.134609 1.225841 1.274029 1.282999 1.148920 1.058506 0.832644 0.694053 0.712580 0.572479 0.604314 0.647127 0.664919 0.623920 0.544170 0.423291 0.000000 0.000000 0.766975 0.753359 0.934443 0.998606 0.906290 0.764650 0.666443 0.725330 0.780586 0.867092 1.058502 1.242156 1.295193 1.297783 1.303788 1.283070 1.146807 1.007701 0.281127 0.266604 0.230631 0.043178 0.226761 0.701810 0.670310 0.670926 0.593711 0.769457 0.853423 1.028136 1.206110 1.469589 1.733944 1.809352 1.690676 1.338754 1.268919 1.185432 1.114482 1.050669 0.977287 0.949238 0.885550 0.929977 0.837700 0.743228 0.670844 0.604840 0.552100 0.496375 0.424693 0.000000 0.000000 0.000000 0.560458 0.543850 0.483581 0.000000 0.455833 0.000000 0.000000 0.000000 0.000000 0.000000 0.000000 0.000000 0.000000 0.000000 0.000000 0.000000 0.000000 0.000000 0.000000 0.000000 0.000000 0.000000 0.000000 0.000000 0.000000 0.000000 0.000000 0.000000 0.000000 0.000000 0.000000 0.000000 0.000000 0.000000 0.000000 0.000000
0.000000 0.000000 0.000000 0.000000 0.000000 0.000000 0.000000 0.000000 0.549707 1.056803 1.087858 1.050376 1.044494 1.092130 1.031850 1.094943 1.078351 0.891716 0.763988 0.672931 0.683677 0.690263 0.660492 0.563496 0.506544 0.439375 0.000000 0.000000 0.000000 0.000000 0.403487 0.451697 0.446782 0.000000 0.000000 0.419338 0.485555 0.501560 0.457800 0.000000 0.000000 0.000000 0.491818 0.697246 0.573570 0.424220 0.000000 0.000000 0.000000 0.000000 0.000000 0.000000 0.000000 0.000000 0.000000 0.506877 0.436743 0.000000 0.000000 0.000000 0.000000 0.452136 0.497947 0.000000 0.394788 0.395021 0.379264 0.352488 0.000000 0.000000 0.000000 0.000000 0.000000 0.000000 0.866407 0.945889 0.844506 0.957655 0.920742 0.736828 0.494723 0.509724 0.471256 0.422792 0.000000 0.000000 0.000000 0.473085 0.604882 0.745170 0.785330 0.744504 0.690659 0.599657 0.500369 0.649418 0.884004 1.016693 1.173423 1.164910 1.080412 0.794339 0.736541 0.904278 0.630431 0.702269 0.536471 0.701746 0.617910 0.833743 0.861852 0.681364 0.713533 0.735902 0.720272 0.621790 0.854348 0.631069 0.609319 0.598386 0.638940 0.749866 0.809044 0.758390 0.726745 0.905178 0.795490 0.880095 0.861731 0.823749 0.763137 0.781521 0.789009 0.752144 0.703579 0.436148 0.432583 0.715892 0.633006 0.549941 0.653461 0.521598 0.766203 0.652139 0.662135 0.638462 0.652514 0.862770 0.729520 0.848610 0.747715 0.674383 0.845176 0.807999 0.754267 0.689023 0.643852 0.902312 0.841218 0.777307 0.820754 0.831249 0.972680 0.923727 0.787108 0.687649 0.639754 0.594237 0.484921 0.426331 0.458036 0.638861 0.655679 0.838383 1.041823 1.222377 1.288972 1.237131 1.107328 0.921105 0.736181 0.609277 0.514137 0.461214 0.654889 0.606982 0.500508 0.000000 0.000000 0.000000 0.000000 0.434912 0.757076 0.847279 0.971887 0.900613 0.752540 0.731177 0.719635 0.732090 0.967726 1.344751 1.589631 1.366941 1.313755 1.280203 1.175991 0.882115 0.847092 0.768061 0.238154 0.549891 0.678639 0.792917 0.835188 0.808822 0.791777 0.881124 1.040119 1.148097 1.147102 1.277680 1.496896 1.589544 1.545059 1.407644 1.333202 1.311500 1.255559 1.156080 1.065632 1.028497 1.006821 0.956050 0.882962 0.861227 0.692949 0.660317 0.597765 0.534132 0.468536 0.417518 0.000000 0.000000 0.000000 0.000000 0.000000 0.000000 0.564480 0.503509 0.000000 0.000000 0.000000 0.000000 0.000000 0.000000 0.000000 0.000000 0.000000 0.000000 0.000000 0.000000 0.000000 0.000000 0.000000 0.000000 0.000000 0.000000 0.000000 0.000000 0.000000 0.000000 0.000000 0.000000 0.000000 0.000000 0.000000 0.000000 0.000000 0.000000
0.000000 0.000000 0.000000 0.000000 0.000000 0.000000 0.000000 0.000000 0.427256 0.444394 1.068566 1.102394 1.109738 0.972080 0.850248 0.787257 0.759274 0.682888 0.644886 0.559111 0.501290 0.440521 0.385041 0.000000 0.000000 0.376393 0.837766 0.424482 1.344212 0.431059 0.514609 0.553835 0.535871 0.426098 0.436682 0.578165 0.705164 0.717746 0.666455 0.517944 0.502679 0.531733 0.651452 0.799171 0.617329 0.000000 0.000000 0.000000 0.000000 0.000000 0.000000 0.000000 0.000000 0.000000 0.000000 0.000000 0.000000 0.000000 0.000000 0.000000 0.000000 0.544864 0.918753 0.000000 0.492818 0.486058 0.406043 0.000000 0.000000 0.000000 0.000000 0.000000 0.000000 0.551572 0.703191 0.653040 0.577589 0.655834 0.694584 0.642659 0.518565 0.457186 0.492350 0.465145 0.407604 0.000000 0.000000 0.000000 0.528805 0.655585 0.801834 0.792583 0.808291 0.756398 0.672000 0.633477 0.543954 1.061202 0.920757 1.033926 1.074517 0.999789 0.867245 0.782816 0.717143 0.737612 0.710929 1.210213 0.900516 0.747609 0.934816 0.907016 0.706113 0.672544 0.803360 0.640715 0.717135 0.739494 0.746347 0.539455 0.581202 0.669194 0.654655 0.712162 0.741188 0.748085 0.861896 0.774420 0.781578 0.746230 0.764283 0.743353 0.793294 0.756651 0.723278 0.381000 0.333732 0.649253 0.578552 0.542574 0.589012 0.562522 0.463433 0.634363 0.781556 0.655526 0.664775 0.699601 0.641598 0.708364 0.614785 0.624866 0.625760 0.661919 0.641510 0.636849 0.794328 0.805424 0.719667 0.774348 0.829588 0.817863 0.748232 0.689536 0.643747 0.615864 0.570822 0.703322 0.785572 0.766007 0.682517 0.589357 0.501568 0.689622 0.855255 1.040833 1.126130 1.119708 1.033576 0.851577 0.695499 0.611042 0.567161 0.483285 0.548452 0.489881 0.000000 0.000000 0.000000 0.000000 0.000000 0.000000 0.430883 0.449216 1.334835 0.989818 0.861873 0.883720 0.825606 0.710940 0.805066 1.251855 1.569888 1.375428 1.173117 1.187287 1.129897 0.871540 0.864432 0.736377 0.720557 0.908503 1.089762 1.013419 0.964643 1.004194 1.058473 1.178441 1.306927 1.258343 1.191890 1.238661 1.367260 1.510811 1.528416 1.467894 1.387476 1.446067 1.387148 1.330338 1.190696 1.222166 1.093879 0.991115 0.915653 0.829479 0.709063 0.697950 0.638209 0.579439 0.519332 0.467355 0.000000 0.000000 0.000000 0.000000 0.000000 0.000000 0.513819 0.516241 0.455900 0.000000 0.000000 0.000000 0.000000 0.000000 0.000000 0.000000 0.000000 0.000000 0.000000 0.000000 0.000000 0.000000 0.000000 0.000000 0.000000 0.000000 0.000000 0.000000 0.000000 0.000000 0.000000 0.000000 0.000000 0.000000 0.000000 0.000000 0.000000 0.000000
0.000000 0.000000 0.000000 0.000000 0.000000 0.000000 0.000000 0.000000 0.000000 0.000000 0.938598 1.221777 1.258287 1.145354 1.047846 0.966645 0.871849 0.759455 0.622561 0.536048 0.496330 0.441081 0.550738 0.500110 0.436607 0.541095 0.622905 0.566376 0.472576 0.407665 0.000000 0.409632 0.000000 0.000000 0.417608 0.460300 0.545082 0.581836 0.549134 0.000000 0.384294 0.414412 0.647264 0.845465 0.732500 0.481078 0.000000 0.000000 0.000000 0.000000 0.000000 0.000000 0.000000 0.000000 0.000000 0.000000 0.000000 0.000000 0.000000 0.000000 0.000000 0.861446 0.651256 0.651519 0.622489 0.609043 0.509957 0.000000 0.000000 0.000000 0.000000 0.000000 0.000000 0.549153 0.740028 0.753694 0.664646 0.601640 0.574844 0.557521 0.641301 0.726851 0.761862 0.740241 0.698795 0.658014 0.635791 0.597506 0.507617 0.618150 0.617744 0.749492 0.783762 0.737191 0.633974 0.602751 0.572350 0.590722 0.666012 0.832581 0.852345 0.863950 0.842917 0.773352 0.697791 0.517583 0.830165 0.658997 0.431451 0.433422 0.907986 0.937085 0.913200 0.950875 0.656782 0.589949 0.549649 0.671110 0.556445 0.603749 0.558340 0.933584 0.650113 0.614394 0.666011 0.704728 0.796930 0.878437 0.836863 0.817896 0.855464 0.857718 0.901368 0.879405 0.961116 0.794366 0.711965 0.636788 0.705754 0.479639 0.754798 0.703785 0.541492 0.558562 0.682807 0.748781 0.776251 0.640275 0.551126 0.489075 0.524873 0.591337 0.593248 0.557301 0.492161 0.638609 0.665253 0.758735 0.757642 0.792501 0.763894 0.664028 0.615433 0.643296 0.713944 0.663530 0.804215 1.071334 1.101034 1.024051 0.874942 0.724659 0.584645 0.778682 1.047949 1.093829 0.936793 0.928782 0.877618 0.774729 0.866475 0.751130 0.677728 0.554774 0.000000 0.000000 0.000000 0.000000 1.013358 0.718796 0.000000 0.000000 0.000000 0.000000 1.359019 0.934851 0.843202 0.873615 0.852140 0.778120 0.727353 0.777883 1.107916 1.257375 1.194476 1.213976 0.932564 0.865592 0.894296 0.711388 0.820624 0.937718 1.061384 0.956541 0.945130 1.026777 1.145065 1.245705 1.258476 1.117198 1.047388 1.106391 1.186419 1.326952 1.366137 1.336561 1.241619 1.365689 1.318989 1.305437 1.338683 1.335517 1.276610 1.120284 1.024219 0.920024 0.797438 0.715753 0.652460 0.612586 0.572676 0.523511 0.467786 0.000000 0.000000 0.000000 0.000000 0.000000 0.000000 0.467479 0.461371 0.420207 0.000000 0.000000 0.000000 0.000000 0.000000 0.000000 0.000000 0.000000 0.000000 0.000000 0.000000 0.000000 0.000000 0.000000 0.000000 0.000000 0.000000 0.000000 0.000000 0.000000 0.000000 0.000000 0.000000 0.000000 0.000000 0.000000 0.000000 0.000000
0.000000 0.000000 0.000000 0.000000 0.000000 0.000000 0.000000 0.462368 0.283058 0.000000 0.711990 1.145576 1.197156 1.125266 1.074131 1.058814 1.002502 0.901697 0.779451 0.695330 0.709077 0.625832 0.668270 0.616542 0.530279 0.511278 0.547591 0.495442 0.374419 0.379080 0.000000 0.000000 0.000000 0.000000 0.000000 0.000000 0.269576 0.000000 0.000000 0.000000 0.000000 0.000000 0.615213 0.879314 0.833930 0.520196 0.000000 0.000000 0.000000 0.000000 0.000000 0.000000 0.000000 0.000000 0.000000 0.000000 0.000000 0.000000 0.000000 0.000000 0.000000 0.599439 0.796929 0.802630 0.718453 1.131928 0.930244 0.451972 0.000000 0.000000 0.000000 0.300140 0.000000 0.000000 0.577800 0.627762 0.549562 0.580629 0.584326 0.595323 0.689240 0.841676 0.910658 0.915675 0.886484 0.841708 0.817988 0.760344 0.648596 0.489997 0.483877 0.484459 0.604729 0.575566 0.545602 0.513403 0.522992 0.459298 0.716449 0.957685 0.738535 0.745888 0.741570 0.695820 0.493942 0.504783 0.516956 0.275361 0.313553 0.640350 0.609588 0.673634 0.790250 0.744608 0.267128 0.224801 0.280401 1.076650 0.830827 0.804550 0.731301 0.728450 0.703725 0.557320 0.683392 0.705853 0.795497 0.786063 0.820906 0.836702 0.832278 0.919692 0.863161 0.770398 0.599159 0.614983 0.571788 0.726938 0.652046 0.610739 0.773803 0.671139 0.544526 0.425466 0.456264 0.574178 0.647452 0.748764 0.559693 0.560981 0.574446 0.541205 0.539861 0.539293 0.579958 0.573691 0.680495 0.678209 0.689763 0.655334 0.676238 0.746789 0.906334 0.900212 0.816851 0.797440 0.829714 1.245473 1.241056 1.498962 1.351739 0.765484 0.633206 0.925437 1.147922 1.173107 0.999388 0.962018 0.843450 0.870007 1.230562 0.822286 0.715456 0.575788 0.000000 0.000000 0.000000 0.000000 0.000000 0.000000 0.000000 0.000000 0.000000 0.000000 0.921988 0.776428 0.749077 0.744025 0.764058 0.705801 0.749963 0.853576 0.891728 1.100920 1.180934 1.110461 0.402056 0.352306 0.459596 0.778836 0.765413 0.817130 0.919647 0.866813 0.900087 1.004461 1.118007 1.174638 1.096074 0.932886 0.821533 0.851455 0.905507 1.023311 1.082720 1.058766 1.026178 0.991331 0.889875 1.050418 1.256501 1.359635 1.445412 1.341777 1.139621 1.020757 0.968387 0.903472 0.741093 0.645131 0.610768 0.566556 0.516596 0.458380 0.000000 0.000000 0.000000 0.000000 0.000000 0.000000 0.000000 0.000000 0.425385 0.403359 0.000000 0.000000 0.000000 0.000000 0.000000 0.000000 0.000000 0.000000 0.000000 0.000000 0.000000 0.000000 0.000000 0.000000 0.000000 0.000000 0.000000 0.000000 0.000000 0.000000 0.000000 0.000000 0.000000 0.000000 0.000000 0.000000
0.000000 0.000000 0.000000 0.000000 0.000000 0.000000 0.000000 0.000000 0.000000 0.465525 0.650916 1.319773 1.324640 1.149464 0.977799 0.979669 1.086538 1.081769 0.991401 0.859199 0.759729 0.619283 0.673725 0.708330 0.715276 0.663870 0.588689 0.442448 0.000000 0.438923 0.465355 0.415078 0.000000 0.000000 0.000000 0.000000 0.000000 0.000000 0.000000 0.000000 0.000000 0.000000 0.629451 0.916949 0.914914 0.498640 0.000000 0.000000 0.000000 0.000000 0.000000 0.000000 0.000000 0.000000 0.000000 0.000000 0.000000 0.000000 0.000000 0.000000 0.000000 0.696802 0.828738 0.979351 1.038418 0.570614 0.000000 0.000000 0.000000 0.000000 0.000000 1.155469 0.570420 0.701057 0.773578 0.829994 0.740741 0.778542 0.773347 1.109284 0.848898 0.947294 0.997882 0.995097 0.935073 0.879555 0.832600 0.764420 0.614907 0.420898 0.000000 0.000000 0.379460 0.397426 0.398307 0.385036 0.000000 0.546907 0.871116 0.827313 0.661260 0.564462 0.554550 0.514521 0.697674 0.840050 0.692036 0.863809 0.794431 0.423292 0.394560 0.438662 0.523997 0.767118 0.792240 0.726397 0.737795 1.235028 0.857361 1.020149 1.187724 1.149572 0.890046 0.803967 0.819965 0.857768 0.983713 0.988560 0.917359 0.682654 0.808606 0.705684 0.793900 0.940812 0.705745 0.664989 0.628606 0.611753 0.685978 0.663906 0.744365 0.675293 0.693837 0.590180 0.637037 0.675237 0.665353 0.628541 0.567832 0.551991 0.479185 0.529762 0.656459 0.795025 0.818635 0.618006 0.721083 0.601586 0.801995 0.790379 0.760866 0.974373 0.995622 0.923493 0.825165 0.797194 0.941737 1.204545 1.177069 1.029922 0.797925 0.702438 0.601044 0.880273 1.169034 1.282310 1.322747 1.246940 1.172318 0.936392 0.840431 0.839224 0.685182 0.578138 0.461935 0.000000 0.000000 0.000000 0.000000 0.000000 0.000000 0.000000 0.000000 0.000000 0.000000 0.438806 0.562734 0.606699 0.630797 0.656065 0.670644 0.867951 0.772622 0.987153 1.197078 1.175132 0.615842 0.388967 0.446378 0.552905 0.781332 0.848045 0.772761 0.695632 0.818279 0.949504 1.031532 1.042682 0.886727 0.724897 0.667470 0.622702 0.530004 0.513166 0.682994 0.841300 0.871745 0.943160 0.836850 0.979503 1.196120 1.353694 1.500949 1.436585 1.275619 1.113945 0.978918 0.891122 0.787841 0.718582 0.644922 0.585369 0.533049 0.462381 0.000000 0.000000 0.000000 0.000000 0.000000 0.000000 0.000000 0.000000 0.000000 0.415169 0.000000 0.000000 0.000000 0.000000 0.000000 0.000000 0.000000 0.000000 0.000000 0.000000 0.000000 0.000000 0.000000 0.000000 0.000000 0.000000 0.000000 0.000000 0.000000 0.000000 0.000000 0.000000 0.000000 0.000000 0.000000 0.000000
0.000000 0.000000 0.000000 0.000000 0.000000 0.000000 0.000000 0.000000 0.656892 0.464165 0.616738 0.677656 0.745787 0.776726 0.779551 1.016301 1.243629 1.234844 1.107148 0.811111 0.655256 0.602166 0.636352 0.814137 0.875305 0.846997 0.762473 0.653921 0.532950 0.497734 0.378024 0.000000 0.000000 0.000000 0.000000 0.000000 0.000000 0.000000 0.000000 0.000000 0.000000 0.000000 0.625376 0.880521 0.831154 0.000000 0.000000 0.000000 0.000000 0.000000 0.000000 0.000000 0.000000 0.000000 0.000000 0.000000 0.000000 0.000000 0.000000 0.000000 0.510926 0.639687 0.673390 0.573688 0.000000 0.000000 0.000000 0.000000 0.000000 0.000000 0.000000 0.866144 1.045303 0.866785 0.965942 1.139172 1.099487 0.845696 0.791418 0.710435 0.866847 0.963888 1.003470 0.959608 0.856312 0.620468 0.519892 0.561861 0.000000 0.000000 0.000000 0.004000 0.456883 0.000000 0.000000 0.000000 0.489660 0.640846 0.724415 0.730095 0.623470 0.605390 0.611923 0.649278 0.653223 0.898013 0.510021 0.498038 0.814841 0.675586 0.491495 0.760890 0.654423 0.773191 0.853171 0.773889 0.695170 0.993838 0.817687 0.975411 0.957220 0.959971 0.900524 0.809176 0.869464 0.825432 0.854000 0.833594 0.610326 0.555208 0.690661 0.670246 0.805705 0.681886 0.889457 0.884019 0.865482 0.777972 0.672809 0.653206 0.784281 0.727182 0.773637 0.875676 0.874424 0.951573 0.904600 0.802561 0.678468 0.597898 0.578181 0.603238 0.712279 0.765641 0.857061 0.934225 0.892789 0.745799 0.828908 1.023627 1.036869 1.055201 0.876598 0.928915 0.805239 0.881184 1.125688 1.197753 1.037398 1.002744 0.823320 0.756412 0.714462 0.793232 1.018303 1.230794 1.298717 1.333028 1.233887 0.938217 0.966904 0.849781 0.752090 0.656764 0.581526 0.512210 0.000000 0.000000 0.000000 0.000000 0.000000 0.000000 0.000000 0.000000 0.000000 0.004000 0.571575 0.918646 0.705166 0.772768 0.732557 0.931117 0.751127 1.041000 1.347089 1.378822 1.063754 0.574966 0.540998 0.918598 0.900971 0.853385 0.927065 0.799230 0.927168 1.146008 1.187372 1.107177 0.959231 0.855910 0.761318 0.640440 0.505577 0.000000 0.697814 0.855798 0.843940 0.765105 0.678959 0.818686 1.017930 1.346503 1.504806 1.490660 1.364855 1.185809 1.031909 0.921831 0.845670 0.773997 0.687192 0.589233 0.499685 0.000000 0.000000 0.000000 0.000000 0.000000 0.000000 0.000000 0.483219 0.622639 0.490314 0.000000 0.000000 0.000000 0.000000 0.000000 0.000000 0.000000 0.000000 0.000000 0.000000 0.000000 0.000000 0.000000 0.000000 0.000000 0.000000 0.000000 0.000000 0.000000 0.000000 0.000000 0.000000 0.000000 0.000000 0.000000 0.000000 0.000000
0.000000 0.000000 0.000000 0.000000 0.000000 0.000000 0.000000 0.000000 0.927498 0.000000 0.556758 0.711843 0.801903 0.864221 0.862362 1.116372 1.339625 1.280590 1.164499 1.191515 0.945400 0.741816 0.659642 0.628234 0.639731 0.629630 0.610131 0.566176 0.472827 0.419442 0.000000 0.000000 0.000000 0.000000 0.000000 0.000000 0.000000 0.000000 0.000000 0.000000 0.000000 0.000000 0.533312 0.663783 0.601076 0.000000 0.000000 0.000000 0.000000 0.000000 0.000000 0.000000 0.000000 0.000000 0.000000 0.000000 0.000000 0.000000 0.000000 0.000000 0.000000 0.000000 0.000000 0.000000 0.000000 0.000000 0.000000 0.409679 0.490669 0.669692 0.743756 1.047103 1.521980 1.272158 1.280063 1.320074 1.250226 1.137209 0.801606 0.636923 0.683628 0.715267 0.616931 0.569687 0.548169 0.470307 0.445224 0.428784 0.000000 0.000000 0.000000 0.000000 0.000000 0.000000 0.000000 0.000000 0.490362 0.617313 0.758798 0.832215 0.888629 0.741221 0.607528 0.762692 1.209270 1.002546 0.563744 0.444424 0.777317 0.890542 0.827183 0.757821 0.748488 0.660205 0.621855 0.545922 0.578370 0.568140 0.647891 0.922191 1.244418 0.776094 0.725887 0.879551 0.998306 0.980555 0.936479 1.007184 0.787592 0.792054 0.792692 0.746013 0.784768 0.648094 0.710453 0.675023 0.677793 0.827286 0.815307 0.860278 0.916867 0.854080 0.855471 0.959803 1.029157 0.994985 0.988419 0.803495 0.797948 0.740490 0.703876 0.657120 0.763063 0.786788 0.735735 0.756823 0.746917 0.793251 0.849837 0.955040 1.014398 1.005173 0.914853 0.966614 0.835139 0.772873 1.039144 1.366331 1.375205 1.305246 1.196383 0.985796 0.819002 0.768440 0.904800 1.151221 1.242859 1.258631 1.118814 1.000173 0.990527 0.907215 0.793273 0.672088 0.627536 0.466793 0.000000 0.000000 0.000000 0.000000 0.000000 0.000000 0.000000 0.000000 0.000000 0.000000 0.491738 0.689601 0.710341 0.700544 0.592042 0.915311 0.709708 0.911183 1.182457 1.279947 1.050578 0.929611 0.897433 0.936235 0.637740 0.919635 0.859926 0.782190 0.981878 1.205614 1.276265 1.149944 1.004989 0.919750 0.830074 0.714323 0.579683 0.427667 0.762845 0.842660 0.735823 0.630010 0.548196 0.528691 0.810757 1.183035 1.346112 1.417799 1.389578 1.358608 1.247877 1.060335 0.866619 0.784171 0.686184 0.576637 0.463962 0.546491 0.501288 0.000000 0.000000 0.000000 0.000000 0.000000 0.479062 0.577452 0.545306 0.463751 0.000000 0.446839 0.000000 0.000000 0.000000 0.000000 0.000000 0.000000 0.000000 0.000000 0.000000 0.000000 0.000000 0.000000 0.000000 0.000000 0.000000 0.000000 0.000000 0.000000 0.000000 0.000000 0.000000 0.000000 0.000000 0.000000
0.000000 0.000000 0.000000 0.000000 0.000000 0.000000 0.000000 0.000000 0.723907 0.628729 0.812800 1.254307 1.340248 1.313674 1.201125 1.111388 1.201437 1.197333 1.159572 1.068310 0.901304 0.786011 0.689364 0.607951 0.511337 0.465790 0.411356 0.409786 0.406679 0.000000 0.000000 0.000000 0.000000 0.000000 0.441118 0.465576 0.439371 0.371239 0.000000 0.000000 0.000000 0.000000 0.004000 0.000000 0.447250 0.000000 0.000000 0.000000 0.000000 0.000000 0.000000 0.000000 0.000000 0.349682 0.000000 0.000000 0.000000 0.231322 0.000000 0.000000 0.000000 0.000000 0.000000 0.774122 0.000000 0.000000 0.606423 0.525512 0.698640 0.915048 0.930390 1.285128 1.159374 0.926849 0.983736 0.977301 0.891723 0.791429 0.841054 0.774638 0.755972 0.720549 0.686808 0.610067 0.458195 0.395218 0.419159 0.417228 0.000000 0.000000 0.000000 0.000000 0.000000 0.000000 0.000000 0.444840 0.551728 0.619684 0.717393 0.993747 1.077649 0.999506 0.864095 0.779416 1.432204 0.912923 0.385550 0.306733 0.729831 0.795629 0.923665 0.960112 0.815198 0.761106 0.674611 0.660021 0.745403 0.622664 0.735604 0.799459 0.839459 0.656282 0.562290 0.768404 0.835566 0.878075 0.925317 0.863543 0.876879 0.802733 0.783001 0.693695 0.839326 0.651724 0.740070 0.796160 0.898461 0.834961 0.857451 0.920457 0.915930 0.888836 0.746382 1.078169 0.639775 0.651502 0.754148 0.735227 0.818385 0.648767 0.736877 0.556494 0.528559 0.886871 1.037427 1.069194 1.019615 0.852078 0.910936 1.015369 1.045437 1.170373 1.085586 1.042001 0.880805 0.741626 0.990562 1.420177 1.549968 1.445914 1.335948 1.247000 1.067193 0.995223 1.141204 0.933334 1.053460 1.079183 0.992444 0.936418 0.882456 0.864714 0.826713 0.743440 0.627917 0.524641 0.000000 0.000000 0.000000 0.000000 0.000000 0.000000 0.000000 0.000000 0.000000 0.456966 0.659537 0.713727 0.671040 0.539911 0.434926 0.728051 0.724154 0.846978 0.861009 0.992827 0.989605 0.963327 0.893819 0.922577 0.910973 0.877687 0.909195 1.007800 1.158869 1.230975 1.242322 1.065287 0.935545 0.873978 0.813136 0.717784 0.591804 0.538023 0.545921 0.000000 0.000000 0.000000 0.487024 0.000000 0.565186 0.901170 1.147528 1.361713 1.555542 1.552885 1.420822 1.254016 1.041387 0.926052 0.747015 0.591815 0.504872 0.674614 0.751906 0.704660 0.565198 0.000000 0.000000 0.000000 0.000000 0.533572 0.495066 0.478874 0.000000 0.630156 0.532391 0.408918 0.399733 0.393595 0.000000 0.000000 0.000000 0.000000 0.000000 0.000000 0.449943 0.000000 0.000000 0.000000 0.000000 0.000000 0.000000 0.000000 0.000000 0.000000 0.000000 0.000000 0.000000 0.000000
0.000000 0.000000 0.406408 0.000000 0.000000 0.000000 0.000000 0.004899 0.784131 1.103635 1.419382 1.707206 1.828279 1.588502 1.266289 1.298741 1.185428 1.029420 0.873421 0.888491 0.978101 0.888434 0.778787 0.675064 0.615611 0.517484 0.000000 0.000000 0.000000 0.000000 0.000000 0.000000 0.000000 0.000000 0.000000 0.000000 0.000000 0.000000 0.000000 0.000000 0.000000 0.000000 0.000000 0.000000 0.000000 0.000000 0.000000 0.448741 0.000000 0.000000 0.000000 0.000000 0.000000 0.681768 0.813632 0.781747 0.753267 0.519656 0.689642 0.461743 0.000000 0.000000 0.000000 0.000000 0.535435 0.700311 0.747267 0.856274 0.930817 0.945441 0.913376 0.766241 0.601001 0.518868 0.669163 0.760009 0.806189 0.851406 0.838189 0.767395 0.693446 0.634463 0.543757 0.481451 0.534639 0.428807 0.391589 0.400011 0.000000 0.000000 0.000000 0.000000 0.000000 0.000000 0.543446 0.705470 0.783119 0.816656 0.839781 0.971916 1.034663 0.944724 0.705878 0.849937 0.762266 0.816511 1.138093 0.674843 0.764928 0.787090 0.879375 0.937969 0.892229 0.892169 0.850094 0.823300 0.869896 0.856812 0.780598 0.716093 0.757385 0.688777 0.596296 0.530944 0.556631 0.614798 0.751339 0.706046 0.771129 0.754392 0.769075 0.663182 0.559753 0.554826 0.646113 0.569719 0.733832 0.682829 0.652061 0.860170 0.914170 0.936983 0.836103 1.044182 0.895367 0.934224 0.863447 0.843693 0.651395 0.621814 0.577522 0.173840 0.626542 0.805910 0.895873 1.187716 0.969147 0.950092 1.043855 0.995706 1.100654 1.217968 1.188891 1.082125 0.981686 0.833614 1.180213 1.417434 1.535191 1.463011 1.411111 1.329441 1.228994 1.208709 1.145861 0.962546 0.903292 0.897485 0.854921 0.865000 0.785650 1.036741 0.923813 0.888702 0.774683 0.595548 0.526013 0.490927 0.000000 0.000000 0.000000 0.452539 0.000000 0.000000 0.000000 0.567818 0.680279 0.710954 0.696459 0.674426 0.583234 0.633917 0.657480 0.825000 0.827070 1.075204 1.126786 1.108083 1.029353 1.006634 0.977724 1.025360 1.134899 1.213458 1.292631 1.121819 1.055105 0.958970 0.823108 0.881573 0.739652 0.867006 0.627083 0.565660 0.816424 0.715571 0.417836 0.000000 0.000000 0.000000 0.000000 0.552687 1.010525 1.258180 1.540523 1.522429 1.323205 1.134909 1.182616 1.116481 1.017814 0.820753 0.592617 0.663090 0.767106 0.761453 0.653064 0.527182 0.428510 0.000000 0.000000 0.449406 0.000000 0.000000 0.000000 0.651668 0.564620 0.456670 0.443087 0.462385 0.457958 0.439352 0.412003 0.000000 0.000000 0.000000 0.000000 0.000000 0.000000 0.000000 0.000000 0.421864 0.000000 0.458279 0.000000 0.000000 0.000000 0.000000 0.000000 0.000000
0.398381 0.000000 0.416560 0.000000 0.000000 0.000000 0.000000 0.422263 1.050394 1.068157 1.637811 1.581300 1.522794 1.442814 1.397355 1.181658 1.228091 0.963047 0.830961 0.916174 0.894089 0.785045 0.692022 0.632544 0.629629 0.563081 0.415956 0.000000 0.000000 0.000000 0.000000 0.000000 0.000000 0.000000 0.000000 0.000000 0.000000 0.000000 0.000000 0.000000 0.000000 0.000000 0.000000 0.000000 0.000000 0.000000 0.716540 0.738004 0.698674 0.647766 0.528654 0.406164 0.000000 0.852803 0.993433 0.967928 0.867887 0.677275 0.609471 0.606484 0.554428 0.553795 0.463022 0.596215 0.839301 0.988364 0.968254 0.915618 0.819889 0.821708 0.797305 0.883666 0.595597 0.696349 0.717322 0.717514 0.693290 0.719628 0.666571 0.590249 0.533740 0.512648 0.544941 0.474999 0.499524 0.509417 0.429312 0.433539 0.463195 0.442097 0.000000 0.000000 0.391546 0.404286 0.528515 0.606482 0.676050 0.730792 0.794926 0.804955 0.842287 0.872695 0.852875 0.975721 0.768561 0.692054 0.653701 0.641888 0.745955 0.737980 0.655695 0.657659 0.923402 0.905630 0.687669 0.851012 0.740656 0.912641 0.860188 0.720037 0.715186 0.669371 0.657898 0.597746 0.592770 0.558596 0.710629 0.599654 0.737073 0.701495 0.662125 0.587367 0.596115 0.672893 0.758759 0.548213 0.635806 0.650275 0.615907 0.604909 0.824814 0.787311 0.735764 0.867791 1.053547 1.053085 0.812426 0.919571 0.648114 0.752774 0.599838 0.772034 1.061061 1.015712 1.038715 0.839513 0.900008 0.805693 0.744997 1.065699 1.209390 1.411130 1.350280 1.278002 0.971748 0.928187 1.128274 1.137396 1.181104 1.204279 1.243951 1.107615 1.146326 1.091674 1.028756 0.928613 0.798582 0.697170 0.718050 0.974649 1.046773 1.024681 0.994286 0.930447 0.864464 0.848021 0.892598 1.129945 0.855536 0.000000 0.000000 0.000000 0.000000 0.000000 0.000000 0.547853 0.623248 0.602128 0.575295 0.623894 0.662574 0.852036 0.835464 0.298593 0.931207 1.241148 1.329725 1.269500 1.227346 1.189449 1.171090 1.205886 1.233873 1.293495 1.470372 1.426567 1.211829 1.060954 0.910424 0.763073 0.759672 0.691304 0.648238 0.691118 0.694991 0.533387 0.004000 0.000000 0.796467 0.619722 0.522298 0.423210 0.905303 1.252623 1.360912 1.347601 1.173847 0.983360 0.989984 1.056378 0.899630 0.843615 0.833865 0.669468 0.667133 0.682704 0.609158 0.492302 0.533476 0.499162 0.000000 0.000000 0.000000 0.000000 0.000000 0.000000 0.473009 0.440798 0.445106 0.511165 0.537175 0.516844 0.486496 0.441106 0.400057 0.000000 0.000000 0.512084 0.000000 0.000000 0.448006 0.503975 0.000000 0.000000 0.000000 0.000000 0.000000 0.000000 0.000000 0.000000
0.498469 0.000000 0.408083 0.000000 0.000000 0.000000 0.000000 0.305116 0.461192 0.532019 1.278827 1.285427 1.245826 1.159332 1.052036 0.863604 0.738248 0.844405 1.003908 1.006434 1.051026 0.947553 0.714893 0.578751 0.418353 0.405802 0.000000 0.000000 0.000000 0.000000 0.000000 0.000000 0.000000 0.000000 1.029683 0.000000 0.699229 0.000000 0.569356 0.591733 0.567509 0.505010 0.000000 0.000000 0.000000 0.000000 0.612267 0.742304 0.828997 0.737804 0.630256 0.443204 0.556326 0.672458 0.859557 1.227839 0.869524 0.767192 0.704233 0.619904 0.504411 0.527297 0.433961 0.547503 0.770066 0.867886 1.096251 1.060953 1.231053 0.830844 0.752603 0.599034 0.489356 0.571213 0.578085 0.545976 0.477462 0.442925 0.420706 0.602885 0.637862 0.538693 0.531110 0.551182 0.522518 0.544061 0.497329 0.409767 0.445882 0.422838 0.000000 0.402515 0.450146 0.493701 0.523590 0.538580 0.604781 0.675153 0.617495 0.607637 0.656388 0.599054 0.580345 0.539055 0.491040 0.787883 0.894642 0.590717 0.629900 0.691706 0.707392 0.871581 0.932133 0.960478 0.926543 0.695606 0.654153 0.681552 0.689780 0.804326 0.749581 0.789110 0.776883 0.768860 0.760333 0.698518 0.651308 0.703323 0.804160 0.759926 0.679347 0.613765 0.627990 0.665121 0.682325 0.654218 0.535588 0.626226 0.584195 0.547340 0.665783 0.902548 0.875784 1.004806 1.097590 1.103986 1.069517 1.073391 1.006014 0.846581 0.787344 0.933004 0.973000 0.937371 0.716325 0.672130 0.745028 0.650171 0.738704 0.905557 0.992969 1.311231 1.185503 1.279877 1.001213 0.840676 0.974542 1.006367 1.006138 0.928802 0.961125 1.023136 0.965587 0.840261 0.840594 0.790312 0.697863 0.578959 0.795910 1.204123 1.227242 1.232993 1.193318 0.914887 1.010613 0.900356 0.876485 0.843025 0.671679 0.571431 0.488225 0.494702 0.458116 0.000000 0.000000 0.000000 0.000000 0.000000 0.420866 0.517700 0.887066 1.078119 1.017310 0.847962 0.902162 1.306586 1.229122 1.403559 1.311227 1.251719 1.246163 1.279656 1.284310 1.342232 1.490157 1.628250 1.366989 1.208284 0.979384 0.951335 0.889122 0.714093 0.689913 0.672359 0.620682 0.493491 0.000000 0.000000 0.000000 0.000000 0.000000 0.000000 0.832385 1.080313 1.114711 1.124039 0.982403 0.818085 0.702914 0.890754 0.786257 0.696963 0.613854 0.492612 0.507286 0.618754 0.768328 0.780976 0.714313 0.616928 0.500769 0.000000 0.000000 0.000000 0.000000 0.000000 0.000000 0.000000 0.402904 0.512548 0.553492 0.554754 0.517556 0.476114 0.428548 0.000000 0.000000 0.000000 0.369933 0.438053 0.000000 0.000000 0.000000 0.000000 0.000000 0.000000 0.000000 0.000000 0.000000 0.000000
0.563620 0.000000 0.000000 0.000000 0.000000 0.000000 0.000000 0.000000 0.000000 0.485993 0.799366 1.160618 1.169887 1.081552 0.941675 0.967526 0.717210 0.617044 0.798789 1.045424 0.909519 0.809729 0.775005 0.666881 0.552506 0.372061 0.000000 0.000000 0.000000 0.000000 0.000000 0.000000 0.000000 0.000000 0.000000 0.000000 0.538706 0.620503 0.772058 0.787609 0.750165 0.671771 0.697256 0.682920 0.620551 0.653052 0.625921 0.583111 0.584406 0.653559 0.628039 0.525727 0.628251 0.750058 0.709255 0.748652 0.815982 0.800590 0.762959 0.717505 0.654880 0.576202 0.383370 0.000000 0.510728 0.692706 0.767149 0.941117 1.017694 0.894607 0.784762 0.671543 0.733276 0.758749 0.720129 0.602542 0.523852 0.581826 0.606668 0.666463 0.685983 0.622952 0.531933 0.449172 0.432248 0.000000 0.000000 0.000000 0.000000 0.000000 0.000000 0.571475 0.743408 0.767578 0.696790 0.677675 0.626941 0.665000 0.617453 0.586739 0.575601 0.567280 0.606030 0.573097 0.571772 0.551520 0.543417 0.511034 0.588514 0.644152 0.774648 0.831283 0.871383 1.144422 0.806948 0.584923 0.603422 0.623814 0.347847 0.880093 0.906661 0.904557 0.971049 0.909117 0.700792 0.633175 0.140224 0.553432 0.727041 0.744381 0.848564 0.666269 0.592760 0.614421 0.605734 0.574213 0.751194 0.881398 0.776208 0.644830 0.681900 0.646167 0.925057 1.189811 1.210797 0.997661 0.774820 0.389754 0.612106 0.710002 0.680766 0.695171 0.655586 0.620004 0.587331 0.576322 0.627868 0.629024 0.739902 0.667816 0.727818 1.189393 1.258960 1.201887 1.108536 1.017485 0.937107 0.954022 0.958212 0.863904 0.821967 0.884852 0.803189 0.802770 0.785485 0.764832 0.675086 0.598629 0.737494 1.088572 1.218079 1.308322 1.203970 0.934627 1.025620 0.981710 0.917162 0.885077 0.849015 0.757227 0.590389 0.582562 0.528602 0.435534 0.000000 0.000000 0.000000 0.000000 0.000000 0.000000 0.763603 1.146513 1.173728 0.964306 0.865649 1.125719 1.443126 1.522570 1.350392 1.283648 1.221903 1.205825 1.226557 1.310242 1.419894 1.285547 1.007383 1.023902 0.897571 0.931859 0.833910 0.685202 0.626167 0.574157 0.511526 0.415121 0.000000 0.000000 0.000000 0.000000 0.000000 0.000000 0.557550 0.712514 0.775499 0.849773 0.809262 0.703302 0.619900 0.665693 0.920263 0.760834 0.707303 0.602071 0.466698 0.775769 1.059369 1.190302 1.223230 1.151557 0.974358 0.698267 0.000000 0.000000 0.000000 0.000000 0.000000 0.000000 0.000000 0.473091 0.532241 0.551519 0.524939 0.490675 0.437372 0.000000 0.000000 0.000000 0.000000 0.448653 0.458927 0.000000 0.000000 0.000000 0.000000 0.000000 0.000000 0.000000 0.000000 0.000000
0.645235 0.000000 0.000000 0.000000 0.000000 0.000000 0.000000 0.000000 0.000000 0.000000 0.436298 0.464256 0.691714 0.843018 0.916136 0.889422 0.793138 0.650213 0.459408 0.522752 0.565257 0.578051 0.649243 0.864819 0.983709 0.964099 0.855576 0.687459 0.484042 0.000000 0.000000 0.000000 0.000000 0.000000 0.000000 0.000000 0.000000 0.618698 0.776304 0.816735 0.788976 0.699024 0.553086 0.577362 0.595806 0.554305 0.763106 0.737682 0.677953 0.679195 0.602859 0.452587 0.518620 0.558111 0.661662 0.739044 0.667974 0.621765 0.616143 0.602931 0.579450 0.549378 0.443119 0.414759 0.444290 0.632183 0.703893 0.977509 0.749977 0.585422 0.672273 0.656565 0.742571 0.836515 0.810611 0.700602 0.593622 0.756896 0.518811 0.501881 0.582579 0.561242 0.442319 0.382654 0.000000 0.000000 0.000000 0.000000 0.000000 0.000000 0.000000 0.639507 0.696302 0.939611 0.889635 0.776648 0.802666 0.758448 0.699663 0.648848 0.579117 0.657770 0.655347 0.618453 0.564889 0.673099 0.839984 0.906066 0.758397 0.436849 0.627858 0.731732 0.865022 0.862206 0.711200 0.744789 0.763668 0.815822 0.852824 0.713677 1.001343 0.976777 0.993826 0.982495 0.751362 0.680798 0.618232 0.790518 0.981943 0.997117 0.738634 0.587993 0.508318 0.613337 0.508513 0.471503 0.782935 0.938416 0.980870 0.793054 0.955826 0.772039 0.824029 1.055104 1.004200 0.688221 0.158701 0.198866 0.238572 0.594159 0.548973 0.437993 0.414384 0.581582 0.542693 0.655608 0.746465 0.780422 0.664793 0.614871 0.602396 1.097035 1.105646 1.117477 1.079273 1.051532 1.048095 0.980791 0.893282 0.819910 0.668970 0.665600 1.016763 1.026445 0.991561 0.883043 0.765751 0.690559 0.611716 0.900287 1.093067 1.241419 1.105870 0.950710 1.132683 1.103927 1.047200 1.002671 0.919483 0.748110 0.633577 0.621776 0.521044 0.412918 0.422008 0.000000 0.000000 0.000000 0.000000 0.000000 0.677454 1.009398 1.164592 1.144967 1.063665 1.015218 1.291415 1.457852 1.486382 1.396468 1.336784 1.198484 1.110601 1.174256 1.217969 1.092812 0.861193 0.757024 0.843287 0.854967 0.845757 0.692946 0.581250 0.456791 0.392774 0.000000 0.000000 0.000000 0.000000 0.000000 0.000000 0.000000 0.000000 0.427197 0.696604 0.782399 0.754448 0.857383 0.913115 0.833569 1.002573 0.930715 0.774778 0.600332 0.462469 0.639431 1.024228 1.195729 1.263744 1.227113 1.073233 0.864742 0.633164 0.000000 0.000000 0.000000 0.000000 0.000000 0.000000 0.402312 0.475857 0.506385 0.501444 0.472677 0.418038 0.000000 0.000000 0.000000 0.000000 0.000000 0.000000 0.000000 0.000000 0.000000 0.000000 0.000000 0.000000 0.000000 0.000000 0.000000
0.663014 0.000000 0.000000 0.000000 0.000000 0.000000 0.000000 0.000000 0.000000 0.000000 0.000000 0.617713 0.543676 0.821173 0.921682 0.873831 0.779668 0.720951 0.722220 1.054735 0.677644 1.180082 1.310546 1.388070 1.403120 1.272029 1.107715 0.857654 0.604415 0.000000 0.000000 0.000000 0.000000 0.000000 0.000000 0.000000 0.404721 0.628638 0.749216 0.795921 0.903749 0.717282 0.563720 0.395962 0.556581 0.689771 0.789127 0.770218 0.843867 0.734201 0.648180 0.525154 0.392288 0.397894 0.753613 0.844737 0.742762 0.493514 0.560214 0.604385 0.641212 0.647943 0.595452 0.500020 0.000000 0.544345 0.626415 0.570770 0.405972 0.000000 0.583176 0.676027 0.738928 0.693041 0.744992 0.712030 0.822159 0.722584 0.704550 0.699050 0.559894 0.685696 0.621131 0.548978 0.506277 0.000000 0.000000 0.000000 0.000000 0.000000 0.415496 0.000000 0.843938 0.851626 0.925398 1.014160 0.917625 0.797140 0.720102 0.640416 0.704291 0.774432 0.659445 0.547951 0.431617 1.099067 1.197079 1.226358 0.997878 0.801659 0.647671 0.641744 0.718385 0.880445 0.906405 0.792016 0.798212 0.834141 0.897351 0.901970 0.979988 1.114819 1.094301 1.117062 0.615228 0.647300 0.603897 0.841676 0.685433 0.656588 1.002852 0.801984 0.669409 0.510547 0.447501 0.508791 0.748060 0.820634 0.755096 0.738546 0.914048 0.643576 0.590977 0.744692 0.695395 0.281938 0.470190 0.375988 0.388784 0.570382 0.512752 0.584610 0.672798 0.841999 0.993642 1.139270 0.767556 0.787530 0.696555 0.860415 0.900257 0.892460 0.782919 0.892327 0.866796 0.770751 0.810185 0.847963 0.732679 0.627619 0.555490 0.518441 0.799513 0.977210 0.997750 0.900501 0.803847 0.719970 0.654066 0.597933 0.816557 1.053929 1.141403 1.093307 1.213692 1.159425 1.013674 1.015139 0.847695 0.642892 0.678014 0.605415 0.579838 0.499858 0.590266 0.484017 0.412914 0.000000 0.702656 0.763825 0.618120 0.840304 0.937323 0.960999 0.898803 1.070405 1.157527 1.333808 1.475930 1.491651 1.421081 1.277831 1.122579 0.995324 0.971958 0.867285 0.798721 0.766149 0.849313 0.874177 0.889602 0.791345 0.603462 0.000000 0.000000 0.000000 0.000000 0.000000 0.000000 0.000000 0.000000 0.000000 0.494021 0.568009 0.748610 0.803994 0.753696 0.767964 0.993743 1.004764 0.895918 0.849583 0.807868 0.650817 0.480202 0.000000 0.801612 1.014787 1.101607 1.085424 0.982205 0.830517 0.651917 0.480758 0.000000 0.000000 0.000000 0.000000 0.000000 0.000000 0.000000 0.422949 0.436392 0.420362 0.000000 0.000000 0.000000 0.000000 0.000000 0.000000 0.000000 0.000000 0.000000 0.000000 0.000000 0.000000 0.000000 0.000000 0.000000 0.000000
0.664208 0.000000 0.000000 0.000000 0.000000 0.000000 0.000000 0.000000 0.000000 0.004000 0.647709 0.762448 0.727338 0.835239 0.768537 0.631311 0.859702 0.896818 0.803593 0.744174 0.677924 0.828906 0.943911 1.038915 1.054643 1.021202 0.940847 0.832622 0.712343 0.563385 0.422959 0.000000 0.000000 0.000000 0.000000 0.000000 0.000000 0.432413 0.556905 0.610658 0.627279 0.594361 0.521519 0.591662 0.453735 0.615791 0.688409 0.999349 0.678163 0.725435 0.676684 0.599932 0.562080 0.603012 0.745475 0.774268 0.662180 0.751235 0.826333 0.797119 0.754509 0.712694 0.635833 0.505413 0.627233 0.724863 0.703020 0.696172 0.700650 0.662484 0.000000 0.753071 0.897078 0.872108 0.855714 0.911194 1.017412 0.851192 0.795279 0.655837 0.646389 0.636390 0.619661 0.550754 0.629309 0.642497 0.558430 0.527545 0.470299 0.399367 0.000000 0.202642 0.509919 0.747578 0.822684 0.908931 0.807723 0.700877 0.691326 0.690446 0.818330 0.670111 0.615372 0.559717 0.892697 1.050879 0.977144 0.863120 0.728227 1.109318 0.719430 0.503903 0.412406 0.582482 0.843321 0.749755 0.787029 0.638048 0.641019 0.753039 0.646475 0.792691 0.876785 0.872532 0.494809 0.408744 0.764095 0.773377 0.770944 0.739479 0.720281 0.845154 0.644658 0.562499 0.518161 0.619505 0.573769 0.691933 0.628841 0.867141 0.723282 0.639429 0.612701 0.581549 0.668208 0.725998 0.534303 0.570358 0.628363 0.608073 0.712667 0.643246 0.666480 0.762812 0.829226 0.812694 0.691186 0.754934 0.976967 1.210111 1.186409 0.851433 0.825357 0.697976 0.652561 0.608018 0.736249 0.744628 0.610532 0.650203 0.638889 0.718692 0.748102 0.893991 0.900576 0.901225 0.841696 0.768474 0.704852 0.681027 0.669532 0.852318 1.210129 1.085167 1.120209 1.139769 1.059085 0.916623 0.677613 0.672329 0.700031 0.672779 0.758545 0.773542 0.763967 0.611539 0.479066 0.667224 0.893683 0.863237 0.660497 0.661915 0.820655 0.780172 0.851449 0.872266 1.126292 1.216074 1.357685 1.392995 1.038167 0.919424 1.191671 1.117142 1.034848 0.949776 0.967814 0.947897 0.852116 0.776364 0.759293 0.826192 0.651715 0.561315 0.498394 1.025962 0.698437 0.000000 0.000000 0.524821 0.641640 0.712304 0.718367 0.692594 0.769821 0.760948 0.712830 0.631468 0.704133 0.806173 0.787259 0.664355 0.741127 0.587124 0.526010 0.000000 0.447531 0.697116 0.781380 0.827689 0.801351 0.710004 0.585919 0.441404 0.000000 0.000000 0.000000 0.000000 0.000000 0.000000 0.000000 0.000000 0.000000 0.000000 0.000000 0.000000 0.000000 0.000000 0.000000 0.000000 0.000000 0.000000 0.000000 0.000000 0.000000 0.000000 0.000000 0.000000 0.000000 0.000000
0.649409 0.000000 0.000000 0.000000 0.000000 0.000000 0.000000 0.000000 0.000000 0.000000 0.778387 0.846112 0.845766 0.807245 0.754019 0.556318 0.714574 0.695369 0.577650 0.466634 0.502195 0.652345 0.627458 0.722194 0.732553 0.682418 0.631215 0.573749 0.522019 0.481235 0.420323 0.000000 0.000000 0.406189 0.502056 0.659348 0.602460 0.538287 0.436291 0.000000 0.000000 0.000000 0.410871 0.587467 0.473119 0.417441 0.480446 0.630067 0.638209 1.088112 0.933882 0.921493 0.924435 0.878201 0.822931 0.717973 0.811807 0.901956 0.939746 0.904828 0.859529 0.718177 0.508353 0.406858 0.818403 1.028533 1.074887 1.039896 1.022533 0.901344 0.707772 0.734514 0.960422 0.813711 0.745584 0.614901 0.681940 0.637603 0.636727 0.661356 0.645778 0.900272 0.886897 0.796269 0.699306 0.582191 0.647668 0.658794 0.610346 0.463084 0.370194 0.000000 0.000000 0.422572 0.700409 0.829932 0.938594 0.968598 0.906598 0.837299 0.867094 0.801643 0.697383 0.614333 0.626426 0.733120 0.568729 0.611454 0.622518 0.486579 0.503189 0.505330 0.440764 0.000000 0.496432 0.618431 0.603486 0.508864 0.632370 0.504344 0.679334 0.536185 0.887652 0.607141 0.746883 0.951210 1.160524 0.954446 0.890979 0.823361 0.760175 0.709972 0.667060 0.598328 0.573922 0.723225 0.615589 0.668514 0.730734 0.893662 0.622802 0.170247 0.206531 0.534477 0.652018 0.507812 0.533209 0.658350 0.789462 0.771727 0.697724 0.728259 0.722524 0.668335 0.705577 0.514742 0.545718 0.927718 1.204975 1.380405 1.283316 1.002570 0.874631 0.852755 0.748110 0.529740 0.633424 0.714965 0.787400 0.832201 0.932192 0.892322 0.804351 0.780941 0.853568 0.863668 0.856157 0.835768 0.805968 0.934891 1.034641 1.015424 1.072693 1.059327 1.104875 1.155058 1.058740 0.791888 0.735907 0.726117 0.747513 0.655080 0.796220 0.787504 0.754944 0.571427 0.647467 0.795546 0.822212 0.750317 0.617118 0.000000 0.489964 0.695380 0.691480 0.771698 0.923431 1.259286 1.257682 1.187541 0.815086 0.814839 0.786352 0.772588 1.065419 1.007801 1.021435 0.987397 0.908317 0.871188 0.829223 0.898545 0.846745 0.651680 0.839299 1.124837 0.883602 0.000000 0.585266 0.838400 0.936542 0.938258 0.917852 0.879798 0.840859 0.789139 0.687829 0.617534 0.726476 0.787755 0.735608 0.535395 0.528791 0.478474 0.000000 0.000000 0.000000 0.000000 0.000000 0.508730 0.582092 0.565444 0.497451 0.000000 0.000000 0.000000 0.000000 0.000000 0.000000 0.000000 0.000000 0.000000 0.000000 0.000000 0.000000 0.000000 0.000000 0.000000 0.000000 0.000000 0.000000 0.000000 0.000000 0.000000 0.000000 0.000000 0.000000 0.000000 0.000000 0.000000
0.617721 0.000000 0.000000 0.000000 0.000000 0.000000 0.000000 0.000000 0.000000 0.000000 0.000000 0.738762 0.680658 0.820970 0.656922 0.000000 0.467009 0.466465 0.519043 0.718866 0.726013 0.725528 0.660185 0.551430 0.004000 0.417363 0.369368 0.000000 0.000000 0.000000 0.000000 0.000000 0.000000 0.616584 0.821123 0.838619 0.812864 0.811593 0.678819 0.510443 0.465084 0.399831 0.487104 0.656704 0.615658 0.495980 0.000000 0.004000 0.521275 0.655229 0.796109 0.792045 0.798780 0.914857 0.987940 1.023057 1.125612 1.045118 0.922770 0.764148 0.551341 0.000000 0.760836 0.455673 0.544591 0.926449 0.910605 0.921707 0.845797 0.789368 0.680600 0.619462 0.846997 0.673731 0.595667 0.594348 0.545898 0.394260 0.518414 0.462379 0.716467 0.798223 0.788055 0.794890 0.833089 0.859074 0.915727 0.830333 0.737717 0.816023 0.790568 0.672823 0.429862 0.598627 0.797293 1.073348 1.210152 1.171788 1.077560 1.014508 0.952901 0.960964 0.797089 0.687063 0.566460 0.503497 0.871804 0.568033 0.556153 0.484564 0.427039 0.503800 0.510788 0.446905 0.000000 0.000000 0.430960 0.518349 0.396342 0.632339 0.794208 1.060342 0.861110 0.809109 1.269887 1.126549 1.086686 0.846258 0.851135 0.777548 0.752950 0.732186 0.677248 0.581452 0.541608 0.679039 0.740607 0.710095 0.726030 0.671624 0.652904 0.636717 0.597252 0.635898 0.507077 0.663355 0.878741 0.799568 0.909770 0.882559 0.710687 0.732656 0.700073 0.671581 0.623991 0.644438 0.622996 1.137219 1.369133 1.092432 1.082553 0.858941 0.686139 0.751881 0.808799 0.698145 0.727093 0.727836 0.810587 0.882690 0.987600 0.915897 0.843013 0.793999 0.822810 0.801197 0.946273 0.948266 0.916974 1.129693 1.188088 1.089248 1.013105 0.963090 1.022745 1.077005 0.966177 0.785476 0.823730 0.839717 0.841062 0.738747 0.620902 0.593558 0.734894 0.732444 0.731571 0.788222 0.812702 0.694948 0.615424 0.510628 0.488624 0.607368 0.743099 0.761336 0.924372 1.036232 1.055957 1.258949 0.872931 0.675650 0.672859 0.599749 0.605126 0.554057 0.934947 0.912050 0.869072 0.625714 1.165046 1.182991 1.247306 0.783147 0.865246 0.775465 0.638586 0.715679 0.936303 1.111604 1.135015 1.100198 1.034977 1.016221 0.958971 0.854036 0.725951 0.647860 0.803243 0.819225 0.685700 0.516334 0.628405 0.657745 0.602236 0.533942 0.455869 0.000000 0.000000 0.000000 0.000000 0.415908 0.000000 0.000000 0.000000 0.000000 0.000000 0.000000 0.000000 0.000000 0.000000 0.000000 0.000000 0.000000 0.000000 0.000000 0.000000 0.000000 0.000000 0.000000 0.000000 0.000000 0.000000 0.000000 0.000000 0.000000 0.000000 0.000000 0.000000 0.000000
0.478576 0.000000 0.000000 0.000000 0.000000 0.000000 0.000000 0.000000 0.000000 0.000000 0.000000 0.000000 0.000000 0.827388 0.827589 0.675842 0.493012 0.585460 0.558474 0.794514 0.883503 0.884379 0.903031 0.860929 0.737556 0.648628 0.570942 0.580802 0.509968 0.461610 0.420248 0.449835 0.446333 0.467722 0.589815 0.646137 0.672555 0.609753 0.515610 0.487889 0.534115 0.505922 0.630388 0.706932 0.665864 0.559559 0.435711 0.489353 0.436016 0.485016 0.924713 0.709687 0.608581 0.590219 0.751830 0.769264 0.802330 0.771642 0.771601 0.625314 0.000000 0.000000 0.000000 0.000000 0.419046 0.768323 0.861649 0.834830 0.690288 0.671728 0.552851 0.603700 0.703299 0.756680 1.039739 0.555438 0.415774 0.613381 0.000000 0.000000 0.583619 0.759218 0.798731 0.995967 1.022058 0.915320 0.933976 1.012446 0.956659 0.837434 0.730794 0.628202 0.899349 1.010570 1.033499 1.126903 1.125442 0.944390 0.662466 0.617546 0.679288 0.862454 0.656451 0.612522 0.543235 0.697405 0.515369 0.629047 0.624393 0.542509 0.621868 0.772655 0.747342 0.678046 0.609808 0.481440 0.397667 0.412314 0.000000 0.423306 1.035952 0.921417 0.909609 1.008247 0.389684 0.439325 0.712290 0.864895 0.959107 0.782142 0.682440 0.695790 0.625081 0.590896 0.603500 0.646368 0.667726 0.889334 0.920508 0.942919 0.653672 0.652461 0.595077 0.500133 0.668468 0.967168 0.786065 0.764852 0.920612 0.905189 0.714338 0.765355 0.759066 0.694257 0.628120 0.693225 0.683997 0.771822 0.856378 0.801842 0.959543 0.839193 0.711483 0.689647 0.842543 0.757859 0.659590 0.769829 0.892169 1.051339 1.051897 0.990684 1.020381 0.923292 0.884120 0.846097 0.841577 0.905723 0.975056 1.136568 0.823205 1.103894 1.108116 1.081285 0.976365 0.928304 0.857762 0.813684 0.635114 0.767445 0.903673 0.798943 0.740593 0.846022 0.870882 0.899503 0.859668 0.792228 0.724049 0.543544 0.707865 0.690427 0.635409 0.643411 0.729090 0.881013 1.041589 1.027927 1.138139 1.121059 1.337225 0.672570 0.523960 0.446812 0.435003 0.464212 0.839248 0.891875 1.040521 1.151485 1.375791 1.323104 1.290799 0.833637 0.800417 0.707623 0.614404 0.735425 0.934423 1.083353 1.136642 1.192278 1.239375 1.146008 1.056502 0.914658 0.745619 0.661137 0.664068 0.716550 0.517899 0.738530 0.898848 0.869108 0.741060 0.611707 0.504662 0.431181 0.000000 0.000000 0.000000 0.000000 0.000000 0.000000 0.000000 0.000000 0.000000 0.000000 0.000000 0.000000 0.000000 0.000000 0.000000 0.000000 0.000000 0.000000 0.000000 0.000000 0.000000 0.000000 0.000000 0.000000 0.000000 0.000000 0.000000 0.000000 0.000000 0.000000 0.000000 0.000000
0.000000 0.000000 0.000000 0.000000 0.000000 0.000000 0.000000 0.000000 0.000000 0.000000 0.000000 0.000000 0.487285 0.798497 0.907806 0.843524 0.827013 0.819092 0.781074 0.816477 0.934143 0.951074 0.731174 0.679569 0.600464 0.558079 0.684285 0.659003 0.719840 0.681661 0.594314 0.462775 0.512610 0.415278 0.000000 0.000000 0.487285 0.478415 0.403890 0.742895 0.624376 0.628748 0.677607 0.689255 0.653339 0.592304 0.586012 0.724421 0.793390 0.766158 0.810871 0.638285 0.594619 0.513382 0.601565 0.601522 0.653936 0.618264 0.513090 0.000000 0.000000 0.000000 0.126356 0.388239 0.791991 0.758339 0.800178 0.734610 0.592443 0.422944 0.389524 0.513167 0.544985 0.482313 0.400338 0.000000 0.435274 1.352527 0.657579 0.685683 0.710674 0.781738 1.165536 0.997467 1.055151 1.046198 0.976418 0.977159 0.909709 0.848758 0.681783 0.589807 0.667365 0.541533 0.697920 0.665028 0.537857 0.367418 0.415205 0.000000 0.781767 0.681063 0.425689 0.000000 0.000000 0.566972 0.000000 0.639776 0.748319 0.722713 0.845543 0.779223 0.693339 0.692270 0.662930 0.553565 0.000000 0.469881 0.504126 0.474050 0.673712 0.774931 0.864986 0.788921 0.929121 0.383166 0.355475 0.395493 0.851385 0.700963 0.636006 0.608426 0.593175 0.584190 0.577027 0.636477 0.760560 0.754404 1.000195 0.960301 0.793298 0.750973 0.666711 0.620918 0.646358 0.636861 0.668856 0.712488 0.841525 0.901400 0.790649 0.804005 0.818965 0.798460 0.888788 0.619868 0.673597 0.652939 0.729348 0.805918 0.950399 0.887704 0.768724 0.719455 1.127907 1.138376 0.882225 0.861013 1.111783 1.187589 1.193554 1.148606 1.119112 1.132560 1.076904 1.032630 0.831224 0.903323 0.848007 0.903938 0.809023 1.045275 1.147019 1.052726 0.990048 0.902702 0.833635 0.773374 0.243436 0.724891 0.685864 0.838386 0.740577 0.794388 0.955433 0.970505 0.792461 0.652432 0.462847 0.853420 0.785754 0.770840 0.748822 0.734435 0.859177 1.022969 0.924582 0.908367 1.100874 1.265211 1.424433 0.721262 0.475610 0.445645 0.386928 0.464614 0.925134 0.987039 1.289276 1.354744 1.164180 1.133541 1.159367 0.924877 0.812201 0.616674 0.504189 0.524740 0.697927 0.830753 0.940721 1.050665 1.130250 1.121354 1.090080 0.898583 0.884633 0.661597 0.486407 0.468878 0.632483 0.916876 0.939991 0.998777 0.855797 0.762243 0.641910 0.495285 0.507975 0.477198 0.000000 0.000000 0.000000 0.000000 0.000000 0.000000 0.000000 0.000000 0.000000 0.000000 0.000000 0.000000 0.000000 0.000000 0.000000 0.000000 0.000000 0.000000 0.000000 0.000000 0.000000 0.000000 0.000000 0.000000 0.000000 0.000000 0.000000 0.000000 0.000000 0.000000
0.000000 0.000000 0.000000 0.000000 0.000000 0.000000 0.000000 0.000000 0.000000 0.000000 0.000000 0.004000 1.191086 0.796566 0.906926 0.916731 0.901423 0.810726 0.725403 0.601905 0.688224 0.666715 0.880069 0.849824 0.636536 0.604891 0.564766 0.532995 0.487701 0.534140 0.489107 0.443986 0.394026 0.000000 0.000000 0.000000 0.000000 0.000000 0.000000 0.519220 0.635878 0.664436 0.618748 0.706819 0.743942 0.805436 1.320082 0.896443 0.734487 0.762964 0.855440 0.819267 0.904602 0.641471 0.625059 0.653316 0.542012 0.391015 0.000000 0.000000 0.000000 0.457905 0.523555 0.566685 0.651238 0.610470 0.651741 0.630351 0.517828 0.408074 0.383725 0.434563 0.443498 0.000000 0.000000 0.000000 0.460171 0.488374 0.593114 0.619790 0.594078 0.693294 0.770943 0.832477 0.892888 0.939236 0.989211 1.014784 0.982641 0.828069 0.734022 0.566212 0.473093 0.617717 0.676579 0.700468 0.639108 0.565617 0.486918 0.000000 0.537301 0.429537 0.000000 0.000000 0.000000 0.495232 0.575376 0.926659 0.987672 0.906296 0.796765 0.761637 0.676395 0.636044 0.589285 0.538043 0.446894 0.440806 0.594179 0.683795 0.726674 0.869327 0.914926 0.670137 0.870197 0.895786 0.878089 0.817604 0.746311 0.764885 0.762486 0.745400 0.695855 0.541700 0.715366 0.934159 0.956127 0.897843 0.812909 1.073941 0.722033 0.686924 0.666208 0.668457 0.558660 0.657591 0.612553 0.841305 0.955688 0.917783 0.861488 0.913502 0.773822 0.788334 0.752495 0.762957 0.971478 0.684951 0.823622 0.638751 0.630112 0.862804 0.832843 0.661665 0.727899 0.682841 0.738750 0.977681 1.141012 1.279803 1.255782 1.245932 1.232853 1.253198 1.294675 1.264675 0.919751 0.758480 0.748633 0.643637 0.703915 0.819190 0.873336 1.026840 0.904921 0.807130 0.787414 0.692382 0.622616 0.730352 0.785418 0.818629 0.813249 0.771280 0.752975 0.721258 0.558912 0.458449 0.000000 0.611203 0.800837 0.842389 0.797813 0.744532 0.683411 0.689218 0.859868 1.015109 1.123139 1.141450 1.066916 0.527545 0.323387 0.481601 0.574831 0.926772 1.002639 1.219425 1.233082 1.199157 1.181183 1.131998 0.965212 0.803116 0.654331 0.462153 0.000000 0.000000 0.466532 0.444277 0.634880 0.769661 0.789370 0.817341 0.747474 0.831384 0.804591 0.586523 0.478500 0.424812 0.735337 0.855857 0.960188 1.008689 1.035571 0.910424 0.714908 0.709182 0.622855 0.534060 0.000000 0.000000 0.000000 0.000000 0.000000 0.000000 0.000000 0.000000 0.000000 0.000000 0.000000 0.000000 0.000000 0.000000 0.000000 0.000000 0.000000 0.000000 0.000000 0.000000 0.000000 0.000000 0.000000 0.000000 0.000000 0.000000 0.000000 0.000000 0.000000 0.000000
0.000000 0.000000 0.000000 0.000000 0.000000 0.000000 0.000000 0.000000 0.000000 0.000000 0.000000 0.000000 1.367642 0.772251 0.713097 0.676684 0.618093 0.712887 0.627558 0.618196 0.718086 0.765719 0.772188 0.683656 0.644238 0.531258 0.521040 0.481412 0.533014 0.435541 0.395033 0.000000 0.000000 0.000000 0.000000 0.000000 0.000000 0.000000 0.000000 0.000000 0.569005 0.619057 0.512486 0.652579 1.006673 1.122483 1.050343 0.918692 0.605340 0.928594 1.017173 0.931042 0.741756 0.770040 0.476179 0.566319 0.488701 1.199400 0.406841 0.544230 0.615741 0.609087 0.656356 0.756145 0.685802 0.435726 0.396363 0.000000 0.417678 0.426473 0.406244 0.000000 0.417734 0.438594 0.000000 0.000000 0.546044 0.633656 0.630382 0.560648 0.423550 0.595660 0.638865 0.631341 0.725697 0.796406 0.917174 1.026612 1.073116 1.052035 0.935539 0.812675 0.682742 0.598455 0.632866 0.680716 0.653696 0.575125 0.482740 0.364939 0.000000 0.000000 0.000000 0.000000 0.000000 0.000000 0.000000 1.313504 0.842131 0.727577 0.676948 0.688039 0.612208 0.436303 0.000000 0.612888 0.693102 0.746158 0.786252 0.835737 0.838269 0.951642 0.881387 0.592514 0.637118 0.686515 0.624815 0.791653 0.608040 0.611103 0.477686 0.651980 0.648877 0.698391 1.047151 1.024545 0.951793 0.879792 0.844865 0.701266 0.600199 0.591051 0.509113 0.610031 0.317781 0.625497 0.759975 0.878005 1.089437 0.942956 0.844106 0.749317 0.805407 0.709575 0.343191 0.432731 0.570599 0.845430 0.910040 0.762842 0.605264 0.737702 0.814859 0.847268 0.878745 1.023425 1.082065 0.933119 1.050545 1.241404 1.226710 1.232566 1.334835 1.257150 1.095192 1.161534 1.333022 1.073409 0.929232 0.983549 1.071162 1.144295 1.068601 1.000811 0.873616 0.783123 0.791229 0.850086 0.690852 0.619933 0.614118 0.676569 1.125363 0.833647 0.695743 0.537074 0.491318 0.000000 0.486270 0.797400 0.847023 0.844032 0.761575 0.889505 0.939708 0.963412 1.121329 0.778066 1.192642 1.132137 1.094525 0.479170 0.239892 0.397866 0.650051 0.956672 0.961576 1.007568 1.016231 1.161946 1.073237 0.956920 0.672727 0.565352 0.696735 0.609856 0.453085 0.424851 0.817867 0.434726 0.000000 0.000000 0.572513 0.657387 0.669963 0.666856 0.584993 0.575091 0.516829 0.000000 0.755792 0.755243 0.828863 0.925565 0.954858 0.775868 0.776739 0.846652 0.733632 0.587796 0.000000 0.000000 0.000000 0.000000 0.000000 0.000000 0.000000 0.000000 0.000000 0.000000 0.000000 0.000000 0.000000 0.000000 0.000000 0.000000 0.000000 0.000000 0.000000 0.000000 0.000000 0.000000 0.000000 0.000000 0.000000 0.000000 0.000000 0.000000 0.000000 0.000000
0.000000 0.000000 0.000000 0.000000 0.000000 0.000000 0.000000 0.000000 0.000000 0.000000 0.000000 0.000000 0.763772 0.617035 0.586765 0.592667 0.552291 0.475164 0.177414 0.509321 0.623720 0.622194 0.617139 0.569982 0.518859 0.416702 0.486805 0.458101 0.403021 0.000000 0.000000 0.000000 0.000000 0.000000 0.000000 0.000000 0.000000 0.000000 0.000000 0.446713 0.662330 0.686930 0.615170 0.831200 0.889625 1.403353 1.046044 0.824091 0.772465 0.797273 0.606121 0.579524 0.464581 0.435429 0.000000 0.000000 0.000000 0.000000 0.000000 0.538490 0.629712 0.628060 0.670473 0.639945 0.611697 0.425843 0.385850 0.413338 0.425737 0.406837 0.450359 0.621606 0.699331 0.676017 0.558838 0.479112 0.514298 0.617194 0.617928 0.566428 0.589269 0.732289 0.720077 0.573353 0.625227 0.698637 0.811934 0.922487 0.984188 0.972829 0.918478 0.835654 0.751028 0.653885 0.550643 0.677653 0.615145 0.450729 0.000000 0.000000 0.000000 0.000000 0.000000 0.000000 0.000000 0.000000 0.000000 0.000000 0.000000 0.000000 0.000000 0.000000 0.432136 0.568494 0.626714 0.734719 0.872206 0.870700 0.892632 0.904086 0.853125 0.757818 0.693565 0.629773 0.700907 0.773710 0.746985 0.683923 0.600992 0.615592 0.657068 0.589448 0.714736 0.766196 1.701862 1.223139 0.961194 0.857101 0.716891 0.543377 0.469716 0.649200 0.718353 0.664857 0.831899 0.549036 0.696824 0.814133 0.803258 0.345799 0.748635 0.224313 0.679312 0.251871 0.114870 0.306022 0.591552 1.027968 0.943309 0.804800 0.927259 0.704216 0.851910 1.007744 1.019938 0.834977 1.005122 1.049251 1.014159 1.078167 1.148115 1.177481 1.209436 1.251871 0.992487 1.124988 1.305381 1.182419 1.219792 1.447991 1.266043 1.150135 1.151788 1.091245 0.996202 0.995179 0.944182 0.853329 0.822121 0.675272 0.596039 0.723164 0.749677 0.701331 0.625556 0.000000 0.000000 0.462562 0.713655 0.884170 0.899956 0.817322 0.837205 1.122635 1.282869 1.306552 1.306336 1.439065 1.531312 1.328100 1.073217 0.533647 0.433980 0.561897 0.980920 1.119975 1.061403 0.869134 0.819920 0.918592 0.930781 0.807079 0.691043 0.774268 0.800974 0.784239 0.648484 0.518572 0.462780 0.000000 0.000000 0.430664 0.720299 0.810251 0.764788 0.677620 0.659580 0.587456 0.560970 0.000000 0.785768 0.811749 0.724059 0.788061 0.687532 0.699889 0.791671 0.771341 0.539692 0.596565 0.544164 0.440027 0.000000 0.000000 0.469617 0.414960 0.000000 0.000000 0.000000 0.000000 0.000000 0.000000 0.000000 0.000000 0.000000 0.000000 0.000000 0.000000 0.000000 0.000000 0.000000 0.000000 0.000000 0.000000 0.000000 0.000000 0.000000 0.000000 0.000000 0.000000
0.000000 0.000000 0.000000 0.000000 0.000000 0.000000 0.000000 0.000000 0.000000 0.000000 0.000000 0.000000 0.000000 0.000000 0.000000 0.000000 0.425006 0.000000 0.000000 0.294270 0.462197 0.476794 0.457793 0.412779 0.000000 0.000000 0.412179 0.494563 0.426959 0.000000 0.692210 0.809012 0.753995 0.632940 0.497292 0.000000 0.000000 0.437770 0.432051 0.000000 0.555228 0.591012 0.623538 0.988455 1.051121 0.757439 0.000000 0.491970 0.632786 0.738602 0.610712 0.593265 0.777914 0.644428 0.553881 0.000000 0.000000 0.000000 0.000000 0.513035 0.604114 0.549697 1.147304 1.040416 0.497135 0.444553 0.545637 0.568594 0.480795 0.467101 0.569916 0.756152 0.829013 0.776987 0.674281 0.593791 0.537628 0.526125 0.543498 0.571541 0.685402 0.756228 0.695115 0.561361 0.534778 0.552927 0.720447 0.840855 0.853142 0.800886 0.760829 0.801801 0.775888 0.717870 0.646344 0.605187 0.537039 0.442592 0.000000 0.403535 0.000000 0.000000 0.418995 0.392887 0.000000 0.000000 0.000000 0.000000 0.000000 0.000000 0.000000 0.466884 0.766164 0.836749 0.794870 0.774424 0.831776 0.866639 0.860940 0.825276 0.826721 0.813031 0.715114 0.650555 0.570141 0.712992 0.737538 0.686777 0.596704 0.693814 0.742389 0.695742 0.642257 0.718489 0.801482 0.864943 0.839954 0.644246 0.562710 0.550077 0.611094 0.575305 0.636215 0.706061 0.694146 0.652092 0.696943 0.730860 0.708074 0.689701 0.206012 0.342775 0.714386 0.292698 0.184235 0.320461 0.492838 0.594968 0.590937 0.506994 0.790120 0.777996 0.942334 1.130515 0.921773 0.738499 0.531359 0.494365 0.870351 1.036451 1.048994 1.081961 1.103269 1.025214 1.018907 1.125183 1.047270 1.341177 1.530359 1.452738 1.404624 1.389807 1.347246 1.290887 1.213513 1.156661 1.054290 0.929698 0.805854 0.764852 0.663218 0.734084 0.736729 0.654384 0.627626 0.564358 0.424422 0.669981 0.843617 0.844525 0.790343 0.701990 0.729806 0.968987 1.237620 1.442811 1.548008 1.668347 1.600469 1.356339 1.241968 1.207825 0.996434 0.924095 0.970896 1.076144 1.108269 0.956694 0.527702 0.750198 0.900691 0.702658 0.682287 0.974582 0.898108 0.836528 0.748934 0.689882 0.580890 0.448606 0.000000 0.648687 0.902829 0.945224 0.962670 0.847427 0.728408 0.639786 0.634783 0.688220 0.717016 0.789491 0.754097 0.658231 0.656566 0.798873 0.815362 0.613315 0.586006 0.526935 0.587029 0.000000 0.000000 0.658509 0.717348 0.604409 0.000000 0.000000 0.000000 0.000000 0.000000 0.000000 0.000000 0.000000 0.000000 0.000000 0.000000 0.000000 0.000000 0.000000 0.000000 0.000000 0.000000 0.000000 0.000000 0.000000 0.000000 0.000000 0.000000 0.000000
0.000000 0.000000 0.000000 0.000000 0.000000 0.000000 0.000000 0.000000 0.000000 0.000000 0.000000 0.000000 0.000000 0.000000 0.000000 0.000000 0.000000 0.000000 0.000000 0.000000 0.000000 0.000000 0.000000 0.000000 0.000000 0.000000 0.444677 0.503433 0.435860 0.000000 0.472687 0.609272 0.699437 0.725507 0.612479 0.426582 0.000000 0.000000 0.000000 0.000000 0.395093 0.421307 0.737940 0.942024 0.855447 0.004000 0.000000 1.114038 0.587605 0.000000 0.000000 0.485647 0.596681 0.622953 0.624215 0.571759 0.499704 0.418225 0.000000 0.000000 0.440985 0.432163 0.749887 0.688648 0.617810 0.528272 0.832033 1.164438 1.067565 0.000000 0.555243 0.714295 0.802433 0.791695 0.725297 0.657648 0.608959 0.433033 0.450786 0.608480 0.726322 0.706903 0.611639 0.480718 0.000000 0.000000 0.793665 0.872016 0.833904 1.341635 0.783975 0.832280 0.841913 0.728376 0.668001 0.687682 0.599901 0.503564 0.447289 0.000000 0.000000 0.000000 0.000000 0.000000 0.000000 0.000000 0.000000 0.000000 0.000000 0.000000 0.000000 0.598423 0.854010 0.893531 0.812129 0.699540 0.588076 0.444630 0.602751 0.605603 0.627458 0.742782 0.894420 0.974885 0.979600 0.927475 0.889601 0.818337 0.818148 0.877369 0.811776 0.689173 0.727859 0.850923 0.776254 0.571047 0.644592 0.562996 0.581356 0.515512 0.558695 0.648092 0.673372 0.719092 0.653787 0.787462 0.770541 0.636160 0.302736 0.742585 0.658417 0.771575 0.818179 0.816837 0.886489 0.470520 0.382663 0.479910 0.870921 0.857419 0.897011 0.902861 0.976839 0.948275 0.735927 0.656994 0.828476 0.978903 1.017203 1.130323 0.986649 0.803756 0.729682 0.870788 0.857945 0.818099 1.045368 1.205470 1.232954 1.283291 1.405803 1.488169 1.453519 1.423637 1.395424 1.353223 1.258554 1.096805 0.923489 0.765310 0.699062 0.785923 0.764126 0.650513 0.656652 0.649235 0.482113 0.736563 0.824682 0.756296 0.651376 0.724102 0.863543 1.234323 1.451720 1.483243 1.486953 1.527557 1.542417 1.366023 1.346007 1.111602 0.953958 1.101608 1.078751 1.148559 0.974522 1.006183 0.942430 0.866160 0.986182 0.904058 0.970834 1.168293 1.071911 0.944286 0.780845 0.735965 0.649381 0.799506 0.695490 0.779812 0.883543 1.129670 0.967886 0.894799 0.792359 0.762817 0.800322 0.744140 0.924918 0.966108 0.858209 0.729184 0.684161 0.846570 0.654720 0.213113 0.187519 0.550243 0.000000 0.519838 0.585723 0.851381 0.833473 0.668006 0.000000 0.000000 0.000000 0.000000 0.000000 0.000000 0.000000 0.000000 0.000000 0.000000 0.000000 0.000000 0.000000 0.000000 0.000000 0.000000 0.000000 0.000000 0.000000 0.000000 0.000000 0.000000 0.000000 0.000000
0.000000 0.000000 0.000000 0.000000 0.000000 0.000000 0.000000 0.000000 0.000000 0.000000 0.000000 0.000000 0.000000 0.000000 0.000000 0.000000 0.000000 0.000000 0.000000 0.000000 0.000000 0.000000 0.000000 0.569745 0.643575 0.615138 0.554670 0.524409 0.452767 0.000000 0.000000 0.000000 0.000000 0.439314 0.000000 0.000000 0.000000 0.000000 0.000000 0.000000 0.000000 0.396047 0.579497 0.560966 0.485177 0.000000 0.000000 0.000000 0.000000 0.000000 0.000000 0.000000 0.406096 0.466417 0.683099 0.484405 0.824585 0.629370 0.486609 0.532013 0.518679 0.507282 0.613009 0.577067 0.511030 0.570107 0.676552 0.666371 0.556896 0.429965 0.750736 0.813127 0.769242 0.763803 0.695506 0.496260 0.543398 0.533153 0.489894 0.625057 0.706886 0.650606 0.556203 0.400191 0.000000 0.683906 0.878514 0.899334 0.847605 0.739021 0.662655 0.605264 0.577998 0.820727 0.776022 0.691773 0.652554 0.527264 0.000000 0.000000 0.000000 0.000000 0.000000 0.000000 0.000000 0.000000 0.540476 0.462601 0.000000 0.000000 0.000000 0.432276 0.000000 0.303469 0.000000 0.538568 1.075661 0.550596 0.398358 0.423103 0.766488 1.010093 1.161235 1.135474 1.144477 1.034477 0.946314 0.972029 0.863738 0.867267 0.666278 0.550086 0.702720 0.643890 0.565336 0.627896 0.728819 0.506713 0.670763 0.570752 0.616889 0.718386 0.712238 0.831093 0.636499 0.605543 0.597881 0.676587 0.899469 1.021949 1.001442 1.134417 1.059496 1.255410 1.319699 1.094612 0.971820 0.939949 0.925102 0.899895 0.870004 0.938905 0.878007 1.012906 0.890478 0.725282 0.738239 0.926394 0.678910 0.888413 0.766865 0.640739 0.779009 0.800018 0.728478 0.678252 0.763863 0.979281 1.035783 0.902230 1.152921 1.501957 1.575904 1.389168 1.323165 1.273515 1.222166 1.105489 0.987715 0.982318 0.813293 0.775194 0.804085 0.832240 0.818528 0.738645 0.986332 0.482894 0.961370 0.660513 0.650358 0.781678 0.958501 1.427148 1.554775 1.546587 1.493565 1.379419 1.227489 1.103176 1.093174 1.107027 1.359256 1.260620 1.122606 1.137524 1.138595 1.000244 1.023908 0.992694 1.008071 0.955243 0.943289 1.168952 1.122751 0.937518 0.854824 0.746796 0.777248 0.796823 0.867501 0.914541 1.023703 1.054284 1.032898 0.951423 0.922789 0.809968 0.876605 0.612856 0.885103 0.880316 0.837404 0.779183 0.936800 0.318852 0.288439 0.826278 0.708408 0.751770 0.627398 0.525921 0.594931 0.979943 0.753206 0.577574 0.494052 0.686504 0.573427 0.421211 0.000000 0.000000 0.000000 0.000000 0.000000 0.000000 0.000000 0.000000 0.000000 0.000000 0.000000 0.000000 0.000000 0.000000 0.000000 0.000000 0.000000 0.000000 0.000000 0.000000
0.000000 0.000000 0.000000 0.000000 0.000000 0.000000 0.000000 0.000000 0.000000 0.000000 0.000000 0.000000 0.000000 0.000000 0.000000 0.000000 0.000000 0.000000 0.000000 0.000000 0.000000 0.000000 0.000000 0.000000 0.431477 0.439494 0.618599 0.539730 0.445195 0.000000 0.000000 0.000000 0.000000 0.000000 0.000000 0.420921 0.419190 0.000000 0.000000 0.000000 0.000000 0.479273 0.636783 0.605262 0.503528 0.000000 0.000000 0.527156 0.000000 0.000000 0.000000 0.000000 0.000000 1.322457 0.408710 0.000000 0.685370 1.148465 0.844699 0.716013 0.652870 0.643862 0.520849 0.479548 0.576881 0.580893 0.749004 0.760820 0.747513 0.636198 0.834036 0.891823 0.833443 0.796432 0.781726 0.705055 0.624753 0.596908 0.521163 0.661461 0.691238 0.627268 0.617726 0.787142 0.696583 0.539811 0.559531 0.472467 0.543675 0.518783 0.758868 0.826869 0.759705 0.702633 0.793631 0.684453 0.526089 0.442559 0.000000 0.000000 0.000000 0.000000 0.000000 0.000000 0.000000 0.580132 0.736767 0.688120 0.662906 0.527704 0.000000 0.000000 0.000000 0.000000 0.494946 0.493958 0.462984 0.472694 0.571533 0.728283 0.925700 1.099578 1.181860 1.256282 1.146875 0.953075 0.970539 1.000756 0.985026 0.818355 0.724035 0.820480 0.711987 0.693004 0.545670 0.178376 0.230873 0.649781 0.655907 0.648936 0.754870 0.915548 0.605650 0.181087 0.638966 0.665530 0.620548 1.064965 0.943042 1.003682 1.093621 1.209255 1.264165 1.192691 1.075665 0.971891 0.814746 0.770145 0.709499 0.629188 0.761891 0.954206 1.096597 1.012931 0.831370 0.607381 0.989261 0.956392 0.842603 0.714391 0.619434 0.685227 0.824463 0.837191 0.788477 0.629724 0.589619 0.797704 0.899004 1.005564 1.236243 1.547392 1.540539 1.449949 1.201551 1.148781 1.148005 1.068362 0.983289 1.043727 1.033114 0.997375 0.962892 0.991558 0.944325 0.865669 0.926101 0.803170 0.793071 0.773315 0.743198 0.836669 1.119986 1.395777 1.400455 1.287578 1.160550 1.010836 0.850541 0.747819 0.929314 1.275855 1.409870 1.323411 1.163498 0.865777 0.951762 0.961204 1.063584 1.107614 0.918573 0.913668 0.956253 1.025007 1.018372 0.886464 0.724739 0.691507 0.937715 0.641159 0.778199 0.691280 0.693531 0.949982 1.043108 1.079780 0.959859 1.041163 1.099378 0.817599 1.330420 0.971606 0.447859 0.363826 0.763463 0.268693 0.350067 0.715299 0.694565 0.190159 0.211980 0.590259 0.597784 0.751605 0.505524 0.668351 0.666555 0.886910 0.809671 0.719365 0.649091 0.581192 0.000000 0.000000 0.000000 0.000000 0.000000 0.000000 0.000000 0.000000 0.000000 0.000000 0.000000 0.000000 0.000000 0.000000 0.000000 0.000000 0.000000 0.000000
0.000000 0.000000 0.000000 0.000000 0.000000 0.000000 0.000000 0.000000 0.000000 0.000000 0.000000 0.756633 0.000000 0.000000 0.000000 0.000000 0.000000 0.000000 0.000000 0.405267 0.452264 0.446986 0.408061 0.000000 0.000000 0.460797 0.601192 0.531749 0.418757 0.000000 0.000000 0.000000 0.379663 0.452334 0.557284 0.601924 0.597473 0.554269 0.503741 0.457956 0.413828 0.460615 0.591101 0.512932 0.000000 0.000000 0.000000 0.659041 0.000000 0.000000 0.000000 0.000000 0.000000 0.004000 0.000000 0.407003 0.761032 0.698383 0.615303 0.746016 0.675219 0.453319 0.382685 0.000000 0.827494 0.698699 0.893793 0.870488 0.850887 0.615551 0.589229 0.829269 0.792935 0.714773 0.527703 0.498527 0.620057 0.598266 0.614699 0.639609 0.764518 0.598216 0.725611 0.916834 0.843791 0.585713 0.506893 0.854511 1.042281 1.034172 0.938768 0.836403 0.988258 0.876080 0.930430 0.853220 0.609547 0.000000 0.000000 0.000000 0.000000 0.000000 0.000000 0.000000 0.000000 0.000000 0.000000 0.487193 0.748960 0.445823 0.000000 0.000000 0.453608 1.031810 0.411210 0.526661 0.453862 0.574846 0.723128 0.835806 0.896775 0.931367 1.032333 1.102517 0.888011 0.584962 0.601650 0.870206 0.666046 0.718787 0.733185 0.375105 0.302854 0.287334 0.707790 0.655016 0.695313 0.710087 0.720794 0.829973 0.777666 0.798878 0.762239 0.282987 0.252832 0.603200 0.759627 0.756693 1.059383 1.066358 0.937247 0.968241 0.929798 0.921668 0.742913 0.665835 0.501695 0.580992 0.681930 0.758894 0.863194 0.806571 0.819583 0.948370 0.910737 0.843415 1.109680 1.166119 1.118369 0.938387 0.730728 0.620294 0.871971 0.869609 0.767785 0.610671 0.677202 0.827259 0.800724 0.778042 1.039239 1.397707 1.550998 1.461924 1.257388 1.224106 0.983986 0.876202 0.890968 0.867321 0.980136 1.276909 1.083404 0.983079 0.540666 0.428795 0.911123 0.917537 0.900078 0.802416 0.820512 0.620609 0.851352 0.960470 0.995385 0.943725 0.910830 0.873439 0.810744 0.704113 0.634475 0.812732 0.947804 0.830914 0.701523 0.640604 0.829700 1.012670 1.101047 0.882160 0.877443 0.930539 0.946103 0.921542 0.866859 0.800443 0.759139 0.671635 1.006352 0.963266 0.767733 0.629701 0.555275 0.964719 0.898906 1.046544 1.195184 1.274205 1.254769 1.161855 1.265606 1.130267 0.836219 0.767421 0.653962 0.548877 0.618776 0.727288 0.226316 0.601096 0.667498 0.599450 0.563814 0.576917 0.603766 0.231998 0.779819 0.888800 0.906597 0.827359 0.713748 0.580872 0.433784 0.000000 0.000000 0.000000 0.000000 0.000000 0.000000 0.000000 0.000000 0.000000 0.000000 0.000000 0.000000 0.000000 0.000000 0.000000 0.000000 0.000000
0.000000 0.000000 0.000000 0.000000 0.000000 0.000000 0.000000 0.000000 0.000000 0.000000 0.000000 0.000000 0.896569 0.447140 0.000000 0.432417 0.000000 0.422352 0.624350 0.713065 0.653825 0.563534 0.500137 0.437728 0.468616 0.563365 0.638679 0.490919 0.389356 0.758677 0.698534 0.000000 0.505583 0.513333 0.527706 0.505667 0.473528 0.458039 0.431427 0.394945 0.000000 0.000000 0.000000 0.000000 0.395913 0.000000 0.000000 0.000000 0.000000 0.000000 0.000000 0.000000 0.000000 0.000000 0.000000 0.000000 0.000000 0.414498 0.000000 0.919970 0.510221 0.470630 0.467417 0.461652 0.424881 0.672937 0.866135 0.902785 0.922231 0.851988 0.730288 0.781821 0.826569 0.818772 0.739116 0.636846 0.587106 0.597002 0.553670 0.522662 0.687919 1.002218 1.306092 0.671393 0.571615 0.538196 0.583607 0.750278 0.910685 0.932697 0.805600 0.791620 0.738387 0.729283 0.722563 0.663657 0.535771 0.000000 0.000000 0.000000 0.000000 0.000000 0.000000 0.000000 0.000000 0.000000 0.000000 0.000000 0.000000 0.000000 0.000000 0.000000 0.000000 0.004000 0.000000 0.000000 0.000000 0.550809 0.661330 0.702759 0.705592 0.734034 0.766948 0.844776 0.818822 1.105966 0.849559 0.896934 0.872527 0.440246 0.437759 0.545232 0.197441 0.194834 0.726529 0.662802 0.641088 0.622092 0.594937 0.594925 0.714292 0.788030 0.845349 0.655582 0.340693 0.761222 0.778009 0.706432 0.828012 1.051603 0.697222 0.612159 0.549498 0.656609 0.588441 0.580864 0.565260 0.448233 0.492730 0.723702 0.976443 0.886649 0.886420 0.864851 0.842257 0.972043 1.047628 1.266277 1.256050 1.127551 1.018895 0.710161 0.569925 0.534168 0.534159 0.551220 0.786270 0.928734 0.843767 0.871790 0.860889 1.134953 1.314417 1.271539 1.366970 1.268528 1.032728 0.861252 0.740331 0.609736 0.881104 1.314577 1.314046 1.181512 0.588604 0.482059 1.008302 1.000519 0.942039 0.768601 0.676619 0.571184 0.679083 0.762673 0.775041 0.837741 0.795144 0.800656 0.747612 0.725589 0.660383 0.605035 0.649027 0.570742 0.424143 0.000000 0.606213 0.789412 0.825456 0.811911 0.896234 1.069274 1.089806 0.940356 0.965989 0.947025 0.905466 0.857386 0.896521 0.807935 0.742086 0.706481 0.722501 0.724230 1.090479 1.422039 1.373090 1.442783 1.439478 1.508509 1.317197 0.951281 1.000408 0.719993 0.623084 0.913350 0.938754 0.795039 0.406548 0.735914 0.979467 0.758265 0.733634 0.712539 0.309587 0.300940 0.791694 0.847842 0.852108 0.755607 0.647358 0.580894 0.432797 0.000000 0.000000 0.000000 0.000000 0.000000 0.000000 0.000000 0.000000 0.000000 0.000000 0.000000 0.000000 0.000000 0.000000 0.000000 0.000000 0.000000
0.000000 0.000000 0.000000 0.000000 0.000000 0.000000 0.000000 0.000000 0.000000 0.004000 0.490678 0.495972 0.657132 0.676351 0.708276 0.745000 0.731257 0.634785 0.614109 0.886225 0.843232 1.193216 0.813111 0.713048 0.750549 0.689329 0.680919 0.549331 0.000000 0.000000 0.000000 0.446523 0.000000 0.000000 0.000000 0.377153 0.389015 0.393856 0.000000 0.000000 0.000000 0.446167 0.571222 0.551278 0.570651 0.508561 0.453684 0.422762 0.390777 0.000000 0.000000 0.000000 0.000000 0.000000 0.412658 0.456049 0.422210 0.422072 0.489174 0.000000 0.000000 0.374000 0.385977 0.404543 0.395360 0.000000 0.000000 0.000000 0.000000 0.801140 0.637115 0.650054 0.695216 0.882230 0.991527 1.015381 0.983098 0.836613 0.793368 0.982343 0.707829 0.957009 0.969634 0.907026 0.773316 0.628949 0.568216 0.565297 0.695255 0.734786 0.722521 0.720055 0.808795 0.836952 0.831912 0.751142 0.618131 0.446769 0.000000 0.000000 0.000000 0.000000 0.000000 0.000000 0.000000 0.000000 0.000000 0.000000 0.000000 0.000000 0.000000 0.000000 0.000000 0.000000 0.000000 0.000000 0.004000 0.000000 0.622789 0.575832 0.525962 0.541563 0.833801 0.897032 0.910852 0.817425 0.827391 0.969502 0.907327 0.768983 0.789745 0.674823 0.181684 0.254133 0.451453 0.785554 0.747776 0.870905 0.651775 0.741984 0.704098 0.939915 0.736368 0.869230 0.813481 0.808862 0.659865 0.739799 0.756531 0.731050 0.629585 0.566352 0.510221 0.597560 0.734610 0.713142 0.550832 0.000000 0.398439 0.831965 0.999026 0.930028 0.979211 1.372364 1.456483 1.511154 1.434934 1.240295 1.243623 0.995492 1.052049 0.830794 0.735770 0.706708 0.693402 1.076130 1.055770 1.139589 1.167569 1.063386 1.175540 0.893164 1.032672 1.211545 1.292295 1.147928 1.029086 0.845371 0.685205 0.908551 1.122464 1.338574 1.423990 1.324880 0.696015 0.493153 0.894090 0.824414 0.862402 0.614712 0.703539 0.604721 0.632635 0.645274 0.928154 0.917252 0.933572 0.877283 0.886440 0.924831 0.805207 0.712078 0.641245 0.567571 0.765427 0.895391 0.762895 0.680258 0.823929 0.953440 1.048622 1.106886 1.091121 0.913987 1.083902 0.813006 0.806172 0.806989 0.761635 0.886200 0.981749 0.782169 0.666637 0.962750 1.226909 1.350221 1.626037 1.788828 1.825133 1.629345 1.365205 0.935510 0.766809 0.641307 0.728901 0.865762 0.839746 0.781818 0.788312 0.856353 0.402795 0.412401 0.305317 0.445033 0.469623 0.907347 0.653902 0.712845 0.712464 0.776173 0.712375 0.644396 0.547966 0.000000 0.000000 0.000000 0.000000 0.000000 0.000000 0.000000 0.000000 0.000000 0.000000 0.000000 0.000000 0.000000 0.000000 0.000000 0.000000 0.000000
0.000000 0.000000 0.000000 0.000000 0.004000 0.000000 0.556199 0.000000 0.516341 0.721026 0.874610 0.679522 0.626458 0.957925 0.717523 0.642429 0.640435 0.545203 0.831679 1.054867 1.023435 0.944435 0.859037 0.715420 0.660007 0.670116 0.644007 0.568782 0.510684 0.000000 0.000000 0.000000 0.000000 0.000000 0.000000 0.000000 0.000000 0.000000 0.000000 0.000000 0.657913 0.806101 0.880040 0.806339 0.714554 0.613399 0.537131 0.466951 0.410887 0.000000 0.000000 0.000000 0.000000 0.000000 0.484603 0.507792 0.466107 0.412209 0.000000 0.000000 0.000000 0.000000 0.000000 0.000000 0.000000 0.000000 0.000000 0.000000 0.000000 0.000000 0.004000 0.385527 1.081025 0.632960 0.822204 1.342036 0.942805 0.833206 1.343070 1.550577 0.771395 0.984190 1.143787 1.044276 0.906429 0.793004 0.700350 0.951390 0.887086 0.841883 0.687882 0.795014 0.867063 0.842636 0.751855 0.662575 0.601048 0.507237 0.000000 0.000000 0.000000 0.000000 0.000000 0.000000 0.000000 0.000000 0.000000 0.000000 0.000000 0.000000 0.000000 0.000000 0.000000 0.000000 0.000000 0.000000 0.000000 0.000000 0.000000 0.440959 0.789087 0.732119 0.946011 1.040972 0.864991 0.795632 0.846490 0.863895 0.859447 0.930736 0.944723 0.249701 0.339631 0.397876 0.446271 0.414551 0.449028 0.728036 0.673413 0.732924 0.771445 0.739342 0.739385 0.718659 0.851652 0.669014 0.795344 0.902642 0.818883 0.741733 0.611413 0.555970 0.135191 0.563346 0.842031 0.827832 0.686242 0.000000 0.450225 0.833516 1.044913 1.102423 1.322979 1.407899 1.560294 1.294504 1.214230 1.203371 0.999708 0.943329 0.931271 0.992877 0.838389 0.739543 0.731269 0.630403 1.057713 1.281718 1.392179 1.433838 1.316423 1.115516 1.238590 1.477727 1.203727 1.158723 1.015043 0.877280 0.806118 0.822456 0.874895 0.933075 1.097893 0.812940 0.563927 0.437740 0.488190 0.757887 0.832278 0.583459 0.659633 0.499801 0.544194 0.832404 1.157536 1.237695 1.223951 1.131584 1.011570 0.822098 0.895400 0.905454 0.833688 0.651261 0.746438 0.906418 0.809700 0.779076 0.867031 0.975923 1.048411 1.097777 1.025512 0.771600 0.684506 0.838203 0.923532 0.875037 0.799194 0.707861 0.721791 0.954585 0.871081 1.047833 1.219999 1.297145 1.354939 1.545808 1.328227 1.560602 1.046318 0.839874 0.692399 0.627848 0.817062 0.875253 0.874262 0.752127 1.016684 0.491909 0.239540 0.178128 0.270363 0.518798 0.864333 0.778895 0.854209 0.862119 0.768143 0.894987 0.812986 0.722149 0.612684 0.459073 0.000000 0.000000 0.000000 0.000000 0.000000 0.000000 0.000000 0.000000 0.000000 0.000000 0.000000 0.000000 0.000000 0.000000 0.000000 0.000000
0.000000 0.000000 0.000000 0.000000 0.000000 0.000000 0.000000 0.000000 0.000000 0.607922 0.668336 0.777656 1.028655 1.019280 0.964548 0.822828 0.737189 0.703189 0.850449 0.964732 0.971164 0.879277 0.802154 0.722147 0.678558 0.648865 0.575312 0.510448 0.453954 0.000000 0.000000 1.227894 0.000000 0.000000 0.000000 0.000000 0.000000 0.000000 0.000000 0.000000 1.249369 0.967487 1.011984 0.968587 0.936961 0.585985 0.434416 0.000000 0.000000 0.000000 0.000000 0.000000 0.000000 0.412645 0.398166 0.388549 0.000000 0.000000 0.000000 0.000000 0.000000 0.487149 0.484228 0.404686 0.000000 0.000000 0.000000 0.000000 0.000000 0.436834 0.463167 0.441602 0.000000 0.000000 0.000000 0.705928 0.762002 0.834036 0.674187 0.669599 0.670229 0.851065 0.980604 0.896630 0.865708 0.777222 0.740962 0.968550 1.024836 0.904750 0.717584 0.754699 0.809420 0.799681 0.714756 0.666673 0.644063 0.651729 0.642528 0.596498 0.492613 0.000000 0.000000 0.000000 0.000000 0.000000 0.000000 0.000000 0.000000 0.000000 0.000000 0.000000 0.000000 0.000000 0.000000 0.000000 0.000000 1.203901 0.000000 0.542566 0.751569 0.963119 1.081599 1.103494 1.019799 0.948896 0.846234 0.797182 0.733934 1.489130 0.797928 0.706607 0.767774 0.195027 0.331965 0.369971 0.382755 0.705203 0.660510 0.623079 0.622861 0.687207 0.699961 0.678495 0.730961 0.717271 0.972755 0.970084 0.861875 0.391536 0.205149 0.626755 0.656871 0.697642 0.727234 0.689121 0.787843 0.610753 0.591960 0.771467 0.878391 0.881394 0.977711 1.143724 1.148859 1.133262 1.241807 1.051926 0.660474 0.653523 0.919543 1.034173 0.995139 0.857015 0.793209 0.773579 0.876901 1.187270 1.351657 1.406802 1.446225 1.375016 1.763713 1.749068 1.550853 1.202945 1.068732 0.839413 0.961596 0.869801 0.815544 0.797688 0.743169 0.635775 0.497534 0.350789 0.749870 0.389031 0.817029 0.685641 0.601047 0.440506 0.807775 1.261918 1.083588 1.082995 1.093138 1.056203 0.920333 1.084290 1.198616 0.962135 0.738581 0.499293 0.636898 0.702282 0.692720 0.715280 0.770651 0.846056 0.900498 0.972561 0.890560 0.691933 0.861860 1.041076 1.016014 0.861795 0.803147 0.848361 0.861854 0.912705 0.963344 0.993029 1.190260 1.121894 0.912407 1.031375 1.347606 1.111745 0.448877 0.823827 0.734372 0.765300 0.994509 1.034637 0.987928 1.197510 1.139433 0.880951 0.584606 0.289013 0.239965 0.428516 0.946118 0.960625 0.987986 0.974377 0.894363 1.069983 0.859301 0.715374 0.626740 0.434980 0.000000 0.000000 0.000000 0.000000 0.000000 0.000000 0.000000 0.000000 0.000000 0.000000 0.000000 0.000000 0.000000 0.000000 0.000000 0.000000
0.000000 0.000000 0.000000 0.000000 0.000000 0.000000 0.000000 0.000000 0.000000 0.000000 0.757036 0.894903 1.650495 1.461224 1.136274 0.965235 0.821559 0.761986 0.658091 0.577806 0.706948 0.779217 0.806964 0.802785 0.727448 0.613106 0.524894 0.511982 0.615170 0.000000 0.000000 0.000000 0.000000 0.000000 0.000000 0.000000 0.000000 0.000000 0.000000 0.510333 0.975482 1.058091 0.964648 0.740581 0.574537 0.477071 0.000000 0.000000 0.000000 0.000000 0.422113 0.458319 0.436011 0.525900 0.649915 0.634251 0.593741 0.573794 0.439435 0.556521 0.518623 0.532940 0.553949 0.472480 0.404434 0.000000 0.000000 0.000000 0.000000 0.000000 0.522903 0.548340 0.501779 0.478782 0.000000 0.000000 0.878550 0.629623 0.491371 0.497666 0.575671 0.675098 0.744717 0.783341 0.894257 1.023716 0.751047 0.797038 0.771526 0.793282 0.688930 0.652049 0.634066 0.652075 0.663360 0.810652 0.611994 0.599027 0.636832 0.664604 0.685937 0.672298 0.573713 0.476375 0.611163 0.582214 0.446450 0.438721 0.447296 0.424430 0.000000 0.000000 0.000000 0.000000 0.178207 0.000000 0.000000 0.000000 0.000000 0.728862 0.733467 0.769372 0.942552 1.005202 0.991490 0.908807 0.812594 0.750490 0.812417 0.820565 0.942876 1.012778 0.721905 0.671874 0.799370 0.858793 0.797016 0.759949 0.695427 0.658028 0.619356 0.624520 0.708906 0.716143 0.927987 0.908671 0.526536 0.377679 0.425325 0.347603 0.703690 0.721537 0.760905 0.788264 0.733727 0.660641 0.842720 1.061210 0.661838 0.615182 0.645513 0.585774 0.443952 0.914640 1.141058 1.041775 0.958178 0.971521 1.035602 1.223232 1.203537 1.085420 1.099834 1.097739 1.062901 0.768523 0.932266 1.154921 1.307603 1.450675 1.597032 1.611216 1.809167 1.825163 1.629084 1.390645 1.227629 0.985120 0.905365 0.914602 0.870865 0.789349 0.750970 0.669763 0.323058 0.416788 0.446480 0.424394 0.680970 0.595727 0.649755 0.570281 0.678912 1.109359 1.004676 0.986067 0.971782 0.987693 1.099099 1.215651 1.216921 0.798629 0.645369 0.639820 0.762801 0.753147 0.767908 0.838043 0.672168 0.683012 0.781003 0.776380 0.733044 0.826618 0.970365 1.297831 0.990485 0.711539 0.273439 0.870978 0.917614 0.640754 0.968895 1.143739 1.139805 1.251889 1.190089 1.197957 1.128809 0.486915 0.479422 0.916102 0.965037 1.050504 1.283492 1.622153 1.670326 1.523667 1.507594 0.982555 0.580514 0.261965 0.473842 0.709530 1.049647 1.203702 1.176978 0.923981 1.182671 1.004400 0.838380 0.678431 0.580735 0.653462 0.000000 0.000000 0.000000 0.000000 0.000000 0.000000 0.000000 0.000000 0.000000 0.000000 0.000000 0.000000 0.000000 0.000000 0.000000 0.000000
0.000000 0.000000 0.000000 0.000000 0.000000 0.000000 0.000000 0.000000 0.000000 0.000000 0.581277 0.646737 1.626069 1.657092 1.387909 1.173260 1.015195 0.847787 0.727696 0.634377 0.604548 0.672198 0.685542 0.665512 0.547351 0.464417 0.916858 0.511965 0.385996 0.000000 0.000000 0.000000 0.000000 0.000000 0.000000 0.000000 0.000000 0.000000 0.000000 0.000000 0.698113 0.734806 0.620370 0.468291 0.000000 0.000000 0.000000 0.492727 0.486220 0.480401 0.630839 0.602237 0.515127 0.931019 1.032698 0.982827 0.814036 0.648590 0.592302 0.629563 0.627125 0.470449 0.000000 0.000000 0.000000 0.000000 0.000000 0.000000 0.000000 0.000000 0.000000 0.452419 0.426038 0.000000 0.000000 0.000000 0.451077 0.000000 0.000000 0.000000 0.000000 0.000000 0.000000 0.739773 1.055707 1.246047 1.210636 0.970322 0.724250 0.631556 0.580684 0.534559 0.494049 0.557768 0.477486 0.486713 0.475403 0.436756 0.490478 0.534012 0.584635 0.767191 0.732331 0.674995 0.687231 0.670252 0.620781 0.548869 0.635766 0.664760 0.591852 0.450283 0.000000 0.403260 0.511494 0.388088 0.309821 0.000000 0.000000 0.000000 0.000000 0.556232 0.725057 0.799201 0.802528 0.764619 0.759935 0.736941 0.723547 0.696414 0.936349 0.885648 0.683348 0.594967 0.717410 0.796901 0.772022 0.731884 0.730982 0.770272 0.744906 0.743487 0.796989 0.780809 1.330406 0.550386 0.394269 0.366000 0.559308 0.475301 0.759833 0.661179 0.586745 0.540101 0.577681 0.853465 0.569864 0.645291 0.743170 0.627303 0.618847 0.585000 0.589090 0.992706 1.344850 0.884965 0.474886 0.518179 0.983888 1.179722 1.163487 1.014965 0.959716 1.094381 0.940884 0.906363 0.951837 1.062633 1.177844 1.353054 1.622307 1.692033 1.959633 1.919355 1.703925 1.579504 1.321437 1.050333 1.010160 1.047075 0.934223 0.691932 0.731807 0.937199 0.976004 0.697013 0.593975 0.400022 0.749392 0.678882 0.589067 0.669164 0.638782 0.653506 0.667823 0.662201 0.729498 0.909314 1.004907 1.131900 1.104494 0.658634 0.703077 0.720252 0.831273 0.874668 0.877042 0.819504 0.778675 0.681596 0.632806 0.753922 0.886804 0.849562 0.839322 0.924037 0.818104 0.714165 0.713499 0.712202 0.803101 0.925179 1.089975 1.174048 1.290028 1.503482 1.348648 1.287135 1.160248 0.530827 0.483743 1.048903 1.224990 1.389042 1.492997 1.580837 1.628505 1.556072 1.435353 1.199520 0.458078 0.688267 1.309332 1.223603 1.009585 1.171151 1.206226 0.968780 1.040631 1.078871 1.054149 0.940055 0.779210 0.572789 0.555802 0.480180 0.571572 0.473848 0.000000 0.000000 0.000000 0.000000 0.000000 0.000000 0.000000 0.000000 0.000000 0.000000 0.000000 0.000000
0.000000 0.000000 0.000000 0.000000 0.000000 0.000000 0.000000 0.000000 0.000000 0.000000 0.000000 0.911929 1.010047 1.130051 1.298013 1.340641 1.149515 0.964710 0.788855 0.679312 0.691228 0.754895 0.773098 0.722877 0.577284 0.000000 0.268180 0.854377 0.524924 0.000000 0.000000 0.000000 0.000000 0.000000 0.000000 0.000000 0.000000 0.000000 0.000000 0.000000 0.000000 0.000000 0.000000 0.000000 0.000000 0.587474 0.771461 0.795379 0.643146 0.556091 0.571772 0.573593 0.628038 1.071486 1.170739 1.099033 0.905792 0.605448 0.487255 0.424679 0.413377 0.000000 0.000000 0.000000 0.000000 0.000000 0.000000 0.000000 0.000000 0.000000 0.000000 0.000000 0.000000 0.000000 0.000000 0.000000 0.000000 0.000000 0.004000 0.724000 0.000000 0.479430 0.516653 0.582482 0.872607 1.020827 0.970668 0.843207 0.714312 0.591477 0.549921 0.421003 0.405814 0.396526 0.442927 0.583808 0.451863 0.718330 0.652771 0.601713 0.532026 0.763180 0.697157 0.664872 0.642355 0.610150 0.581027 0.536174 0.498591 0.674801 0.641963 0.511798 0.436138 0.570795 0.655336 0.619821 0.544896 0.401133 0.385793 0.000000 0.000000 0.543917 0.726168 0.814545 0.788693 0.823345 0.815809 0.779475 0.747344 0.823140 0.886418 0.860462 0.761444 0.722792 0.315428 0.740421 0.687293 0.665351 0.654814 0.703713 0.951605 1.002452 1.014355 0.916367 0.991283 0.898634 0.834150 1.087624 0.726419 0.996012 0.927446 0.672223 0.761911 0.720597 0.566609 0.547894 0.538656 0.485396 0.845920 0.761819 0.737923 0.706360 0.673567 0.817912 0.982394 0.998012 0.409869 0.415680 1.072035 1.102754 1.037729 0.919794 1.104025 1.224038 1.005348 0.971144 1.010605 0.934108 1.050506 1.452737 1.606908 1.669326 1.778579 1.915662 1.738528 1.455008 1.157645 0.937859 1.076820 1.100159 0.942690 0.839535 0.908360 1.041552 0.883865 0.988476 0.576049 0.490717 0.821705 0.701910 0.661387 0.779476 0.746830 0.710649 0.715472 0.736342 0.716143 0.732794 0.817946 0.881669 0.775275 0.485159 0.763146 0.835700 1.001385 1.059129 1.086972 1.043081 0.969640 0.883016 0.665436 0.874626 0.939375 0.878355 0.773570 0.713484 0.656746 0.750522 0.566710 0.662709 0.576591 0.914670 1.325252 1.439362 1.544749 1.675134 1.703317 1.411326 1.106778 1.139889 0.946694 0.856052 1.022549 1.115505 1.086061 1.087220 1.051176 0.952472 0.766351 0.808337 0.971556 1.272169 1.488301 1.355541 1.591340 1.615983 1.558723 1.475392 1.349437 1.370062 1.361451 1.338867 0.864546 0.598315 0.552241 0.634022 0.626043 0.622513 0.685125 0.629313 0.528055 0.000000 0.000000 0.000000 0.000000 0.000000 0.000000 0.000000 0.000000 0.000000
0.000000 0.000000 0.000000 0.000000 0.000000 0.000000 0.000000 0.000000 0.000000 0.000000 0.000000 0.447927 0.662483 1.065333 1.319990 1.366407 1.144679 0.965938 0.755365 0.679326 0.765157 0.790714 0.696811 0.601300 0.415623 0.000000 0.000000 0.000000 0.437894 0.004000 0.814306 0.000000 0.000000 0.000000 0.000000 0.000000 0.000000 0.000000 0.000000 0.000000 0.000000 0.000000 0.000000 0.000000 0.475206 0.772365 0.925241 0.917045 0.833522 0.725230 0.738906 0.774329 0.775522 0.912944 0.961072 0.802732 0.637766 0.489326 0.000000 0.000000 0.000000 0.000000 0.000000 0.000000 0.000000 0.000000 0.000000 0.000000 0.000000 0.000000 0.000000 0.000000 0.000000 0.000000 0.000000 0.004000 0.000000 0.000000 0.000000 0.000000 0.000000 0.000000 0.000000 0.000000 0.571819 0.773062 0.787967 0.746704 0.781134 0.746870 0.663608 0.555438 0.468030 0.000000 0.000000 0.000000 0.000000 0.552899 0.514144 0.813495 0.712869 0.725559 0.769109 0.697294 0.641732 0.602545 0.559131 0.458180 0.430820 0.504852 0.510816 0.474292 0.497803 0.769814 0.855618 0.870543 0.838973 0.790773 0.722568 0.675302 0.611471 0.868919 0.884984 0.988114 0.937849 0.736606 0.757041 0.929834 0.948740 1.001497 1.266208 0.878056 0.783278 0.778027 0.678599 0.758693 0.756670 0.736985 0.306599 0.213446 0.340305 0.794714 0.781816 0.741787 0.838023 0.816026 0.958607 1.168107 0.938011 0.999035 0.719019 0.639260 0.596733 0.738796 0.713335 0.541618 0.697517 0.657959 0.695831 0.668827 0.648815 0.628448 0.607259 0.753749 0.819082 0.841091 0.646359 0.837602 0.956429 0.959540 0.855502 1.105824 1.303871 1.256982 1.142792 1.113216 0.855619 0.890766 0.965833 1.144507 1.340435 1.598045 1.651319 1.649094 1.511800 1.215457 0.934548 0.959866 1.145011 1.303869 1.196483 1.111065 0.940660 1.063003 1.040054 1.299988 0.769080 0.626160 0.503394 0.361579 0.739220 0.712077 0.872443 0.837569 0.854056 0.868771 0.714825 0.584327 0.438099 0.000000 0.000000 0.657755 0.801731 0.832811 1.102085 1.132420 1.190964 1.184965 1.086208 1.054783 1.133578 0.835103 0.829275 0.823407 0.746086 0.776787 0.849045 0.791621 0.723825 0.697407 1.060130 1.452249 1.669679 1.675534 1.559757 1.567484 1.428470 1.358134 1.368489 1.363663 0.733071 0.811045 0.933152 1.032289 0.879850 0.760529 1.156029 0.459935 0.414824 0.462351 0.963300 1.237660 1.628575 1.659161 1.818033 1.874570 1.820520 1.641068 1.564540 1.357060 1.568640 1.469382 0.791476 0.759239 0.603812 0.639895 0.628915 0.873909 0.856183 0.717167 0.567685 0.000000 0.000000 0.000000 0.000000 0.000000 0.000000 0.000000 0.000000 0.000000
0.000000 0.000000 0.000000 0.000000 0.000000 0.000000 0.000000 0.000000 0.000000 0.000000 0.309028 0.468958 0.849934 1.136166 1.198900 1.085270 0.985303 0.916626 0.845450 0.848485 0.689854 0.664574 0.689839 0.645118 0.519949 0.436581 0.418148 0.000000 0.000000 0.000000 0.000000 0.000000 0.523346 0.494561 0.595725 0.583326 0.504467 0.461235 0.414529 0.000000 0.000000 0.432897 0.484472 0.495847 0.778180 0.844439 1.016257 0.979967 0.856684 0.647145 0.911130 1.046960 0.873843 0.739989 0.686348 0.657811 0.571147 0.407282 0.400555 0.000000 0.000000 0.000000 0.000000 0.000000 0.000000 0.000000 0.000000 0.000000 0.000000 0.000000 0.000000 0.000000 0.000000 0.000000 0.308055 0.000000 0.415060 0.682727 0.680791 0.708792 0.655314 0.577091 0.511997 0.462788 0.576762 0.609815 0.658364 0.627996 0.806415 0.810162 0.795894 0.722785 0.573424 0.418271 0.000000 0.000000 0.000000 0.000000 0.000000 0.486177 0.669163 0.768526 0.825943 0.761519 0.654817 0.558879 0.505227 0.547989 0.654877 0.720534 0.770258 0.849384 0.947093 1.062254 1.065468 1.011445 0.989352 0.905716 0.890095 0.808444 0.661892 0.751460 0.423528 0.695284 0.533424 0.610012 0.622568 0.733397 0.954067 0.925411 0.866208 0.826178 0.831935 0.828894 0.870854 0.758126 0.819246 0.778013 0.261175 0.196164 0.190610 0.267766 0.867774 1.013112 0.793752 0.879712 0.874969 0.865777 0.798889 0.423914 0.347117 0.737926 0.667636 0.852423 0.772741 0.750559 0.821277 0.999076 0.781619 0.748667 0.776157 0.727349 0.662781 0.606220 0.674240 0.723726 0.698292 0.718335 0.886926 0.859804 1.030424 1.452973 1.375236 1.224478 1.102202 0.797560 0.877027 0.986302 1.076262 1.106922 1.200167 1.305365 1.358562 1.261904 1.258143 0.931501 0.994124 0.914506 1.219249 1.573891 1.538023 1.326720 1.203168 1.174349 1.117547 1.107260 0.951565 0.961719 0.903124 0.748972 0.826938 0.743855 0.716362 0.934579 0.882016 0.795498 0.659218 0.550345 0.507360 0.729640 0.752505 0.770749 0.842595 0.741858 1.002538 1.024199 1.101141 1.094621 1.179340 1.267185 1.172441 1.056246 1.042385 1.071775 0.995944 0.946487 0.942856 0.872603 0.762173 0.782930 1.064682 1.343107 1.488693 1.432267 1.104637 1.060023 1.165793 1.202943 1.358685 1.148166 1.308709 1.454346 1.222988 1.269885 0.938710 1.517760 1.493489 0.880705 0.846556 0.384906 0.829772 0.973217 1.152884 1.329974 1.511172 1.699986 1.659871 1.730251 1.596752 1.366503 1.248807 1.127666 0.583622 0.000000 0.624251 0.720916 0.742795 0.896874 0.859333 0.711635 0.477032 0.000000 0.000000 0.000000 0.000000 0.000000 0.000000 0.000000 0.000000 0.000000
0.000000 0.000000 0.000000 0.000000 0.000000 0.000000 0.000000 0.000000 0.000000 0.000000 0.536890 0.525466 0.998259 1.207971 1.199556 1.066984 0.954985 0.882284 0.865211 0.805822 0.726549 0.641755 0.561987 0.416246 0.000000 0.000000 0.000000 0.000000 0.000000 0.540415 0.588121 0.798775 0.848457 0.700963 0.650380 0.635975 0.582843 0.477378 0.000000 0.000000 0.000000 0.680385 0.750797 0.746711 0.882134 0.857130 0.717488 0.683035 0.662353 0.570572 0.594726 0.651996 0.662599 0.559001 0.655297 0.695337 0.610195 0.507744 0.488382 0.443926 0.387737 0.000000 0.000000 0.000000 0.000000 0.000000 0.000000 0.000000 0.000000 0.000000 0.000000 0.000000 0.000000 0.000000 0.750828 0.436795 0.469162 0.680340 0.751353 0.728355 0.675482 0.607372 0.547546 0.637407 0.763326 0.819753 0.788784 0.692019 0.772144 0.803108 0.849452 0.798296 0.657635 0.504632 0.455619 0.406608 0.000000 0.000000 0.000000 0.000000 0.480428 0.620538 0.847493 0.770985 0.803982 0.735019 0.732347 1.061379 0.985340 1.074521 1.082263 1.126233 1.132198 1.081082 0.998397 1.238247 0.888446 0.883728 0.856119 0.797594 0.741039 0.691757 0.269531 0.328501 0.666485 0.656551 0.624464 0.629547 0.757820 0.964423 0.970436 0.840500 0.753958 0.639415 0.321366 0.696157 0.321762 0.720869 0.171210 0.248503 0.311725 0.347291 0.775686 0.888393 0.809524 0.893366 1.008566 0.862539 0.791401 0.376443 0.394933 0.410298 0.758279 0.870970 0.795933 0.997008 1.214571 1.203929 0.850841 0.815332 0.854921 0.795186 0.717388 0.636907 0.664502 0.638837 0.751414 0.801844 0.772000 0.757832 1.048072 1.248622 0.946532 1.166826 0.405870 0.845992 1.043179 1.109299 1.128117 1.094767 1.110602 1.176217 1.244771 1.295539 0.973631 1.147648 1.299214 1.200767 1.464175 1.430694 1.573826 1.454004 1.351576 1.576559 1.363343 1.180609 1.036537 0.791653 0.789803 0.720346 0.935764 0.973057 0.871944 0.660071 0.726027 0.692305 0.593054 0.519546 0.654638 0.848210 0.856668 0.871449 0.736071 0.865307 1.182913 1.275097 1.094657 0.936061 1.095113 1.281016 1.255637 0.905056 1.056023 1.171023 1.107265 0.975773 0.904691 0.888221 0.856910 0.941085 0.888594 1.004085 1.057542 0.977768 1.073517 1.117519 1.205881 1.266227 1.188477 1.171319 1.272427 1.317589 1.473569 1.601807 1.495283 1.650941 1.612069 0.964846 0.965147 0.383675 0.437489 0.771126 0.898940 1.011210 1.190568 1.275440 1.451013 1.520370 1.395998 1.303606 1.205132 0.955587 0.698938 0.623338 0.557326 0.713054 0.703906 0.670806 0.561262 0.000000 0.434704 0.000000 0.000000 0.000000 0.000000 0.000000 0.000000 0.000000 0.000000 0.000000
0.000000 0.000000 0.000000 0.000000 0.000000 0.000000 0.000000 0.000000 0.000000 0.000000 0.152190 0.486667 0.897778 1.045481 1.129101 1.127707 1.050408 0.894319 0.907473 0.865774 0.797002 0.711823 0.622098 0.472174 0.000000 0.000000 0.000000 0.564968 0.793142 0.808421 0.788890 0.999954 0.935789 0.765069 0.525178 0.439114 0.463168 0.599396 0.536697 0.569851 0.546639 0.765717 0.840948 0.852703 0.776094 0.683805 0.609411 0.465948 0.000000 0.000000 0.000000 0.000000 0.000000 0.531640 0.798615 0.942790 0.758810 0.582882 0.538745 0.483494 0.736025 0.780495 0.691940 0.569695 0.519096 0.494024 0.436840 0.000000 0.000000 0.000000 0.000000 0.000000 0.000000 0.000000 0.392069 0.000000 0.000000 0.569577 0.767612 0.740344 0.668326 0.657876 0.766816 0.738803 0.845605 0.904160 0.851674 0.740896 0.683300 0.623601 0.540469 0.600213 0.630812 0.625174 0.591529 0.528242 0.467141 0.400800 0.000000 0.000000 0.000000 0.000000 0.600938 0.684937 0.730165 0.804610 0.880344 1.008914 1.077622 1.171495 1.145396 1.103732 1.022667 0.964252 0.902845 0.924040 0.880367 0.920180 0.935159 0.941604 0.872584 1.106816 0.839120 0.833731 0.748105 0.647944 0.684843 0.725841 0.713930 0.765344 0.718952 0.796537 0.694695 0.590775 0.201117 0.164050 0.195758 0.266289 0.214209 0.283001 0.370254 0.717287 0.777256 0.901004 0.828672 0.925608 0.953625 0.921866 0.548865 0.417297 0.493234 0.750104 0.726841 0.875063 1.017023 1.090232 1.047186 1.026281 0.808871 0.834572 0.888572 0.840632 0.788296 0.740217 0.808237 0.998363 0.911003 0.815678 0.877094 0.864710 0.854718 1.091259 0.867639 0.449730 0.292029 0.680776 1.187992 1.175648 1.065956 1.034824 1.058520 1.101174 1.066280 1.067369 1.031437 1.202779 1.321804 1.251356 1.471362 1.467327 1.364112 1.540907 1.415018 1.264107 1.231136 1.296794 1.164918 0.979287 0.943844 0.940589 0.838237 0.902212 0.694861 0.622604 0.532484 0.617802 0.555245 0.000000 0.535076 0.873691 0.878002 0.775929 1.009441 1.123850 1.224556 1.191602 0.985710 0.879044 1.047325 1.085231 1.250949 1.047740 1.149768 1.215085 1.175478 0.992918 0.891941 0.748272 0.729128 0.876321 0.909174 0.901293 0.875401 1.001654 1.119383 1.191095 1.226600 1.335589 1.346282 1.334014 1.389220 1.239625 1.248885 1.373833 1.473645 1.488277 1.533442 1.294907 1.116185 1.003484 0.891862 0.814449 0.830084 0.862639 1.007368 1.101951 1.302306 1.353144 1.296198 1.268409 1.226644 0.995946 0.791830 0.743523 0.682232 0.671903 0.641952 0.000000 0.000000 0.000000 0.000000 0.000000 0.000000 0.000000 0.000000 0.000000 0.000000 0.000000 0.000000 0.000000
0.000000 0.000000 0.000000 0.000000 0.000000 0.000000 0.000000 0.000000 0.000000 0.000000 0.000000 0.000000 0.162120 0.664743 0.893077 0.943282 0.898031 0.883687 0.945202 0.921885 0.821291 0.705020 0.610057 0.494483 0.418192 0.000000 0.893744 0.703687 0.913671 0.859979 0.768459 0.749724 0.564877 0.000000 0.000000 0.505021 0.489974 0.633160 0.688523 0.706464 0.708344 0.745498 0.719757 0.627512 0.587011 0.558347 0.417503 0.000000 0.000000 0.000000 0.000000 0.000000 0.000000 0.664373 0.942190 1.167107 0.913453 0.608069 0.550378 0.486747 0.955702 0.933232 0.803289 0.676306 0.595613 0.531353 0.453958 0.000000 0.000000 0.000000 0.000000 0.000000 0.000000 0.000000 0.000000 0.000000 0.000000 0.456179 0.681999 0.803628 0.879033 1.058847 0.996078 0.952512 0.930224 0.886785 0.817241 0.693157 0.602597 0.564011 0.611801 0.693023 0.752255 0.757254 0.737957 0.682250 0.607955 0.513607 0.420884 0.000000 0.000000 0.405774 0.676467 0.907400 0.973481 0.963138 0.954918 0.891340 0.891439 1.021161 0.961094 1.025920 1.018632 1.073556 1.010511 0.999874 1.117206 1.143784 1.070421 1.025675 1.002499 0.963988 0.964043 1.216288 0.740987 0.842122 1.061754 1.148361 1.073135 0.453489 0.336563 0.283892 0.661376 0.778003 0.937446 1.007673 0.784316 0.683705 1.226778 0.385016 0.638616 0.834477 0.941088 0.661575 0.647074 0.790931 0.874327 0.906754 0.837680 0.828121 0.726615 0.315556 0.728595 0.950967 1.009854 1.075921 1.043592 1.012173 0.783726 0.808611 0.869862 0.831638 0.779064 0.792644 0.841692 0.975445 0.874845 0.830687 0.931966 1.011402 1.028124 1.048458 0.792861 0.382225 0.388765 1.083766 1.241851 1.348565 1.224774 0.977726 0.969041 1.008254 0.981369 0.922337 1.014148 0.930796 1.101978 1.271452 1.430896 1.369485 1.296525 1.361262 1.166097 1.036271 1.062773 1.180565 1.086418 0.900129 0.741204 0.754450 0.754838 0.816503 0.820711 0.827385 0.743140 0.707569 0.628227 0.547810 0.555831 0.615173 0.794899 1.276885 1.364024 1.360810 1.317562 1.105667 0.895222 1.016747 0.875727 0.965109 0.866914 0.996189 1.052069 1.148893 1.074146 0.870519 0.857892 0.828430 0.810855 0.893563 0.971644 1.032139 0.985049 1.050889 1.205215 1.234570 1.224119 1.292538 1.327107 1.323462 1.369736 1.345822 1.239817 1.298071 1.252194 1.295177 1.376518 1.404205 1.339766 1.107087 1.001539 0.965235 0.782013 0.808854 1.077566 1.100653 1.185920 1.396962 1.325906 1.226548 1.164187 1.073734 0.885007 0.695716 0.567710 0.000000 0.000000 0.000000 0.000000 0.000000 0.000000 0.000000 0.000000 0.000000 0.509225 0.513024 0.000000 0.000000 0.000000 0.000000
0.000000 0.000000 0.000000 0.000000 0.000000 0.000000 0.000000 0.000000 0.000000 0.000000 0.000000 0.000000 0.000000 0.000000 0.000000 0.506013 0.694289 0.949221 0.972732 0.948925 1.006766 0.958379 0.822904 0.701245 0.591376 0.908187 0.458381 0.568954 0.654820 0.582885 0.435468 0.444432 0.000000 0.000000 0.000000 0.663837 0.677163 0.761906 0.726993 0.705911 0.832993 0.800704 0.652958 0.501005 0.000000 0.403798 0.000000 0.000000 0.000000 0.000000 0.000000 0.000000 0.450419 0.753016 1.102687 1.438185 1.068878 0.583607 0.528337 0.478173 0.507316 0.534205 0.518337 0.484715 0.445689 0.400728 0.000000 0.000000 0.000000 0.000000 0.000000 0.000000 0.000000 0.572597 0.583508 0.536232 0.541332 0.555204 0.643217 0.787718 0.841466 1.047285 1.125723 1.082446 1.003454 1.090861 0.853027 0.659980 0.586088 0.716401 0.830347 0.830409 0.836953 0.816738 0.801239 0.785072 0.703130 0.584423 0.479114 0.000000 0.000000 0.776999 0.626487 0.785594 1.114716 0.744548 0.788149 0.835466 0.870656 0.869817 0.899174 0.797445 0.827941 0.900762 0.907422 0.976621 0.996864 1.040848 0.981985 0.973211 0.982737 0.867173 0.864839 0.846734 0.668880 0.260676 0.319725 0.576806 0.564774 0.379971 0.320539 0.630978 0.587619 0.706953 0.706976 0.819528 0.854774 0.972174 1.216460 0.920954 0.864974 0.833531 0.792357 0.769510 0.644438 0.786868 0.703096 0.770204 0.777461 0.673288 0.533564 0.090715 0.460144 0.626437 0.861904 0.853676 0.834259 0.802378 0.916357 0.925802 0.979796 0.934811 0.666615 0.706267 0.925904 0.956509 0.902613 0.914956 1.044800 1.177736 1.131231 1.047229 0.755373 0.763424 0.406384 0.947566 1.030361 0.927475 0.798877 0.801774 0.844173 0.611655 0.740849 1.029640 0.959969 1.151882 1.002616 1.132741 0.895776 1.163962 1.105406 1.029824 0.837128 1.058491 1.073351 1.067640 1.054550 0.900660 0.689403 0.681688 0.839403 1.156549 1.194321 0.981548 0.741368 0.689665 0.633715 0.672383 0.933686 0.850820 1.138839 1.303124 1.347397 1.368790 1.302951 1.065319 0.939541 0.996038 1.042274 0.813152 1.017128 1.106616 1.174068 1.301733 1.240274 1.013922 0.916888 0.919797 0.954315 0.920366 1.300501 1.075860 0.685267 1.148147 1.324720 1.022975 1.274782 1.272453 1.333667 1.431899 1.548115 1.500175 1.437179 1.201261 1.113066 1.162118 1.297562 1.370499 1.307819 1.117285 0.989473 1.081886 0.859792 0.833576 0.855570 1.034780 1.108914 1.168094 1.265405 1.112708 1.064797 0.914384 0.754661 0.600365 0.503100 0.452098 0.000000 0.000000 0.000000 0.000000 0.000000 0.000000 0.000000 0.542024 0.661747 0.695162 0.453094 0.000000 0.000000 0.000000
0.000000 0.000000 0.000000 0.000000 0.000000 0.000000 0.000000 0.000000 0.000000 0.000000 0.000000 0.000000 0.000000 0.000000 0.476838 0.436476 0.713314 0.934941 1.011806 1.143820 1.316959 1.194255 1.072563 0.910347 0.750871 0.615490 0.488247 0.000000 0.000000 0.000000 0.000000 0.000000 0.000000 0.000000 0.423127 0.595967 0.810315 0.808200 0.770950 0.748384 0.689652 0.781144 0.628357 0.509798 0.423543 0.506075 0.000000 0.000000 0.000000 0.000000 0.000000 0.000000 0.591196 0.897551 1.403437 1.855043 0.967529 0.581751 0.550373 0.497719 0.566635 0.549206 0.526616 0.510538 0.481561 0.436912 0.000000 0.000000 0.000000 0.000000 0.000000 0.427126 0.758153 0.829181 0.828615 0.771325 0.688588 0.665857 0.639675 0.669958 0.788327 1.039698 1.089018 1.099863 1.034345 0.838260 0.764428 0.690464 0.707831 0.931794 0.924260 0.949821 0.871150 0.770115 0.708008 0.756311 0.679762 0.529178 0.417813 0.000000 0.000000 0.618937 0.527991 0.488909 0.544530 0.735190 0.686875 0.648399 0.724165 0.673357 0.663153 0.611104 0.645723 0.673608 0.881722 0.954084 0.730175 0.757622 0.702212 0.758150 0.923467 0.913024 0.857044 0.961437 0.736056 0.310339 0.340945 0.513297 0.882640 0.819378 0.791112 0.719705 0.627479 0.535091 0.554489 0.660695 0.865870 0.919609 0.844313 0.825949 0.947326 0.928313 0.807125 0.944152 0.758276 0.725899 0.648703 0.711427 0.668274 0.784537 0.580458 0.600014 0.741131 0.697827 0.636966 0.723332 1.000852 0.983516 0.919401 0.849493 0.952016 0.903761 0.753023 0.669448 0.906180 1.011056 0.994397 0.996579 1.110924 1.156758 1.116793 0.918447 1.007316 1.040051 0.951845 0.853338 0.754214 0.730163 0.706765 0.669677 0.672570 0.482999 0.970228 1.016683 1.020186 1.011350 0.993536 1.034075 1.053982 0.671763 0.637688 0.894741 1.018883 0.960831 1.067004 1.060148 0.969146 0.910924 0.802707 0.934154 1.047759 1.335796 1.357982 1.161146 1.078759 1.013403 0.712569 0.752215 1.019036 0.860102 1.241052 1.322596 1.273520 1.330219 1.217305 0.948141 0.688885 0.802600 0.927415 1.109499 1.242972 1.335349 1.213596 1.267840 1.233522 1.034492 1.118908 0.973469 0.949442 0.834353 1.207856 0.971546 0.556110 1.189169 1.378985 1.167917 1.333745 1.286291 1.356202 1.371998 1.453804 1.445854 1.355300 1.126807 1.211378 1.134090 1.150962 1.249733 1.334208 1.459838 1.576425 1.358289 1.356675 0.994710 0.895245 1.099780 1.458809 1.410356 1.259845 1.125777 0.985129 0.857308 0.744476 0.672348 0.619278 0.562350 0.510320 0.463314 0.000000 0.000000 0.000000 0.000000 0.532854 0.678614 0.766496 0.772388 0.544306 0.000000 0.000000 0.000000
0.000000 0.000000 0.000000 0.000000 0.000000 0.000000 0.000000 0.000000 0.000000 0.000000 0.000000 0.000000 0.000000 0.000000 0.894540 0.004000 0.558723 0.723202 0.913373 1.030053 1.226918 1.224749 1.158052 1.032603 0.864047 0.680897 0.496575 0.395558 0.000000 0.000000 0.211371 0.000000 0.000000 0.000000 0.342172 0.466429 0.959416 0.816274 0.757005 0.831473 0.680954 0.631002 0.563196 0.542543 0.534638 0.703377 0.730632 0.694607 0.631584 0.564672 0.506559 0.424535 0.561811 1.334245 2.012572 1.394062 0.776042 0.581911 0.532113 0.465675 0.435503 0.449371 0.444045 0.433123 0.412098 0.000000 0.000000 0.000000 0.386171 0.000000 0.000000 0.628942 0.854710 0.897467 0.886944 0.830410 0.737548 0.702175 0.687207 0.748639 0.887139 1.028531 0.907971 0.914855 0.835940 0.697527 0.695999 0.730004 0.790934 0.868327 0.937665 0.885731 0.823166 0.715435 0.594765 0.465366 0.383882 0.000000 0.000000 0.000000 0.446648 0.735667 0.602656 0.514794 0.000000 0.583049 0.574661 0.464697 0.000000 0.467024 0.480039 0.513462 1.299515 0.938592 0.813116 0.875504 0.718360 0.644364 0.609993 0.863398 0.880326 0.900763 0.862514 0.312952 0.317629 0.398062 0.419053 0.438795 0.842844 1.015723 0.784136 0.710004 0.280947 0.218795 0.548165 0.659389 0.660231 0.612273 0.892857 0.699051 0.792159 0.756629 0.789695 0.591964 0.559527 0.184972 0.163127 0.630078 0.677460 0.674125 0.633692 0.583886 0.533043 0.600969 0.418599 0.550358 0.854459 0.895901 0.898430 0.861428 0.873193 0.897971 0.829335 0.943729 0.889236 1.029662 0.942592 1.011530 1.117112 0.952008 0.965815 1.142429 1.255104 1.221779 1.080359 0.919936 0.843388 0.768835 0.736730 0.724380 0.991783 0.726952 0.880728 1.079503 1.339977 1.088067 0.941509 0.948435 1.181245 1.092964 0.824750 0.719476 0.710913 0.951673 0.972245 0.995892 1.118326 1.008510 0.904879 0.904158 1.027879 1.280649 1.276418 1.159360 1.055045 0.840579 0.745081 1.002083 1.019241 0.956514 0.889203 0.988302 0.963421 0.903079 0.740190 0.467414 0.427306 0.000000 0.838869 0.959981 1.055997 1.214703 1.043593 1.092515 1.031227 0.952939 0.927150 0.590396 1.115395 0.855431 0.891618 0.479136 0.508959 0.918092 1.401643 1.261223 1.084887 1.342107 1.323649 1.335269 1.498745 1.477825 1.360276 1.322775 1.338098 1.244835 1.122709 1.329556 1.484681 1.625991 1.764715 1.402246 1.509054 1.145488 1.226968 1.519271 1.790583 1.665717 1.433497 1.365101 1.193808 0.979038 0.884223 0.799775 0.669503 0.611899 0.559088 0.503913 0.435592 0.000000 0.000000 0.000000 0.607716 0.752743 0.828417 0.783590 0.562827 0.000000 0.000000 0.000000
0.000000 0.000000 0.000000 0.000000 0.000000 0.000000 0.000000 0.000000 0.000000 0.000000 0.000000 0.000000 0.000000 0.000000 0.000000 0.000000 0.004000 0.000000 0.592052 0.682277 0.709341 0.839810 0.896921 0.865230 0.781785 0.675852 0.530393 0.430470 0.000000 0.000000 0.000000 0.000000 0.004000 0.000000 0.000000 0.000000 0.414140 0.545643 0.583378 0.581791 0.566980 0.556530 0.443757 0.387644 0.000000 0.509648 0.566243 0.566200 0.531540 0.590284 0.489318 0.000000 0.550407 1.566166 1.837656 0.726405 0.614510 0.534876 0.452199 0.453568 0.458447 0.420609 0.390886 0.000000 0.000000 0.000000 0.000000 0.000000 0.571949 0.000000 0.000000 0.455897 0.579285 0.623610 0.606954 0.632774 0.606796 0.565414 0.802901 0.705637 0.759521 0.801343 0.678383 0.633578 0.616971 0.532871 0.731730 0.787503 0.783510 0.800219 0.867315 0.805067 0.701818 0.621943 0.600491 0.511677 0.465149 0.525255 0.563006 0.496404 0.553331 0.555585 0.567670 0.536438 0.433461 0.403151 0.000000 0.467098 0.000000 0.000000 0.467890 0.511933 0.445503 1.153951 0.806311 0.825941 0.851126 1.005040 0.756831 0.694623 0.913638 0.751410 0.867608 0.802615 0.382181 0.438697 0.386336 0.371167 0.446616 0.941402 0.883559 0.418370 0.267647 0.601977 0.598389 0.699988 0.686755 0.634099 0.747646 0.793256 0.777811 0.723208 0.640458 0.671795 0.550589 0.608400 0.500337 0.304150 0.388724 0.342190 0.649888 0.573060 0.548971 0.992212 0.944618 0.756738 0.703092 0.780700 0.933851 0.815956 0.688444 0.711970 0.910149 0.962009 0.994240 0.967740 0.984075 0.900563 0.822060 0.894124 1.076477 1.209507 1.210807 1.184185 1.093422 1.107931 1.008858 0.972204 0.901815 1.098139 1.109700 1.029422 1.027732 1.375237 1.544730 1.424899 1.039639 1.091613 1.233458 1.095657 0.998660 0.840539 1.012174 1.275943 1.362467 1.446753 1.293887 1.116053 0.967326 0.853050 0.807340 0.845455 1.012495 1.224023 1.238959 1.177527 1.039872 0.926865 0.867358 0.760667 0.609444 0.611014 0.592340 0.686359 0.536331 0.000000 0.439590 0.742754 0.936723 0.925841 0.882478 0.923030 0.977326 0.987394 0.921344 0.966839 0.865724 0.900261 0.637396 0.826750 0.392941 0.575604 0.514368 0.805072 1.081275 1.178795 1.234671 1.729603 1.720548 1.548761 1.610188 1.578330 1.477682 1.455850 1.430806 1.323637 1.344213 1.460122 1.444972 1.575339 1.636035 1.196050 1.164489 1.204628 1.349040 1.495471 1.769429 1.790176 1.624060 1.453715 1.260608 1.094847 0.973996 0.834883 0.707535 0.610252 0.545278 0.476795 0.000000 0.000000 0.000000 0.000000 0.598334 0.721074 0.787466 0.791900 0.580649 0.425464 0.000000 0.000000
0.000000 0.000000 0.000000 0.000000 0.000000 0.000000 0.000000 0.000000 0.000000 0.000000 0.000000 0.000000 0.000000 0.000000 0.000000 0.000000 0.000000 0.000000 0.000000 0.000000 0.460939 0.597462 0.687850 0.627028 0.590424 0.475275 0.542621 0.582933 0.540131 0.457268 0.000000 0.000000 0.004000 0.000000 0.424473 0.432372 0.000000 0.000000 0.000000 0.396248 0.419487 0.418986 0.481494 0.000000 0.000000 0.000000 0.000000 0.000000 0.000000 0.000000 0.000000 0.000000 0.000000 0.755763 1.402985 0.662977 0.579818 0.495056 0.509393 0.454565 0.432850 0.402107 0.000000 0.000000 0.000000 0.000000 0.000000 0.000000 0.000000 0.000000 0.000000 0.818157 0.000000 0.000000 0.000000 0.519170 0.000000 0.000000 0.732871 0.660840 0.533287 0.644140 0.654764 0.504229 0.465019 0.414131 0.617679 0.745719 0.830660 0.858073 0.913657 0.916057 0.859171 0.806783 0.703737 0.607345 0.515397 0.775045 0.822188 0.755827 0.579931 0.593987 0.679877 0.640552 0.547560 0.498523 0.554761 0.566739 0.535062 0.609778 0.647630 0.702823 0.762372 0.752329 0.865888 0.873848 0.769295 0.740728 0.885538 0.905871 0.908050 0.914706 0.715044 0.444183 0.825273 0.865327 0.751506 0.678474 0.703218 0.757297 0.705880 0.712761 0.768588 0.766578 0.861537 0.793954 0.823365 0.725242 0.720879 0.797819 0.803726 0.841635 1.270801 1.276048 0.724786 0.520228 0.552055 0.603757 0.690654 0.747944 0.875876 0.799825 0.846426 0.924704 0.938092 0.830024 0.834507 0.960769 1.052659 0.940849 0.777605 1.032708 1.115993 1.148373 1.074107 0.990559 0.948141 0.906689 0.724442 0.869745 0.880625 1.059922 1.028995 1.012886 1.047387 0.923132 0.869610 0.892641 0.893829 1.143173 1.194693 1.121628 1.065358 1.097206 0.967963 1.034402 1.009879 1.268980 1.314025 1.290667 1.000902 1.009761 1.127924 1.192109 1.428205 1.523412 1.291860 1.126920 0.935937 0.855454 0.691784 0.508853 1.020884 1.162164 1.162199 1.137239 1.114522 0.927965 0.729525 0.558974 0.439492 0.000000 0.000000 0.000000 0.000000 0.000000 0.542145 0.960248 1.090958 1.002298 0.761451 0.650183 0.422812 0.439508 0.739332 0.860900 0.942091 0.968634 0.911554 0.715241 0.845984 0.623649 1.038463 0.683755 0.755219 0.992497 1.403190 1.682420 1.760930 1.577243 1.594496 1.591716 1.575332 1.490450 1.424684 1.339797 1.464046 1.518131 1.546369 1.474176 1.415636 1.268657 1.081240 1.126978 1.230878 1.286703 1.561903 1.464308 1.447549 1.390615 1.192921 1.006287 0.845918 0.701777 0.601242 0.517999 0.444990 0.402304 0.000000 0.000000 0.000000 0.485561 0.604466 0.623774 0.627682 0.687914 0.545270 0.000000 0.000000 0.000000
0.000000 0.000000 0.000000 0.000000 0.000000 0.000000 0.000000 0.000000 0.000000 0.000000 0.000000 0.000000 0.000000 0.000000 0.000000 0.000000 0.000000 0.000000 0.000000 0.000000 0.217832 0.941737 0.918797 0.637891 0.519327 0.000000 0.000000 0.499089 0.506240 0.470674 0.409166 0.000000 0.000000 0.000000 0.000000 0.000000 0.000000 0.000000 0.000000 0.000000 0.000000 0.000000 0.000000 0.000000 0.000000 0.000000 0.000000 0.000000 0.000000 0.000000 0.000000 0.000000 0.000000 0.000000 0.538276 0.480607 0.578421 0.589533 0.539771 0.730466 0.000000 0.000000 0.000000 0.000000 0.000000 0.000000 0.000000 0.000000 0.000000 0.000000 0.000000 0.000000 0.000000 0.000000 0.000000 0.000000 0.000000 0.000000 0.522725 0.624960 0.634942 0.550565 0.669357 0.565483 0.508317 0.446478 0.381144 0.656028 0.812454 0.830967 0.840720 0.859365 0.822309 0.768521 0.770761 0.715943 0.627795 0.981745 0.972201 0.899555 0.660396 0.683101 0.838985 0.882882 0.887584 0.832283 0.755459 0.733487 0.777980 0.737136 0.874942 0.921748 0.972750 1.531854 0.832851 0.720388 0.535444 0.807335 0.886930 0.914553 0.738900 0.814921 0.791174 0.516834 0.496558 0.618314 0.338783 0.255635 0.251844 0.225823 0.185206 0.657345 0.809864 0.838659 0.975624 0.918686 0.877714 0.854405 0.849180 0.784634 0.746530 0.654799 0.604186 0.740882 0.683941 0.718824 0.906818 0.981117 0.734626 0.780320 0.948626 0.849404 0.794036 0.888717 0.868545 0.854868 0.845415 0.969366 1.079311 1.127434 1.139516 1.183860 1.232178 1.175803 1.108210 1.110405 1.025797 0.952743 0.679716 0.814741 0.821324 0.865084 0.834993 0.761937 0.682130 0.608487 0.672081 0.780246 0.822661 1.044090 1.156267 1.152121 0.936257 0.854155 0.817304 0.758131 0.698319 0.902341 1.166062 1.194111 1.011085 1.087359 1.095919 1.127302 1.217743 1.391099 1.355026 1.079536 0.836872 0.773461 0.627240 0.680010 0.890168 0.970299 0.888315 0.894597 0.827979 0.660570 0.527198 0.000000 0.523014 0.509145 0.000000 0.448553 0.000000 0.000000 0.000000 0.540057 0.838767 0.833129 0.658617 0.000000 0.000000 0.614715 0.960360 0.975411 0.887706 0.833050 0.800502 0.999373 1.034187 1.117308 1.084428 0.969886 0.462494 0.719186 1.182346 1.514825 1.677585 1.776137 1.542074 1.572078 1.603165 1.481594 1.419793 1.370122 1.542768 1.531772 1.505588 1.435705 1.454431 1.568137 1.207598 1.048682 1.254168 1.707136 1.708585 1.563590 1.306095 1.117852 0.858706 0.724434 0.685708 0.662146 0.604230 0.547770 0.490407 0.513187 0.000000 0.000000 0.000000 0.545244 0.628490 0.632140 0.641015 0.566908 0.444778 0.000000 0.000000 0.000000
0.000000 0.000000 0.000000 0.000000 0.000000 0.000000 0.000000 0.000000 0.000000 0.000000 0.000000 0.000000 0.000000 0.000000 0.000000 0.000000 0.000000 0.000000 0.000000 0.000000 1.382389 0.984134 1.117204 0.681892 0.432705 0.000000 0.000000 0.000000 0.000000 0.000000 0.000000 0.000000 0.000000 0.000000 0.000000 0.000000 0.000000 0.000000 0.000000 0.000000 0.000000 0.000000 0.000000 0.000000 0.000000 0.000000 0.000000 0.000000 0.000000 0.000000 0.000000 0.000000 0.004000 0.000000 0.000000 0.602964 0.697541 0.677611 0.597601 0.465460 0.000000 0.000000 0.000000 0.000000 0.000000 0.000000 0.000000 0.000000 0.000000 0.000000 0.000000 0.000000 0.000000 0.000000 0.000000 0.000000 0.000000 0.000000 0.411753 0.000000 0.000000 0.488631 0.513126 0.489038 0.433781 0.000000 0.466948 0.714031 0.814874 0.812775 0.945667 0.915863 0.904211 0.928253 0.892072 0.858668 0.758826 1.048968 0.962588 0.965607 0.776409 0.555358 0.859135 1.017387 1.070056 1.031692 0.922316 0.831146 0.770584 0.776026 0.832019 0.839300 0.877714 0.889365 0.848276 0.809832 0.714617 0.754612 1.028800 0.999764 0.994679 1.097581 1.161734 0.978765 0.991113 1.360449 0.840096 0.422294 0.273409 0.241577 0.610885 0.640638 0.903134 1.050758 0.973213 0.974554 0.946971 0.932675 0.896647 0.949771 0.902276 0.732579 0.680241 0.779228 0.746348 0.747278 0.743052 0.856553 0.978934 0.946561 0.999231 0.877419 0.750579 0.759808 0.777774 0.771339 0.647646 1.091946 1.172881 1.168196 1.166094 1.167851 1.012265 0.937889 1.043404 1.060308 1.011281 0.912204 0.776465 0.280881 0.509730 0.468910 0.610518 0.585785 0.531026 0.534236 0.636210 0.631985 0.723627 0.735198 1.000855 1.143521 0.922651 0.890749 0.855038 0.798563 0.804753 0.642519 0.583296 0.806158 0.879447 0.999386 0.987476 0.947575 0.990523 1.165975 1.195741 0.997662 0.765805 0.773445 0.692493 0.600225 0.654400 0.822136 0.878613 0.779742 0.596345 0.428140 0.000000 0.000000 0.602488 0.571023 0.453084 0.000000 0.000000 0.680234 0.000000 0.325151 0.760367 0.737194 0.531298 0.000000 0.000000 0.748228 0.949327 0.886041 0.689632 0.845912 1.154355 1.292994 1.456926 1.218521 0.977417 0.863490 0.818620 0.590263 0.999890 1.314083 1.701916 1.679682 1.515576 1.565678 1.670179 1.611305 1.493833 1.480369 1.521852 1.427588 1.303376 1.250328 1.105498 1.409692 1.284252 1.419586 1.769106 1.852628 1.825451 1.625834 1.253775 0.951503 0.832962 0.895639 0.841256 0.749302 0.664561 0.584922 0.514214 0.444876 0.000000 0.000000 0.000000 0.488499 0.485052 0.483240 0.558349 0.568872 0.000000 0.000000 0.000000 0.000000
0.000000 0.000000 0.000000 0.000000 0.000000 0.000000 0.000000 0.000000 0.000000 0.000000 0.000000 0.000000 0.000000 0.000000 0.000000 0.000000 0.000000 0.000000 0.000000 0.840868 1.351069 1.007492 0.983235 0.854472 0.466204 0.000000 0.000000 0.000000 0.000000 0.000000 0.000000 0.000000 0.000000 0.000000 0.000000 0.000000 0.000000 0.000000 0.000000 0.000000 0.000000 0.000000 0.000000 0.000000 0.000000 0.000000 0.000000 0.000000 0.000000 0.000000 0.000000 0.000000 0.000000 0.000000 0.004000 0.652410 0.000000 0.000000 0.000000 0.000000 0.000000 0.000000 0.000000 0.000000 0.000000 0.000000 0.000000 0.000000 0.000000 0.000000 0.000000 0.000000 0.000000 0.000000 0.000000 0.000000 0.000000 0.000000 0.497022 0.000000 0.000000 0.000000 0.502598 0.498352 0.439588 0.000000 0.463422 0.666185 0.737499 0.788309 0.960171 1.062807 0.964472 0.887953 0.828745 0.779123 0.837811 0.986726 0.579729 0.490438 0.437092 0.487056 0.551529 0.664244 0.815905 0.844810 0.919741 0.765628 0.711845 0.649403 0.620245 0.578893 0.588317 0.635763 0.655411 0.712876 0.723699 0.663693 0.893599 0.929828 1.059307 1.184335 1.223233 0.964157 0.931561 1.041937 0.656708 0.745988 0.609186 0.857433 0.888078 1.021661 1.142455 0.903907 0.864643 0.863200 0.868957 0.683608 0.803825 0.865433 1.303067 0.758488 0.632891 0.714914 0.811607 0.648629 0.582145 0.713240 0.859226 1.001894 0.955823 0.871388 0.737321 0.560452 0.610541 0.863079 0.678373 0.878806 0.913239 0.969420 1.023453 0.841506 0.899996 0.839924 0.748487 0.923150 0.891537 0.796458 0.656441 0.642638 0.640151 0.492910 0.516948 0.417173 0.580046 0.698626 0.753912 0.726765 0.678144 0.750982 0.871272 0.935270 0.815422 1.103199 1.133767 1.008269 0.682686 0.585198 0.531962 0.528443 0.895684 1.007349 0.953193 0.730836 0.851237 0.824283 0.920720 0.785902 0.591485 0.529686 0.492416 0.445513 0.429710 0.939046 1.015755 0.885394 0.555505 0.000000 0.000000 0.502168 0.619687 0.569542 0.428370 1.015802 0.513418 0.000000 0.000000 0.000000 0.460094 0.000000 0.000000 0.000000 0.000000 0.616063 0.677524 0.432069 0.000000 0.834172 1.151437 1.437886 1.549541 1.440088 1.192266 0.939459 0.833701 0.812878 0.940797 1.192159 1.475843 1.587428 1.514976 1.656047 1.836275 1.640007 1.494895 1.416045 1.347695 1.183853 1.017005 1.045896 1.243762 1.347366 1.434656 1.442380 1.622081 1.717571 1.644659 1.359210 1.089521 0.874387 0.956302 0.952995 0.817539 0.700270 0.605482 0.510880 0.426358 0.000000 0.000000 0.000000 0.000000 0.379302 0.000000 0.000000 0.000000 0.000000 0.000000 0.000000 0.000000 0.000000
0.000000 0.000000 0.000000 0.000000 0.000000 0.000000 0.000000 0.000000 0.000000 0.000000 0.000000 0.000000 0.000000 0.000000 0.000000 0.000000 0.000000 0.000000 0.000000 0.000000 0.000000 0.000000 0.000000 0.000000 0.000000 0.000000 0.000000 0.000000 0.000000 0.000000 0.000000 0.000000 0.000000 0.000000 0.000000 0.000000 0.000000 0.000000 0.000000 0.000000 0.000000 0.000000 0.000000 0.000000 0.000000 0.000000 0.000000 0.000000 0.000000 0.000000 0.000000 0.000000 0.000000 0.000000 0.000000 0.000000 0.000000 0.000000 0.000000 0.000000 0.000000 0.000000 0.000000 0.000000 0.000000 0.000000 0.000000 0.000000 0.000000 0.000000 0.000000 0.000000 0.000000 0.000000 0.000000 0.000000 0.000000 0.000000 0.000000 0.000000 0.000000 0.000000 0.550607 0.618589 0.602436 0.508925 0.407177 0.424723 0.461576 0.599837 0.779686 0.891501 0.840643 0.764331 0.682813 0.611586 0.679082 0.683417 0.588102 0.500749 0.420380 0.376962 0.373194 0.000000 0.420705 0.489755 0.560848 0.651782 0.602682 0.501113 0.456774 0.416307 0.000000 0.000000 0.000000 0.000000 0.471687 0.464665 0.000000 0.550531 0.786111 0.987837 0.960818 0.914344 0.713121 0.599645 0.639327 0.520953 0.651946 0.799332 0.910700 0.958965 0.953769 0.905629 0.858614 0.763255 0.797498 0.743149 0.674044 0.486485 0.890935 0.783528 0.723801 0.561945 0.554362 0.468678 0.462527 0.624061 0.746319 0.880476 1.018696 0.934708 0.852494 0.747235 0.647343 0.557126 0.502603 0.568459 0.623242 0.726207 0.818390 0.924865 1.035858 0.927109 0.801838 0.735065 0.675740 0.469181 0.000000 0.486146 0.613097 0.686431 0.677944 0.706011 0.640527 0.742130 0.678660 0.708686 0.659141 0.612257 0.650756 0.728627 0.853221 0.874659 0.825543 0.786262 0.580978 0.676858 0.617151 0.556319 0.724862 0.819635 0.756755 0.617535 0.710614 0.749570 0.641256 0.713572 0.939344 0.911010 0.856013 0.649652 0.466835 0.912651 1.046449 0.963887 0.732588 0.000000 0.000000 0.478097 0.616359 0.470838 0.419536 0.488809 0.000000 0.000000 0.000000 0.000000 0.000000 0.000000 0.000000 0.000000 0.000000 0.000000 0.431628 0.000000 0.000000 0.697515 1.021655 1.247874 1.369663 1.179050 0.999860 0.861576 0.728370 0.462580 0.580052 0.849299 1.135332 1.260540 1.257719 1.486893 1.609664 1.697522 1.450086 1.243759 1.029696 0.842686 0.656299 0.896421 1.184714 1.223097 1.172576 1.295065 1.402520 1.486572 1.340417 1.026182 0.854974 0.904797 0.917017 0.856899 0.692455 0.554038 0.000000 0.000000 0.000000 0.000000 0.000000 0.000000 0.000000 0.000000 0.000000 0.000000 0.000000 0.000000 0.000000 0.000000 0.000000 0.000000
0.000000 0.000000 0.000000 0.000000 0.000000 0.000000 0.000000 0.000000 0.000000 0.000000 0.000000 0.000000 0.000000 0.000000 0.000000 0.000000 0.000000 0.000000 0.000000 0.000000 0.000000 0.000000 0.000000 0.000000 0.000000 0.000000 0.000000 0.000000 0.000000 0.000000 0.000000 0.000000 0.000000 0.000000 0.000000 0.000000 0.000000 0.000000 0.000000 0.000000 0.000000 0.000000 0.000000 0.000000 0.000000 0.000000 0.000000 0.000000 0.000000 0.000000 0.000000 0.000000 0.000000 0.000000 0.000000 0.000000 0.000000 0.000000 0.000000 0.000000 0.000000 0.000000 0.000000 0.000000 0.000000 0.000000 0.000000 0.000000 0.000000 0.000000 0.000000 0.000000 0.000000 0.000000 0.000000 0.000000 0.000000 0.000000 0.000000 0.000000 0.000000 0.000000 0.000000 0.486276 0.485059 0.411463 0.000000 0.000000 0.000000 0.000000 0.462646 0.586283 0.622321 0.608683 0.552435 0.406220 0.468394 0.510717 0.476137 0.415568 0.000000 0.000000 0.000000 0.000000 0.000000 0.000000 0.000000 0.416877 0.448474 0.404297 0.000000 0.000000 0.000000 0.000000 0.000000 0.000000 0.000000 0.000000 0.000000 0.000000 0.442327 0.469811 0.557707 0.615503 0.614832 0.566680 0.439726 0.000000 0.514210 0.693985 0.757134 0.808313 0.797080 0.755985 0.701787 0.622645 0.572256 0.517229 0.464939 0.434771 0.534507 0.414234 0.000000 0.000000 0.000000 0.000000 0.000000 0.000000 0.499655 0.734915 0.877289 0.830203 0.760328 0.674249 0.570333 0.486120 0.534221 0.459254 0.000000 0.502246 0.616460 0.689387 0.732228 0.677122 0.594579 0.567079 0.519635 0.441692 0.000000 0.000000 0.483086 0.623659 0.615936 0.586734 0.674258 0.628030 0.642699 0.640186 0.609117 0.584585 0.545435 0.542224 0.608018 0.680228 0.725200 0.688096 0.632070 0.557605 0.558768 0.591682 0.630500 0.668038 0.655830 0.630933 0.734879 0.758374 0.668743 0.786746 1.056489 1.039883 0.872187 0.675563 0.491779 0.710796 0.854530 0.818880 0.646260 0.000000 0.000000 0.000000 0.000000 0.000000 0.000000 0.000000 0.000000 0.000000 0.000000 0.000000 0.000000 0.000000 0.000000 0.000000 0.000000 0.000000 0.000000 0.000000 0.000000 0.537477 0.746324 0.892240 0.924051 0.888532 0.846087 0.759547 0.571087 0.826995 0.824227 0.851050 0.854844 0.932851 0.884369 1.121483 1.280025 1.340269 1.288356 1.077617 0.860336 0.783314 0.920825 0.877795 0.827507 0.937664 0.948002 1.041537 1.076911 1.132026 0.960893 0.763609 0.899668 0.912756 0.805571 0.610753 0.611567 0.609060 0.586352 0.512459 0.465175 0.000000 0.000000 0.000000 0.000000 0.000000 0.000000 0.000000 0.000000 0.000000 0.000000 0.000000 0.000000 0.000000
0.000000 0.000000 0.000000 0.000000 0.000000 0.000000 0.000000 0.000000 0.000000 0.000000 0.000000 0.000000 0.000000 0.000000 0.000000 0.000000 0.000000 0.000000 0.000000 0.000000 0.000000 0.000000 0.000000 0.000000 0.000000 0.000000 0.000000 0.000000 0.000000 0.000000 0.000000 0.000000 0.000000 0.000000 0.000000 0.000000 0.000000 0.000000 0.000000 0.000000 0.000000 0.000000 0.000000 0.000000 0.000000 0.000000 0.000000 0.000000 0.000000 0.000000 0.000000 0.000000 0.000000 0.000000 0.000000 0.000000 0.000000 0.000000 0.000000 0.000000 0.000000 0.000000 0.000000 0.000000 0.000000 0.000000 0.000000 0.000000 0.000000 0.000000 0.000000 0.000000 0.000000 0.000000 0.000000 0.000000 0.000000 0.000000 0.000000 0.000000 0.000000 0.000000 0.000000 0.000000 0.000000 0.000000 0.000000 0.000000 0.000000 0.000000 0.000000 0.000000 0.000000 0.000000 0.000000 0.000000 0.000000 0.000000 0.000000 0.000000 0.000000 0.000000 0.000000 0.000000 0.000000 0.000000 0.000000 0.000000 0.000000 0.000000 0.000000 0.000000 0.000000 0.000000 0.000000 0.000000 0.000000 0.000000 0.000000 0.000000 0.000000 0.000000 0.000000 0.000000 0.000000 0.000000 0.000000 0.000000 0.000000 0.420661 0.512838 0.560660 0.553247 0.514654 0.478813 0.452764 0.421552 0.000000 0.000000 0.000000 0.000000 0.000000 0.000000 0.000000 0.000000 0.000000 0.000000 0.000000 0.000000 0.427993 0.573013 0.588971 0.548205 0.489336 0.000000 0.000000 0.000000 0.000000 0.000000 0.435973 0.538188 0.552397 0.565052 0.565217 0.551143 0.453208 0.418784 0.000000 0.000000 0.000000 0.493973 0.619142 0.642958 0.652777 0.665693 0.563811 0.544563 0.563281 0.554535 0.536844 0.491119 0.505699 0.415479 0.465902 0.488540 0.000000 0.000000 0.000000 0.424208 0.533449 0.666948 0.691713 0.703566 0.693782 0.722284 0.677290 0.602330 0.710752 0.965452 0.982278 0.829117 0.586719 0.437534 0.513308 0.612407 0.601917 0.491673 0.000000 0.000000 0.000000 0.000000 0.000000 0.000000 0.000000 0.000000 0.000000 0.000000 0.000000 0.000000 0.000000 0.000000 0.000000 0.000000 0.000000 0.000000 0.000000 0.000000 0.000000 0.467512 0.542975 0.671188 0.699994 0.674153 0.665617 0.630670 0.761630 0.791040 0.797499 0.803500 0.885686 0.933521 1.118775 1.302038 1.137762 1.186329 0.990699 0.846131 0.823600 0.814939 0.797163 0.796944 0.795174 0.857497 0.896189 0.870531 0.859290 0.797169 0.800402 0.835399 0.849539 0.772498 0.706277 0.708388 0.700113 0.676809 0.598514 0.604039 0.558275 0.447125 0.444305 0.000000 0.000000 0.000000 0.000000 0.000000 0.000000 0.000000 0.000000 0.000000 0.000000
0.000000 0.000000 0.000000 0.000000 0.000000 0.000000 0.000000 0.000000 0.000000 0.000000 0.000000 0.000000 0.000000 0.000000 0.000000 0.000000 0.000000 0.000000 0.000000 0.000000 0.000000 0.000000 0.000000 0.000000 0.000000 0.000000 0.000000 0.000000 0.000000 0.000000 0.000000 0.000000 0.000000 0.000000 0.000000 0.000000 0.000000 0.000000 0.000000 0.000000 0.000000 0.000000 0.000000 0.000000 0.000000 0.000000 0.000000 0.000000 0.000000 0.000000 0.000000 0.000000 0.000000 0.000000 0.000000 0.000000 0.000000 0.000000 0.000000 0.000000 0.000000 0.000000 0.000000 0.000000 0.000000 0.000000 0.000000 0.000000 0.000000 0.000000 0.000000 0.000000 0.000000 0.000000 0.000000 0.000000 0.000000 0.000000 0.000000 0.000000 0.000000 0.000000 0.000000 0.000000 0.000000 0.000000 0.000000 0.000000 0.000000 0.000000 0.000000 0.000000 0.000000 0.000000 0.000000 0.000000 0.000000 0.000000 0.000000 0.000000 0.000000 0.000000 0.000000 0.000000 0.000000 0.000000 0.000000 0.000000 0.000000 0.000000 0.000000 0.000000 0.000000 0.000000 0.000000 0.000000 0.000000 0.000000 0.000000 0.000000 0.000000 0.000000 0.000000 0.000000 0.000000 0.000000 0.000000 0.000000 0.000000 0.000000 0.000000 0.000000 0.000000 0.000000 0.000000 0.000000 0.000000 0.000000 0.000000 0.000000 0.000000 0.000000 0.000000 0.000000 0.000000 0.000000 0.000000 0.000000 0.000000 0.000000 0.000000 0.000000 0.000000 0.000000 0.000000 0.429656 0.454259 0.461442 0.459530 0.449102 0.401250 0.000000 0.000000 0.000000 0.000000 0.000000 0.000000 0.000000 0.000000 0.000000 0.564656 0.597813 0.620211 0.635372 0.628378 0.588429 0.553389 0.561738 0.551405 0.529072 0.468302 0.399578 0.420043 0.000000 0.000000 0.000000 0.000000 0.000000 0.000000 0.485110 0.604279 0.627974 0.641670 0.639473 0.638493 0.571572 0.494694 0.580816 0.764783 0.797009 0.679394 0.467542 0.000000 0.000000 0.400125 0.000000 0.000000 0.000000 0.000000 0.000000 0.000000 0.000000 0.000000 0.000000 0.000000 0.000000 0.000000 0.000000 0.000000 0.000000 0.000000 0.000000 0.000000 0.000000 0.000000 0.000000 0.000000 0.000000 0.000000 0.000000 0.000000 0.000000 0.000000 0.000000 0.490495 0.571958 0.590746 0.591430 0.573675 0.702029 0.844641 0.883881 0.951823 0.963193 0.837190 0.660747 0.550144 0.443628 0.448418 0.549465 0.689505 0.707325 0.715598 0.703649 0.680640 0.616737 0.644795 0.726211 0.772082 0.795291 0.754303 0.744028 0.742191 0.729150 0.694898 0.673835 0.645381 0.603282 0.503370 0.497897 0.462317 0.441708 0.000000 0.000000 0.000000 0.000000 0.000000 0.000000 0.000000 0.000000
0.000000 0.000000 0.000000 0.000000 0.000000 0.000000 0.000000 0.000000 0.000000 0.000000 0.000000 0.000000 0.000000 0.000000 0.000000 0.000000 0.448499 0.456055 0.441394 0.000000 0.000000 0.000000 0.000000 0.000000 0.000000 0.000000 0.000000 0.000000 0.000000 0.000000 0.000000 0.000000 0.000000 0.000000 0.000000 0.000000 0.000000 0.000000 0.000000 0.000000 0.000000 0.000000 0.000000 0.000000 0.000000 0.000000 0.000000 0.000000 0.000000 0.000000 0.000000 0.000000 0.000000 0.000000 0.000000 0.000000 0.000000 0.000000 0.000000 0.000000 0.000000 0.000000 0.000000 0.000000 0.000000 0.000000 0.000000 0.000000 0.000000 0.000000 0.000000 0.000000 0.000000 0.000000 0.000000 0.000000 0.000000 0.000000 0.000000 0.000000 0.000000 0.000000 0.000000 0.000000 0.000000 0.000000 0.000000 0.000000 0.000000 0.000000 0.000000 0.000000 0.000000 0.000000 0.000000 0.000000 0.000000 0.000000 0.000000 0.000000 0.000000 0.000000 0.000000 0.000000 0.000000 0.000000 0.000000 0.000000 0.000000 0.000000 0.000000 0.000000 0.000000 0.000000 0.000000 0.000000 0.000000 0.000000 0.000000 0.000000 0.000000 0.000000 0.000000 0.000000 0.000000 0.000000 0.000000 0.000000 0.000000 0.000000 0.000000 0.000000 0.000000 0.000000 0.000000 0.000000 0.000000 0.000000 0.000000 0.000000 0.455074 0.468616 0.474268 0.469329 0.457084 0.516981 0.532037 0.536736 0.531814 0.516668 0.453017 0.000000 0.000000 0.000000 0.407301 0.482998 0.500239 0.505967 0.503443 0.491452 0.433849 0.000000 0.243833 0.000000 0.000000 0.000000 0.000000 0.000000 0.000000 0.000000 0.468855 0.495799 0.505023 0.500910 0.482109 0.441408 0.457302 0.462083 0.458336 0.444023 0.445252 0.462670 0.477983 0.461539 0.456185 0.000000 0.000000 0.000000 0.470093 0.464619 0.555157 0.569037 0.572478 0.567951 0.552082 0.465964 0.000000 0.000000 0.000000 0.000000 0.000000 0.000000 0.000000 0.000000 0.000000 0.000000 0.000000 0.000000 0.000000 0.000000 0.000000 0.000000 0.000000 0.000000 0.000000 0.000000 0.000000 0.000000 0.000000 0.000000 0.000000 0.000000 0.000000 0.000000 0.000000 0.000000 0.000000 0.000000 0.000000 0.000000 0.000000 0.000000 0.000000 0.441739 0.535382 0.632821 0.657549 0.665457 0.659855 0.685389 0.809174 0.834783 0.835128 0.814736 0.763444 0.562405 0.441728 0.426919 0.406905 0.345286 0.593406 0.639158 0.655209 0.655967 0.622961 0.508331 0.530388 0.634997 0.673538 0.680820 0.670535 0.686902 0.691489 0.686485 0.669575 0.667392 0.638277 0.594507 0.524803 0.518240 0.483596 0.459896 0.431420 0.000000 0.000000 0.000000 0.000000 0.000000 0.000000 0.000000
